:Data_list: 20250304_ace_mag_1m.txt
:Created: 2025 Mar 05 0011 UT
# Prepared by the U.S. Dept. of Commerce, NOAA, Space Weather Prediction Center
# Please send comments and suggestions to SWPC.Webmaster@noaa.gov 
# 
# Magnetometer values are in GSM coordinates.
# 
# Units: Bx, By, Bz, Bt in nT
# Units: Latitude  degrees +/-  90.0
# Units: Longitude degrees 0.0 - 360.0
# Status(S): 0 = nominal data, 1 to 8 = bad data record, 9 = no data
# Missing data values: -999.9
# Source: ACE Satellite - Magnetometer
#
#              1-minute averaged Real-time Interplanetary Magnetic Field Values 
# 
#                 Modified Seconds
# UT Date   Time  Julian   of the   ----------------  GSM Coordinates ---------------
# YR MO DA  HHMM    Day      Day    S     Bx      By      Bz      Bt     Lat.   Long.
#------------------------------------------------------------------------------------
2025 03 04  0000   60738       0    0    -0.6     3.9     4.4     5.9    48.7    98.8
2025 03 04  0001   60738      60    0    -0.1     4.5     3.5     5.7    38.4    91.5
2025 03 04  0002   60738     120    0     1.0     5.2     2.0     5.6    20.8    78.5
2025 03 04  0003   60738     180    0     1.5     5.0     1.6     5.5    17.2    72.8
2025 03 04  0004   60738     240    0     0.9     5.0     1.7     5.4    18.2    79.7
2025 03 04  0005   60738     300    0     0.1     5.0     2.5     5.6    26.7    88.6
2025 03 04  0006   60738     360    0    -0.4     4.7     2.6     5.4    28.7    95.3
2025 03 04  0007   60738     420    0    -1.5     4.0     3.1     5.3    35.7   109.8
2025 03 04  0008   60738     480    0    -0.0     5.0     2.5     5.6    27.1    90.1
2025 03 04  0009   60738     540    0     0.9     5.3     1.5     5.5    15.3    80.8
2025 03 04  0010   60738     600    0     1.4     5.3     1.1     5.6    11.0    75.6
2025 03 04  0011   60738     660    0     0.6     5.7     1.2     5.9    11.7    83.6
2025 03 04  0012   60738     720    0     0.4     5.8     1.1     5.9    10.8    86.2
2025 03 04  0013   60738     780    0     0.5     6.2     0.7     6.2     6.1    85.8
2025 03 04  0014   60738     840    0     0.6     6.1     0.8     6.1     7.4    84.5
2025 03 04  0015   60738     900    0     0.9     5.9     1.1     6.1    10.0    81.5
2025 03 04  0016   60738     960    0     1.2     5.9     1.0     6.1     9.8    78.7
2025 03 04  0017   60738    1020    0     1.8     6.0     0.9     6.3     8.3    72.8
2025 03 04  0018   60738    1080    0     2.3     6.2     0.4     6.6     3.4    70.0
2025 03 04  0019   60738    1140    0     2.2     5.9     0.9     6.3     8.5    69.9
2025 03 04  0020   60738    1200    0     1.0     4.6     2.9     5.5    32.1    77.5
2025 03 04  0021   60738    1260    0     0.1     3.0     4.6     5.5    56.5    88.8
2025 03 04  0022   60738    1320    0     0.4     3.5     4.6     5.8    52.9    83.6
2025 03 04  0023   60738    1380    0     1.2     4.2     4.3     6.1    44.7    74.1
2025 03 04  0024   60738    1440    0     1.1     4.4     4.1     6.1    41.8    75.5
2025 03 04  0025   60738    1500    0     1.7     4.7     3.8     6.3    37.6    69.6
2025 03 04  0026   60738    1560    0     2.5     5.3     3.2     6.6    28.4    65.0
2025 03 04  0027   60738    1620    0     2.6     5.4     2.6     6.6    23.4    64.7
2025 03 04  0028   60738    1680    0     2.6     5.6     2.4     6.6    21.0    64.7
2025 03 04  0029   60738    1740    0     1.8     3.4     3.8     5.4    44.7    61.4
2025 03 04  0030   60738    1800    0     0.7    -0.3     5.8     5.9    82.5   335.7
2025 03 04  0031   60738    1860    0     1.8    -0.2     5.4     5.7    71.4   354.9
2025 03 04  0032   60738    1920    0     1.9    -0.6     5.0     5.4    68.3   344.0
2025 03 04  0033   60738    1980    0     2.3     2.3     4.6     5.6    54.3    45.7
2025 03 04  0034   60738    2040    0     3.6     1.6     4.4     5.9    48.4    24.0
2025 03 04  0035   60738    2100    0     3.7     2.3     3.9     5.9    41.9    31.9
2025 03 04  0036   60738    2160    0     4.1     2.5     3.5     5.9    35.9    31.6
2025 03 04  0037   60738    2220    0     4.0     2.8     3.3     5.9    33.7    35.4
2025 03 04  0038   60738    2280    0     4.0     3.3     2.9     6.0    29.0    39.2
2025 03 04  0039   60738    2340    0     3.7     4.0     2.5     6.1    24.5    47.2
2025 03 04  0040   60738    2400    0     3.5     4.2     2.4     6.0    23.8    50.1
2025 03 04  0041   60738    2460    0     3.1     4.1     2.6     5.8    27.2    53.2
2025 03 04  0042   60738    2520    0     3.1     4.0     2.3     5.5    24.8    52.2
2025 03 04  0043   60738    2580    0     2.5     4.5     2.5     5.8    25.4    60.8
2025 03 04  0044   60738    2640    0     3.1     4.2     2.2     5.7    22.2    53.5
2025 03 04  0045   60738    2700    0     3.4     4.7     1.3     5.9    12.3    54.3
2025 03 04  0046   60738    2760    0     3.5     4.7     1.6     6.1    15.3    53.1
2025 03 04  0047   60738    2820    0     3.4     4.7     1.5     6.0    14.8    54.1
2025 03 04  0048   60738    2880    0     4.4     4.2     0.2     6.0     2.3    43.7
2025 03 04  0049   60738    2940    0     4.3     4.3     0.4     6.1     3.8    45.2
2025 03 04  0050   60738    3000    0     3.7     4.4     0.8     5.8     7.5    49.7
2025 03 04  0051   60738    3060    0     3.6     4.5     0.7     5.9     6.7    51.5
2025 03 04  0052   60738    3120    0     4.1     3.9     0.5     5.6     5.0    43.5
2025 03 04  0053   60738    3180    0     4.3     3.7     0.6     5.7     5.6    40.8
2025 03 04  0054   60738    3240    0     5.0     3.2     0.4     6.0     3.9    32.9
2025 03 04  0055   60738    3300    0     4.8     3.7     0.5     6.0     4.4    37.6
2025 03 04  0056   60738    3360    0     5.1     3.7    -0.2     6.3    -1.7    36.2
2025 03 04  0057   60738    3420    0     5.2     4.0     0.5     6.6     4.4    37.6
2025 03 04  0058   60738    3480    0     4.7     4.9    -0.0     6.8    -0.2    46.4
2025 03 04  0059   60738    3540    0     5.0     4.6    -0.3     6.8    -2.7    42.4
2025 03 04  0100   60738    3600    0     5.3     4.4    -0.1     6.9    -0.7    39.7
2025 03 04  0101   60738    3660    0     5.3     4.4     0.0     6.9     0.1    39.3
2025 03 04  0102   60738    3720    0     5.3     4.2    -0.1     6.8    -0.5    37.9
2025 03 04  0103   60738    3780    0     5.5     4.1    -0.1     6.9    -1.1    36.9
2025 03 04  0104   60738    3840    0     4.9     4.8     0.3     6.8     2.6    44.2
2025 03 04  0105   60738    3900    0     4.4     5.4     0.6     7.0     4.5    50.7
2025 03 04  0106   60738    3960    0     4.2     5.4     0.1     6.9     0.8    52.1
2025 03 04  0107   60738    4020    0     3.7     5.9     0.3     7.0     2.6    57.5
2025 03 04  0108   60738    4080    0     3.6     6.2     0.3     7.2     2.4    59.7
2025 03 04  0109   60738    4140    0     3.6     6.1    -0.0     7.1    -0.2    59.4
2025 03 04  0110   60738    4200    0     4.2     5.7    -0.2     7.0    -1.9    53.6
2025 03 04  0111   60738    4260    0     4.1     5.5     0.0     6.8     0.1    53.5
2025 03 04  0112   60738    4320    0     4.5     5.1     0.5     6.8     4.1    48.8
2025 03 04  0113   60738    4380    0     4.9     3.9     1.6     6.4    14.3    38.6
2025 03 04  0114   60738    4440    0     5.1     3.7     1.5     6.5    13.3    35.9
2025 03 04  0115   60738    4500    0     4.7     4.3     1.4     6.5    12.5    42.8
2025 03 04  0116   60738    4560    0     5.0     3.9     1.5     6.5    13.6    38.5
2025 03 04  0117   60738    4620    0     3.7     5.2     1.1     6.5     9.8    54.5
2025 03 04  0118   60738    4680    0     3.7     5.1     1.4     6.5    12.8    54.0
2025 03 04  0119   60738    4740    0     3.9     5.4     1.3     6.7    11.3    54.3
2025 03 04  0120   60738    4800    0     3.7     5.8     1.2     7.0     9.8    57.9
2025 03 04  0121   60738    4860    0     3.5     6.1     1.2     7.1     9.7    60.3
2025 03 04  0122   60738    4920    0     3.5     6.1     0.6     7.0     5.2    60.1
2025 03 04  0123   60738    4980    0     3.4     6.1     0.6     7.0     5.1    61.2
2025 03 04  0124   60738    5040    0     2.5     6.0    -0.9     6.5    -7.8    67.5
2025 03 04  0125   60738    5100    0     1.8     5.6    -2.1     6.2   -20.1    72.1
2025 03 04  0126   60738    5160    0     2.6     6.4    -0.2     6.9    -2.1    67.8
2025 03 04  0127   60738    5220    0     2.5     6.5    -0.7     7.0    -5.4    68.9
2025 03 04  0128   60738    5280    0     3.9     2.5     2.0     5.1    22.9    32.9
2025 03 04  0129   60738    5340    0     4.5    -0.5     3.6     5.8    38.8   354.1
2025 03 04  0130   60738    5400    0     4.9     0.5     3.6     6.1    36.1     5.3
2025 03 04  0131   60738    5460    0     4.6     2.8     2.2     5.9    22.1    31.2
2025 03 04  0132   60738    5520    0     3.6     5.3     0.6     6.5     5.7    55.4
2025 03 04  0133   60738    5580    0     3.7     5.1     1.0     6.4     8.8    54.0
2025 03 04  0134   60738    5640    0     3.2     5.6     0.2     6.5     2.2    60.1
2025 03 04  0135   60738    5700    0     4.2     5.0     0.6     6.6     5.4    49.8
2025 03 04  0136   60738    5760    0     4.3     5.0     0.9     6.7     8.1    49.5
2025 03 04  0137   60738    5820    0     3.9     5.4     1.2     6.7    10.3    54.4
2025 03 04  0138   60738    5880    0     3.4     5.6     0.8     6.6     7.4    58.6
2025 03 04  0139   60738    5940    0     3.6     5.2     1.8     6.6    16.0    54.9
2025 03 04  0140   60738    6000    0     3.7     5.0     1.8     6.5    15.9    53.7
2025 03 04  0141   60738    6060    0     3.7     4.9     1.8     6.4    16.2    53.0
2025 03 04  0142   60738    6120    0     3.3     4.3     2.1     5.8    21.1    52.7
2025 03 04  0143   60738    6180    0    -1.8     4.4    -1.9     5.2   -21.9   112.2
2025 03 04  0144   60738    6240    0    -1.1     5.0    -1.4     5.3   -15.0   102.6
2025 03 04  0145   60738    6300    0    -1.3     4.6    -1.7     5.1   -19.4   105.2
2025 03 04  0146   60738    6360    0    -3.1     2.6    -2.6     4.8   -33.0   139.5
2025 03 04  0147   60738    6420    0    -4.4     1.0    -3.2     5.6   -35.2   167.8
2025 03 04  0148   60738    6480    0    -4.7     0.3    -3.1     5.7   -33.7   176.1
2025 03 04  0149   60738    6540    0    -4.8     0.4    -3.3     5.8   -34.3   175.3
2025 03 04  0150   60738    6600    0    -4.8     0.4    -3.2     5.8   -33.3   175.5
2025 03 04  0151   60738    6660    0    -5.0     0.4    -3.0     5.8   -31.1   175.4
2025 03 04  0152   60738    6720    0    -5.0     0.5    -2.6     5.6   -27.3   174.7
2025 03 04  0153   60738    6780    0    -5.4     0.9    -1.3     5.6   -13.4   170.4
2025 03 04  0154   60738    6840    0    -5.8     0.2    -1.4     5.9   -13.3   177.8
2025 03 04  0155   60738    6900    0    -5.7     0.5    -1.4     5.9   -14.2   175.0
2025 03 04  0156   60738    6960    0    -5.5     0.6    -2.0     5.9   -19.4   173.7
2025 03 04  0157   60738    7020    0    -5.5     0.4    -1.9     5.8   -18.9   176.1
2025 03 04  0158   60738    7080    0    -5.7     0.9    -1.8     6.0   -17.6   171.2
2025 03 04  0159   60738    7140    0    -5.9     1.0    -1.4     6.1   -13.2   170.7
2025 03 04  0200   60738    7200    0    -6.0    -0.0    -1.6     6.2   -15.0   180.2
2025 03 04  0201   60738    7260    0    -5.8     0.5    -1.9     6.1   -18.1   175.6
2025 03 04  0202   60738    7320    0    -5.9     0.8    -1.4     6.2   -13.6   172.7
2025 03 04  0203   60738    7380    0    -5.7     0.6    -2.3     6.1   -21.7   174.2
2025 03 04  0204   60738    7440    0    -5.7     0.7    -2.0     6.1   -18.8   172.9
2025 03 04  0205   60738    7500    0    -5.8     0.8    -1.9     6.1   -17.9   171.8
2025 03 04  0206   60738    7560    0    -5.8     1.0    -1.8     6.1   -17.0   170.6
2025 03 04  0207   60738    7620    0    -5.9     1.8    -0.9     6.3    -8.4   163.1
2025 03 04  0208   60738    7680    0    -6.0     0.6    -1.3     6.1   -12.2   174.5
2025 03 04  0209   60738    7740    0    -5.9     0.7    -1.1     6.1   -10.9   173.7
2025 03 04  0210   60738    7800    0    -6.0     0.6    -1.1     6.1   -10.0   174.2
2025 03 04  0211   60738    7860    0    -6.0     0.5    -0.8     6.1    -7.5   174.8
2025 03 04  0212   60738    7920    0    -6.1     0.5    -0.5     6.2    -5.1   175.8
2025 03 04  0213   60738    7980    0    -6.0     0.8    -0.9     6.1    -8.4   172.4
2025 03 04  0214   60738    8040    0    -6.1     1.1    -0.3     6.2    -2.8   170.2
2025 03 04  0215   60738    8100    0    -6.1     1.2    -0.1     6.2    -1.3   168.8
2025 03 04  0216   60738    8160    0    -6.0     1.5     0.5     6.2     4.6   166.4
2025 03 04  0217   60738    8220    0    -5.9     1.0     0.5     6.0     4.4   170.5
2025 03 04  0218   60738    8280    0    -5.7     1.4    -0.3     5.9    -2.9   166.6
2025 03 04  0219   60738    8340    0    -5.4     0.4    -2.4     6.0   -24.1   175.3
2025 03 04  0220   60738    8400    0    -4.7     0.8    -3.0     5.6   -32.0   169.9
2025 03 04  0221   60738    8460    0    -5.4     0.5    -1.0     5.5   -10.2   174.7
2025 03 04  0222   60738    8520    0    -5.3     0.6    -1.6     5.6   -16.5   173.8
2025 03 04  0223   60738    8580    0    -5.2     0.3    -2.1     5.6   -21.7   176.4
2025 03 04  0224   60738    8640    0    -4.7    -1.7    -2.0     5.4   -22.0   200.0
2025 03 04  0225   60738    8700    0    -4.9    -0.6    -1.9     5.3   -21.1   187.6
2025 03 04  0226   60738    8760    0    -5.2     0.3    -1.9     5.5   -20.7   176.3
2025 03 04  0227   60738    8820    0    -5.2     0.1    -2.0     5.6   -21.3   179.3
2025 03 04  0228   60738    8880    0    -5.2    -0.4    -2.4     5.7   -24.9   184.6
2025 03 04  0229   60738    8940    0    -4.9    -0.6    -2.2     5.4   -24.4   186.9
2025 03 04  0230   60738    9000    0    -4.7    -2.6    -1.0     5.4   -10.8   209.5
2025 03 04  0231   60738    9060    0    -5.4    -1.6    -1.4     5.8   -14.4   196.1
2025 03 04  0232   60738    9120    0    -5.5    -1.3    -1.1     5.8   -11.4   193.0
2025 03 04  0233   60738    9180    0    -5.8    -2.1    -0.1     6.1    -0.6   200.2
2025 03 04  0234   60738    9240    0    -6.1    -2.6    -0.7     6.6    -6.5   202.8
2025 03 04  0235   60738    9300    0    -6.0    -2.4    -0.6     6.4    -5.6   201.6
2025 03 04  0236   60738    9360    0    -5.6    -2.1    -1.4     6.2   -12.7   200.1
2025 03 04  0237   60738    9420    0    -6.1    -1.8    -0.8     6.4    -7.6   196.8
2025 03 04  0238   60738    9480    0    -5.9    -1.9    -1.6     6.4   -14.5   198.3
2025 03 04  0239   60738    9540    0    -5.9    -1.7    -1.6     6.4   -14.6   196.3
2025 03 04  0240   60738    9600    0    -6.0    -1.6    -1.7     6.5   -15.4   194.8
2025 03 04  0241   60738    9660    0    -6.1    -1.2    -1.5     6.4   -13.4   191.4
2025 03 04  0242   60738    9720    0    -6.5    -0.1     0.1     6.5     0.7   181.3
2025 03 04  0243   60738    9780    0    -6.4     0.1    -0.4     6.4    -3.4   179.4
2025 03 04  0244   60738    9840    0    -6.5     0.0    -0.3     6.5    -2.6   179.9
2025 03 04  0245   60738    9900    0    -6.6     0.3     1.2     6.7    10.4   177.0
2025 03 04  0246   60738    9960    0    -6.3    -1.9    -2.0     6.9   -16.8   196.5
2025 03 04  0247   60738   10020    0    -6.6    -1.4    -2.2     7.1   -17.7   192.1
2025 03 04  0248   60738   10080    0    -6.7    -1.6    -2.1     7.2   -17.1   193.3
2025 03 04  0249   60738   10140    0    -6.7    -2.1    -1.7     7.2   -13.3   197.6
2025 03 04  0250   60738   10200    0    -7.0    -1.7    -1.5     7.4   -11.9   193.4
2025 03 04  0251   60738   10260    0    -7.2    -1.1    -1.1     7.4    -8.3   188.8
2025 03 04  0252   60738   10320    0    -7.2    -1.3    -1.3     7.4    -9.8   190.3
2025 03 04  0253   60738   10380    0    -7.3    -1.4    -1.5     7.5   -11.7   190.5
2025 03 04  0254   60738   10440    0    -7.0    -2.0    -1.8     7.5   -14.0   196.2
2025 03 04  0255   60738   10500    0    -6.9    -2.0    -1.3     7.3    -9.9   195.9
2025 03 04  0256   60738   10560    0    -7.0    -0.2    -0.7     7.0    -5.7   181.8
2025 03 04  0257   60738   10620    0    -5.9     3.3    -0.7     6.8    -5.9   151.0
2025 03 04  0258   60738   10680    0    -5.2     4.3    -0.7     6.8    -5.6   140.1
2025 03 04  0259   60738   10740    0    -6.8     0.9     0.4     6.8     3.5   172.5
2025 03 04  0300   60738   10800    0    -6.7    -1.3     1.5     7.0    12.1   190.9
2025 03 04  0301   60738   10860    0    -4.7    -1.2     4.2     6.5    40.8   194.5
2025 03 04  0302   60738   10920    0    -4.6    -0.8     4.7     6.6    45.2   189.6
2025 03 04  0303   60738   10980    0    -4.8    -0.6     4.8     6.8    45.0   187.1
2025 03 04  0304   60738   11040    0    -4.8    -0.4     5.0     6.9    46.3   185.1
2025 03 04  0305   60738   11100    0    -4.5    -0.7     4.9     6.7    47.2   188.5
2025 03 04  0306   60738   11160    0    -4.3    -0.8     4.8     6.5    47.4   190.0
2025 03 04  0307   60738   11220    0    -5.5    -2.2     3.5     6.9    30.8   201.8
2025 03 04  0308   60738   11280    0    -5.6    -1.6     3.8     7.0    32.8   195.4
2025 03 04  0309   60738   11340    0    -5.6    -2.7     2.7     6.8    23.1   205.9
2025 03 04  0310   60738   11400    0    -5.4    -2.8     3.1     6.8    27.1   207.0
2025 03 04  0311   60738   11460    0    -3.9    -2.5     3.9     6.1    40.4   213.0
2025 03 04  0312   60738   11520    0    -4.7    -4.1     0.8     6.3     7.2   221.5
2025 03 04  0313   60738   11580    0    -3.8    -5.4    -2.2     7.0   -18.3   234.5
2025 03 04  0314   60738   11640    0    -4.0    -5.5    -2.2     7.1   -17.8   234.0
2025 03 04  0315   60738   11700    0    -3.6    -5.7    -1.6     6.9   -13.7   237.9
2025 03 04  0316   60738   11760    0    -4.4    -5.5    -1.0     7.2    -7.7   231.3
2025 03 04  0317   60738   11820    0    -4.8    -5.3     1.1     7.2     8.9   227.7
2025 03 04  0318   60738   11880    0    -4.6    -5.6     0.8     7.3     6.2   230.1
2025 03 04  0319   60738   11940    0    -4.4    -5.7     0.5     7.2     4.0   232.4
2025 03 04  0320   60738   12000    0    -4.1    -5.1     1.7     6.8    14.4   231.4
2025 03 04  0321   60738   12060    0    -4.1    -5.1     2.1     6.9    18.1   230.8
2025 03 04  0322   60738   12120    0    -5.4    -4.4     1.1     7.1     9.0   219.2
2025 03 04  0323   60738   12180    0    -4.8    -5.1     1.1     7.1     9.2   226.7
2025 03 04  0324   60738   12240    0    -4.5    -4.9     1.8     7.0    15.2   227.4
2025 03 04  0325   60738   12300    0    -5.0    -4.2     2.5     7.0    20.7   219.8
2025 03 04  0326   60738   12360    0    -4.8    -4.0     2.7     6.8    23.8   220.0
2025 03 04  0327   60738   12420    0    -4.6    -3.9     2.5     6.6    22.7   220.2
2025 03 04  0328   60738   12480    0    -4.7    -4.1     2.3     6.6    20.0   221.4
2025 03 04  0329   60738   12540    0    -4.5    -4.4     2.3     6.7    19.6   224.4
2025 03 04  0330   60738   12600    0    -4.7    -3.3     3.1     6.5    28.2   215.2
2025 03 04  0331   60738   12660    0    -4.9    -2.3     3.8     6.7    34.9   205.0
2025 03 04  0332   60738   12720    0    -5.2    -2.3     3.5     6.7    31.5   204.0
2025 03 04  0333   60738   12780    0    -5.5    -1.5     4.3     7.1    37.0   195.2
2025 03 04  0334   60738   12840    0    -5.0     1.0     5.1     7.2    44.9   168.8
2025 03 04  0335   60738   12900    0    -4.0     3.8     4.9     7.4    41.7   136.6
2025 03 04  0336   60738   12960    0    -3.4     4.6     4.8     7.5    40.1   125.9
2025 03 04  0337   60738   13020    0    -3.1     4.8     4.9     7.5    40.4   123.3
2025 03 04  0338   60738   13080    0    -3.2     5.1     4.7     7.7    38.1   121.6
2025 03 04  0339   60738   13140    0    -3.0     5.2     4.4     7.4    36.7   119.9
2025 03 04  0340   60738   13200    0    -2.8     5.4     4.1     7.3    34.1   117.7
2025 03 04  0341   60738   13260    0    -2.4     5.7     3.8     7.3    31.4   112.7
2025 03 04  0342   60738   13320    0    -2.4     5.9     3.6     7.3    29.5   111.6
2025 03 04  0343   60738   13380    0    -2.2     6.0     3.2     7.2    26.5   109.8
2025 03 04  0344   60738   13440    0    -1.4     6.4     2.5     7.0    20.4   102.6
2025 03 04  0345   60738   13500    0    -1.8     6.3     2.8     7.1    23.6   105.9
2025 03 04  0346   60738   13560    0    -0.8     6.5     2.2     6.9    18.8    96.8
2025 03 04  0347   60738   13620    0    -0.1     6.8     1.7     7.0    14.2    90.6
2025 03 04  0348   60738   13680    0     1.2     6.7     0.7     6.9     5.9    79.5
2025 03 04  0349   60738   13740    0     1.6     6.2     0.1     6.4     1.2    76.0
2025 03 04  0350   60738   13800    0    -0.4     5.8     0.8     5.9     7.6    94.2
2025 03 04  0351   60738   13860    0    -3.1     3.6     4.0     6.2    39.8   130.6
2025 03 04  0352   60738   13920    0    -3.9     1.1     5.2     6.6    52.6   164.7
2025 03 04  0353   60738   13980    0     0.4     3.8    -0.9     3.9   -13.9    83.3
2025 03 04  0354   60738   14040    0     2.7     4.0    -3.3     5.9   -34.2    56.1
2025 03 04  0355   60738   14100    0     2.7     4.2    -3.3     6.0   -33.1    56.9
2025 03 04  0356   60738   14160    0     2.4    -0.2    -3.9     4.6   -58.5   356.4
2025 03 04  0357   60738   14220    0     2.2    -1.6    -3.7     4.6   -53.8   323.2
2025 03 04  0358   60738   14280    0     1.8    -0.9    -4.1     4.5   -63.9   333.8
2025 03 04  0359   60738   14340    9  -999.9  -999.9  -999.9  -999.9  -999.9  -999.9
2025 03 04  0400   60738   14400    0     2.1     0.1    -4.1     4.6   -63.3     2.2
2025 03 04  0401   60738   14460    0     2.0     0.4    -4.3     4.8   -64.5    11.5
2025 03 04  0402   60738   14520    0     2.3     1.7    -4.9     5.7   -59.4    36.4
2025 03 04  0403   60738   14580    0     2.6     1.9    -4.6     5.6   -54.2    36.4
2025 03 04  0404   60738   14640    0     2.1     3.0    -3.6     5.2   -44.3    54.7
2025 03 04  0405   60738   14700    0     1.4     3.4    -3.2     4.9   -40.9    67.6
2025 03 04  0406   60738   14760    0     1.0     2.3    -3.6     4.3   -55.1    66.2
2025 03 04  0407   60738   14820    0     1.5     2.7    -4.3     5.3   -54.8    60.7
2025 03 04  0408   60738   14880    0     0.1     4.1    -2.4     4.8   -30.6    88.1
2025 03 04  0409   60738   14940    0    -3.3     5.5     3.6     7.3    29.7   121.0
2025 03 04  0410   60738   15000    0    -3.9     6.1     3.5     8.1    25.6   122.5
2025 03 04  0411   60738   15060    0    -3.9     6.1     3.4     8.0    24.9   122.8
2025 03 04  0412   60738   15120    0    -4.3     5.6     2.9     7.7    22.6   127.6
2025 03 04  0413   60738   15180    0    -2.8     5.6     4.0     7.4    32.2   116.6
2025 03 04  0414   60738   15240    0    -4.2     5.4     3.1     7.5    24.3   127.9
2025 03 04  0415   60738   15300    0    -5.2     4.0     1.2     6.7    10.7   142.0
2025 03 04  0416   60738   15360    0    -6.7     2.5     0.2     7.1     1.3   159.8
2025 03 04  0417   60738   15420    0    -4.8     3.6     1.3     6.2    12.4   142.9
2025 03 04  0418   60738   15480    0    -2.1     6.2     3.9     7.6    31.1   108.5
2025 03 04  0419   60738   15540    0    -0.7     6.1     4.2     7.4    33.9    96.6
2025 03 04  0420   60738   15600    0    -1.1     5.8     4.4     7.3    36.8   101.2
2025 03 04  0421   60738   15660    0    -1.3     6.0     4.6     7.7    37.0   102.3
2025 03 04  0422   60738   15720    0    -2.5     7.1     3.1     8.2    22.2   108.9
2025 03 04  0423   60738   15780    0    -2.9     7.4     1.8     8.1    12.8   111.6
2025 03 04  0424   60738   15840    0    -1.9     7.0     1.6     7.4    12.2   105.1
2025 03 04  0425   60738   15900    0    -1.0     7.0     0.8     7.1     6.1    98.0
2025 03 04  0426   60738   15960    0    -0.8     6.3    -1.2     6.5   -10.6    96.9
2025 03 04  0427   60738   16020    0     0.2     6.8    -0.7     6.9    -6.2    88.6
2025 03 04  0428   60738   16080    0     0.9     6.2    -3.2     7.0   -27.0    82.1
2025 03 04  0429   60738   16140    0     0.4     5.7    -3.7     6.8   -32.8    85.7
2025 03 04  0430   60738   16200    0     1.4     5.3    -4.0     6.8   -35.8    75.6
2025 03 04  0431   60738   16260    0     0.5     6.0    -3.3     6.9   -29.2    85.5
2025 03 04  0432   60738   16320    0    -0.1     6.4    -2.8     7.0   -24.0    90.8
2025 03 04  0433   60738   16380    0    -0.1     5.5    -4.0     6.8   -35.6    90.9
2025 03 04  0434   60738   16440    0    -3.4     5.9     1.3     6.9    10.8   120.0
2025 03 04  0435   60738   16500    0    -4.1     5.1     4.1     7.7    32.0   128.8
2025 03 04  0436   60738   16560    0    -4.4     5.2     3.7     7.8    28.1   130.1
2025 03 04  0437   60738   16620    0    -4.9     5.6     4.1     8.5    29.0   131.2
2025 03 04  0438   60738   16680    0    -5.2     5.2     4.1     8.4    29.2   134.8
2025 03 04  0439   60738   16740    0    -5.3     5.1     4.3     8.5    30.6   136.0
2025 03 04  0440   60738   16800    0    -5.4     3.4     5.0     8.2    38.2   148.1
2025 03 04  0441   60738   16860    0    -5.3     3.8     4.6     8.0    35.0   144.1
2025 03 04  0442   60738   16920    0    -5.9     2.9     4.7     8.1    35.4   153.5
2025 03 04  0443   60738   16980    0    -5.3     3.7     4.8     8.1    36.5   145.1
2025 03 04  0444   60738   17040    0    -6.1     2.4     4.8     8.1    36.5   158.9
2025 03 04  0445   60738   17100    0    -5.2     3.1     5.9     8.4    44.5   149.5
2025 03 04  0446   60738   17160    0    -5.0     4.0     5.7     8.6    41.8   141.0
2025 03 04  0447   60738   17220    0    -5.1     3.5     6.2     8.8    44.8   145.7
2025 03 04  0448   60738   17280    0    -5.3     3.2     6.2     8.7    45.4   149.0
2025 03 04  0449   60738   17340    0    -5.2     3.0     6.4     8.8    46.8   150.3
2025 03 04  0450   60738   17400    0    -5.3     3.4     6.1     8.7    44.3   147.4
2025 03 04  0451   60738   17460    0    -4.9     1.6     6.6     8.4    52.0   161.9
2025 03 04  0452   60738   17520    0    -4.4     1.2     6.6     8.0    55.6   164.3
2025 03 04  0453   60738   17580    0    -4.2     0.7     6.2     7.5    55.9   170.3
2025 03 04  0454   60738   17640    0    -5.2    -1.1     4.8     7.2    42.1   191.9
2025 03 04  0455   60738   17700    0    -5.2    -4.6     3.4     7.7    26.0   221.5
2025 03 04  0456   60738   17760    0    -5.3    -3.3     4.3     7.6    34.7   212.2
2025 03 04  0457   60738   17820    0    -5.3    -1.4     4.7     7.3    40.6   194.8
2025 03 04  0458   60738   17880    0    -5.5     0.1     5.6     7.9    45.6   179.0
2025 03 04  0459   60738   17940    0    -6.1     1.3     5.9     8.6    43.2   167.8
2025 03 04  0500   60738   18000    0    -6.1     1.1     5.8     8.5    43.4   169.5
2025 03 04  0501   60738   18060    0    -6.5     0.2     5.5     8.5    39.9   178.5
2025 03 04  0502   60738   18120    0    -6.6     0.2     5.4     8.5    39.1   178.0
2025 03 04  0503   60738   18180    0    -6.5    -0.3     5.5     8.5    40.3   182.3
2025 03 04  0504   60738   18240    0    -6.3    -0.7     5.5     8.4    40.6   186.2
2025 03 04  0505   60738   18300    0    -6.0    -1.3     4.5     7.6    36.5   192.4
2025 03 04  0506   60738   18360    0    -5.8    -0.0     5.7     8.2    44.6   180.1
2025 03 04  0507   60738   18420    0    -5.9     0.2     6.1     8.4    46.0   178.0
2025 03 04  0508   60738   18480    0    -5.9     0.2     6.0     8.4    45.5   178.5
2025 03 04  0509   60738   18540    0    -5.9     0.4     5.9     8.4    45.1   175.8
2025 03 04  0510   60738   18600    0    -6.2    -0.2     5.7     8.4    42.6   181.9
2025 03 04  0511   60738   18660    0    -6.2    -0.2     5.6     8.4    42.1   181.5
2025 03 04  0512   60738   18720    0    -6.3    -0.8     5.5     8.4    40.5   187.4
2025 03 04  0513   60738   18780    0    -6.0    -0.8     5.7     8.4    43.3   187.3
2025 03 04  0514   60738   18840    0    -6.0    -1.4     5.6     8.3    42.5   193.0
2025 03 04  0515   60738   18900    0    -6.1    -2.0     5.4     8.3    40.2   197.9
2025 03 04  0516   60738   18960    0    -6.1    -1.7     5.5     8.4    40.7   195.2
2025 03 04  0517   60738   19020    0    -5.7    -1.6     5.2     7.9    41.6   195.3
2025 03 04  0518   60738   19080    0    -5.7    -0.3     5.2     7.7    42.4   183.3
2025 03 04  0519   60738   19140    0    -6.1     0.4     5.3     8.1    41.3   176.5
2025 03 04  0520   60738   19200    0    -5.9     1.3     5.4     8.1    41.9   167.1
2025 03 04  0521   60738   19260    0    -5.7     2.0     5.3     8.0    41.7   160.7
2025 03 04  0522   60738   19320    0    -4.3     4.8     4.7     7.9    36.0   132.1
2025 03 04  0523   60738   19380    0    -2.1     7.3     0.5     7.7     4.1   106.0
2025 03 04  0524   60738   19440    0    -1.3     7.6     0.1     7.7     0.9    99.7
2025 03 04  0525   60738   19500    0    -1.1     7.2     0.2     7.3     1.6    98.9
2025 03 04  0526   60738   19560    0    -4.4     5.9     3.4     8.1    24.6   126.3
2025 03 04  0527   60738   19620    0    -4.8     6.0     3.1     8.3    21.8   128.9
2025 03 04  0528   60738   19680    0    -5.1     5.6     3.2     8.3    23.0   132.3
2025 03 04  0529   60738   19740    0    -5.6     5.0     3.6     8.3    25.7   138.2
2025 03 04  0530   60738   19800    0    -5.5     5.1     3.7     8.3    26.0   136.9
2025 03 04  0531   60738   19860    0    -5.5     5.3     3.3     8.3    23.5   135.9
2025 03 04  0532   60738   19920    0    -4.9     5.4     3.9     8.3    27.8   132.2
2025 03 04  0533   60738   19980    0    -3.7     3.8     6.2     8.1    49.6   134.2
2025 03 04  0534   60738   20040    0    -3.6     4.3     6.0     8.2    46.8   130.0
2025 03 04  0535   60738   20100    0    -4.1     4.6     5.4     8.2    41.1   131.8
2025 03 04  0536   60738   20160    0    -3.9     5.7     4.5     8.3    32.8   124.6
2025 03 04  0537   60738   20220    0    -3.8     5.1     5.2     8.2    39.2   126.4
2025 03 04  0538   60738   20280    0    -3.3     4.8     5.2     7.8    42.2   124.6
2025 03 04  0539   60738   20340    0    -4.1     4.9     4.7     7.9    36.6   129.7
2025 03 04  0540   60738   20400    0    -4.1     4.4     5.6     8.2    43.3   133.0
2025 03 04  0541   60738   20460    0    -2.8     5.4     5.1     7.9    40.2   117.7
2025 03 04  0542   60738   20520    0    -3.6     6.0     4.2     8.2    31.2   120.7
2025 03 04  0543   60738   20580    0    -3.9     5.7     4.3     8.2    32.1   124.6
2025 03 04  0544   60738   20640    0    -3.7     6.0     4.2     8.2    30.9   121.4
2025 03 04  0545   60738   20700    0    -3.6     5.8     4.3     8.1    32.5   121.7
2025 03 04  0546   60738   20760    0    -2.3     7.1     2.5     7.9    18.3   108.1
2025 03 04  0547   60738   20820    0    -3.3     6.8     2.8     8.1    19.9   116.1
2025 03 04  0548   60738   20880    0    -3.6     6.9     2.5     8.1    18.1   117.7
2025 03 04  0549   60738   20940    0    -3.9     6.9     2.1     8.2    14.7   119.5
2025 03 04  0550   60738   21000    0    -3.9     6.6     2.7     8.2    19.4   120.2
2025 03 04  0551   60738   21060    0    -3.8     6.7     2.2     8.1    16.1   119.6
2025 03 04  0552   60738   21120    0    -3.5     6.5     3.3     8.1    24.1   118.2
2025 03 04  0553   60738   21180    0    -3.3     6.4     3.6     8.1    26.5   117.7
2025 03 04  0554   60738   21240    0    -5.0     5.3     3.8     8.2    27.7   133.2
2025 03 04  0555   60738   21300    0    -2.8     6.5     3.7     8.0    27.5   113.1
2025 03 04  0556   60738   21360    0    -3.1     5.9     4.3     7.9    32.8   118.2
2025 03 04  0557   60738   21420    0    -3.2     6.4     3.5     8.0    25.9   116.3
2025 03 04  0558   60738   21480    0    -3.7     6.2     3.2     7.9    23.9   121.1
2025 03 04  0559   60738   21540    0    -4.3     5.6     3.0     7.7    23.2   127.2
2025 03 04  0600   60738   21600    0    -5.6     0.6     5.7     8.0    45.4   173.6
2025 03 04  0601   60738   21660    0    -4.7     0.3     6.4     8.0    53.6   176.9
2025 03 04  0602   60738   21720    0    -4.5    -0.5     6.6     8.0    55.5   186.0
2025 03 04  0603   60738   21780    0    -5.2    -0.5     6.2     8.1    49.8   185.1
2025 03 04  0604   60738   21840    0    -4.7    -0.2     6.6     8.1    54.2   182.8
2025 03 04  0605   60738   21900    0    -4.6     0.3     6.7     8.2    55.5   175.7
2025 03 04  0606   60738   21960    0    -5.2     0.5     6.3     8.2    50.3   174.9
2025 03 04  0607   60738   22020    0    -5.1     1.3     6.2     8.1    49.6   166.1
2025 03 04  0608   60738   22080    0    -5.5     0.6     6.0     8.2    47.6   173.5
2025 03 04  0609   60738   22140    0    -4.8     0.8     6.7     8.2    54.1   170.6
2025 03 04  0610   60738   22200    0    -5.2     1.3     6.4     8.3    49.7   166.3
2025 03 04  0611   60738   22260    0    -5.3     2.5     6.0     8.4    45.7   154.9
2025 03 04  0612   60738   22320    0    -5.7     2.1     5.7     8.3    43.5   160.0
2025 03 04  0613   60738   22380    0    -6.2     2.0     5.3     8.4    38.7   161.8
2025 03 04  0614   60738   22440    0    -5.6     2.8     5.5     8.4    41.3   153.7
2025 03 04  0615   60738   22500    0    -5.6     1.5     5.8     8.2    44.9   164.6
2025 03 04  0616   60738   22560    0    -5.4     1.1     6.3     8.3    48.7   168.5
2025 03 04  0617   60738   22620    0    -5.3     2.5     5.4     7.9    42.7   154.4
2025 03 04  0618   60738   22680    0    -5.3     4.3     4.6     8.3    34.1   141.3
2025 03 04  0619   60738   22740    0    -5.1     5.1     3.9     8.2    28.7   135.2
2025 03 04  0620   60738   22800    0    -5.1     5.1     3.9     8.2    28.3   134.7
2025 03 04  0621   60738   22860    0    -4.9     5.0     4.2     8.2    31.0   134.2
2025 03 04  0622   60738   22920    0    -4.7     5.0     4.2     8.0    31.8   133.2
2025 03 04  0623   60738   22980    0    -5.1     4.6     3.9     7.9    29.7   137.8
2025 03 04  0624   60738   23040    0    -4.7     4.6     4.4     7.9    33.5   135.5
2025 03 04  0625   60738   23100    0    -4.8     5.2     3.6     8.0    26.9   132.6
2025 03 04  0626   60738   23160    0    -4.9     4.6     4.3     8.0    32.9   136.8
2025 03 04  0627   60738   23220    0    -5.1     3.7     4.8     7.9    37.3   143.7
2025 03 04  0628   60738   23280    0    -4.8     2.1     5.9     7.9    48.0   156.5
2025 03 04  0629   60738   23340    0    -4.9     2.0     5.9     7.9    48.0   158.2
2025 03 04  0630   60738   23400    0    -5.5     0.6     5.7     7.9    45.8   173.8
2025 03 04  0631   60738   23460    0    -5.3     0.8     5.9     7.9    47.9   171.9
2025 03 04  0632   60738   23520    0    -5.9     0.6     5.3     8.0    41.5   174.1
2025 03 04  0633   60738   23580    0    -6.1     0.2     5.2     8.0    40.7   178.5
2025 03 04  0634   60738   23640    0    -6.3     0.5     5.0     8.0    38.3   175.1
2025 03 04  0635   60738   23700    0    -4.3     1.0     6.7     8.0    56.6   167.2
2025 03 04  0636   60738   23760    0    -4.1     0.9     6.9     8.1    58.9   168.3
2025 03 04  0637   60738   23820    0    -4.3     1.0     6.8     8.1    56.9   166.6
2025 03 04  0638   60738   23880    0    -4.4     0.9     6.8     8.1    56.2   169.2
2025 03 04  0639   60738   23940    0    -4.4     0.4     6.8     8.1    57.2   174.3
2025 03 04  0640   60738   24000    0    -4.7     0.5     6.6     8.1    54.3   173.7
2025 03 04  0641   60738   24060    0    -5.4     0.8     6.0     8.1    47.9   171.3
2025 03 04  0642   60738   24120    0    -5.8     0.9     5.7     8.2    44.6   171.4
2025 03 04  0643   60738   24180    0    -6.0     1.1     5.2     8.1    40.5   169.6
2025 03 04  0644   60738   24240    0    -6.8     1.9     4.4     8.3    31.6   164.1
2025 03 04  0645   60738   24300    0    -6.3     2.0     4.7     8.1    35.6   162.4
2025 03 04  0646   60738   24360    0    -6.5     2.1     4.3     8.1    32.4   161.8
2025 03 04  0647   60738   24420    0    -6.5     2.3     4.3     8.1    32.0   160.7
2025 03 04  0648   60738   24480    0    -6.5     2.4     4.1     8.1    30.9   159.7
2025 03 04  0649   60738   24540    0    -6.4     2.9     4.1     8.2    30.2   156.1
2025 03 04  0650   60738   24600    0    -6.3     2.6     4.5     8.1    33.5   157.2
2025 03 04  0651   60738   24660    0    -6.3     2.3     4.7     8.2    34.8   160.4
2025 03 04  0652   60738   24720    0    -6.2     3.0     4.5     8.2    32.8   154.5
2025 03 04  0653   60738   24780    0    -6.2     3.2     4.3     8.2    31.7   152.9
2025 03 04  0654   60738   24840    0    -6.1     3.0     4.4     8.1    32.9   153.6
2025 03 04  0655   60738   24900    0    -5.8     3.0     4.8     8.2    36.4   152.5
2025 03 04  0656   60738   24960    0    -5.6     3.4     4.7     8.1    35.5   148.6
2025 03 04  0657   60738   25020    0    -6.6     2.9     3.8     8.1    27.7   155.9
2025 03 04  0658   60738   25080    0    -6.7     2.8     3.6     8.1    26.7   157.3
2025 03 04  0659   60738   25140    0    -6.8     2.0     3.7     8.0    27.3   163.5
2025 03 04  0700   60738   25200    0    -5.9     4.3     3.5     8.1    25.8   143.9
2025 03 04  0701   60738   25260    0    -6.0     3.8     3.6     8.0    26.7   147.2
2025 03 04  0702   60738   25320    0    -6.5     3.5     3.1     8.0    22.7   151.4
2025 03 04  0703   60738   25380    0    -6.6     3.5     2.8     8.0    20.5   152.3
2025 03 04  0704   60738   25440    0    -6.7     3.1     3.1     8.0    23.2   155.2
2025 03 04  0705   60738   25500    0    -6.5     2.9     3.8     8.1    28.2   156.1
2025 03 04  0706   60738   25560    0    -6.2     3.3     3.9     8.1    28.7   152.2
2025 03 04  0707   60738   25620    0    -6.3     3.2     3.9     8.1    29.3   153.1
2025 03 04  0708   60738   25680    0    -6.3     3.5     3.4     8.0    25.5   151.1
2025 03 04  0709   60738   25740    0    -5.9     4.3     3.0     7.9    22.4   143.9
2025 03 04  0710   60738   25800    0    -5.8     4.6     2.9     7.9    21.6   141.6
2025 03 04  0711   60738   25860    0    -5.4     5.2     2.5     7.9    18.4   136.2
2025 03 04  0712   60738   25920    0    -5.1     5.4     2.4     7.8    18.0   133.1
2025 03 04  0713   60738   25980    0    -5.5     4.8     2.4     7.7    18.1   138.8
2025 03 04  0714   60738   26040    0    -5.9     4.4     2.7     7.8    20.2   143.5
2025 03 04  0715   60738   26100    0    -6.2     3.7     3.1     7.9    23.6   149.3
2025 03 04  0716   60738   26160    0    -5.9     2.8     4.4     7.9    33.7   154.6
2025 03 04  0717   60738   26220    0    -4.8     5.5     2.5     7.7    19.0   131.4
2025 03 04  0718   60738   26280    0    -2.4     6.8     0.4     7.3     3.3   109.5
2025 03 04  0719   60738   26340    0    -2.7     6.6    -0.6     7.2    -4.7   112.4
2025 03 04  0720   60738   26400    0    -2.3     7.0    -0.0     7.3    -0.4   108.0
2025 03 04  0721   60738   26460    0    -2.4     7.1     0.7     7.6     5.6   108.7
2025 03 04  0722   60738   26520    0    -2.3     7.2    -0.5     7.6    -3.6   107.6
2025 03 04  0723   60738   26580    0    -1.9     7.1    -1.8     7.6   -14.0   105.1
2025 03 04  0724   60738   26640    0    -1.4     7.0    -2.0     7.4   -15.2   101.0
2025 03 04  0725   60738   26700    0    -1.3     6.9    -2.1     7.3   -16.7   100.4
2025 03 04  0726   60738   26760    0    -1.7     7.0    -1.8     7.4   -14.0   103.8
2025 03 04  0727   60738   26820    0    -1.2     7.0    -2.4     7.5   -18.5    99.5
2025 03 04  0728   60738   26880    0    -1.9     6.9    -2.2     7.5   -17.4   105.5
2025 03 04  0729   60738   26940    0    -2.3     7.2    -0.9     7.6    -6.7   107.4
2025 03 04  0730   60738   27000    0    -1.0     7.2    -1.3     7.4   -10.3    97.7
2025 03 04  0731   60738   27060    0     0.4     6.9    -1.9     7.2   -15.4    86.8
2025 03 04  0732   60738   27120    0    -0.4     7.1    -1.2     7.2    -9.8    93.4
2025 03 04  0733   60738   27180    0    -1.6     7.2     1.7     7.5    12.9   102.2
2025 03 04  0734   60738   27240    0    -1.5     7.1     1.8     7.4    13.7   101.8
2025 03 04  0735   60738   27300    0    -0.9     7.2     1.3     7.4    10.4    96.9
2025 03 04  0736   60738   27360    0    -1.3     7.1     1.8     7.4    13.9   100.6
2025 03 04  0737   60738   27420    0    -1.1     7.2     1.1     7.4     8.4    98.8
2025 03 04  0738   60738   27480    0    -1.2     7.3     0.6     7.4     4.3    99.5
2025 03 04  0739   60738   27540    0    -0.5     7.3    -0.4     7.4    -3.0    94.1
2025 03 04  0740   60738   27600    0    -1.0     7.5     0.2     7.5     1.3    97.5
2025 03 04  0741   60738   27660    0    -1.4     7.4     1.6     7.7    12.3   100.8
2025 03 04  0742   60738   27720    0    -1.3     7.3     1.9     7.7    14.3   100.0
2025 03 04  0743   60738   27780    0    -1.5     7.2     2.0     7.6    15.1   101.7
2025 03 04  0744   60738   27840    0    -1.7     7.2     1.6     7.6    12.3   103.3
2025 03 04  0745   60738   27900    0    -1.3     7.4     0.3     7.6     2.0    99.6
2025 03 04  0746   60738   27960    0    -1.2     7.4    -0.6     7.5    -4.7    99.1
2025 03 04  0747   60738   28020    0    -1.3     7.0    -1.8     7.4   -14.1   100.6
2025 03 04  0748   60738   28080    0    -2.1     6.9    -1.4     7.4   -10.8   107.0
2025 03 04  0749   60738   28140    0    -3.5     6.3     1.3     7.3    10.0   119.0
2025 03 04  0750   60738   28200    0    -4.3     5.0     3.9     7.7    30.7   130.7
2025 03 04  0751   60738   28260    0    -4.6     2.3     5.5     7.5    47.1   153.5
2025 03 04  0752   60738   28320    0    -4.4    -0.1     6.2     7.6    54.6   181.1
2025 03 04  0753   60738   28380    0    -3.7    -1.1     6.4     7.5    59.3   197.1
2025 03 04  0754   60738   28440    0    -2.8    -1.9     6.6     7.4    63.2   213.9
2025 03 04  0755   60738   28500    0    -3.1    -0.3     6.8     7.5    65.3   185.8
2025 03 04  0756   60738   28560    0    -3.4    -0.5     6.7     7.5    63.0   189.1
2025 03 04  0757   60738   28620    0    -3.6    -0.2     6.5     7.4    61.3   183.8
2025 03 04  0758   60738   28680    0    -3.5     0.7     6.6     7.4    61.6   168.0
2025 03 04  0759   60738   28740    0    -4.1     1.4     6.0     7.4    54.3   161.5
2025 03 04  0800   60738   28800    0    -4.3     1.2     5.8     7.3    52.7   164.8
2025 03 04  0801   60738   28860    0    -4.0     1.2     6.0     7.3    55.0   163.1
2025 03 04  0802   60738   28920    0    -4.5     1.6     5.6     7.3    49.2   160.4
2025 03 04  0803   60738   28980    0    -4.9     0.9     5.3     7.3    47.0   170.0
2025 03 04  0804   60738   29040    0    -5.3     1.0     4.9     7.3    42.0   168.9
2025 03 04  0805   60738   29100    0    -4.6     2.4     5.2     7.4    44.9   152.7
2025 03 04  0806   60738   29160    0    -4.3     2.9     5.2     7.3    45.2   145.9
2025 03 04  0807   60738   29220    0    -4.5     1.9     5.4     7.3    47.9   157.4
2025 03 04  0808   60738   29280    0    -4.6     2.5     5.3     7.4    45.2   151.0
2025 03 04  0809   60738   29340    0    -4.7     2.6     5.1     7.4    43.2   151.3
2025 03 04  0810   60738   29400    0    -4.7     2.7     5.1     7.5    43.6   150.1
2025 03 04  0811   60738   29460    0    -4.9     3.3     4.6     7.5    38.2   145.7
2025 03 04  0812   60738   29520    0    -4.7     4.2     4.0     7.4    32.8   138.4
2025 03 04  0813   60738   29580    0    -4.5     3.4     4.6     7.3    39.2   142.8
2025 03 04  0814   60738   29640    0    -4.4     3.4     4.7     7.3    40.4   142.3
2025 03 04  0815   60738   29700    0    -4.5     3.6     4.5     7.4    38.0   141.6
2025 03 04  0816   60738   29760    0    -4.7     3.7     4.3     7.4    36.0   142.1
2025 03 04  0817   60738   29820    0    -4.8     2.5     5.1     7.4    43.4   152.3
2025 03 04  0818   60738   29880    0    -4.9     2.5     4.9     7.4    41.7   152.6
2025 03 04  0819   60738   29940    0    -4.8     3.8     2.6     6.6    23.0   141.6
2025 03 04  0820   60738   30000    0    -4.1     6.1    -0.4     7.4    -3.0   123.9
2025 03 04  0821   60738   30060    0    -4.7     4.8     2.3     7.1    18.8   134.5
2025 03 04  0822   60738   30120    0    -4.7     4.8     2.7     7.3    21.9   134.7
2025 03 04  0823   60738   30180    0    -4.4     5.1     2.6     7.2    20.9   130.9
2025 03 04  0824   60738   30240    0    -4.7     4.4     3.2     7.2    26.4   137.4
2025 03 04  0825   60738   30300    0    -4.8     4.5     3.0     7.2    24.6   136.5
2025 03 04  0826   60738   30360    0    -5.5     4.5     2.1     7.4    16.6   140.9
2025 03 04  0827   60738   30420    0    -5.2     4.5     2.2     7.2    17.6   138.8
2025 03 04  0828   60738   30480    0    -5.5     4.2     2.5     7.3    19.6   142.7
2025 03 04  0829   60738   30540    0    -5.6     4.2     2.5     7.5    19.9   142.9
2025 03 04  0830   60738   30600    0    -5.3     4.5     2.3     7.3    18.3   140.1
2025 03 04  0831   60738   30660    0    -5.7     3.8     2.4     7.3    19.0   146.6
2025 03 04  0832   60738   30720    0    -5.8     3.9     2.3     7.3    17.9   146.3
2025 03 04  0833   60738   30780    0    -5.1     4.1     2.9     7.2    24.1   141.0
2025 03 04  0834   60738   30840    0    -4.3     4.2     4.0     7.2    33.6   135.7
2025 03 04  0835   60738   30900    0    -4.6     4.2     3.6     7.2    30.4   137.7
2025 03 04  0836   60738   30960    0    -4.8     3.8     3.9     7.3    32.5   141.9
2025 03 04  0837   60738   31020    0    -4.6     4.3     3.8     7.3    31.5   136.9
2025 03 04  0838   60738   31080    0    -5.0     4.7     2.5     7.3    20.2   136.9
2025 03 04  0839   60738   31140    0    -4.6     2.6     4.5     7.0    40.2   150.2
2025 03 04  0840   60738   31200    0    -3.9     1.0     6.0     7.2    56.4   164.8
2025 03 04  0841   60738   31260    0    -3.6     1.4     6.1     7.2    57.4   159.0
2025 03 04  0842   60738   31320    0    -4.0     1.8     5.8     7.3    53.2   156.0
2025 03 04  0843   60738   31380    0    -4.3     2.0     5.6     7.3    50.2   155.4
2025 03 04  0844   60738   31440    0    -5.1     2.4     4.8     7.4    40.3   155.1
2025 03 04  0845   60738   31500    0    -4.1     1.9     5.8     7.4    51.9   154.9
2025 03 04  0846   60738   31560    0    -4.2     2.4     5.6     7.4    49.3   149.8
2025 03 04  0847   60738   31620    0    -4.4     2.5     5.4     7.3    46.9   150.1
2025 03 04  0848   60738   31680    0    -4.9     1.9     5.3     7.4    45.1   158.8
2025 03 04  0849   60738   31740    0    -4.9     1.9     5.3     7.4    45.2   158.4
2025 03 04  0850   60738   31800    0    -5.0     1.9     5.3     7.5    45.0   159.2
2025 03 04  0851   60738   31860    0    -4.7     1.4     5.7     7.5    49.4   163.1
2025 03 04  0852   60738   31920    0    -4.4     1.7     5.8     7.5    50.6   159.0
2025 03 04  0853   60738   31980    0    -4.7     1.6     5.7     7.6    49.1   160.6
2025 03 04  0854   60738   32040    0    -4.9     2.0     5.4     7.5    45.5   157.7
2025 03 04  0855   60738   32100    0    -5.1     3.1     4.6     7.5    37.8   148.8
2025 03 04  0856   60738   32160    0    -5.2     1.8     5.0     7.5    42.4   161.3
2025 03 04  0857   60738   32220    0    -5.2     2.7     4.8     7.5    39.3   152.6
2025 03 04  0858   60738   32280    0    -5.3     2.8     4.7     7.6    38.1   152.1
2025 03 04  0859   60738   32340    0    -5.4     2.4     4.6     7.5    38.0   156.6
2025 03 04  0900   60738   32400    0    -5.4     2.4     4.6     7.5    38.1   156.3
2025 03 04  0901   60738   32460    0    -4.8     3.9     4.3     7.5    34.7   141.2
2025 03 04  0902   60738   32520    0    -5.1     3.7     4.1     7.5    33.3   143.6
2025 03 04  0903   60738   32580    0    -5.0     3.1     4.6     7.5    38.4   148.5
2025 03 04  0904   60738   32640    0    -4.9     3.4     4.4     7.4    36.2   145.7
2025 03 04  0905   60738   32700    0    -5.2     2.9     4.3     7.3    35.6   150.5
2025 03 04  0906   60738   32760    0    -5.8     3.1     3.1     7.3    25.4   152.1
2025 03 04  0907   60738   32820    0    -4.7     4.0     3.6     7.1    30.0   139.4
2025 03 04  0908   60738   32880    0    -4.9     3.8     3.9     7.3    31.9   141.8
2025 03 04  0909   60738   32940    0    -4.1     4.7     3.5     7.2    29.5   131.3
2025 03 04  0910   60738   33000    0    -4.4     3.8     4.2     7.2    35.7   139.5
2025 03 04  0911   60738   33060    0    -4.6     2.8     4.5     7.0    39.8   148.9
2025 03 04  0912   60738   33120    0    -3.9     2.3     5.5     7.2    50.6   149.7
2025 03 04  0913   60738   33180    0    -4.3     1.6     5.6     7.2    50.2   159.3
2025 03 04  0914   60738   33240    0    -4.3     1.2     5.6     7.1    51.5   164.4
2025 03 04  0915   60738   33300    0    -5.1     2.7     4.6     7.4    38.6   152.5
2025 03 04  0916   60738   33360    0    -5.2     3.0     4.1     7.3    34.7   149.8
2025 03 04  0917   60738   33420    0    -5.3     3.8     3.1     7.2    25.5   144.7
2025 03 04  0918   60738   33480    0    -5.2     4.0     3.0     7.2    24.4   142.0
2025 03 04  0919   60738   33540    0    -5.0     3.2     4.1     7.2    34.9   147.2
2025 03 04  0920   60738   33600    0    -5.0     3.0     4.4     7.3    37.4   149.1
2025 03 04  0921   60738   33660    0    -5.3     3.1     4.1     7.4    33.9   149.6
2025 03 04  0922   60738   33720    0    -4.9     3.5     4.0     7.2    33.3   145.0
2025 03 04  0923   60738   33780    0    -4.8     3.9     3.5     7.1    29.7   140.4
2025 03 04  0924   60738   33840    0    -1.7     6.0    -2.2     6.6   -19.7   106.1
2025 03 04  0925   60738   33900    0    -2.5     6.0    -1.1     6.6    -9.4   112.5
2025 03 04  0926   60738   33960    0    -2.4     6.1    -1.7     6.8   -14.5   111.5
2025 03 04  0927   60738   34020    0    -2.1     6.4    -0.9     6.8    -7.7   108.7
2025 03 04  0928   60738   34080    0    -2.4     6.1    -1.0     6.7    -8.8   111.4
2025 03 04  0929   60738   34140    0    -4.9     4.8     1.2     6.9    10.3   135.6
2025 03 04  0930   60738   34200    0    -5.7     3.4     2.3     7.0    19.2   149.2
2025 03 04  0931   60738   34260    0    -4.4     4.6     1.2     6.4    10.4   134.0
2025 03 04  0932   60738   34320    0    -3.6     5.7    -0.9     6.8    -7.3   122.1
2025 03 04  0933   60738   34380    0    -3.5     5.7    -1.3     6.8   -10.8   121.4
2025 03 04  0934   60738   34440    0    -4.3     5.4    -0.1     6.9    -0.5   128.4
2025 03 04  0935   60738   34500    0    -3.7     5.6    -0.9     6.8    -7.4   123.4
2025 03 04  0936   60738   34560    0    -3.1     6.0    -0.8     6.8    -6.4   117.7
2025 03 04  0937   60738   34620    0    -3.4     5.8    -1.0     6.8    -8.5   120.0
2025 03 04  0938   60738   34680    0    -1.8     6.0    -0.7     6.3    -5.9   106.7
2025 03 04  0939   60738   34740    0    -0.8     6.4    -1.0     6.5    -8.4    96.9
2025 03 04  0940   60738   34800    0    -1.9     6.4    -0.7     6.7    -5.7   106.9
2025 03 04  0941   60738   34860    0    -3.6     5.6    -0.0     6.6    -0.4   122.6
2025 03 04  0942   60738   34920    0    -3.6     5.6     0.7     6.7     6.2   123.2
2025 03 04  0943   60738   34980    0    -3.4     5.9     0.4     6.8     3.4   119.9
2025 03 04  0944   60738   35040    0    -3.1     5.9    -0.2     6.7    -1.9   117.9
2025 03 04  0945   60738   35100    0    -3.6     5.5     1.0     6.6     8.7   123.7
2025 03 04  0946   60738   35160    0    -2.8     5.3    -2.2     6.4   -19.9   117.9
2025 03 04  0947   60738   35220    0    -2.6     5.9    -1.6     6.6   -13.6   113.4
2025 03 04  0948   60738   35280    0    -2.1     5.5    -2.9     6.5   -26.4   111.0
2025 03 04  0949   60738   35340    0    -2.0     5.2    -3.4     6.5   -31.0   110.7
2025 03 04  0950   60738   35400    0    -2.2     6.0    -1.8     6.6   -15.8   109.9
2025 03 04  0951   60738   35460    0    -2.2     6.3    -0.0     6.6    -0.1   109.1
2025 03 04  0952   60738   35520    0    -2.6     5.9    -1.0     6.5    -9.1   113.2
2025 03 04  0953   60738   35580    0    -3.5     5.6    -0.5     6.7    -4.1   122.2
2025 03 04  0954   60738   35640    0    -4.1     5.3    -0.6     6.7    -5.4   127.6
2025 03 04  0955   60738   35700    0    -4.4     5.1    -0.7     6.8    -6.2   130.4
2025 03 04  0956   60738   35760    0    -3.1     5.7    -1.2     6.6   -10.4   118.1
2025 03 04  0957   60738   35820    0    -2.3     6.2    -1.1     6.7    -9.8   110.8
2025 03 04  0958   60738   35880    9  -999.9  -999.9  -999.9  -999.9  -999.9  -999.9
2025 03 04  0959   60738   35940    9  -999.9  -999.9  -999.9  -999.9  -999.9  -999.9
2025 03 04  1000   60738   36000    9  -999.9  -999.9  -999.9  -999.9  -999.9  -999.9
2025 03 04  1001   60738   36060    0    -1.2     6.5    -0.8     6.6    -6.8   100.1
2025 03 04  1002   60738   36120    0    -1.8     6.3    -0.7     6.6    -6.1   106.2
2025 03 04  1003   60738   36180    0    -3.1     5.9    -0.1     6.6    -0.7   117.7
2025 03 04  1004   60738   36240    0    -2.9     6.1     0.6     6.8     5.4   115.9
2025 03 04  1005   60738   36300    0    -3.1     5.8     0.4     6.6     3.1   118.2
2025 03 04  1006   60738   36360    0    -1.9     6.2     0.8     6.6     6.9   107.4
2025 03 04  1007   60738   36420    0    -2.1     6.2     1.2     6.7    10.1   108.7
2025 03 04  1008   60738   36480    0    -2.2     6.3    -0.3     6.6    -2.3   109.2
2025 03 04  1009   60738   36540    0    -1.9     5.7    -2.7     6.6   -23.8   108.4
2025 03 04  1010   60738   36600    0    -2.3     5.4    -1.2     6.0   -11.4   113.4
2025 03 04  1011   60738   36660    0    -4.2     4.1     3.8     7.0    32.6   135.6
2025 03 04  1012   60738   36720    0    -4.6     3.8     3.7     7.0    31.7   140.7
2025 03 04  1013   60738   36780    0    -4.5     4.4     3.0     6.9    25.3   135.5
2025 03 04  1014   60738   36840    0    -4.9     4.4     2.2     6.9    18.4   138.5
2025 03 04  1015   60738   36900    0    -5.2     4.3     1.7     7.0    14.4   140.4
2025 03 04  1016   60738   36960    0    -4.9     4.5     2.4     7.0    20.1   137.7
2025 03 04  1017   60738   37020    0    -4.9     4.4     2.4     7.0    20.1   137.7
2025 03 04  1018   60738   37080    0    -5.0     4.0     2.7     7.0    22.7   141.4
2025 03 04  1019   60738   37140    0    -5.2     4.2     2.2     7.0    18.1   141.0
2025 03 04  1020   60738   37200    0    -5.0     4.1     2.8     7.0    23.4   140.5
2025 03 04  1021   60738   37260    0    -3.8     5.0     2.4     6.7    20.5   127.4
2025 03 04  1022   60738   37320    0    -3.6     5.1     2.5     6.7    21.9   125.2
2025 03 04  1023   60738   37380    0    -3.3     5.0     3.2     6.8    27.8   123.7
2025 03 04  1024   60738   37440    0    -3.9     4.0     4.0     6.9    35.4   133.8
2025 03 04  1025   60738   37500    0    -4.3     3.7     4.0     6.9    35.7   139.5
2025 03 04  1026   60738   37560    0    -4.5     3.5     3.9     6.9    34.7   141.9
2025 03 04  1027   60738   37620    0    -4.5     3.9     3.6     6.9    30.9   138.8
2025 03 04  1028   60738   37680    0    -4.2     3.9     3.9     6.9    34.1   136.9
2025 03 04  1029   60738   37740    0    -4.6     4.1     3.0     6.9    25.9   138.5
2025 03 04  1030   60738   37800    0    -4.1     5.2     1.0     6.7     8.1   128.1
2025 03 04  1031   60738   37860    0    -3.6     5.6     1.0     6.7     8.5   123.1
2025 03 04  1032   60738   37920    0    -3.0     5.7     2.0     6.7    17.5   117.6
2025 03 04  1033   60738   37980    0    -3.7     5.4     1.5     6.7    13.3   124.7
2025 03 04  1034   60738   38040    0    -4.1     5.2     1.8     6.8    15.4   128.3
2025 03 04  1035   60738   38100    0    -4.0     5.0     2.1     6.8    18.4   128.6
2025 03 04  1036   60738   38160    0    -3.7     5.1     2.5     6.8    22.1   125.6
2025 03 04  1037   60738   38220    0    -3.4     5.1     2.6     6.7    23.0   123.6
2025 03 04  1038   60738   38280    0    -4.0     5.0     2.4     6.8    20.6   128.5
2025 03 04  1039   60738   38340    0    -3.8     4.9     2.6     6.8    22.8   127.8
2025 03 04  1040   60738   38400    0    -3.5     5.0     2.8     6.7    24.8   125.2
2025 03 04  1041   60738   38460    0    -4.0     4.6     2.9     6.7    25.7   130.8
2025 03 04  1042   60738   38520    0    -4.1     4.4     2.9     6.7    25.6   132.4
2025 03 04  1043   60738   38580    0    -2.9     3.9     3.6     6.0    36.8   127.1
2025 03 04  1044   60738   38640    0    -2.2     4.0     4.6     6.5    45.1   119.4
2025 03 04  1045   60738   38700    0    -1.8     4.4     4.6     6.6    43.6   112.7
2025 03 04  1046   60738   38760    0    -2.3     4.0     4.8     6.7    45.7   120.3
2025 03 04  1047   60738   38820    0    -2.5     5.0     3.7     6.7    33.6   116.2
2025 03 04  1048   60738   38880    0    -1.9     5.3     3.3     6.5    30.2   110.2
2025 03 04  1049   60738   38940    0    -2.4     5.9     1.9     6.6    16.6   112.5
2025 03 04  1050   60738   39000    0    -2.9     5.6     1.8     6.6    15.7   117.3
2025 03 04  1051   60738   39060    0    -3.1     5.4     2.3     6.6    20.1   119.6
2025 03 04  1052   60738   39120    0    -3.5     4.8     2.9     6.6    26.2   125.8
2025 03 04  1053   60738   39180    0    -4.0     3.8     3.6     6.6    32.9   136.4
2025 03 04  1054   60738   39240    0    -3.0     4.6     3.5     6.5    32.9   123.6
2025 03 04  1055   60738   39300    0    -2.9     5.0     3.0     6.5    27.2   120.5
2025 03 04  1056   60738   39360    0    -3.1     5.3     2.5     6.6    22.4   120.1
2025 03 04  1057   60738   39420    0    -3.0     5.3     2.3     6.5    20.4   119.3
2025 03 04  1058   60738   39480    0    -3.4     5.6     1.1     6.6     9.1   121.1
2025 03 04  1059   60738   39540    0    -3.5     5.6     0.8     6.6     7.1   121.7
2025 03 04  1100   60738   39600    0    -3.2     5.8     0.7     6.6     6.2   118.7
2025 03 04  1101   60738   39660    0    -3.4     5.5     1.1     6.6     9.6   122.2
2025 03 04  1102   60738   39720    0    -3.8     5.4     0.9     6.6     7.7   124.9
2025 03 04  1103   60738   39780    0    -3.7     5.4    -0.1     6.6    -0.5   124.9
2025 03 04  1104   60738   39840    0    -3.8     5.3     0.1     6.6     0.7   125.9
2025 03 04  1105   60738   39900    0    -3.4     5.2     1.7     6.4    15.0   123.5
2025 03 04  1106   60738   39960    0    -3.6     5.3     1.0     6.5     8.8   124.4
2025 03 04  1107   60738   40020    0    -3.7     5.2     0.4     6.4     3.6   124.9
2025 03 04  1108   60738   40080    0    -4.1     5.0     0.9     6.5     7.7   129.2
2025 03 04  1109   60738   40140    0    -3.9     5.1     1.0     6.5     9.1   127.9
2025 03 04  1110   60738   40200    0    -4.2     4.9     0.9     6.5     7.7   130.5
2025 03 04  1111   60738   40260    0    -4.2     5.0     0.1     6.5     0.5   129.9
2025 03 04  1112   60738   40320    0    -3.9     5.2     0.6     6.5     5.5   126.9
2025 03 04  1113   60738   40380    0    -3.8     5.2     0.4     6.5     3.8   126.4
2025 03 04  1114   60738   40440    0    -3.7     5.3     0.5     6.5     4.7   125.2
2025 03 04  1115   60738   40500    0    -3.3     5.4     0.7     6.4     6.6   121.2
2025 03 04  1116   60738   40560    0    -3.9     5.1     0.3     6.4     2.6   127.4
2025 03 04  1117   60738   40620    0    -4.4     4.6     0.0     6.4     0.1   133.5
2025 03 04  1118   60738   40680    0    -4.1     4.9     0.8     6.4     6.8   130.1
2025 03 04  1119   60738   40740    0    -4.1     4.9     0.6     6.4     5.1   129.8
2025 03 04  1120   60738   40800    0    -4.3     4.8     0.4     6.4     3.7   131.6
2025 03 04  1121   60738   40860    0    -4.3     4.7     0.4     6.4     3.7   132.4
2025 03 04  1122   60738   40920    0    -4.4     4.7     0.6     6.5     5.7   133.3
2025 03 04  1123   60738   40980    0    -3.9     5.2     0.3     6.5     2.5   127.3
2025 03 04  1124   60738   41040    0    -3.9     5.1     0.9     6.5     8.3   127.7
2025 03 04  1125   60738   41100    0    -3.8     5.1     1.0     6.5     8.4   126.8
2025 03 04  1126   60738   41160    0    -3.9     5.0     1.1     6.4     9.6   127.9
2025 03 04  1127   60738   41220    0    -3.9     4.9    -0.2     6.3    -1.9   128.1
2025 03 04  1128   60738   41280    0    -3.6     5.4     0.2     6.4     1.4   123.5
2025 03 04  1129   60738   41340    0    -3.2     5.4    -0.1     6.3    -1.3   121.0
2025 03 04  1130   60738   41400    0    -2.3     5.8     0.7     6.3     6.6   111.6
2025 03 04  1131   60738   41460    0    -2.0     6.0     0.6     6.3     5.5   108.5
2025 03 04  1132   60738   41520    0    -2.6     5.8     0.7     6.4     6.3   113.8
2025 03 04  1133   60738   41580    0    -2.6     5.8     0.3     6.4     2.9   114.0
2025 03 04  1134   60738   41640    0    -1.4     6.0     0.6     6.2     5.9   102.9
2025 03 04  1135   60738   41700    0    -2.9     4.3     1.5     5.4    16.3   124.1
2025 03 04  1136   60738   41760    0    -2.7     5.5     0.1     6.1     1.4   115.6
2025 03 04  1137   60738   41820    0    -4.4     4.4     1.3     6.4    12.2   134.9
2025 03 04  1138   60738   41880    0    -4.5     4.5     1.3     6.5    11.5   134.8
2025 03 04  1139   60738   41940    0    -4.9     4.1     1.5     6.6    12.7   139.9
2025 03 04  1140   60738   42000    0    -4.9     4.3     1.2     6.6    10.4   139.2
2025 03 04  1141   60738   42060    0    -5.0     4.3     1.0     6.6     9.0   139.4
2025 03 04  1142   60738   42120    0    -5.2     4.0     1.1     6.7     9.8   142.1
2025 03 04  1143   60738   42180    0    -5.3     3.9     1.2     6.7    10.7   143.5
2025 03 04  1144   60738   42240    0    -5.4     3.8     1.2     6.7    10.7   144.8
2025 03 04  1145   60738   42300    0    -5.1     4.1     1.2     6.6    10.7   141.2
2025 03 04  1146   60738   42360    0    -5.4     3.6     1.3     6.6    11.0   146.4
2025 03 04  1147   60738   42420    0    -5.4     3.8     1.2     6.7    10.0   145.0
2025 03 04  1148   60738   42480    0    -5.5     3.5     1.3     6.6    11.1   147.1
2025 03 04  1149   60738   42540    0    -5.5     3.4     1.1     6.6     9.5   148.1
2025 03 04  1150   60738   42600    0    -5.6     3.2     0.9     6.6     7.7   150.4
2025 03 04  1151   60738   42660    0    -5.4     3.6     0.7     6.5     6.1   146.0
2025 03 04  1152   60738   42720    0    -5.3     3.8     0.8     6.5     6.7   144.1
2025 03 04  1153   60738   42780    0    -5.1     4.0     0.8     6.6     7.0   142.0
2025 03 04  1154   60738   42840    0    -5.1     4.0     0.2     6.5     2.1   142.0
2025 03 04  1155   60738   42900    0    -5.1     4.1     0.2     6.5     1.8   141.0
2025 03 04  1156   60738   42960    0    -5.0     4.2     0.3     6.5     2.2   139.6
2025 03 04  1157   60738   43020    0    -5.1     3.9     0.4     6.5     3.3   142.6
2025 03 04  1158   60738   43080    0    -5.2     3.8     0.1     6.5     0.6   143.9
2025 03 04  1159   60738   43140    0    -4.7     4.2     0.3     6.4     3.1   138.2
2025 03 04  1200   60738   43200    0    -3.7     5.0     1.0     6.3     9.3   126.5
2025 03 04  1201   60738   43260    0    -3.2     5.2     0.6     6.2     5.7   121.9
2025 03 04  1202   60738   43320    0    -2.4     5.3     1.7     6.0    16.2   114.3
2025 03 04  1203   60738   43380    0    -1.8     5.3     1.9     6.0    18.9   108.7
2025 03 04  1204   60738   43440    0    -4.0     4.7     1.0     6.2     8.9   130.6
2025 03 04  1205   60738   43500    0    -4.8     3.8     1.2     6.3    10.7   141.5
2025 03 04  1206   60738   43560    0    -4.1     4.3     1.6     6.2    15.0   133.6
2025 03 04  1207   60738   43620    0    -3.6     4.7     2.1     6.2    19.3   127.8
2025 03 04  1208   60738   43680    0    -3.3     5.2     0.8     6.2     7.7   122.6
2025 03 04  1209   60738   43740    0    -3.9     4.8     0.4     6.2     3.5   128.6
2025 03 04  1210   60738   43800    0    -3.1     5.3     0.2     6.2     1.6   120.3
2025 03 04  1211   60738   43860    0    -3.3     5.2    -0.1     6.2    -0.7   122.1
2025 03 04  1212   60738   43920    0    -2.4     5.6    -0.3     6.1    -2.6   113.2
2025 03 04  1213   60738   43980    0    -1.8     5.8    -0.4     6.1    -3.3   107.4
2025 03 04  1214   60738   44040    0    -1.7     5.8    -0.0     6.1    -0.2   106.1
2025 03 04  1215   60738   44100    0    -1.5     5.8    -0.2     6.0    -2.2   104.6
2025 03 04  1216   60738   44160    0    -2.8     5.6     0.5     6.3     4.9   116.8
2025 03 04  1217   60738   44220    0    -3.1     5.3     1.2     6.3    11.2   120.7
2025 03 04  1218   60738   44280    0    -3.3     5.2     0.4     6.2     4.1   122.2
2025 03 04  1219   60738   44340    0    -3.5     4.9     0.9     6.1     8.2   125.6
2025 03 04  1220   60738   44400    0    -4.2     4.3     1.7     6.2    15.6   134.3
2025 03 04  1221   60738   44460    0    -4.1     4.5     1.4     6.2    13.1   132.3
2025 03 04  1222   60738   44520    0    -4.0     4.4     0.5     5.9     5.1   132.2
2025 03 04  1223   60738   44580    0    -3.6     4.7     0.2     6.0     2.4   127.5
2025 03 04  1224   60738   44640    0    -3.3     5.0    -0.2     6.0    -2.0   123.7
2025 03 04  1225   60738   44700    0    -2.0     4.9    -1.4     5.5   -14.4   112.4
2025 03 04  1226   60738   44760    0     0.8     4.9    -2.5     5.6   -26.8    80.4
2025 03 04  1227   60738   44820    0    -1.2     5.5    -1.7     5.9   -16.8   101.9
2025 03 04  1228   60738   44880    0    -1.6     5.1    -2.2     5.8   -22.1   107.9
2025 03 04  1229   60738   44940    0    -1.8     5.3    -1.7     5.9   -16.6   108.9
2025 03 04  1230   60738   45000    0    -3.1     5.0    -0.9     6.0    -8.2   122.3
2025 03 04  1231   60738   45060    0    -4.9     3.8     2.3     6.6    20.6   142.2
2025 03 04  1232   60738   45120    0    -4.8     3.9     2.2     6.6    19.5   140.6
2025 03 04  1233   60738   45180    0    -4.8     3.9     2.0     6.5    18.0   140.8
2025 03 04  1234   60738   45240    0    -4.8     4.0     2.1     6.6    18.8   140.5
2025 03 04  1235   60738   45300    0    -4.8     3.8     2.1     6.5    18.7   141.7
2025 03 04  1236   60738   45360    0    -4.7     4.0     2.0     6.5    17.6   139.1
2025 03 04  1237   60738   45420    0    -4.5     4.2     1.9     6.4    16.9   137.2
2025 03 04  1238   60738   45480    0    -4.4     4.2     1.8     6.3    16.8   136.4
2025 03 04  1239   60738   45540    0    -4.4     4.1     1.9     6.3    17.1   136.6
2025 03 04  1240   60738   45600    0    -4.6     4.0     1.8     6.3    16.7   138.5
2025 03 04  1241   60738   45660    0    -4.5     4.1     1.8     6.3    16.2   137.7
2025 03 04  1242   60738   45720    0    -4.3     4.0     1.7     6.1    16.2   136.7
2025 03 04  1243   60738   45780    0    -2.9     4.2    -0.5     5.1    -5.7   124.0
2025 03 04  1244   60738   45840    0    -1.6     4.6    -1.3     5.0   -15.0   109.5
2025 03 04  1245   60738   45900    0    -1.5     4.4    -2.1     5.1   -24.8   108.4
2025 03 04  1246   60738   45960    0    -1.2     4.2    -2.6     5.1   -30.3   105.3
2025 03 04  1247   60738   46020    0    -0.5     4.2    -2.5     4.9   -31.1    96.3
2025 03 04  1248   60738   46080    0     0.1     3.9    -2.2     4.5   -30.2    89.0
2025 03 04  1249   60738   46140    0    -4.7     2.1    -0.1     5.2    -1.5   156.2
2025 03 04  1250   60738   46200    0    -4.1     3.2     0.1     5.2     1.5   142.4
2025 03 04  1251   60738   46260    0    -3.6     4.0     0.3     5.3     3.7   132.0
2025 03 04  1252   60738   46320    0    -3.5     4.1     1.2     5.5    12.2   130.5
2025 03 04  1253   60738   46380    0    -4.2     4.3     0.2     6.0     1.7   134.6
2025 03 04  1254   60738   46440    0    -4.5     4.2     0.5     6.1     4.3   136.8
2025 03 04  1255   60738   46500    9  -999.9  -999.9  -999.9  -999.9  -999.9  -999.9
2025 03 04  1256   60738   46560    0    -4.9     3.6     1.1     6.2    10.1   143.9
2025 03 04  1257   60738   46620    0    -4.8     3.5     1.4     6.1    13.3   143.7
2025 03 04  1258   60738   46680    0    -4.3     3.8     1.3     5.9    13.2   138.1
2025 03 04  1259   60738   46740    0    -3.4     4.2     1.1     5.5    11.2   129.2
2025 03 04  1300   60738   46800    0    -3.1     4.5     0.8     5.5     8.0   124.3
2025 03 04  1301   60738   46860    0    -2.7     4.6     0.4     5.3     4.2   120.1
2025 03 04  1302   60738   46920    0    -0.4     3.9    -0.9     4.0   -13.5    95.4
2025 03 04  1303   60738   46980    0     2.2     2.8    -2.2     4.2   -32.1    51.0
2025 03 04  1304   60738   47040    0    -0.8     4.6    -1.3     4.9   -15.3    99.8
2025 03 04  1305   60738   47100    0    -0.3     4.6    -1.5     4.9   -18.1    94.2
2025 03 04  1306   60738   47160    0     0.0     4.4    -2.1     4.8   -25.5    89.8
2025 03 04  1307   60738   47220    0     0.3     3.9    -2.4     4.6   -31.2    85.2
2025 03 04  1308   60738   47280    0    -0.2     4.4    -1.5     4.6   -18.5    93.2
2025 03 04  1309   60738   47340    0    -1.3     4.9    -1.0     5.2   -11.1   105.3
2025 03 04  1310   60738   47400    0    -1.2     4.4    -1.4     4.8   -16.8   105.7
2025 03 04  1311   60738   47460    0    -2.7     4.6    -0.8     5.4    -8.4   120.6
2025 03 04  1312   60738   47520    0    -3.1     4.4    -0.3     5.4    -2.9   124.6
2025 03 04  1313   60738   47580    0    -3.3     4.4     0.7     5.5     7.1   126.5
2025 03 04  1314   60738   47640    0    -3.1     4.4     0.4     5.4     4.1   125.2
2025 03 04  1315   60738   47700    0    -2.8     4.7    -0.2     5.5    -2.5   120.9
2025 03 04  1316   60738   47760    0    -2.5     4.8    -0.6     5.5    -6.3   117.0
2025 03 04  1317   60738   47820    0    -2.4     4.8     0.7     5.4     7.5   116.3
2025 03 04  1318   60738   47880    0    -2.1     4.9     0.6     5.4     6.2   113.6
2025 03 04  1319   60738   47940    0    -2.6     4.4     1.5     5.3    16.0   119.8
2025 03 04  1320   60738   48000    0    -2.4     4.3     2.3     5.4    25.1   119.8
2025 03 04  1321   60738   48060    0    -3.1     2.3     3.8     5.4    44.5   143.0
2025 03 04  1322   60738   48120    0    -2.7     3.9     2.4     5.3    27.3   125.1
2025 03 04  1323   60738   48180    0    -3.3     3.7     2.0     5.4    22.1   131.4
2025 03 04  1324   60738   48240    0    -2.8     3.8     2.5     5.3    27.9   125.7
2025 03 04  1325   60738   48300    0    -3.1     4.3     1.6     5.5    16.7   125.6
2025 03 04  1326   60738   48360    0    -2.9     4.6     0.6     5.5     6.5   122.1
2025 03 04  1327   60738   48420    0    -2.6     4.7     0.4     5.4     4.8   119.2
2025 03 04  1328   60738   48480    0    -2.1     5.0    -0.1     5.5    -0.8   112.3
2025 03 04  1329   60738   48540    0    -0.3     5.0    -0.8     5.0    -8.6    93.6
2025 03 04  1330   60738   48600    0    -0.1     4.0    -1.0     4.2   -14.3    91.6
2025 03 04  1331   60738   48660    0    -1.9     4.0     0.4     4.5     5.4   114.8
2025 03 04  1332   60738   48720    0    -3.4     3.5     0.2     4.9     2.8   133.6
2025 03 04  1333   60738   48780    0    -4.6     2.6     0.4     5.3     3.9   150.8
2025 03 04  1334   60738   48840    0    -4.7     1.9    -0.1     5.1    -1.4   158.2
2025 03 04  1335   60738   48900    0    -4.6     2.4    -0.0     5.2    -0.1   152.7
2025 03 04  1336   60738   48960    0    -3.5     3.5    -0.5     5.0    -5.8   134.4
2025 03 04  1337   60738   49020    0    -2.3     4.0    -0.4     4.6    -4.7   120.3
2025 03 04  1338   60738   49080    0     0.6     3.9    -1.7     4.3   -23.6    81.7
2025 03 04  1339   60738   49140    0     1.2     3.8    -1.7     4.4   -23.2    72.3
2025 03 04  1340   60738   49200    0     1.0     4.0    -1.9     4.5   -24.8    76.4
2025 03 04  1341   60738   49260    0     0.5     4.0    -1.9     4.4   -25.4    82.4
2025 03 04  1342   60738   49320    0     1.0     4.1    -1.5     4.5   -19.6    75.7
2025 03 04  1343   60738   49380    0     0.6     4.2    -1.4     4.5   -18.5    81.6
2025 03 04  1344   60738   49440    0     0.7     3.5    -2.6     4.5   -36.1    78.1
2025 03 04  1345   60738   49500    0     1.5     2.7    -3.3     4.5   -46.8    62.1
2025 03 04  1346   60738   49560    0     0.3     4.4    -0.7     4.5    -8.5    86.4
2025 03 04  1347   60738   49620    0     0.9     4.0    -1.2     4.3   -16.2    76.9
2025 03 04  1348   60738   49680    0     0.6     3.7    -1.7     4.1   -24.2    81.3
2025 03 04  1349   60738   49740    0     0.1     3.6    -2.8     4.5   -37.8    88.1
2025 03 04  1350   60738   49800    0     0.9     3.5    -2.2     4.2   -32.2    75.9
2025 03 04  1351   60738   49860    0     0.8     4.1    -1.4     4.4   -17.9    79.5
2025 03 04  1352   60738   49920    0     0.2     4.3    -0.9     4.4   -12.2    87.4
2025 03 04  1353   60738   49980    0     0.2     4.1    -1.3     4.3   -17.1    87.6
2025 03 04  1354   60738   50040    0     0.8     4.0    -1.8     4.4   -23.7    79.2
2025 03 04  1355   60738   50100    0     1.1     3.5    -2.5     4.5   -33.4    72.0
2025 03 04  1356   60738   50160    0     1.4     3.4    -2.7     4.6   -36.1    67.8
2025 03 04  1357   60738   50220    0     1.6     3.2    -2.7     4.4   -36.9    64.0
2025 03 04  1358   60738   50280    0     1.5     3.2    -2.6     4.4   -36.7    65.2
2025 03 04  1359   60738   50340    0     1.9     2.9    -2.8     4.5   -38.9    56.7
2025 03 04  1400   60738   50400    0     2.1     2.6    -2.8     4.3   -40.2    51.5
2025 03 04  1401   60738   50460    0     1.7     2.8    -2.8     4.3   -41.0    58.8
2025 03 04  1402   60738   50520    0     1.3     3.5    -2.4     4.4   -33.1    70.1
2025 03 04  1403   60738   50580    0     1.2     3.6    -2.5     4.5   -33.8    71.9
2025 03 04  1404   60738   50640    0     0.6     4.3    -1.9     4.7   -23.4    81.5
2025 03 04  1405   60738   50700    0    -1.0     5.2     0.5     5.3     5.0   100.4
2025 03 04  1406   60738   50760    0    -0.9     5.4     1.0     5.5    10.8    99.3
2025 03 04  1407   60738   50820    0    -1.0     4.9     1.7     5.3    18.9   101.8
2025 03 04  1408   60738   50880    0    -0.9     4.8     1.4     5.1    15.8   100.3
2025 03 04  1409   60738   50940    0    -1.2     4.7     1.1     5.0    12.5   103.9
2025 03 04  1410   60738   51000    0    -1.0     4.7     1.4     5.0    16.6   102.1
2025 03 04  1411   60738   51060    0    -0.9     5.1     1.3     5.3    14.6    99.6
2025 03 04  1412   60738   51120    0    -2.0     4.9     1.0     5.4    10.5   111.9
2025 03 04  1413   60738   51180    0    -1.9     5.2     0.9     5.5     9.2   109.8
2025 03 04  1414   60738   51240    0    -1.8     5.2     0.9     5.5     9.2   109.5
2025 03 04  1415   60738   51300    0    -1.5     5.2     0.7     5.5     7.7   106.4
2025 03 04  1416   60738   51360    0    -1.1     5.2     1.2     5.4    12.6   102.1
2025 03 04  1417   60738   51420    0    -2.3     4.8     1.6     5.6    16.3   115.9
2025 03 04  1418   60738   51480    0    -3.1     3.9     2.4     5.5    25.4   128.9
2025 03 04  1419   60738   51540    0    -3.4     3.1     2.7     5.4    30.5   137.3
2025 03 04  1420   60738   51600    0    -3.5     2.9     2.9     5.4    33.0   140.0
2025 03 04  1421   60738   51660    0    -3.7     3.2     2.6     5.5    28.6   139.0
2025 03 04  1422   60738   51720    0    -3.6     2.8     2.9     5.4    32.1   142.3
2025 03 04  1423   60738   51780    0    -4.5     1.7     2.6     5.4    28.1   159.6
2025 03 04  1424   60738   51840    0    -3.9     3.5     2.3     5.7    23.5   137.9
2025 03 04  1425   60738   51900    0    -2.8     4.0     1.7     5.1    19.4   124.8
2025 03 04  1426   60738   51960    0    -0.3     5.0    -1.3     5.2   -14.1    93.0
2025 03 04  1427   60738   52020    0    -0.7     5.1    -1.2     5.3   -12.7    98.2
2025 03 04  1428   60738   52080    0    -1.2     5.0    -0.9     5.2   -10.1   103.2
2025 03 04  1429   60738   52140    0    -1.8     4.4    -1.1     4.9   -12.8   111.6
2025 03 04  1430   60738   52200    0    -1.4     4.7    -0.9     5.0   -10.5   106.3
2025 03 04  1431   60738   52260    9  -999.9  -999.9  -999.9  -999.9  -999.9  -999.9
2025 03 04  1432   60738   52320    0    -0.3     5.0    -0.5     5.1    -5.9    93.7
2025 03 04  1433   60738   52380    0    -1.1     4.7    -0.7     4.8    -8.0   102.8
2025 03 04  1434   60738   52440    0    -1.8     4.3    -1.8     5.0   -21.0   112.2
2025 03 04  1435   60738   52500    0    -2.4     4.1    -1.9     5.1   -22.0   120.7
2025 03 04  1436   60738   52560    0    -2.6     4.2    -1.3     5.1   -14.4   121.6
2025 03 04  1437   60738   52620    0    -1.9     4.8     0.7     5.2     7.2   111.8
2025 03 04  1438   60738   52680    0    -1.1     4.5     1.1     4.8    13.3   103.8
2025 03 04  1439   60738   52740    0    -0.9     4.1     2.1     4.6    26.5   101.9
2025 03 04  1440   60738   52800    0    -2.5     3.5     2.4     5.0    29.2   125.7
2025 03 04  1441   60738   52860    0    -3.2     3.2     2.4     5.1    27.8   134.9
2025 03 04  1442   60738   52920    0    -2.4     3.7     2.6     5.1    30.9   122.9
2025 03 04  1443   60738   52980    0    -2.1     3.7     2.3     4.9    28.2   119.6
2025 03 04  1444   60738   53040    0    -1.3     4.0     2.4     4.8    29.6   108.6
2025 03 04  1445   60738   53100    0     0.1     4.6     1.5     4.8    17.9    88.6
2025 03 04  1446   60738   53160    0    -0.1     4.6     1.5     4.8    18.4    91.1
2025 03 04  1447   60738   53220    0     0.3     4.7     1.0     4.8    11.6    85.8
2025 03 04  1448   60738   53280    0     0.4     4.6     1.4     4.8    17.4    85.5
2025 03 04  1449   60738   53340    0     0.8     4.7     0.6     4.8     7.1    80.4
2025 03 04  1450   60738   53400    0     0.8     4.3     0.8     4.5    10.3    79.4
2025 03 04  1451   60738   53460    0     0.6     4.4     1.8     4.8    22.3    82.0
2025 03 04  1452   60738   53520    0     0.8     4.3     1.7     4.7    21.5    79.7
2025 03 04  1453   60738   53580    0     0.6     4.1     1.8     4.6    23.2    81.5
2025 03 04  1454   60738   53640    0    -3.5     1.2     3.2     4.9    41.3   161.7
2025 03 04  1455   60738   53700    0    -4.5     0.3     3.1     5.4    35.1   176.3
2025 03 04  1456   60738   53760    0    -4.4     0.2     2.5     5.1    30.2   177.0
2025 03 04  1457   60738   53820    0    -4.3    -0.1     2.5     5.0    30.8   180.9
2025 03 04  1458   60738   53880    0    -4.6     0.6     2.9     5.5    32.1   172.3
2025 03 04  1459   60738   53940    0    -4.9     0.3     2.7     5.6    28.8   176.2
2025 03 04  1500   60738   54000    0    -4.9    -0.5     2.7     5.7    28.6   185.7
2025 03 04  1501   60738   54060    0    -4.9    -0.1     2.9     5.7    30.7   181.4
2025 03 04  1502   60738   54120    0    -5.0     0.2     2.9     5.8    30.0   177.6
2025 03 04  1503   60738   54180    0    -4.9     0.2     2.9     5.7    31.1   177.3
2025 03 04  1504   60738   54240    0    -4.7     0.3     3.2     5.7    34.0   176.5
2025 03 04  1505   60738   54300    0    -4.7     0.6     3.0     5.6    32.8   172.2
2025 03 04  1506   60738   54360    0    -4.5     0.9     2.8     5.4    31.5   168.6
2025 03 04  1507   60738   54420    0    -3.7    -0.5     3.4     5.0    42.7   187.0
2025 03 04  1508   60738   54480    0    -3.3    -0.5     3.5     4.8    46.3   189.3
2025 03 04  1509   60738   54540    0    -2.8     1.3     3.3     4.5    46.2   155.0
2025 03 04  1510   60738   54600    0    -2.9     1.8     3.5     4.9    46.2   147.7
2025 03 04  1511   60738   54660    9  -999.9  -999.9  -999.9  -999.9  -999.9  -999.9
2025 03 04  1512   60738   54720    0    -3.1    -0.0     4.2     5.2    54.2   180.4
2025 03 04  1513   60738   54780    0    -2.9     0.3     4.4     5.3    56.1   174.8
2025 03 04  1514   60738   54840    9  -999.9  -999.9  -999.9  -999.9  -999.9  -999.9
2025 03 04  1515   60738   54900    0    -3.1     1.6     3.1     4.6    41.6   152.7
2025 03 04  1516   60738   54960    0    -3.7     2.4     2.7     5.2    31.2   147.3
2025 03 04  1517   60738   55020    0    -2.4     3.4     2.2     4.7    27.8   125.8
2025 03 04  1518   60738   55080    0    -3.2     3.1     2.7     5.2    31.5   136.4
2025 03 04  1519   60738   55140    0    -1.3     4.4     1.2     4.7    15.3   106.3
2025 03 04  1520   60738   55200    0    -0.5     4.4     1.3     4.6    16.6    96.0
2025 03 04  1521   60738   55260    0    -0.7     4.4     1.4     4.7    17.3    98.3
2025 03 04  1522   60738   55320    0    -0.9     4.4     1.2     4.7    15.3   102.0
2025 03 04  1523   60738   55380    0    -0.8     4.7     0.5     4.8     5.9    99.1
2025 03 04  1524   60738   55440    0     0.1     4.1    -0.3     4.1    -4.9    88.4
2025 03 04  1525   60738   55500    0     2.6     0.9    -2.4     3.6   -41.1    19.4
2025 03 04  1526   60738   55560    0     2.2     2.3    -0.3     3.2    -6.1    45.9
2025 03 04  1527   60738   55620    0     2.5     1.6    -0.6     3.1   -10.3    33.1
2025 03 04  1528   60738   55680    0     2.5     1.1    -0.3     2.8    -5.7    24.2
2025 03 04  1529   60738   55740    0     1.5     2.0     0.3     2.5     6.2    53.6
2025 03 04  1530   60738   55800    0    -3.1    -0.6     2.5     4.0    39.1   190.2
2025 03 04  1531   60738   55860    0    -3.9    -1.2     1.5     4.3    20.7   197.0
2025 03 04  1532   60738   55920    0    -2.3    -0.2     1.2     2.6    27.0   186.0
2025 03 04  1533   60738   55980    0    -3.0    -0.9     1.6     3.5    26.7   196.8
2025 03 04  1534   60738   56040    0    -3.7    -1.1     1.9     4.3    26.4   196.6
2025 03 04  1535   60738   56100    0    -4.0    -2.2     0.4     4.5     5.1   209.1
2025 03 04  1536   60738   56160    0    -4.2    -2.2    -0.2     4.7    -2.0   208.3
2025 03 04  1537   60738   56220    0    -4.6    -1.4     0.2     4.8     2.3   196.9
2025 03 04  1538   60738   56280    0    -4.7    -1.1     0.2     4.8     2.9   193.1
2025 03 04  1539   60738   56340    0    -4.9    -0.9     0.3     5.0     2.9   190.2
2025 03 04  1540   60738   56400    0    -5.2     0.3    -0.2     5.2    -2.3   177.0
2025 03 04  1541   60738   56460    0    -4.8     0.7    -0.7     4.9    -7.6   171.7
2025 03 04  1542   60738   56520    0    -4.8     0.7     0.0     4.9     0.3   171.7
2025 03 04  1543   60738   56580    0    -4.9     1.2    -0.6     5.0    -6.9   166.6
2025 03 04  1544   60738   56640    0    -4.9     1.3    -0.8     5.1    -9.5   165.6
2025 03 04  1545   60738   56700    2    -4.6     1.9    -0.8     5.0    -9.6   157.7
2025 03 04  1546   60738   56760    2    -4.4     1.9    -0.5     4.8    -5.4   156.7
2025 03 04  1547   60738   56820    2    -4.5     1.9     0.3     4.9     3.8   157.0
2025 03 04  1548   60738   56880    2    -4.1     0.5     1.7     4.4    22.9   172.6
2025 03 04  1549   60738   56940    2    -4.1     2.0     0.9     4.7    11.3   153.7
2025 03 04  1550   60738   57000    2    -4.0     1.9     1.3     4.6    16.3   155.1
2025 03 04  1551   60738   57060    2    -3.3     3.1     0.1     4.5     0.7   136.7
2025 03 04  1552   60738   57120    2    -2.8     3.9    -0.7     4.8    -8.4   125.7
2025 03 04  1553   60738   57180    2    -2.2     3.9    -1.0     4.6   -12.8   119.4
2025 03 04  1554   60738   57240    2    -3.3     2.8     0.3     4.3     3.8   140.6
2025 03 04  1555   60738   57300    2    -2.8     3.4    -0.8     4.5   -10.0   129.0
2025 03 04  1556   60738   57360    2    -2.9    -0.1     2.7     3.9    43.4   182.0
2025 03 04  1557   60738   57420    2    -3.1     0.3     4.0     5.1    52.1   174.8
2025 03 04  1558   60738   57480    2    -0.8     2.5     0.2     2.7     4.2   107.7
2025 03 04  1559   60738   57540    9  -999.9  -999.9  -999.9  -999.9  -999.9  -999.9
2025 03 04  1600   60738   57600    0    -4.5    -1.2     2.3     5.2    25.9   194.7
2025 03 04  1601   60738   57660    9  -999.9  -999.9  -999.9  -999.9  -999.9  -999.9
2025 03 04  1602   60738   57720    0    -4.2     0.3     3.1     5.2    36.6   175.6
2025 03 04  1603   60738   57780    0    -4.0     0.8     3.3     5.2    39.0   168.3
2025 03 04  1604   60738   57840    0    -3.7     2.0     2.8     5.1    33.7   152.1
2025 03 04  1605   60738   57900    0    -2.7     3.3     1.8     4.6    23.1   129.3
2025 03 04  1606   60738   57960    0    -1.9     4.2     1.1     4.7    13.9   114.8
2025 03 04  1607   60738   58020    0    -1.2     4.3     1.0     4.6    13.1   105.8
2025 03 04  1608   60738   58080    0     1.4     0.7    -2.3     2.8   -56.0    28.0
2025 03 04  1609   60738   58140    0     2.2     0.4    -3.7     4.3   -59.4    10.3
2025 03 04  1610   60738   58200    0     2.4    -0.2    -3.8     4.5   -57.8   356.2
2025 03 04  1611   60738   58260    0     2.4     0.0    -3.8     4.5   -57.5     0.1
2025 03 04  1612   60738   58320    0     2.5     0.4    -3.8     4.5   -56.8     8.5
2025 03 04  1613   60738   58380    0     2.8    -0.6    -3.4     4.4   -50.4   348.5
2025 03 04  1614   60738   58440    0     3.3     0.0    -3.0     4.5   -42.4     0.8
2025 03 04  1615   60738   58500    0     3.8     0.4    -2.3     4.5   -31.5     6.3
2025 03 04  1616   60738   58560    0     4.1     0.7    -1.8     4.6   -23.6    10.1
2025 03 04  1617   60738   58620    0     3.9     1.4    -2.1     4.6   -26.8    19.6
2025 03 04  1618   60738   58680    0     3.6     2.4    -1.5     4.6   -19.3    34.2
2025 03 04  1619   60738   58740    0     3.3     3.0    -1.0     4.6   -13.1    42.5
2025 03 04  1620   60738   58800    0     3.0     3.5    -1.2     4.8   -14.9    49.5
2025 03 04  1621   60738   58860    0     3.0     3.6    -0.8     4.8    -9.5    50.9
2025 03 04  1622   60738   58920    0     4.1     1.6     0.5     4.4     7.1    21.6
2025 03 04  1623   60738   58980    0     3.8     2.3     0.8     4.5    10.1    30.8
2025 03 04  1624   60738   59040    0     3.6     2.7     1.0     4.6    12.4    36.5
2025 03 04  1625   60738   59100    0     3.4     2.9     1.2     4.6    15.0    40.5
2025 03 04  1626   60738   59160    0     3.1     3.1     1.0     4.5    12.4    44.8
2025 03 04  1627   60738   59220    0     3.6     2.4     1.2     4.5    15.8    33.3
2025 03 04  1628   60738   59280    0     3.5     2.5     0.6     4.3     8.0    35.2
2025 03 04  1629   60738   59340    0     3.2     2.9     0.2     4.3     2.9    42.3
2025 03 04  1630   60738   59400    0     3.3     2.6     1.2     4.4    16.3    38.5
2025 03 04  1631   60738   59460    0     3.2     2.6     1.3     4.4    18.0    39.0
2025 03 04  1632   60738   59520    0     2.2     3.8    -0.2     4.4    -2.6    60.1
2025 03 04  1633   60738   59580    0     2.1     4.0    -0.4     4.5    -5.1    61.8
2025 03 04  1634   60738   59640    0     1.9     3.9     0.0     4.3     0.2    63.7
2025 03 04  1635   60738   59700    0     2.1     3.8     0.1     4.3     1.0    60.7
2025 03 04  1636   60738   59760    0     2.2     3.8     0.4     4.4     4.8    59.7
2025 03 04  1637   60738   59820    0     2.4     3.4    -1.0     4.3   -13.5    54.4
2025 03 04  1638   60738   59880    0     2.1     3.6    -1.4     4.4   -18.0    60.4
2025 03 04  1639   60738   59940    0     2.2     3.6    -1.3     4.4   -17.5    59.1
2025 03 04  1640   60738   60000    0     2.5     3.6    -1.2     4.5   -15.9    55.6
2025 03 04  1641   60738   60060    0     2.3     3.8    -0.8     4.5   -10.5    58.6
2025 03 04  1642   60738   60120    0     2.7     3.6    -0.6     4.5    -7.3    53.2
2025 03 04  1643   60738   60180    0     3.1     2.5    -1.1     4.1   -14.8    39.5
2025 03 04  1644   60738   60240    0     3.2     2.3    -1.0     4.1   -14.7    36.0
2025 03 04  1645   60738   60300    0     3.0     3.2     0.3     4.4     3.8    46.9
2025 03 04  1646   60738   60360    0     2.9     3.0    -0.0     4.2    -0.5    46.1
2025 03 04  1647   60738   60420    0     2.9     3.2     0.7     4.3     8.8    47.6
2025 03 04  1648   60738   60480    0     3.2     2.7     0.8     4.3    10.8    39.9
2025 03 04  1649   60738   60540    0     3.0     3.0     0.7     4.3     8.7    45.0
2025 03 04  1650   60738   60600    0     2.7     3.5     0.1     4.4     1.4    52.3
2025 03 04  1651   60738   60660    0     2.0     3.8     1.3     4.5    16.2    61.9
2025 03 04  1652   60738   60720    2     1.4     4.3     0.8     4.6    10.3    71.4
2025 03 04  1653   60738   60780    2     1.6     4.3    -0.4     4.6    -5.1    69.8
2025 03 04  1654   60738   60840    2     1.6     4.5    -0.4     4.7    -4.4    70.4
2025 03 04  1655   60738   60900    2     0.2     4.7    -0.1     4.7    -1.8    87.6
2025 03 04  1656   60738   60960    2    -0.6     4.7     0.2     4.7     2.6    96.8
2025 03 04  1657   60738   61020    2    -0.4     4.7     0.7     4.7     8.1    95.0
2025 03 04  1658   60738   61080    2     1.6     3.5    -0.1     3.9    -1.6    65.5
2025 03 04  1659   60738   61140    2     1.6     4.0    -0.3     4.3    -4.3    67.9
2025 03 04  1700   60738   61200    2     1.2     4.4    -0.7     4.6    -9.3    75.0
2025 03 04  1701   60738   61260    2     1.6     3.8    -0.4     4.2    -5.2    67.3
2025 03 04  1702   60738   61320    2    -1.0     4.8     1.1     5.0    13.0   101.4
2025 03 04  1703   60738   61380    2    -0.1     4.5     1.5     4.8    17.8    91.4
2025 03 04  1704   60738   61440    2     0.8     4.2     0.7     4.3     8.9    79.4
2025 03 04  1705   60738   61500    0     1.8     2.6     0.6     3.2    11.2    56.2
2025 03 04  1706   60738   61560    0     2.6     1.7    -1.1     3.3   -19.7    34.0
2025 03 04  1707   60738   61620    0     3.4     1.4     1.0     3.8    15.9    22.1
2025 03 04  1708   60738   61680    0     2.8     2.3     0.1     3.6     1.0    39.4
2025 03 04  1709   60738   61740    0     2.6     2.2     0.0     3.4     0.1    39.4
2025 03 04  1710   60738   61800    0    -0.9     1.3     2.6     3.0    58.5   124.7
2025 03 04  1711   60738   61860    0    -2.6     2.1     3.9     5.1    49.3   141.0
2025 03 04  1712   60738   61920    0    -1.6     2.5     4.1     5.1    54.1   121.4
2025 03 04  1713   60738   61980    0    -1.1     3.1     3.9     5.2    49.7   109.4
2025 03 04  1714   60738   62040    0    -1.1     3.4     3.7     5.1    45.6   107.4
2025 03 04  1715   60738   62100    0     0.2     3.6     3.5     5.0    44.0    86.9
2025 03 04  1716   60738   62160    0     2.1     3.9     1.9     4.8    23.5    61.0
2025 03 04  1717   60738   62220    0     1.8     4.2     1.8     4.9    21.1    66.2
2025 03 04  1718   60738   62280    0     3.1     3.2     0.9     4.5    11.4    46.0
2025 03 04  1719   60738   62340    0     1.4     3.3     2.6     4.4    35.8    67.5
2025 03 04  1720   60738   62400    0     0.6     3.7     2.4     4.4    32.9    81.4
2025 03 04  1721   60738   62460    0    -0.7     3.5     3.4     4.9    43.0   100.9
2025 03 04  1722   60738   62520    0    -1.3     3.7     3.0     5.0    37.4   109.7
2025 03 04  1723   60738   62580    0    -2.0     3.5     1.8     4.4    23.9   119.7
2025 03 04  1724   60738   62640    0    -2.0     4.1     2.0     5.0    23.9   115.6
2025 03 04  1725   60738   62700    0    -1.9     4.1     2.7     5.2    30.6   114.5
2025 03 04  1726   60738   62760    0    -2.6     2.9     2.9     4.9    35.9   131.8
2025 03 04  1727   60738   62820    0    -2.1     3.8     3.3     5.5    37.3   118.4
2025 03 04  1728   60738   62880    0    -1.0     3.8     1.9     4.3    25.6   105.0
2025 03 04  1729   60738   62940    0    -0.3     5.0     2.8     5.8    29.2    93.8
2025 03 04  1730   60738   63000    0     0.3     4.9     2.1     5.3    23.2    86.9
2025 03 04  1731   60738   63060    0    -0.8     4.5     3.3     5.6    35.6   100.6
2025 03 04  1732   60738   63120    0    -2.4     4.8     1.8     5.7    18.1   116.3
2025 03 04  1733   60738   63180    0    -4.1     2.7     2.5     5.6    27.2   147.0
2025 03 04  1734   60738   63240    0    -4.4     2.7     2.9     5.9    29.6   148.1
2025 03 04  1735   60738   63300    0    -4.9     3.3     1.1     6.0    10.8   145.8
2025 03 04  1736   60738   63360    0    -5.3     2.8     1.0     6.1     9.7   152.1
2025 03 04  1737   60738   63420    0    -5.4     1.6    -1.9     6.0   -18.9   163.0
2025 03 04  1738   60738   63480    0    -5.1     1.8    -3.0     6.1   -29.0   160.6
2025 03 04  1739   60738   63540    0    -5.2     1.7    -2.5     6.0   -24.2   162.4
2025 03 04  1740   60738   63600    0    -4.1    -0.4    -4.1     5.8   -44.6   186.0
2025 03 04  1741   60738   63660    0    -2.8    -2.2    -4.7     5.9   -52.6   218.1
2025 03 04  1742   60738   63720    0    -4.3    -0.7    -4.4     6.2   -45.6   189.6
2025 03 04  1743   60738   63780    0    -3.5     2.4    -4.0     5.8   -43.2   145.1
2025 03 04  1744   60738   63840    0    -3.3    -0.1    -4.7     5.8   -55.4   181.9
2025 03 04  1745   60738   63900    0    -3.5     2.5    -4.1     6.0   -43.7   144.2
2025 03 04  1746   60738   63960    0    -2.1     4.8    -2.1     5.7   -22.0   113.8
2025 03 04  1747   60738   64020    0    -1.6     5.3    -0.6     5.6    -6.5   106.3
2025 03 04  1748   60738   64080    0    -2.0     4.5    -1.7     5.2   -19.3   114.6
2025 03 04  1749   60738   64140    0    -3.2     4.1    -2.0     5.6   -20.9   128.1
2025 03 04  1750   60738   64200    0    -3.5     1.2    -4.2     5.6   -48.6   161.6
2025 03 04  1751   60738   64260    0    -3.8     1.4    -3.9     5.6   -43.6   159.6
2025 03 04  1752   60738   64320    0    -1.7     4.9    -0.7     5.3    -7.2   109.3
2025 03 04  1753   60738   64380    0    -0.7     5.4    -0.1     5.4    -1.1    98.0
2025 03 04  1754   60738   64440    0    -1.0     5.6    -0.0     5.7    -0.1   100.5
2025 03 04  1755   60738   64500    0    -2.0     5.3     1.2     5.8    11.7   110.5
2025 03 04  1756   60738   64560    0    -1.2     5.5     0.8     5.6     7.7   102.3
2025 03 04  1757   60738   64620    0    -1.6     4.9    -1.1     5.3   -11.7   108.0
2025 03 04  1758   60738   64680    0    -0.4     3.4    -4.9     6.0   -55.5    96.5
2025 03 04  1759   60738   64740    0    -0.9     3.3    -5.0     6.0   -55.3   105.0
2025 03 04  1800   60738   64800    0    -1.5     3.2    -5.0     6.1   -55.2   114.9
2025 03 04  1801   60738   64860    0    -1.9     3.0    -5.0     6.1   -54.6   121.6
2025 03 04  1802   60738   64920    0    -2.4     2.7    -4.9     6.1   -53.4   131.6
2025 03 04  1803   60738   64980    0    -0.3     2.9    -5.0     5.8   -60.1    96.3
2025 03 04  1804   60738   65040    0    -1.5     1.6    -5.4     5.8   -68.2   133.7
2025 03 04  1805   60738   65100    0    -1.2     2.0    -5.3     5.8   -66.3   121.1
2025 03 04  1806   60738   65160    0    -0.8     2.2    -5.1     5.7   -65.4   110.6
2025 03 04  1807   60738   65220    0    -1.1     2.2    -4.9     5.5   -62.9   117.0
2025 03 04  1808   60738   65280    0    -1.2     2.3    -4.4     5.1   -59.7   116.6
2025 03 04  1809   60738   65340    0    -1.5     1.7    -4.5     5.0   -63.6   131.2
2025 03 04  1810   60738   65400    0    -3.7    -0.8    -4.0     5.5   -47.0   192.1
2025 03 04  1811   60738   65460    0    -3.8    -1.5    -3.2     5.2   -37.4   201.9
2025 03 04  1812   60738   65520    0    -0.5     4.3     1.5     4.6    18.9    97.2
2025 03 04  1813   60738   65580    0     0.6     4.8     1.0     4.9    11.3    83.3
2025 03 04  1814   60738   65640    0    -2.9     4.4     1.5     5.5    16.1   123.6
2025 03 04  1815   60738   65700    0    -3.2     4.2    -0.5     5.3    -4.9   127.4
2025 03 04  1816   60738   65760    0    -4.8     1.5    -2.5     5.7   -26.3   162.6
2025 03 04  1817   60738   65820    0    -5.4     1.1    -2.2     5.9   -22.3   168.7
2025 03 04  1818   60738   65880    0    -2.9     3.4    -0.5     4.5    -6.0   130.7
2025 03 04  1819   60738   65940    0    -3.1     4.7    -0.2     5.7    -1.8   123.6
2025 03 04  1820   60738   66000    0    -2.5     5.0     0.2     5.6     2.4   116.0
2025 03 04  1821   60738   66060    0    -3.0     5.0    -1.3     6.0   -12.3   121.4
2025 03 04  1822   60738   66120    0    -2.7     4.9    -1.5     5.8   -15.2   118.7
2025 03 04  1823   60738   66180    0    -3.0     5.0    -1.3     5.9   -12.6   120.9
2025 03 04  1824   60738   66240    0    -2.4     5.2    -0.8     5.8    -8.1   114.4
2025 03 04  1825   60738   66300    0    -1.5     5.4    -1.1     5.7   -11.4   104.9
2025 03 04  1826   60738   66360    0    -2.0     4.8    -2.0     5.6   -20.9   112.0
2025 03 04  1827   60738   66420    0    -2.5     4.2    -1.3     5.1   -15.0   120.6
2025 03 04  1828   60738   66480    0    -1.3     4.2     1.0     4.5    13.4   107.1
2025 03 04  1829   60738   66540    0    -2.0     5.2     1.6     5.8    15.8   111.4
2025 03 04  1830   60738   66600    0    -2.5     5.5    -0.1     6.0    -0.7   114.0
2025 03 04  1831   60738   66660    0    -3.1     5.3    -0.8     6.2    -6.9   119.8
2025 03 04  1832   60738   66720    0    -3.7     4.8    -1.7     6.3   -15.4   127.6
2025 03 04  1833   60738   66780    0    -4.0     4.4    -2.2     6.3   -20.0   132.3
2025 03 04  1834   60738   66840    0    -4.6     3.9    -1.7     6.3   -15.3   139.8
2025 03 04  1835   60738   66900    0    -4.5     2.5    -3.2     6.0   -32.0   150.7
2025 03 04  1836   60738   66960    0    -4.6     2.4    -3.3     6.1   -32.3   152.9
2025 03 04  1837   60738   67020    0    -4.2     1.7    -3.9     6.0   -40.7   158.3
2025 03 04  1838   60738   67080    0    -3.9     1.7    -4.0     5.8   -43.1   156.0
2025 03 04  1839   60738   67140    0    -4.0     0.5    -4.3     5.9   -46.8   172.7
2025 03 04  1840   60738   67200    0    -3.4    -1.2    -4.6     5.9   -52.1   199.9
2025 03 04  1841   60738   67260    0    -1.9    -1.0    -3.5     4.1   -57.9   207.6
2025 03 04  1842   60738   67320    0    -2.2     0.4    -4.7     5.2   -65.0   170.2
2025 03 04  1843   60738   67380    0    -2.3     5.0    -1.5     5.7   -15.1   114.7
2025 03 04  1844   60738   67440    0    -2.0     6.2    -0.4     6.5    -3.6   107.9
2025 03 04  1845   60738   67500    0    -1.6     6.3     1.3     6.7    11.5   104.3
2025 03 04  1846   60738   67560    0    -1.7     6.1     2.1     6.7    18.1   105.9
2025 03 04  1847   60738   67620    0    -1.1     4.9     3.3     6.0    33.3   102.5
2025 03 04  1848   60738   67680    0     0.1     4.5     4.9     6.7    47.5    88.5
2025 03 04  1849   60738   67740    0     0.3     4.1     5.2     6.6    51.1    85.9
2025 03 04  1850   60738   67800    0     0.8     3.1     5.4     6.3    59.1    76.2
2025 03 04  1851   60738   67860    0     0.5     4.0     4.8     6.3    50.0    82.7
2025 03 04  1852   60738   67920    0     0.6     3.5     5.0     6.1    55.1    79.7
2025 03 04  1853   60738   67980    0     0.8     2.8     5.1     5.9    60.4    73.1
2025 03 04  1854   60738   68040    0     1.2     0.9     5.7     5.9    75.1    37.4
2025 03 04  1855   60738   68100    0     1.3     1.3     4.8     5.2    68.8    44.9
2025 03 04  1856   60738   68160    0     2.1     5.0     5.1     7.4    43.4    67.2
2025 03 04  1857   60738   68220    0     2.0     5.1     5.2     7.5    43.6    68.8
2025 03 04  1858   60738   68280    0     2.0     5.4     5.1     7.7    41.4    69.5
2025 03 04  1859   60738   68340    0     2.7     5.3     4.9     7.7    39.6    62.6
2025 03 04  1900   60738   68400    0     3.0     5.9     4.0     7.8    31.2    62.7
2025 03 04  1901   60738   68460    0     2.9     6.4     3.2     7.7    24.1    66.1
2025 03 04  1902   60738   68520    0     2.2     6.9     3.2     8.0    24.0    72.3
2025 03 04  1903   60738   68580    0     1.8     6.8     3.2     7.7    24.5    75.5
2025 03 04  1904   60738   68640    0     1.3     6.9     2.6     7.5    20.3    79.0
2025 03 04  1905   60738   68700    0     1.1     7.1     2.4     7.6    18.3    81.0
2025 03 04  1906   60738   68760    0     0.8     7.0     2.0     7.3    15.6    83.3
2025 03 04  1907   60738   68820    0     0.7     7.0     1.5     7.2    12.1    84.0
2025 03 04  1908   60738   68880    0    -1.5     6.7     1.8     7.1    14.5   103.0
2025 03 04  1909   60738   68940    0     0.2     7.2     0.8     7.2     6.2    88.6
2025 03 04  1910   60738   69000    0     0.3     6.8    -0.8     6.8    -7.1    87.1
2025 03 04  1911   60738   69060    0    -0.3     6.2    -2.1     6.6   -18.5    93.0
2025 03 04  1912   60738   69120    0    -0.6     4.7    -3.5     5.9   -36.5    97.8
2025 03 04  1913   60738   69180    0    -0.1     2.7    -5.8     6.4   -65.1    91.7
2025 03 04  1914   60738   69240    0    -0.3     5.9    -1.7     6.1   -16.4    92.7
2025 03 04  1915   60738   69300    0    -0.0     5.9    -2.5     6.4   -23.0    90.3
2025 03 04  1916   60738   69360    0    -1.9     6.4    -1.4     6.9   -11.9   106.1
2025 03 04  1917   60738   69420    0    -1.1     5.2    -3.7     6.5   -34.8   101.5
2025 03 04  1918   60738   69480    0    -1.3     5.9    -3.4     7.0   -29.5   102.6
2025 03 04  1919   60738   69540    0    -1.8     6.0    -3.6     7.2   -29.6   107.0
2025 03 04  1920   60738   69600    0    -1.4     6.3    -2.9     7.0   -24.4   102.6
2025 03 04  1921   60738   69660    0    -2.0     5.9    -3.5     7.2   -29.3   108.8
2025 03 04  1922   60738   69720    0    -2.0     5.4    -4.4     7.2   -37.3   110.4
2025 03 04  1923   60738   69780    0    -2.9     4.8    -4.7     7.4   -39.8   121.3
2025 03 04  1924   60738   69840    0    -2.8     5.2    -4.4     7.4   -36.5   118.4
2025 03 04  1925   60738   69900    0    -2.8     4.0    -5.6     7.4   -49.1   125.0
2025 03 04  1926   60738   69960    0    -2.4     3.6    -6.0     7.4   -54.5   124.0
2025 03 04  1927   60738   70020    0    -1.9     4.1    -5.8     7.3   -52.1   114.5
2025 03 04  1928   60738   70080    0    -1.5     2.9    -6.5     7.3   -63.2   117.1
2025 03 04  1929   60738   70140    0    -3.2     3.7    -6.0     7.7   -50.9   131.0
2025 03 04  1930   60738   70200    0    -3.9     1.9    -5.9     7.3   -54.1   154.3
2025 03 04  1931   60738   70260    0    -2.5     2.9    -5.7     6.9   -55.7   130.5
2025 03 04  1932   60738   70320    0    -1.2     3.5    -6.3     7.4   -59.3   109.3
2025 03 04  1933   60738   70380    0    -1.6     3.6    -6.3     7.4   -58.1   113.2
2025 03 04  1934   60738   70440    0    -2.4     2.9    -6.2     7.3   -59.2   129.3
2025 03 04  1935   60738   70500    0    -2.3     2.0    -6.5     7.2   -64.4   138.5
2025 03 04  1936   60738   70560    0    -4.8    -1.0    -5.5     7.4   -47.9   191.4
2025 03 04  1937   60738   70620    0    -2.3     0.5    -6.5     6.9   -69.8   168.9
2025 03 04  1938   60738   70680    0    -1.6     0.1    -7.0     7.1   -76.9   177.5
2025 03 04  1939   60738   70740    0    -1.9     1.4    -6.9     7.3   -70.9   142.7
2025 03 04  1940   60738   70800    0    -2.1     1.2    -6.9     7.3   -70.4   149.7
2025 03 04  1941   60738   70860    0    -2.7     1.5    -6.7     7.4   -65.6   151.5
2025 03 04  1942   60738   70920    0    -3.0     1.4    -6.6     7.4   -63.6   154.3
2025 03 04  1943   60738   70980    0    -2.7     2.6    -6.5     7.5   -59.7   136.7
2025 03 04  1944   60738   71040    0    -2.0     3.2    -6.6     7.6   -60.3   122.6
2025 03 04  1945   60738   71100    0    -2.4     3.2    -6.6     7.7   -58.7   126.0
2025 03 04  1946   60738   71160    0    -2.3     2.8    -6.8     7.7   -61.5   129.6
2025 03 04  1947   60738   71220    0    -1.4     0.9    -7.7     7.8   -77.9   147.9
2025 03 04  1948   60738   71280    0    -1.6     1.7    -7.5     7.9   -72.7   134.8
2025 03 04  1949   60738   71340    0    -1.7     0.5    -7.7     8.0   -76.9   164.0
2025 03 04  1950   60738   71400    0    -1.2     0.1    -7.7     7.7   -81.2   177.3
2025 03 04  1951   60738   71460    0    -0.6    -1.5    -7.5     7.7   -77.5   248.5
2025 03 04  1952   60738   71520    0    -0.7    -1.6    -7.5     7.7   -77.0   244.7
2025 03 04  1953   60738   71580    0    -0.9    -3.2    -6.8     7.6   -63.6   253.8
2025 03 04  1954   60738   71640    0    -1.3    -3.3    -6.8     7.7   -62.8   248.5
2025 03 04  1955   60738   71700    0    -1.4    -4.2    -6.3     7.7   -54.9   252.2
2025 03 04  1956   60738   71760    0    -1.3    -3.2    -6.7     7.5   -62.7   248.2
2025 03 04  1957   60738   71820    0    -1.8    -0.7    -6.2     6.5   -73.0   201.0
2025 03 04  1958   60738   71880    0    -3.6     3.0    -6.5     8.0   -54.4   139.7
2025 03 04  1959   60738   71940    0    -3.1     2.1    -7.1     8.0   -62.1   145.2
2025 03 04  2000   60738   72000    0    -2.5     1.7    -7.5     8.0   -68.0   145.3
2025 03 04  2001   60738   72060    0    -3.6     1.8    -7.0     8.1   -60.2   153.4
2025 03 04  2002   60738   72120    0    -2.6    -0.1    -7.5     8.0   -70.8   183.2
2025 03 04  2003   60738   72180    0    -1.9    -0.6    -7.7     8.0   -75.9   198.5
2025 03 04  2004   60738   72240    0    -1.5     1.5    -7.7     8.0   -74.5   135.1
2025 03 04  2005   60738   72300    0    -2.4    -0.4    -7.7     8.1   -72.4   189.3
2025 03 04  2006   60738   72360    0    -2.1     0.1    -7.8     8.0   -74.5   176.9
2025 03 04  2007   60738   72420    0    -1.9     0.2    -7.8     8.0   -76.0   175.0
2025 03 04  2008   60738   72480    0    -1.7     0.2    -7.7     7.9   -77.8   174.3
2025 03 04  2009   60738   72540    0    -1.4    -0.3    -7.6     7.7   -79.3   190.3
2025 03 04  2010   60738   72600    0    -2.5     0.1    -7.7     8.1   -72.3   178.5
2025 03 04  2011   60738   72660    0    -2.4    -0.4    -7.7     8.1   -72.6   190.5
2025 03 04  2012   60738   72720    0    -2.0    -1.1    -7.8     8.1   -73.6   209.8
2025 03 04  2013   60738   72780    0    -2.2    -0.1    -7.6     7.9   -73.8   183.2
2025 03 04  2014   60738   72840    0    -3.1    -0.2    -7.7     8.3   -68.2   182.8
2025 03 04  2015   60738   72900    0    -3.2    -0.6    -7.5     8.2   -67.0   190.3
2025 03 04  2016   60738   72960    0    -3.0    -0.8    -7.5     8.2   -67.3   195.1
2025 03 04  2017   60738   73020    0    -1.8    -1.4    -7.7     8.0   -73.6   218.9
2025 03 04  2018   60738   73080    0    -1.5    -1.6    -7.8     8.1   -74.5   226.5
2025 03 04  2019   60738   73140    0    -2.2    -1.1    -7.9     8.2   -72.5   206.7
2025 03 04  2020   60738   73200    0    -2.0    -1.7    -7.9     8.3   -71.5   219.4
2025 03 04  2021   60738   73260    0    -1.5    -2.4    -7.7     8.2   -69.9   237.4
2025 03 04  2022   60738   73320    0    -1.7    -2.5    -7.6     8.2   -68.4   236.2
2025 03 04  2023   60738   73380    0    -1.3    -2.5    -7.4     7.9   -69.0   242.6
2025 03 04  2024   60738   73440    0    -3.5     1.1    -7.3     8.2   -63.7   162.8
2025 03 04  2025   60738   73500    0    -3.4    -0.5    -7.4     8.1   -65.0   188.9
2025 03 04  2026   60738   73560    0    -3.5    -0.3    -7.5     8.3   -65.2   185.6
2025 03 04  2027   60738   73620    0    -2.9    -1.3    -7.6     8.3   -67.5   204.6
2025 03 04  2028   60738   73680    0    -2.7    -0.8    -7.8     8.3   -70.5   195.7
2025 03 04  2029   60738   73740    0    -3.0    -1.3    -7.8     8.4   -66.9   204.0
2025 03 04  2030   60738   73800    0    -2.7    -2.1    -7.5     8.2   -65.4   217.3
2025 03 04  2031   60738   73860    0    -2.5    -3.0    -6.9     8.0   -60.4   230.2
2025 03 04  2032   60738   73920    0    -2.2     2.3    -7.6     8.2   -67.3   134.7
2025 03 04  2033   60738   73980    0    -2.0    -0.6    -7.9     8.2   -75.1   196.8
2025 03 04  2034   60738   74040    0    -2.2    -2.4    -7.5     8.2   -66.8   227.1
2025 03 04  2035   60738   74100    0    -2.0    -2.7    -7.3     8.0   -65.4   234.1
2025 03 04  2036   60738   74160    0    -1.8    -2.1    -7.7     8.2   -70.6   229.8
2025 03 04  2037   60738   74220    0    -1.5    -1.1    -8.0     8.2   -76.9   217.3
2025 03 04  2038   60738   74280    0     0.3    -3.4    -5.8     6.7   -59.6   274.4
2025 03 04  2039   60738   74340    0    -0.4    -3.6    -7.3     8.2   -63.5   263.5
2025 03 04  2040   60738   74400    0     1.1    -4.0    -6.7     7.9   -58.3   285.9
2025 03 04  2041   60738   74460    0     0.6    -3.4    -7.2     8.0   -64.0   279.6
2025 03 04  2042   60738   74520    0     0.8    -3.1    -7.2     7.9   -66.1   284.1
2025 03 04  2043   60738   74580    0     1.8    -2.9    -7.1     7.9   -64.6   302.4
2025 03 04  2044   60738   74640    0     1.1    -1.5    -6.7     6.9   -74.3   306.8
2025 03 04  2045   60738   74700    0     1.8    -2.7    -7.2     7.9   -65.6   303.6
2025 03 04  2046   60738   74760    0     2.1    -2.7    -7.1     7.9   -63.9   308.3
2025 03 04  2047   60738   74820    0     3.1    -2.9    -6.6     7.9   -57.8   316.9
2025 03 04  2048   60738   74880    0     2.7    -2.4    -5.0     6.2   -54.1   318.5
2025 03 04  2049   60738   74940    0     3.8    -2.0    -6.5     7.8   -56.8   331.6
2025 03 04  2050   60738   75000    0     3.0    -1.4    -7.1     7.8   -64.9   334.2
2025 03 04  2051   60738   75060    0     2.7    -0.9    -5.6     6.3   -63.2   340.7
2025 03 04  2052   60738   75120    0     4.5    -1.0    -6.1     7.6   -52.9   347.4
2025 03 04  2053   60738   75180    0     3.4     0.0    -6.8     7.6   -63.4     0.4
2025 03 04  2054   60738   75240    0     2.5    -0.2    -7.3     7.7   -70.8   356.1
2025 03 04  2055   60738   75300    0    -0.3    -0.0    -7.7     7.7   -87.8   180.2
2025 03 04  2056   60738   75360    0    -1.4    -0.1    -7.8     8.0   -80.2   182.1
2025 03 04  2057   60738   75420    0    -2.8    -0.9    -7.5     8.1   -68.8   196.9
2025 03 04  2058   60738   75480    0    -4.8    -0.7    -6.4     8.0   -52.8   188.1
2025 03 04  2059   60738   75540    0    -3.9     2.6    -6.5     8.1   -54.2   146.9
2025 03 04  2100   60738   75600    0    -3.0     2.6    -7.1     8.2   -60.8   139.8
2025 03 04  2101   60738   75660    0    -0.1     5.4    -4.9     7.3   -42.6    91.6
2025 03 04  2102   60738   75720    0    -3.8     1.9    -7.2     8.3   -59.7   153.7
2025 03 04  2103   60738   75780    0    -3.7    -1.0    -7.4     8.3   -62.4   194.9
2025 03 04  2104   60738   75840    0    -4.0    -1.8    -7.0     8.2   -57.8   204.8
2025 03 04  2105   60738   75900    0    -0.2     0.7    -7.8     7.9   -84.6   103.6
2025 03 04  2106   60738   75960    0    -0.5    -1.4    -7.8     8.0   -79.3   251.6
2025 03 04  2107   60738   76020    0    -0.4    -3.7    -7.1     8.0   -62.3   263.2
2025 03 04  2108   60738   76080    0    -1.6    -1.1    -8.0     8.2   -76.2   213.9
2025 03 04  2109   60738   76140    0    -2.3     3.3    -5.9     7.2   -56.0   124.6
2025 03 04  2110   60738   76200    0    -2.5     2.8    -7.0     8.0   -61.7   132.0
2025 03 04  2111   60738   76260    0    -1.6    -0.8    -7.9     8.1   -77.1   206.4
2025 03 04  2112   60738   76320    0    -1.1     2.0    -8.0     8.3   -74.1   118.6
2025 03 04  2113   60738   76380    0    -1.7     1.2    -8.0     8.3   -75.6   143.9
2025 03 04  2114   60738   76440    0    -2.6     2.3    -7.3     8.1   -64.6   138.5
2025 03 04  2115   60738   76500    0    -2.9     3.4    -7.1     8.4   -58.1   130.2
2025 03 04  2116   60738   76560    0    -1.2     2.7    -7.6     8.2   -69.0   113.7
2025 03 04  2117   60738   76620    0    -2.0     2.4    -7.6     8.2   -67.3   130.2
2025 03 04  2118   60738   76680    0    -2.1     3.4    -7.1     8.1   -60.4   121.3
2025 03 04  2119   60738   76740    0    -2.6     2.8    -7.3     8.2   -62.1   132.8
2025 03 04  2120   60738   76800    0    -2.0     3.1    -7.0     7.9   -61.9   122.5
2025 03 04  2121   60738   76860    0    -1.8    -0.6    -7.9     8.1   -76.5   198.8
2025 03 04  2122   60738   76920    0    -2.6    -0.7    -7.6     8.1   -70.6   195.7
2025 03 04  2123   60738   76980    0    -1.6    -2.5    -7.7     8.3   -68.8   237.0
2025 03 04  2124   60738   77040    0    -1.6    -4.4    -6.5     8.1   -54.1   249.8
2025 03 04  2125   60738   77100    0    -2.2     0.0    -6.3     6.7   -71.0   179.0
2025 03 04  2126   60738   77160    0    -2.4     3.9    -6.3     7.8   -54.1   121.8
2025 03 04  2127   60738   77220    0    -1.6     6.4    -4.2     7.8   -32.7   103.8
2025 03 04  2128   60738   77280    0    -1.3     5.4    -5.2     7.6   -43.0   103.8
2025 03 04  2129   60738   77340    0    -1.6     2.5    -5.6     6.4   -61.9   122.3
2025 03 04  2130   60738   77400    0    -1.1     7.2    -3.2     7.9   -23.6    98.4
2025 03 04  2131   60738   77460    0    -0.8     6.8    -4.0     7.9   -30.3    96.9
2025 03 04  2132   60738   77520    0    -0.6     5.9    -5.0     7.8   -40.3    95.6
2025 03 04  2133   60738   77580    0    -1.1     5.0    -6.4     8.2   -51.1   102.9
2025 03 04  2134   60738   77640    0    -2.5     3.4    -7.3     8.4   -59.8   126.4
2025 03 04  2135   60738   77700    0    -2.3     3.4    -7.3     8.4   -60.7   123.8
2025 03 04  2136   60738   77760    0    -1.3     6.3    -4.6     7.9   -35.3   101.3
2025 03 04  2137   60738   77820    0    -0.8     6.8    -4.0     7.9   -30.7    97.1
2025 03 04  2138   60738   77880    0    -1.4     6.5    -4.2     7.9   -32.3   101.8
2025 03 04  2139   60738   77940    0    -1.6     6.0    -5.0     8.0   -39.0   104.5
2025 03 04  2140   60738   78000    0    -1.8     4.1    -3.9     5.9   -40.8   113.9
2025 03 04  2141   60738   78060    0    -2.0     2.9    -7.0     7.8   -63.6   124.6
2025 03 04  2142   60738   78120    0    -2.5     0.4    -8.0     8.4   -72.5   171.8
2025 03 04  2143   60738   78180    0    -3.1    -0.5    -7.8     8.4   -67.8   188.9
2025 03 04  2144   60738   78240    0    -3.5    -0.2    -5.8     6.8   -59.0   184.0
2025 03 04  2145   60738   78300    0    -3.2    -1.5    -7.1     7.9   -63.9   205.0
2025 03 04  2146   60738   78360    0    -3.5    -1.9    -6.8     7.9   -59.9   208.3
2025 03 04  2147   60738   78420    0    -3.1    -1.4    -7.4     8.1   -65.0   204.5
2025 03 04  2148   60738   78480    0    -2.4    -0.2    -7.8     8.1   -72.7   185.2
2025 03 04  2149   60738   78540    0    -2.3     0.8    -7.7     8.1   -72.7   160.3
2025 03 04  2150   60738   78600    0    -2.3     0.9    -7.8     8.1   -72.6   157.8
2025 03 04  2151   60738   78660    0    -2.0     1.3    -7.7     8.1   -72.7   147.7
2025 03 04  2152   60738   78720    0    -2.4     0.3    -7.8     8.2   -73.1   171.9
2025 03 04  2153   60738   78780    0    -1.7     1.5    -7.5     7.8   -73.4   138.1
2025 03 04  2154   60738   78840    0    -1.3     4.0    -6.2     7.5   -55.5   108.3
2025 03 04  2155   60738   78900    0    -1.2     4.4    -6.0     7.5   -52.6   104.9
2025 03 04  2156   60738   78960    0    -1.3     4.0    -6.5     7.7   -57.3   107.7
2025 03 04  2157   60738   79020    0    -1.2     3.3    -7.0     7.8   -63.4   110.3
2025 03 04  2158   60738   79080    0    -1.0     3.7    -6.9     7.9   -61.0   104.8
2025 03 04  2159   60738   79140    9  -999.9  -999.9  -999.9  -999.9  -999.9  -999.9
2025 03 04  2200   60738   79200    0    -0.9     7.1    -5.1     8.8   -35.2    97.3
2025 03 04  2201   60738   79260    0    -1.3     7.5    -3.2     8.3   -22.5    99.9
2025 03 04  2202   60738   79320    0    -1.8     7.6    -3.8     8.6   -25.7   103.2
2025 03 04  2203   60738   79380    0    -1.2     7.8    -3.2     8.6   -22.0    99.0
2025 03 04  2204   60738   79440    0    -0.7     7.6    -2.7     8.1   -19.6    95.3
2025 03 04  2205   60738   79500    0    -0.7     7.7    -0.6     7.8    -4.4    95.5
2025 03 04  2206   60738   79560    9  -999.9  -999.9  -999.9  -999.9  -999.9  -999.9
2025 03 04  2207   60738   79620    0    -0.3     7.4     1.1     7.4     8.6    92.4
2025 03 04  2208   60738   79680    0    -0.9     6.9    -2.2     7.3   -17.5    97.2
2025 03 04  2209   60738   79740    0    -1.2     7.2    -1.2     7.4    -9.5    99.5
2025 03 04  2210   60738   79800    0    -1.2     6.1    -3.7     7.2   -30.7   100.9
2025 03 04  2211   60738   79860    0    -1.3     5.7    -4.7     7.5   -38.9   102.8
2025 03 04  2212   60738   79920    0    -0.6     7.0    -2.7     7.5   -21.1    94.8
2025 03 04  2213   60738   79980    0    -0.2     7.3    -2.1     7.6   -16.0    91.9
2025 03 04  2214   60738   80040    0    -0.3     7.3    -1.6     7.5   -12.2    92.5
2025 03 04  2215   60738   80100    0    -0.1     7.3    -2.6     7.7   -19.3    91.0
2025 03 04  2216   60738   80160    0    -0.1     7.8    -2.1     8.0   -15.0    90.6
2025 03 04  2217   60738   80220    0    -0.2     7.8    -1.5     7.9   -11.1    91.6
2025 03 04  2218   60738   80280    0     0.4     7.9    -1.2     8.0    -8.4    87.2
2025 03 04  2219   60738   80340    0     0.6     7.9    -0.7     7.9    -4.7    85.7
2025 03 04  2220   60738   80400    0     0.1     7.4    -1.3     7.6   -10.2    89.3
2025 03 04  2221   60738   80460    0     0.2     7.9    -1.0     8.0    -7.3    88.8
2025 03 04  2222   60738   80520    0     0.3     8.6    -0.0     8.6    -0.1    87.7
2025 03 04  2223   60738   80580    0     0.3     8.9     0.6     8.9     3.9    87.9
2025 03 04  2224   60738   80640    0     1.0     8.3     2.0     8.6    13.4    82.8
2025 03 04  2225   60738   80700    0     0.4     8.4     2.3     8.8    15.5    87.2
2025 03 04  2226   60738   80760    0    -0.0     8.5     2.4     8.8    15.8    90.1
2025 03 04  2227   60738   80820    0     0.6     8.4     2.6     8.8    17.3    85.9
2025 03 04  2228   60738   80880    0     0.7     8.3     2.5     8.7    16.8    84.9
2025 03 04  2229   60738   80940    0     1.2     8.1     2.4     8.5    16.2    81.8
2025 03 04  2230   60738   81000    0     0.9     8.2     2.1     8.5    14.5    83.9
2025 03 04  2231   60738   81060    0     1.2     8.0     2.3     8.4    16.1    81.2
2025 03 04  2232   60738   81120    0     0.7     6.7     1.7     6.9    14.2    83.7
2025 03 04  2233   60738   81180    0     0.5     8.3     1.2     8.4     8.3    86.4
2025 03 04  2234   60738   81240    0     0.5     8.2     0.7     8.3     4.7    86.6
2025 03 04  2235   60738   81300    0     0.3     8.2     0.3     8.2     2.3    88.1
2025 03 04  2236   60738   81360    0     0.3     8.0     0.7     8.0     4.7    88.1
2025 03 04  2237   60738   81420    0     0.3     7.9     0.3     7.9     2.4    87.7
2025 03 04  2238   60738   81480    0     0.2     7.9    -0.1     7.9    -1.0    88.9
2025 03 04  2239   60738   81540    0     0.1     7.6    -0.2     7.6    -1.9    89.5
2025 03 04  2240   60738   81600    0    -0.1     7.7    -0.2     7.7    -1.2    91.1
2025 03 04  2241   60738   81660    0    -0.1     7.6    -0.3     7.6    -2.1    90.7
2025 03 04  2242   60738   81720    0     0.2     7.5    -0.9     7.5    -6.8    88.5
2025 03 04  2243   60738   81780    0     0.0     7.5    -0.7     7.6    -5.4    89.8
2025 03 04  2244   60738   81840    0     0.2     7.3    -0.1     7.3    -0.4    88.5
2025 03 04  2245   60738   81900    0    -0.1     7.5     0.5     7.5     4.1    90.7
2025 03 04  2246   60738   81960    0    -0.2     7.7     0.7     7.7     5.1    91.7
2025 03 04  2247   60738   82020    0    -0.3     7.9     0.9     7.9     6.7    92.1
2025 03 04  2248   60738   82080    0    -0.3     7.8     1.3     8.0     9.6    92.3
2025 03 04  2249   60738   82140    0    -0.3     7.9     1.6     8.1    11.4    92.0
2025 03 04  2250   60738   82200    0    -0.5     7.8     0.1     7.8     0.5    93.8
2025 03 04  2251   60738   82260    0    -0.4     7.5    -0.1     7.5    -0.6    93.1
2025 03 04  2252   60738   82320    0    -0.6     7.7     0.5     7.7     3.8    94.5
2025 03 04  2253   60738   82380    0    -0.7     7.8     0.5     7.8     3.8    94.9
2025 03 04  2254   60738   82440    0    -0.5     7.9     0.7     7.9     4.8    93.8
2025 03 04  2255   60738   82500    0    -0.3     7.8     0.3     7.8     1.9    92.4
2025 03 04  2256   60738   82560    0    -0.4     7.8     0.2     7.8     1.2    93.1
2025 03 04  2257   60738   82620    0     0.1     7.7     1.0     7.8     7.3    89.4
2025 03 04  2258   60738   82680    0    -0.3     7.8     0.1     7.8     0.9    92.0
2025 03 04  2259   60738   82740    0    -0.4     7.5     0.5     7.5     3.5    93.2
2025 03 04  2300   60738   82800    0    -0.5     7.3    -0.9     7.4    -6.7    94.2
2025 03 04  2301   60738   82860    0    -0.3     7.4    -0.4     7.4    -2.7    92.2
2025 03 04  2302   60738   82920    0     0.2     7.7     2.6     8.1    18.4    88.7
2025 03 04  2303   60738   82980    0     0.0     8.1     2.1     8.3    14.6    89.9
2025 03 04  2304   60738   83040    0     0.1     7.5     3.6     8.3    25.8    89.2
2025 03 04  2305   60738   83100    0     0.4     7.5     3.7     8.3    26.3    87.1
2025 03 04  2306   60738   83160    0     1.9     7.0     3.6     8.1    26.5    74.7
2025 03 04  2307   60738   83220    0     1.3     7.1     3.7     8.2    27.2    80.0
2025 03 04  2308   60738   83280    0     1.0     7.6     3.0     8.2    21.2    82.6
2025 03 04  2309   60738   83340    0     0.3     7.3     4.1     8.4    29.3    87.5
2025 03 04  2310   60738   83400    0     0.4     6.9     4.6     8.3    33.8    86.6
2025 03 04  2311   60738   83460    0     0.8     6.1     5.6     8.3    42.3    82.4
2025 03 04  2312   60738   83520    0     0.8     5.5     6.2     8.4    48.1    81.6
2025 03 04  2313   60738   83580    0     1.0     5.7     5.6     8.1    43.6    79.7
2025 03 04  2314   60738   83640    0    -1.2     7.8     1.1     8.0     8.2    98.7
2025 03 04  2315   60738   83700    0     1.6     6.8     4.0     8.0    29.8    76.4
2025 03 04  2316   60738   83760    0     2.1     6.7     3.9     8.0    28.9    72.9
2025 03 04  2317   60738   83820    0     1.7     6.8     3.8     8.0    28.8    76.3
2025 03 04  2318   60738   83880    0     1.7     7.0     3.3     7.9    24.3    76.3
2025 03 04  2319   60738   83940    0     1.4     7.3     2.0     7.7    15.1    79.0
2025 03 04  2320   60738   84000    0     0.8     7.5     1.2     7.6     9.1    84.1
2025 03 04  2321   60738   84060    0     1.1     7.4     0.7     7.5     5.1    81.6
2025 03 04  2322   60738   84120    0     0.6     7.5     0.4     7.5     2.9    85.4
2025 03 04  2323   60738   84180    0    -0.7     7.7     0.7     7.7     5.1    95.5
2025 03 04  2324   60738   84240    0    -0.6     7.4    -1.4     7.6   -10.3    94.5
2025 03 04  2325   60738   84300    0    -0.8     6.7    -3.1     7.5   -24.8    96.9
2025 03 04  2326   60738   84360    0    -0.5     7.1    -2.3     7.5   -17.7    93.7
2025 03 04  2327   60738   84420    0    -0.0     6.4     3.0     7.1    24.9    90.4
2025 03 04  2328   60738   84480    0     0.4     6.6     4.4     7.9    33.9    86.9
2025 03 04  2329   60738   84540    0    -0.2     7.3     2.9     7.8    21.9    91.9
2025 03 04  2330   60738   84600    0     0.1     7.7     1.2     7.8     8.9    89.2
2025 03 04  2331   60738   84660    0    -0.2     7.6     1.7     7.7    12.4    91.7
2025 03 04  2332   60738   84720    0    -0.5     7.4     2.5     7.9    18.2    93.5
2025 03 04  2333   60738   84780    0    -0.4     7.4     2.3     7.8    17.6    93.3
2025 03 04  2334   60738   84840    0    -0.4     7.2     2.6     7.7    19.8    93.0
2025 03 04  2335   60738   84900    0    -0.0     7.3     2.6     7.7    19.5    90.3
2025 03 04  2336   60738   84960    0    -0.4     7.0     3.7     7.9    27.6    92.9
2025 03 04  2337   60738   85020    0    -0.1     6.7     4.0     7.8    30.5    91.2
2025 03 04  2338   60738   85080    0    -0.1     7.3     3.0     7.9    22.3    90.9
2025 03 04  2339   60738   85140    0    -0.2     7.6     2.5     8.0    18.5    91.3
2025 03 04  2340   60738   85200    0    -0.1     7.4     1.7     7.6    12.9    91.0
2025 03 04  2341   60738   85260    0    -0.4     7.6    -1.4     7.8   -10.3    93.2
2025 03 04  2342   60738   85320    0     0.2     8.0    -0.9     8.1    -6.7    88.3
2025 03 04  2343   60738   85380    0     0.2     7.9     1.3     8.0     9.3    88.8
2025 03 04  2344   60738   85440    0     0.1     7.9     1.6     8.0    11.2    89.2
2025 03 04  2345   60738   85500    0    -0.3     7.5     2.7     8.0    19.5    91.9
2025 03 04  2346   60738   85560    0    -0.2     7.4     3.2     8.1    23.4    91.6
2025 03 04  2347   60738   85620    0     0.5     6.9     3.9     8.0    29.0    86.2
2025 03 04  2348   60738   85680    0     0.5     7.3     3.0     7.9    22.3    86.3
2025 03 04  2349   60738   85740    0     0.4     7.5     2.6     8.0    18.7    87.3
2025 03 04  2350   60738   85800    0     0.3     7.5     2.8     8.0    20.2    87.6
2025 03 04  2351   60738   85860    0     0.3     7.6     2.5     8.0    18.0    87.5
2025 03 04  2352   60738   85920    0     0.2     7.6     2.4     8.0    17.2    88.3
2025 03 04  2353   60738   85980    0     0.1     7.5     2.4     7.9    17.9    89.0
2025 03 04  2354   60738   86040    0     0.1     7.6     1.4     7.7    10.5    89.3
2025 03 04  2355   60738   86100    0    -0.5     7.4    -0.1     7.4    -0.8    93.6
2025 03 04  2356   60738   86160    0    -2.0     7.4    -1.6     7.8   -11.5   105.3
2025 03 04  2357   60738   86220    0    -1.9     7.3    -1.6     7.7   -12.2   104.3
2025 03 04  2358   60738   86280    0    -1.5     7.4    -1.3     7.7    -9.5   101.5
2025 03 04  2359   60738   86340    0    -1.6     7.6    -0.6     7.8    -4.5   102.0
