1741046405 45759 0
1741046407 45832 0
1741046409 45907 0
1741046411 45914 0
1741046413 45784 0
1741046415 45808 0
1741046417 45810 0
1741046420 45978 0
1741046422 46309 0
1741046424 46810 0
1741046426 47169 0
1741046428 47413 0
1741046430 47423 0
1741046432 47507 0
1741046434 47390 0
1741046436 47332 0
1741046438 47282 0
1741046440 47510 0
1741046442 47363 0
1741046444 47264 0
1741046446 47258 0
1741046448 46707 0
1741046450 46168 0
1741046452 45996 0
1741046454 45813 0
1741046456 45733 0
1741046458 45666 0
1741046460 45747 0
1741046462 45731 0
1741046464 45706 0
1741046467 45724 0
1741046469 45889 0
1741046471 45780 0
1741046473 45572 0
1741046475 45699 0
1741046477 45666 0
1741046479 45726 0
1741046481 45704 0
1741046483 45685 0
1741046485 45700 0
1741046487 45812 0
1741046489 45986 0
1741046491 46291 0
1741046493 46795 0
1741046495 47259 0
1741046497 47532 0
1741046499 47631 0
1741046501 47734 0
1741046503 47696 0
1741046505 47430 0
1741046507 47423 0
1741046509 47458 0
1741046512 47366 0
1741046514 47445 0
1741046516 47057 0
1741046518 46626 0
1741046520 46267 0
1741046522 46036 0
1741046524 45881 0
1741046526 45881 0
1741046528 45955 0
1741046530 45942 0
1741046532 45826 0
1741046534 45643 0
1741046536 45730 0
1741046538 45744 0
1741046540 45769 0
1741046542 45798 0
1741046544 45693 0
1741046546 45768 0
1741046548 45761 0
1741046550 45721 0
1741046552 45724 0
1741046554 45759 0
1741046556 45720 0
1741046559 45618 0
1741046561 45876 0
1741046563 45715 0
1741046565 45791 0
1741046567 45742 0
1741046569 45878 0
1741046571 46203 0
1741046573 46689 0
1741046575 47094 0
1741046577 47489 0
1741046579 47557 0
1741046581 47513 0
1741046583 47489 0
1741046585 46870 0
1741046587 46609 0
1741046589 46311 0
1741046591 45968 0
1741046593 45842 0
1741046595 45829 0
1741046597 45738 0
1741046599 45700 0
1741046601 45643 0
1741046603 45684 0
1741046606 45700 0
1741046608 45752 0
1741046610 45739 0
1741046612 45756 0
1741046614 45856 0
1741046616 45759 0
1741046618 45738 0
1741046620 45839 0
1741046622 45829 0
1741046624 45803 0
1741046626 45749 0
1741046628 45736 0
1741046630 45753 0
1741046632 45635 0
1741046634 45810 0
1741046636 45874 0
1741046638 46072 0
1741046640 46508 0
1741046642 46922 0
1741046644 47284 0
1741046646 47478 0
1741046648 47694 0
1741046651 47720 0
1741046653 47398 0
1741046655 46805 0
1741046657 46437 0
1741046659 46186 0
1741046661 45993 0
1741046663 45822 0
1741046665 45679 0
1741046667 45624 0
1741046669 45563 0
1741046671 45558 0
1741046673 45660 0
1741046675 45661 0
1741046677 45700 0
1741046679 45806 0
1741046681 45985 0
1741046683 45855 0
1741046685 45781 0
1741046687 45636 0
1741046689 45647 0
1741046691 45688 0
1741046693 45776 0
1741046695 46165 0
1741046698 46473 0
1741046700 46837 0
1741046702 47271 0
1741046704 47458 0
1741046706 47546 0
1741046708 47619 0
1741046710 47508 0
1741046712 47408 0
1741046714 47226 0
1741046716 47280 0
1741046718 47219 0
1741046720 47271 0
1741046722 46965 0
1741046724 46494 0
1741046726 46218 0
1741046728 45978 0
1741046730 45902 0
1741046732 45778 0
1741046734 45800 0
1741046736 45833 0
1741046738 45682 0
1741046740 45822 0
1741046742 45792 0
1741046745 45702 0
1741046747 45670 0
1741046749 45622 0
1741046751 45639 0
1741046753 45629 0
1741046755 45533 0
1741046757 45607 0
1741046759 45617 0
1741046761 45633 0
1741046763 45742 0
1741046765 46114 0
1741046767 46679 0
1741046769 47313 0
1741046771 47457 0
1741046773 47587 0
1741046775 47555 0
1741046777 47542 0
1741046779 47445 0
1741046781 47402 0
1741046783 47418 0
1741046785 47308 0
1741046787 47309 0
1741046790 47231 0
1741046792 46540 0
1741046794 46021 0
1741046796 45774 0
1741046798 45666 0
1741046800 45749 0
1741046802 45778 0
1741046804 45649 0
1741046806 45613 0
1741046808 45587 0
1741046810 45597 0
1741046812 45482 0
1741046814 45634 0
1741046816 45554 0
1741046818 45580 0
1741046820 45573 0
1741046822 45524 0
1741046824 45583 0
1741046826 45676 0
1741046828 45893 0
1741046830 45766 0
1741046832 45683 0
1741046834 45642 0
1741046837 45699 0
1741046839 45726 0
1741046841 45868 0
1741046843 46089 0
1741046845 46223 0
1741046847 46707 0
1741046849 47167 0
1741046851 47421 0
1741046853 47555 0
1741046855 47496 0
1741046857 47456 0
1741046859 47135 0
1741046861 46572 0
1741046863 46232 0
1741046865 45940 0
1741046867 45824 0
1741046869 45742 0
1741046871 45749 0
1741046873 45752 0
1741046875 45639 0
1741046877 45645 0
1741046879 45673 0
1741046881 45725 0
1741046884 45746 0
1741046886 45671 0
1741046888 45815 0
1741046890 45788 0
1741046892 45750 0
1741046894 45691 0
1741046896 45755 0
1741046898 45801 0
1741046900 45641 0
1741046902 45742 0
1741046904 45642 0
1741046906 45693 0
1741046908 45778 0
1741046910 45746 0
1741046912 45853 0
1741046914 46151 0
1741046916 46607 0
1741046918 46965 0
1741046920 47463 0
1741046922 47560 0
1741046924 47483 0
1741046926 47394 0
1741046929 46627 0
1741046931 46265 0
1741046933 46093 0
1741046935 45938 0
1741046937 45774 0
1741046939 45736 0
1741046941 45663 0
1741046943 45663 0
1741046945 45745 0
1741046947 45820 0
1741046949 45820 0
1741046951 45782 0
1741046953 45781 0
1741046955 45681 0
1741046957 45640 0
1741046959 45672 0
1741046961 45614 0
1741046963 45674 0
1741046965 45797 0
1741046967 45858 0
1741046969 46015 0
1741046972 46316 0
1741046974 46756 0
1741046976 47150 0
1741046978 47337 0
1741046980 47449 0
1741046982 47670 0
1741046984 47461 0
1741046986 47442 0
1741046988 47320 0
1741046990 47176 0
1741046992 47072 0
1741046994 47123 0
1741046996 46955 0
1741046998 46428 0
1741047000 46141 0
1741047002 45834 0
1741047004 45731 0
1741047006 45614 0
1741047008 45830 0
1741047010 45686 0
1741047012 45738 0
1741047014 45637 0
1741047016 45548 0
1741047019 45573 0
1741047021 45545 0
1741047023 45554 0
1741047025 45580 0
1741047027 45713 0
1741047029 45624 0
1741047031 45648 0
1741047033 45671 0
1741047035 45728 0
1741047037 45727 0
1741047039 46019 0
1741047041 46678 0
1741047043 47054 0
1741047045 47239 0
1741047047 47317 0
1741047049 47447 0
1741047051 47423 0
1741047053 47213 0
1741047055 47278 0
1741047057 47154 0
1741047059 47157 0
1741047061 47249 0
1741047063 47186 0
1741047066 46822 0
1741047068 46477 0
1741047070 46164 0
1741047072 45856 0
1741047074 45855 0
1741047076 45681 0
1741047078 45577 0
1741047080 45617 0
1741047082 45604 0
1741047084 45676 0
1741047086 45554 0
1741047088 45576 0
1741047090 45469 0
1741047092 45379 0
1741047094 45459 0
1741047096 45427 0
1741047098 45499 0
1741047100 45693 0
1741047102 45650 0
1741047104 45657 0
1741047106 45634 0
1741047108 45590 0
1741047110 45567 0
1741047113 45562 0
1741047115 45735 0
1741047117 45745 0
1741047119 45877 0
1741047121 46196 0
1741047123 46622 0
1741047125 47038 0
1741047127 47464 0
1741047129 47640 0
1741047131 47418 0
1741047133 47383 0
1741047135 46775 0
1741047137 46340 0
1741047139 46084 0
1741047141 45857 0
1741047143 45855 0
1741047145 45714 0
1741047147 45840 0
1741047149 45715 0
1741047151 45621 0
1741047153 45625 0
1741047155 45621 0
1741047158 45635 0
1741047160 45808 0
1741047162 45830 0
1741047164 45669 0
1741047166 45760 0
1741047168 45793 0
1741047170 45797 0
1741047172 45729 0
1741047174 45721 0
1741047176 45797 0
1741047178 45735 0
1741047180 45726 0
1741047182 45870 0
1741047184 46014 0
1741047186 46178 0
1741047188 46544 0
1741047190 46729 0
1741047192 47173 0
1741047194 47364 0
1741047196 47523 0
1741047198 47582 0
1741047200 47588 0
1741047202 47246 0
1741047205 46624 0
1741047207 46189 0
1741047209 46014 0
1741047211 45894 0
1741047213 45875 0
1741047215 45738 0
1741047217 45693 0
1741047219 45715 0
1741047221 45911 0
1741047223 45891 0
1741047225 45795 0
1741047227 45609 0
1741047229 45777 0
1741047231 45648 0
1741047233 45712 0
1741047235 45745 0
1741047237 45801 0
1741047239 45717 0
1741047241 45763 0
1741047243 45843 0
1741047245 46029 0
1741047247 46496 0
1741047249 46998 0
1741047252 47339 0
1741047254 47422 0
1741047256 47419 0
1741047258 47398 0
1741047260 47447 0
1741047262 47340 0
1741047264 47300 0
1741047266 47182 0
1741047268 47250 0
1741047270 47148 0
1741047272 46791 0
1741047274 46525 0
1741047276 46190 0
1741047278 45979 0
1741047280 45841 0
1741047282 45795 0
1741047284 45743 0
1741047286 45742 0
1741047288 45735 0
1741047290 45686 0
1741047292 45581 0
1741047294 45646 0
1741047297 45626 0
1741047299 45589 0
1741047301 45755 0
1741047303 45671 0
1741047305 45660 0
1741047307 45722 0
1741047309 45849 0
1741047311 46019 0
1741047313 46243 0
1741047315 46746 0
1741047317 47341 0
1741047319 47533 0
1741047321 47603 0
1741047323 47646 0
1741047325 47545 0
1741047327 47602 0
1741047329 47395 0
1741047331 47305 0
1741047333 47383 0
1741047335 47225 0
1741047337 47287 0
1741047339 47193 0
1741047341 46717 0
1741047344 46432 0
1741047346 46065 0
1741047348 45991 0
1741047350 45820 0
1741047352 45756 0
1741047354 45739 0
1741047356 45783 0
1741047358 45784 0
1741047360 45694 0
1741047362 45632 0
1741047364 45642 0
1741047366 45705 0
1741047368 45652 0
1741047370 45663 0
1741047372 45832 0
1741047374 45742 0
1741047376 45697 0
1741047378 45635 0
1741047380 45689 0
1741047382 45667 0
1741047384 45734 0
1741047386 45797 0
1741047388 45830 0
1741047391 45893 0
1741047393 45894 0
1741047395 46185 0
1741047397 46598 0
1741047399 47119 0
1741047401 47628 0
1741047403 47624 0
1741047405 47505 0
1741047407 47448 0
1741047409 46959 0
1741047411 46491 0
1741047413 46142 0
1741047415 45819 0
1741047417 45793 0
1741047419 45654 0
1741047421 45582 0
1741047423 45527 0
1741047425 45495 0
1741047427 45681 0
1741047429 45813 0
1741047431 45770 0
1741047433 45685 0
1741047436 45541 0
1741047438 45574 0
1741047440 45526 0
1741047442 45455 0
1741047444 45431 0
1741047446 45537 0
1741047448 45715 0
1741047450 45574 0
1741047452 45570 0
1741047454 45525 0
1741047456 45575 0
1741047458 45653 0
1741047460 45885 0
1741047462 45989 0
1741047464 46223 0
1741047466 46483 0
1741047468 47059 0
1741047470 47389 0
1741047472 47611 0
1741047474 47482 0
1741047476 47393 0
1741047478 46727 0
1741047481 46346 0
1741047483 46059 0
1741047485 45847 0
1741047487 45835 0
1741047489 45776 0
1741047491 45754 0
1741047493 45735 0
1741047495 45657 0
1741047497 45566 0
1741047499 45699 0
1741047501 45553 0
1741047503 45551 0
1741047505 45604 0
1741047507 45680 0
1741047509 45655 0
1741047511 45666 0
1741047513 45639 0
1741047515 45714 0
1741047517 45870 0
1741047519 45975 0
1741047521 46455 0
1741047523 46869 0
1741047525 47214 0
1741047528 47375 0
1741047530 47438 0
1741047532 47375 0
1741047534 47381 0
1741047536 47376 0
1741047538 47335 0
1741047540 47231 0
1741047542 47239 0
1741047544 47217 0
1741047546 46901 0
1741047548 46574 0
1741047550 46113 0
1741047552 45817 0
1741047554 45716 0
1741047556 45707 0
1741047558 45729 0
1741047560 45770 0
1741047562 45823 0
1741047564 45666 0
1741047566 45696 0
1741047568 45784 0
1741047570 45709 0
1741047573 45696 0
1741047575 45779 0
1741047577 45702 0
1741047579 45783 0
1741047581 45991 0
1741047583 45932 0
1741047585 45932 0
1741047587 46004 0
1741047589 46207 0
1741047591 46609 0
1741047593 46960 0
1741047595 47403 0
1741047597 47462 0
1741047599 47605 0
1741047601 47620 0
1741047603 47502 0
1741047605 47456 0
1741047607 47518 0
1741047609 47393 0
1741047611 47176 0
1741047613 47181 0
1741047615 46720 0
1741047617 46319 0
1741047620 45954 0
1741047622 45816 0
1741047624 45775 0
1741047626 45758 0
1741047628 45711 0
1741047630 45742 0
1741047632 45725 0
1741047634 45730 0
1741047636 45699 0
1741047638 45726 0
1741047640 45737 0
1741047642 45763 0
1741047644 45649 0
1741047646 45672 0
1741047648 45548 0
1741047650 45559 0
1741047652 45721 0
1741047654 45600 0
1741047656 45638 0
1741047658 45592 0
1741047660 45585 0
1741047662 45550 0
1741047665 45634 0
1741047667 45763 0
1741047669 46100 0
1741047671 46409 0
1741047673 46927 0
1741047675 47476 0
1741047677 47600 0
1741047679 47579 0
1741047681 47479 0
1741047683 47347 0
1741047685 46560 0
1741047687 46235 0
1741047689 45879 0
1741047691 45889 0
1741047693 45858 0
1741047695 45789 0
1741047697 45730 0
1741047699 45553 0
1741047701 45700 0
1741047703 45543 0
1741047705 45602 0
1741047707 45627 0
1741047709 45679 0
1741047712 45654 0
1741047714 45654 0
1741047716 45687 0
1741047718 45599 0
1741047720 45656 0
1741047722 45554 0
1741047724 45541 0
1741047726 45655 0
1741047728 45822 0
1741047730 45855 0
1741047732 45819 0
1741047734 45816 0
1741047736 45910 0
1741047738 46174 0
1741047740 46693 0
1741047742 47192 0
1741047744 47401 0
1741047746 47487 0
1741047748 47520 0
1741047750 47446 0
1741047752 47015 0
1741047754 46617 0
1741047757 46328 0
1741047759 46080 0
1741047761 46075 0
1741047763 45928 0
1741047765 45837 0
1741047767 45738 0
1741047769 45784 0
1741047771 45755 0
1741047773 45723 0
1741047775 45773 0
1741047777 45691 0
1741047779 45603 0
1741047781 45751 0
1741047783 45663 0
1741047785 45595 0
1741047787 45620 0
1741047789 45679 0
1741047791 45701 0
1741047793 45880 0
1741047795 46223 0
1741047797 46527 0
1741047799 46946 0
1741047801 47259 0
1741047804 47450 0
1741047806 47436 0
1741047808 47481 0
1741047810 47327 0
1741047812 47272 0
1741047814 47219 0
1741047816 47165 0
1741047818 47169 0
1741047820 47285 0
1741047822 46845 0
1741047824 46425 0
1741047826 46050 0
1741047828 45812 0
1741047830 45789 0
1741047832 45657 0
1741047834 45600 0
1741047836 45718 0
1741047838 45710 0
1741047840 45623 0
1741047842 45637 0
1741047844 45668 0
1741047846 45714 0
1741047848 45772 0
1741047851 45716 0
1741047853 45742 0
1741047855 45732 0
1741047857 45701 0
1741047859 45673 0
1741047861 45672 0
1741047863 45758 0
1741047865 46054 0
1741047867 46480 0
1741047869 46956 0
1741047871 47296 0
1741047873 47439 0
1741047875 47331 0
1741047877 47264 0
1741047879 47327 0
1741047881 47506 0
1741047883 47421 0
1741047885 47325 0
1741047887 47222 0
1741047889 47036 0
1741047891 46567 0
1741047893 46209 0
1741047896 45959 0
1741047898 45815 0
1741047900 45720 0
1741047902 45663 0
1741047904 45681 0
1741047906 45581 0
1741047908 45746 0
1741047910 45697 0
1741047912 45759 0
1741047914 45726 0
1741047916 45704 0
1741047918 45663 0
1741047920 45652 0
1741047922 45650 0
1741047924 45617 0
1741047926 45455 0
1741047928 45701 0
1741047930 45642 0
1741047932 45694 0
1741047934 45777 0
1741047936 45653 0
1741047938 45697 0
1741047940 45972 0
1741047943 46145 0
1741047945 46398 0
1741047947 46742 0
1741047949 47156 0
1741047951 47439 0
1741047953 47468 0
1741047955 47432 0
1741047957 47392 0
1741047959 46871 0
1741047961 46357 0
1741047963 46039 0
1741047965 45769 0
1741047967 45823 0
1741047969 45807 0
1741047971 45681 0
1741047973 45692 0
1741047975 45678 0
1741047977 45631 0
1741047979 45710 0
1741047981 45711 0
1741047983 45728 0
1741047985 45728 0
1741047987 45704 0
1741047990 45683 0
1741047992 45774 0
1741047994 45814 0
1741047996 45800 0
1741047998 45780 0
1741048000 45821 0
1741048002 45885 0
1741048004 45915 0
1741048006 45835 0
1741048008 45896 0
1741048010 46060 0
1741048012 46328 0
1741048014 46655 0
1741048016 47131 0
1741048018 47489 0
1741048020 47585 0
1741048022 47607 0
1741048024 47550 0
1741048026 47548 0
1741048028 47053 0
1741048030 46566 0
1741048032 46257 0
1741048034 46090 0
1741048037 45905 0
1741048039 45814 0
1741048041 45576 0
1741048043 45679 0
1741048045 45750 0
1741048047 45692 0
1741048049 45716 0
1741048051 45854 0
1741048053 45853 0
1741048055 45854 0
1741048057 45898 0
1741048059 45874 0
1741048061 46027 0
1741048063 45972 0
1741048065 45919 0
1741048067 46048 0
1741048069 46393 0
1741048071 46919 0
1741048073 47324 0
1741048075 47500 0
1741048077 47686 0
1741048079 47555 0
1741048082 47558 0
1741048084 47449 0
1741048086 47407 0
1741048088 47422 0
1741048090 47499 0
1741048092 47281 0
1741048094 47277 0
1741048096 47108 0
1741048098 46658 0
1741048100 46351 0
1741048102 46192 0
1741048104 46049 0
1741048106 45931 0
1741048108 45922 0
1741048110 45777 0
1741048112 45805 0
1741048114 45680 0
1741048116 45730 0
1741048118 45639 0
1741048120 45895 0
1741048122 45873 0
1741048124 45873 0
1741048126 45801 0
1741048129 45816 0
1741048131 45702 0
1741048133 45655 0
1741048135 45760 0
1741048137 45941 0
1741048139 46225 0
1741048141 46670 0
1741048143 47134 0
1741048145 47401 0
1741048147 47502 0
1741048149 47527 0
1741048151 47470 0
1741048153 47448 0
1741048155 47374 0
1741048157 47386 0
1741048159 47422 0
1741048161 47285 0
1741048163 47227 0
1741048165 46648 0
1741048167 46443 0
1741048169 46030 0
1741048171 45881 0
1741048173 45726 0
1741048176 45681 0
1741048178 45709 0
1741048180 45739 0
1741048182 45940 0
1741048184 45796 0
1741048186 45636 0
1741048188 45612 0
1741048190 45696 0
1741048192 45561 0
1741048194 45537 0
1741048196 45515 0
1741048198 45541 0
1741048200 45531 0
1741048202 45636 0
1741048204 45572 0
1741048206 45573 0
1741048208 45722 0
1741048210 45685 0
1741048212 45791 0
1741048214 45803 0
1741048216 45879 0
1741048218 46049 0
1741048221 46393 0
1741048223 46862 0
1741048225 47108 0
1741048227 47303 0
1741048229 47454 0
1741048231 47397 0
1741048233 47362 0
1741048235 46676 0
1741048237 46369 0
1741048239 46172 0
1741048241 46106 0
1741048243 46024 0
1741048245 45910 0
1741048247 45707 0
1741048249 45798 0
1741048251 45648 0
1741048253 45696 0
1741048255 45779 0
1741048257 45754 0
1741048259 45662 0
1741048261 45672 0
1741048263 45601 0
1741048265 45503 0
1741048268 45631 0
1741048270 45689 0
1741048272 45531 0
1741048274 45502 0
1741048276 45615 0
1741048278 45471 0
1741048280 45554 0
1741048282 45699 0
1741048284 45851 0
1741048286 46030 0
1741048288 46474 0
1741048290 46949 0
1741048292 47244 0
1741048294 47420 0
1741048296 47425 0
1741048298 47370 0
1741048300 47568 0
1741048302 47014 0
1741048304 46570 0
1741048306 46151 0
1741048308 45972 0
1741048310 45807 0
1741048313 45662 0
1741048315 45707 0
1741048317 45695 0
1741048319 45621 0
1741048321 45691 0
1741048323 45656 0
1741048325 45583 0
1741048327 45550 0
1741048329 45726 0
1741048331 45500 0
1741048333 45513 0
1741048335 45683 0
1741048337 45626 0
1741048339 45650 0
1741048341 45703 0
1741048343 45805 0
1741048345 45821 0
1741048347 46175 0
1741048349 46759 0
1741048351 47108 0
1741048353 47317 0
1741048355 47352 0
1741048357 47265 0
1741048360 47213 0
1741048362 47473 0
1741048364 47339 0
1741048366 47297 0
1741048368 47211 0
1741048370 47084 0
1741048372 46557 0
1741048374 46216 0
1741048376 45907 0
1741048378 45894 0
1741048380 45778 0
1741048382 45565 0
1741048384 45631 0
1741048386 45673 0
1741048388 45690 0
1741048390 45732 0
1741048392 45686 0
1741048394 45686 0
1741048396 45608 0
1741048398 45740 0
1741048400 45753 0
1741048402 45754 0
1741048405 45706 0
1741048407 45778 0
1741048409 45729 0
1741048411 45805 0
1741048413 45968 0
1741048415 46337 0
1741048417 46725 0
1741048419 47221 0
1741048421 47600 0
1741048423 47553 0
1741048425 47478 0
1741048427 47478 0
1741048429 47318 0
1741048431 47297 0
1741048433 47214 0
1741048435 47229 0
1741048437 47166 0
1741048439 46956 0
1741048441 46400 0
1741048443 46181 0
1741048445 45881 0
1741048447 45881 0
1741048449 45971 0
1741048452 45876 0
1741048454 45866 0
1741048456 45758 0
1741048458 45738 0
1741048460 45663 0
1741048462 45763 0
1741048464 45668 0
1741048466 45645 0
1741048468 45747 0
1741048470 45700 0
1741048472 45696 0
1741048474 45647 0
1741048476 45622 0
1741048478 45667 0
1741048480 45697 0
1741048482 45738 0
1741048484 45715 0
1741048486 45714 0
1741048488 45807 0
1741048490 45878 0
1741048492 46176 0
1741048494 46552 0
1741048496 46794 0
1741048499 47101 0
1741048501 47413 0
1741048503 47425 0
1741048505 47552 0
1741048507 47626 0
1741048509 46944 0
1741048511 46542 0
1741048513 46147 0
1741048515 46012 0
1741048517 45820 0
1741048519 45717 0
1741048521 45730 0
1741048523 45705 0
1741048525 45637 0
1741048527 45733 0
1741048529 45690 0
1741048531 45634 0
1741048533 45694 0
1741048535 45701 0
1741048537 45695 0
1741048539 45792 0
1741048541 46008 0
1741048544 45743 0
1741048546 45745 0
1741048548 45690 0
1741048550 45768 0
1741048552 45713 0
1741048554 45576 0
1741048556 45584 0
1741048558 45627 0
1741048560 45623 0
1741048562 46056 0
1741048564 46354 0
1741048566 46884 0
1741048568 47314 0
1741048570 47469 0
1741048572 47541 0
1741048574 47386 0
1741048576 47347 0
1741048578 46648 0
1741048580 46288 0
1741048582 46071 0
1741048584 45905 0
1741048586 45751 0
1741048588 45622 0
1741048591 45627 0
1741048593 45655 0
1741048595 45665 0
1741048597 45609 0
1741048599 45723 0
1741048601 45896 0
1741048603 45802 0
1741048605 45686 0
1741048607 45668 0
1741048609 45723 0
1741048611 45778 0
1741048613 45765 0
1741048615 45850 0
1741048617 45973 0
1741048619 46165 0
1741048621 46390 0
1741048623 46930 0
1741048625 47393 0
1741048627 47602 0
1741048629 47689 0
1741048631 47510 0
1741048633 47413 0
1741048636 47538 0
1741048638 47363 0
1741048640 47282 0
1741048642 47297 0
1741048644 47259 0
1741048646 46853 0
1741048648 46523 0
1741048650 46252 0
1741048652 46055 0
1741048654 46038 0
1741048656 45921 0
1741048658 45862 0
1741048660 45937 0
1741048662 45762 0
1741048664 45776 0
1741048666 45752 0
1741048668 45846 0
1741048670 45829 0
1741048672 45809 0
1741048674 45759 0
1741048676 45820 0
1741048678 45742 0
1741048680 45745 0
1741048683 45857 0
1741048685 45950 0
1741048687 46066 0
1741048689 46400 0
1741048691 47040 0
1741048693 47319 0
1741048695 47655 0
1741048697 47562 0
1741048699 47593 0
1741048701 47501 0
1741048703 47511 0
1741048705 47409 0
1741048707 47360 0
1741048709 47275 0
1741048711 47247 0
1741048713 47256 0
1741048715 46732 0
1741048717 46557 0
1741048719 46243 0
1741048721 46136 0
1741048723 45918 0
1741048725 45862 0
1741048728 45896 0
1741048730 45773 0
1741048732 45824 0
1741048734 45787 0
1741048736 45688 0
1741048738 45812 0
1741048740 45768 0
1741048742 45717 0
1741048744 45641 0
1741048746 45702 0
1741048748 45861 0
1741048750 45911 0
1741048752 45780 0
1741048754 45832 0
1741048756 45903 0
1741048758 45854 0
1741048760 45777 0
1741048762 45841 0
1741048764 45986 0
1741048766 46139 0
1741048768 46401 0
1741048770 46915 0
1741048772 47322 0
1741048775 47646 0
1741048777 47549 0
1741048779 47632 0
1741048781 47689 0
1741048783 47402 0
1741048785 46776 0
1741048787 46374 0
1741048789 46124 0
1741048791 45984 0
1741048793 45872 0
1741048795 45863 0
1741048797 45683 0
1741048799 45684 0
1741048801 45747 0
1741048803 45790 0
1741048805 45842 0
1741048807 45831 0
1741048809 45813 0
1741048811 45829 0
1741048813 45800 0
1741048815 45778 0
1741048817 45706 0
1741048819 45752 0
1741048822 45644 0
1741048824 45703 0
1741048826 45757 0
1741048828 45691 0
1741048830 45668 0
1741048832 45689 0
1741048834 45770 0
1741048836 45963 0
1741048838 46248 0
1741048840 46893 0
1741048842 47280 0
1741048844 47443 0
1741048846 47464 0
1741048848 47459 0
1741048850 47577 0
1741048852 46759 0
1741048854 46297 0
1741048856 46005 0
1741048858 45928 0
1741048860 45895 0
1741048862 45847 0
1741048864 45769 0
1741048867 45801 0
1741048869 45878 0
1741048871 45812 0
1741048873 45718 0
1741048875 45630 0
1741048877 45647 0
1741048879 45706 0
1741048881 45673 0
1741048883 45728 0
1741048885 45757 0
1741048887 45829 0
1741048889 45845 0
1741048891 45956 0
1741048893 46132 0
1741048895 46450 0
1741048897 46832 0
1741048899 47102 0
1741048901 47455 0
1741048903 47448 0
1741048905 47505 0
1741048907 47483 0
1741048909 47428 0
1741048911 47459 0
1741048914 47360 0
1741048916 47358 0
1741048918 47301 0
1741048920 47225 0
1741048922 46571 0
1741048924 46316 0
1741048926 46025 0
1741048928 46009 0
1741048930 45875 0
1741048932 45788 0
1741048934 45702 0
1741048936 45733 0
1741048938 45701 0
1741048940 45610 0
1741048942 45665 0
1741048944 45707 0
1741048946 45783 0
1741048948 45885 0
1741048950 45838 0
1741048952 45798 0
1741048954 45699 0
1741048956 45749 0
1741048958 45790 0
1741048961 46073 0
1741048963 46300 0
1741048965 46652 0
1741048967 47117 0
1741048969 47311 0
1741048971 47488 0
1741048973 47526 0
1741048975 47582 0
1741048977 47596 0
1741048979 47386 0
1741048981 47378 0
1741048983 47197 0
1741048985 47141 0
1741048987 47376 0
1741048989 46962 0
1741048991 46444 0
1741048993 46007 0
1741048995 45904 0
1741048997 45931 0
1741048999 45896 0
1741049001 45753 0
1741049003 45769 0
1741049006 45802 0
1741049008 45784 0
1741049010 45801 0
1741049012 45778 0
1741049014 45708 0
1741049016 45641 0
1741049018 45713 0
1741049020 45850 0
1741049022 45823 0
1741049024 45840 0
1741049026 46008 0
1741049028 45847 0
1741049030 45824 0
1741049032 45715 0
1741049034 45842 0
1741049036 45935 0
1741049038 45996 0
1741049040 46086 0
1741049042 46202 0
1741049044 46525 0
1741049046 47005 0
1741049048 47329 0
1741049050 47533 0
1741049053 47590 0
1741049055 47661 0
1741049057 47501 0
1741049059 46803 0
1741049061 46430 0
1741049063 46196 0
1741049065 46026 0
1741049067 45939 0
1741049069 45885 0
1741049071 45822 0
1741049073 45819 0
1741049075 45696 0
1741049077 45633 0
1741049079 45580 0
1741049081 45849 0
1741049083 45828 0
1741049085 45790 0
1741049087 45810 0
1741049089 45824 0
1741049091 45743 0
1741049093 45680 0
1741049095 45730 0
1741049098 45779 0
1741049100 45736 0
1741049102 45779 0
1741049104 45802 0
1741049106 45807 0
1741049108 45993 0
1741049110 46236 0
1741049112 46411 0
1741049114 46732 0
1741049116 47097 0
1741049118 47420 0
1741049120 47447 0
1741049122 47532 0
1741049124 47537 0
1741049126 47260 0
1741049128 46645 0
1741049130 46170 0
1741049132 46033 0
1741049134 45943 0
1741049136 45881 0
1741049138 45906 0
1741049140 46018 0
1741049142 45843 0
1741049145 45804 0
1741049147 45716 0
1741049149 45724 0
1741049151 45824 0
1741049153 45829 0
1741049155 45766 0
1741049157 45659 0
1741049159 45658 0
1741049161 45703 0
1741049163 45799 0
1741049165 45777 0
1741049167 46031 0
1741049169 46374 0
1741049171 46802 0
1741049173 47181 0
1741049175 47443 0
1741049177 47558 0
1741049179 47623 0
1741049181 47709 0
1741049183 47581 0
1741049185 47428 0
1741049188 47546 0
1741049190 47342 0
1741049192 47282 0
1741049194 47365 0
1741049196 46986 0
1741049198 46629 0
1741049200 46316 0
1741049202 46200 0
1741049204 46027 0
1741049206 45845 0
1741049208 45838 0
1741049210 45850 0
1741049212 45866 0
1741049214 45821 0
1741049216 45756 0
1741049218 45646 0
1741049220 45738 0
1741049222 45821 0
1741049224 45798 0
1741049226 45790 0
1741049228 46002 0
1741049230 45983 0
1741049233 45926 0
1741049235 45981 0
1741049237 46238 0
1741049239 46599 0
1741049241 47163 0
1741049243 47574 0
1741049245 47615 0
1741049247 47612 0
1741049249 47611 0
1741049251 47531 0
1741049253 47318 0
1741049255 47322 0
1741049257 47385 0
1741049259 47305 0
1741049261 47443 0
1741049263 47209 0
1741049265 46651 0
1741049267 46265 0
1741049269 46200 0
1741049271 45971 0
1741049273 45893 0
1741049275 45738 0
1741049277 45719 0
1741049280 45799 0
1741049282 45711 0
1741049284 45730 0
1741049286 45731 0
1741049288 45843 0
1741049290 45920 0
1741049292 45841 0
1741049294 45779 0
1741049296 45894 0
1741049298 45877 0
1741049300 45922 0
1741049302 45881 0
1741049304 45947 0
1741049306 45900 0
1741049308 45928 0
1741049310 45874 0
1741049312 45901 0
1741049314 46067 0
1741049316 46253 0
1741049318 46457 0
1741049320 47026 0
1741049322 47390 0
1741049324 47553 0
1741049327 47624 0
1741049329 47487 0
1741049331 47556 0
1741049333 47230 0
1741049335 46556 0
1741049337 46185 0
1741049339 45926 0
1741049341 45850 0
1741049343 45782 0
1741049345 45711 0
1741049347 45761 0
1741049349 45847 0
1741049351 45823 0
1741049353 45788 0
1741049355 45821 0
1741049357 45780 0
1741049359 45670 0
1741049361 45673 0
1741049363 45764 0
1741049365 45762 0
1741049367 45787 0
1741049369 45672 0
1741049372 45782 0
1741049374 45854 0
1741049376 45906 0
1741049378 45905 0
1741049380 46056 0
1741049382 46146 0
1741049384 46153 0
1741049386 46322 0
1741049388 46598 0
1741049390 47075 0
1741049392 47341 0
1741049394 47524 0
1741049396 47644 0
1741049398 47629 0
1741049400 47377 0
1741049402 46811 0
1741049404 46354 0
1741049406 46098 0
1741049408 46045 0
1741049410 45932 0
1741049412 45810 0
1741049414 45803 0
1741049416 45854 0
1741049419 45791 0
1741049421 45766 0
1741049423 45812 0
1741049425 45701 0
1741049427 45796 0
1741049429 45640 0
1741049431 45620 0
1741049433 45664 0
1741049435 45837 0
1741049437 45751 0
1741049439 45918 0
1741049441 46269 0
1741049443 46323 0
1741049445 46634 0
1741049447 47148 0
1741049449 47580 0
1741049451 47583 0
1741049453 47732 0
1741049455 47634 0
1741049457 47541 0
1741049459 47567 0
1741049461 47590 0
1741049464 47386 0
1741049466 47399 0
1741049468 47437 0
1741049470 47264 0
1741049472 46531 0
1741049474 46280 0
1741049476 46018 0
1741049478 46003 0
1741049480 45964 0
1741049482 45934 0
1741049484 45902 0
1741049486 45860 0
1741049488 45764 0
1741049490 45754 0
1741049492 45876 0
1741049494 45809 0
1741049496 45778 0
1741049498 45794 0
1741049500 45952 0
1741049502 45900 0
1741049504 45924 0
1741049506 45843 0
1741049508 45815 0
1741049511 45934 0
1741049513 46227 0
1741049515 46505 0
1741049517 46908 0
1741049519 47269 0
1741049521 47353 0
1741049523 47422 0
1741049525 47372 0
1741049527 47456 0
1741049529 47443 0
1741049531 47392 0
1741049533 47319 0
1741049535 47266 0
1741049537 47323 0
1741049539 46852 0
1741049541 46375 0
1741049543 46108 0
1741049545 45952 0
1741049547 45861 0
1741049549 45793 0
1741049551 45748 0
1741049553 45881 0
1741049556 45753 0
1741049558 45742 0
1741049560 45835 0
1741049562 46050 0
1741049564 45995 0
1741049566 45959 0
1741049568 45873 0
1741049570 45786 0
1741049572 45771 0
1741049574 45947 0
1741049576 45935 0
1741049578 45818 0
1741049580 45881 0
1741049582 45747 0
1741049584 45756 0
1741049586 45791 0
1741049588 45968 0
1741049590 46045 0
1741049592 46359 0
1741049594 46661 0
1741049596 47256 0
1741049598 47517 0
1741049600 47631 0
1741049603 47696 0
1741049605 47563 0
1741049607 47423 0
1741049609 46785 0
1741049611 46298 0
1741049613 46168 0
1741049615 46011 0
1741049617 45945 0
1741049619 45857 0
1741049621 45958 0
1741049623 45881 0
1741049625 45856 0
1741049627 45899 0
1741049629 45884 0
1741049631 45905 0
1741049633 45957 0
1741049635 45997 0
1741049637 45863 0
1741049639 45893 0
1741049641 45796 0
1741049643 45648 0
1741049645 45581 0
1741049647 45647 0
1741049650 45766 0
1741049652 45691 0
1741049654 45732 0
1741049656 45869 0
1741049658 46004 0
1741049660 46166 0
1741049662 46444 0
1741049664 46811 0
1741049666 47283 0
1741049668 47612 0
1741049670 47656 0
1741049672 47529 0
1741049674 47571 0
1741049676 47225 0
1741049678 46668 0
1741049680 46560 0
1741049682 46256 0
1741049684 46053 0
1741049686 45975 0
1741049688 45946 0
1741049690 45962 0
1741049692 45801 0
1741049695 45844 0
1741049697 45838 0
1741049699 45689 0
1741049701 45843 0
1741049703 45888 0
1741049705 45782 0
1741049707 45881 0
1741049709 45987 0
1741049711 45986 0
1741049713 45927 0
1741049715 46038 0
1741049717 46172 0
1741049719 46278 0
1741049721 46628 0
1741049723 47203 0
1741049725 47512 0
1741049727 47702 0
1741049729 47577 0
1741049731 47535 0
1741049733 47504 0
1741049735 47392 0
1741049737 47361 0
1741049740 47258 0
1741049742 47327 0
1741049744 47265 0
1741049746 46656 0
1741049748 46308 0
1741049750 46180 0
1741049752 46030 0
1741049754 45806 0
1741049756 45795 0
1741049758 45749 0
1741049760 45656 0
1741049762 45669 0
1741049764 45687 0
1741049766 45658 0
1741049768 45865 0
1741049770 45765 0
1741049772 45830 0
1741049774 45827 0
1741049776 45897 0
1741049778 45822 0
1741049780 45837 0
1741049782 45861 0
1741049784 45969 0
1741049787 46139 0
1741049789 46476 0
1741049791 46858 0
1741049793 47301 0
1741049795 47595 0
1741049797 47547 0
1741049799 47532 0
1741049801 47639 0
1741049803 47497 0
1741049805 47399 0
1741049807 47321 0
1741049809 47225 0
1741049811 47200 0
1741049813 47113 0
1741049815 46654 0
1741049817 46383 0
1741049819 46204 0
1741049821 46103 0
1741049823 46144 0
1741049825 46039 0
1741049827 46046 0
1741049829 45948 0
1741049832 45893 0
1741049834 45885 0
1741049836 45957 0
1741049838 45830 0
1741049840 45879 0
1741049842 45799 0
1741049844 45763 0
1741049846 45650 0
1741049848 45783 0
1741049850 45625 0
1741049852 45740 0
1741049854 45794 0
1741049856 45870 0
1741049858 45801 0
1741049860 45867 0
1741049862 45990 0
1741049864 46064 0
1741049866 46318 0
1741049868 46636 0
1741049870 47155 0
1741049872 47409 0
1741049874 47597 0
1741049876 47686 0
1741049879 47557 0
1741049881 47424 0
1741049883 47082 0
1741049885 46586 0
1741049887 46345 0
1741049889 46265 0
1741049891 45946 0
1741049893 45883 0
1741049895 45921 0
1741049897 45893 0
1741049899 45861 0
1741049901 45946 0
1741049903 45952 0
1741049905 46093 0
1741049907 46144 0
1741049909 45988 0
1741049911 45856 0
1741049913 45865 0
1741049915 45890 0
1741049917 45850 0
1741049919 45907 0
1741049921 45981 0
1741049924 45879 0
1741049926 45923 0
1741049928 45957 0
1741049930 45908 0
1741049932 45843 0
1741049934 45914 0
1741049936 46248 0
1741049938 46541 0
1741049940 46970 0
1741049942 47219 0
1741049944 47602 0
1741049946 47547 0
1741049948 47545 0
1741049950 47610 0
1741049952 46970 0
1741049954 46511 0
1741049956 46295 0
1741049958 45986 0
1741049960 45825 0
1741049962 45850 0
1741049964 45960 0
1741049966 45889 0
1741049968 45816 0
1741049971 45875 0
1741049973 45880 0
1741049975 45913 0
1741049977 45866 0
1741049979 45759 0
1741049981 46031 0
1741049983 45849 0
1741049985 45749 0
1741049987 45734 0
1741049989 45720 0
1741049991 45740 0
1741049993 45843 0
1741049995 46040 0
1741049997 46432 0
1741049999 46837 0
1741050001 47263 0
1741050003 47532 0
1741050005 47582 0
1741050007 47665 0
1741050009 47720 0
1741050011 47641 0
1741050013 47517 0
1741050016 47472 0
1741050018 47479 0
1741050020 47238 0
1741050022 46612 0
1741050024 46359 0
1741050026 46050 0
1741050028 45965 0
1741050030 45933 0
1741050032 45862 0
1741050034 46011 0
1741050036 45882 0
1741050038 45894 0
1741050040 46057 0
1741050042 46059 0
1741050044 45862 0
1741050046 45885 0
1741050048 45979 0
1741050050 45922 0
1741050052 45867 0
1741050054 45897 0
1741050056 45881 0
1741050058 45916 0
1741050061 46124 0
1741050063 46138 0
1741050065 46482 0
1741050067 46908 0
1741050069 47333 0
1741050071 47644 0
1741050073 47696 0
1741050075 47629 0
1741050077 47593 0
1741050079 47564 0
1741050081 47423 0
1741050083 47448 0
1741050085 47444 0
1741050087 47499 0
1741050089 47017 0
1741050091 46610 0
1741050093 46411 0
1741050095 46274 0
1741050097 46100 0
1741050099 46038 0
1741050101 46114 0
1741050103 46047 0
1741050105 46057 0
1741050108 46015 0
1741050110 45929 0
1741050112 45988 0
1741050114 45919 0
1741050116 45813 0
1741050118 45716 0
1741050120 45789 0
1741050122 45816 0
1741050124 45899 0
1741050126 45952 0
1741050128 46172 0
1741050130 46059 0
1741050132 46052 0
1741050134 46049 0
1741050136 46000 0
1741050138 46050 0
1741050140 46152 0
1741050142 46278 0
1741050144 46431 0
1741050146 46565 0
1741050148 47095 0
1741050150 47444 0
1741050153 47794 0
1741050155 47766 0
1741050157 47611 0
1741050159 46886 0
1741050161 46808 0
1741050163 46399 0
1741050165 46131 0
1741050167 46035 0
1741050169 46002 0
1741050171 46071 0
1741050173 46055 0
1741050175 45987 0
1741050177 45910 0
1741050179 45858 0
1741050181 45971 0
1741050183 45943 0
1741050185 45834 0
1741050187 45822 0
1741050189 45914 0
1741050191 45989 0
1741050193 45988 0
1741050195 45881 0
1741050197 45917 0
1741050200 45941 0
1741050202 45916 0
1741050204 45905 0
1741050206 45926 0
1741050208 46006 0
1741050210 45942 0
1741050212 46100 0
1741050214 46238 0
1741050216 46718 0
1741050218 47005 0
1741050220 47639 0
1741050222 47735 0
1741050224 47617 0
1741050226 47119 0
1741050228 46599 0
1741050230 46389 0
1741050232 46170 0
1741050234 46060 0
1741050236 45877 0
1741050238 45880 0
1741050240 45839 0
1741050242 45891 0
1741050245 45858 0
1741050247 45863 0
1741050249 46045 0
1741050251 45955 0
1741050253 45988 0
1741050255 45982 0
1741050257 45826 0
1741050259 45840 0
1741050261 45836 0
1741050263 45909 0
1741050265 46022 0
1741050267 46028 0
1741050269 46125 0
1741050271 46372 0
1741050273 46805 0
1741050275 47255 0
1741050277 47653 0
1741050279 47783 0
1741050281 47990 0
1741050283 47759 0
1741050285 47664 0
1741050287 47467 0
1741050289 47432 0
1741050292 47290 0
1741050294 47287 0
1741050296 46643 0
1741050298 46340 0
1741050300 46091 0
1741050302 45988 0
1741050304 45925 0
1741050306 45917 0
1741050308 45918 0
1741050310 45908 0
1741050312 45954 0
1741050314 45923 0
1741050316 45912 0
1741050318 45840 0
1741050320 45884 0
1741050322 45825 0
1741050324 45813 0
1741050326 45744 0
1741050328 45755 0
1741050330 45747 0
1741050332 45843 0
1741050334 45903 0
1741050336 45946 0
1741050339 46109 0
1741050341 46621 0
1741050343 46997 0
1741050345 47362 0
1741050347 47527 0
1741050349 47666 0
1741050351 47726 0
1741050353 47608 0
1741050355 47518 0
1741050357 47430 0
1741050359 47498 0
1741050361 47411 0
1741050363 47141 0
1741050365 46515 0
1741050367 46338 0
1741050369 46233 0
1741050371 46102 0
1741050373 46040 0
1741050375 45999 0
1741050377 45782 0
1741050379 45714 0
1741050381 45789 0
1741050384 45704 0
1741050386 45795 0
1741050388 45713 0
1741050390 45716 0
1741050392 45648 0
1741050394 45671 0
1741050396 45721 0
1741050398 45681 0
1741050400 45741 0
1741050402 45832 0
1741050404 45749 0
1741050406 45670 0
1741050408 45764 0
1741050410 45964 0
1741050412 45813 0
1741050414 45655 0
1741050416 45771 0
1741050418 45907 0
1741050420 46174 0
1741050422 46487 0
1741050424 47026 0
1741050426 47463 0
1741050428 47726 0
1741050431 47693 0
1741050433 46947 0
1741050435 46456 0
1741050437 46246 0
1741050439 46126 0
1741050441 45913 0
1741050443 45883 0
1741050445 45789 0
1741050447 45825 0
1741050449 45800 0
1741050451 45784 0
1741050453 45899 0
1741050455 45840 0
1741050457 45654 0
1741050459 45639 0
1741050461 45908 0
1741050463 45866 0
1741050465 45755 0
1741050467 45765 0
1741050469 45908 0
1741050471 45797 0
1741050473 45776 0
1741050475 45709 0
1741050478 45816 0
1741050480 45974 0
1741050482 45947 0
1741050484 45995 0
1741050486 45884 0
1741050488 46241 0
1741050490 46722 0
1741050492 47231 0
1741050494 47540 0
1741050496 47689 0
1741050498 47727 0
1741050500 47581 0
1741050502 46845 0
1741050504 46592 0
1741050506 46352 0
1741050508 46188 0
1741050510 45938 0
1741050512 45878 0
1741050514 45896 0
1741050516 45950 0
1741050518 45916 0
1741050520 46049 0
1741050522 46032 0
1741050525 45947 0
1741050527 45832 0
1741050529 45820 0
1741050531 45759 0
1741050533 45755 0
1741050535 45898 0
1741050537 45868 0
1741050539 45895 0
1741050541 45897 0
1741050543 45994 0
1741050545 46236 0
1741050547 46621 0
1741050549 47130 0
1741050551 47472 0
1741050553 47573 0
1741050555 47662 0
1741050557 47623 0
1741050559 47704 0
1741050561 47647 0
1741050563 47508 0
1741050565 47448 0
1741050567 47449 0
1741050570 47182 0
1741050572 46688 0
1741050574 46263 0
1741050576 46033 0
1741050578 45934 0
1741050580 46007 0
1741050582 46066 0
1741050584 45970 0
1741050586 45929 0
1741050588 45918 0
1741050590 45983 0
1741050592 45834 0
1741050594 45731 0
1741050596 45777 0
1741050598 45726 0
1741050600 45767 0
1741050602 45742 0
1741050604 45649 0
1741050606 45761 0
1741050608 45958 0
1741050610 45947 0
1741050612 46112 0
1741050614 46398 0
1741050617 46803 0
1741050619 47375 0
1741050621 47547 0
1741050623 47668 0
1741050625 47656 0
1741050627 47790 0
1741050629 47694 0
1741050631 47468 0
1741050633 47474 0
1741050635 47477 0
1741050637 47372 0
1741050639 46958 0
1741050641 46684 0
1741050643 46274 0
1741050645 46166 0
1741050647 46064 0
1741050649 46029 0
1741050651 45963 0
1741050653 45770 0
1741050655 45795 0
1741050657 45780 0
1741050659 45828 0
1741050661 45737 0
1741050664 45765 0
1741050666 45781 0
1741050668 45978 0
1741050670 45899 0
1741050672 46021 0
1741050674 46070 0
1741050676 45946 0
1741050678 45921 0
1741050680 45873 0
1741050682 45857 0
1741050684 45903 0
1741050686 45791 0
1741050688 45929 0
1741050690 45965 0
1741050692 46140 0
1741050694 46459 0
1741050696 46836 0
1741050698 47208 0
1741050700 47836 0
1741050702 47886 0
1741050704 47835 0
1741050706 47546 0
1741050709 46868 0
1741050711 46483 0
1741050713 46229 0
1741050715 46179 0
1741050717 46043 0
1741050719 45875 0
1741050721 45801 0
1741050723 45918 0
1741050725 45784 0
1741050727 45904 0
1741050729 45963 0
1741050731 45963 0
1741050733 45844 0
1741050735 45881 0
1741050737 45844 0
1741050739 45890 0
1741050741 45806 0
1741050743 45900 0
1741050745 45911 0
1741050747 45978 0
1741050749 45949 0
1741050751 45881 0
1741050754 45884 0
1741050756 45838 0
1741050758 45995 0
1741050760 45947 0
1741050762 46290 0
1741050764 46429 0
1741050766 46791 0
1741050768 47138 0
1741050770 47489 0
1741050772 47552 0
1741050774 47678 0
1741050776 47119 0
1741050778 46462 0
1741050780 46164 0
1741050782 46108 0
1741050784 45924 0
1741050786 45849 0
1741050788 45882 0
1741050790 45842 0
1741050792 45912 0
1741050794 45859 0
1741050796 45805 0
1741050798 45836 0
1741050801 45824 0
1741050803 45882 0
1741050805 45747 0
1741050807 45861 0
1741050809 45830 0
1741050811 45823 0
1741050813 45836 0
1741050815 45842 0
1741050817 45847 0
1741050819 46082 0
1741050821 46624 0
1741050823 46912 0
1741050825 47260 0
1741050827 47374 0
1741050829 47525 0
1741050831 47585 0
1741050833 47632 0
1741050835 47596 0
1741050837 47643 0
1741050839 47522 0
1741050841 47393 0
1741050843 47172 0
1741050845 46586 0
1741050848 46381 0
1741050850 46193 0
1741050852 46059 0
1741050854 46002 0
1741050856 45977 0
1741050858 45895 0
1741050860 45868 0
1741050862 45931 0
1741050864 45923 0
1741050866 45919 0
1741050868 45987 0
1741050870 45966 0
1741050872 45834 0
1741050874 45827 0
1741050876 45883 0
1741050878 45865 0
1741050880 46153 0
1741050882 45955 0
1741050884 45944 0
1741050886 45958 0
1741050888 46024 0
1741050890 46331 0
1741050893 46706 0
1741050895 47092 0
1741050897 47473 0
1741050899 47550 0
1741050901 47488 0
1741050903 47485 0
1741050905 47432 0
1741050907 47480 0
1741050909 47563 0
1741050911 47440 0
1741050913 46978 0
1741050915 46620 0
1741050917 46241 0
1741050919 45995 0
1741050921 45949 0
1741050923 45917 0
1741050925 45876 0
1741050927 45954 0
1741050929 45875 0
1741050931 45788 0
1741050933 45755 0
1741050935 45744 0
1741050937 45792 0
1741050940 45853 0
1741050942 45983 0
1741050944 45954 0
1741050946 45762 0
1741050948 45836 0
1741050950 45969 0
1741050952 45876 0
1741050954 45858 0
1741050956 45966 0
1741050958 45785 0
1741050960 45762 0
1741050962 45864 0
1741050964 45924 0
1741050966 46077 0
1741050968 46150 0
1741050970 46481 0
1741050972 46936 0
1741050974 47342 0
1741050976 47487 0
1741050978 47581 0
1741050980 47691 0
1741050982 47096 0
1741050985 46506 0
1741050987 46296 0
1741050989 46257 0
1741050991 46135 0
1741050993 45946 0
1741050995 45847 0
1741050997 45789 0
1741050999 45823 0
1741051001 45976 0
1741051003 45989 0
1741051005 45859 0
1741051007 45807 0
1741051009 45780 0
1741051011 45681 0
1741051013 45745 0
1741051015 45730 0
1741051017 45790 0
1741051019 45710 0
1741051021 45808 0
1741051023 45777 0
1741051025 45736 0
1741051027 45855 0
1741051029 45834 0
1741051032 45829 0
1741051034 45846 0
1741051036 45944 0
1741051038 46231 0
1741051040 46744 0
1741051042 47211 0
1741051044 47658 0
1741051046 47747 0
1741051048 47746 0
1741051050 47511 0
1741051052 46854 0
1741051054 46568 0
1741051056 46472 0
1741051058 46209 0
1741051060 46219 0
1741051062 46241 0
1741051064 46004 0
1741051066 45929 0
1741051068 45834 0
1741051070 45850 0
1741051072 45790 0
1741051074 45807 0
1741051077 45744 0
1741051079 45770 0
1741051081 45801 0
1741051083 45850 0
1741051085 45784 0
1741051087 45938 0
1741051089 46060 0
1741051091 46190 0
1741051093 46251 0
1741051095 46410 0
1741051097 46636 0
1741051099 47028 0
1741051101 47454 0
1741051103 47630 0
1741051105 47582 0
1741051107 47677 0
1741051109 47695 0
1741051111 47673 0
1741051113 47622 0
1741051115 47439 0
1741051117 47327 0
1741051119 46907 0
1741051121 46716 0
1741051124 46422 0
1741051126 46174 0
1741051128 46043 0
1741051130 46058 0
1741051132 45940 0
1741051134 45900 0
1741051136 45812 0
1741051138 45733 0
1741051140 45781 0
1741051142 45855 0
1741051144 45795 0
1741051146 45816 0
1741051148 46054 0
1741051150 45946 0
1741051152 45939 0
1741051154 45885 0
1741051156 45759 0
1741051158 45846 0
1741051160 45914 0
1741051162 45945 0
1741051164 46125 0
1741051166 46774 0
1741051168 47230 0
1741051171 47471 0
1741051173 47617 0
1741051175 47606 0
1741051177 47577 0
1741051179 47457 0
1741051181 47640 0
1741051183 47449 0
1741051185 47418 0
1741051187 47446 0
1741051189 46886 0
1741051191 46449 0
1741051193 46084 0
1741051195 46009 0
1741051197 45935 0
1741051199 45922 0
1741051201 45899 0
1741051203 45818 0
1741051205 45968 0
1741051207 45942 0
1741051209 45805 0
1741051211 45855 0
1741051213 45840 0
1741051216 45905 0
1741051218 45952 0
1741051220 45870 0
1741051222 45877 0
1741051224 45806 0
1741051226 45831 0
1741051228 45888 0
1741051230 45982 0
1741051232 45985 0
1741051234 45934 0
1741051236 45923 0
1741051238 45898 0
1741051240 46073 0
1741051242 46208 0
1741051244 46361 0
1741051246 46582 0
1741051248 47028 0
1741051250 47385 0
1741051252 47608 0
1741051254 47590 0
1741051256 47434 0
1741051258 46778 0
1741051260 46352 0
1741051263 46153 0
1741051265 45923 0
1741051267 45954 0
1741051269 46056 0
1741051271 45995 0
1741051273 45875 0
1741051275 45827 0
1741051277 45902 0
1741051279 45858 0
1741051281 45741 0
1741051283 45761 0
1741051285 45770 0
1741051287 45869 0
1741051289 45895 0
1741051291 45906 0
1741051293 45808 0
1741051295 45907 0
1741051297 45876 0
1741051299 46014 0
1741051301 46083 0
1741051303 46028 0
1741051305 45928 0
1741051308 45935 0
1741051310 46078 0
1741051312 46130 0
1741051314 46445 0
1741051316 46943 0
1741051318 47428 0
1741051320 47640 0
1741051322 47847 0
1741051324 47834 0
1741051326 47187 0
1741051328 46853 0
1741051330 46499 0
1741051332 46240 0
1741051334 46128 0
1741051336 45964 0
1741051338 45880 0
1741051340 46061 0
1741051342 45978 0
1741051344 45945 0
1741051346 45917 0
1741051348 45785 0
1741051350 45790 0
1741051352 45826 0
1741051355 45952 0
1741051357 45939 0
1741051359 45968 0
1741051361 46163 0
1741051363 46061 0
1741051365 46187 0
1741051367 46279 0
1741051369 46440 0
1741051371 46876 0
1741051373 47291 0
1741051375 47599 0
1741051377 47833 0
1741051379 47799 0
1741051381 47689 0
1741051383 47619 0
1741051385 47603 0
1741051387 47651 0
1741051389 47699 0
1741051391 47621 0
1741051393 47484 0
1741051395 47046 0
1741051397 46521 0
1741051399 46248 0
1741051402 46028 0
1741051404 45911 0
1741051406 45923 0
1741051408 45825 0
1741051410 45773 0
1741051412 45854 0
1741051414 45900 0
1741051416 45787 0
1741051418 45860 0
1741051420 45895 0
1741051422 45868 0
1741051424 45790 0
1741051426 45741 0
1741051428 45771 0
1741051430 45844 0
1741051432 45816 0
1741051434 45778 0
1741051436 45894 0
1741051438 46126 0
1741051440 46519 0
1741051442 46962 0
1741051444 47360 0
1741051447 47617 0
1741051449 47791 0
1741051451 47679 0
1741051453 47656 0
1741051455 47590 0
1741051457 47449 0
1741051459 47477 0
1741051461 47428 0
1741051463 47032 0
1741051465 46537 0
1741051467 46324 0
1741051469 46000 0
1741051471 45878 0
1741051473 45814 0
1741051475 45770 0
1741051477 45814 0
1741051479 45825 0
1741051481 45979 0
1741051483 45857 0
1741051485 45813 0
1741051487 45888 0
1741051489 45865 0
1741051492 45747 0
1741051494 45757 0
1741051496 45870 0
1741051498 45914 0
1741051500 45775 0
1741051502 45775 0
1741051504 45774 0
1741051506 45844 0
1741051508 45798 0
1741051510 45748 0
1741051512 45704 0
1741051514 45692 0
1741051516 45839 0
1741051518 45936 0
1741051520 46284 0
1741051522 46667 0
1741051524 47167 0
1741051526 47563 0
1741051528 47751 0
1741051530 47621 0
1741051532 46952 0
1741051534 46507 0
1741051536 46273 0
1741051539 46090 0
1741051541 46279 0
1741051543 46058 0
1741051545 45982 0
1741051547 45900 0
1741051549 45855 0
1741051551 45868 0
1741051553 45850 0
1741051555 45848 0
1741051557 45812 0
1741051559 45872 0
1741051561 45836 0
1741051563 45843 0
1741051565 45872 0
1741051567 45927 0
1741051569 45915 0
1741051571 45938 0
1741051573 45983 0
1741051575 45986 0
1741051577 45892 0
1741051579 45820 0
1741051581 45981 0
1741051584 46073 0
1741051586 46124 0
1741051588 46457 0
1741051590 46876 0
1741051592 47250 0
1741051594 47608 0
1741051596 47559 0
1741051598 47663 0
1741051600 47379 0
1741051602 46916 0
1741051604 46472 0
1741051606 46215 0
1741051608 46105 0
1741051610 45977 0
1741051612 45950 0
1741051614 45885 0
1741051616 45810 0
1741051618 45916 0
1741051620 45876 0
1741051622 45812 0
1741051624 45731 0
1741051626 45817 0
1741051628 45915 0
1741051631 45824 0
1741051633 45845 0
1741051635 45829 0
1741051637 45895 0
1741051639 45885 0
1741051641 45957 0
1741051643 46057 0
1741051645 46377 0
1741051647 46713 0
1741051649 47079 0
1741051651 47431 0
1741051653 47600 0
1741051655 47586 0
1741051657 47576 0
1741051659 47592 0
1741051661 47649 0
1741051663 47594 0
1741051665 47522 0
1741051667 47370 0
1741051669 46970 0
1741051671 46470 0
1741051673 46151 0
1741051675 45956 0
1741051678 45900 0
1741051680 45874 0
1741051682 45873 0
1741051684 45790 0
1741051686 45899 0
1741051688 45963 0
1741051690 45981 0
1741051692 45878 0
1741051694 45646 0
1741051696 45787 0
1741051698 45704 0
1741051700 45795 0
1741051702 45921 0
1741051704 45732 0
1741051706 45729 0
1741051708 45767 0
1741051710 45890 0
1741051712 46072 0
1741051714 46210 0
1741051716 46304 0
1741051718 46641 0
1741051720 47177 0
1741051723 47526 0
1741051725 47551 0
1741051727 47477 0
1741051729 47547 0
1741051731 47549 0
1741051733 47469 0
1741051735 47440 0
1741051737 47201 0
1741051739 46775 0
1741051741 46246 0
1741051743 46098 0
1741051745 45965 0
1741051747 46093 0
1741051749 46001 0
1741051751 45888 0
1741051753 45827 0
1741051755 45940 0
1741051757 45734 0
1741051759 45744 0
1741051761 45739 0
1741051763 45920 0
1741051765 45820 0
1741051767 45981 0
1741051770 45894 0
1741051772 45877 0
1741051774 45904 0
1741051776 45828 0
1741051778 45934 0
1741051780 46075 0
1741051782 46048 0
1741051784 45835 0
1741051786 45922 0
1741051788 46017 0
1741051790 46094 0
1741051792 46292 0
1741051794 46466 0
1741051796 46817 0
1741051798 47284 0
1741051800 47575 0
1741051802 47670 0
1741051804 47729 0
1741051806 47324 0
1741051808 46934 0
1741051810 46555 0
1741051812 46299 0
1741051814 46196 0
1741051817 46041 0
1741051819 46015 0
1741051821 46015 0
1741051823 46018 0
1741051825 46006 0
1741051827 46001 0
1741051829 45953 0
1741051831 45977 0
1741051833 46052 0
1741051835 46080 0
1741051837 45935 0
1741051839 45963 0
1741051841 46073 0
1741051843 45998 0
1741051845 45939 0
1741051847 45962 0
1741051849 45937 0
1741051851 45909 0
1741051853 45916 0
1741051855 45973 0
1741051857 45974 0
1741051859 46188 0
1741051862 46371 0
1741051864 46686 0
1741051866 47064 0
1741051868 47576 0
1741051870 47711 0
1741051872 47851 0
1741051874 47706 0
1741051876 46998 0
1741051878 46591 0
1741051880 46319 0
1741051882 46118 0
1741051884 46057 0
1741051886 46008 0
1741051888 46023 0
1741051890 45980 0
1741051892 45984 0
1741051894 46002 0
1741051896 45987 0
1741051898 46009 0
1741051900 46049 0
1741051902 45992 0
1741051904 45883 0
1741051906 45947 0
1741051909 45847 0
1741051911 45832 0
1741051913 45809 0
1741051915 45806 0
1741051917 46039 0
1741051919 46290 0
1741051921 46551 0
1741051923 46916 0
1741051925 47354 0
1741051927 47624 0
1741051929 47842 0
1741051931 47719 0
1741051933 47674 0
1741051935 47680 0
1741051937 47643 0
1741051939 47664 0
1741051941 47566 0
1741051943 47398 0
1741051945 46792 0
1741051947 46478 0
1741051949 46266 0
1741051951 46243 0
1741051954 46108 0
1741051956 46000 0
1741051958 45919 0
1741051960 46083 0
1741051962 46130 0
1741051964 45997 0
1741051966 45848 0
1741051968 45750 0
1741051970 45775 0
1741051972 45814 0
1741051974 45933 0
1741051976 45909 0
1741051978 45827 0
1741051980 45831 0
1741051982 45870 0
1741051984 46030 0
1741051986 46076 0
1741051988 46436 0
1741051990 46823 0
1741051992 47176 0
1741051994 47628 0
1741051996 47596 0
1741051998 47564 0
1741052001 47653 0
1741052003 47667 0
1741052005 47600 0
1741052007 47643 0
1741052009 47538 0
1741052011 47513 0
1741052013 47045 0
1741052015 46612 0
1741052017 46272 0
1741052019 45966 0
1741052021 46037 0
1741052023 45913 0
1741052025 45801 0
1741052027 45863 0
1741052029 45818 0
1741052031 45848 0
1741052033 45823 0
1741052035 45833 0
1741052037 45903 0
1741052039 45890 0
1741052041 45967 0
1741052043 45960 0
1741052045 45956 0
1741052048 45901 0
1741052050 45999 0
1741052052 45736 0
1741052054 45945 0
1741052056 45977 0
1741052058 45922 0
1741052060 45941 0
1741052062 46093 0
1741052064 46177 0
1741052066 46238 0
1741052068 46475 0
1741052070 46801 0
1741052072 47105 0
1741052074 47447 0
1741052076 47762 0
1741052078 47724 0
1741052080 47738 0
1741052082 46904 0
1741052084 46545 0
1741052086 46251 0
1741052088 45944 0
1741052090 45850 0
1741052093 45759 0
1741052095 45911 0
1741052097 45914 0
1741052099 45918 0
1741052101 45802 0
1741052103 45777 0
1741052105 45840 0
1741052107 45925 0
1741052109 46125 0
1741052111 46113 0
1741052113 46083 0
1741052115 46093 0
1741052117 45946 0
1741052119 45870 0
1741052121 45926 0
1741052123 45963 0
1741052125 45958 0
1741052127 45980 0
1741052129 45893 0
1741052131 45979 0
1741052133 46124 0
1741052135 46317 0
1741052137 46581 0
1741052140 46970 0
1741052142 47449 0
1741052144 47661 0
1741052146 47735 0
1741052148 47758 0
1741052150 47347 0
1741052152 46876 0
1741052154 46556 0
1741052156 46313 0
1741052158 46239 0
1741052160 46244 0
1741052162 46175 0
1741052164 46108 0
1741052166 46119 0
1741052168 46154 0
1741052170 46034 0
1741052172 45914 0
1741052174 45803 0
1741052176 45871 0
1741052178 45893 0
1741052180 45825 0
1741052182 45841 0
1741052184 45861 0
1741052187 45956 0
1741052189 46042 0
1741052191 46016 0
1741052193 46108 0
1741052195 46403 0
1741052197 46764 0
1741052199 47172 0
1741052201 47634 0
1741052203 47686 0
1741052205 47695 0
1741052207 47719 0
1741052209 47718 0
1741052211 47642 0
1741052213 47557 0
1741052215 47474 0
1741052217 47387 0
1741052219 46817 0
1741052221 46460 0
1741052223 46303 0
1741052225 46100 0
1741052227 46064 0
1741052229 46132 0
1741052232 46105 0
1741052234 45840 0
1741052236 45893 0
1741052238 45861 0
1741052240 45875 0
1741052242 45907 0
1741052244 45825 0
1741052246 45770 0
1741052248 45846 0
1741052250 45892 0
1741052252 45751 0
1741052254 45887 0
1741052256 45739 0
1741052258 45766 0
1741052260 46037 0
1741052262 46155 0
1741052264 46372 0
1741052266 46880 0
1741052268 47274 0
1741052270 47584 0
1741052272 47604 0
1741052274 47681 0
1741052276 47689 0
1741052279 47591 0
1741052281 47595 0
1741052283 47544 0
1741052285 47445 0
1741052287 47450 0
1741052289 47011 0
1741052291 46636 0
1741052293 46317 0
1741052295 46187 0
1741052297 46016 0
1741052299 46015 0
1741052301 45864 0
1741052303 45950 0
1741052305 45814 0
1741052307 46034 0
1741052309 46007 0
1741052311 45908 0
1741052313 45855 0
1741052315 45882 0
1741052317 45877 0
1741052319 45868 0
1741052321 46043 0
1741052324 45931 0
1741052326 45933 0
1741052328 45956 0
1741052330 46065 0
1741052332 45981 0
1741052334 45879 0
1741052336 46016 0
1741052338 46066 0
1741052340 46071 0
1741052342 46111 0
1741052344 46291 0
1741052346 46796 0
1741052348 47435 0
1741052350 47668 0
1741052352 47755 0
1741052354 47744 0
1741052356 47235 0
1741052358 46640 0
1741052360 46324 0
1741052362 46153 0
1741052364 45940 0
1741052366 45918 0
1741052368 45890 0
1741052371 45798 0
1741052373 45723 0
1741052375 45794 0
1741052377 45796 0
1741052379 45834 0
1741052381 46007 0
1741052383 45883 0
1741052385 45904 0
1741052387 45947 0
1741052389 45974 0
1741052391 45900 0
1741052393 45891 0
1741052395 45936 0
1741052397 45893 0
1741052399 45954 0
1741052401 46004 0
1741052403 45997 0
1741052405 45908 0
1741052407 45997 0
1741052409 46143 0
1741052411 46344 0
1741052413 46667 0
1741052415 47081 0
1741052418 47389 0
1741052420 47618 0
1741052422 47675 0
1741052424 47698 0
1741052426 46900 0
1741052428 46528 0
1741052430 46246 0
1741052432 46155 0
1741052434 45984 0
1741052436 45913 0
1741052438 45782 0
1741052440 45858 0
1741052442 45972 0
1741052444 45901 0
1741052446 45958 0
1741052448 45888 0
1741052450 45990 0
1741052452 45836 0
1741052454 45868 0
1741052456 45851 0
1741052458 45792 0
1741052460 45699 0
1741052463 45683 0
1741052465 45763 0
1741052467 46006 0
1741052469 46294 0
1741052471 46503 0
1741052473 46968 0
1741052475 47523 0
1741052477 47663 0
1741052479 47694 0
1741052481 47730 0
1741052483 47668 0
1741052485 47589 0
1741052487 47561 0
1741052489 47519 0
1741052491 47513 0
1741052493 47240 0
1741052495 46772 0
1741052497 46514 0
1741052499 46382 0
1741052501 46356 0
1741052503 46117 0
1741052505 45976 0
1741052507 45929 0
1741052510 45846 0
1741052512 45887 0
1741052514 45846 0
1741052516 45854 0
1741052518 45904 0
1741052520 45911 0
1741052522 46037 0
1741052524 45934 0
1741052526 45805 0
1741052528 45907 0
1741052530 45950 0
1741052532 45987 0
1741052534 46078 0
1741052536 46149 0
1741052538 46333 0
1741052540 46863 0
1741052542 47405 0
1741052544 47543 0
1741052546 47747 0
1741052548 47754 0
1741052550 47528 0
1741052552 47510 0
1741052554 47484 0
1741052557 47384 0
1741052559 47351 0
1741052561 47569 0
1741052563 46999 0
1741052565 46601 0
1741052567 46235 0
1741052569 46030 0
1741052571 45985 0
1741052573 45825 0
1741052575 45849 0
1741052577 45786 0
1741052579 45801 0
1741052581 45841 0
1741052583 45812 0
1741052585 45906 0
1741052587 46005 0
1741052589 46042 0
1741052591 45853 0
1741052593 45760 0
1741052595 45824 0
1741052597 45733 0
1741052599 45723 0
1741052601 45830 0
1741052604 45851 0
1741052606 45870 0
1741052608 45949 0
1741052610 45873 0
1741052612 45897 0
1741052614 45998 0
1741052616 46015 0
1741052618 46234 0
1741052620 46528 0
1741052622 46983 0
1741052624 47366 0
1741052626 47653 0
1741052628 47558 0
1741052630 47479 0
1741052632 46874 0
1741052634 46487 0
1741052636 46238 0
1741052638 46267 0
1741052640 46159 0
1741052642 46061 0
1741052644 46012 0
1741052646 45999 0
1741052649 46014 0
1741052651 46085 0
1741052653 46101 0
1741052655 46138 0
1741052657 45962 0
1741052659 45959 0
1741052661 45887 0
1741052663 45902 0
1741052665 45923 0
1741052667 45885 0
1741052669 45825 0
1741052671 45786 0
1741052673 45852 0
1741052675 45893 0
1741052677 45946 0
1741052679 45866 0
1741052681 46127 0
1741052683 46166 0
1741052685 46345 0
1741052687 46626 0
1741052689 47019 0
1741052691 47338 0
1741052693 47523 0
1741052696 47688 0
1741052698 47748 0
1741052700 47370 0
1741052702 46821 0
1741052704 46475 0
1741052706 46147 0
1741052708 46045 0
1741052710 45957 0
1741052712 45847 0
1741052714 45837 0
1741052716 45912 0
1741052718 45928 0
1741052720 45903 0
1741052722 45968 0
1741052724 45913 0
1741052726 45920 0
1741052728 45894 0
1741052730 45959 0
1741052732 45890 0
1741052734 45944 0
1741052736 45926 0
1741052738 45998 0
1741052741 46329 0
1741052743 46454 0
1741052745 46594 0
1741052747 47047 0
1741052749 47444 0
1741052751 47777 0
1741052753 47796 0
1741052755 47683 0
1741052757 47744 0
1741052759 47590 0
1741052761 47537 0
1741052763 47483 0
1741052765 47523 0
1741052767 47525 0
1741052769 47041 0
1741052771 46440 0
1741052773 46177 0
1741052775 46174 0
1741052777 46052 0
1741052779 45969 0
1741052781 45982 0
1741052783 45848 0
1741052785 45843 0
1741052788 45828 0
1741052790 45800 0
1741052792 45721 0
1741052794 45840 0
1741052796 45662 0
1741052798 45688 0
1741052800 45866 0
1741052802 45950 0
1741052804 45901 0
1741052806 45881 0
1741052808 45867 0
1741052810 45973 0
1741052812 46040 0
1741052814 46406 0
1741052816 46818 0
1741052818 47236 0
1741052820 47589 0
1741052822 47685 0
1741052824 47552 0
1741052826 47520 0
1741052828 47823 0
1741052830 47668 0
1741052833 47632 0
1741052835 47536 0
1741052837 47068 0
1741052839 46674 0
1741052841 46327 0
1741052843 46183 0
1741052845 45956 0
1741052847 45966 0
1741052849 45995 0
1741052851 45924 0
1741052853 45970 0
1741052855 45962 0
1741052857 45899 0
1741052859 45924 0
1741052861 45994 0
1741052863 45923 0
1741052865 45860 0
1741052867 45849 0
1741052869 45937 0
1741052871 45898 0
1741052873 45889 0
1741052875 45849 0
1741052877 45890 0
1741052880 46011 0
1741052882 46008 0
1741052884 45924 0
1741052886 45950 0
1741052888 46088 0
1741052890 46136 0
1741052892 46164 0
1741052894 46323 0
1741052896 46765 0
1741052898 47373 0
1741052900 47636 0
1741052902 47683 0
1741052904 47683 0
1741052906 47145 0
1741052908 46699 0
1741052910 46396 0
1741052912 46173 0
1741052914 46078 0
1741052916 45941 0
1741052918 45928 0
1741052920 46026 0
1741052923 46019 0
1741052925 45901 0
1741052927 45810 0
1741052929 45812 0
1741052931 45828 0
1741052933 45803 0
1741052935 45802 0
1741052937 45905 0
1741052939 45952 0
1741052941 46031 0
1741052943 45977 0
1741052945 45895 0
1741052947 45978 0
1741052949 46008 0
1741052951 45985 0
1741052953 45885 0
1741052955 45966 0
1741052957 46126 0
1741052959 46180 0
1741052961 46355 0
1741052964 46691 0
1741052966 47092 0
1741052968 47589 0
1741052970 47653 0
1741052972 47685 0
1741052974 47519 0
1741052976 46913 0
1741052978 46502 0
1741052980 46376 0
1741052982 46323 0
1741052984 46137 0
1741052986 46066 0
1741052988 45920 0
1741052990 45962 0
1741052992 45956 0
1741052994 45906 0
1741052996 45911 0
1741052998 45868 0
1741053000 45907 0
1741053002 45943 0
1741053004 45810 0
1741053006 45962 0
1741053009 46050 0
1741053011 45984 0
1741053013 46033 0
1741053015 46134 0
1741053017 46408 0
1741053019 46692 0
1741053021 46958 0
1741053023 47476 0
1741053025 47760 0
1741053027 47886 0
1741053029 47888 0
1741053031 47749 0
1741053033 47799 0
1741053035 47831 0
1741053037 47763 0
1741053039 47668 0
1741053041 47826 0
1741053043 47381 0
1741053045 46853 0
1741053047 46492 0
1741053049 46292 0
1741053051 46146 0
1741053054 46096 0
1741053056 46114 0
1741053058 46086 0
1741053060 46151 0
1741053062 46069 0
1741053064 46104 0
1741053066 46076 0
1741053068 46105 0
1741053070 46178 0
1741053072 46270 0
1741053074 46018 0
1741053076 46021 0
1741053078 45998 0
1741053080 46073 0
1741053082 46198 0
1741053084 46059 0
1741053086 46309 0
1741053088 46674 0
1741053090 47084 0
1741053092 47420 0
1741053094 47695 0
1741053096 47740 0
1741053098 47704 0
1741053101 47810 0
1741053103 47843 0
1741053105 47679 0
1741053107 47632 0
1741053109 47543 0
1741053111 47443 0
1741053113 46887 0
1741053115 46537 0
1741053117 46283 0
1741053119 46139 0
1741053121 45989 0
1741053123 45896 0
1741053125 45829 0
1741053127 46002 0
1741053129 46031 0
1741053131 46004 0
1741053133 45985 0
1741053135 45934 0
1741053137 45880 0
1741053139 45880 0
1741053141 45939 0
1741053143 46004 0
1741053145 46002 0
1741053148 46077 0
1741053150 45996 0
1741053152 46019 0
1741053154 46061 0
1741053156 46077 0
1741053158 45887 0
1741053160 45980 0
1741053162 46113 0
1741053164 46189 0
1741053166 46366 0
1741053168 46592 0
1741053170 47087 0
1741053172 47453 0
1741053174 47650 0
1741053176 47807 0
1741053178 47779 0
1741053180 47429 0
1741053182 46865 0
1741053184 46494 0
1741053186 46325 0
1741053188 46196 0
1741053190 46105 0
1741053192 46114 0
1741053195 46041 0
1741053197 45971 0
1741053199 45893 0
1741053201 45918 0
1741053203 46043 0
1741053205 45983 0
1741053207 46189 0
1741053209 46161 0
1741053211 46002 0
1741053213 46002 0
1741053215 46022 0
1741053217 45937 0
1741053219 45956 0
1741053221 46242 0
1741053223 46125 0
1741053225 46050 0
1741053227 45950 0
1741053229 45972 0
1741053231 46166 0
1741053233 46142 0
1741053235 46314 0
1741053237 46579 0
1741053240 46843 0
1741053242 47361 0
1741053244 47592 0
1741053246 47711 0
1741053248 47854 0
1741053250 47158 0
1741053252 46624 0
1741053254 46394 0
1741053256 46236 0
1741053258 46119 0
1741053260 46042 0
1741053262 45972 0
1741053264 45878 0
1741053266 45880 0
1741053268 45935 0
1741053270 45950 0
1741053272 45914 0
1741053274 45854 0
1741053276 45711 0
1741053278 45714 0
1741053280 46004 0
1741053282 45989 0
1741053284 45973 0
1741053287 45944 0
1741053289 45824 0
1741053291 45878 0
1741053293 45941 0
1741053295 46216 0
1741053297 46568 0
1741053299 47023 0
1741053301 47309 0
1741053303 47613 0
1741053305 47546 0
1741053307 47748 0
1741053309 47759 0
1741053311 47696 0
1741053313 47641 0
1741053315 47617 0
1741053317 47447 0
1741053319 46959 0
1741053321 46666 0
1741053323 46308 0
1741053325 46192 0
1741053327 46140 0
1741053329 46051 0
1741053332 46019 0
1741053334 46092 0
1741053336 45992 0
1741053338 45914 0
1741053340 46048 0
1741053342 46138 0
1741053344 45960 0
1741053346 45889 0
1741053348 45866 0
1741053350 45872 0
1741053352 45904 0
1741053354 45897 0
1741053356 45880 0
1741053358 46048 0
1741053360 46144 0
1741053362 46312 0
1741053364 46557 0
1741053366 47032 0
1741053368 47700 0
1741053370 47751 0
1741053372 47693 0
1741053374 47689 0
1741053376 47662 0
1741053379 47513 0
1741053381 47575 0
1741053383 47630 0
1741053385 47650 0
1741053387 47327 0
1741053389 46782 0
1741053391 46355 0
1741053393 46106 0
1741053395 46075 0
1741053397 46086 0
1741053399 46154 0
1741053401 46305 0
1741053403 46181 0
1741053405 46000 0
1741053407 45968 0
1741053409 45949 0
1741053411 45891 0
1741053413 45957 0
1741053415 45923 0
1741053417 45900 0
1741053419 45851 0
1741053421 45988 0
1741053423 45959 0
1741053426 45761 0
1741053428 45904 0
1741053430 45973 0
1741053432 45836 0
1741053434 45832 0
1741053436 45901 0
1741053438 45926 0
1741053440 46028 0
1741053442 46062 0
1741053444 46557 0
1741053446 47006 0
1741053448 47431 0
1741053450 47663 0
1741053452 47645 0
1741053454 47663 0
1741053456 46918 0
1741053458 46534 0
1741053460 46602 0
1741053462 46427 0
1741053464 46138 0
1741053466 46008 0
1741053468 45939 0
1741053471 45892 0
1741053473 45893 0
1741053475 45906 0
1741053477 45961 0
1741053479 45866 0
1741053481 45877 0
1741053483 45904 0
1741053485 45864 0
1741053487 46063 0
1741053489 46146 0
1741053491 45993 0
1741053493 45885 0
1741053495 45919 0
1741053497 45934 0
1741053499 45920 0
1741053501 45898 0
1741053503 45879 0
1741053505 45837 0
1741053507 46090 0
1741053509 46297 0
1741053511 46585 0
1741053513 46872 0
1741053515 47181 0
1741053518 47427 0
1741053520 47637 0
1741053522 47786 0
1741053524 47425 0
1741053526 46782 0
1741053528 46364 0
1741053530 46122 0
1741053532 45964 0
1741053534 45947 0
1741053536 45901 0
1741053538 45880 0
1741053540 45795 0
1741053542 45840 0
1741053544 45895 0
1741053546 45793 0
1741053548 45951 0
1741053550 45961 0
1741053552 46012 0
1741053554 46010 0
1741053556 45985 0
1741053558 45870 0
1741053560 45914 0
1741053563 45989 0
1741053565 45985 0
1741053567 46214 0
1741053569 46451 0
1741053571 46830 0
1741053573 47262 0
1741053575 47692 0
1741053577 47679 0
1741053579 47647 0
1741053581 47821 0
1741053583 47630 0
1741053585 47600 0
1741053587 47490 0
1741053589 47519 0
1741053591 47566 0
1741053593 47146 0
1741053595 46771 0
1741053597 46444 0
1741053599 46325 0
1741053601 46135 0
1741053603 46128 0
1741053605 45979 0
1741053608 46088 0
1741053610 46173 0
1741053612 46029 0
1741053614 46114 0
1741053616 46066 0
1741053618 45981 0
1741053620 45967 0
1741053622 45967 0
1741053624 45980 0
1741053626 45921 0
1741053628 46070 0
1741053630 46028 0
1741053632 46056 0
1741053634 46271 0
1741053636 46285 0
1741053638 46525 0
1741053640 47130 0
1741053642 47547 0
1741053644 47716 0
1741053646 47744 0
1741053648 47730 0
1741053650 47576 0
1741053652 47500 0
1741053655 47495 0
1741053657 47329 0
1741053659 47222 0
1741053661 47152 0
1741053663 46631 0
1741053665 46204 0
1741053667 46100 0
1741053669 46066 0
1741053671 45922 0
1741053673 45917 0
1741053675 45963 0
1741053677 45907 0
1741053679 45824 0
1741053681 45894 0
1741053683 45925 0
1741053685 45962 0
1741053687 46017 0
1741053689 46034 0
1741053691 45896 0
1741053693 45979 0
1741053695 45927 0
1741053697 45793 0
1741053699 45834 0
1741053702 45889 0
1741053704 45982 0
1741053706 45914 0
1741053708 45937 0
1741053710 45951 0
1741053712 46028 0
1741053714 46051 0
1741053716 46179 0
1741053718 46460 0
1741053720 46940 0
1741053722 47368 0
1741053724 47609 0
1741053726 47706 0
1741053728 47936 0
1741053730 47500 0
1741053732 46952 0
1741053734 46487 0
1741053736 46339 0
1741053738 46063 0
1741053740 45903 0
1741053742 45884 0
1741053744 45966 0
1741053747 46050 0
1741053749 45911 0
1741053751 45978 0
1741053753 45975 0
1741053755 46075 0
1741053757 46090 0
1741053759 46037 0
1741053761 46197 0
1741053763 46058 0
1741053765 45988 0
1741053767 45922 0
1741053769 45968 0
1741053771 46001 0
1741053773 45994 0
1741053775 45995 0
1741053777 46041 0
1741053779 46067 0
1741053781 46008 0
1741053783 46097 0
1741053785 46325 0
1741053787 46856 0
1741053789 47287 0
1741053791 47544 0
1741053794 47771 0
1741053796 47867 0
1741053798 47733 0
1741053800 47128 0
1741053802 46602 0
1741053804 46384 0
1741053806 46111 0
1741053808 46048 0
1741053810 45980 0
1741053812 46052 0
1741053814 46065 0
1741053816 45949 0
1741053818 46053 0
1741053820 46171 0
1741053822 46134 0
1741053824 46044 0
1741053826 45970 0
1741053828 45865 0
1741053830 45950 0
1741053832 45851 0
1741053834 45964 0
1741053836 45978 0
1741053838 45939 0
1741053841 45970 0
1741053843 46263 0
1741053845 46659 0
1741053847 47318 0
1741053849 47777 0
1741053851 47947 0
1741053853 47822 0
1741053855 47877 0
1741053857 47744 0
1741053859 47705 0
1741053861 47605 0
1741053863 47642 0
1741053865 47666 0
1741053867 47709 0
1741053869 47096 0
1741053871 46642 0
1741053873 46504 0
1741053875 46276 0
1741053877 46116 0
1741053879 46081 0
1741053881 46083 0
1741053883 46140 0
1741053886 46088 0
1741053888 46001 0
1741053890 46030 0
1741053892 46011 0
1741053894 46030 0
1741053896 45959 0
1741053898 46013 0
1741053900 45984 0
1741053902 45825 0
1741053904 45806 0
1741053906 45770 0
1741053908 46008 0
1741053910 46194 0
1741053912 46423 0
1741053914 46873 0
1741053916 47264 0
1741053918 47562 0
1741053920 47755 0
1741053922 47788 0
1741053924 47656 0
1741053926 47691 0
1741053928 47690 0
1741053930 47490 0
1741053933 47457 0
1741053935 47375 0
1741053937 46985 0
1741053939 46520 0
1741053941 46529 0
1741053943 46214 0
1741053945 46153 0
1741053947 46047 0
1741053949 45985 0
1741053951 46007 0
1741053953 45857 0
1741053955 45859 0
1741053957 45887 0
1741053959 45943 0
1741053961 45894 0
1741053963 45881 0
1741053965 45877 0
1741053967 45880 0
1741053969 45946 0
1741053971 45860 0
1741053973 45854 0
1741053975 45912 0
1741053977 45898 0
1741053980 45882 0
1741053982 45869 0
1741053984 46041 0
1741053986 45976 0
1741053988 46109 0
1741053990 46247 0
1741053992 46483 0
1741053994 46849 0
1741053996 47242 0
1741053998 47532 0
1741054000 47852 0
1741054002 47758 0
1741054004 47550 0
1741054006 46970 0
1741054008 46448 0
1741054010 46175 0
1741054012 45992 0
1741054014 46001 0
1741054016 45927 0
1741054018 45925 0
1741054020 46028 0
1741054022 46106 0
1741054025 46013 0
1741054027 46099 0
1741054029 46090 0
1741054031 46066 0
1741054033 46084 0
1741054035 46052 0
1741054037 45995 0
1741054039 45867 0
1741054041 45824 0
1741054043 46002 0
1741054045 46078 0
1741054047 46111 0
1741054049 46215 0
1741054051 46141 0
1741054053 46085 0
1741054055 46156 0
1741054057 46172 0
1741054059 46221 0
1741054061 46655 0
1741054063 46976 0
1741054065 47417 0
1741054067 47697 0
1741054069 47749 0
1741054072 47687 0
1741054074 47470 0
1741054076 46858 0
1741054078 46471 0
1741054080 46184 0
1741054082 46024 0
1741054084 45977 0
1741054086 45956 0
1741054088 46074 0
1741054090 46064 0
1741054092 46030 0
1741054094 45953 0
1741054096 46006 0
1741054098 45888 0
1741054100 45860 0
1741054102 45860 0
1741054104 45776 0
1741054106 45931 0
1741054108 45873 0
1741054110 45872 0
1741054112 45865 0
1741054115 45952 0
1741054117 46009 0
1741054119 46231 0
1741054121 46832 0
1741054123 47323 0
1741054125 47512 0
1741054127 47684 0
1741054129 47545 0
1741054131 47594 0
1741054133 47451 0
1741054135 47490 0
1741054137 47424 0
1741054139 47411 0
1741054141 47387 0
1741054143 46907 0
1741054145 46518 0
1741054147 46336 0
1741054149 46198 0
1741054151 46123 0
1741054153 45892 0
1741054155 45997 0
1741054157 45906 0
1741054159 45919 0
1741054162 45931 0
1741054164 46023 0
1741054166 45995 0
1741054168 46073 0
1741054170 46104 0
1741054172 46166 0
1741054174 46131 0
1741054176 46099 0
1741054178 46130 0
1741054180 46239 0
1741054182 46366 0
1741054184 46351 0
1741054186 46636 0
1741054188 46991 0
1741054190 47489 0
1741054192 47777 0
1741054194 47737 0
1741054196 47758 0
1741054198 47710 0
1741054200 47645 0
1741054202 47600 0
1741054204 47623 0
1741054207 47724 0
1741054209 47738 0
1741054211 47492 0
1741054213 46928 0
1741054215 46564 0
1741054217 46300 0
1741054219 46270 0
1741054221 46153 0
1741054223 46150 0
1741054225 46140 0
1741054227 46141 0
1741054229 46075 0
1741054231 46095 0
1741054233 45991 0
1741054235 45993 0
1741054237 46030 0
1741054239 45965 0
1741054241 46104 0
1741054243 46004 0
1741054245 45883 0
1741054247 45872 0
1741054249 45942 0
1741054251 45828 0
1741054254 45738 0
1741054256 45768 0
1741054258 45858 0
1741054260 45858 0
1741054262 46071 0
1741054264 46183 0
1741054266 46367 0
1741054268 46883 0
1741054270 47312 0
1741054272 47550 0
1741054274 47819 0
1741054276 47876 0
1741054278 47871 0
1741054280 47421 0
1741054282 46770 0
1741054284 46391 0
1741054286 46148 0
1741054288 46201 0
1741054290 45988 0
1741054292 45897 0
1741054294 45980 0
1741054296 45910 0
1741054299 45865 0
1741054301 46071 0
1741054303 46065 0
1741054305 45888 0
1741054307 45812 0
1741054309 45768 0
1741054311 45829 0
1741054313 45874 0
1741054315 45759 0
1741054317 45864 0
1741054319 45856 0
1741054321 45825 0
1741054323 45883 0
1741054325 45863 0
1741054327 46010 0
1741054329 46194 0
1741054331 46206 0
1741054333 46285 0
1741054335 46650 0
1741054337 47211 0
1741054339 47487 0
1741054341 47658 0
1741054343 47825 0
1741054346 47906 0
1741054348 47960 0
1741054350 47131 0
1741054352 46617 0
1741054354 46465 0
1741054356 46237 0
1741054358 46213 0
1741054360 46362 0
1741054362 46396 0
1741054364 46183 0
1741054366 46224 0
1741054368 46139 0
1741054370 46106 0
1741054372 46049 0
1741054374 45982 0
1741054376 45958 0
1741054378 45983 0
1741054380 45978 0
1741054382 45820 0
1741054384 45918 0
1741054386 46073 0
1741054388 46291 0
1741054390 46499 0
1741054393 46748 0
1741054395 47291 0
1741054397 47581 0
1741054399 47724 0
1741054401 47903 0
1741054403 47985 0
1741054405 47859 0
1741054407 48014 0
1741054409 47908 0
1741054411 47829 0
1741054413 47832 0
1741054415 47710 0
1741054417 47444 0
1741054419 46888 0
1741054421 46689 0
1741054423 46363 0
1741054425 46254 0
1741054427 46153 0
1741054429 46043 0
1741054431 46071 0
1741054433 46082 0
1741054435 46131 0
1741054438 46024 0
1741054440 46127 0
1741054442 46126 0
1741054444 46109 0
1741054446 46170 0
1741054448 46256 0
1741054450 46311 0
1741054452 46203 0
1741054454 46079 0
1741054456 46167 0
1741054458 46090 0
1741054460 46236 0
1741054462 46765 0
1741054464 47327 0
1741054466 47646 0
1741054468 47933 0
1741054470 47900 0
1741054472 47797 0
1741054474 47747 0
1741054476 47707 0
1741054478 47821 0
1741054480 47994 0
1741054482 47860 0
1741054485 47730 0
1741054487 47095 0
1741054489 46677 0
1741054491 46465 0
1741054493 46219 0
1741054495 46210 0
1741054497 46098 0
1741054499 46022 0
1741054501 46060 0
1741054503 46060 0
1741054505 46082 0
1741054507 46117 0
1741054509 46177 0
1741054511 46139 0
1741054513 46000 0
1741054515 46007 0
1741054517 46060 0
1741054519 46107 0
1741054521 46182 0
1741054523 46183 0
1741054525 45990 0
1741054527 46183 0
1741054530 46149 0
1741054532 46102 0
1741054534 46131 0
1741054536 46167 0
1741054538 46149 0
1741054540 46353 0
1741054542 46772 0
1741054544 47132 0
1741054546 47505 0
1741054548 47842 0
1741054550 47882 0
1741054552 47831 0
1741054554 47533 0
1741054556 46901 0
1741054558 46588 0
1741054560 46341 0
1741054562 46167 0
1741054564 46093 0
1741054566 46146 0
1741054568 46334 0
1741054570 46221 0
1741054572 46233 0
1741054574 46149 0
1741054577 46097 0
1741054579 45954 0
1741054581 46034 0
1741054583 46061 0
1741054585 46030 0
1741054587 46220 0
1741054589 46124 0
1741054591 45973 0
1741054593 45990 0
1741054595 46051 0
1741054597 45939 0
1741054599 45945 0
1741054601 46156 0
1741054603 45964 0
1741054605 45973 0
1741054607 46066 0
1741054609 46413 0
1741054611 46763 0
1741054613 47128 0
1741054615 47695 0
1741054617 47833 0
1741054619 47918 0
1741054622 47783 0
1741054624 47369 0
1741054626 46879 0
1741054628 46700 0
1741054630 46591 0
1741054632 46313 0
1741054634 46206 0
1741054636 46140 0
1741054638 46150 0
1741054640 46068 0
1741054642 46095 0
1741054644 46071 0
1741054646 46126 0
1741054648 46088 0
1741054650 46044 0
1741054652 45918 0
1741054654 46031 0
1741054656 46029 0
1741054658 46026 0
1741054660 46243 0
1741054662 46206 0
1741054664 46357 0
1741054666 46580 0
1741054669 46727 0
1741054671 47304 0
1741054673 47533 0
1741054675 47772 0
1741054677 47841 0
1741054679 47762 0
1741054681 47673 0
1741054683 47624 0
1741054685 47535 0
1741054687 47532 0
1741054689 47647 0
1741054691 47665 0
1741054693 46914 0
1741054695 46592 0
1741054697 46280 0
1741054699 46214 0
1741054701 46124 0
1741054703 46022 0
1741054705 46018 0
1741054707 46179 0
1741054709 46141 0
1741054711 46081 0
1741054714 46029 0
1741054716 46093 0
1741054718 46030 0
1741054720 46247 0
1741054722 46233 0
1741054724 46188 0
1741054726 46201 0
1741054728 46121 0
1741054730 46098 0
1741054732 46172 0
1741054734 46260 0
1741054736 46672 0
1741054738 46909 0
1741054740 47406 0
1741054742 47706 0
1741054744 47706 0
1741054746 47807 0
1741054748 47975 0
1741054750 47851 0
1741054752 47660 0
1741054754 47688 0
1741054756 47551 0
1741054758 47639 0
1741054761 47418 0
1741054763 46804 0
1741054765 46447 0
1741054767 46332 0
1741054769 46177 0
1741054771 46077 0
1741054773 46027 0
1741054775 46053 0
1741054777 46055 0
1741054779 46193 0
1741054781 46126 0
1741054783 46158 0
1741054785 46112 0
1741054787 46047 0
1741054789 46048 0
1741054791 45902 0
1741054793 45842 0
1741054795 45824 0
1741054797 45859 0
1741054799 45956 0
1741054801 45928 0
1741054803 45943 0
1741054806 45937 0
1741054808 46029 0
1741054810 46130 0
1741054812 46206 0
1741054814 46355 0
1741054816 46579 0
1741054818 46860 0
1741054820 47247 0
1741054822 47681 0
1741054824 47911 0
1741054826 47921 0
1741054828 47824 0
1741054830 47340 0
1741054832 46899 0
1741054834 46607 0
1741054836 46385 0
1741054838 46238 0
1741054840 46326 0
1741054842 46203 0
1741054844 46155 0
1741054846 46101 0
1741054848 46032 0
1741054850 46033 0
1741054853 46032 0
1741054855 46075 0
1741054857 46050 0
1741054859 46043 0
1741054861 46051 0
1741054863 45941 0
1741054865 46014 0
1741054867 46068 0
1741054869 46207 0
1741054871 46215 0
1741054873 46141 0
1741054875 46351 0
1741054877 46233 0
1741054879 46306 0
1741054881 46184 0
1741054883 46402 0
1741054885 46829 0
1741054887 47291 0
1741054889 47623 0
1741054891 47846 0
1741054893 47995 0
1741054895 47822 0
1741054898 47681 0
1741054900 47009 0
1741054902 46774 0
1741054904 46453 0
1741054906 46286 0
1741054908 46160 0
1741054910 46115 0
1741054912 45942 0
1741054914 46057 0
1741054916 46055 0
1741054918 45985 0
1741054920 46146 0
1741054922 46026 0
1741054924 45871 0
1741054926 45869 0
1741054928 46078 0
1741054930 46014 0
1741054932 46102 0
1741054934 46052 0
1741054936 46198 0
1741054938 46069 0
1741054940 46191 0
1741054942 46371 0
1741054945 46863 0
1741054947 47371 0
1741054949 47472 0
1741054951 47602 0
1741054953 47540 0
1741054955 47501 0
1741054957 47693 0
1741054959 47748 0
1741054961 47917 0
1741054963 47804 0
1741054965 47559 0
1741054967 47142 0
1741054969 46792 0
1741054971 46569 0
1741054973 46352 0
1741054975 46214 0
1741054977 46079 0
1741054979 46037 0
1741054981 46049 0
1741054983 46062 0
1741054985 45970 0
1741054987 46004 0
1741054989 46106 0
1741054992 46065 0
1741054994 46105 0
1741054996 46171 0
1741054998 46096 0
1741055000 46097 0
1741055002 46092 0
1741055004 46170 0
1741055006 46178 0
1741055008 46390 0
1741055010 46568 0
1741055012 47089 0
1741055014 47531 0
1741055016 47737 0
1741055018 47918 0
1741055020 48224 0
1741055022 48044 0
1741055024 47941 0
1741055026 47747 0
1741055028 47632 0
1741055030 47534 0
1741055032 47432 0
1741055034 47458 0
1741055036 46993 0
1741055039 46512 0
1741055041 46361 0
1741055043 46195 0
1741055045 46065 0
1741055047 45995 0
1741055049 45936 0
1741055051 46095 0
1741055053 46011 0
1741055055 46001 0
1741055057 45959 0
1741055059 45913 0
1741055061 45977 0
1741055063 45957 0
1741055065 45941 0
1741055067 46097 0
1741055069 46161 0
1741055071 46202 0
1741055073 46095 0
1741055075 45992 0
1741055077 46029 0
1741055079 46163 0
1741055081 46233 0
1741055084 46286 0
1741055086 46467 0
1741055088 46472 0
1741055090 46761 0
1741055092 47117 0
1741055094 47440 0
1741055096 47723 0
1741055098 47933 0
1741055100 47940 0
1741055102 47910 0
1741055104 47647 0
1741055106 47062 0
1741055108 46791 0
1741055110 46567 0
1741055112 46248 0
1741055114 46153 0
1741055116 46184 0
1741055118 46223 0
1741055120 46169 0
1741055122 46188 0
1741055124 46171 0
1741055126 46109 0
1741055128 46067 0
1741055131 45949 0
1741055133 45913 0
1741055135 46091 0
1741055137 45932 0
1741055139 46062 0
1741055141 46170 0
1741055143 46210 0
1741055145 46103 0
1741055147 46065 0
1741055149 46060 0
1741055151 46108 0
1741055153 46083 0
1741055155 45999 0
1741055157 46145 0
1741055159 46294 0
1741055161 46577 0
1741055163 47077 0
1741055165 47454 0
1741055167 47844 0
1741055169 47932 0
1741055171 47749 0
1741055173 47201 0
1741055176 46890 0
1741055178 46539 0
1741055180 46453 0
1741055182 46330 0
1741055184 46445 0
1741055186 46297 0
1741055188 46244 0
1741055190 46253 0
1741055192 46340 0
1741055194 46320 0
1741055196 46242 0
1741055198 46217 0
1741055200 46372 0
1741055202 46371 0
1741055204 46202 0
1741055206 46216 0
1741055208 46137 0
1741055210 46205 0
1741055212 46364 0
1741055214 46383 0
1741055216 46652 0
1741055218 46967 0
1741055220 47339 0
1741055223 47679 0
1741055225 47784 0
1741055227 47825 0
1741055229 47911 0
1741055231 47822 0
1741055233 47806 0
1741055235 47749 0
1741055237 47775 0
1741055239 47640 0
1741055241 47619 0
1741055243 47072 0
1741055245 46699 0
1741055247 46433 0
1741055249 46249 0
1741055251 46239 0
1741055253 46271 0
1741055255 46321 0
1741055257 46201 0
1741055259 46171 0
1741055261 46327 0
1741055263 46259 0
1741055265 46101 0
1741055268 46146 0
1741055270 46093 0
1741055272 46119 0
1741055274 46245 0
1741055276 46221 0
1741055278 46178 0
1741055280 46167 0
1741055282 46173 0
1741055284 46253 0
1741055286 46348 0
1741055288 46905 0
1741055290 47457 0
1741055292 47758 0
1741055294 47861 0
1741055296 47888 0
1741055298 47760 0
1741055300 47774 0
1741055302 47770 0
1741055304 47706 0
1741055306 47797 0
1741055308 47635 0
1741055310 47322 0
1741055312 46820 0
1741055315 46445 0
1741055317 46234 0
1741055319 46252 0
1741055321 46391 0
1741055323 46300 0
1741055325 46220 0
1741055327 46126 0
1741055329 46105 0
1741055331 46168 0
1741055333 46096 0
1741055335 46107 0
1741055337 46030 0
1741055339 45990 0
1741055341 45903 0
1741055343 45947 0
1741055345 46019 0
1741055347 46128 0
1741055349 45994 0
1741055351 46030 0
1741055353 46041 0
1741055355 45997 0
1741055357 46108 0
1741055360 46232 0
1741055362 46277 0
1741055364 46283 0
1741055366 46429 0
1741055368 46729 0
1741055370 47355 0
1741055372 47586 0
1741055374 47856 0
1741055376 47824 0
1741055378 47701 0
1741055380 47216 0
1741055382 46825 0
1741055384 46456 0
1741055386 46268 0
1741055388 46167 0
1741055390 46098 0
1741055392 46134 0
1741055394 46104 0
1741055396 46031 0
1741055398 46084 0
1741055400 46132 0
1741055402 46105 0
1741055404 46045 0
1741055407 46205 0
1741055409 46159 0
1741055411 46161 0
1741055413 46162 0
1741055415 46332 0
1741055417 46353 0
1741055419 46297 0
1741055421 46192 0
1741055423 46195 0
1741055425 46238 0
1741055427 46334 0
1741055429 46321 0
1741055431 46394 0
1741055433 46764 0
1741055435 47137 0
1741055437 47648 0
1741055439 47998 0
1741055441 48074 0
1741055443 48131 0
1741055445 48063 0
1741055447 47836 0
1741055449 47091 0
1741055451 46781 0
1741055454 46508 0
1741055456 46267 0
1741055458 46159 0
1741055460 46065 0
1741055462 46042 0
1741055464 46110 0
1741055466 46014 0
1741055468 46117 0
1741055470 46024 0
1741055472 46004 0
1741055474 46047 0
1741055476 45935 0
1741055478 45865 0
1741055480 45937 0
1741055482 46042 0
1741055484 46056 0
1741055486 45963 0
1741055488 46236 0
1741055490 46454 0
1741055492 46758 0
1741055494 47364 0
1741055496 47643 0
1741055499 47914 0
1741055501 48102 0
1741055503 47942 0
1741055505 47793 0
1741055507 47761 0
1741055509 47660 0
1741055511 47596 0
1741055513 47538 0
1741055515 47613 0
1741055517 47171 0
1741055519 46690 0
1741055521 46435 0
1741055523 46224 0
1741055525 46044 0
1741055527 46127 0
1741055529 46155 0
1741055531 46029 0
1741055533 46088 0
1741055535 46172 0
1741055537 46140 0
1741055539 46216 0
1741055541 46070 0
1741055543 46146 0
1741055546 46104 0
1741055548 46068 0
1741055550 46051 0
1741055552 46068 0
1741055554 46196 0
1741055556 46181 0
1741055558 46203 0
1741055560 46497 0
1741055562 46908 0
1741055564 47490 0
1741055566 47729 0
1741055568 47877 0
1741055570 47920 0
1741055572 47847 0
1741055574 47850 0
1741055576 47807 0
1741055578 47687 0
1741055580 47582 0
1741055582 47441 0
1741055584 47451 0
1741055586 46997 0
1741055588 46789 0
1741055591 46398 0
1741055593 46409 0
1741055595 46180 0
1741055597 46118 0
1741055599 46026 0
1741055601 46063 0
1741055603 46205 0
1741055605 46001 0
1741055607 46097 0
1741055609 46120 0
1741055611 46088 0
1741055613 46087 0
1741055615 46112 0
1741055617 45986 0
1741055619 46058 0
1741055621 46194 0
1741055623 46212 0
1741055625 46047 0
1741055627 46066 0
1741055629 46008 0
1741055631 45981 0
1741055633 46024 0
1741055635 46180 0
1741055638 46275 0
1741055640 46402 0
1741055642 46730 0
1741055644 47136 0
1741055646 47494 0
1741055648 47742 0
1741055650 47805 0
1741055652 47858 0
1741055654 47624 0
1741055656 47048 0
1741055658 46689 0
1741055660 46567 0
1741055662 46253 0
1741055664 46077 0
1741055666 46125 0
1741055668 46288 0
1741055670 46162 0
1741055672 46214 0
1741055674 46235 0
1741055676 46183 0
1741055678 46033 0
1741055680 46279 0
1741055682 46179 0
1741055685 46116 0
1741055687 46075 0
1741055689 46099 0
1741055691 46102 0
1741055693 45924 0
1741055695 45882 0
1741055697 46060 0
1741055699 46103 0
1741055701 46131 0
1741055703 46059 0
1741055705 46110 0
1741055707 46294 0
1741055709 46711 0
1741055711 47177 0
1741055713 47571 0
1741055715 47856 0
1741055717 47858 0
1741055719 47873 0
1741055721 47820 0
1741055723 47355 0
1741055725 46833 0
1741055727 46591 0
1741055730 46411 0
1741055732 46277 0
1741055734 46212 0
1741055736 46040 0
1741055738 46031 0
1741055740 46154 0
1741055742 46220 0
1741055744 46166 0
1741055746 46141 0
1741055748 45951 0
1741055750 45959 0
1741055752 46021 0
1741055754 45840 0
1741055756 45985 0
1741055758 46047 0
1741055760 45971 0
1741055762 46038 0
1741055764 46237 0
1741055766 46557 0
1741055768 47033 0
1741055770 47490 0
1741055772 47890 0
1741055774 47851 0
1741055777 47811 0
1741055779 47734 0
1741055781 47611 0
1741055783 47601 0
1741055785 47618 0
1741055787 47529 0
1741055789 47538 0
1741055791 47652 0
1741055793 47225 0
1741055795 46670 0
1741055797 46287 0
1741055799 46384 0
1741055801 46334 0
1741055803 46170 0
1741055805 46031 0
1741055807 46123 0
1741055809 46234 0
1741055811 46124 0
1741055813 46181 0
1741055815 46141 0
1741055817 46131 0
1741055819 46124 0
1741055821 46078 0
1741055824 46043 0
1741055826 46072 0
1741055828 46198 0
1741055830 46383 0
1741055832 46415 0
1741055834 46591 0
1741055836 46880 0
1741055838 47305 0
1741055840 47851 0
1741055842 47958 0
1741055844 47983 0
1741055846 47936 0
1741055848 47864 0
1741055850 47774 0
1741055852 47862 0
1741055854 47750 0
1741055856 47697 0
1741055858 47550 0
1741055860 47397 0
1741055862 46835 0
1741055864 46458 0
1741055866 46432 0
1741055868 46280 0
1741055871 46111 0
1741055873 46040 0
1741055875 46086 0
1741055877 46081 0
1741055879 46041 0
1741055881 46021 0
1741055883 46093 0
1741055885 46079 0
1741055887 46174 0
1741055889 46264 0
1741055891 46165 0
1741055893 46116 0
1741055895 46123 0
1741055897 46095 0
1741055899 46111 0
1741055901 46109 0
1741055903 46049 0
1741055905 46035 0
1741055907 46123 0
1741055909 46168 0
1741055911 46187 0
1741055913 46283 0
1741055916 46555 0
1741055918 47003 0
1741055920 47507 0
1741055922 47793 0
1741055924 47810 0
1741055926 47899 0
1741055928 47917 0
1741055930 47287 0
1741055932 46862 0
1741055934 46668 0
1741055936 46501 0
1741055938 46263 0
1741055940 46103 0
1741055942 46124 0
1741055944 46233 0
1741055946 46196 0
1741055948 46330 0
1741055950 46201 0
1741055952 46104 0
1741055954 46119 0
1741055956 46105 0
1741055958 46204 0
1741055960 46124 0
1741055963 45938 0
1741055965 46044 0
1741055967 46256 0
1741055969 46186 0
1741055971 46143 0
1741055973 46230 0
1741055975 46347 0
1741055977 46395 0
1741055979 46409 0
1741055981 46749 0
1741055983 46809 0
1741055985 47050 0
1741055987 47463 0
1741055989 47824 0
1741055991 47890 0
1741055993 47939 0
1741055995 47880 0
1741055997 47713 0
1741055999 47053 0
1741056001 46712 0
1741056003 46432 0
1741056005 46396 0
1741056007 46218 0
1741056010 46201 0
1741056012 46177 0
1741056014 46146 0
1741056016 46071 0
1741056018 46153 0
1741056020 46079 0
1741056022 46064 0
1741056024 46053 0
1741056026 46061 0
1741056028 46142 0
1741056030 46090 0
1741056032 46043 0
1741056034 46026 0
1741056036 46001 0
1741056038 46142 0
1741056040 46574 0
1741056042 47109 0
1741056044 47510 0
1741056046 47824 0
1741056048 47863 0
1741056050 47979 0
1741056052 47876 0
1741056055 47660 0
1741056057 47653 0
1741056059 47500 0
1741056061 47571 0
1741056063 47529 0
1741056065 47613 0
1741056067 47237 0
1741056069 46913 0
1741056071 46600 0
1741056073 46314 0
1741056075 46286 0
1741056077 46167 0
1741056079 46173 0
1741056081 46110 0
1741056083 46106 0
1741056085 46062 0
1741056087 46131 0
1741056089 45981 0
1741056091 46196 0
1741056093 46189 0
1741056095 46089 0
1741056097 46128 0
1741056099 46221 0
1741056102 46327 0
1741056104 46206 0
1741056106 46096 0
1741056108 46225 0
1741056110 46468 0
1741056112 46908 0
1741056114 47290 0
1741056116 47595 0
1741056118 47744 0
1741056120 47799 0
1741056122 47737 0
1741056124 47746 0
1741056126 47753 0
1741056128 47879 0
1741056130 47787 0
1741056132 47750 0
1741056134 47684 0
1741056136 47109 0
1741056138 46664 0
1741056140 46493 0
1741056142 46437 0
1741056144 46189 0
1741056147 46194 0
1741056149 46259 0
1741056151 46253 0
1741056153 46257 0
1741056155 46253 0
1741056157 46159 0
1741056159 46206 0
1741056161 46444 0
1741056163 46265 0
1741056165 46204 0
1741056167 46173 0
1741056169 46255 0
1741056171 46188 0
1741056173 46119 0
1741056175 46057 0
1741056177 45992 0
1741056179 46017 0
1741056181 46036 0
1741056183 46078 0
1741056185 46191 0
1741056187 46425 0
1741056189 46754 0
1741056191 47224 0
1741056194 47678 0
1741056196 47894 0
1741056198 47853 0
1741056200 47956 0
1741056202 47929 0
1741056204 47678 0
1741056206 47050 0
1741056208 46630 0
1741056210 46368 0
1741056212 46289 0
1741056214 46358 0
1741056216 46254 0
1741056218 46257 0
1741056220 46137 0
1741056222 46196 0
1741056224 46212 0
1741056226 46207 0
1741056228 46130 0
1741056230 46104 0
1741056232 46044 0
1741056234 46057 0
1741056236 46055 0
1741056238 46026 0
1741056241 45981 0
1741056243 45985 0
1741056245 45997 0
1741056247 46097 0
1741056249 46255 0
1741056251 46283 0
1741056253 46266 0
1741056255 46332 0
1741056257 46389 0
1741056259 46627 0
1741056261 47046 0
1741056263 47588 0
1741056265 47822 0
1741056267 48102 0
1741056269 47979 0
1741056271 47863 0
1741056273 47199 0
1741056275 46863 0
1741056277 46467 0
1741056279 46419 0
1741056281 46385 0
1741056283 46157 0
1741056285 46167 0
1741056288 46169 0
1741056290 46135 0
1741056292 46076 0
1741056294 45984 0
1741056296 46044 0
1741056298 46101 0
1741056300 46094 0
1741056302 45954 0
1741056304 45973 0
1741056306 45954 0
1741056308 46098 0
1741056310 46098 0
1741056312 46238 0
1741056314 46342 0
1741056316 46506 0
1741056318 46833 0
1741056320 47560 0
1741056322 47785 0
1741056324 47737 0
1741056326 47808 0
1741056328 47813 0
1741056330 47730 0
1741056333 47742 0
1741056335 47782 0
1741056337 47729 0
1741056339 47626 0
1741056341 47664 0
1741056343 47190 0
1741056345 46664 0
1741056347 46497 0
1741056349 46431 0
1741056351 46271 0
1741056353 46204 0
1741056355 46086 0
1741056357 45946 0
1741056359 45907 0
1741056361 45847 0
1741056363 46036 0
1741056365 46173 0
1741056367 46128 0
1741056369 46225 0
1741056371 46134 0
1741056373 46098 0
1741056375 46063 0
1741056378 45900 0
1741056380 45904 0
1741056382 46001 0
1741056384 46399 0
1741056386 46745 0
1741056388 47241 0
1741056390 47596 0
1741056392 47722 0
1741056394 47814 0
1741056396 47798 0
1741056398 47817 0
1741056400 47941 0
1741056402 47903 0
1741056404 47872 0
1741056406 47672 0
1741056408 47766 0
1741056410 47476 0
1741056412 46957 0
1741056414 46566 0
1741056416 46306 0
1741056418 46287 0
1741056420 46239 0
1741056422 46131 0
1741056425 46135 0
1741056427 46130 0
1741056429 46197 0
1741056431 46064 0
1741056433 45973 0
1741056435 45946 0
1741056437 45952 0
1741056439 45960 0
1741056441 46077 0
1741056443 46190 0
1741056445 46290 0
1741056447 46367 0
1741056449 46263 0
1741056451 46126 0
1741056453 46173 0
1741056455 46116 0
1741056457 46121 0
1741056459 46129 0
1741056461 46322 0
1741056463 46428 0
1741056465 46646 0
1741056467 46939 0
1741056470 47479 0
1741056472 47787 0
1741056474 47940 0
1741056476 47964 0
1741056478 47934 0
1741056480 47259 0
1741056482 46926 0
1741056484 46567 0
1741056486 46308 0
1741056488 46318 0
1741056490 46391 0
1741056492 46254 0
1741056494 46153 0
1741056496 46165 0
1741056498 46060 0
1741056500 46124 0
1741056502 46151 0
1741056504 46071 0
1741056506 45990 0
1741056508 46195 0
1741056510 46093 0
1741056512 45959 0
1741056514 46068 0
1741056517 46057 0
1741056519 45949 0
1741056521 46159 0
1741056523 46083 0
1741056525 46101 0
1741056527 46060 0
1741056529 46030 0
1741056531 45998 0
1741056533 46202 0
1741056535 46453 0
1741056537 46847 0
1741056539 47291 0
1741056541 47553 0
1741056543 47675 0
1741056545 47815 0
1741056547 47499 0
1741056549 47045 0
1741056551 46636 0
1741056553 46273 0
1741056555 46198 0
1741056557 46075 0
1741056559 46144 0
1741056562 45960 0
1741056564 46064 0
1741056566 46111 0
1741056568 46141 0
1741056570 46100 0
1741056572 46183 0
1741056574 46219 0
1741056576 46042 0
1741056578 45984 0
1741056580 46194 0
1741056582 46232 0
1741056584 46223 0
1741056586 46222 0
1741056588 46298 0
1741056590 46528 0
1741056592 46749 0
1741056594 47077 0
1741056596 47483 0
1741056598 47769 0
1741056600 47889 0
1741056602 47865 0
1741056604 47964 0
1741056606 47850 0
1741056609 47811 0
1741056611 47757 0
1741056613 47814 0
1741056615 47732 0
1741056617 47298 0
1741056619 47096 0
1741056621 46759 0
1741056623 46603 0
1741056625 46421 0
1741056627 46444 0
1741056629 46390 0
1741056631 46288 0
1741056633 46322 0
1741056635 46230 0
1741056637 46142 0
1741056639 46125 0
1741056641 46161 0
1741056643 46190 0
1741056645 46056 0
1741056647 46071 0
1741056649 46076 0
1741056651 46142 0
1741056653 46203 0
1741056656 46222 0
1741056658 46412 0
1741056660 46618 0
1741056662 46979 0
1741056664 47373 0
1741056666 47698 0
1741056668 47912 0
1741056670 47996 0
1741056672 47982 0
1741056674 47894 0
1741056676 47816 0
1741056678 47847 0
1741056680 47859 0
1741056682 47915 0
1741056684 47654 0
1741056686 47133 0
1741056688 46829 0
1741056690 46430 0
1741056692 46383 0
1741056694 46244 0
1741056696 46279 0
1741056698 46279 0
1741056700 46453 0
1741056703 46166 0
1741056705 46109 0
1741056707 46152 0
1741056709 46102 0
1741056711 46059 0
1741056713 46123 0
1741056715 46262 0
1741056717 46229 0
1741056719 46157 0
1741056721 46099 0
1741056723 46139 0
1741056725 46187 0
1741056727 46262 0
1741056729 46366 0
1741056731 46229 0
1741056733 46266 0
1741056735 46290 0
1741056737 46372 0
1741056739 46638 0
1741056741 46988 0
1741056743 47542 0
1741056745 47868 0
1741056748 47860 0
1741056750 47917 0
1741056752 47814 0
1741056754 47364 0
1741056756 46937 0
1741056758 46768 0
1741056760 46563 0
1741056762 46469 0
1741056764 46192 0
1741056766 46101 0
1741056768 46007 0
1741056770 46115 0
1741056772 46024 0
1741056774 45928 0
1741056776 46015 0
1741056778 45959 0
1741056780 46057 0
1741056782 46100 0
1741056784 46101 0
1741056786 46175 0
1741056788 46403 0
1741056790 46226 0
1741056792 46233 0
1741056795 46172 0
1741056797 46160 0
1741056799 46169 0
1741056801 46235 0
1741056803 46326 0
1741056805 46368 0
1741056807 46552 0
1741056809 46859 0
1741056811 47412 0
1741056813 47863 0
1741056815 48054 0
1741056817 48160 0
1741056819 48113 0
1741056821 48183 0
1741056823 47475 0
1741056825 47045 0
1741056827 46590 0
1741056829 46518 0
1741056831 46285 0
1741056833 46287 0
1741056835 46185 0
1741056837 46146 0
1741056839 46090 0
1741056842 46037 0
1741056844 46001 0
1741056846 46082 0
1741056848 46200 0
1741056850 46198 0
1741056852 46274 0
1741056854 46155 0
1741056856 46151 0
1741056858 46090 0
1741056860 46169 0
1741056862 46121 0
1741056864 46253 0
1741056866 46485 0
1741056868 46790 0
1741056870 47261 0
1741056872 47678 0
1741056874 47975 0
1741056876 47896 0
1741056878 47888 0
1741056880 48001 0
1741056882 47902 0
1741056884 47781 0
1741056887 47632 0
1741056889 47556 0
1741056891 47362 0
1741056893 46887 0
1741056895 46636 0
1741056897 46403 0
1741056899 46335 0
1741056901 46338 0
1741056903 46259 0
1741056905 46214 0
1741056907 46369 0
1741056909 46450 0
1741056911 46212 0
1741056913 46310 0
1741056915 46226 0
1741056917 46175 0
1741056919 46302 0
1741056921 46284 0
1741056923 46199 0
1741056925 46076 0
1741056927 46298 0
1741056929 46319 0
1741056931 46469 0
1741056934 46721 0
1741056936 47232 0
1741056938 47603 0
1741056940 47903 0
1741056942 48162 0
1741056944 48129 0
1741056946 47924 0
1741056948 47914 0
1741056950 47731 0
1741056952 47856 0
1741056954 47783 0
1741056956 47665 0
1741056958 47638 0
1741056960 47390 0
1741056962 46965 0
1741056964 46746 0
1741056966 46519 0
1741056968 46506 0
1741056970 46429 0
1741056972 46363 0
1741056974 46415 0
1741056976 46210 0
1741056978 46091 0
1741056981 46098 0
1741056983 46166 0
1741056985 46313 0
1741056987 46510 0
1741056989 46344 0
1741056991 46264 0
1741056993 46275 0
1741056995 46215 0
1741056997 46176 0
1741056999 46221 0
1741057001 46299 0
1741057003 46227 0
1741057005 46234 0
1741057007 46275 0
1741057009 46231 0
1741057011 46392 0
1741057013 46638 0
1741057015 46957 0
1741057017 47511 0
1741057019 47880 0
1741057021 47998 0
1741057023 47967 0
1741057026 48003 0
1741057028 48058 0
1741057030 47369 0
1741057032 46861 0
1741057034 46571 0
1741057036 46450 0
1741057038 46330 0
1741057040 46181 0
1741057042 46201 0
1741057044 46225 0
1741057046 46066 0
1741057048 46092 0
1741057050 46134 0
1741057052 46084 0
1741057054 46115 0
1741057056 46164 0
1741057058 46163 0
1741057060 46378 0
1741057062 46257 0
1741057064 46270 0
1741057066 46154 0
1741057068 46058 0
1741057070 46102 0
1741057073 46212 0
1741057075 46273 0
1741057077 46250 0
1741057079 46369 0
1741057081 46430 0
1741057083 46565 0
1741057085 46857 0
1741057087 47362 0
1741057089 47741 0
1741057091 47851 0
1741057093 47767 0
1741057095 47830 0
1741057097 47489 0
1741057099 46930 0
1741057101 46673 0
1741057103 46467 0
1741057105 46330 0
1741057107 46253 0
1741057109 46251 0
1741057111 46257 0
1741057113 46213 0
1741057115 46177 0
1741057118 46140 0
1741057120 46119 0
1741057122 46359 0
1741057124 46270 0
1741057126 46206 0
1741057128 46226 0
1741057130 46228 0
1741057132 46193 0
1741057134 46225 0
1741057136 46264 0
1741057138 46318 0
1741057140 46471 0
1741057142 46922 0
1741057144 47334 0
1741057146 47643 0
1741057148 47833 0
1741057150 47782 0
1741057152 47688 0
1741057154 47786 0
1741057156 47803 0
1741057158 47668 0
1741057160 47568 0
1741057162 47607 0
1741057165 47612 0
1741057167 47176 0
1741057169 46821 0
1741057171 46424 0
1741057173 46281 0
1741057175 46290 0
1741057177 46166 0
1741057179 46077 0
1741057181 46204 0
1741057183 46074 0
1741057185 46094 0
1741057187 46054 0
1741057189 46068 0
1741057191 46092 0
1741057193 46156 0
1741057195 46200 0
1741057197 46229 0
1741057199 46231 0
1741057201 46329 0
1741057203 46219 0
1741057205 46382 0
1741057207 46768 0
1741057209 47136 0
1741057212 47507 0
1741057214 47818 0
1741057216 48000 0
1741057218 47986 0
1741057220 47893 0
1741057222 47940 0
1741057224 47748 0
1741057226 47563 0
1741057228 47613 0
1741057230 47618 0
1741057232 47560 0
1741057234 47557 0
1741057236 47060 0
1741057238 46552 0
1741057240 46594 0
1741057242 46418 0
1741057244 46304 0
1741057246 46236 0
1741057248 46189 0
1741057250 46167 0
1741057252 46204 0
1741057254 46237 0
1741057257 46231 0
1741057259 46155 0
1741057261 46151 0
1741057263 46227 0
1741057265 46270 0
1741057267 46286 0
1741057269 46338 0
1741057271 46335 0
1741057273 46220 0
1741057275 46369 0
1741057277 46336 0
1741057279 46287 0
1741057281 46402 0
1741057283 46462 0
1741057285 46563 0
1741057287 46962 0
1741057289 47412 0
1741057291 47861 0
1741057293 48163 0
1741057295 48233 0
1741057297 48177 0
1741057299 48175 0
1741057301 48275 0
1741057304 47827 0
1741057306 47229 0
1741057308 46851 0
1741057310 46668 0
1741057312 46514 0
1741057314 46555 0
1741057316 46437 0
1741057318 46405 0
1741057320 46344 0
1741057322 46443 0
1741057324 46451 0
1741057326 46405 0
1741057328 46542 0
1741057330 46465 0
1741057332 46439 0
1741057334 46483 0
1741057336 46437 0
1741057338 46338 0
1741057340 46369 0
1741057342 46435 0
1741057344 46321 0
1741057346 46234 0
1741057349 46333 0
1741057351 46440 0
1741057353 46710 0
1741057355 46936 0
1741057357 47271 0
1741057359 47727 0
1741057361 48235 0
1741057363 48318 0
1741057365 48288 0
1741057367 48232 0
1741057369 48158 0
1741057371 48123 0
1741057373 47418 0
1741057375 47139 0
1741057377 46958 0
1741057379 46706 0
1741057381 46643 0
1741057383 46526 0
1741057385 46490 0
1741057387 46498 0
1741057389 46501 0
1741057391 46440 0
1741057393 46320 0
1741057396 46265 0
1741057398 46324 0
1741057400 46370 0
1741057402 46232 0
1741057404 46363 0
1741057406 46321 0
1741057408 46449 0
1741057410 46477 0
1741057412 46496 0
1741057414 46827 0
1741057416 47169 0
1741057418 47478 0
1741057420 48059 0
1741057422 48096 0
1741057424 48016 0
1741057426 47980 0
1741057428 47974 0
1741057430 47808 0
1741057432 47707 0
1741057434 47626 0
1741057436 47623 0
1741057438 47538 0
1741057440 47300 0
1741057443 46819 0
1741057445 46444 0
1741057447 46438 0
1741057449 46545 0
1741057451 46382 0
1741057453 46330 0
1741057455 46336 0
1741057457 46208 0
1741057459 46080 0
1741057461 46002 0
1741057463 46024 0
1741057465 46097 0
1741057467 46183 0
1741057469 46059 0
1741057471 46083 0
1741057473 46054 0
1741057475 46056 0
1741057477 46178 0
1741057479 46342 0
1741057481 46720 0
1741057483 46957 0
1741057485 47448 0
1741057488 47697 0
1741057490 47920 0
1741057492 47897 0
1741057494 47900 0
1741057496 47843 0
1741057498 47853 0
1741057500 47726 0
1741057502 47795 0
1741057504 47782 0
1741057506 47797 0
1741057508 47811 0
1741057510 47394 0
1741057512 46917 0
1741057514 46577 0
1741057516 46490 0
1741057518 46337 0
1741057520 46259 0
1741057522 46262 0
1741057524 46251 0
1741057526 46293 0
1741057528 46318 0
1741057530 46198 0
1741057532 46293 0
1741057535 46277 0
1741057537 46294 0
1741057539 46274 0
1741057541 46437 0
1741057543 46325 0
1741057545 46280 0
1741057547 46159 0
1741057549 46210 0
1741057551 46227 0
1741057553 46136 0
1741057555 46157 0
1741057557 46219 0
1741057559 46191 0
1741057561 46322 0
1741057563 46489 0
1741057565 46998 0
1741057567 47541 0
1741057569 47888 0
1741057571 47944 0
1741057573 47896 0
1741057575 47864 0
1741057577 47702 0
1741057579 47120 0
1741057582 46638 0
1741057584 46467 0
1741057586 46315 0
1741057588 46232 0
1741057590 46145 0
1741057592 46189 0
1741057594 46194 0
1741057596 46089 0
1741057598 46101 0
1741057600 46291 0
1741057602 46192 0
1741057604 46083 0
1741057606 46075 0
1741057608 46149 0
1741057610 46028 0
1741057612 46160 0
1741057614 46069 0
1741057616 46229 0
1741057618 46197 0
1741057620 46233 0
1741057622 46167 0
1741057624 46281 0
1741057627 46449 0
1741057629 46667 0
1741057631 46882 0
1741057633 47276 0
1741057635 47723 0
1741057637 47974 0
1741057639 48013 0
1741057641 48051 0
1741057643 47961 0
1741057645 47842 0
1741057647 47484 0
1741057649 47079 0
1741057651 46762 0
1741057653 46602 0
1741057655 46548 0
1741057657 46426 0
1741057659 46373 0
1741057661 46395 0
1741057663 46212 0
1741057665 46220 0
1741057667 46052 0
1741057669 46182 0
1741057671 46160 0
1741057674 46168 0
1741057676 46201 0
1741057678 46232 0
1741057680 46261 0
1741057682 46340 0
1741057684 46344 0
1741057686 46392 0
1741057688 46727 0
1741057690 47148 0
1741057692 47356 0
1741057694 47760 0
1741057696 47945 0
1741057698 48003 0
1741057700 47964 0
1741057702 47895 0
1741057704 47855 0
1741057706 47803 0
1741057708 47876 0
1741057710 47819 0
1741057712 47760 0
1741057714 47752 0
1741057716 47195 0
1741057719 46855 0
1741057721 46920 0
1741057723 46592 0
1741057725 46362 0
1741057727 46338 0
1741057729 46177 0
1741057731 46192 0
1741057733 46123 0
1741057735 46151 0
1741057737 46193 0
1741057739 46315 0
1741057741 46327 0
1741057743 46326 0
1741057745 46269 0
1741057747 46337 0
1741057749 46217 0
1741057751 46086 0
1741057753 46163 0
1741057755 46373 0
1741057757 46512 0
1741057759 46953 0
1741057761 47433 0
1741057763 47829 0
1741057766 47948 0
1741057768 48076 0
1741057770 47916 0
1741057772 47839 0
1741057774 47745 0
1741057776 47727 0
1741057778 47724 0
1741057780 47699 0
1741057782 47742 0
1741057784 47668 0
1741057786 46997 0
1741057788 46721 0
1741057790 46564 0
1741057792 46403 0
1741057794 46181 0
1741057796 46196 0
1741057798 46301 0
1741057800 46246 0
1741057802 46160 0
1741057804 46113 0
1741057806 46310 0
1741057808 46252 0
1741057811 46188 0
1741057813 46134 0
1741057815 46148 0
1741057817 46150 0
1741057819 46222 0
1741057821 46188 0
1741057823 46182 0
1741057825 46212 0
1741057827 46257 0
1741057829 46324 0
1741057831 46388 0
1741057833 46408 0
1741057835 46548 0
1741057837 46885 0
1741057839 47256 0
1741057841 47800 0
1741057843 48120 0
1741057845 48046 0
1741057847 48003 0
1741057849 47993 0
1741057851 47928 0
1741057853 47467 0
1741057855 47041 0
1741057858 46563 0
1741057860 46531 0
1741057862 46349 0
1741057864 46312 0
1741057866 46276 0
1741057868 46324 0
1741057870 46295 0
1741057872 46236 0
1741057874 46194 0
1741057876 46218 0
1741057878 46205 0
1741057880 46313 0
1741057882 46347 0
1741057884 46315 0
1741057886 46278 0
1741057888 46260 0
1741057890 46286 0
1741057892 46190 0
1741057894 46267 0
1741057896 46190 0
1741057898 46176 0
1741057900 46453 0
1741057903 46499 0
1741057905 46613 0
1741057907 46714 0
1741057909 47213 0
1741057911 47491 0
1741057913 47836 0
1741057915 47968 0
1741057917 47961 0
1741057919 47961 0
1741057921 47917 0
1741057923 47292 0
1741057925 46792 0
1741057927 46548 0
1741057929 46520 0
1741057931 46305 0
1741057933 46286 0
1741057935 46338 0
1741057937 46224 0
1741057939 46177 0
1741057941 46183 0
1741057943 46206 0
1741057945 46188 0
1741057947 46198 0
1741057950 46110 0
1741057952 46194 0
1741057954 46281 0
1741057956 46198 0
1741057958 46260 0
1741057960 46487 0
1741057962 46837 0
1741057964 47171 0
1741057966 47516 0
1741057968 47849 0
1741057970 47892 0
1741057972 47942 0
1741057974 47905 0
1741057976 47887 0
1741057978 47900 0
1741057980 47754 0
1741057982 47820 0
1741057984 47917 0
1741057986 47816 0
1741057988 47952 0
1741057990 47433 0
1741057992 46878 0
1741057994 46700 0
1741057997 46514 0
1741057999 46384 0
1741058001 46209 0
1741058003 46331 0
1741058005 46436 0
1741058007 46424 0
1741058009 46308 0
1741058011 46355 0
1741058013 46401 0
1741058015 46435 0
1741058017 46219 0
1741058019 46080 0
1741058021 46287 0
1741058023 46220 0
1741058025 46162 0
1741058027 46165 0
1741058029 46250 0
1741058031 46304 0
1741058033 46722 0
1741058035 47301 0
1741058037 47633 0
1741058039 47826 0
1741058042 47932 0
1741058044 47963 0
1741058046 47908 0
1741058048 47963 0
1741058050 47922 0
1741058052 47843 0
1741058054 47759 0
1741058056 47664 0
1741058058 47650 0
1741058060 47048 0
1741058062 46758 0
1741058064 46550 0
1741058066 46419 0
1741058068 46220 0
1741058070 46186 0
1741058072 46202 0
1741058074 46166 0
1741058076 46186 0
1741058078 46119 0
1741058080 46303 0
1741058082 46248 0
1741058084 46172 0
1741058086 46076 0
1741058089 46052 0
1741058091 46175 0
1741058093 46219 0
1741058095 46157 0
1741058097 46079 0
1741058099 46152 0
1741058101 46246 0
1741058103 46280 0
1741058105 46184 0
1741058107 46399 0
1741058109 46535 0
1741058111 46669 0
1741058113 46994 0
1741058115 47517 0
1741058117 47719 0
1741058119 47967 0
1741058121 48077 0
1741058123 48030 0
1741058125 47905 0
1741058127 47658 0
1741058129 47167 0
1741058131 46701 0
1741058133 46656 0
1741058136 46482 0
1741058138 46366 0
1741058140 46367 0
1741058142 46385 0
1741058144 46316 0
1741058146 46294 0
1741058148 46200 0
1741058150 46269 0
1741058152 46180 0
1741058154 46250 0
1741058156 46353 0
1741058158 46327 0
1741058160 46319 0
1741058162 46214 0
1741058164 46115 0
1741058166 46178 0
1741058168 46318 0
1741058170 46320 0
1741058172 46155 0
1741058174 46143 0
1741058176 46382 0
1741058178 46528 0
1741058181 46757 0
1741058183 46922 0
1741058185 47447 0
1741058187 47872 0
1741058189 48053 0
1741058191 48037 0
1741058193 48042 0
1741058195 48055 0
1741058197 47440 0
1741058199 47078 0
1741058201 46898 0
1741058203 46551 0
1741058205 46450 0
1741058207 46285 0
1741058209 46306 0
1741058211 46265 0
1741058213 46168 0
1741058215 46236 0
1741058217 46220 0
1741058219 46274 0
1741058221 46251 0
1741058223 46252 0
1741058225 46297 0
1741058228 46349 0
1741058230 46316 0
1741058232 46384 0
1741058234 46395 0
1741058236 46533 0
1741058238 46761 0
1741058240 47176 0
1741058242 47495 0
1741058244 47766 0
1741058246 47913 0
1741058248 48078 0
1741058250 48070 0
1741058252 47886 0
1741058254 47876 0
1741058256 47804 0
1741058258 47800 0
1741058260 47836 0
1741058262 47828 0
1741058264 47722 0
1741058266 47166 0
1741058268 46888 0
1741058270 46618 0
1741058272 46425 0
1741058275 46358 0
1741058277 46338 0
1741058279 46323 0
1741058281 46285 0
1741058283 46196 0
1741058285 46109 0
1741058287 46300 0
1741058289 46398 0
1741058291 46331 0
1741058293 46266 0
1741058295 46287 0
1741058297 46232 0
1741058299 46295 0
1741058301 46320 0
1741058303 46445 0
1741058305 46494 0
1741058307 46890 0
1741058309 47208 0
1741058311 47652 0
1741058313 47934 0
1741058315 48009 0
1741058317 48076 0
1741058320 48132 0
1741058322 48179 0
1741058324 48105 0
1741058326 47998 0
1741058328 47954 0
1741058330 47855 0
1741058332 47858 0
1741058334 47602 0
1741058336 47102 0
1741058338 46672 0
1741058340 46574 0
1741058342 46614 0
1741058344 46400 0
1741058346 46449 0
1741058348 46607 0
1741058350 46439 0
1741058352 46405 0
1741058354 46427 0
1741058356 46435 0
1741058358 46346 0
1741058360 46359 0
1741058362 46362 0
1741058365 46250 0
1741058367 46365 0
1741058369 46359 0
1741058371 46175 0
1741058373 46292 0
1741058375 46237 0
1741058377 46354 0
1741058379 46461 0
1741058381 46713 0
1741058383 46783 0
1741058385 46938 0
1741058387 47133 0
1741058389 47478 0
1741058391 47909 0
1741058393 47950 0
1741058395 48115 0
1741058397 48168 0
1741058399 48052 0
1741058401 48014 0
1741058403 47516 0
1741058405 47117 0
1741058407 46853 0
1741058409 46717 0
1741058412 46532 0
1741058414 46375 0
1741058416 46425 0
1741058418 46323 0
1741058420 46416 0
1741058422 46309 0
1741058424 46330 0
1741058426 46242 0
1741058428 46333 0
1741058430 46310 0
1741058432 46310 0
1741058434 46380 0
1741058436 46396 0
1741058438 46286 0
1741058440 46446 0
1741058442 46410 0
1741058444 46423 0
1741058446 46432 0
1741058448 46443 0
1741058450 46627 0
1741058452 46755 0
1741058454 46911 0
1741058457 47262 0
1741058459 47636 0
1741058461 47883 0
1741058463 48059 0
1741058465 48131 0
1741058467 48297 0
1741058469 48307 0
1741058471 48132 0
1741058473 47481 0
1741058475 47085 0
1741058477 46836 0
1741058479 46522 0
1741058481 46342 0
1741058483 46489 0
1741058485 46363 0
1741058487 46423 0
1741058489 46286 0
1741058491 46327 0
1741058493 46383 0
1741058495 46375 0
1741058497 46337 0
1741058499 46306 0
1741058501 46448 0
1741058504 46397 0
1741058506 46352 0
1741058508 46442 0
1741058510 46431 0
1741058512 46603 0
1741058514 46805 0
1741058516 47369 0
1741058518 47689 0
1741058520 47918 0
1741058522 48032 0
1741058524 47946 0
1741058526 47997 0
1741058528 48145 0
1741058530 48146 0
1741058532 48023 0
1741058534 47847 0
1741058536 47835 0
1741058538 47865 0
1741058540 47529 0
1741058542 47115 0
1741058544 46696 0
1741058546 46736 0
1741058549 46590 0
1741058551 46511 0
1741058553 46440 0
1741058555 46493 0
1741058557 46395 0
1741058559 46352 0
1741058561 46630 0
1741058563 46543 0
1741058565 46432 0
1741058567 46373 0
1741058569 46351 0
1741058571 46284 0
1741058573 46245 0
1741058575 46373 0
1741058577 46444 0
1741058579 46581 0
1741058581 46822 0
1741058583 47188 0
1741058585 47658 0
1741058587 48093 0
1741058589 48254 0
1741058591 48239 0
1741058593 48150 0
1741058596 48109 0
1741058598 47993 0
1741058600 48079 0
1741058602 47816 0
1741058604 47896 0
1741058606 47903 0
1741058608 47885 0
1741058610 47383 0
1741058612 46880 0
1741058614 46677 0
1741058616 46463 0
1741058618 46442 0
1741058620 46735 0
1741058622 46674 0
1741058624 46530 0
1741058626 46464 0
1741058628 46476 0
1741058630 46481 0
1741058632 46373 0
1741058634 46427 0
1741058636 46398 0
1741058638 46434 0
1741058640 46507 0
1741058643 46387 0
1741058645 46332 0
1741058647 46577 0
1741058649 46587 0
1741058651 46578 0
1741058653 46483 0
1741058655 46513 0
1741058657 46468 0
1741058659 46699 0
1741058661 46819 0
1741058663 47237 0
1741058665 47609 0
1741058667 48073 0
1741058669 48098 0
1741058671 48147 0
1741058673 48183 0
1741058675 48145 0
1741058677 47642 0
1741058679 47348 0
1741058681 47082 0
1741058683 46735 0
1741058685 46588 0
1741058688 46427 0
1741058690 46561 0
1741058692 46466 0
1741058694 46285 0
1741058696 46323 0
1741058698 46291 0
1741058700 46383 0
1741058702 46308 0
1741058704 46213 0
1741058706 46313 0
1741058708 46388 0
1741058710 46390 0
1741058712 46457 0
1741058714 46350 0
1741058716 46364 0
1741058718 46351 0
1741058720 46475 0
1741058722 46499 0
1741058724 46460 0
1741058726 46532 0
1741058728 46738 0
1741058730 46973 0
1741058732 47380 0
1741058735 47753 0
1741058737 48111 0
1741058739 48092 0
1741058741 48254 0
1741058743 48136 0
1741058745 48023 0
1741058747 47483 0
1741058749 47094 0
1741058751 46781 0
1741058753 46660 0
1741058755 46613 0
1741058757 46523 0
1741058759 46400 0
1741058761 46386 0
1741058763 46379 0
1741058765 46473 0
1741058767 46433 0
1741058769 46530 0
1741058771 46470 0
1741058773 46521 0
1741058775 46485 0
1741058777 46479 0
1741058779 46398 0
1741058782 46485 0
1741058784 46537 0
1741058786 46740 0
1741058788 47001 0
1741058790 47463 0
1741058792 47910 0
1741058794 48138 0
1741058796 48125 0
1741058798 48193 0
1741058800 48233 0
1741058802 48210 0
1741058804 48035 0
1741058806 48025 0
1741058808 47929 0
1741058810 48006 0
1741058812 47949 0
1741058814 47768 0
1741058816 47216 0
1741058818 46815 0
1741058820 46572 0
1741058822 46461 0
1741058824 46426 0
1741058826 46435 0
1741058829 46491 0
1741058831 46377 0
1741058833 46474 0
1741058835 46436 0
1741058837 46301 0
1741058839 46243 0
1741058841 46251 0
1741058843 46290 0
1741058845 46275 0
1741058847 46313 0
1741058849 46359 0
1741058851 46518 0
1741058853 46693 0
1741058855 46912 0
1741058857 47353 0
1741058859 47670 0
1741058861 48107 0
1741058863 48243 0
1741058865 48244 0
1741058867 48153 0
1741058869 47994 0
1741058871 48016 0
1741058874 47908 0
1741058876 47793 0
1741058878 47639 0
1741058880 47744 0
1741058882 47720 0
1741058884 47534 0
1741058886 47063 0
1741058888 46815 0
1741058890 46748 0
1741058892 46417 0
1741058894 46213 0
1741058896 46224 0
1741058898 46205 0
1741058900 46164 0
1741058902 46146 0
1741058904 46117 0
1741058906 46076 0
1741058908 46117 0
1741058910 46063 0
1741058912 46117 0
1741058914 46286 0
1741058916 46169 0
1741058918 46058 0
1741058921 46360 0
1741058923 46255 0
1741058925 46315 0
1741058927 46278 0
1741058929 46283 0
1741058931 46319 0
1741058933 46450 0
1741058935 46638 0
1741058937 46882 0
1741058939 47293 0
1741058941 47657 0
1741058943 47877 0
1741058945 47972 0
1741058947 48248 0
1741058949 48082 0
1741058951 48011 0
1741058953 47362 0
1741058955 46958 0
1741058957 46662 0
1741058959 46437 0
1741058961 46330 0
1741058963 46434 0
1741058966 46214 0
1741058968 46309 0
1741058970 46486 0
1741058972 46398 0
1741058974 46481 0
1741058976 46492 0
1741058978 46453 0
1741058980 46597 0
1741058982 46439 0
1741058984 46334 0
1741058986 46309 0
1741058988 46373 0
1741058990 46344 0
1741058992 46246 0
1741058994 46310 0
1741058996 46255 0
1741058998 46245 0
1741059000 46355 0
1741059002 46522 0
1741059004 46814 0
1741059006 47183 0
1741059008 47538 0
1741059011 47848 0
1741059013 48113 0
1741059015 48346 0
1741059017 48242 0
1741059019 48169 0
1741059021 48039 0
1741059023 47376 0
1741059025 46939 0
1741059027 46821 0
1741059029 46633 0
1741059031 46618 0
1741059033 46772 0
1741059035 46657 0
1741059037 46482 0
1741059039 46353 0
1741059041 46547 0
1741059043 46422 0
1741059045 46406 0
1741059047 46288 0
1741059049 46312 0
1741059051 46304 0
1741059053 46360 0
1741059055 46403 0
1741059058 46498 0
1741059060 46586 0
1741059062 46754 0
1741059064 47135 0
1741059066 47637 0
1741059068 48097 0
1741059070 48047 0
1741059072 47934 0
1741059074 47950 0
1741059076 47987 0
1741059078 47927 0
1741059080 47808 0
1741059082 47887 0
1741059084 47831 0
1741059086 47992 0
1741059088 47955 0
1741059090 47724 0
1741059092 47311 0
1741059094 46930 0
1741059096 46719 0
1741059098 46582 0
1741059100 46741 0
1741059102 46621 0
1741059105 46506 0
1741059107 46342 0
1741059109 46421 0
1741059111 46519 0
1741059113 46578 0
1741059115 46606 0
1741059117 46559 0
1741059119 46491 0
1741059121 46319 0
1741059123 46184 0
1741059125 46336 0
1741059127 46496 0
1741059129 46690 0
1741059131 46932 0
1741059133 47296 0
1741059135 47808 0
1741059137 47993 0
1741059139 48051 0
1741059141 48103 0
1741059143 48074 0
1741059145 47963 0
1741059147 47932 0
1741059150 47794 0
1741059152 47792 0
1741059154 47848 0
1741059156 47675 0
1741059158 47559 0
1741059160 47255 0
1741059162 47058 0
1741059164 46795 0
1741059166 46594 0
1741059168 46462 0
1741059170 46437 0
1741059172 46346 0
1741059174 46279 0
1741059176 46207 0
1741059178 46256 0
1741059180 46312 0
1741059182 46298 0
1741059184 46233 0
1741059186 46216 0
1741059188 46429 0
1741059190 46388 0
1741059192 46317 0
1741059194 46228 0
1741059197 46374 0
1741059199 46456 0
1741059201 46405 0
1741059203 46283 0
1741059205 46249 0
1741059207 46270 0
1741059209 46233 0
1741059211 46562 0
1741059213 46882 0
1741059215 47379 0
1741059217 47728 0
1741059219 47980 0
1741059221 48188 0
1741059223 48153 0
1741059225 48095 0
1741059227 47703 0
1741059229 47008 0
1741059231 46624 0
1741059233 46474 0
1741059235 46450 0
1741059237 46322 0
1741059239 46287 0
1741059242 46228 0
1741059244 46314 0
1741059246 46262 0
1741059248 46408 0
1741059250 46319 0
1741059252 46265 0
1741059254 46083 0
1741059256 46098 0
1741059258 46094 0
1741059260 46076 0
1741059262 46198 0
1741059264 46215 0
1741059266 46279 0
1741059268 46341 0
1741059270 46289 0
1741059272 46272 0
1741059274 46312 0
1741059276 46334 0
1741059278 46608 0
1741059280 46924 0
1741059282 47137 0
1741059284 47420 0
1741059286 47687 0
1741059289 47855 0
1741059291 47918 0
1741059293 47906 0
1741059295 47935 0
1741059297 47406 0
1741059299 46820 0
1741059301 46457 0
1741059303 46349 0
1741059305 46376 0
1741059307 46461 0
1741059309 46422 0
1741059311 46425 0
1741059313 46413 0
1741059315 46368 0
1741059317 46296 0
1741059319 46281 0
1741059321 46133 0
1741059323 46261 0
1741059325 46307 0
1741059327 46286 0
1741059329 46215 0
1741059331 46298 0
1741059333 46317 0
1741059336 46384 0
1741059338 46547 0
1741059340 47097 0
1741059342 47657 0
1741059344 47855 0
1741059346 47984 0
1741059348 48041 0
1741059350 48055 0
1741059352 48032 0
1741059354 48051 0
1741059356 47979 0
1741059358 47931 0
1741059360 47803 0
1741059362 47732 0
1741059364 47735 0
1741059366 47188 0
1741059368 46936 0
1741059370 46689 0
1741059372 46575 0
1741059374 46481 0
1741059376 46397 0
1741059378 46453 0
1741059380 46400 0
1741059383 46447 0
1741059385 46311 0
1741059387 46449 0
1741059389 46442 0
1741059391 46287 0
1741059393 46326 0
1741059395 46290 0
1741059397 46196 0
1741059399 46449 0
1741059401 46701 0
1741059403 46836 0
1741059405 47107 0
1741059407 47401 0
1741059409 47797 0
1741059411 48113 0
1741059413 48149 0
1741059415 48140 0
1741059417 48098 0
1741059419 47996 0
1741059421 47961 0
1741059423 47988 0
1741059426 47929 0
1741059428 47880 0
1741059430 47827 0
1741059432 47857 0
1741059434 47473 0
1741059436 47205 0
1741059438 46923 0
1741059440 46833 0
1741059442 46648 0
1741059444 46583 0
1741059446 46563 0
1741059448 46575 0
1741059450 46680 0
1741059452 46489 0
1741059454 46631 0
1741059456 46521 0
1741059458 46405 0
1741059460 46626 0
1741059462 46514 0
1741059464 46438 0
1741059466 46434 0
1741059468 46394 0
1741059470 46350 0
1741059473 46304 0
1741059475 46368 0
1741059477 46354 0
1741059479 46397 0
1741059481 46574 0
1741059483 46637 0
1741059485 46726 0
1741059487 47134 0
1741059489 47735 0
1741059491 48007 0
1741059493 48055 0
1741059495 48056 0
1741059497 48109 0
1741059499 48114 0
1741059501 48036 0
1741059503 47581 0
1741059505 47146 0
1741059507 46938 0
1741059509 46666 0
1741059511 46594 0
1741059513 46560 0
1741059515 46510 0
1741059517 46498 0
1741059520 46414 0
1741059522 46526 0
1741059524 46587 0
1741059526 46403 0
1741059528 46366 0
1741059530 46339 0
1741059532 46345 0
1741059534 46352 0
1741059536 46355 0
1741059538 46331 0
1741059540 46332 0
1741059542 46192 0
1741059544 46324 0
1741059546 46318 0
1741059548 46600 0
1741059550 46701 0
1741059552 46854 0
1741059554 47161 0
1741059556 47414 0
1741059558 47874 0
1741059560 48093 0
1741059562 48193 0
1741059565 48266 0
1741059567 48334 0
1741059569 48290 0
1741059571 47822 0
1741059573 47092 0
1741059575 46750 0
1741059577 46722 0
1741059579 46716 0
1741059581 46893 0
1741059583 46502 0
1741059585 46602 0
1741059587 46477 0
1741059589 46413 0
1741059591 46456 0
1741059593 46365 0
1741059595 46302 0
1741059597 46228 0
1741059599 46213 0
1741059601 46158 0
1741059603 46269 0
1741059605 46208 0
1741059607 46264 0
1741059609 46434 0
1741059612 46595 0
1741059614 46909 0
1741059616 47361 0
1741059618 47870 0
1741059620 47933 0
1741059622 48023 0
1741059624 48137 0
1741059626 48063 0
1741059628 48065 0
1741059630 48013 0
1741059632 47893 0
1741059634 47824 0
1741059636 47762 0
1741059638 47675 0
1741059640 47544 0
1741059642 47014 0
1741059644 46648 0
1741059646 46401 0
1741059648 46269 0
1741059650 46434 0
1741059652 46380 0
1741059654 46277 0
1741059656 46226 0
1741059659 46136 0
1741059661 46169 0
1741059663 46301 0
1741059665 46399 0
1741059667 46558 0
1741059669 46646 0
1741059671 46596 0
1741059673 46387 0
1741059675 46415 0
1741059677 46485 0
1741059679 46634 0
1741059681 46845 0
1741059683 47243 0
1741059685 47655 0
1741059687 47926 0
1741059689 48011 0
1741059691 48062 0
1741059693 48123 0
1741059695 48053 0
1741059697 48029 0
1741059699 48013 0
1741059701 48099 0
1741059704 47932 0
1741059706 47950 0
1741059708 47936 0
1741059710 47359 0
1741059712 47060 0
1741059714 46740 0
1741059716 46620 0
1741059718 46548 0
1741059720 46498 0
1741059722 46377 0
1741059724 46320 0
1741059726 46290 0
1741059728 46408 0
1741059730 46341 0
1741059732 46274 0
1741059734 46200 0
1741059736 46245 0
1741059738 46271 0
1741059740 46248 0
1741059742 46243 0
1741059744 46132 0
1741059746 46148 0
1741059748 46077 0
1741059751 46115 0
1741059753 46196 0
1741059755 46290 0
1741059757 46345 0
1741059759 46474 0
1741059761 46895 0
1741059763 47198 0
1741059765 47603 0
1741059767 47807 0
1741059769 48062 0
1741059771 48229 0
1741059773 48245 0
1741059775 48083 0
1741059777 47764 0
1741059779 47166 0
1741059781 46883 0
1741059783 46482 0
1741059785 46327 0
1741059787 46406 0
1741059789 46396 0
1741059791 46300 0
1741059793 46331 0
1741059795 46294 0
1741059798 46256 0
1741059800 46180 0
1741059802 46192 0
1741059804 46208 0
1741059806 46223 0
1741059808 46220 0
1741059810 46263 0
1741059812 46179 0
1741059814 46175 0
1741059816 46106 0
1741059818 46219 0
1741059820 46164 0
1741059822 46375 0
1741059824 46324 0
1741059826 46378 0
1741059828 46494 0
1741059830 46515 0
1741059832 46798 0
1741059834 47210 0
1741059836 47628 0
1741059838 47844 0
1741059840 47848 0
1741059843 47793 0
1741059845 47996 0
1741059847 47508 0
1741059849 47084 0
1741059851 46752 0
1741059853 46458 0
1741059855 46350 0
1741059857 46162 0
1741059859 46177 0
1741059861 46151 0
1741059863 46166 0
1741059865 46223 0
1741059867 46277 0
1741059869 46350 0
1741059871 46321 0
1741059873 46489 0
1741059875 46432 0
1741059877 46307 0
1741059879 46346 0
1741059881 46610 0
1741059883 46689 0
1741059885 46655 0
1741059887 46773 0
1741059890 47214 0
1741059892 47562 0
1741059894 47764 0
1741059896 47855 0
1741059898 47875 0
1741059900 47841 0
1741059902 47814 0
1741059904 47892 0
1741059906 47812 0
1741059908 47720 0
1741059910 47787 0
1741059912 47664 0
1741059914 47592 0
1741059916 47206 0
1741059918 46688 0
1741059920 46605 0
1741059922 46540 0
1741059924 46300 0
1741059926 46397 0
1741059928 46529 0
1741059930 46456 0
1741059932 46412 0
1741059935 46348 0
1741059937 46265 0
1741059939 46364 0
1741059941 46584 0
1741059943 46646 0
1741059945 46522 0
1741059947 46355 0
1741059949 46436 0
1741059951 46454 0
1741059953 46477 0
1741059955 46668 0
1741059957 46932 0
1741059959 47295 0
1741059961 47584 0
1741059963 47953 0
1741059965 48051 0
1741059967 47929 0
1741059969 47991 0
1741059971 47867 0
1741059973 47712 0
1741059975 47753 0
1741059977 47745 0
1741059979 47769 0
1741059982 47716 0
1741059984 47428 0
1741059986 46896 0
1741059988 46708 0
1741059990 46595 0
1741059992 46622 0
1741059994 46621 0
1741059996 46562 0
1741059998 46379 0
1741060000 46464 0
1741060002 46593 0
1741060004 46438 0
1741060006 46302 0
1741060008 46216 0
1741060010 46230 0
1741060012 46362 0
1741060014 46399 0
1741060016 46256 0
1741060018 46332 0
1741060020 46420 0
1741060022 46331 0
1741060024 46310 0
1741060027 46570 0
1741060029 46741 0
1741060031 46621 0
1741060033 46793 0
1741060035 46830 0
1741060037 47250 0
1741060039 47547 0
1741060041 47895 0
1741060043 48152 0
1741060045 48246 0
1741060047 48322 0
1741060049 48211 0
1741060051 47988 0
1741060053 47470 0
1741060055 47101 0
1741060057 46780 0
1741060059 46757 0
1741060061 46899 0
1741060063 46672 0
1741060065 46538 0
1741060067 46515 0
1741060069 46474 0
1741060072 46357 0
1741060074 46440 0
1741060076 46322 0
1741060078 46251 0
1741060080 46244 0
1741060082 46307 0
1741060084 46298 0
1741060086 46305 0
1741060088 46390 0
1741060090 46348 0
1741060092 46317 0
1741060094 46391 0
1741060096 46353 0
1741060098 46440 0
1741060100 46467 0
1741060102 46665 0
1741060104 47001 0
1741060106 47223 0
1741060108 47528 0
1741060110 47803 0
1741060112 48040 0
1741060114 48220 0
1741060116 48159 0
1741060119 48180 0
1741060121 48090 0
1741060123 47494 0
1741060125 47036 0
1741060127 46759 0
1741060129 46588 0
1741060131 46436 0
1741060133 46440 0
1741060135 46402 0
1741060137 46272 0
1741060139 46239 0
1741060141 46288 0
1741060143 46246 0
1741060145 46286 0
1741060147 46378 0
1741060149 46502 0
1741060151 46446 0
1741060153 46377 0
1741060155 46672 0
1741060157 46759 0
1741060159 47015 0
1741060161 47413 0
1741060164 47881 0
1741060166 48182 0
1741060168 48357 0
1741060170 48275 0
1741060172 48230 0
1741060174 48327 0
1741060176 48145 0
1741060178 48027 0
1741060180 48359 0
1741060182 48387 0
1741060184 48370 0
1741060186 48309 0
1741060188 48204 0
1741060190 47704 0
1741060192 47215 0
1741060194 47002 0
1741060196 46780 0
1741060198 46663 0
1741060200 46513 0
1741060202 46469 0
1741060204 46440 0
1741060206 46664 0
1741060208 46786 0
1741060211 46571 0
1741060213 46420 0
1741060215 46389 0
1741060217 46305 0
1741060219 46437 0
1741060221 46404 0
1741060223 46428 0
1741060225 46470 0
1741060227 46617 0
1741060229 46692 0
1741060231 46923 0
1741060233 47266 0
1741060235 47654 0
1741060237 47981 0
1741060239 47996 0
1741060241 48170 0
1741060243 48141 0
1741060245 47916 0
1741060247 47798 0
1741060249 47755 0
1741060251 47769 0
1741060253 47647 0
1741060256 47552 0
1741060258 47399 0
1741060260 47092 0
1741060262 46741 0
1741060264 46553 0
1741060266 46374 0
1741060268 46375 0
1741060270 46477 0
1741060272 46479 0
1741060274 46307 0
1741060276 46498 0
1741060278 46533 0
1741060280 46593 0
1741060282 46593 0
1741060284 46649 0
1741060286 46611 0
1741060288 46631 0
1741060290 46545 0
1741060292 46579 0
1741060294 46572 0
1741060296 46579 0
1741060298 46758 0
1741060300 47087 0
1741060303 46920 0
1741060305 47006 0
1741060307 46973 0
1741060309 47428 0
1741060311 47635 0
1741060313 47945 0
1741060315 48367 0
1741060317 48389 0
1741060319 48462 0
1741060321 48358 0
1741060323 48270 0
1741060325 48204 0
1741060327 48182 0
1741060329 47603 0
1741060331 47107 0
1741060333 46716 0
1741060335 46650 0
1741060337 46405 0
1741060339 46437 0
1741060341 46418 0
1741060343 46414 0
1741060345 46227 0
1741060347 46447 0
1741060350 46241 0
1741060352 46248 0
1741060354 46212 0
1741060356 46146 0
1741060358 46201 0
1741060360 46438 0
1741060362 46510 0
1741060364 46171 0
1741060366 46155 0
1741060368 46045 0
1741060370 46198 0
1741060372 46366 0
1741060374 46408 0
1741060376 46454 0
1741060378 47146 0
1741060380 47527 0
1741060382 47957 0
1741060384 48084 0
1741060386 48286 0
1741060388 48396 0
1741060390 48339 0
1741060392 48182 0
1741060395 48026 0
1741060397 47391 0
1741060399 47023 0
1741060401 46794 0
1741060403 46691 0
1741060405 46525 0
1741060407 46566 0
1741060409 46551 0
1741060411 46437 0
1741060413 46317 0
1741060415 46365 0
1741060417 46432 0
1741060419 46490 0
1741060421 46601 0
1741060423 46477 0
1741060425 46380 0
1741060427 46230 0
1741060429 46291 0
1741060431 46298 0
1741060433 46213 0
1741060435 46346 0
1741060437 46677 0
1741060439 47122 0
1741060442 47738 0
1741060444 48016 0
1741060446 48101 0
1741060448 48050 0
1741060450 48094 0
1741060452 47960 0
1741060454 47915 0
1741060456 47906 0
1741060458 47908 0
1741060460 47717 0
1741060462 47599 0
1741060464 47518 0
1741060466 46928 0
1741060468 46734 0
1741060470 46471 0
1741060472 46436 0
1741060474 46324 0
1741060476 46212 0
1741060478 46132 0
1741060480 46418 0
1741060482 46298 0
1741060484 46415 0
1741060486 46387 0
1741060489 46303 0
1741060491 46281 0
1741060493 46184 0
1741060495 46252 0
1741060497 46217 0
1741060499 46353 0
1741060501 46433 0
1741060503 46450 0
1741060505 46616 0
1741060507 47226 0
1741060509 47849 0
1741060511 48052 0
1741060513 48047 0
1741060515 48107 0
1741060517 48173 0
1741060519 47964 0
1741060521 47777 0
1741060523 47808 0
1741060525 47757 0
1741060527 47691 0
1741060529 47718 0
1741060531 47664 0
1741060533 47435 0
1741060536 46944 0
1741060538 46620 0
1741060540 46527 0
1741060542 46475 0
1741060544 46377 0
1741060546 46414 0
1741060548 46320 0
1741060550 46340 0
1741060552 46500 0
1741060554 46464 0
1741060556 46473 0
1741060558 46285 0
1741060560 46364 0
1741060562 46364 0
1741060564 46373 0
1741060566 46386 0
1741060568 46505 0
1741060570 46477 0
1741060572 46300 0
1741060574 46301 0
1741060576 46361 0
1741060578 46338 0
1741060581 46372 0
1741060583 46410 0
1741060585 46625 0
1741060587 46889 0
1741060589 47255 0
1741060591 47694 0
1741060593 48018 0
1741060595 48065 0
1741060597 48041 0
1741060599 47886 0
1741060601 48130 0
1741060603 47472 0
1741060605 46943 0
1741060607 46705 0
1741060609 46439 0
1741060611 46365 0
1741060613 46453 0
1741060615 46348 0
1741060617 46162 0
1741060619 46320 0
1741060621 46222 0
1741060623 46405 0
1741060625 46492 0
1741060628 46475 0
1741060630 46462 0
1741060632 46595 0
1741060634 46697 0
1741060636 46540 0
1741060638 46538 0
1741060640 46570 0
1741060642 46699 0
1741060644 46593 0
1741060646 46648 0
1741060648 46835 0
1741060650 47006 0
1741060652 47124 0
1741060654 47561 0
1741060656 48013 0
1741060658 48247 0
1741060660 48518 0
1741060662 48406 0
1741060664 48270 0
1741060666 48271 0
1741060668 48194 0
1741060670 47866 0
1741060673 47130 0
1741060675 46863 0
1741060677 46663 0
1741060679 46461 0
1741060681 46451 0
1741060683 46317 0
1741060685 46254 0
1741060687 46405 0
1741060689 46578 0
1741060691 46418 0
1741060693 46268 0
1741060695 46176 0
1741060697 46260 0
1741060699 46278 0
1741060701 46315 0
1741060703 46348 0
1741060705 46325 0
1741060707 46548 0
1741060709 46660 0
1741060711 46800 0
1741060713 47055 0
1741060715 47495 0
1741060717 47873 0
1741060720 48057 0
1741060722 48199 0
1741060724 48115 0
1741060726 48076 0
1741060728 48067 0
1741060730 48166 0
1741060732 48029 0
1741060734 48053 0
1741060736 48033 0
1741060738 47898 0
1741060740 47299 0
1741060742 47010 0
1741060744 46848 0
1741060746 46729 0
1741060748 46834 0
1741060750 46637 0
1741060752 46535 0
1741060754 46641 0
1741060756 46583 0
1741060758 46551 0
1741060760 46518 0
1741060762 46422 0
1741060764 46329 0
1741060767 46264 0
1741060769 46391 0
1741060771 46510 0
1741060773 46507 0
1741060775 46555 0
1741060777 46573 0
1741060779 46745 0
1741060781 47200 0
1741060783 47602 0
1741060785 47976 0
1741060787 48007 0
1741060789 47994 0
1741060791 48078 0
1741060793 48016 0
1741060795 47936 0
1741060797 47747 0
1741060799 47893 0
1741060801 47845 0
1741060803 47850 0
1741060805 47796 0
1741060807 47727 0
1741060809 47480 0
1741060812 47181 0
1741060814 46888 0
1741060816 46738 0
1741060818 46564 0
1741060820 46494 0
1741060822 46460 0
1741060824 46447 0
1741060826 46412 0
1741060828 46337 0
1741060830 46401 0
1741060832 46434 0
1741060834 46408 0
1741060836 46358 0
1741060838 46286 0
1741060840 46705 0
1741060842 46554 0
1741060844 46431 0
1741060846 46264 0
1741060848 46188 0
1741060850 46242 0
1741060852 46269 0
1741060854 46297 0
1741060856 46475 0
1741060859 46689 0
1741060861 46985 0
1741060863 47464 0
1741060865 47876 0
1741060867 48122 0
1741060869 48118 0
1741060871 48042 0
1741060873 47818 0
1741060875 47824 0
1741060877 47343 0
1741060879 46909 0
1741060881 46688 0
1741060883 46608 0
1741060885 46513 0
1741060887 46450 0
1741060889 46257 0
1741060891 46237 0
1741060893 46292 0
1741060895 46338 0
1741060897 46254 0
1741060899 46324 0
1741060901 46530 0
1741060904 46316 0
1741060906 46295 0
1741060908 46358 0
1741060910 46401 0
1741060912 46355 0
1741060914 46333 0
1741060916 46239 0
1741060918 46282 0
1741060920 46324 0
1741060922 46420 0
1741060924 46485 0
1741060926 46648 0
1741060928 47003 0
1741060930 47386 0
1741060932 47785 0
1741060934 48051 0
1741060936 48174 0
1741060938 48133 0
1741060940 48062 0
1741060942 47960 0
1741060944 48006 0
1741060946 47404 0
1741060948 47105 0
1741060951 46838 0
1741060953 46675 0
1741060955 46557 0
1741060957 46405 0
1741060959 46374 0
1741060961 46674 0
1741060963 46443 0
1741060965 46363 0
1741060967 46355 0
1741060969 46270 0
1741060971 46337 0
1741060973 46321 0
1741060975 46391 0
1741060977 46487 0
1741060979 46463 0
1741060981 46344 0
1741060983 46527 0
1741060985 46758 0
1741060987 47219 0
1741060989 47704 0
1741060991 47904 0
1741060993 48063 0
1741060996 48010 0
1741060998 48023 0
1741061000 48026 0
1741061002 48138 0
1741061004 48094 0
1741061006 47915 0
1741061008 47925 0
1741061010 47802 0
1741061012 47821 0
1741061014 47771 0
1741061016 47127 0
1741061018 46728 0
1741061020 46768 0
1741061022 46756 0
1741061024 46514 0
1741061026 46468 0
1741061028 46427 0
1741061030 46546 0
1741061032 46384 0
1741061034 46435 0
1741061036 46424 0
1741061038 46355 0
1741061040 46347 0
1741061043 46367 0
1741061045 46295 0
1741061047 46398 0
1741061049 46464 0
1741061051 46365 0
1741061053 46556 0
1741061055 46782 0
1741061057 47215 0
1741061059 47710 0
1741061061 47957 0
1741061063 48005 0
1741061065 48060 0
1741061067 48172 0
1741061069 48150 0
1741061071 47945 0
1741061073 47975 0
1741061075 47784 0
1741061077 47727 0
1741061079 47713 0
1741061081 47845 0
1741061083 47432 0
1741061085 47128 0
1741061087 46782 0
1741061090 46572 0
1741061092 46422 0
1741061094 46344 0
1741061096 46411 0
1741061098 46198 0
1741061100 46342 0
1741061102 46241 0
1741061104 46210 0
1741061106 46293 0
1741061108 46412 0
1741061110 46540 0
1741061112 46357 0
1741061114 46279 0
1741061116 46369 0
1741061118 46527 0
1741061120 46497 0
1741061122 46548 0
1741061124 46499 0
1741061126 46455 0
1741061128 46648 0
1741061130 46728 0
1741061132 46687 0
1741061135 47012 0
1741061137 47302 0
1741061139 47748 0
1741061141 48098 0
1741061143 48143 0
1741061145 48048 0
1741061147 48048 0
1741061149 47931 0
1741061151 47969 0
1741061153 47560 0
1741061155 47180 0
1741061157 46914 0
1741061159 46580 0
1741061161 46364 0
1741061163 46293 0
1741061165 46335 0
1741061167 46394 0
1741061169 46500 0
1741061171 46439 0
1741061173 46418 0
1741061175 46480 0
1741061177 46277 0
1741061179 46342 0
1741061182 46363 0
1741061184 46279 0
1741061186 46223 0
1741061188 46221 0
1741061190 46269 0
1741061192 46314 0
1741061194 46314 0
1741061196 46399 0
1741061198 46504 0
1741061200 46803 0
1741061202 47124 0
1741061204 47283 0
1741061206 47685 0
1741061208 47983 0
1741061210 48093 0
1741061212 48082 0
1741061214 48139 0
1741061216 48064 0
1741061218 48040 0
1741061220 47687 0
1741061222 47063 0
1741061224 46815 0
1741061227 46695 0
1741061229 46577 0
1741061231 46508 0
1741061233 46489 0
1741061235 46517 0
1741061237 46488 0
1741061239 46659 0
1741061241 46641 0
1741061243 46577 0
1741061245 46390 0
1741061247 46454 0
1741061249 46471 0
1741061251 46465 0
1741061253 46371 0
1741061255 46479 0
1741061257 46604 0
1741061259 46837 0
1741061261 47344 0
1741061263 47784 0
1741061265 48149 0
1741061267 48259 0
1741061269 48339 0
1741061271 48182 0
1741061274 48167 0
1741061276 48228 0
1741061278 48086 0
1741061280 47924 0
1741061282 47858 0
1741061284 47933 0
1741061286 47971 0
1741061288 48054 0
1741061290 47716 0
1741061292 47247 0
1741061294 47049 0
1741061296 46616 0
1741061298 46535 0
1741061300 46431 0
1741061302 46436 0
1741061304 46292 0
1741061306 46323 0
1741061308 46380 0
1741061310 46324 0
1741061312 46165 0
1741061314 46269 0
1741061316 46229 0
1741061318 46296 0
1741061321 46488 0
1741061323 46318 0
1741061325 46317 0
1741061327 46328 0
1741061329 46455 0
1741061331 46949 0
1741061333 47460 0
1741061335 47823 0
1741061337 47885 0
1741061339 47982 0
1741061341 47955 0
1741061343 47984 0
1741061345 47847 0
1741061347 47973 0
1741061349 47947 0
1741061351 47967 0
1741061353 47898 0
1741061355 47968 0
1741061357 47820 0
1741061359 47160 0
1741061361 46742 0
1741061363 46549 0
1741061365 46463 0
1741061368 46485 0
1741061370 46373 0
1741061372 46346 0
1741061374 46273 0
1741061376 46358 0
1741061378 46416 0
1741061380 46542 0
1741061382 46522 0
1741061384 46477 0
1741061386 46463 0
1741061388 46613 0
1741061390 46642 0
1741061392 46480 0
1741061394 46393 0
1741061396 46409 0
1741061398 46379 0
1741061400 46319 0
1741061402 46325 0
1741061404 46418 0
1741061406 46610 0
1741061408 46973 0
1741061410 47381 0
1741061412 47788 0
1741061415 48092 0
1741061417 48106 0
1741061419 48163 0
1741061421 48138 0
1741061423 48085 0
1741061425 48001 0
1741061427 47793 0
1741061429 47440 0
1741061431 47160 0
1741061433 46925 0
1741061435 46818 0
1741061437 46663 0
1741061439 46527 0
1741061441 46576 0
1741061443 46556 0
1741061445 46368 0
1741061447 46372 0
1741061449 46324 0
1741061451 46293 0
1741061453 46394 0
1741061455 46311 0
1741061457 46311 0
1741061460 46228 0
1741061462 46092 0
1741061464 46196 0
1741061466 46216 0
1741061468 46389 0
1741061470 46427 0
1741061472 46611 0
1741061474 46741 0
1741061476 47071 0
1741061478 47759 0
1741061480 48144 0
1741061482 48368 0
1741061484 48400 0
1741061486 48178 0
1741061488 48180 0
1741061490 48139 0
1741061492 48139 0
1741061494 48046 0
1741061496 47573 0
1741061498 47187 0
1741061500 47244 0
1741061502 46869 0
1741061505 46634 0
1741061507 46460 0
1741061509 46490 0
1741061511 46361 0
1741061513 46409 0
1741061515 46368 0
1741061517 46421 0
1741061519 46336 0
1741061521 46343 0
1741061523 46245 0
1741061525 46298 0
1741061527 46517 0
1741061529 46583 0
1741061531 46607 0
1741061533 46684 0
1741061535 46874 0
1741061537 47134 0
1741061539 47563 0
1741061541 47984 0
1741061543 48229 0
1741061545 48161 0
1741061547 48241 0
1741061549 47979 0
1741061552 47908 0
1741061554 47978 0
1741061556 47687 0
1741061558 47786 0
1741061560 47929 0
1741061562 47973 0
1741061564 47616 0
1741061566 47245 0
1741061568 46849 0
1741061570 46722 0
1741061572 46666 0
1741061574 46460 0
1741061576 46455 0
1741061578 46444 0
1741061580 46358 0
1741061582 46283 0
1741061584 46333 0
1741061586 46304 0
1741061588 46476 0
1741061590 46518 0
1741061592 46505 0
1741061594 46420 0
1741061596 46379 0
1741061599 46382 0
1741061601 46461 0
1741061603 46805 0
1741061605 46955 0
1741061607 47296 0
1741061609 47766 0
1741061611 47856 0
1741061613 48036 0
1741061615 48033 0
1741061617 48082 0
1741061619 47995 0
1741061621 48280 0
1741061623 48288 0
1741061625 48061 0
1741061627 47941 0
1741061629 47973 0
1741061631 48018 0
1741061633 47566 0
1741061635 47050 0
1741061637 46719 0
1741061639 46538 0
1741061641 46431 0
1741061644 46327 0
1741061646 46343 0
1741061648 46453 0
1741061650 46483 0
1741061652 46359 0
1741061654 46357 0
1741061656 46532 0
1741061658 46533 0
1741061660 46491 0
1741061662 46635 0
1741061664 46591 0
1741061666 46522 0
1741061668 46659 0
1741061670 46691 0
1741061672 46748 0
1741061674 46819 0
1741061676 46788 0
1741061678 46820 0
1741061680 47223 0
1741061682 47638 0
1741061684 47861 0
1741061686 48114 0
1741061689 48243 0
1741061691 48291 0
1741061693 48259 0
1741061695 48282 0
1741061697 48246 0
1741061699 48073 0
1741061701 47934 0
1741061703 47215 0
1741061705 46839 0
1741061707 46729 0
1741061709 46592 0
1741061711 46518 0
1741061713 46441 0
1741061715 46470 0
1741061717 46345 0
1741061719 46500 0
1741061721 46491 0
1741061723 46430 0
1741061725 46496 0
1741061727 46798 0
1741061729 46655 0
1741061731 46691 0
1741061734 46793 0
1741061736 46571 0
1741061738 46430 0
1741061740 46342 0
1741061742 46597 0
1741061744 46479 0
1741061746 46566 0
1741061748 46584 0
1741061750 46805 0
1741061752 47126 0
1741061754 47437 0
1741061756 47828 0
1741061758 47959 0
1741061760 48155 0
1741061762 48152 0
1741061764 48194 0
1741061766 48034 0
1741061768 48217 0
1741061770 47729 0
1741061772 47132 0
1741061774 46853 0
1741061776 46699 0
1741061778 46816 0
1741061781 46776 0
1741061783 46713 0
1741061785 46535 0
1741061787 46610 0
1741061789 46591 0
1741061791 46378 0
1741061793 46495 0
1741061795 46572 0
1741061797 46436 0
1741061799 46459 0
1741061801 46689 0
1741061803 46610 0
1741061805 46535 0
1741061807 46609 0
1741061809 46939 0
1741061811 47256 0
1741061813 47562 0
1741061815 47947 0
1741061817 47954 0
1741061819 48029 0
1741061821 48055 0
1741061823 48006 0
1741061825 48081 0
1741061828 48034 0
1741061830 48018 0
1741061832 48161 0
1741061834 48047 0
1741061836 47979 0
1741061838 47843 0
1741061840 47344 0
1741061842 46881 0
1741061844 46633 0
1741061846 46542 0
1741061848 46455 0
1741061850 46430 0
1741061852 46518 0
1741061854 46565 0
1741061856 46572 0
1741061858 46449 0
1741061860 46656 0
1741061862 46501 0
1741061864 46411 0
1741061866 46400 0
1741061868 46366 0
1741061870 46283 0
1741061873 46266 0
1741061875 46233 0
1741061877 46383 0
1741061879 46644 0
1741061881 47036 0
1741061883 47623 0
1741061885 47986 0
1741061887 48243 0
1741061889 48283 0
1741061891 48149 0
1741061893 48027 0
1741061895 47923 0
1741061897 48003 0
1741061899 47892 0
1741061901 47783 0
1741061903 47818 0
1741061905 47734 0
1741061907 47583 0
1741061909 46993 0
1741061911 46675 0
1741061913 46640 0
1741061915 46390 0
1741061917 46480 0
1741061920 46433 0
1741061922 46488 0
1741061924 46277 0
1741061926 46180 0
1741061928 46105 0
1741061930 46078 0
1741061932 46110 0
1741061934 46152 0
1741061936 46142 0
1741061938 46081 0
1741061940 46142 0
1741061942 46252 0
1741061944 46254 0
1741061946 46281 0
1741061948 46613 0
1741061950 46408 0
1741061952 46267 0
1741061954 46247 0
1741061956 46402 0
1741061958 46697 0
1741061960 47050 0
1741061962 47719 0
1741061965 48068 0
1741061967 48166 0
1741061969 48223 0
1741061971 48092 0
1741061973 48139 0
1741061975 48186 0
1741061977 47774 0
1741061979 47035 0
1741061981 46944 0
1741061983 46715 0
1741061985 46532 0
1741061987 46421 0
1741061989 46358 0
1741061991 46401 0
1741061993 46318 0
1741061995 46360 0
1741061997 46287 0
1741061999 46306 0
1741062001 46291 0
1741062003 46317 0
1741062005 46298 0
1741062007 46444 0
1741062009 46621 0
1741062012 46462 0
1741062014 46464 0
1741062016 46350 0
1741062018 46409 0
1741062020 46389 0
1741062022 46343 0
1741062024 46557 0
1741062026 46775 0
1741062028 47104 0
1741062030 47615 0
1741062032 48231 0
1741062034 48386 0
1741062036 48233 0
1741062038 48219 0
1741062040 48229 0
1741062042 48144 0
1741062044 48063 0
1741062046 47296 0
1741062048 46930 0
1741062050 46687 0
1741062052 46524 0
1741062054 46513 0
1741062057 46564 0
1741062059 46403 0
1741062061 46301 0
1741062063 46386 0
1741062065 46519 0
1741062067 46571 0
1741062069 46583 0
1741062071 46489 0
1741062073 46462 0
1741062075 46337 0
1741062077 46494 0
1741062079 46648 0
1741062081 46670 0
1741062083 46841 0
1741062085 47065 0
1741062087 47609 0
1741062089 47895 0
1741062091 48083 0
1741062093 48050 0
1741062095 48223 0
1741062097 48150 0
1741062099 48156 0
1741062101 48295 0
1741062104 48089 0
1741062106 47997 0
1741062108 47728 0
1741062110 47696 0
1741062112 47778 0
1741062114 47497 0
1741062116 46983 0
1741062118 46635 0
1741062120 46353 0
1741062122 46266 0
1741062124 46325 0
1741062126 46227 0
1741062128 46427 0
1741062130 46419 0
1741062132 46290 0
1741062134 46289 0
1741062136 46459 0
1741062138 46516 0
1741062140 46485 0
1741062142 46434 0
1741062144 46310 0
1741062146 46410 0
1741062148 46361 0
1741062151 46393 0
1741062153 46502 0
1741062155 46745 0
1741062157 47146 0
1741062159 47464 0
1741062161 48053 0
1741062163 48258 0
1741062165 48362 0
1741062167 48227 0
1741062169 48099 0
1741062171 48028 0
1741062173 47804 0
1741062175 47787 0
1741062177 47940 0
1741062179 47926 0
1741062181 47758 0
1741062183 47243 0
1741062185 46864 0
1741062187 47023 0
1741062189 46858 0
1741062191 46629 0
1741062193 46441 0
1741062196 46302 0
1741062198 46221 0
1741062200 46282 0
1741062202 46215 0
1741062204 46225 0
1741062206 46164 0
1741062208 46304 0
1741062210 46348 0
1741062212 46228 0
1741062214 46318 0
1741062216 46254 0
1741062218 46281 0
1741062220 46499 0
1741062222 46474 0
1741062224 46286 0
1741062226 46224 0
1741062228 46268 0
1741062230 46202 0
1741062232 46360 0
1741062234 46533 0
1741062236 46980 0
1741062238 47641 0
1741062240 48070 0
1741062243 48053 0
1741062245 48003 0
1741062247 48149 0
1741062249 48050 0
1741062251 47703 0
1741062253 47263 0
1741062255 47055 0
1741062257 46907 0
1741062259 46802 0
1741062261 46598 0
1741062263 46644 0
1741062265 46631 0
1741062267 46550 0
1741062269 46408 0
1741062271 46415 0
1741062273 46544 0
1741062275 46574 0
1741062277 46512 0
1741062279 46562 0
1741062281 46590 0
1741062283 46524 0
1741062285 46491 0
1741062288 46401 0
1741062290 46449 0
1741062292 46385 0
1741062294 46424 0
1741062296 46554 0
1741062298 46559 0
1741062300 46626 0
1741062302 46677 0
1741062304 46909 0
1741062306 47469 0
1741062308 47984 0
1741062310 48179 0
1741062312 48129 0
1741062314 48131 0
1741062316 48106 0
1741062318 48025 0
1741062320 47724 0
1741062322 47268 0
1741062324 47030 0
1741062326 46927 0
1741062328 46814 0
1741062330 46584 0
1741062332 46465 0
1741062335 46390 0
1741062337 46412 0
1741062339 46369 0
1741062341 46554 0
1741062343 46571 0
1741062345 46432 0
1741062347 46297 0
1741062349 46255 0
1741062351 46239 0
1741062353 46451 0
1741062355 46584 0
1741062357 46614 0
1741062359 46867 0
1741062361 47379 0
1741062363 47715 0
1741062365 47865 0
1741062367 48157 0
1741062369 48139 0
1741062371 48036 0
1741062373 47987 0
1741062375 47965 0
1741062377 47941 0
1741062379 47967 0
1741062382 47901 0
1741062384 48074 0
1741062386 48064 0
1741062388 47954 0
1741062390 47425 0
1741062392 46956 0
1741062394 46878 0
1741062396 46577 0
1741062398 46447 0
1741062400 46433 0
1741062402 46554 0
1741062404 46372 0
1741062406 46276 0
1741062408 46235 0
1741062410 46199 0
1741062412 46186 0
1741062414 46316 0
1741062416 46302 0
1741062418 46210 0
1741062420 46247 0
1741062422 46237 0
1741062424 46304 0
1741062427 46482 0
1741062429 46859 0
1741062431 47276 0
1741062433 47742 0
1741062435 48093 0
1741062437 48254 0
1741062439 48303 0
1741062441 48101 0
1741062443 48067 0
1741062445 47919 0
1741062447 47946 0
1741062449 47900 0
1741062451 47951 0
1741062453 48008 0
1741062455 47984 0
1741062457 47780 0
1741062459 47220 0
1741062461 47167 0
1741062463 46984 0
1741062465 46687 0
1741062467 46509 0
1741062469 46347 0
1741062471 46327 0
1741062474 46338 0
1741062476 46415 0
1741062478 46653 0
1741062480 46718 0
1741062482 46598 0
1741062484 46494 0
1741062486 46434 0
1741062488 46553 0
1741062490 46619 0
1741062492 46409 0
1741062494 46342 0
1741062496 46374 0
1741062498 46313 0
1741062500 46261 0
1741062502 46301 0
1741062504 46436 0
1741062506 46641 0
1741062508 46916 0
1741062510 47372 0
1741062512 47994 0
1741062514 48147 0
1741062516 48117 0
1741062518 48176 0
1741062521 48363 0
1741062523 48165 0
1741062525 48146 0
1741062527 47640 0
1741062529 47223 0
1741062531 47016 0
1741062533 46596 0
1741062535 46466 0
1741062537 46269 0
1741062539 46273 0
1741062541 46175 0
1741062543 46216 0
1741062545 46150 0
1741062547 46291 0
1741062549 46256 0
1741062551 46176 0
1741062553 46343 0
1741062555 46484 0
1741062557 46405 0
1741062559 46446 0
1741062561 46441 0
1741062563 46391 0
1741062566 46307 0
1741062568 46446 0
1741062570 46449 0
1741062572 46578 0
1741062574 46655 0
1741062576 46674 0
1741062578 47053 0
1741062580 47448 0
1741062582 47810 0
1741062584 48077 0
1741062586 48121 0
1741062588 48049 0
1741062590 47988 0
1741062592 47995 0
1741062594 47833 0
1741062596 47252 0
1741062598 46707 0
1741062600 46500 0
1741062602 46411 0
1741062604 46388 0
1741062606 46554 0
1741062608 46810 0
1741062610 46652 0
1741062613 46627 0
1741062615 46759 0
1741062617 46710 0
1741062619 46671 0
1741062621 46588 0
1741062623 46625 0
1741062625 46531 0
1741062627 46558 0
1741062629 46552 0
1741062631 46647 0
1741062633 46896 0
1741062635 47047 0
1741062637 47554 0
1741062639 47942 0
1741062641 48321 0
1741062643 48221 0
1741062645 48165 0
1741062647 48137 0
1741062649 47994 0
1741062651 47900 0
1741062653 47892 0
1741062655 47901 0
1741062657 47830 0
1741062660 47871 0
1741062662 47908 0
1741062664 47735 0
1741062666 47041 0
1741062668 46984 0
1741062670 46783 0
1741062672 46533 0
1741062674 46588 0
1741062676 46594 0
1741062678 46629 0
1741062680 46741 0
1741062682 46744 0
1741062684 46711 0
1741062686 46749 0
1741062688 46724 0
1741062690 46484 0
1741062692 46398 0
1741062694 46418 0
1741062696 46456 0
1741062698 46562 0
1741062700 46981 0
1741062702 47188 0
1741062705 47406 0
1741062707 47879 0
1741062709 48302 0
1741062711 48364 0
1741062713 48238 0
1741062715 48242 0
1741062717 48213 0
1741062719 48272 0
1741062721 48145 0
1741062723 48158 0
1741062725 48125 0
1741062727 48243 0
1741062729 48240 0
1741062731 48075 0
1741062733 47490 0
1741062735 46867 0
1741062737 46703 0
1741062739 46514 0
1741062741 46447 0
1741062743 46262 0
1741062745 46188 0
1741062747 46339 0
1741062749 46328 0
1741062752 46397 0
1741062754 46407 0
1741062756 46370 0
1741062758 46288 0
1741062760 46303 0
1741062762 46488 0
1741062764 46310 0
1741062766 46277 0
1741062768 46384 0
1741062770 46263 0
1741062772 46224 0
1741062774 46309 0
1741062776 46233 0
1741062778 46230 0
1741062780 46359 0
1741062782 46451 0
1741062784 46903 0
1741062786 47329 0
1741062788 47901 0
1741062790 48133 0
1741062792 48155 0
1741062794 48077 0
1741062796 48028 0
1741062799 48076 0
1741062801 47714 0
1741062803 47191 0
1741062805 46820 0
1741062807 46701 0
1741062809 46665 0
1741062811 46526 0
1741062813 46399 0
1741062815 46472 0
1741062817 46476 0
1741062819 46567 0
1741062821 46711 0
1741062823 46586 0
1741062825 46373 0
1741062827 46378 0
1741062829 46493 0
1741062831 46398 0
1741062833 46332 0
1741062835 46322 0
1741062837 46447 0
1741062839 46459 0
1741062842 46489 0
1741062844 46595 0
1741062846 46653 0
1741062848 46843 0
1741062850 47066 0
1741062852 47348 0
1741062854 47676 0
1741062856 47981 0
1741062858 48052 0
1741062860 48282 0
1741062862 48288 0
1741062864 48116 0
1741062866 47934 0
1741062868 47977 0
1741062870 47557 0
1741062872 47196 0
1741062874 46891 0
1741062876 46624 0
1741062878 46556 0
1741062880 46670 0
1741062882 46451 0
1741062884 46468 0
1741062886 46469 0
1741062889 46445 0
1741062891 46546 0
1741062893 46377 0
1741062895 46450 0
1741062897 46271 0
1741062899 46229 0
1741062901 46209 0
1741062903 46170 0
1741062905 46316 0
1741062907 46491 0
1741062909 46717 0
1741062911 46984 0
1741062913 47472 0
1741062915 47901 0
1741062917 48059 0
1741062919 48064 0
1741062921 47987 0
1741062923 48127 0
1741062925 48086 0
1741062927 48038 0
1741062929 47958 0
1741062931 47854 0
1741062933 47974 0
1741062936 47791 0
1741062938 47758 0
1741062940 47353 0
1741062942 47352 0
1741062944 47081 0
1741062946 46925 0
1741062948 46585 0
1741062950 46461 0
1741062952 46625 0
1741062954 46517 0
1741062956 46454 0
1741062958 46358 0
1741062960 46511 0
1741062962 46514 0
1741062964 46440 0
1741062966 46520 0
1741062968 46633 0
1741062970 46491 0
1741062972 46518 0
1741062974 46582 0
1741062976 46730 0
1741062978 47029 0
1741062980 47363 0
1741062983 47784 0
1741062985 47896 0
1741062987 48156 0
1741062989 48219 0
1741062991 48057 0
1741062993 47927 0
1741062995 47891 0
1741062997 47953 0
1741062999 48105 0
1741063001 48195 0
1741063003 47997 0
1741063005 47875 0
1741063007 47441 0
1741063009 47010 0
1741063011 46782 0
1741063013 46496 0
1741063015 46439 0
1741063017 46430 0
1741063019 46411 0
1741063021 46413 0
1741063023 46275 0
1741063025 46228 0
1741063028 46306 0
1741063030 46409 0
1741063032 46304 0
1741063034 46251 0
1741063036 46400 0
1741063038 46487 0
1741063040 46494 0
1741063042 46340 0
1741063044 46323 0
1741063046 46316 0
1741063048 46404 0
1741063050 46471 0
1741063052 46545 0
1741063054 46619 0
1741063056 46825 0
1741063058 47033 0
1741063060 47665 0
1741063062 48219 0
1741063064 48395 0
1741063066 48333 0
1741063068 48306 0
1741063070 48249 0
1741063072 48213 0
1741063075 48162 0
1741063077 47601 0
1741063079 47223 0
1741063081 46903 0
1741063083 46742 0
1741063085 46552 0
1741063087 46655 0
1741063089 46717 0
1741063091 46496 0
1741063093 46470 0
1741063095 46575 0
1741063097 46514 0
1741063099 46401 0
1741063101 46352 0
1741063103 46417 0
1741063105 46301 0
1741063107 46272 0
1741063109 46333 0
1741063111 46312 0
1741063113 46309 0
1741063115 46214 0
1741063117 46186 0
1741063119 46161 0
1741063122 46467 0
1741063124 46442 0
1741063126 46562 0
1741063128 46854 0
1741063130 47322 0
1741063132 47716 0
1741063134 48028 0
1741063136 48033 0
1741063138 48071 0
1741063140 47980 0
1741063142 47996 0
1741063144 47777 0
1741063146 47236 0
1741063148 46912 0
1741063150 46703 0
1741063152 46470 0
1741063154 46668 0
1741063156 46687 0
1741063158 46695 0
1741063160 46616 0
1741063162 46700 0
1741063164 46630 0
1741063167 46670 0
1741063169 46613 0
1741063171 46733 0
1741063173 46673 0
1741063175 46609 0
1741063177 46548 0
1741063179 46497 0
1741063181 46876 0
1741063183 46978 0
1741063185 47091 0
1741063187 47451 0
1741063189 47739 0
1741063191 48069 0
1741063193 48090 0
1741063195 47983 0
1741063197 48049 0
1741063199 48008 0
1741063201 48029 0
1741063203 47924 0
1741063205 48002 0
1741063207 48107 0
1741063209 47958 0
1741063211 47944 0
1741063214 47786 0
1741063216 47272 0
1741063218 46845 0
1741063220 46785 0
1741063222 46502 0
1741063224 46556 0
1741063226 46427 0
1741063228 46434 0
1741063230 46373 0
1741063232 46462 0
1741063234 46429 0
1741063236 46341 0
1741063238 46318 0
1741063240 46381 0
1741063242 46439 0
1741063244 46467 0
1741063246 46351 0
1741063248 46374 0
1741063250 46435 0
1741063252 46544 0
1741063254 46811 0
1741063256 47345 0
1741063258 47796 0
1741063261 47928 0
1741063263 47975 0
1741063265 48048 0
1741063267 48103 0
1741063269 48190 0
1741063271 48091 0
1741063273 48099 0
1741063275 48057 0
1741063277 47987 0
1741063279 48141 0
1741063281 48004 0
1741063283 47434 0
1741063285 47088 0
1741063287 46884 0
1741063289 46714 0
1741063291 46479 0
1741063293 46639 0
1741063295 46534 0
1741063297 46470 0
1741063299 46549 0
1741063301 46573 0
1741063303 46498 0
1741063306 46472 0
1741063308 46405 0
1741063310 46343 0
1741063312 46325 0
1741063314 46352 0
1741063316 46366 0
1741063318 46428 0
1741063320 46360 0
1741063322 46311 0
1741063324 46383 0
1741063326 46366 0
1741063328 46627 0
1741063330 46761 0
1741063332 46909 0
1741063334 47291 0
1741063336 47727 0
1741063338 48009 0
1741063340 48020 0
1741063342 48003 0
1741063344 48095 0
1741063346 48167 0
1741063349 48216 0
1741063351 47735 0
1741063353 47169 0
1741063355 46850 0
1741063357 46655 0
1741063359 46576 0
1741063361 46740 0
1741063363 46582 0
1741063365 46592 0
1741063367 46380 0
1741063369 46591 0
1741063371 46512 0
1741063373 46344 0
1741063375 46390 0
1741063377 46413 0
1741063379 46325 0
1741063381 46285 0
1741063383 46327 0
1741063385 46381 0
1741063387 46443 0
1741063389 46433 0
1741063391 46323 0
1741063393 46321 0
1741063396 46289 0
1741063398 46342 0
1741063400 46386 0
1741063402 46602 0
1741063404 46997 0
1741063406 47407 0
1741063408 47822 0
1741063410 47974 0
1741063412 48127 0
1741063414 48276 0
1741063416 48207 0
1741063418 48013 0
1741063420 47582 0
1741063422 47032 0
1741063424 46709 0
1741063426 46558 0
1741063428 46500 0
1741063430 46530 0
1741063432 46536 0
1741063434 46375 0
1741063436 46219 0
1741063438 46195 0
1741063441 46193 0
1741063443 46137 0
1741063445 46154 0
1741063447 46276 0
1741063449 46280 0
1741063451 46229 0
1741063453 46231 0
1741063455 46326 0
1741063457 46281 0
1741063459 46535 0
1741063461 46928 0
1741063463 47366 0
1741063465 47648 0
1741063467 47929 0
1741063469 47988 0
1741063471 47946 0
1741063473 48044 0
1741063475 48109 0
1741063477 48160 0
1741063479 48033 0
1741063481 48060 0
1741063483 47845 0
1741063486 47840 0
1741063488 47594 0
1741063490 47046 0
1741063492 46811 0
1741063494 46697 0
1741063496 46564 0
1741063498 46417 0
1741063500 46356 0
1741063502 46367 0
1741063504 46232 0
1741063506 46189 0
1741063508 46412 0
1741063510 46622 0
1741063512 46565 0
1741063514 46778 0
1741063516 46681 0
1741063518 46559 0
1741063520 46530 0
1741063522 46582 0
1741063524 46544 0
1741063526 46628 0
1741063528 46828 0
1741063530 47083 0
1741063533 47476 0
1741063535 48072 0
1741063537 48112 0
1741063539 48243 0
1741063541 48553 0
1741063543 48504 0
1741063545 48694 0
1741063547 48513 0
1741063549 48311 0
1741063551 48357 0
1741063553 48070 0
1741063555 47961 0
1741063557 47640 0
1741063559 47138 0
1741063561 46892 0
1741063563 46619 0
1741063565 46387 0
1741063567 46437 0
1741063569 46513 0
1741063571 46524 0
1741063573 46541 0
1741063575 46508 0
1741063577 46579 0
1741063580 46588 0
1741063582 46574 0
1741063584 46519 0
1741063586 46484 0
1741063588 46508 0
1741063590 46482 0
1741063592 46409 0
1741063594 46443 0
1741063596 46365 0
1741063598 46320 0
1741063600 46583 0
1741063602 46740 0
1741063604 46787 0
1741063606 46934 0
1741063608 47163 0
1741063610 47630 0
1741063612 48040 0
1741063614 48247 0
1741063616 48415 0
1741063618 48471 0
1741063620 48343 0
1741063622 48209 0
1741063624 48190 0
1741063627 47519 0
1741063629 47274 0
1741063631 46999 0
1741063633 46751 0
1741063635 46628 0
1741063637 46578 0
1741063639 46586 0
1741063641 46362 0
1741063643 46330 0
1741063645 46273 0
1741063647 46260 0
1741063649 46358 0
1741063651 46463 0
1741063653 46549 0
1741063655 46581 0
1741063657 46503 0
1741063659 46554 0
1741063661 46834 0
1741063663 46781 0
1741063665 46587 0
1741063667 46711 0
1741063669 46748 0
1741063672 46670 0
1741063674 46769 0
1741063676 47003 0
1741063678 47281 0
1741063680 47707 0
1741063682 48000 0
1741063684 48217 0
1741063686 48390 0
1741063688 48469 0
1741063690 48361 0
1741063692 48132 0
1741063694 47847 0
1741063696 47256 0
1741063698 46969 0
1741063700 46741 0
1741063702 46791 0
1741063704 46636 0
1741063706 46458 0
1741063708 46404 0
1741063710 46313 0
1741063712 46323 0
1741063714 46398 0
1741063716 46282 0
1741063719 46292 0
1741063721 46479 0
1741063723 46415 0
1741063725 46323 0
1741063727 46404 0
1741063729 46393 0
1741063731 46323 0
1741063733 46335 0
1741063735 46542 0
1741063737 46850 0
1741063739 47344 0
1741063741 47796 0
1741063743 47965 0
1741063745 47947 0
1741063747 47885 0
1741063749 47970 0
1741063751 47963 0
1741063753 47836 0
1741063755 47836 0
1741063757 47723 0
1741063759 47754 0
1741063761 47730 0
1741063764 47337 0
1741063766 46912 0
1741063768 46650 0
1741063770 46486 0
1741063772 46378 0
1741063774 46422 0
1741063776 46290 0
1741063778 46254 0
1741063780 46296 0
1741063782 46316 0
1741063784 46299 0
1741063786 46239 0
1741063788 46214 0
1741063790 46455 0
1741063792 46512 0
1741063794 46432 0
1741063796 46422 0
1741063798 46488 0
1741063800 46740 0
1741063802 46926 0
1741063804 47165 0
1741063806 47829 0
1741063808 48352 0
1741063811 48355 0
1741063813 48386 0
1741063815 48289 0
1741063817 48127 0
1741063819 48078 0
1741063821 48052 0
1741063823 48018 0
1741063825 47957 0
1741063827 48145 0
1741063829 48109 0
1741063831 48033 0
1741063833 47492 0
1741063835 46898 0
1741063837 46838 0
1741063839 46754 0
1741063841 46817 0
1741063843 46646 0
1741063845 46619 0
1741063847 46588 0
1741063849 46591 0
1741063851 46482 0
1741063853 46419 0
1741063856 46555 0
1741063858 46672 0
1741063860 46571 0
1741063862 46501 0
1741063864 46504 0
1741063866 46752 0
1741063868 46859 0
1741063870 46791 0
1741063872 46775 0
1741063874 46750 0
1741063876 46841 0
1741063878 46972 0
1741063880 47080 0
1741063882 47304 0
1741063884 47554 0
1741063886 48097 0
1741063888 48241 0
1741063890 48182 0
1741063892 48202 0
1741063894 48198 0
1741063896 48349 0
1741063898 48247 0
1741063900 48155 0
1741063903 47522 0
1741063905 46944 0
1741063907 46882 0
1741063909 46837 0
1741063911 46714 0
1741063913 46828 0
1741063915 46673 0
1741063917 46680 0
1741063919 46606 0
1741063921 46591 0
1741063923 46540 0
1741063925 46548 0
1741063927 46760 0
1741063929 46826 0
1741063931 46734 0
1741063933 46723 0
1741063935 46700 0
1741063937 46651 0
1741063939 46697 0
1741063941 46596 0
1741063943 46681 0
1741063945 46623 0
1741063948 46746 0
1741063950 46805 0
1741063952 47140 0
1741063954 47510 0
1741063956 47884 0
1741063958 48124 0
1741063960 48478 0
1741063962 48516 0
1741063964 48338 0
1741063966 48226 0
1741063968 48139 0
1741063970 47624 0
1741063972 47251 0
1741063974 46915 0
1741063976 46723 0
1741063978 46672 0
1741063980 46476 0
1741063982 46407 0
1741063984 46457 0
1741063986 46653 0
1741063988 47061 0
1741063991 46856 0
1741063993 46749 0
1741063995 46703 0
1741063997 46599 0
1741063999 46665 0
1741064001 46604 0
1741064003 46645 0
1741064005 46518 0
1741064007 46581 0
1741064009 46839 0
1741064011 47261 0
1741064013 47790 0
1741064015 48119 0
1741064017 48113 0
1741064019 48342 0
1741064021 48445 0
1741064023 48240 0
1741064025 48210 0
1741064027 48120 0
1741064029 47920 0
1741064031 47846 0
1741064033 47850 0
1741064035 47773 0
1741064038 47506 0
1741064040 47208 0
1741064042 46845 0
1741064044 46688 0
1741064046 46463 0
1741064048 46607 0
1741064050 46839 0
1741064052 46599 0
1741064054 46422 0
1741064056 46460 0
1741064058 46364 0
1741064060 46371 0
1741064062 46340 0
1741064064 46359 0
1741064066 46476 0
1741064068 46509 0
1741064070 46401 0
1741064072 46426 0
1741064074 46520 0
1741064076 46711 0
1741064078 46953 0
1741064080 47467 0
1741064083 47934 0
1741064085 48133 0
1741064087 48130 0
1741064089 48223 0
1741064091 48072 0
1741064093 48118 0
1741064095 48139 0
1741064097 48407 0
1741064099 48199 0
1741064101 48109 0
1741064103 47997 0
1741064105 47957 0
1741064107 47649 0
1741064109 47236 0
1741064111 47244 0
1741064113 47047 0
1741064115 46950 0
1741064117 46769 0
1741064119 46760 0
1741064121 46638 0
1741064123 46580 0
1741064125 46542 0
1741064127 46508 0
1741064130 46456 0
1741064132 46410 0
1741064134 46321 0
1741064136 46361 0
1741064138 46487 0
1741064140 46645 0
1741064142 46684 0
1741064144 46482 0
1741064146 46368 0
1741064148 46356 0
1741064150 46367 0
1741064152 46436 0
1741064154 46530 0
1741064156 46679 0
1741064158 46913 0
1741064160 47295 0
1741064162 47835 0
1741064164 48084 0
1741064166 48214 0
1741064168 48244 0
1741064170 48191 0
1741064172 47986 0
1741064174 48083 0
1741064177 47544 0
1741064179 47152 0
1741064181 46891 0
1741064183 46686 0
1741064185 46618 0
1741064187 46518 0
1741064189 46429 0
1741064191 46397 0
1741064193 46470 0
1741064195 46479 0
1741064197 46349 0
1741064199 46361 0
1741064201 46447 0
1741064203 46421 0
1741064205 46361 0
1741064207 46440 0
1741064209 46563 0
1741064211 46579 0
1741064213 46541 0
1741064215 46495 0
1741064217 46401 0
1741064219 46402 0
1741064222 46595 0
1741064224 46723 0
1741064226 47182 0
1741064228 47540 0
1741064230 48057 0
1741064232 48328 0
1741064234 48340 0
1741064236 48298 0
1741064238 48206 0
1741064240 48115 0
1741064242 48042 0
1741064244 47713 0
1741064246 47341 0
1741064248 47093 0
1741064250 46819 0
1741064252 46618 0
1741064254 46727 0
1741064256 46609 0
1741064258 46464 0
1741064260 46806 0
1741064262 46656 0
1741064264 46430 0
1741064266 46462 0
1741064269 46567 0
1741064271 46691 0
1741064273 46699 0
1741064275 46615 0
1741064277 46467 0
1741064279 46423 0
1741064281 46463 0
1741064283 46697 0
1741064285 47124 0
1741064287 47580 0
1741064289 48051 0
1741064291 48252 0
1741064293 48263 0
1741064295 48409 0
1741064297 48257 0
1741064299 48211 0
1741064301 48098 0
1741064303 48142 0
1741064305 48136 0
1741064307 48241 0
1741064309 48131 0
1741064311 48007 0
1741064313 47504 0
1741064316 47092 0
1741064318 46793 0
1741064320 46806 0
1741064322 46820 0
1741064324 46578 0
1741064326 46570 0
1741064328 46359 0
1741064330 46526 0
1741064332 46703 0
1741064334 46594 0
1741064336 46473 0
1741064338 46456 0
1741064340 46541 0
1741064342 46459 0
1741064344 46404 0
1741064346 46348 0
1741064348 46467 0
1741064350 46506 0
1741064352 46627 0
1741064354 46587 0
1741064356 46858 0
1741064358 47329 0
1741064361 47764 0
1741064363 48136 0
1741064365 48113 0
1741064367 48140 0
1741064369 48117 0
1741064371 47944 0
1741064373 47906 0
1741064375 47839 0
1741064377 47734 0
1741064379 47947 0
1741064381 48091 0
1741064383 47415 0
1741064385 47015 0
1741064387 46701 0
1741064389 46488 0
1741064391 46361 0
1741064393 46398 0
1741064395 46395 0
1741064397 46371 0
1741064399 46347 0
1741064401 46485 0
1741064403 46320 0
1741064405 46244 0
1741064408 46352 0
1741064410 46337 0
1741064412 46285 0
1741064414 46223 0
1741064416 46338 0
1741064418 46346 0
1741064420 46318 0
1741064422 46265 0
1741064424 46265 0
1741064426 46235 0
1741064428 46375 0
1741064430 46442 0
1741064432 46396 0
1741064434 46691 0
1741064436 46924 0
1741064438 47437 0
1741064440 48045 0
1741064442 48180 0
1741064444 48246 0
1741064446 48235 0
1741064448 48216 0
1741064450 47735 0
1741064453 47185 0
1741064455 46901 0
1741064457 46827 0
1741064459 46825 0
1741064461 46927 0
1741064463 46718 0
1741064465 46465 0
1741064467 46536 0
1741064469 46604 0
1741064471 46590 0
1741064473 46469 0
1741064475 46400 0
1741064477 46426 0
1741064479 46400 0
1741064481 46383 0
1741064483 46563 0
1741064485 46530 0
1741064487 46640 0
1741064489 46663 0
1741064491 46570 0
1741064493 46591 0
1741064495 46620 0
1741064497 46606 0
1741064500 46831 0
1741064502 46991 0
1741064504 47114 0
1741064506 47426 0
1741064508 47768 0
1741064510 48162 0
1741064512 48192 0
1741064514 48198 0
1741064516 48160 0
1741064518 48057 0
1741064520 47274 0
1741064522 46970 0
1741064524 46773 0
1741064526 46721 0
1741064528 46871 0
1741064530 46697 0
1741064532 46664 0
1741064534 46514 0
1741064536 46430 0
1741064538 46424 0
1741064540 46267 0
1741064542 46504 0
1741064545 46412 0
1741064547 46380 0
1741064549 46322 0
1741064551 46248 0
1741064553 46347 0
1741064555 46396 0
1741064557 46438 0
1741064559 46481 0
1741064561 46752 0
1741064563 47014 0
1741064565 47511 0
1741064567 47766 0
1741064569 47958 0
1741064571 47959 0
1741064573 47984 0
1741064575 47882 0
1741064577 47855 0
1741064579 47786 0
1741064581 47799 0
1741064583 47801 0
1741064585 47663 0
1741064587 47521 0
1741064589 47001 0
1741064592 46801 0
1741064594 46657 0
1741064596 46640 0
1741064598 46545 0
1741064600 46607 0
1741064602 46614 0
1741064604 46547 0
1741064606 46631 0
1741064608 46566 0
1741064610 46423 0
1741064612 46360 0
1741064614 46411 0
1741064616 46460 0
1741064618 46370 0
1741064620 46568 0
1741064622 46487 0
1741064624 46412 0
1741064626 46537 0
1741064628 46577 0
1741064630 46788 0
1741064632 47227 0
1741064634 47589 0
1741064636 47964 0
1741064639 48174 0
1741064641 48131 0
1741064643 48077 0
1741064645 47973 0
1741064647 47991 0
1741064649 48160 0
1741064651 48009 0
1741064653 48056 0
1741064655 48086 0
1741064657 47645 0
1741064659 47294 0
1741064661 46895 0
1741064663 46708 0
1741064665 46687 0
1741064667 46604 0
1741064669 46406 0
1741064671 46595 0
1741064673 46547 0
1741064675 46403 0
1741064677 46333 0
1741064679 46385 0
1741064681 46518 0
1741064684 46376 0
1741064686 46340 0
1741064688 46470 0
1741064690 46526 0
1741064692 46480 0
1741064694 46489 0
1741064696 46461 0
1741064698 46464 0
1741064700 46671 0
1741064702 46761 0
1741064704 46707 0
1741064706 46814 0
1741064708 47014 0
1741064710 47176 0
1741064712 47569 0
1741064714 47994 0
1741064716 48164 0
1741064718 48369 0
1741064720 48236 0
1741064722 48333 0
1741064724 48141 0
1741064726 47562 0
1741064728 47184 0
1741064731 46874 0
1741064733 46719 0
1741064735 46591 0
1741064737 46501 0
1741064739 46577 0
1741064741 46764 0
1741064743 46756 0
1741064745 46601 0
1741064747 46550 0
1741064749 46519 0
1741064751 46513 0
1741064753 46519 0
1741064755 46628 0
1741064757 46540 0
1741064759 46432 0
1741064761 46525 0
1741064763 46563 0
1741064765 46599 0
1741064767 46760 0
1741064769 46748 0
1741064771 46663 0
1741064773 46672 0
1741064775 46692 0
1741064778 46929 0
1741064780 47359 0
1741064782 47640 0
1741064784 48155 0
1741064786 48257 0
1741064788 48390 0
1741064790 48291 0
1741064792 48288 0
1741064794 47959 0
1741064796 47212 0
1741064798 46844 0
1741064800 46776 0
1741064802 46685 0
1741064804 46531 0
1741064806 46364 0
1741064808 46354 0
1741064810 46250 0
1741064812 46260 0
1741064814 46334 0
1741064816 46250 0
1741064818 46318 0
1741064820 46294 0
1741064823 46406 0
1741064825 46434 0
1741064827 46454 0
1741064829 46489 0
1741064831 46375 0
1741064833 46722 0
1741064835 47032 0
1741064837 47152 0
1741064839 47479 0
1741064841 47814 0
1741064843 48154 0
1741064845 48160 0
1741064847 48209 0
1741064849 48061 0
1741064851 48091 0
1741064853 48072 0
1741064855 48028 0
1741064857 47858 0
1741064859 47869 0
1741064861 47980 0
1741064863 47478 0
1741064865 47140 0
1741064867 46971 0
1741064870 47017 0
1741064872 46925 0
1741064874 46826 0
1741064876 46592 0
1741064878 46547 0
1741064880 46472 0
1741064882 46338 0
1741064884 46348 0
1741064886 46205 0
1741064888 46348 0
1741064890 46304 0
1741064892 46281 0
1741064894 46259 0
1741064896 46340 0
1741064898 46332 0
1741064900 46564 0
1741064902 46748 0
1741064904 46919 0
1741064906 47196 0
1741064908 47867 0
1741064910 48227 0
1741064912 48429 0
1741064914 48616 0
1741064917 48425 0
1741064919 48356 0
1741064921 48433 0
1741064923 48140 0
1741064925 48119 0
1741064927 48167 0
1741064929 48127 0
1741064931 47961 0
1741064933 47334 0
1741064935 46919 0
1741064937 46629 0
1741064939 46589 0
1741064941 46675 0
1741064943 46759 0
1741064945 46778 0
1741064947 46606 0
1741064949 46585 0
1741064951 46507 0
1741064953 46500 0
1741064955 46604 0
1741064957 46415 0
1741064959 46461 0
1741064962 46578 0
1741064964 46594 0
1741064966 46734 0
1741064968 46648 0
1741064970 46661 0
1741064972 46699 0
1741064974 46740 0
1741064976 46647 0
1741064978 46541 0
1741064980 46729 0
1741064982 46664 0
1741064984 46888 0
1741064986 47173 0
1741064988 47637 0
1741064990 47901 0
1741064992 48196 0
1741064994 48387 0
1741064996 48447 0
1741064998 48324 0
1741065000 47874 0
1741065002 47381 0
1741065004 46977 0
1741065006 46849 0
1741065009 46957 0
1741065011 46778 0
1741065013 46701 0
1741065015 46810 0
1741065017 46766 0
1741065019 46656 0
1741065021 46625 0
1741065023 46691 0
1741065025 46594 0
1741065027 46494 0
1741065029 46434 0
1741065031 46481 0
1741065033 46486 0
1741065035 46504 0
1741065037 46434 0
1741065039 46493 0
1741065041 46623 0
1741065043 46632 0
1741065045 46533 0
1741065047 46488 0
1741065049 46581 0
1741065051 46696 0
1741065053 46860 0
1741065056 47304 0
1741065058 47713 0
1741065060 48053 0
1741065062 48212 0
1741065064 48193 0
1741065066 48140 0
1741065068 48103 0
1741065070 47549 0
1741065072 47209 0
1741065074 46977 0
1741065076 46818 0
1741065078 46668 0
1741065080 46545 0
1741065082 46575 0
1741065084 46542 0
1741065086 46667 0
1741065088 46688 0
1741065090 46533 0
1741065092 46513 0
1741065094 46531 0
1741065096 46487 0
1741065098 46535 0
1741065101 46903 0
1741065103 46962 0
1741065105 47047 0
1741065107 47089 0
1741065109 47180 0
1741065111 47475 0
1741065113 48056 0
1741065115 48351 0
1741065117 48306 0
1741065119 48395 0
1741065121 48645 0
1741065123 48664 0
1741065125 48483 0
1741065127 48499 0
1741065129 48379 0
1741065131 48304 0
1741065133 48121 0
1741065135 47977 0
1741065137 47847 0
1741065139 47348 0
1741065141 47061 0
1741065143 46856 0
1741065145 46633 0
1741065148 46845 0
1741065150 46888 0
1741065152 46864 0
1741065154 46723 0
1741065156 46594 0
1741065158 46425 0
1741065160 46478 0
1741065162 46633 0
1741065164 46555 0
1741065166 46401 0
1741065168 46596 0
1741065170 46810 0
1741065172 46749 0
1741065174 46699 0
1741065176 46857 0
1741065178 47036 0
1741065180 47367 0
1741065182 47934 0
1741065184 48160 0
1741065186 48441 0
1741065188 48582 0
1741065190 48603 0
1741065192 48556 0
1741065195 48479 0
1741065197 48392 0
1741065199 48379 0
1741065201 48183 0
1741065203 48136 0
1741065205 48222 0
1741065207 47817 0
1741065209 47400 0
1741065211 47101 0
1741065213 47034 0
1741065215 46958 0
1741065217 46800 0
1741065219 46891 0
1741065221 47107 0
1741065223 47296 0
1741065225 47254 0
1741065227 47248 0
1741065229 47187 0
1741065231 47098 0
1741065233 47080 0
1741065235 47016 0
1741065237 46896 0
1741065239 46962 0
1741065242 47088 0
1741065244 47002 0
1741065246 46932 0
1741065248 46789 0
1741065250 46852 0
1741065252 46914 0
1741065254 46946 0
1741065256 47198 0
1741065258 47447 0
1741065260 47691 0
1741065262 48158 0
1741065264 48420 0
1741065266 48449 0
1741065268 48533 0
1741065270 48463 0
1741065272 48394 0
1741065274 48350 0
1741065276 47922 0
1741065278 47475 0
1741065280 47551 0
1741065282 47261 0
1741065284 46999 0
1741065287 46924 0
1741065289 46695 0
1741065291 46620 0
1741065293 46473 0
1741065295 46584 0
1741065297 46728 0
1741065299 46769 0
1741065301 46907 0
1741065303 46824 0
1741065305 46711 0
1741065307 46750 0
1741065309 46834 0
1741065311 46872 0
1741065313 46816 0
1741065315 46839 0
1741065317 46905 0
1741065319 46929 0
1741065321 46807 0
1741065323 46669 0
1741065325 46747 0
1741065327 46863 0
1741065329 47004 0
1741065331 47567 0
1741065334 47944 0
1741065336 48224 0
1741065338 48348 0
1741065340 48305 0
1741065342 48446 0
1741065344 48274 0
1741065346 47538 0
1741065348 47076 0
1741065350 46913 0
1741065352 46783 0
1741065354 46717 0
1741065356 46681 0
1741065358 46626 0
1741065360 46585 0
1741065362 46524 0
1741065364 46554 0
1741065366 46539 0
1741065368 46632 0
1741065370 46865 0
1741065372 46754 0
1741065374 46621 0
1741065376 46724 0
1741065378 46575 0
1741065381 46584 0
1741065383 46742 0
1741065385 47003 0
1741065387 47346 0
1741065389 47833 0
1741065391 48246 0
1741065393 48445 0
1741065395 48438 0
1741065397 48412 0
1741065399 48289 0
1741065401 48628 0
1741065403 48546 0
1741065405 48422 0
1741065407 48233 0
1741065409 48144 0
1741065411 48044 0
1741065413 47580 0
1741065415 47050 0
1741065417 46930 0
1741065419 46743 0
1741065421 46666 0
1741065423 46563 0
1741065426 46696 0
1741065428 46853 0
1741065430 46787 0
1741065432 46817 0
1741065434 46816 0
1741065436 46688 0
1741065438 46654 0
1741065440 46589 0
1741065442 46573 0
1741065444 46491 0
1741065446 46528 0
1741065448 46597 0
1741065450 46622 0
1741065452 46881 0
1741065454 47046 0
1741065456 47486 0
1741065458 47951 0
1741065460 48598 0
1741065462 48608 0
1741065464 48543 0
1741065466 48511 0
1741065468 48525 0
1741065470 48477 0
1741065473 48326 0
1741065475 48279 0
1741065477 48321 0
1741065479 48314 0
1741065481 47965 0
1741065483 47461 0
1741065485 47340 0
1741065487 47257 0
1741065489 47168 0
1741065491 46900 0
1741065493 46838 0
1741065495 46730 0
1741065497 46681 0
1741065499 46675 0
1741065501 46593 0
1741065503 46576 0
1741065505 46517 0
1741065507 46648 0
1741065509 46546 0
1741065511 48777 0
1741065513 52000 0
1741065515 50917 0
1741065518 49905 0
1741065520 49163 0
1741065522 48598 0
1741065524 48092 0
1741065526 47672 0
1741065528 47457 0
1741065530 47281 0
1741065532 47357 0
1741065534 47567 0
1741065536 47853 0
1741065538 52410 0
1741065540 52229 0
1741065542 50673 0
1741065544 49725 0
1741065546 49141 0
1741065548 48852 0
1741065550 48174 0
1741065552 47644 0
1741065554 47190 0
1741065556 46965 0
1741065558 46800 0
1741065560 46775 0
1741065562 46795 0
1741065565 46682 0
1741065567 46987 0
1741065569 52270 0
1741065571 51689 0
1741065573 49924 0
1741065575 48739 0
1741065577 48111 0
1741065579 47705 0
1741065581 47587 0
1741065583 47216 0
1741065585 47035 0
1741065587 46811 0
1741065589 46677 0
1741065591 46695 0
1741065593 46622 0
1741065595 49025 0
1741065597 52395 0
1741065599 51068 0
1741065601 50135 0
1741065603 49395 0
1741065605 49061 0
1741065607 48846 0
1741065610 48802 0
1741065612 48559 0
1741065614 48435 0
1741065616 48439 0
1741065618 48241 0
1741065620 47518 0
1741065622 51010 0
1741065624 54436 0
1741065626 51908 0
1741065628 50185 0
1741065630 48896 0
1741065632 47942 0
1741065634 47450 0
1741065636 47102 0
1741065638 46931 0
1741065640 47049 0
1741065642 46929 0
1741065644 46719 0
1741065646 46545 0
1741065648 46520 0
1741065650 49765 0
1741065652 52980 0
1741065654 51295 0
1741065657 50297 0
1741065659 49559 0
1741065661 49108 0
1741065663 49037 0
1741065665 48844 0
1741065667 48721 0
1741065669 48759 0
1741065671 48559 0
1741065673 48478 0
1741065675 52358 0
1741065677 54053 0
1741065679 52579 0
1741065681 51258 0
1741065683 50284 0
1741065685 49432 0
1741065687 48810 0
1741065689 47916 0
1741065691 47284 0
1741065693 47001 0
1741065695 46826 0
1741065697 46857 0
1741065699 46726 0
1741065701 46891 0
1741065704 46984 0
1741065706 46955 0
1741065708 46789 0
1741065710 46612 0
1741065712 49874 0
1741065714 53010 0
1741065716 51634 0
1741065718 50742 0
1741065720 50099 0
1741065722 49662 0
1741065724 49245 0
1741065726 49016 0
1741065728 49057 0
1741065730 48968 0
1741065732 48823 0
1741065734 48562 0
1741065736 48636 0
1741065738 48567 0
1741065740 48477 0
1741065742 48446 0
1741065744 51423 0
1741065746 54890 0
1741065749 53973 0
1741065751 52927 0
1741065753 51612 0
1741065755 50564 0
1741065757 49436 0
1741065759 48231 0
1741065761 47934 0
1741065763 47539 0
1741065765 47192 0
1741065767 46965 0
1741065769 46913 0
1741065771 46814 0
1741065773 46839 0
1741065775 51916 0
1741065777 53924 0
1741065779 52121 0
1741065781 50367 0
1741065783 49074 0
1741065785 48200 0
1741065787 47660 0
1741065789 47482 0
1741065791 47213 0
1741065793 46978 0
1741065796 46831 0
1741065798 46765 0
1741065800 46778 0
1741065802 47939 0
1741065804 53601 0
1741065806 52382 0
1741065808 51038 0
1741065810 49985 0
1741065812 49354 0
1741065814 49023 0
1741065816 48570 0
1741065818 48374 0
1741065820 48486 0
1741065822 48378 0
1741065824 48299 0
1741065826 47584 0
1741065828 47114 0
1741065830 51990 0
1741065832 51857 0
1741065834 49982 0
1741065836 48660 0
1741065838 47751 0
1741065840 47269 0
1741065843 46942 0
1741065845 46740 0
1741065847 46833 0
1741065849 46908 0
1741065851 47030 0
1741065853 46866 0
1741065855 46759 0
1741065857 46652 0
1741065859 49391 0
1741065861 50916 0
1741065863 50121 0
1741065865 49349 0
1741065867 48750 0
1741065869 48230 0
1741065871 47927 0
1741065873 47739 0
1741065875 47671 0
1741065877 47736 0
1741065879 47974 0
1741065881 48227 0
1741065883 48426 0
1741065885 48339 0
1741065887 52934 0
1741065890 52564 0
1741065892 51068 0
1741065894 49797 0
1741065896 48756 0
1741065898 48020 0
1741065900 48060 0
1741065902 48036 0
1741065904 47908 0
1741065906 47845 0
1741065908 48109 0
1741065910 48410 0
1741065912 49188 0
1741065914 54855 0
1741065916 54796 0
1741065918 53111 0
1741065920 51953 0
1741065922 51369 0
1741065924 50547 0
1741065926 50055 0
1741065928 49976 0
1741065930 49964 0
1741065932 49870 0
1741065935 49700 0
1741065937 49463 0
1741065939 49224 0
1741065941 50322 0
1741065943 57530 0
1741065945 56159 0
1741065947 55011 0
1741065949 53811 0
1741065951 52835 0
1741065953 51751 0
1741065955 50824 0
1741065957 49988 0
1741065959 49676 0
1741065961 49445 0
1741065963 48957 0
1741065965 48102 0
1741065967 47744 0
1741065969 47326 0
1741065971 50099 0
1741065973 53682 0
1741065975 51783 0
1741065977 50017 0
1741065980 48772 0
1741065982 48142 0
1741065984 47704 0
1741065986 47272 0
1741065988 47088 0
1741065990 46729 0
1741065992 46766 0
1741065994 46738 0
1741065996 46731 0
1741065998 46665 0
1741066000 46994 0
1741066002 47076 0
1741066004 49665 0
1741066006 53542 0
1741066008 51781 0
1741066010 50561 0
1741066012 49651 0
1741066014 48994 0
1741066016 48629 0
1741066018 48539 0
1741066020 48421 0
1741066022 48326 0
1741066025 48225 0
1741066027 48271 0
1741066029 48334 0
1741066031 47968 0
1741066033 47462 0
1741066035 53561 0
1741066037 53620 0
1741066039 51150 0
1741066041 49587 0
1741066043 48579 0
1741066045 47848 0
1741066047 47412 0
1741066049 46963 0
1741066051 46821 0
1741066053 46784 0
1741066055 46894 0
1741066057 50844 0
1741066059 53200 0
1741066061 51602 0
1741066063 50308 0
1741066065 49183 0
1741066067 48495 0
1741066069 47788 0
1741066072 47387 0
1741066074 47240 0
1741066076 46952 0
1741066078 46759 0
1741066080 46696 0
1741066082 46618 0
1741066084 46740 0
1741066086 46870 0
1741066088 52128 0
1741066090 52146 0
1741066092 50675 0
1741066094 49689 0
1741066096 49303 0
1741066098 48879 0
1741066100 48156 0
1741066102 47665 0
1741066104 47301 0
1741066106 47053 0
1741066108 46860 0
1741066110 46713 0
1741066112 46588 0
1741066114 46562 0
1741066116 46552 0
1741066119 46518 0
1741066121 47159 0
1741066123 52286 0
1741066125 51770 0
1741066127 49722 0
1741066129 48671 0
1741066131 47839 0
1741066133 47440 0
1741066135 47070 0
1741066137 46842 0
1741066139 46599 0
1741066141 46572 0
1741066143 48069 0
1741066145 52521 0
1741066147 51451 0
1741066149 50482 0
1741066151 49852 0
1741066153 49430 0
1741066155 49151 0
1741066157 48927 0
1741066159 48738 0
1741066161 48502 0
1741066164 48479 0
1741066166 48205 0
1741066168 48084 0
1741066170 47518 0
1741066172 47117 0
1741066174 48638 0
1741066176 52883 0
1741066178 50739 0
1741066180 49399 0
1741066182 48482 0
1741066184 47588 0
1741066186 47138 0
1741066188 46805 0
1741066190 46673 0
1741066192 46611 0
1741066194 46447 0
1741066196 46521 0
1741066198 46529 0
1741066200 46532 0
1741066202 46537 0
1741066204 50672 0
1741066206 52117 0
1741066208 50946 0
1741066211 49904 0
1741066213 49278 0
1741066215 48930 0
1741066217 48777 0
1741066219 48538 0
1741066221 48497 0
1741066223 48513 0
1741066225 48470 0
1741066227 48380 0
1741066229 48344 0
1741066231 48386 0
1741066233 48350 0
1741066235 53488 0
1741066237 53725 0
1741066239 51487 0
1741066241 50075 0
1741066243 48965 0
1741066245 48134 0
1741066247 47665 0
1741066249 47306 0
1741066251 47269 0
1741066253 47122 0
1741066256 47077 0
1741066258 46988 0
1741066260 47057 0
1741066262 46910 0
1741066264 46843 0
1741066266 46878 0
1741066268 49727 0
1741066270 53078 0
1741066272 51534 0
1741066274 50476 0
1741066276 49985 0
1741066278 49682 0
1741066280 49416 0
1741066282 49178 0
1741066284 48816 0
1741066286 48809 0
1741066288 48754 0
1741066290 48529 0
1741066292 48483 0
1741066294 48453 0
1741066296 48316 0
1741066298 50257 0
1741066301 55701 0
1741066303 54243 0
1741066305 53418 0
1741066307 51415 0
1741066309 49759 0
1741066311 48682 0
1741066313 47906 0
1741066315 47300 0
1741066317 46942 0
1741066319 46858 0
1741066321 52184 0
1741066323 53335 0
1741066325 51350 0
1741066327 49725 0
1741066329 48775 0
1741066331 47905 0
1741066333 47328 0
1741066335 47145 0
1741066337 46943 0
1741066339 46875 0
1741066341 46866 0
1741066343 46839 0
1741066346 46857 0
1741066348 52095 0
1741066350 53559 0
1741066352 51576 0
1741066354 50612 0
1741066356 49917 0
1741066358 49420 0
1741066360 49348 0
1741066362 49194 0
1741066364 48902 0
1741066366 48806 0
1741066368 48644 0
1741066370 48482 0
1741066372 48371 0
1741066374 54189 0
1741066376 55376 0
1741066378 52528 0
1741066380 50628 0
1741066382 49190 0
1741066384 48173 0
1741066386 47711 0
1741066388 47531 0
1741066390 47195 0
1741066393 46917 0
1741066395 46912 0
1741066397 46777 0
1741066399 46790 0
1741066401 46749 0
1741066403 46953 0
1741066405 52717 0
1741066407 53104 0
1741066409 51865 0
1741066411 50910 0
1741066413 50221 0
1741066415 49662 0
1741066417 49383 0
1741066419 49370 0
1741066421 49341 0
1741066423 49337 0
1741066425 49281 0
1741066427 49158 0
1741066429 49049 0
1741066431 55369 0
1741066433 57126 0
1741066435 55517 0
1741066438 53605 0
1741066440 52009 0
1741066442 50811 0
1741066444 49718 0
1741066446 48698 0
1741066448 48076 0
1741066450 47746 0
1741066452 47282 0
1741066454 47184 0
1741066456 46987 0
1741066458 46887 0
1741066460 46870 0
1741066462 55153 0
1741066464 54649 0
1741066466 52711 0
1741066468 51577 0
1741066470 50748 0
1741066472 49922 0
1741066474 49520 0
1741066476 49016 0
1741066478 48673 0
1741066480 48820 0
1741066482 48892 0
1741066485 48888 0
1741066487 49845 0
1741066489 54977 0
1741066491 55918 0
1741066493 54188 0
1741066495 52321 0
1741066497 51064 0
1741066499 50075 0
1741066501 49483 0
1741066503 49039 0
1741066505 48734 0
1741066507 48798 0
1741066509 48697 0
1741066511 48490 0
1741066513 47860 0
1741066515 47463 0
1741066517 47212 0
1741066519 47158 0
1741066521 52655 0
1741066523 62045 0
1741066525 58363 0
1741066527 55521 0
1741066529 53428 0
1741066532 52025 0
1741066534 50924 0
1741066536 49869 0
1741066538 49320 0
1741066540 48843 0
1741066542 48390 0
1741066544 47983 0
1741066546 47764 0
1741066548 47550 0
1741066550 47536 0
1741066552 55697 0
1741066554 57907 0
1741066556 56186 0
1741066558 54190 0
1741066560 52376 0
1741066562 51057 0
1741066564 50094 0
1741066566 49561 0
1741066568 49302 0
1741066570 49005 0
1741066572 48816 0
1741066574 48691 0
1741066577 48525 0
1741066579 48320 0
1741066581 48065 0
1741066583 54111 0
1741066585 54399 0
1741066587 51952 0
1741066589 50134 0
1741066591 48858 0
1741066593 48221 0
1741066595 47771 0
1741066597 47427 0
1741066599 47234 0
1741066601 47316 0
1741066603 47200 0
1741066605 47087 0
1741066607 46923 0
1741066609 46871 0
1741066611 46782 0
1741066613 46795 0
1741066615 47337 0
1741066617 53816 0
1741066619 52733 0
1741066621 51451 0
1741066624 50489 0
1741066626 49877 0
1741066628 49780 0
1741066630 49526 0
1741066632 49308 0
1741066634 49157 0
1741066636 48983 0
1741066638 48829 0
1741066640 48827 0
1741066642 48794 0
1741066644 48788 0
1741066646 53918 0
1741066648 57944 0
1741066650 54575 0
1741066652 52003 0
1741066654 50139 0
1741066656 48859 0
1741066658 48025 0
1741066660 47671 0
1741066662 47289 0
1741066664 47107 0
1741066666 46991 0
1741066668 46877 0
1741066671 46784 0
1741066673 46845 0
1741066675 46824 0
1741066677 51160 0
1741066679 55881 0
1741066681 53267 0
1741066683 51769 0
1741066685 50845 0
1741066687 50139 0
1741066689 49665 0
1741066691 49224 0
1741066693 48908 0
1741066695 48699 0
1741066697 48600 0
1741066699 48673 0
1741066701 48852 0
1741066703 48857 0
1741066705 48830 0
1741066707 48884 0
1741066709 48901 0
1741066711 48716 0
1741066713 48602 0
1741066715 54078 0
1741066718 55297 0
1741066720 52641 0
1741066722 50747 0
1741066724 49307 0
1741066726 48380 0
1741066728 47725 0
1741066730 47229 0
1741066732 47089 0
1741066734 46889 0
1741066736 46805 0
1741066738 46846 0
1741066740 49068 0
1741066742 55546 0
1741066744 53305 0
1741066746 52021 0
1741066748 51011 0
1741066750 50314 0
1741066752 49842 0
1741066754 49501 0
1741066756 49422 0
1741066758 49214 0
1741066760 49065 0
1741066763 49065 0
1741066765 48952 0
1741066767 48844 0
1741066769 48720 0
1741066771 48659 0
1741066773 48556 0
1741066775 48497 0
1741066777 48361 0
1741066779 48362 0
1741066781 48377 0
1741066783 48326 0
1741066785 48135 0
1741066787 47884 0
1741066789 47535 0
1741066791 47144 0
1741066793 46960 0
1741066795 46896 0
1741066797 46781 0
1741066799 46676 0
1741066801 46761 0
1741066803 46748 0
1741066805 46741 0
1741066807 46767 0
1741066810 46915 0
1741066812 46760 0
1741066814 46818 0
1741066816 46795 0
1741066818 46738 0
1741066820 53524 0
1741066822 55276 0
1741066824 53087 0
1741066826 51487 0
1741066828 50492 0
1741066830 49793 0
1741066832 49311 0
1741066834 49185 0
1741066836 48842 0
1741066838 48734 0
1741066840 48672 0
1741066842 48641 0
1741066844 48558 0
1741066846 48422 0
1741066848 48367 0
1741066850 48156 0
1741066852 49428 0
1741066854 56347 0
1741066857 54493 0
1741066859 51923 0
1741066861 50058 0
1741066863 48892 0
1741066865 48027 0
1741066867 47693 0
1741066869 47467 0
1741066871 47157 0
1741066873 47058 0
1741066875 46880 0
1741066877 46735 0
1741066879 46729 0
1741066881 46741 0
1741066883 46662 0
1741066885 46624 0
1741066887 47793 0
1741066889 53758 0
1741066891 52329 0
1741066893 51178 0
1741066895 50466 0
1741066897 49870 0
1741066899 49542 0
1741066902 49370 0
1741066904 49243 0
1741066906 49052 0
1741066908 48995 0
1741066910 48973 0
1741066912 48878 0
1741066914 48721 0
1741066916 54337 0
1741066918 56070 0
1741066920 54636 0
1741066922 52967 0
1741066924 51273 0
1741066926 49629 0
1741066928 48674 0
1741066930 47905 0
1741066932 47503 0
1741066934 47082 0
1741066936 46975 0
1741066938 46867 0
1741066940 46794 0
1741066942 46720 0
1741066944 51445 0
1741066946 53089 0
1741066949 51426 0
1741066951 49806 0
1741066953 48860 0
1741066955 48054 0
1741066957 47538 0
1741066959 47242 0
1741066961 47206 0
1741066963 47012 0
1741066965 46943 0
1741066967 46912 0
1741066969 46924 0
1741066971 46912 0
1741066973 47077 0
1741066975 47431 0
1741066977 49299 0
1741066979 55346 0
1741066981 55072 0
1741066983 53086 0
1741066985 51535 0
1741066987 50459 0
1741066989 49924 0
1741066991 49338 0
1741066993 48628 0
1741066996 48013 0
1741066998 47574 0
1741067000 47302 0
1741067002 47043 0
1741067004 46965 0
1741067006 46798 0
1741067008 51213 0
1741067010 56325 0
1741067012 53617 0
1741067014 52149 0
1741067016 51146 0
1741067018 50198 0
1741067020 49582 0
1741067022 48885 0
1741067024 48453 0
1741067026 48095 0
1741067028 48287 0
1741067030 48329 0
1741067032 48471 0
1741067034 49070 0
1741067036 56475 0
1741067038 56005 0
1741067040 54154 0
1741067043 52381 0
1741067045 50754 0
1741067047 49940 0
1741067049 49444 0
1741067051 49107 0
1741067053 48725 0
1741067055 48714 0
1741067057 50669 0
1741067059 56664 0
1741067061 54409 0
1741067063 51966 0
1741067065 50115 0
1741067067 49038 0
1741067069 48352 0
1741067071 47694 0
1741067073 47392 0
1741067075 47186 0
1741067077 46950 0
1741067079 47001 0
1741067081 47052 0
1741067083 47038 0
1741067085 47011 0
1741067088 49477 0
1741067090 56313 0
1741067092 53724 0
1741067094 52076 0
1741067096 50955 0
1741067098 50230 0
1741067100 49776 0
1741067102 49437 0
1741067104 49189 0
1741067106 49013 0
1741067108 48969 0
1741067110 55921 0
1741067112 60130 0
1741067114 56608 0
1741067116 55254 0
1741067118 53984 0
1741067120 52669 0
1741067122 51274 0
1741067124 50232 0
1741067126 49598 0
1741067128 49311 0
1741067130 48688 0
1741067132 47898 0
1741067135 47585 0
1741067137 47242 0
1741067139 47052 0
1741067141 47153 0
1741067143 47028 0
1741067145 50651 0
1741067147 56897 0
1741067149 54515 0
1741067151 52687 0
1741067153 50990 0
1741067155 49604 0
1741067157 48640 0
1741067159 47911 0
1741067161 47791 0
1741067163 47508 0
1741067165 47181 0
1741067167 47104 0
1741067169 47122 0
1741067171 46902 0
1741067173 46977 0
1741067175 58514 0
1741067177 57269 0
1741067180 54608 0
1741067182 52495 0
1741067184 51162 0
1741067186 50203 0
1741067188 49811 0
1741067190 49364 0
1741067192 49083 0
1741067194 48893 0
1741067196 48809 0
1741067198 48679 0
1741067200 48201 0
1741067202 47933 0
1741067204 48037 0
1741067206 57694 0
1741067208 57452 0
1741067210 55010 0
1741067212 52520 0
1741067214 50670 0
1741067216 49470 0
1741067218 48577 0
1741067220 47912 0
1741067222 47500 0
1741067224 47348 0
1741067227 47240 0
1741067229 47170 0
1741067231 47057 0
1741067233 46933 0
1741067235 46935 0
1741067237 56281 0
1741067239 55280 0
1741067241 53126 0
1741067243 51649 0
1741067245 50781 0
1741067247 50261 0
1741067249 49797 0
1741067251 49570 0
1741067253 49501 0
1741067255 49340 0
1741067257 49096 0
1741067259 48952 0
1741067261 51463 0
1741067263 61935 0
1741067265 60001 0
1741067267 56326 0
1741067269 53553 0
1741067271 50937 0
1741067274 49878 0
1741067276 48598 0
1741067278 47939 0
1741067280 47443 0
1741067282 47249 0
1741067284 47081 0
1741067286 46993 0
1741067288 47036 0
1741067290 46986 0
1741067292 51166 0
1741067294 60816 0
1741067296 58128 0
1741067298 55282 0
1741067300 53090 0
1741067302 51633 0
1741067304 50522 0
1741067306 49992 0
1741067308 49585 0
1741067310 49268 0
1741067312 49093 0
1741067314 48993 0
1741067316 48790 0
1741067319 48761 0
1741067321 48811 0
1741067323 48767 0
1741067325 48615 0
1741067327 48478 0
1741067329 48396 0
1741067331 56400 0
1741067333 58887 0
1741067335 55327 0
1741067337 53243 0
1741067339 51078 0
1741067341 49282 0
1741067343 48466 0
1741067345 47865 0
1741067347 47524 0
1741067349 47353 0
1741067351 47101 0
1741067353 47008 0
1741067355 47080 0
1741067357 46910 0
1741067359 47203 0
1741067361 57090 0
1741067363 57527 0
1741067366 54870 0
1741067368 52899 0
1741067370 51395 0
1741067372 50386 0
1741067374 49891 0
1741067376 49584 0
1741067378 49389 0
1741067380 49301 0
1741067382 49144 0
1741067384 58929 0
1741067386 57691 0
1741067388 56069 0
1741067390 54875 0
1741067392 53251 0
1741067394 51725 0
1741067396 50635 0
1741067398 49641 0
1741067400 48949 0
1741067402 48620 0
1741067404 48490 0
1741067406 47942 0
1741067408 47655 0
1741067410 47201 0
1741067413 50937 0
1741067415 60817 0
1741067417 57715 0
1741067419 55160 0
1741067421 52863 0
1741067423 50796 0
1741067425 49403 0
1741067427 48385 0
1741067429 47770 0
1741067431 47342 0
1741067433 47111 0
1741067435 47036 0
1741067437 46770 0
1741067439 50232 0
1741067441 60104 0
1741067443 57442 0
1741067445 54663 0
1741067447 52711 0
1741067449 51392 0
1741067451 50552 0
1741067453 49935 0
1741067455 49545 0
1741067458 49121 0
1741067460 48994 0
1741067462 48824 0
1741067464 48661 0
1741067466 48556 0
1741067468 48675 0
1741067470 48734 0
1741067472 48696 0
1741067474 58885 0
1741067476 58428 0
1741067478 55286 0
1741067480 52795 0
1741067482 50818 0
1741067484 49459 0
1741067486 48510 0
1741067488 47802 0
1741067490 47359 0
1741067492 47291 0
1741067494 47118 0
1741067496 46969 0
1741067498 46879 0
1741067500 47204 0
1741067502 47069 0
1741067505 46897 0
1741067507 46826 0
1741067509 46704 0
1741067511 50112 0
1741067513 60404 0
1741067515 58956 0
1741067517 56354 0
1741067519 53906 0
1741067521 51942 0
1741067523 50765 0
1741067525 50165 0
1741067527 49759 0
1741067529 49431 0
1741067531 49306 0
1741067533 48985 0
1741067535 48901 0
1741067537 48747 0
1741067539 48649 0
1741067541 52087 0
1741067543 60455 0
1741067545 57027 0
1741067547 54634 0
1741067550 52200 0
1741067552 50397 0
1741067554 49205 0
1741067556 48366 0
1741067558 47861 0
1741067560 47583 0
1741067562 47390 0
1741067564 47265 0
1741067566 47101 0
1741067568 46981 0
1741067570 46949 0
1741067572 54709 0
1741067574 60582 0
1741067576 58132 0
1741067578 55529 0
1741067580 53112 0
1741067582 51590 0
1741067584 50453 0
1741067586 49757 0
1741067588 49445 0
1741067590 49033 0
1741067592 48890 0
1741067594 48771 0
1741067597 48608 0
1741067599 48438 0
1741067601 48316 0
1741067603 57389 0
1741067605 58260 0
1741067607 55267 0
1741067609 54071 0
1741067611 53132 0
1741067613 51090 0
1741067615 49677 0
1741067617 48651 0
1741067619 48012 0
1741067621 47736 0
1741067623 47477 0
1741067625 47241 0
1741067627 46884 0
1741067629 46777 0
1741067631 48574 0
1741067633 57560 0
1741067635 57552 0
1741067637 54830 0
1741067639 52851 0
1741067642 51674 0
1741067644 50690 0
1741067646 50097 0
1741067648 49764 0
1741067650 49531 0
1741067652 49347 0
1741067654 49237 0
1741067656 49056 0
1741067658 48894 0
1741067660 48836 0
1741067662 50909 0
1741067664 63154 0
1741067666 59486 0
1741067668 55780 0
1741067670 54505 0
1741067672 53412 0
1741067674 52261 0
1741067676 51052 0
1741067678 50225 0
1741067680 49651 0
1741067682 48667 0
1741067684 48069 0
1741067686 47509 0
1741067689 47235 0
1741067691 46938 0
1741067693 48854 0
1741067695 59104 0
1741067697 56124 0
1741067699 53961 0
1741067701 51646 0
1741067703 50012 0
1741067705 48928 0
1741067707 48156 0
1741067709 47707 0
1741067711 47243 0
1741067713 47006 0
1741067715 46940 0
1741067717 46863 0
1741067719 50206 0
1741067721 60961 0
1741067723 59421 0
1741067725 57082 0
1741067727 54521 0
1741067729 52473 0
1741067731 50833 0
1741067734 50144 0
1741067736 49613 0
1741067738 49261 0
1741067740 49094 0
1741067742 48982 0
1741067744 48666 0
1741067746 48656 0
1741067748 48599 0
1741067750 48078 0
1741067752 47457 0
1741067754 56096 0
1741067756 59513 0
1741067758 56369 0
1741067760 53822 0
1741067762 51415 0
1741067764 49528 0
1741067766 48577 0
1741067768 47990 0
1741067770 47527 0
1741067772 47175 0
1741067774 46949 0
1741067776 46934 0
1741067778 46851 0
1741067781 46767 0
1741067783 47401 0
1741067785 58548 0
1741067787 57923 0
1741067789 55129 0
1741067791 52996 0
1741067793 51461 0
1741067795 50568 0
1741067797 49851 0
1741067799 49506 0
1741067801 49617 0
1741067803 49274 0
1741067805 49077 0
1741067807 48922 0
1741067809 52285 0
1741067811 59601 0
1741067813 56612 0
1741067815 55156 0
1741067817 53569 0
1741067819 51477 0
1741067821 49827 0
1741067823 48919 0
1741067825 48138 0
1741067828 47661 0
1741067830 47367 0
1741067832 47090 0
1741067834 46927 0
1741067836 46759 0
1741067838 46649 0
1741067840 53757 0
1741067842 57591 0
1741067844 54744 0
1741067846 52757 0
1741067848 51339 0
1741067850 50525 0
1741067852 49978 0
1741067854 49737 0
1741067856 49464 0
1741067858 49205 0
1741067860 49284 0
1741067862 48969 0
1741067864 48778 0
1741067866 55204 0
1741067868 61836 0
1741067870 57603 0
1741067873 55596 0
1741067875 54297 0
1741067877 53041 0
1741067879 51820 0
1741067881 50679 0
1741067883 49719 0
1741067885 49130 0
1741067887 48544 0
1741067889 47996 0
1741067891 47517 0
1741067893 47230 0
1741067895 46866 0
1741067897 57472 0
1741067899 58911 0
1741067901 55737 0
1741067903 53664 0
1741067905 52269 0
1741067907 50969 0
1741067909 49719 0
1741067911 48830 0
1741067913 48151 0
1741067915 47704 0
1741067918 47379 0
1741067920 47174 0
1741067922 47215 0
1741067924 47152 0
1741067926 48988 0
1741067928 59444 0
1741067930 57651 0
1741067932 56021 0
1741067934 54012 0
1741067936 52256 0
1741067938 50780 0
1741067940 50112 0
1741067942 49411 0
1741067944 48960 0
1741067946 48729 0
1741067948 48666 0
1741067950 48678 0
1741067952 48477 0
1741067954 48456 0
1741067956 47978 0
1741067958 47413 0
1741067960 56783 0
1741067963 59433 0
1741067965 56492 0
1741067967 53990 0
1741067969 51723 0
1741067971 50032 0
1741067973 48893 0
1741067975 48151 0
1741067977 47602 0
1741067979 47310 0
1741067981 47360 0
1741067983 47209 0
1741067985 47023 0
1741067987 47051 0
1741067989 46840 0
1741067991 46752 0
1741067993 49102 0
1741067995 61300 0
1741067997 58787 0
1741067999 56275 0
1741068001 53716 0
1741068003 51950 0
1741068005 50690 0
1741068007 50168 0
1741068010 49733 0
1741068012 49279 0
1741068014 48897 0
1741068016 48753 0
1741068018 48641 0
1741068020 48625 0
1741068022 59782 0
1741068024 60002 0
1741068026 56889 0
1741068028 54060 0
1741068030 51806 0
1741068032 50171 0
1741068034 49278 0
1741068036 48467 0
1741068038 47858 0
1741068040 47710 0
1741068042 47428 0
1741068044 47198 0
1741068046 47111 0
1741068048 47030 0
1741068050 48317 0
1741068052 59076 0
1741068054 57028 0
1741068057 54393 0
1741068059 52552 0
1741068061 51414 0
1741068063 50677 0
1741068065 50129 0
1741068067 49709 0
1741068069 49582 0
1741068071 49328 0
1741068073 49204 0
1741068075 49154 0
1741068077 49076 0
1741068079 48949 0
1741068081 52027 0
1741068083 60027 0
1741068085 56844 0
1741068087 55586 0
1741068089 53764 0
1741068091 52041 0
1741068093 50477 0
1741068095 49193 0
1741068097 48160 0
1741068099 47752 0
1741068102 47516 0
1741068104 47394 0
1741068106 47279 0
1741068108 47033 0
1741068110 46963 0
1741068112 46871 0
1741068114 46846 0
1741068116 56320 0
1741068118 58338 0
1741068120 55319 0
1741068122 52943 0
1741068124 51415 0
1741068126 50612 0
1741068128 50255 0
1741068130 49753 0
1741068132 49408 0
1741068134 49300 0
1741068136 49015 0
1741068138 48909 0
1741068140 50408 0
1741068142 62114 0
1741068144 58599 0
1741068146 56159 0
1741068149 55064 0
1741068151 54075 0
1741068153 53074 0
1741068155 51696 0
1741068157 50780 0
1741068159 49944 0
1741068161 49522 0
1741068163 48546 0
1741068165 47884 0
1741068167 47468 0
1741068169 47196 0
1741068171 47107 0
1741068173 46983 0
1741068175 48141 0
1741068177 60156 0
1741068179 61637 0
1741068181 58481 0
1741068183 55525 0
1741068185 53387 0
1741068187 51787 0
1741068189 50847 0
1741068191 50256 0
1741068194 49675 0
1741068196 49559 0
1741068198 49397 0
1741068200 49365 0
1741068202 54961 0
1741068204 61550 0
1741068206 57816 0
1741068208 56332 0
1741068210 54861 0
1741068212 53020 0
1741068214 51639 0
1741068216 50521 0
1741068218 49828 0
1741068220 49347 0
1741068222 49063 0
1741068224 48653 0
1741068226 48438 0
1741068228 48313 0
1741068230 48084 0
1741068232 47590 0
1741068234 47337 0
1741068236 47104 0
1741068238 46901 0
1741068241 52158 0
1741068243 60241 0
1741068245 57053 0
1741068247 54790 0
1741068249 52969 0
1741068251 51058 0
1741068253 49246 0
1741068255 48298 0
1741068257 47796 0
1741068259 47560 0
1741068261 47453 0
1741068263 47228 0
1741068265 47113 0
1741068267 47216 0
1741068269 47100 0
1741068271 58173 0
1741068273 59888 0
1741068275 57874 0
1741068277 55301 0
1741068279 52951 0
1741068281 51634 0
1741068283 50483 0
1741068285 49583 0
1741068288 49129 0
1741068290 48995 0
1741068292 48872 0
1741068294 48637 0
1741068296 48538 0
1741068298 48506 0
1741068300 47811 0
1741068302 47432 0
1741068304 47206 0
1741068306 58703 0
1741068308 59487 0
1741068310 56334 0
1741068312 53935 0
1741068314 51787 0
1741068316 50294 0
1741068318 49062 0
1741068320 48335 0
1741068322 47772 0
1741068324 47445 0
1741068326 47143 0
1741068328 46990 0
1741068330 46894 0
1741068333 46781 0
1741068335 46730 0
1741068337 58134 0
1741068339 61262 0
1741068341 58758 0
1741068343 56021 0
1741068345 53731 0
1741068347 51892 0
1741068349 50708 0
1741068351 49832 0
1741068353 49393 0
1741068355 49170 0
1741068357 48941 0
1741068359 48723 0
1741068361 48670 0
1741068363 48575 0
1741068365 48525 0
1741068367 48858 0
1741068369 59843 0
1741068371 59360 0
1741068373 56143 0
1741068375 53936 0
1741068377 51788 0
1741068380 50148 0
1741068382 49000 0
1741068384 48288 0
1741068386 47547 0
1741068388 47589 0
1741068390 47284 0
1741068392 47007 0
1741068394 46945 0
1741068396 46922 0
1741068398 46841 0
1741068400 46962 0
1741068402 47065 0
1741068404 47127 0
1741068406 47123 0
1741068408 56361 0
1741068410 58545 0
1741068412 56777 0
1741068414 54696 0
1741068416 53359 0
1741068418 51436 0
1741068420 50277 0
1741068422 49595 0
1741068424 49108 0
1741068427 48832 0
1741068429 48714 0
1741068431 48497 0
1741068433 48447 0
1741068435 48514 0
1741068437 48169 0
1741068439 47666 0
1741068441 55738 0
1741068443 60816 0
1741068445 57300 0
1741068447 54882 0
1741068449 52679 0
1741068451 51021 0
1741068453 49700 0
1741068455 48718 0
1741068457 47908 0
1741068459 47617 0
1741068461 47442 0
1741068463 47133 0
1741068465 47129 0
1741068467 47111 0
1741068469 47088 0
1741068472 47081 0
1741068474 47131 0
1741068476 47323 0
1741068478 54508 0
1741068480 58653 0
1741068482 56356 0
1741068484 54627 0
1741068486 53032 0
1741068488 51666 0
1741068490 50578 0
1741068492 49846 0
1741068494 49362 0
1741068496 49045 0
1741068498 48863 0
1741068500 48680 0
1741068502 48552 0
1741068504 48499 0
1741068506 47952 0
1741068508 47729 0
1741068510 55752 0
1741068512 62411 0
1741068514 58774 0
1741068517 55847 0
1741068519 53596 0
1741068521 51641 0
1741068523 50090 0
1741068525 49059 0
1741068527 48259 0
1741068529 47783 0
1741068531 47328 0
1741068533 51130 0
1741068535 61762 0
1741068537 58903 0
1741068539 55936 0
1741068541 53639 0
1741068543 52061 0
1741068545 50835 0
1741068547 50255 0
1741068549 49894 0
1741068551 49711 0
1741068553 49478 0
1741068555 49404 0
1741068557 49254 0
1741068559 49128 0
1741068561 49083 0
1741068564 53834 0
1741068566 62513 0
1741068568 58231 0
1741068570 56028 0
1741068572 54845 0
1741068574 53169 0
1741068576 51086 0
1741068578 49329 0
1741068580 48604 0
1741068582 47951 0
1741068584 47583 0
1741068586 47308 0
1741068588 50618 0
1741068590 59955 0
1741068592 57146 0
1741068594 54572 0
1741068596 52878 0
1741068598 51308 0
1741068600 49959 0
1741068602 49150 0
1741068604 48485 0
1741068606 48018 0
1741068609 47939 0
1741068611 47622 0
1741068613 47325 0
1741068615 47313 0
1741068617 47333 0
1741068619 47251 0
1741068621 50953 0
1741068623 59235 0
1741068625 57423 0
1741068627 55509 0
1741068629 53457 0
1741068631 51857 0
1741068633 50844 0
1741068635 50054 0
1741068637 49455 0
1741068639 49247 0
1741068641 49214 0
1741068643 48330 0
1741068645 47877 0
1741068647 47650 0
1741068649 47409 0
1741068651 55181 0
1741068653 61581 0
1741068656 58048 0
1741068658 55269 0
1741068660 53437 0
1741068662 52077 0
1741068664 50858 0
1741068666 49807 0
1741068668 49208 0
1741068670 48573 0
1741068672 48152 0
1741068674 47871 0
1741068676 47897 0
1741068678 47942 0
1741068680 48146 0
1741068682 58510 0
1741068684 60001 0
1741068686 57381 0
1741068688 56083 0
1741068690 54607 0
1741068692 52866 0
1741068694 51545 0
1741068696 50417 0
1741068698 49682 0
1741068700 49455 0
1741068703 49140 0
1741068705 49066 0
1741068707 48835 0
1741068709 48742 0
1741068711 48637 0
1741068713 57632 0
1741068715 61448 0
1741068717 57800 0
1741068719 55362 0
1741068721 53521 0
1741068723 51826 0
1741068725 50354 0
1741068727 49209 0
1741068729 48421 0
1741068731 47987 0
1741068733 47622 0
1741068735 47401 0
1741068737 47330 0
1741068739 47340 0
1741068741 53680 0
1741068743 62546 0
1741068745 59232 0
1741068748 57634 0
1741068750 55420 0
1741068752 53279 0
1741068754 51906 0
1741068756 50878 0
1741068758 50034 0
1741068760 49662 0
1741068762 49361 0
1741068764 49162 0
1741068766 52255 0
1741068768 63662 0
1741068770 59230 0
1741068772 55370 0
1741068774 54533 0
1741068776 53584 0
1741068778 53241 0
1741068780 51964 0
1741068782 50421 0
1741068784 49217 0
1741068786 48473 0
1741068788 48184 0
1741068790 47807 0
1741068792 47507 0
1741068795 47438 0
1741068797 47253 0
1741068799 47247 0
1741068801 54242 0
1741068803 63499 0
1741068805 59701 0
1741068807 57262 0
1741068809 54191 0
1741068811 52575 0
1741068813 51643 0
1741068815 50966 0
1741068817 50198 0
1741068819 49764 0
1741068821 49495 0
1741068823 54006 0
1741068825 64705 0
1741068827 59968 0
1741068829 57660 0
1741068831 55791 0
1741068833 53698 0
1741068835 52029 0
1741068837 51025 0
1741068840 49988 0
1741068842 49557 0
1741068844 49070 0
1741068846 48915 0
1741068848 48976 0
1741068850 48297 0
1741068852 47843 0
1741068854 58422 0
1741068856 63143 0
1741068858 59225 0
1741068860 56534 0
1741068862 54193 0
1741068864 52008 0
1741068866 50238 0
1741068868 49125 0
1741068870 48311 0
1741068872 47771 0
1741068874 47530 0
1741068876 47316 0
1741068878 47247 0
1741068880 47281 0
1741068882 47251 0
1741068884 57955 0
1741068887 62239 0
1741068889 59338 0
1741068891 56891 0
1741068893 54406 0
1741068895 52549 0
1741068897 51432 0
1741068899 50672 0
1741068901 49982 0
1741068903 49679 0
1741068905 49440 0
1741068907 49288 0
1741068909 49183 0
1741068911 49150 0
1741068913 49152 0
1741068915 60784 0
1741068917 62086 0
1741068919 58399 0
1741068921 55813 0
1741068923 53540 0
1741068925 51566 0
1741068927 50083 0
1741068929 49164 0
1741068932 48675 0
1741068934 48466 0
1741068936 48059 0
1741068938 47847 0
1741068940 47872 0
1741068942 47756 0
1741068944 47550 0
1741068946 58368 0
1741068948 65252 0
1741068950 60484 0
1741068952 58059 0
1741068954 55836 0
1741068956 53831 0
1741068958 52135 0
1741068960 51024 0
1741068962 50210 0
1741068964 49662 0
1741068966 49207 0
1741068968 49156 0
1741068970 49051 0
1741068972 55347 0
1741068974 65400 0
1741068976 60315 0
1741068979 56521 0
1741068981 54614 0
1741068983 54046 0
1741068985 53508 0
1741068987 51943 0
1741068989 50194 0
1741068991 49036 0
1741068993 48346 0
1741068995 47924 0
1741068997 47616 0
1741068999 47467 0
1741069001 47403 0
1741069003 55763 0
1741069005 64005 0
1741069007 60620 0
1741069009 57517 0
1741069011 54825 0
1741069013 52966 0
1741069015 51634 0
1741069017 50726 0
1741069019 50332 0
1741069021 49907 0
1741069023 49616 0
1741069026 49549 0
1741069028 49411 0
1741069030 49423 0
1741069032 49237 0
1741069034 63112 0
1741069036 63192 0
1741069038 58773 0
1741069040 56083 0
1741069042 55007 0
1741069044 53995 0
1741069046 53108 0
1741069048 52027 0
1741069050 50984 0
1741069052 50100 0
1741069054 49667 0
1741069056 48777 0
1741069058 48105 0
1741069060 48033 0
1741069062 47702 0
1741069064 56881 0
1741069066 61383 0
1741069068 57796 0
1741069071 55138 0
1741069073 53291 0
1741069075 51387 0
1741069077 49962 0
1741069079 48826 0
1741069081 48847 0
1741069083 48238 0
1741069085 47819 0
1741069087 47569 0
1741069089 47410 0
1741069091 47175 0
1741069093 47147 0
1741069095 53155 0
1741069097 65535 0
1741069099 60149 0
1741069101 57916 0
1741069103 55741 0
1741069105 53531 0
1741069107 51931 0
1741069109 50764 0
1741069111 50079 0
1741069113 49586 0
1741069115 49273 0
1741069118 49013 0
1741069120 48965 0
1741069122 50757 0
1741069124 65035 0
1741069126 63564 0
1741069128 59691 0
1741069130 56815 0
1741069132 53816 0
1741069134 51809 0
1741069136 50333 0
1741069138 49269 0
1741069140 48410 0
1741069142 47964 0
1741069144 47687 0
1741069146 47455 0
1741069148 47636 0
1741069150 47358 0
1741069152 47232 0
1741069154 47179 0
1741069156 47263 0
1741069158 47186 0
1741069160 47202 0
1741069163 47276 0
1741069165 47309 0
1741069167 47435 0
1741069169 47394 0
1741069171 47459 0
1741069173 47656 0
1741069175 47879 0
1741069177 48250 0
1741069179 48579 0
1741069181 48782 0
1741069183 48905 0
1741069185 48908 0
1741069187 49660 0
1741069189 62980 0
1741069191 63162 0
1741069193 59232 0
1741069195 56391 0
1741069197 53980 0
1741069199 51504 0
1741069201 50015 0
1741069203 49013 0
1741069205 48320 0
1741069207 48097 0
1741069210 47846 0
1741069212 47699 0
1741069214 47664 0
1741069216 47394 0
1741069218 51689 0
1741069220 64366 0
1741069222 60353 0
1741069224 58207 0
1741069226 55705 0
1741069228 53534 0
1741069230 51951 0
1741069232 50853 0
1741069234 50433 0
1741069236 49906 0
1741069238 49496 0
1741069240 49517 0
1741069242 49215 0
1741069244 49062 0
1741069246 56035 0
1741069248 65535 0
1741069250 62582 0
1741069252 58185 0
1741069254 55227 0
1741069257 54228 0
1741069259 53709 0
1741069261 52928 0
1741069263 51001 0
1741069265 49340 0
1741069267 48563 0
1741069269 48100 0
1741069271 47611 0
1741069273 47395 0
1741069275 47299 0
1741069277 47148 0
1741069279 47089 0
1741069281 57304 0
1741069283 61795 0
1741069285 59045 0
1741069287 56268 0
1741069289 54026 0
1741069291 52452 0
1741069293 51383 0
1741069295 50609 0
1741069297 50123 0
1741069299 49813 0
1741069302 49732 0
1741069304 49609 0
1741069306 49417 0
1741069308 49378 0
1741069310 49370 0
1741069312 49320 0
1741069314 49225 0
1741069316 54724 0
1741069318 64248 0
1741069320 59788 0
1741069322 56419 0
1741069324 54714 0
1741069326 53922 0
1741069328 53534 0
1741069330 51774 0
1741069332 50124 0
1741069334 49022 0
1741069336 48466 0
1741069338 48159 0
1741069340 47698 0
1741069342 55585 0
1741069344 65535 0
1741069346 62856 0
1741069349 59229 0
1741069351 56239 0
1741069353 54134 0
1741069355 52704 0
1741069357 51349 0
1741069359 49994 0
1741069361 49331 0
1741069363 48442 0
1741069365 47962 0
1741069367 47588 0
1741069369 47497 0
1741069371 61765 0
1741069373 60950 0
1741069375 58418 0
1741069377 56041 0
1741069379 53878 0
1741069381 52108 0
1741069383 50904 0
1741069385 50211 0
1741069387 49743 0
1741069389 49449 0
1741069391 49183 0
1741069393 48964 0
1741069396 48813 0
1741069398 48464 0
1741069400 47940 0
1741069402 56737 0
1741069404 65535 0
1741069406 64054 0
1741069408 60003 0
1741069410 57390 0
1741069412 54979 0
1741069414 53086 0
1741069416 51292 0
1741069418 49912 0
1741069420 49084 0
1741069422 48527 0
1741069424 47962 0
1741069426 47904 0
1741069428 47672 0
1741069430 47340 0
1741069432 47173 0
1741069434 47208 0
1741069436 49576 0
1741069438 64297 0
1741069441 62209 0
1741069443 59121 0
1741069445 57178 0
1741069447 55030 0
1741069449 53101 0
1741069451 51636 0
1741069453 50759 0
1741069455 49981 0
1741069457 49644 0
1741069459 49226 0
1741069461 48926 0
1741069463 48774 0
1741069465 48627 0
1741069467 48501 0
1741069469 58620 0
1741069471 63651 0
1741069473 59738 0
1741069475 56521 0
1741069477 54307 0
1741069479 52568 0
1741069481 50995 0
1741069483 49598 0
1741069485 48716 0
1741069488 48135 0
1741069490 47875 0
1741069492 48569 0
1741069494 48051 0
1741069496 61920 0
1741069498 60972 0
1741069500 58768 0
1741069502 57263 0
1741069504 58978 0
1741069506 57196 0
1741069508 55388 0
1741069510 53532 0
1741069512 52248 0
1741069514 51173 0
1741069516 50691 0
1741069518 50426 0
1741069520 49973 0
1741069522 49645 0
1741069524 49338 0
1741069526 49095 0
1741069528 48970 0
1741069530 57349 0
1741069532 61833 0
1741069535 57715 0
1741069537 54965 0
1741069539 52552 0
1741069541 50943 0
1741069543 49714 0
1741069545 48872 0
1741069547 48202 0
1741069549 47774 0
1741069551 47527 0
1741069553 50321 0
1741069555 65159 0
1741069557 63979 0
1741069559 60614 0
1741069561 57729 0
1741069563 55257 0
1741069565 53348 0
1741069567 52084 0
1741069569 51403 0
1741069571 50700 0
1741069573 50364 0
1741069575 50179 0
1741069577 49749 0
1741069580 49523 0
1741069582 49205 0
1741069584 49145 0
1741069586 48947 0
1741069588 61782 0
1741069590 63962 0
1741069592 59395 0
1741069594 55699 0
1741069596 54703 0
1741069598 54062 0
1741069600 53592 0
1741069602 52958 0
1741069604 52209 0
1741069606 50568 0
1741069608 49489 0
1741069610 48575 0
1741069612 49316 0
1741069614 49006 0
1741069616 48427 0
1741069618 54481 0
1741069620 63774 0
1741069623 60156 0
1741069625 56932 0
1741069627 54725 0
1741069629 53021 0
1741069631 51497 0
1741069633 50131 0
1741069635 49264 0
1741069637 48521 0
1741069639 48162 0
1741069641 47771 0
1741069643 47630 0
1741069645 47695 0
1741069647 47816 0
1741069649 47725 0
1741069651 47617 0
1741069653 47689 0
1741069655 47805 0
1741069657 48238 0
1741069659 48683 0
1741069661 48972 0
1741069663 48944 0
1741069665 48965 0
1741069668 49040 0
1741069670 48943 0
1741069672 48824 0
1741069674 48466 0
1741069676 48072 0
1741069678 47708 0
1741069680 47513 0
1741069682 47371 0
1741069684 47404 0
1741069686 47335 0
1741069688 47401 0
1741069690 47367 0
1741069692 47226 0
1741069694 47240 0
1741069696 47243 0
1741069698 47312 0
1741069700 47281 0
1741069702 47266 0
1741069704 47178 0
1741069706 47153 0
1741069708 47180 0
1741069710 47224 0
1741069712 47326 0
1741069715 47453 0
1741069717 47444 0
1741069719 47864 0
1741069721 48374 0
1741069723 48722 0
1741069725 48759 0
1741069727 48937 0
1741069729 49093 0
1741069731 49129 0
1741069733 49118 0
1741069735 49060 0
1741069737 48953 0
1741069739 48898 0
1741069741 48789 0
1741069743 48280 0
1741069745 47864 0
1741069747 47781 0
1741069749 47575 0
1741069751 47436 0
1741069753 47389 0
1741069755 47350 0
1741069757 47363 0
1741069760 47439 0
1741069762 47436 0
1741069764 47504 0
1741069766 47468 0
1741069768 47536 0
1741069770 47595 0
1741069772 47504 0
1741069774 47505 0
1741069776 47450 0
1741069778 47650 0
1741069780 48181 0
1741069782 48764 0
1741069784 48962 0
1741069786 49213 0
1741069788 49168 0
1741069790 49054 0
1741069792 48981 0
1741069794 48830 0
1741069796 48835 0
1741069798 48740 0
1741069800 48664 0
1741069802 48647 0
1741069804 48643 0
1741069807 49028 0
1741069809 49250 0
1741069811 48942 0
1741069813 48358 0
1741069815 47925 0
1741069817 47584 0
1741069819 47590 0
1741069821 47434 0
1741069823 47322 0
1741069825 47229 0
1741069827 47204 0
1741069829 47420 0
1741069831 47689 0
1741069833 47724 0
1741069835 47651 0
1741069837 47711 0
1741069839 47783 0
1741069841 47887 0
1741069843 47736 0
1741069845 47729 0
1741069847 48072 0
1741069849 48538 0
1741069851 49002 0
1741069854 49237 0
1741069856 49228 0
1741069858 49210 0
1741069860 49283 0
1741069862 49266 0
1741069864 48977 0
1741069866 48887 0
1741069868 48948 0
1741069870 49004 0
1741069872 48916 0
1741069874 48812 0
1741069876 49000 0
1741069878 48862 0
1741069880 48448 0
1741069882 48116 0
1741069884 47877 0
1741069886 47774 0
1741069888 47670 0
1741069890 47537 0
1741069892 47513 0
1741069894 47520 0
1741069896 47607 0
1741069899 47634 0
1741069901 47908 0
1741069903 47855 0
1741069905 47789 0
1741069907 47607 0
1741069909 47514 0
1741069911 47587 0
1741069913 47684 0
1741069915 50148 0
1741069917 51439 0
1741069919 50936 0
1741069921 50538 0
1741069923 50214 0
1741069925 50064 0
1741069927 49927 0
1741069929 49913 0
1741069931 49832 0
1741069933 49712 0
1741069935 49764 0
1741069937 49631 0
1741069939 49601 0
1741069941 49392 0
1741069943 49303 0
1741069946 49270 0
1741069948 49220 0
1741069950 48728 0
1741069952 48422 0
1741069954 48175 0
1741069956 48133 0
1741069958 47926 0
1741069960 47988 0
1741069962 47954 0
1741069964 47992 0
1741069966 47922 0
1741069968 47888 0
1741069970 47943 0
1741069972 47827 0
1741069974 47806 0
1741069976 47816 0
1741069978 47824 0
1741069980 47837 0
1741069982 47734 0
1741069984 47687 0
1741069986 47701 0
1741069989 47914 0
1741069991 48015 0
1741069993 48100 0
1741069995 48410 0
1741069997 49139 0
1741069999 49586 0
1741070001 49919 0
1741070003 50037 0
1741070005 49811 0
1741070007 49749 0
1741070009 49671 0
1741070011 49604 0
1741070013 49518 0
1741070015 49282 0
1741070017 48830 0
1741070019 48507 0
1741070021 48351 0
1741070023 48096 0
1741070025 47764 0
1741070027 47717 0
1741070029 47722 0
1741070031 47533 0
1741070034 47534 0
1741070036 47522 0
1741070038 47509 0
1741070040 47434 0
1741070042 47397 0
1741070044 47453 0
1741070046 47654 0
1741070048 48008 0
1741070050 48184 0
1741070052 48335 0
1741070054 48536 0
1741070056 48969 0
1741070058 49147 0
1741070060 49250 0
1741070062 49403 0
1741070064 49454 0
1741070066 49429 0
1741070068 49379 0
1741070070 49250 0
1741070072 49281 0
1741070074 49422 0
1741070076 49234 0
1741070078 49337 0
1741070081 49342 0
1741070083 49186 0
1741070085 49317 0
1741070087 49016 0
1741070089 48591 0
1741070091 48213 0
1741070093 48004 0
1741070095 47961 0
1741070097 47904 0
1741070099 47990 0
1741070101 47951 0
1741070103 47918 0
1741070105 47751 0
1741070107 47671 0
1741070109 47669 0
1741070111 47683 0
1741070113 47706 0
1741070115 47718 0
1741070117 47692 0
1741070119 47752 0
1741070121 48007 0
1741070123 48305 0
1741070125 48704 0
1741070128 49128 0
1741070130 49122 0
1741070132 49239 0
1741070134 49388 0
1741070136 49295 0
1741070138 49292 0
1741070140 49418 0
1741070142 49331 0
1741070144 49272 0
1741070146 49201 0
1741070148 49180 0
1741070150 49343 0
1741070152 49313 0
1741070154 49329 0
1741070156 48746 0
1741070158 48486 0
1741070160 48275 0
1741070162 48068 0
1741070164 48064 0
1741070166 47947 0
1741070168 48129 0
1741070170 47856 0
1741070172 47813 0
1741070175 47961 0
1741070177 47917 0
1741070179 47916 0
1741070181 47832 0
1741070183 47865 0
1741070185 47659 0
1741070187 47787 0
1741070189 47719 0
1741070191 47722 0
1741070193 47784 0
1741070195 47805 0
1741070197 47941 0
1741070199 48130 0
1741070201 48478 0
1741070203 48637 0
1741070205 49221 0
1741070207 49471 0
1741070209 49398 0
1741070211 49533 0
1741070213 49477 0
1741070215 49387 0
1741070217 49363 0
1741070220 49323 0
1741070222 49461 0
1741070224 49020 0
1741070226 48563 0
1741070228 48275 0
1741070230 48296 0
1741070232 48115 0
1741070234 48049 0
1741070236 48120 0
1741070238 47779 0
1741070240 47881 0
1741070242 47953 0
1741070244 47859 0
1741070246 47853 0
1741070248 47889 0
1741070250 47813 0
1741070252 47978 0
1741070254 48062 0
1741070256 47919 0
1741070258 47857 0
1741070260 48141 0
1741070262 48214 0
1741070264 48155 0
1741070267 48121 0
1741070269 48177 0
1741070271 48538 0
1741070273 48979 0
1741070275 49285 0
1741070277 49376 0
1741070279 49470 0
1741070281 49370 0
1741070283 49353 0
1741070285 49218 0
1741070287 49253 0
1741070289 49323 0
1741070291 49232 0
1741070293 48560 0
1741070295 48165 0
1741070297 47937 0
1741070299 47822 0
1741070301 47588 0
1741070303 47493 0
1741070305 47613 0
1741070307 47824 0
1741070309 47840 0
1741070311 48267 0
1741070314 48176 0
1741070316 47898 0
1741070318 47663 0
1741070320 47820 0
1741070322 47942 0
1741070324 47880 0
1741070326 47860 0
1741070328 48101 0
1741070330 48528 0
1741070332 48915 0
1741070334 49229 0
1741070336 49223 0
1741070338 49342 0
1741070340 49374 0
1741070342 49337 0
1741070344 49319 0
1741070346 49317 0
1741070348 49372 0
1741070350 49310 0
1741070352 49094 0
1741070354 48916 0
1741070356 48906 0
1741070359 48954 0
1741070361 48835 0
1741070363 48441 0
1741070365 48250 0
1741070367 48056 0
1741070369 47775 0
1741070371 47917 0
1741070373 47818 0
1741070375 47776 0
1741070377 47771 0
1741070379 47885 0
1741070381 48065 0
1741070383 47959 0
1741070385 47868 0
1741070387 47774 0
1741070389 47705 0
1741070391 47836 0
1741070393 47813 0
1741070395 48003 0
1741070397 48434 0
1741070399 48720 0
1741070401 49086 0
1741070403 49261 0
1741070406 49307 0
1741070408 49373 0
1741070410 49468 0
1741070412 49426 0
1741070414 49362 0
1741070416 49254 0
1741070418 49307 0
1741070420 49234 0
1741070422 49227 0
1741070424 49174 0
1741070426 49164 0
1741070428 49198 0
1741070430 48874 0
1741070432 48412 0
1741070434 48193 0
1741070436 48019 0
1741070438 47886 0
1741070440 48112 0
1741070442 47877 0
1741070444 47769 0
1741070446 47734 0
1741070448 47744 0
1741070450 47730 0
1741070453 47759 0
1741070455 47850 0
1741070457 47734 0
1741070459 47641 0
1741070461 47712 0
1741070463 47755 0
1741070465 47788 0
1741070467 48000 0
1741070469 48167 0
1741070471 48203 0
1741070473 48413 0
1741070475 48745 0
1741070477 49219 0
1741070479 49577 0
1741070481 49645 0
1741070483 49665 0
1741070485 49756 0
1741070487 49602 0
1741070489 49589 0
1741070491 49735 0
1741070493 49879 0
1741070495 49801 0
1741070498 49748 0
1741070500 49306 0
1741070502 48898 0
1741070504 48479 0
1741070506 48372 0
1741070508 48223 0
1741070510 48022 0
1741070512 47961 0
1741070514 47958 0
1741070516 47997 0
1741070518 47908 0
1741070520 47952 0
1741070522 47838 0
1741070524 47754 0
1741070526 47799 0
1741070528 47985 0
1741070530 47970 0
1741070532 47923 0
1741070534 48011 0
1741070536 47892 0
1741070538 47939 0
1741070540 48061 0
1741070542 48269 0
1741070545 48531 0
1741070547 48916 0
1741070549 49216 0
1741070551 49432 0
1741070553 49480 0
1741070555 49432 0
1741070557 49530 0
1741070559 49466 0
1741070561 49644 0
1741070563 49530 0
1741070565 49376 0
1741070567 49023 0
1741070569 48495 0
1741070571 48382 0
1741070573 48131 0
1741070575 47935 0
1741070577 47818 0
1741070579 47893 0
1741070581 47870 0
1741070583 47862 0
1741070585 47771 0
1741070587 47817 0
1741070590 47897 0
1741070592 47820 0
1741070594 47830 0
1741070596 47832 0
1741070598 47842 0
1741070600 48018 0
1741070602 48168 0
1741070604 48490 0
1741070606 48913 0
1741070608 49349 0
1741070610 49420 0
1741070612 49634 0
1741070614 49647 0
1741070616 49596 0
1741070618 49536 0
1741070620 49569 0
1741070622 49473 0
1741070624 49205 0
1741070626 48993 0
1741070628 49039 0
1741070630 49060 0
1741070632 49040 0
1741070634 49035 0
1741070637 48602 0
1741070639 48318 0
1741070641 48094 0
1741070643 48029 0
1741070645 48028 0
1741070647 48188 0
1741070649 48216 0
1741070651 48007 0
1741070653 47842 0
1741070655 47925 0
1741070657 47838 0
1741070659 48287 0
1741070661 48489 0
1741070663 48318 0
1741070665 48551 0
1741070667 48640 0
1741070669 48925 0
1741070671 49310 0
1741070673 49642 0
1741070675 49725 0
1741070677 49868 0
1741070679 50100 0
1741070682 50089 0
1741070684 50142 0
1741070686 49951 0
1741070688 49765 0
1741070690 49604 0
1741070692 49538 0
1741070694 49372 0
1741070696 49295 0
1741070698 49201 0
1741070700 49152 0
1741070702 49188 0
1741070704 49054 0
1741070706 48735 0
1741070708 48650 0
1741070710 48374 0
1741070712 48165 0
1741070714 48072 0
1741070716 48059 0
1741070718 48114 0
1741070720 48124 0
1741070722 48170 0
1741070724 48210 0
1741070726 48284 0
1741070729 48337 0
1741070731 48398 0
1741070733 48473 0
1741070735 48441 0
1741070737 48408 0
1741070739 48374 0
1741070741 48766 0
1741070743 48859 0
1741070745 48887 0
1741070747 49043 0
1741070749 49523 0
1741070751 49887 0
1741070753 50080 0
1741070755 50096 0
1741070757 50201 0
1741070759 50114 0
1741070761 49931 0
1741070763 49896 0
1741070765 49969 0
1741070767 50004 0
1741070769 50027 0
1741070771 49930 0
1741070773 49541 0
1741070776 49235 0
1741070778 48886 0
1741070780 48677 0
1741070782 48522 0
1741070784 48497 0
1741070786 48351 0
1741070788 48438 0
1741070790 48330 0
1741070792 48930 0
1741070794 48642 0
1741070796 48460 0
1741070798 48321 0
1741070800 48537 0
1741070802 48355 0
1741070804 48364 0
1741070806 48345 0
1741070808 48213 0
1741070810 48133 0
1741070812 48102 0
1741070814 48284 0
1741070816 48435 0
1741070818 48669 0
1741070821 49152 0
1741070823 49491 0
1741070825 49673 0
1741070827 49932 0
1741070829 49968 0
1741070831 49940 0
1741070833 49922 0
1741070835 49746 0
1741070837 49769 0
1741070839 49710 0
1741070841 49667 0
1741070843 49267 0
1741070845 48882 0
1741070847 48777 0
1741070849 48493 0
1741070851 48430 0
1741070853 48288 0
1741070855 48305 0
1741070857 48188 0
1741070859 48186 0
1741070861 48287 0
1741070863 48274 0
1741070865 48206 0
1741070868 48176 0
1741070870 48211 0
1741070872 48386 0
1741070874 48689 0
1741070876 48868 0
1741070878 49232 0
1741070880 49638 0
1741070882 49891 0
1741070884 49848 0
1741070886 49851 0
1741070888 49932 0
1741070890 50012 0
1741070892 49893 0
1741070894 49900 0
1741070896 49801 0
1741070898 49663 0
1741070900 49724 0
1741070902 49805 0
1741070904 49735 0
1741070906 49680 0
1741070908 49727 0
1741070910 49570 0
1741070913 49073 0
1741070915 48835 0
1741070917 48731 0
1741070919 48630 0
1741070921 48721 0
1741070923 48561 0
1741070925 48454 0
1741070927 48398 0
1741070929 48441 0
1741070931 48338 0
1741070933 48349 0
1741070935 48536 0
1741070937 48416 0
1741070939 48434 0
1741070941 48480 0
1741070943 48792 0
1741070945 49184 0
1741070947 49844 0
1741070949 50144 0
1741070951 50371 0
1741070953 50157 0
1741070955 50048 0
1741070957 49958 0
1741070960 50092 0
1741070962 49872 0
1741070964 49829 0
1741070966 49797 0
1741070968 49732 0
1741070970 49715 0
1741070972 49712 0
1741070974 49893 0
1741070976 49910 0
1741070978 49841 0
1741070980 49657 0
1741070982 49142 0
1741070984 48615 0
1741070986 48474 0
1741070988 48390 0
1741070990 48270 0
1741070992 48217 0
1741070994 48238 0
1741070996 48301 0
1741070998 48251 0
1741071000 48308 0
1741071002 48425 0
1741071004 48539 0
1741071007 48748 0
1741071009 48903 0
1741071011 48766 0
1741071013 48563 0
1741071015 48502 0
1741071017 48400 0
1741071019 48442 0
1741071021 48449 0
1741071023 48665 0
1741071025 48960 0
1741071027 49612 0
1741071029 49744 0
1741071031 49817 0
1741071033 49943 0
1741071035 49888 0
1741071037 51907 0
1741071039 52318 0
1741071041 51786 0
1741071043 51261 0
1741071045 50870 0
1741071047 50630 0
1741071049 50086 0
1741071051 49614 0
1741071054 49190 0
1741071056 48854 0
1741071058 48713 0
1741071060 48392 0
1741071062 48179 0
1741071064 48085 0
1741071066 48020 0
1741071068 48183 0
1741071070 48278 0
1741071072 48275 0
1741071074 48347 0
1741071076 48421 0
1741071078 48291 0
1741071080 48351 0
1741071082 48398 0
1741071084 48394 0
1741071086 48348 0
1741071088 48593 0
1741071090 48742 0
1741071092 49171 0
1741071094 49809 0
1741071096 50025 0
1741071099 50178 0
1741071101 50279 0
1741071103 50192 0
1741071105 50149 0
1741071107 49993 0
1741071109 49893 0
1741071111 49804 0
1741071113 49639 0
1741071115 49649 0
1741071117 49471 0
1741071119 49052 0
1741071121 48761 0
1741071123 48557 0
1741071125 48487 0
1741071127 48451 0
1741071129 48392 0
1741071131 48189 0
1741071133 48015 0
1741071135 47956 0
1741071137 47942 0
1741071139 48134 0
1741071141 48309 0
1741071144 48267 0
1741071146 48418 0
1741071148 48588 0
1741071150 48725 0
1741071152 48872 0
1741071154 49252 0
1741071156 49741 0
1741071158 49922 0
1741071160 50117 0
1741071162 50146 0
1741071164 49874 0
1741071166 49812 0
1741071168 49767 0
1741071170 49561 0
1741071172 49493 0
1741071174 49652 0
1741071176 49695 0
1741071178 49597 0
1741071180 49558 0
1741071182 49491 0
1741071184 49408 0
1741071186 49141 0
1741071188 48979 0
1741071191 48775 0
1741071193 48572 0
1741071195 48439 0
1741071197 48325 0
1741071199 48276 0
1741071201 48269 0
1741071203 48273 0
1741071205 48170 0
1741071207 48342 0
1741071209 48414 0
1741071211 48328 0
1741071213 48551 0
1741071215 48551 0
1741071217 48851 0
1741071219 49108 0
1741071221 49899 0
1741071223 49977 0
1741071225 49929 0
1741071227 49921 0
1741071229 49736 0
1741071231 49842 0
1741071233 49758 0
1741071235 49656 0
1741071238 49510 0
1741071240 49588 0
1741071242 49547 0
1741071244 49680 0
1741071246 49625 0
1741071248 49682 0
1741071250 49739 0
1741071252 49647 0
1741071254 49439 0
1741071256 49068 0
1741071258 48808 0
1741071260 48881 0
1741071262 48733 0
1741071264 48615 0
1741071266 48580 0
1741071268 48647 0
1741071270 48643 0
1741071272 49297 0
1741071274 49163 0
1741071276 49037 0
1741071278 48848 0
1741071280 49135 0
1741071283 49038 0
1741071285 49108 0
1741071287 49200 0
1741071289 49156 0
1741071291 49151 0
1741071293 49189 0
1741071295 49306 0
1741071297 49498 0
1741071299 49736 0
1741071301 49964 0
1741071303 50006 0
1741071305 50095 0
1741071307 50179 0
1741071309 50278 0
1741071311 50150 0
1741071313 49914 0
1741071315 50026 0
1741071317 49807 0
1741071319 49658 0
1741071321 49756 0
1741071323 49387 0
1741071325 48898 0
1741071327 48785 0
1741071330 48575 0
1741071332 48292 0
1741071334 48290 0
1741071336 48241 0
1741071338 48143 0
1741071340 48306 0
1741071342 48433 0
1741071344 48134 0
1741071346 48063 0
1741071348 48111 0
1741071350 48017 0
1741071352 47925 0
1741071354 47893 0
1741071356 47869 0
1741071358 47983 0
1741071360 48001 0
1741071362 47967 0
1741071364 48028 0
1741071366 48266 0
1741071368 48702 0
1741071370 49130 0
1741071372 49403 0
1741071374 49573 0
1741071377 49620 0
1741071379 49638 0
1741071381 49568 0
1741071383 49545 0
1741071385 49341 0
1741071387 49420 0
1741071389 49345 0
1741071391 49265 0
1741071393 48835 0
1741071395 48390 0
1741071397 48101 0
1741071399 48104 0
1741071401 48233 0
1741071403 48153 0
1741071405 48071 0
1741071407 48190 0
1741071409 48055 0
1741071411 48093 0
1741071413 47988 0
1741071415 47947 0
1741071417 47885 0
1741071419 47898 0
1741071421 47977 0
1741071424 47959 0
1741071426 48110 0
1741071428 48314 0
1741071430 48816 0
1741071432 49141 0
1741071434 49422 0
1741071436 49537 0
1741071438 49523 0
1741071440 49566 0
1741071442 49594 0
1741071444 49548 0
1741071446 49405 0
1741071448 49496 0
1741071450 49421 0
1741071452 49744 0
1741071454 49828 0
1741071456 49749 0
1741071458 49753 0
1741071460 49615 0
1741071462 49015 0
1741071464 48592 0
1741071466 48402 0
1741071469 48107 0
1741071471 48001 0
1741071473 47937 0
1741071475 48080 0
1741071477 48133 0
1741071479 48047 0
1741071481 48085 0
1741071483 47947 0
1741071485 47982 0
1741071487 48066 0
1741071489 48216 0
1741071491 48139 0
1741071493 48269 0
1741071495 48802 0
1741071497 49175 0
1741071499 49433 0
1741071501 49760 0
1741071503 49830 0
1741071505 49842 0
1741071507 49797 0
1741071509 49838 0
1741071511 49557 0
1741071513 49576 0
1741071516 49605 0
1741071518 49720 0
1741071520 49712 0
1741071522 49842 0
1741071524 49632 0
1741071526 49851 0
1741071528 49852 0
1741071530 49367 0
1741071532 48874 0
1741071534 48658 0
1741071536 48424 0
1741071538 48317 0
1741071540 48155 0
1741071542 48067 0
1741071544 47970 0
1741071546 47996 0
1741071548 48215 0
1741071550 48148 0
1741071552 48142 0
1741071554 48044 0
1741071556 48048 0
1741071558 48126 0
1741071560 48229 0
1741071563 48276 0
1741071565 48165 0
1741071567 48186 0
1741071569 48267 0
1741071571 48517 0
1741071573 48947 0
1741071575 49438 0
1741071577 49754 0
1741071579 49944 0
1741071581 50165 0
1741071583 50038 0
1741071585 49958 0
1741071587 49924 0
1741071589 49978 0
1741071591 49727 0
1741071593 49748 0
1741071595 49728 0
1741071597 49543 0
1741071599 49092 0
1741071601 48684 0
1741071603 48536 0
1741071605 48431 0
1741071608 48397 0
1741071610 48527 0
1741071612 48509 0
1741071614 48672 0
1741071616 48542 0
1741071618 48360 0
1741071620 48279 0
1741071622 48267 0
1741071624 48248 0
1741071626 48186 0
1741071628 48294 0
1741071630 48378 0
1741071632 48337 0
1741071634 48224 0
1741071636 48337 0
1741071638 48299 0
1741071640 48683 0
1741071642 49073 0
1741071644 49414 0
1741071646 49829 0
1741071648 49860 0
1741071650 50034 0
1741071652 49991 0
1741071655 49865 0
1741071657 49899 0
1741071659 49776 0
1741071661 49827 0
1741071663 49802 0
1741071665 49790 0
1741071667 49729 0
1741071669 49364 0
1741071671 49142 0
1741071673 48870 0
1741071675 48882 0
1741071677 48589 0
1741071679 48607 0
1741071681 48513 0
1741071683 48401 0
1741071685 48440 0
1741071687 48425 0
1741071689 48508 0
1741071691 48673 0
1741071693 48732 0
1741071695 48707 0
1741071697 48900 0
1741071700 49106 0
1741071702 49501 0
1741071704 49696 0
1741071706 49777 0
1741071708 49719 0
1741071710 49848 0
1741071712 49756 0
1741071714 49750 0
1741071716 49872 0
1741071718 49939 0
1741071720 49894 0
1741071722 49699 0
1741071724 49603 0
1741071726 49639 0
1741071728 49713 0
1741071730 49716 0
1741071732 49770 0
1741071734 49775 0
1741071736 49244 0
1741071738 48986 0
1741071740 48906 0
1741071742 48642 0
1741071744 48462 0
1741071747 48271 0
1741071749 48303 0
1741071751 49153 0
1741071753 48961 0
1741071755 48830 0
1741071757 48547 0
1741071759 48363 0
1741071761 48530 0
1741071763 48427 0
1741071765 48424 0
1741071767 48691 0
1741071769 49030 0
1741071771 49625 0
1741071773 49927 0
1741071775 49922 0
1741071777 49996 0
1741071779 49899 0
1741071781 49845 0
1741071783 49817 0
1741071785 49751 0
1741071787 49665 0
1741071789 49702 0
1741071791 49729 0
1741071794 49755 0
1741071796 49735 0
1741071798 49881 0
1741071800 49665 0
1741071802 50009 0
1741071804 50022 0
1741071806 49610 0
1741071808 49274 0
1741071810 48963 0
1741071812 48689 0
1741071814 48823 0
1741071816 48861 0
1741071818 49176 0
1741071820 49257 0
1741071822 50268 0
1741071824 52176 0
1741071826 52676 0
1741071828 51958 0
1741071830 51329 0
1741071832 50580 0
1741071834 49971 0
1741071836 49787 0
1741071839 49493 0
1741071841 49329 0
1741071843 49253 0
1741071845 49505 0
1741071847 49754 0
1741071849 50180 0
1741071851 50163 0
1741071853 50135 0
1741071855 50167 0
1741071857 50238 0
1741071859 50092 0
1741071861 50170 0
1741071863 50079 0
1741071865 49965 0
1741071867 49864 0
1741071869 49829 0
1741071871 49695 0
1741071873 49648 0
1741071875 49091 0
1741071877 48640 0
1741071879 48408 0
1741071881 48548 0
1741071884 48392 0
1741071886 48247 0
1741071888 48186 0
1741071890 48156 0
1741071892 48124 0
1741071894 48048 0
1741071896 48038 0
1741071898 48073 0
1741071900 47937 0
1741071902 47936 0
1741071904 47897 0
1741071906 47901 0
1741071908 47926 0
1741071910 48003 0
1741071912 48194 0
1741071914 48259 0
1741071916 48537 0
1741071918 48785 0
1741071920 49180 0
1741071922 49554 0
1741071924 49685 0
1741071926 49793 0
1741071928 49668 0
1741071931 49699 0
1741071933 49771 0
1741071935 49792 0
1741071937 57235 0
1741071939 60820 0
1741071941 57250 0
1741071943 55040 0
1741071945 52940 0
1741071947 51315 0
1741071949 50200 0
1741071951 49474 0
1741071953 48890 0
1741071955 48476 0
1741071957 48272 0
1741071959 48142 0
1741071961 48217 0
1741071963 48049 0
1741071965 48133 0
1741071967 48171 0
1741071969 48158 0
1741071972 48104 0
1741071974 48363 0
1741071976 48695 0
1741071978 49112 0
1741071980 49540 0
1741071982 49790 0
1741071984 49884 0
1741071986 50017 0
1741071988 50025 0
1741071990 50058 0
1741071992 50054 0
1741071994 50171 0
1741071996 50197 0
1741071998 50243 0
1741072000 50332 0
1741072002 50094 0
1741072004 50015 0
1741072006 49868 0
1741072008 49941 0
1741072010 49638 0
1741072012 49259 0
1741072014 48993 0
1741072016 48933 0
1741072019 48634 0
1741072021 48728 0
1741072023 48617 0
1741072025 48378 0
1741072027 48359 0
1741072029 48378 0
1741072031 48293 0
1741072033 48306 0
1741072035 48518 0
1741072037 48369 0
1741072039 48340 0
1741072041 48772 0
1741072043 49299 0
1741072045 49801 0
1741072047 50064 0
1741072049 50133 0
1741072051 50166 0
1741072053 50203 0
1741072055 50140 0
1741072057 50017 0
1741072059 49939 0
1741072061 50000 0
1741072063 49804 0
1741072066 49732 0
1741072068 49765 0
1741072070 49739 0
1741072072 49768 0
1741072074 49633 0
1741072076 49606 0
1741072078 49495 0
1741072080 49271 0
1741072082 48849 0
1741072084 48671 0
1741072086 48563 0
1741072088 48576 0
1741072090 48409 0
1741072092 48163 0
1741072094 47975 0
1741072096 48231 0
1741072098 48227 0
1741072100 48167 0
1741072102 48105 0
1741072104 48311 0
1741072106 48807 0
1741072108 48853 0
1741072110 49083 0
1741072113 49138 0
1741072115 49101 0
1741072117 49016 0
1741072119 49026 0
1741072121 49647 0
1741072123 49794 0
1741072125 50058 0
1741072127 50178 0
1741072129 50189 0
1741072131 50288 0
1741072133 50104 0
1741072135 50170 0
1741072137 50501 0
1741072139 50316 0
1741072141 49989 0
1741072143 49963 0
1741072145 49790 0
1741072147 49854 0
1741072149 49542 0
1741072151 49125 0
1741072153 48794 0
1741072155 48807 0
1741072158 48724 0
1741072160 48707 0
1741072162 48659 0
1741072164 48596 0
1741072166 48802 0
1741072168 48791 0
1741072170 48579 0
1741072172 48414 0
1741072174 48466 0
1741072176 48496 0
1741072178 48526 0
1741072180 48633 0
1741072182 48571 0
1741072184 48635 0
1741072186 48654 0
1741072188 49452 0
1741072190 50886 0
1741072192 52039 0
1741072194 53351 0
1741072196 52967 0
1741072198 53094 0
1741072200 53586 0
1741072202 53074 0
1741072205 52855 0
1741072207 52886 0
1741072209 53452 0
1741072211 54367 0
1741072213 54453 0
1741072215 54536 0
1741072217 54407 0
1741072219 53761 0
1741072221 53381 0
1741072223 53329 0
1741072225 52953 0
1741072227 52496 0
1741072229 53261 0
1741072231 53947 0
1741072233 55993 0
1741072235 57041 0
1741072237 56596 0
1741072239 56027 0
1741072241 55789 0
1741072243 55169 0
1741072245 55328 0
1741072247 55321 0
1741072250 55319 0
1741072252 56489 0
1741072254 55523 0
1741072256 54791 0
1741072258 55900 0
1741072260 55197 0
1741072262 54186 0
1741072264 53558 0
1741072266 53203 0
1741072268 53590 0
1741072270 53521 0
1741072272 53716 0
1741072274 53877 0
1741072276 54680 0
1741072278 55148 0
1741072280 54907 0
1741072282 54978 0
1741072284 54476 0
1741072286 53618 0
1741072288 52484 0
1741072290 51709 0
1741072292 51594 0
1741072295 51817 0
1741072297 54768 0
1741072299 54395 0
1741072301 54926 0
1741072303 56038 0
1741072305 56305 0
1741072307 55590 0
1741072309 55054 0
1741072311 54557 0
1741072313 54353 0
1741072315 53488 0
1741072317 52928 0
1741072319 54183 0
1741072321 53557 0
1741072323 53530 0
1741072325 54622 0
1741072327 54324 0
1741072329 54502 0
1741072331 56508 0
1741072333 56727 0
1741072335 56122 0
1741072337 56995 0
1741072339 56786 0
1741072342 57161 0
1741072344 55536 0
1741072346 55308 0
1741072348 55238 0
1741072350 54644 0
1741072352 55067 0
1741072354 55402 0
1741072356 55108 0
1741072358 53337 0
1741072360 52654 0
1741072362 52576 0
1741072364 52135 0
1741072366 51645 0
1741072368 51507 0
1741072370 51153 0
1741072372 51443 0
1741072374 50974 0
1741072376 51136 0
1741072378 51542 0
1741072380 52745 0
1741072382 53478 0
1741072384 53695 0
1741072387 53993 0
1741072389 53854 0
1741072391 53994 0
1741072393 53879 0
1741072395 53585 0
1741072397 54270 0
1741072399 58454 0
1741072401 58180 0
1741072403 57779 0
1741072405 57792 0
1741072407 57029 0
1741072409 56948 0
1741072411 57020 0
1741072413 56853 0
1741072415 56612 0
1741072417 56574 0
1741072419 56193 0
1741072421 56387 0
1741072423 55490 0
1741072425 54883 0
1741072427 55183 0
1741072429 54316 0
1741072431 53927 0
1741072434 54450 0
1741072436 53724 0
1741072438 53148 0
1741072440 52540 0
1741072442 52684 0
1741072444 52349 0
1741072446 52491 0
1741072448 53916 0
1741072450 54325 0
1741072452 53801 0
1741072454 53187 0
1741072456 52815 0
1741072458 52187 0
1741072460 52501 0
1741072462 52162 0
1741072464 52043 0
1741072466 51899 0
1741072468 51765 0
1741072470 51602 0
1741072472 51839 0
1741072474 51587 0
1741072476 51342 0
1741072478 51605 0
1741072481 51656 0
1741072483 51315 0
1741072485 51332 0
1741072487 51211 0
1741072489 51021 0
1741072491 51010 0
1741072493 50479 0
1741072495 50092 0
1741072497 49963 0
1741072499 49936 0
1741072501 49737 0
1741072503 49740 0
1741072505 49920 0
1741072507 50023 0
1741072509 50064 0
1741072511 49905 0
1741072513 49716 0
1741072515 49820 0
1741072517 49906 0
1741072519 50264 0
1741072521 50701 0
1741072523 51139 0
1741072526 51183 0
1741072528 51262 0
1741072530 51206 0
1741072532 51244 0
1741072534 51212 0
1741072536 51115 0
1741072538 51117 0
1741072540 51295 0
1741072542 51500 0
1741072544 51632 0
1741072546 52221 0
1741072548 52483 0
1741072550 52858 0
1741072552 53717 0
1741072554 53805 0
1741072556 54199 0
1741072558 54248 0
1741072560 53423 0
1741072562 52070 0
1741072564 51358 0
1741072566 50943 0
1741072568 50619 0
1741072570 50359 0
1741072573 50100 0
1741072575 50014 0
1741072577 49983 0
1741072579 49746 0
1741072581 49644 0
1741072583 49759 0
1741072585 49802 0
1741072587 50038 0
1741072589 50437 0
1741072591 50877 0
1741072593 51153 0
1741072595 51229 0
1741072597 51210 0
1741072599 51122 0
1741072601 51361 0
1741072603 51235 0
1741072605 51314 0
1741072607 51142 0
1741072609 51119 0
1741072611 50963 0
1741072613 50916 0
1741072615 51122 0
1741072618 51024 0
1741072620 50906 0
1741072622 50969 0
1741072624 51145 0
1741072626 51245 0
1741072628 51427 0
1741072630 50958 0
1741072632 50457 0
1741072634 50101 0
1741072636 49987 0
1741072638 49893 0
1741072640 49731 0
1741072642 49656 0
1741072644 49613 0
1741072646 49558 0
1741072648 49566 0
1741072650 49575 0
1741072652 49641 0
1741072654 49715 0
1741072656 49687 0
1741072658 49719 0
1741072660 49953 0
1741072662 50106 0
1741072665 50253 0
1741072667 50577 0
1741072669 50859 0
1741072671 51137 0
1741072673 51172 0
1741072675 51266 0
1741072677 51243 0
1741072679 51215 0
1741072681 51251 0
1741072683 51197 0
1741072685 51181 0
1741072687 51125 0
1741072689 50977 0
1741072691 51038 0
1741072693 51156 0
1741072695 51072 0
1741072697 50868 0
1741072699 50497 0
1741072701 50233 0
1741072703 50102 0
1741072705 49895 0
1741072707 49882 0
1741072709 49822 0
1741072712 50335 0
1741072714 50113 0
1741072716 49887 0
1741072718 49677 0
1741072720 49643 0
1741072722 49884 0
1741072724 49831 0
1741072726 49750 0
1741072728 49732 0
1741072730 49635 0
1741072732 49801 0
1741072734 49998 0
1741072736 50332 0
1741072738 50773 0
1741072740 51140 0
1741072742 51193 0
1741072744 51331 0
1741072746 51401 0
1741072748 51604 0
1741072750 51473 0
1741072752 51272 0
1741072754 51241 0
1741072757 51112 0
1741072759 51064 0
1741072761 51211 0
1741072763 51184 0
1741072765 51100 0
1741072767 51013 0
1741072769 50468 0
1741072771 50064 0
1741072773 49882 0
1741072775 49857 0
1741072777 49624 0
1741072779 49619 0
1741072781 49857 0
1741072783 49712 0
1741072785 49526 0
1741072787 49605 0
1741072789 49611 0
1741072791 49690 0
1741072793 49959 0
1741072795 50399 0
1741072797 50669 0
1741072799 50852 0
1741072801 50901 0
1741072804 51051 0
1741072806 51112 0
1741072808 51345 0
1741072810 51239 0
1741072812 51131 0
1741072814 51084 0
1741072816 50987 0
1741072818 50925 0
1741072820 50973 0
1741072822 50862 0
1741072824 50966 0
1741072826 51096 0
1741072828 51456 0
1741072830 52313 0
1741072832 53380 0
1741072834 54377 0
1741072836 53671 0
1741072838 52341 0
1741072840 51786 0
1741072842 51063 0
1741072844 50611 0
1741072846 50205 0
1741072848 49941 0
1741072851 49643 0
1741072853 49477 0
1741072855 49499 0
1741072857 49654 0
1741072859 49744 0
1741072861 49904 0
1741072863 50224 0
1741072865 50595 0
1741072867 50977 0
1741072869 51243 0
1741072871 51197 0
1741072873 51169 0
1741072875 51132 0
1741072877 50935 0
1741072879 50973 0
1741072881 50800 0
1741072883 50596 0
1741072885 50630 0
1741072887 50706 0
1741072889 50591 0
1741072891 50442 0
1741072893 50536 0
1741072896 50635 0
1741072898 50610 0
1741072900 50662 0
1741072902 51091 0
1741072904 51109 0
1741072906 50463 0
1741072908 50064 0
1741072910 49741 0
1741072912 49718 0
1741072914 49575 0
1741072916 49488 0
1741072918 49504 0
1741072920 49249 0
1741072922 49217 0
1741072924 49186 0
1741072926 49195 0
1741072928 49405 0
1741072930 49408 0
1741072932 49344 0
1741072934 49425 0
1741072936 49468 0
1741072938 49724 0
1741072940 49955 0
1741072943 50270 0
1741072945 50494 0
1741072947 50698 0
1741072949 50881 0
1741072951 50932 0
1741072953 50802 0
1741072955 50814 0
1741072957 50663 0
1741072959 50765 0
1741072961 50944 0
1741072963 50573 0
1741072965 50613 0
1741072967 50527 0
1741072969 50564 0
1741072971 50506 0
1741072973 50071 0
1741072975 49676 0
1741072977 49406 0
1741072979 49214 0
1741072981 49122 0
1741072983 49203 0
1741072985 49186 0
1741072987 49309 0
1741072990 49324 0
1741072992 49466 0
1741072994 49376 0
1741072996 49445 0
1741072998 49155 0
1741073000 49103 0
1741073002 48926 0
1741073004 48825 0
1741073006 48912 0
1741073008 49118 0
1741073010 49193 0
1741073012 49549 0
1741073014 49966 0
1741073016 50297 0
1741073018 50465 0
1741073020 50868 0
1741073022 50731 0
1741073024 50632 0
1741073026 50637 0
1741073028 50564 0
1741073030 50542 0
1741073032 50330 0
1741073035 50363 0
1741073037 50342 0
1741073039 50312 0
1741073041 50485 0
1741073043 50008 0
1741073045 49737 0
1741073047 49633 0
1741073049 49504 0
1741073051 49319 0
1741073053 49163 0
1741073055 49273 0
1741073057 49145 0
1741073059 49015 0
1741073061 49228 0
1741073063 49134 0
1741073065 49233 0
1741073067 49368 0
1741073069 49556 0
1741073071 50026 0
1741073073 50497 0
1741073075 50748 0
1741073077 50731 0
1741073079 50954 0
1741073082 51097 0
1741073084 50995 0
1741073086 50873 0
1741073088 50673 0
1741073090 50510 0
1741073092 50461 0
1741073094 50492 0
1741073096 50576 0
1741073098 50476 0
1741073100 50455 0
1741073102 50419 0
1741073104 50498 0
1741073106 50468 0
1741073108 50509 0
1741073110 50446 0
1741073112 50007 0
1741073114 49656 0
1741073116 49302 0
1741073118 49138 0
1741073120 48979 0
1741073122 49018 0
1741073124 48968 0
1741073126 49103 0
1741073129 49216 0
1741073131 49176 0
1741073133 49307 0
1741073135 49315 0
1741073137 49363 0
1741073139 49414 0
1741073141 49944 0
1741073143 50357 0
1741073145 50511 0
1741073147 50567 0
1741073149 50654 0
1741073151 50616 0
1741073153 50508 0
1741073155 50494 0
1741073157 50487 0
1741073159 50378 0
1741073161 50480 0
1741073163 50442 0
1741073165 50425 0
1741073167 50504 0
1741073169 50535 0
1741073171 50317 0
1741073174 50040 0
1741073176 50186 0
1741073178 50207 0
1741073180 49823 0
1741073182 49492 0
1741073184 49097 0
1741073186 48978 0
1741073188 48986 0
1741073190 48872 0
1741073192 49366 0
1741073194 49273 0
1741073196 49195 0
1741073198 49034 0
1741073200 48988 0
1741073202 49028 0
1741073204 49023 0
1741073206 48897 0
1741073208 48968 0
1741073210 48863 0
1741073212 49021 0
1741073214 49115 0
1741073216 49431 0
1741073218 49651 0
1741073221 50020 0
1741073223 50419 0
1741073225 50613 0
1741073227 50776 0
1741073229 50886 0
1741073231 50618 0
1741073233 50753 0
1741073235 50893 0
1741073237 50656 0
1741073239 50627 0
1741073241 50434 0
1741073243 50415 0
1741073245 50318 0
1741073247 50332 0
1741073249 49732 0
1741073251 49473 0
1741073253 49250 0
1741073255 49153 0
1741073257 49027 0
1741073259 49029 0
1741073261 49177 0
1741073263 49124 0
1741073265 49187 0
1741073268 49110 0
1741073270 49093 0
1741073272 49013 0
1741073274 48895 0
1741073276 48905 0
1741073278 48926 0
1741073280 48699 0
1741073282 48654 0
1741073284 48673 0
1741073286 48707 0
1741073288 49381 0
1741073290 49878 0
1741073292 50302 0
1741073294 50453 0
1741073296 50806 0
1741073298 50684 0
1741073300 50675 0
1741073302 50482 0
1741073304 50562 0
1741073306 50666 0
1741073309 50573 0
1741073311 50370 0
1741073313 50409 0
1741073315 50460 0
1741073317 50072 0
1741073319 49731 0
1741073321 49712 0
1741073323 49495 0
1741073325 49345 0
1741073327 49153 0
1741073329 48995 0
1741073331 49102 0
1741073333 49007 0
1741073335 49097 0
1741073337 49171 0
1741073339 49215 0
1741073341 49129 0
1741073343 49121 0
1741073345 49512 0
1741073347 49960 0
1741073349 50480 0
1741073351 50715 0
1741073353 50714 0
1741073356 50883 0
1741073358 50919 0
1741073360 50861 0
1741073362 51103 0
1741073364 50880 0
1741073366 50824 0
1741073368 50827 0
1741073370 50625 0
1741073372 50480 0
1741073374 50578 0
1741073376 50717 0
1741073378 50750 0
1741073380 50800 0
1741073382 50922 0
1741073384 51023 0
1741073386 50318 0
1741073388 49907 0
1741073390 49596 0
1741073392 49431 0
1741073394 49448 0
1741073396 49324 0
1741073398 49372 0
1741073400 49333 0
1741073403 49321 0
1741073405 49182 0
1741073407 49373 0
1741073409 49480 0
1741073411 49528 0
1741073413 49818 0
1741073415 50054 0
1741073417 50415 0
1741073419 50691 0
1741073421 50815 0
1741073423 50905 0
1741073425 50862 0
1741073427 50897 0
1741073429 50738 0
1741073431 50662 0
1741073433 50573 0
1741073435 50606 0
1741073437 50457 0
1741073439 50416 0
1741073441 50494 0
1741073443 50336 0
1741073445 50344 0
1741073448 50390 0
1741073450 50532 0
1741073452 50409 0
1741073454 50321 0
1741073456 50046 0
1741073458 49622 0
1741073460 49731 0
1741073462 50195 0
1741073464 50584 0
1741073466 50301 0
1741073468 50104 0
1741073470 49945 0
1741073472 49653 0
1741073474 49612 0
1741073476 49479 0
1741073478 49244 0
1741073480 49336 0
1741073482 49541 0
1741073484 50010 0
1741073486 50677 0
1741073488 50866 0
1741073490 50999 0
1741073492 51111 0
1741073495 51412 0
1741073497 51466 0
1741073499 51758 0
1741073501 51788 0
1741073503 51813 0
1741073505 52476 0
1741073507 52345 0
1741073509 52243 0
1741073511 51862 0
1741073513 51456 0
1741073515 51213 0
1741073517 51045 0
1741073519 50928 0
1741073521 50847 0
1741073523 50635 0
1741073525 50564 0
1741073527 50282 0
1741073529 50085 0
1741073531 50017 0
1741073533 49713 0
1741073535 49843 0
1741073537 49681 0
1741073540 49561 0
1741073542 49231 0
1741073544 49254 0
1741073546 49353 0
1741073548 49464 0
1741073550 49478 0
1741073552 49476 0
1741073554 49526 0
1741073556 49565 0
1741073558 49779 0
1741073560 50312 0
1741073562 50904 0
1741073564 51035 0
1741073566 51102 0
1741073568 50932 0
1741073570 50933 0
1741073572 50817 0
1741073574 50769 0
1741073576 50745 0
1741073578 50694 0
1741073580 50624 0
1741073582 50652 0
1741073584 50648 0
1741073587 50708 0
1741073589 50780 0
1741073591 50927 0
1741073593 50476 0
1741073595 50117 0
1741073597 49694 0
1741073599 49546 0
1741073601 49487 0
1741073603 49416 0
1741073605 49272 0
1741073607 49271 0
1741073609 49123 0
1741073611 49063 0
1741073613 49092 0
1741073615 49177 0
1741073617 49269 0
1741073619 49469 0
1741073621 50023 0
1741073623 50349 0
1741073625 50669 0
1741073627 50686 0
1741073629 50812 0
1741073631 50797 0
1741073634 50846 0
1741073636 50780 0
1741073638 50715 0
1741073640 50737 0
1741073642 50673 0
1741073644 50675 0
1741073646 50602 0
1741073648 50672 0
1741073650 50626 0
1741073652 50585 0
1741073654 50410 0
1741073656 50416 0
1741073658 50454 0
1741073660 50689 0
1741073662 50246 0
1741073664 49981 0
1741073666 49661 0
1741073668 49549 0
1741073670 49455 0
1741073672 49776 0
1741073674 49671 0
1741073676 49553 0
1741073679 49556 0
1741073681 49647 0
1741073683 49628 0
1741073685 49570 0
1741073687 49826 0
1741073689 50246 0
1741073691 50624 0
1741073693 50775 0
1741073695 50741 0
1741073697 50783 0
1741073699 50874 0
1741073701 50772 0
1741073703 50665 0
1741073705 50637 0
1741073707 50685 0
1741073709 50639 0
1741073711 50604 0
1741073713 50814 0
1741073715 50752 0
1741073717 50711 0
1741073719 50589 0
1741073721 50525 0
1741073723 50768 0
1741073726 50717 0
1741073728 50807 0
1741073730 50354 0
1741073732 49864 0
1741073734 49678 0
1741073736 49545 0
1741073738 49289 0
1741073740 49402 0
1741073742 49343 0
1741073744 49232 0
1741073746 49218 0
1741073748 49218 0
1741073750 49214 0
1741073752 49224 0
1741073754 49228 0
1741073756 49160 0
1741073758 49249 0
1741073760 49232 0
1741073762 49263 0
1741073764 49466 0
1741073766 50078 0
1741073768 50425 0
1741073770 50706 0
1741073773 50682 0
1741073775 50853 0
1741073777 50910 0
1741073779 50860 0
1741073781 50752 0
1741073783 50701 0
1741073785 50718 0
1741073787 50714 0
1741073789 50533 0
1741073791 50585 0
1741073793 50626 0
1741073795 50583 0
1741073797 50417 0
1741073799 49842 0
1741073801 49737 0
1741073803 49462 0
1741073805 49210 0
1741073807 49120 0
1741073809 48931 0
1741073811 48948 0
1741073813 48828 0
1741073815 48875 0
1741073817 48842 0
1741073820 48883 0
1741073822 48840 0
1741073824 48859 0
1741073826 48965 0
1741073828 49076 0
1741073830 49239 0
1741073832 49154 0
1741073834 49211 0
1741073836 49388 0
1741073838 49657 0
1741073840 49975 0
1741073842 50312 0
1741073844 50518 0
1741073846 50603 0
1741073848 50681 0
1741073850 50651 0
1741073852 50660 0
1741073854 50894 0
1741073856 51164 0
1741073858 51001 0
1741073860 51135 0
1741073862 50996 0
1741073865 50959 0
1741073867 50524 0
1741073869 50180 0
1741073871 49805 0
1741073873 49483 0
1741073875 49467 0
1741073877 49431 0
1741073879 49490 0
1741073881 49308 0
1741073883 49452 0
1741073885 49395 0
1741073887 49616 0
1741073889 49892 0
1741073891 49872 0
1741073893 49998 0
1741073895 50439 0
1741073897 50566 0
1741073899 50684 0
1741073901 50989 0
1741073903 50997 0
1741073905 50957 0
1741073907 51122 0
1741073909 51095 0
1741073912 50970 0
1741073914 51105 0
1741073916 50795 0
1741073918 50636 0
1741073920 50657 0
1741073922 50938 0
1741073924 50817 0
1741073926 50624 0
1741073928 50496 0
1741073930 50534 0
1741073932 50603 0
1741073934 50866 0
1741073936 50476 0
1741073938 49972 0
1741073940 49536 0
1741073942 49291 0
1741073944 49292 0
1741073946 49239 0
1741073948 49453 0
1741073950 49275 0
1741073952 49172 0
1741073955 49155 0
1741073957 49078 0
1741073959 49131 0
1741073961 49507 0
1741073963 49768 0
1741073965 50121 0
1741073967 50519 0
1741073969 50687 0
1741073971 50845 0
1741073973 50823 0
1741073975 50791 0
1741073977 50680 0
1741073979 50662 0
1741073981 51282 0
1741073983 50904 0
1741073985 50947 0
1741073987 51093 0
1741073989 50910 0
1741073991 50882 0
1741073993 50721 0
1741073995 50885 0
1741073997 51033 0
1741074000 51032 0
1741074002 51150 0
1741074004 51022 0
1741074006 50524 0
1741074008 50354 0
1741074010 50045 0
1741074012 49676 0
1741074014 49295 0
1741074016 49351 0
1741074018 49399 0
1741074020 49471 0
1741074022 49681 0
1741074024 49793 0
1741074026 49741 0
1741074028 49650 0
1741074030 49456 0
1741074032 49479 0
1741074034 49556 0
1741074036 49482 0
1741074038 49406 0
1741074040 49788 0
1741074042 49979 0
1741074044 50428 0
1741074047 50716 0
1741074049 50709 0
1741074051 50713 0
1741074053 50835 0
1741074055 50716 0
1741074057 50745 0
1741074059 50567 0
1741074061 50661 0
1741074063 50502 0
1741074065 50683 0
1741074067 50718 0
1741074069 50728 0
1741074071 50551 0
1741074073 50153 0
1741074075 49703 0
1741074077 49535 0
1741074079 49465 0
1741074081 49261 0
1741074083 49298 0
1741074085 49253 0
1741074087 49412 0
1741074089 49357 0
1741074091 49326 0
1741074094 49366 0
1741074096 49132 0
1741074098 49435 0
1741074100 49472 0
1741074102 49659 0
1741074104 49607 0
1741074106 49678 0
1741074108 49693 0
1741074110 49882 0
1741074112 50152 0
1741074114 50494 0
1741074116 50620 0
1741074118 50878 0
1741074120 50895 0
1741074122 50761 0
1741074124 50591 0
1741074126 50572 0
1741074128 50627 0
1741074130 50383 0
1741074132 50456 0
1741074134 50487 0
1741074136 50436 0
1741074138 50432 0
1741074141 50394 0
1741074143 49957 0
1741074145 49521 0
1741074147 49380 0
1741074149 49290 0
1741074151 49244 0
1741074153 49546 0
1741074155 49466 0
1741074157 49220 0
1741074159 49102 0
1741074161 49332 0
1741074163 49235 0
1741074165 49206 0
1741074167 49318 0
1741074169 49400 0
1741074171 49737 0
1741074173 50193 0
1741074175 50473 0
1741074177 50685 0
1741074179 50798 0
1741074181 50838 0
1741074183 50839 0
1741074186 50947 0
1741074188 50989 0
1741074190 51076 0
1741074192 51063 0
1741074194 51034 0
1741074196 50945 0
1741074198 50909 0
1741074200 50870 0
1741074202 50868 0
1741074204 50761 0
1741074206 50794 0
1741074208 50987 0
1741074210 50656 0
1741074212 50144 0
1741074214 49935 0
1741074216 49886 0
1741074218 49644 0
1741074220 49710 0
1741074222 49478 0
1741074224 49398 0
1741074226 49265 0
1741074228 49242 0
1741074230 49250 0
1741074233 49199 0
1741074235 49430 0
1741074237 49559 0
1741074239 50061 0
1741074241 50556 0
1741074243 50944 0
1741074245 50996 0
1741074247 51127 0
1741074249 51128 0
1741074251 51091 0
1741074253 51037 0
1741074255 51259 0
1741074257 51313 0
1741074259 51488 0
1741074261 51649 0
1741074263 51570 0
1741074265 51428 0
1741074267 51239 0
1741074269 51295 0
1741074271 51463 0
1741074273 51523 0
1741074275 51785 0
1741074277 51868 0
1741074280 51294 0
1741074282 50917 0
1741074284 50465 0
1741074286 50116 0
1741074288 49916 0
1741074290 49594 0
1741074292 49573 0
1741074294 49402 0
1741074296 49605 0
1741074298 49648 0
1741074300 49632 0
1741074302 49545 0
1741074304 49515 0
1741074306 49541 0
1741074308 49790 0
1741074310 50106 0
1741074312 50185 0
1741074314 50517 0
1741074316 50955 0
1741074318 51142 0
1741074320 51357 0
1741074322 51423 0
1741074325 51319 0
1741074327 51223 0
1741074329 51347 0
1741074331 51200 0
1741074333 51258 0
1741074335 51052 0
1741074337 51047 0
1741074339 51065 0
1741074341 51221 0
1741074343 51072 0
1741074345 51075 0
1741074347 51064 0
1741074349 50817 0
1741074351 50712 0
1741074353 50496 0
1741074355 50296 0
1741074357 50156 0
1741074359 50272 0
1741074361 50309 0
1741074363 50148 0
1741074365 50296 0
1741074367 50289 0
1741074369 50395 0
1741074372 50248 0
1741074374 49993 0
1741074376 49821 0
1741074378 49980 0
1741074380 50167 0
1741074382 50342 0
1741074384 50748 0
1741074386 51165 0
1741074388 51528 0
1741074390 51413 0
1741074392 51389 0
1741074394 51463 0
1741074396 51496 0
1741074398 51535 0
1741074400 51647 0
1741074402 51697 0
1741074404 51547 0
1741074406 51577 0
1741074408 51597 0
1741074410 51477 0
1741074412 51299 0
1741074414 51238 0
1741074416 51071 0
1741074419 50694 0
1741074421 50286 0
1741074423 50202 0
1741074425 50055 0
1741074427 50040 0
1741074429 50004 0
1741074431 49787 0
1741074433 49655 0
1741074435 49567 0
1741074437 49587 0
1741074439 49770 0
1741074441 49905 0
1741074443 50313 0
1741074445 50733 0
1741074447 51238 0
1741074449 51345 0
1741074451 51297 0
1741074453 51238 0
1741074455 51093 0
1741074457 51083 0
1741074459 51215 0
1741074461 51354 0
1741074464 51365 0
1741074466 51220 0
1741074468 51206 0
1741074470 51148 0
1741074472 51103 0
1741074474 51181 0
1741074476 51177 0
1741074478 51321 0
1741074480 51322 0
1741074482 51578 0
1741074484 51999 0
1741074486 51531 0
1741074488 51527 0
1741074490 50983 0
1741074492 50736 0
1741074494 50676 0
1741074496 50651 0
1741074498 50880 0
1741074500 50984 0
1741074502 51179 0
1741074504 51318 0
1741074506 51699 0
1741074508 51925 0
1741074511 52062 0
1741074513 52143 0
1741074515 52141 0
1741074517 51998 0
1741074519 51954 0
1741074521 51908 0
1741074523 51836 0
1741074525 51618 0
1741074527 51441 0
1741074529 51360 0
1741074531 51296 0
1741074533 51217 0
1741074535 51205 0
1741074537 51167 0
1741074539 51353 0
1741074541 51177 0
1741074543 51287 0
1741074545 51271 0
1741074547 51438 0
1741074549 51447 0
1741074551 51691 0
1741074553 51464 0
1741074555 50906 0
1741074558 50440 0
1741074560 50466 0
1741074562 50116 0
1741074564 50142 0
1741074566 49847 0
1741074568 49696 0
1741074570 49498 0
1741074572 49344 0
1741074574 49550 0
1741074576 49580 0
1741074578 49625 0
1741074580 49820 0
1741074582 50174 0
1741074584 50113 0
1741074586 50154 0
1741074588 50541 0
1741074590 50992 0
1741074592 51191 0
1741074594 51283 0
1741074596 51270 0
1741074598 51177 0
1741074600 51104 0
1741074603 51164 0
1741074605 51056 0
1741074607 51091 0
1741074609 51149 0
1741074611 51064 0
1741074613 50957 0
1741074615 50990 0
1741074617 50979 0
1741074619 51010 0
1741074621 50853 0
1741074623 50488 0
1741074625 50241 0
1741074627 49857 0
1741074629 49580 0
1741074631 50298 0
1741074633 50042 0
1741074635 49915 0
1741074637 49785 0
1741074639 49626 0
1741074641 49657 0
1741074643 49604 0
1741074645 49744 0
1741074647 49687 0
1741074650 49617 0
1741074652 49736 0
1741074654 49782 0
1741074656 49975 0
1741074658 50198 0
1741074660 50602 0
1741074662 50889 0
1741074664 51123 0
1741074666 51173 0
1741074668 51321 0
1741074670 51329 0
1741074672 51373 0
1741074674 51308 0
1741074676 51212 0
1741074678 51009 0
1741074680 51002 0
1741074682 50970 0
1741074684 50756 0
1741074686 50736 0
1741074688 50804 0
1741074690 50802 0
1741074692 50537 0
1741074694 50281 0
1741074697 49982 0
1741074699 49777 0
1741074701 49752 0
1741074703 49444 0
1741074705 49274 0
1741074707 49191 0
1741074709 49172 0
1741074711 49059 0
1741074713 49119 0
1741074715 49212 0
1741074717 49523 0
1741074719 49881 0
1741074721 50450 0
1741074723 50860 0
1741074725 51011 0
1741074727 51094 0
1741074729 50984 0
1741074731 50787 0
1741074733 50676 0
1741074735 50735 0
1741074737 50739 0
1741074739 50768 0
1741074742 50804 0
1741074744 50747 0
1741074746 50755 0
1741074748 50869 0
1741074750 50851 0
1741074752 50820 0
1741074754 50831 0
1741074756 50875 0
1741074758 50837 0
1741074760 50868 0
1741074762 50527 0
1741074764 50171 0
1741074766 49826 0
1741074768 49596 0
1741074770 49484 0
1741074772 49316 0
1741074774 49358 0
1741074776 49383 0
1741074778 49321 0
1741074780 49402 0
1741074782 49326 0
1741074784 49335 0
1741074786 49621 0
1741074789 50117 0
1741074791 50503 0
1741074793 50606 0
1741074795 50713 0
1741074797 50832 0
1741074799 50651 0
1741074801 50625 0
1741074803 50584 0
1741074805 50646 0
1741074807 50547 0
1741074809 50554 0
1741074811 50590 0
1741074813 50500 0
1741074815 50257 0
1741074817 50263 0
1741074819 50307 0
1741074821 50554 0
1741074823 50638 0
1741074825 50647 0
1741074827 50497 0
1741074829 50206 0
1741074831 49855 0
1741074834 49676 0
1741074836 49557 0
1741074838 49338 0
1741074840 49039 0
1741074842 48936 0
1741074844 48875 0
1741074846 48935 0
1741074848 49005 0
1741074850 48959 0
1741074852 48849 0
1741074854 48787 0
1741074856 48949 0
1741074858 49026 0
1741074860 49574 0
1741074862 49511 0
1741074864 49400 0
1741074866 49449 0
1741074868 49879 0
1741074870 50023 0
1741074872 50261 0
1741074874 50332 0
1741074876 50410 0
1741074878 50600 0
1741074881 50947 0
1741074883 51004 0
1741074885 50880 0
1741074887 50889 0
1741074889 50547 0
1741074891 50590 0
1741074893 50448 0
1741074895 50269 0
1741074897 50150 0
1741074899 49688 0
1741074901 49353 0
1741074903 49223 0
1741074905 49166 0
1741074907 48886 0
1741074909 49076 0
1741074911 49094 0
1741074913 49005 0
1741074915 49068 0
1741074917 49013 0
1741074919 49036 0
1741074921 48895 0
1741074923 48976 0
1741074925 48886 0
1741074928 48893 0
1741074930 48725 0
1741074932 48832 0
1741074934 48909 0
1741074936 49149 0
1741074938 49415 0
1741074940 49881 0
1741074942 50348 0
1741074944 50421 0
1741074946 50471 0
1741074948 50415 0
1741074950 50303 0
1741074952 50129 0
1741074954 50190 0
1741074956 50216 0
1741074958 50363 0
1741074960 50250 0
1741074962 50225 0
1741074964 50110 0
1741074966 50087 0
1741074968 50068 0
1741074970 49711 0
1741074973 49487 0
1741074975 49362 0
1741074977 49277 0
1741074979 49261 0
1741074981 49082 0
1741074983 49128 0
1741074985 49193 0
1741074987 49227 0
1741074989 49164 0
1741074991 49401 0
1741074993 49629 0
1741074995 50014 0
1741074997 50650 0
1741074999 50786 0
1741075001 50836 0
1741075003 50890 0
1741075005 50575 0
1741075007 50449 0
1741075009 50424 0
1741075011 50371 0
1741075013 50535 0
1741075015 50476 0
1741075017 50354 0
1741075020 50381 0
1741075022 50494 0
1741075024 50460 0
1741075026 50271 0
1741075028 50478 0
1741075030 50632 0
1741075032 50402 0
1741075034 50382 0
1741075036 49930 0
1741075038 49765 0
1741075040 49727 0
1741075042 49379 0
1741075044 49020 0
1741075046 48921 0
1741075048 49041 0
1741075050 49335 0
1741075052 49221 0
1741075054 49361 0
1741075056 49444 0
1741075058 49494 0
1741075060 49762 0
1741075062 49926 0
1741075064 50268 0
1741075067 50593 0
1741075069 50752 0
1741075071 50687 0
1741075073 50547 0
1741075075 50530 0
1741075077 50560 0
1741075079 50481 0
1741075081 50352 0
1741075083 50553 0
1741075085 50617 0
1741075087 50682 0
1741075089 50616 0
1741075091 50620 0
1741075093 50515 0
1741075095 50404 0
1741075097 50384 0
1741075099 50320 0
1741075101 50294 0
1741075103 50115 0
1741075105 49623 0
1741075107 49439 0
1741075109 49156 0
1741075112 49913 0
1741075114 49515 0
1741075116 49361 0
1741075118 49159 0
1741075120 49033 0
1741075122 48976 0
1741075124 48904 0
1741075126 48827 0
1741075128 48959 0
1741075130 49022 0
1741075132 49010 0
1741075134 48943 0
1741075136 49009 0
1741075138 48978 0
1741075140 48956 0
1741075142 49062 0
1741075144 49567 0
1741075146 50096 0
1741075148 50368 0
1741075150 50305 0
1741075152 50201 0
1741075154 50413 0
1741075156 50509 0
1741075159 50417 0
1741075161 50690 0
1741075163 50583 0
1741075165 50397 0
1741075167 50288 0
1741075169 50154 0
1741075171 50036 0
1741075173 49660 0
1741075175 49238 0
1741075177 49842 0
1741075179 49514 0
1741075181 49366 0
1741075183 49070 0
1741075185 48876 0
1741075187 48646 0
1741075189 48590 0
1741075191 48361 0
1741075193 48264 0
1741075195 48210 0
1741075197 48382 0
1741075199 48446 0
1741075201 48679 0
1741075204 48843 0
1741075206 49153 0
1741075208 49288 0
1741075210 49797 0
1741075212 50046 0
1741075214 50559 0
1741075216 50723 0
1741075218 50634 0
1741075220 50775 0
1741075222 50855 0
1741075224 50906 0
1741075226 50963 0
1741075228 50878 0
1741075230 50745 0
1741075232 50803 0
1741075234 50714 0
1741075236 50755 0
1741075238 50922 0
1741075240 51124 0
1741075242 50757 0
1741075244 50297 0
1741075246 49969 0
1741075248 49547 0
1741075251 49191 0
1741075253 48932 0
1741075255 48806 0
1741075257 49715 0
1741075259 49681 0
1741075261 49535 0
1741075263 49391 0
1741075265 49245 0
1741075267 49438 0
1741075269 49800 0
1741075271 50116 0
1741075273 50526 0
1741075275 50608 0
1741075277 50484 0
1741075279 50636 0
1741075281 50431 0
1741075283 50466 0
1741075285 50504 0
1741075287 50837 0
1741075289 50981 0
1741075291 50893 0
1741075293 51065 0
1741075296 50788 0
1741075298 50665 0
1741075300 50397 0
1741075302 50252 0
1741075304 50031 0
1741075306 49926 0
1741075308 49970 0
1741075310 49705 0
1741075312 49317 0
1741075314 49033 0
1741075316 48864 0
1741075318 48875 0
1741075320 48751 0
1741075322 48789 0
1741075324 48939 0
1741075326 48724 0
1741075328 48697 0
1741075330 48657 0
1741075332 48499 0
1741075334 48413 0
1741075336 48549 0
1741075338 48878 0
1741075340 49106 0
1741075343 49471 0
1741075345 49739 0
1741075347 50101 0
1741075349 50222 0
1741075351 50252 0
1741075353 50409 0
1741075355 50332 0
1741075357 50343 0
1741075359 50389 0
1741075361 50617 0
1741075363 50379 0
1741075365 50220 0
1741075367 50035 0
1741075369 49822 0
1741075371 49841 0
1741075373 49757 0
1741075375 49782 0
1741075377 49889 0
1741075379 49391 0
1741075381 49011 0
1741075383 48789 0
1741075385 48606 0
1741075387 48577 0
1741075390 48634 0
1741075392 48617 0
1741075394 48442 0
1741075396 48483 0
1741075398 48369 0
1741075400 48311 0
1741075402 48325 0
1741075404 48441 0
1741075406 48709 0
1741075408 48753 0
1741075410 48628 0
1741075412 48794 0
1741075414 48891 0
1741075416 49154 0
1741075418 49475 0
1741075420 50071 0
1741075422 50391 0
1741075424 50451 0
1741075426 50541 0
1741075428 50535 0
1741075430 50629 0
1741075432 50467 0
1741075435 50383 0
1741075437 50228 0
1741075439 50105 0
1741075441 50113 0
1741075443 50135 0
1741075445 50046 0
1741075447 49935 0
1741075449 49785 0
1741075451 49526 0
1741075453 49422 0
1741075455 49475 0
1741075457 49449 0
1741075459 49163 0
1741075461 49553 0
1741075463 49214 0
1741075465 49061 0
1741075467 49109 0
1741075469 49139 0
1741075471 48918 0
1741075473 48726 0
1741075475 48762 0
1741075477 48766 0
1741075479 48842 0
1741075482 49037 0
1741075484 49066 0
1741075486 49247 0
1741075488 49460 0
1741075490 49954 0
1741075492 50421 0
1741075494 50562 0
1741075496 50573 0
1741075498 50445 0
1741075500 50452 0
1741075502 50325 0
1741075504 50149 0
1741075506 49825 0
1741075508 50147 0
1741075510 50019 0
1741075512 50154 0
1741075514 50178 0
1741075516 49755 0
1741075518 49520 0
1741075520 49083 0
1741075522 49255 0
1741075524 49244 0
1741075526 49368 0
1741075529 49194 0
1741075531 49053 0
1741075533 49083 0
1741075535 49003 0
1741075537 49263 0
1741075539 49355 0
1741075541 49577 0
1741075543 49722 0
1741075545 50135 0
1741075547 50446 0
1741075549 50741 0
1741075551 50738 0
1741075553 50662 0
1741075555 50666 0
1741075557 50646 0
1741075559 50391 0
1741075561 50185 0
1741075563 50210 0
1741075565 50119 0
1741075567 50469 0
1741075569 51052 0
1741075571 51353 0
1741075574 51362 0
1741075576 51289 0
1741075578 51318 0
1741075580 51258 0
1741075582 51438 0
1741075584 51542 0
1741075586 50694 0
1741075588 50190 0
1741075590 49795 0
1741075592 50446 0
1741075594 50051 0
1741075596 49612 0
1741075598 49354 0
1741075600 49566 0
1741075602 49498 0
1741075604 49315 0
1741075606 49157 0
1741075608 49220 0
1741075610 49322 0
1741075612 49445 0
1741075614 49624 0
1741075616 50046 0
1741075618 50321 0
1741075621 50774 0
1741075623 50658 0
1741075625 50610 0
1741075627 50533 0
1741075629 50534 0
1741075631 50317 0
1741075633 50263 0
1741075635 50100 0
1741075637 49973 0
1741075639 49876 0
1741075641 49791 0
1741075643 49801 0
1741075645 49707 0
1741075647 49704 0
1741075649 49602 0
1741075651 49694 0
1741075653 49672 0
1741075655 49294 0
1741075657 49149 0
1741075659 48949 0
1741075661 49043 0
1741075663 48675 0
1741075665 48637 0
1741075668 48448 0
1741075670 48377 0
1741075672 48399 0
1741075674 48379 0
1741075676 48376 0
1741075678 48272 0
1741075680 48227 0
1741075682 48232 0
1741075684 48234 0
1741075686 48401 0
1741075688 48573 0
1741075690 48740 0
1741075692 48885 0
1741075694 49204 0
1741075696 49689 0
1741075698 49948 0
1741075700 49956 0
1741075702 50126 0
1741075704 50024 0
1741075706 50088 0
1741075708 50047 0
1741075710 49868 0
1741075713 50025 0
1741075715 49971 0
1741075717 49949 0
1741075719 50060 0
1741075721 50295 0
1741075723 49913 0
1741075725 49449 0
1741075727 49069 0
1741075729 48751 0
1741075731 48706 0
1741075733 48496 0
1741075735 48563 0
1741075737 48954 0
1741075739 48702 0
1741075741 48684 0
1741075743 48642 0
1741075745 48392 0
1741075747 48550 0
1741075749 48533 0
1741075751 48537 0
1741075753 48698 0
1741075755 48810 0
1741075757 48833 0
1741075760 48903 0
1741075762 49442 0
1741075764 49903 0
1741075766 50139 0
1741075768 50347 0
1741075770 50342 0
1741075772 50314 0
1741075774 50389 0
1741075776 50266 0
1741075778 50235 0
1741075780 50429 0
1741075782 50267 0
1741075784 50243 0
1741075786 50229 0
1741075788 50227 0
1741075790 50111 0
1741075792 49600 0
1741075794 49246 0
1741075796 48871 0
1741075798 48537 0
1741075800 48506 0
1741075802 48526 0
1741075804 48537 0
1741075807 48590 0
1741075809 48587 0
1741075811 48540 0
1741075813 48639 0
1741075815 48793 0
1741075817 48802 0
1741075819 48930 0
1741075821 49129 0
1741075823 49714 0
1741075825 49929 0
1741075827 50215 0
1741075829 50172 0
1741075831 50070 0
1741075833 50157 0
1741075835 50121 0
1741075837 50012 0
1741075839 50059 0
1741075841 50154 0
1741075843 50020 0
1741075845 49924 0
1741075847 49872 0
1741075849 49918 0
1741075852 49914 0
1741075854 49871 0
1741075856 49739 0
1741075858 49771 0
1741075860 49702 0
1741075862 49269 0
1741075864 48878 0
1741075866 48576 0
1741075868 48698 0
1741075870 48578 0
1741075872 48511 0
1741075874 48571 0
1741075876 48506 0
1741075878 48371 0
1741075880 48349 0
1741075882 48338 0
1741075884 48422 0
1741075886 48435 0
1741075888 48642 0
1741075890 48748 0
1741075892 49119 0
1741075894 49557 0
1741075896 49658 0
1741075899 49891 0
1741075901 50159 0
1741075903 50168 0
1741075905 50125 0
1741075907 50235 0
1741075909 50181 0
1741075911 50121 0
1741075913 49906 0
1741075915 49853 0
1741075917 49761 0
1741075919 49947 0
1741075921 49909 0
1741075923 49876 0
1741075925 49988 0
1741075927 50229 0
1741075929 50011 0
1741075931 49482 0
1741075933 49348 0
1741075935 49104 0
1741075937 48828 0
1741075939 48829 0
1741075941 48673 0
1741075943 48752 0
1741075946 48685 0
1741075948 48742 0
1741075950 48799 0
1741075952 48683 0
1741075954 48924 0
1741075956 48951 0
1741075958 48962 0
1741075960 49076 0
1741075962 49372 0
1741075964 49385 0
1741075966 49618 0
1741075968 49893 0
1741075970 50134 0
1741075972 50404 0
1741075974 50389 0
1741075976 50427 0
1741075978 50375 0
1741075980 50329 0
1741075982 50340 0
1741075984 50304 0
1741075986 50093 0
1741075988 50235 0
1741075991 50161 0
1741075993 49930 0
1741075995 50012 0
1741075997 49698 0
1741075999 49284 0
1741076001 49025 0
1741076003 48876 0
1741076005 48768 0
1741076007 48798 0
1741076009 48800 0
1741076011 48872 0
1741076013 48893 0
1741076015 48808 0
1741076017 48663 0
1741076019 48730 0
1741076021 49011 0
1741076023 49004 0
1741076025 48858 0
1741076027 48794 0
1741076029 48745 0
1741076031 48715 0
1741076033 48857 0
1741076035 49138 0
1741076038 49544 0
1741076040 49918 0
1741076042 50174 0
1741076044 50439 0
1741076046 50385 0
1741076048 50513 0
1741076050 50458 0
1741076052 50470 0
1741076054 50439 0
1741076056 50530 0
1741076058 50226 0
1741076060 50584 0
1741076062 50470 0
1741076064 50381 0
1741076066 49887 0
1741076068 49566 0
1741076070 49333 0
1741076072 50046 0
1741076074 49636 0
1741076076 49404 0
1741076078 49253 0
1741076080 49472 0
1741076083 49349 0
1741076085 49368 0
1741076087 49358 0
1741076089 49398 0
1741076091 49749 0
1741076093 50095 0
1741076095 50505 0
1741076097 50663 0
1741076099 50603 0
1741076101 50586 0
1741076103 50509 0
1741076105 50510 0
1741076107 50725 0
1741076109 50636 0
1741076111 50517 0
1741076113 50474 0
1741076115 50388 0
1741076117 50424 0
1741076119 50373 0
1741076121 50174 0
1741076123 50118 0
1741076125 50168 0
1741076127 50297 0
1741076130 50289 0
1741076132 50288 0
1741076134 50293 0
1741076136 49789 0
1741076138 49494 0
1741076140 49447 0
1741076142 49321 0
1741076144 49148 0
1741076146 49130 0
1741076148 49004 0
1741076150 49101 0
1741076152 49213 0
1741076154 49149 0
1741076156 49125 0
1741076158 49155 0
1741076160 49508 0
1741076162 49905 0
1741076164 50390 0
1741076166 50839 0
1741076168 51026 0
1741076170 51151 0
1741076172 50857 0
1741076174 50705 0
1741076177 50784 0
1741076179 50544 0
1741076181 50455 0
1741076183 50400 0
1741076185 50243 0
1741076187 50357 0
1741076189 50259 0
1741076191 50074 0
1741076193 50099 0
1741076195 50010 0
1741076197 49985 0
1741076199 50049 0
1741076201 50345 0
1741076203 50141 0
1741076205 49669 0
1741076207 49576 0
1741076209 49204 0
1741076211 49120 0
1741076213 48915 0
1741076215 49068 0
1741076217 49146 0
1741076219 49212 0
1741076222 49344 0
1741076224 49369 0
1741076226 49094 0
1741076228 49185 0
1741076230 49046 0
1741076232 48856 0
1741076234 48971 0
1741076236 48960 0
1741076238 49087 0
1741076240 49323 0
1741076242 49562 0
1741076244 49870 0
1741076246 50097 0
1741076248 50310 0
1741076250 50394 0
1741076252 50471 0
1741076254 50596 0
1741076256 50718 0
1741076258 50639 0
1741076260 50949 0
1741076262 51234 0
1741076264 51173 0
1741076266 50715 0
1741076269 50571 0
1741076271 50493 0
1741076273 50051 0
1741076275 49728 0
1741076277 49379 0
1741076279 49133 0
1741076281 49137 0
1741076283 49060 0
1741076285 49080 0
1741076287 49059 0
1741076289 49137 0
1741076291 49052 0
1741076293 48988 0
1741076295 48828 0
1741076297 48746 0
1741076299 48853 0
1741076301 48900 0
1741076303 48877 0
1741076305 48822 0
1741076307 49064 0
1741076309 49225 0
1741076311 49514 0
1741076314 49961 0
1741076316 50363 0
1741076318 50501 0
1741076320 50674 0
1741076322 50777 0
1741076324 50587 0
1741076326 50563 0
1741076328 50432 0
1741076330 50318 0
1741076332 50201 0
1741076334 50273 0
1741076336 50297 0
1741076338 50252 0
1741076340 50103 0
1741076342 49657 0
1741076344 49297 0
1741076346 49021 0
1741076348 49173 0
1741076350 49239 0
1741076352 49061 0
1741076354 49058 0
1741076356 49054 0
1741076358 49134 0
1741076361 49398 0
1741076363 49306 0
1741076365 49249 0
1741076367 49344 0
1741076369 49379 0
1741076371 49688 0
1741076373 50062 0
1741076375 50202 0
1741076377 50535 0
1741076379 50506 0
1741076381 50769 0
1741076383 50887 0
1741076385 50684 0
1741076387 50690 0
1741076389 51326 0
1741076391 51009 0
1741076393 50672 0
1741076395 50623 0
1741076397 50468 0
1741076399 50240 0
1741076401 50211 0
1741076403 50178 0
1741076405 50323 0
1741076408 50516 0
1741076410 50297 0
1741076412 49875 0
1741076414 49634 0
1741076416 49560 0
1741076418 49382 0
1741076420 49220 0
1741076422 49035 0
1741076424 48976 0
1741076426 48929 0
1741076428 48909 0
1741076430 49078 0
1741076432 49147 0
1741076434 49272 0
1741076436 52024 0
1741076438 54651 0
1741076440 54103 0
1741076442 53014 0
1741076444 52247 0
1741076446 51585 0
1741076448 51275 0
1741076450 50867 0
1741076453 50731 0
1741076455 50741 0
1741076457 50664 0
1741076459 50377 0
1741076461 50489 0
1741076463 50429 0
1741076465 50338 0
1741076467 50434 0
1741076469 50599 0
1741076471 50651 0
1741076473 50749 0
1741076475 50885 0
1741076477 51071 0
1741076479 50557 0
1741076481 50009 0
1741076483 49560 0
1741076485 49369 0
1741076487 49441 0
1741076489 49465 0
1741076491 49233 0
1741076493 49238 0
1741076495 49155 0
1741076497 49044 0
1741076500 49294 0
1741076502 49444 0
1741076504 49395 0
1741076506 49271 0
1741076508 49134 0
1741076510 49105 0
1741076512 49239 0
1741076514 49331 0
1741076516 49730 0
1741076518 50033 0
1741076520 50499 0
1741076522 50742 0
1741076524 50755 0
1741076526 50611 0
1741076528 50684 0
1741076530 50686 0
1741076532 50596 0
1741076534 50623 0
1741076536 50717 0
1741076538 50685 0
1741076540 50553 0
1741076542 50295 0
1741076544 50207 0
1741076547 50161 0
1741076549 49611 0
1741076551 50255 0
1741076553 49888 0
1741076555 49637 0
1741076557 49379 0
1741076559 49163 0
1741076561 49277 0
1741076563 49105 0
1741076565 49063 0
1741076567 49060 0
1741076569 49050 0
1741076571 49046 0
1741076573 48911 0
1741076575 48901 0
1741076577 48942 0
1741076579 48977 0
1741076581 48968 0
1741076583 48925 0
1741076585 49238 0
1741076587 49691 0
1741076589 50116 0
1741076592 50402 0
1741076594 50489 0
1741076596 50416 0
1741076598 50453 0
1741076600 50359 0
1741076602 50274 0
1741076604 50342 0
1741076606 50343 0
1741076608 50362 0
1741076610 50210 0
1741076612 50275 0
1741076614 50427 0
1741076616 50133 0
1741076618 49603 0
1741076620 49673 0
1741076622 49409 0
1741076624 49310 0
1741076626 49187 0
1741076628 49023 0
1741076630 48968 0
1741076632 48877 0
1741076634 48835 0
1741076636 48851 0
1741076639 48757 0
1741076641 48719 0
1741076643 48726 0
1741076645 48961 0
1741076647 49348 0
1741076649 49963 0
1741076651 50272 0
1741076653 50278 0
1741076655 50607 0
1741076657 50597 0
1741076659 50380 0
1741076661 50661 0
1741076663 50581 0
1741076665 50564 0
1741076667 50479 0
1741076669 50366 0
1741076671 50325 0
1741076673 50368 0
1741076675 50383 0
1741076677 50440 0
1741076679 50376 0
1741076681 50699 0
1741076683 50687 0
1741076686 50127 0
1741076688 49618 0
1741076690 49341 0
1741076692 49164 0
1741076694 49151 0
1741076696 49056 0
1741076698 48989 0
1741076700 48943 0
1741076702 49038 0
1741076704 49020 0
1741076706 49150 0
1741076708 49153 0
1741076710 49303 0
1741076712 49625 0
1741076714 49867 0
1741076716 50294 0
1741076718 50426 0
1741076720 50606 0
1741076722 50492 0
1741076724 50296 0
1741076727 50474 0
1741076729 50445 0
1741076731 50395 0
1741076733 50442 0
1741076735 50379 0
1741076737 50182 0
1741076739 49993 0
1741076741 50269 0
1741076743 50040 0
1741076745 49881 0
1741076747 49931 0
1741076749 50006 0
1741076751 50001 0
1741076753 49990 0
1741076755 49740 0
1741076757 49424 0
1741076759 49173 0
1741076761 48936 0
1741076763 49034 0
1741076765 49033 0
1741076767 49005 0
1741076769 48835 0
1741076772 48848 0
1741076774 48943 0
1741076776 48898 0
1741076778 49050 0
1741076780 48993 0
1741076782 48922 0
1741076784 49037 0
1741076786 49057 0
1741076788 49157 0
1741076790 49369 0
1741076792 49516 0
1741076794 49855 0
1741076796 50277 0
1741076798 50597 0
1741076800 50851 0
1741076802 50720 0
1741076804 50834 0
1741076806 50612 0
1741076808 50699 0
1741076810 50599 0
1741076812 50311 0
1741076814 50201 0
1741076816 50205 0
1741076819 50123 0
1741076821 50041 0
1741076823 49582 0
1741076825 49274 0
1741076827 49306 0
1741076829 49207 0
1741076831 48939 0
1741076833 48793 0
1741076835 48804 0
1741076837 48747 0
1741076839 48640 0
1741076841 48615 0
1741076843 48602 0
1741076845 48690 0
1741076847 48855 0
1741076849 48756 0
1741076851 48804 0
1741076853 48926 0
1741076855 48880 0
1741076857 48792 0
1741076859 48846 0
1741076861 49301 0
1741076864 49548 0
1741076866 49770 0
1741076868 49881 0
1741076870 50164 0
1741076872 50180 0
1741076874 50197 0
1741076876 50227 0
1741076878 50274 0
1741076880 50285 0
1741076882 50269 0
1741076884 50087 0
1741076886 50060 0
1741076888 50196 0
1741076890 50027 0
1741076892 49542 0
1741076894 49227 0
1741076896 49118 0
1741076898 49039 0
1741076900 48918 0
1741076902 48818 0
1741076904 48826 0
1741076906 48822 0
1741076908 48715 0
1741076911 48745 0
1741076913 48771 0
1741076915 48818 0
1741076917 48955 0
1741076919 49200 0
1741076921 49766 0
1741076923 50131 0
1741076925 50283 0
1741076927 50287 0
1741076929 50234 0
1741076931 50148 0
1741076933 50238 0
1741076935 50187 0
1741076937 50105 0
1741076939 50040 0
1741076941 49989 0
1741076943 49922 0
1741076945 49866 0
1741076947 49880 0
1741076949 50006 0
1741076951 49983 0
1741076953 49961 0
1741076955 50147 0
1741076958 50077 0
1741076960 49888 0
1741076962 49744 0
1741076964 49442 0
1741076966 49372 0
1741076968 49338 0
1741076970 49086 0
1741076972 48859 0
1741076974 48913 0
1741076976 48912 0
1741076978 48825 0
1741076980 49046 0
1741076982 48945 0
1741076984 49039 0
1741076986 49197 0
1741076988 49321 0
1741076990 49719 0
1741076992 49943 0
1741076994 50274 0
1741076996 50437 0
1741076998 50489 0
1741077000 50516 0
1741077003 50583 0
1741077005 50704 0
1741077007 50753 0
1741077009 50642 0
1741077011 50598 0
1741077013 50498 0
1741077015 50444 0
1741077017 50325 0
1741077019 50291 0
1741077021 50341 0
1741077023 50381 0
1741077025 50329 0
1741077027 50539 0
1741077029 49857 0
1741077031 50622 0
1741077033 50109 0
1741077035 49544 0
1741077037 49225 0
1741077039 49125 0
1741077041 49273 0
1741077043 49015 0
1741077045 48947 0
1741077047 48982 0
1741077050 49054 0
1741077052 49253 0
1741077054 49132 0
1741077056 49087 0
1741077058 48967 0
1741077060 49079 0
1741077062 49219 0
1741077064 49406 0
1741077066 49821 0
1741077068 50502 0
1741077070 50695 0
1741077072 50766 0
1741077074 50765 0
1741077076 50701 0
1741077078 50715 0
1741077080 50727 0
1741077082 50714 0
1741077084 50733 0
1741077086 50655 0
1741077088 50626 0
1741077091 50590 0
1741077093 50484 0
1741077095 50513 0
1741077097 50261 0
1741077099 49890 0
1741077101 49890 0
1741077103 49632 0
1741077105 49471 0
1741077107 49360 0
1741077109 49442 0
1741077111 49462 0
1741077113 49296 0
1741077115 49319 0
1741077117 49310 0
1741077119 49392 0
1741077121 49386 0
1741077123 49600 0
1741077125 49788 0
1741077127 49973 0
1741077129 50179 0
1741077131 50409 0
1741077133 50692 0
1741077135 51002 0
1741077138 51156 0
1741077140 51381 0
1741077142 51409 0
1741077144 51340 0
1741077146 51177 0
1741077148 51231 0
1741077150 51222 0
1741077152 51018 0
1741077154 51050 0
1741077156 50806 0
1741077158 50859 0
1741077160 51008 0
1741077162 51052 0
1741077164 50848 0
1741077166 50448 0
1741077168 50005 0
1741077170 49725 0
1741077172 49649 0
1741077174 49408 0
1741077176 49306 0
1741077178 49360 0
1741077180 49312 0
1741077183 49316 0
1741077185 49283 0
1741077187 49353 0
1741077189 49706 0
1741077191 49975 0
1741077193 50288 0
1741077195 50540 0
1741077197 50776 0
1741077199 50940 0
1741077201 51019 0
1741077203 50942 0
1741077205 50956 0
1741077207 51028 0
1741077209 50972 0
1741077211 50815 0
1741077213 50900 0
1741077215 51053 0
1741077217 50904 0
1741077219 50841 0
1741077221 51092 0
1741077223 53360 0
1741077225 57717 0
1741077227 56746 0
1741077230 55195 0
1741077232 54383 0
1741077234 53738 0
1741077236 52283 0
1741077238 51353 0
1741077240 50757 0
1741077242 50218 0
1741077244 50103 0
1741077246 49718 0
1741077248 49655 0
1741077250 49591 0
1741077252 49372 0
1741077254 49338 0
1741077256 49669 0
1741077258 49823 0
1741077260 50235 0
1741077262 50579 0
1741077264 50912 0
1741077266 51156 0
1741077268 51276 0
1741077270 51269 0
1741077272 51238 0
1741077274 51047 0
1741077277 50835 0
1741077279 50886 0
1741077281 51289 0
1741077283 51120 0
1741077285 51003 0
1741077287 51058 0
1741077289 51219 0
1741077291 51133 0
1741077293 50965 0
1741077295 50990 0
1741077297 51186 0
1741077299 51404 0
1741077301 51956 0
1741077303 51644 0
1741077305 51076 0
1741077307 50767 0
1741077309 50809 0
1741077311 50457 0
1741077313 50083 0
1741077315 49995 0
1741077317 49889 0
1741077319 49775 0
1741077322 49577 0
1741077324 49635 0
1741077326 49646 0
1741077328 49688 0
1741077330 49456 0
1741077332 49442 0
1741077334 49524 0
1741077336 52234 0
1741077338 56386 0
1741077340 55751 0
1741077342 54600 0
1741077344 53557 0
1741077346 52610 0
1741077348 51949 0
1741077350 51573 0
1741077352 51353 0
1741077354 51319 0
1741077356 51170 0
1741077358 51037 0
1741077360 50799 0
1741077362 51047 0
1741077365 50908 0
1741077367 50921 0
1741077369 50944 0
1741077371 51010 0
1741077373 50636 0
1741077375 50374 0
1741077377 50134 0
1741077379 50075 0
1741077381 49873 0
1741077383 49644 0
1741077385 49628 0
1741077387 49601 0
1741077389 49496 0
1741077391 49399 0
1741077393 49386 0
1741077395 49318 0
1741077397 49300 0
1741077399 49469 0
1741077401 49700 0
1741077403 49764 0
1741077405 50510 0
1741077407 50835 0
1741077409 51210 0
1741077412 51321 0
1741077414 51186 0
1741077416 51219 0
1741077418 51251 0
1741077420 51255 0
1741077422 51203 0
1741077424 51080 0
1741077426 50986 0
1741077428 51353 0
1741077430 51988 0
1741077432 52445 0
1741077434 52631 0
1741077436 52367 0
1741077438 51958 0
1741077440 51526 0
1741077442 51015 0
1741077444 50469 0
1741077446 50177 0
1741077448 49954 0
1741077450 49843 0
1741077452 49804 0
1741077454 49776 0
1741077456 49709 0
1741077459 49593 0
1741077461 49924 0
1741077463 50082 0
1741077465 50446 0
1741077467 50825 0
1741077469 51240 0
1741077471 51400 0
1741077473 51555 0
1741077475 51663 0
1741077477 51529 0
1741077479 51352 0
1741077481 51285 0
1741077483 51225 0
1741077485 51179 0
1741077487 51310 0
1741077489 51323 0
1741077491 51234 0
1741077493 51206 0
1741077495 51182 0
1741077497 51098 0
1741077499 50965 0
1741077501 50896 0
1741077503 50934 0
1741077506 51056 0
1741077508 51260 0
1741077510 51112 0
1741077512 51273 0
1741077514 50733 0
1741077516 50191 0
1741077518 49825 0
1741077520 49812 0
1741077522 49669 0
1741077524 49610 0
1741077526 49423 0
1741077528 49350 0
1741077530 49308 0
1741077532 49415 0
1741077534 49583 0
1741077536 49856 0
1741077538 50220 0
1741077540 50578 0
1741077542 50825 0
1741077544 51073 0
1741077546 51068 0
1741077548 51214 0
1741077551 50899 0
1741077553 50850 0
1741077555 51145 0
1741077557 51107 0
1741077559 51075 0
1741077561 51177 0
1741077563 51311 0
1741077565 51399 0
1741077567 51330 0
1741077569 51322 0
1741077571 51514 0
1741077573 51654 0
1741077575 51738 0
1741077577 52058 0
1741077579 51347 0
1741077581 51135 0
1741077583 50703 0
1741077585 50356 0
1741077587 50083 0
1741077589 49951 0
1741077591 49677 0
1741077593 49548 0
1741077595 49599 0
1741077598 49682 0
1741077600 49712 0
1741077602 49855 0
1741077604 49806 0
1741077606 49752 0
1741077608 49935 0
1741077610 50287 0
1741077612 50346 0
1741077614 50825 0
1741077616 51227 0
1741077618 51381 0
1741077620 51518 0
1741077622 51367 0
1741077624 52165 0
1741077626 54674 0
1741077628 57978 0
1741077630 60159 0
1741077632 58341 0
1741077634 57285 0
1741077636 56594 0
1741077638 56238 0
1741077640 56160 0
1741077642 55803 0
1741077645 55426 0
1741077647 54284 0
1741077649 52939 0
1741077651 51937 0
1741077653 51138 0
1741077655 50772 0
1741077657 50378 0
1741077659 50296 0
1741077661 50159 0
1741077663 49896 0
1741077665 49822 0
1741077667 49959 0
1741077669 50192 0
1741077671 50256 0
1741077673 50085 0
1741077675 50286 0
1741077677 50321 0
1741077679 50685 0
1741077681 51060 0
1741077683 51425 0
1741077685 51582 0
1741077687 51807 0
1741077690 51628 0
1741077692 51609 0
1741077694 51606 0
1741077696 51524 0
1741077698 51391 0
1741077700 52092 0
1741077702 52311 0
1741077704 52489 0
1741077706 52948 0
1741077708 53295 0
1741077710 53021 0
1741077712 52817 0
1741077714 53387 0
1741077716 53305 0
1741077718 53384 0
1741077720 54997 0
1741077722 57316 0
1741077724 59219 0
1741077726 63127 0
1741077728 61248 0
1741077730 59046 0
1741077732 57055 0
1741077734 55515 0
1741077737 54340 0
1741077739 53608 0
1741077741 53202 0
1741077743 52833 0
1741077745 52424 0
1741077747 52229 0
1741077749 52071 0
1741077751 51994 0
1741077753 52058 0
1741077755 51915 0
1741077757 51800 0
1741077759 51817 0
1741077761 51818 0
1741077763 51546 0
1741077765 51611 0
1741077767 51700 0
1741077769 51624 0
1741077771 51564 0
1741077773 51554 0
1741077775 51622 0
1741077777 51716 0
1741077779 51904 0
1741077782 52255 0
1741077784 52375 0
1741077786 51659 0
1741077788 51182 0
1741077790 50859 0
1741077792 50589 0
1741077794 50337 0
1741077796 50141 0
1741077798 50099 0
1741077800 50096 0
1741077802 50191 0
1741077804 50071 0
1741077806 50124 0
1741077808 50377 0
1741077810 50670 0
1741077812 51082 0
1741077814 51181 0
1741077816 51136 0
1741077818 51261 0
1741077820 51616 0
1741077822 51456 0
1741077824 51336 0
1741077826 51274 0
1741077829 51101 0
1741077831 51081 0
1741077833 51152 0
1741077835 51070 0
1741077837 51033 0
1741077839 51159 0
1741077841 51163 0
1741077843 51121 0
1741077845 51013 0
1741077847 51290 0
1741077849 51488 0
1741077851 51590 0
1741077853 51238 0
1741077855 50891 0
1741077857 50571 0
1741077859 50228 0
1741077861 50107 0
1741077863 49936 0
1741077865 49792 0
1741077867 49752 0
1741077869 49664 0
1741077871 49583 0
1741077873 49629 0
1741077876 49675 0
1741077878 49703 0
1741077880 49751 0
1741077882 49925 0
1741077884 50011 0
1741077886 50137 0
1741077888 50395 0
1741077890 50775 0
1741077892 51055 0
1741077894 51269 0
1741077896 51237 0
1741077898 51321 0
1741077900 51248 0
1741077902 51185 0
1741077904 51168 0
1741077906 50961 0
1741077908 51060 0
1741077910 51063 0
1741077912 50944 0
1741077914 50928 0
1741077916 51016 0
1741077918 51050 0
1741077921 50999 0
1741077923 50674 0
1741077925 50433 0
1741077927 50234 0
1741077929 49873 0
1741077931 49712 0
1741077933 49717 0
1741077935 49693 0
1741077937 49586 0
1741077939 49409 0
1741077941 49539 0
1741077943 49361 0
1741077945 49544 0
1741077947 49413 0
1741077949 49300 0
1741077951 49397 0
1741077953 49495 0
1741077955 49533 0
1741077957 49754 0
1741077959 49983 0
1741077961 50547 0
1741077963 50739 0
1741077965 50926 0
1741077968 51057 0
1741077970 50942 0
1741077972 50848 0
1741077974 50755 0
1741077976 50814 0
1741077978 50688 0
1741077980 50773 0
1741077982 50721 0
1741077984 50700 0
1741077986 50598 0
1741077988 50644 0
1741077990 50576 0
1741077992 50450 0
1741077994 50176 0
1741077996 49885 0
1741077998 49700 0
1741078000 49776 0
1741078002 49664 0
1741078004 49583 0
1741078006 49491 0
1741078008 49460 0
1741078010 49435 0
1741078013 49412 0
1741078015 49495 0
1741078017 49913 0
1741078019 50243 0
1741078021 50786 0
1741078023 50909 0
1741078025 51050 0
1741078027 51071 0
1741078029 51028 0
1741078031 50877 0
1741078033 50814 0
1741078035 50880 0
1741078037 50738 0
1741078039 50743 0
1741078041 50540 0
1741078043 50791 0
1741078045 50977 0
1741078047 51061 0
1741078049 50916 0
1741078051 51026 0
1741078053 51118 0
1741078055 51193 0
1741078058 51542 0
1741078060 51254 0
1741078062 50912 0
1741078064 50359 0
1741078066 49922 0
1741078068 49779 0
1741078070 49650 0
1741078072 49497 0
1741078074 49364 0
1741078076 49452 0
1741078078 49782 0
1741078080 49892 0
1741078082 49967 0
1741078084 50098 0
1741078086 50530 0
1741078088 51085 0
1741078090 51159 0
1741078092 51115 0
1741078094 51216 0
1741078096 51282 0
1741078098 51139 0
1741078100 51058 0
1741078102 51123 0
1741078105 50992 0
1741078107 51130 0
1741078109 51071 0
1741078111 51139 0
1741078113 51060 0
1741078115 51077 0
1741078117 50961 0
1741078119 51371 0
1741078121 51733 0
1741078123 51954 0
1741078125 52159 0
1741078127 52307 0
1741078129 51465 0
1741078131 50904 0
1741078133 50426 0
1741078135 50097 0
1741078137 49983 0
1741078139 49841 0
1741078141 49773 0
1741078143 49656 0
1741078145 49717 0
1741078147 49559 0
1741078150 49663 0
1741078152 49677 0
1741078154 49788 0
1741078156 49852 0
1741078158 49845 0
1741078160 49976 0
1741078162 50231 0
1741078164 50582 0
1741078166 51035 0
1741078168 51476 0
1741078170 51423 0
1741078172 51199 0
1741078174 51256 0
1741078176 51320 0
1741078178 51107 0
1741078180 51248 0
1741078182 51189 0
1741078184 51170 0
1741078186 51010 0
1741078188 50883 0
1741078190 50975 0
1741078192 50919 0
1741078194 50912 0
1741078197 50821 0
1741078199 50402 0
1741078201 50012 0
1741078203 49857 0
1741078205 49525 0
1741078207 49671 0
1741078209 49814 0
1741078211 49756 0
1741078213 49704 0
1741078215 49506 0
1741078217 49328 0
1741078219 49650 0
1741078221 49665 0
1741078223 49571 0
1741078225 49790 0
1741078227 49753 0
1741078229 49963 0
1741078231 50330 0
1741078233 50858 0
1741078235 51279 0
1741078237 54346 0
1741078239 53693 0
1741078241 53157 0
1741078244 52548 0
1741078246 52196 0
1741078248 51955 0
1741078250 51640 0
1741078252 51423 0
1741078254 51375 0
1741078256 51528 0
1741078258 51499 0
1741078260 51487 0
1741078262 51434 0
1741078264 51342 0
1741078266 51075 0
1741078268 50661 0
1741078270 50354 0
1741078272 50315 0
1741078274 50195 0
1741078276 50132 0
1741078278 50118 0
1741078280 50097 0
1741078282 50338 0
1741078284 50446 0
1741078286 50759 0
1741078289 51043 0
1741078291 51349 0
1741078293 51683 0
1741078295 51957 0
1741078297 51873 0
1741078299 51842 0
1741078301 52185 0
1741078303 51666 0
1741078305 51574 0
1741078307 51432 0
1741078309 51611 0
1741078311 51512 0
1741078313 51295 0
1741078315 51194 0
1741078317 51046 0
1741078319 51199 0
1741078321 51407 0
1741078323 51289 0
1741078325 51505 0
1741078327 51784 0
1741078329 52017 0
1741078331 52432 0
1741078333 52652 0
1741078336 51875 0
1741078338 51180 0
1741078340 50844 0
1741078342 50548 0
1741078344 50501 0
1741078346 50217 0
1741078348 50148 0
1741078350 50200 0
1741078352 50035 0
1741078354 50148 0
1741078356 50292 0
1741078358 50648 0
1741078360 51152 0
1741078362 51499 0
1741078364 51609 0
1741078366 51526 0
1741078368 51550 0
1741078370 51557 0
1741078372 51450 0
1741078374 51618 0
1741078376 51454 0
1741078378 51171 0
1741078380 51177 0
1741078383 51380 0
1741078385 51228 0
1741078387 51253 0
1741078389 51318 0
1741078391 51160 0
1741078393 51110 0
1741078395 51567 0
1741078397 51579 0
1741078399 52013 0
1741078401 52612 0
1741078403 52069 0
1741078405 51201 0
1741078407 50879 0
1741078409 50700 0
1741078411 50349 0
1741078413 50333 0
1741078415 49991 0
1741078417 49899 0
1741078419 49816 0
1741078421 50019 0
1741078423 49938 0
1741078425 49971 0
1741078428 49825 0
1741078430 49857 0
1741078432 49767 0
1741078434 50007 0
1741078436 50246 0
1741078438 50534 0
1741078440 50921 0
1741078442 51275 0
1741078444 51505 0
1741078446 51453 0
1741078448 51688 0
1741078450 51660 0
1741078452 51597 0
1741078454 51558 0
1741078456 51445 0
1741078458 51297 0
1741078460 51696 0
1741078462 51517 0
1741078464 51447 0
1741078466 51429 0
1741078468 51360 0
1741078470 51320 0
1741078472 51294 0
1741078475 50702 0
1741078477 50320 0
1741078479 50217 0
1741078481 50258 0
1741078483 50159 0
1741078485 50030 0
1741078487 49898 0
1741078489 49873 0
1741078491 49889 0
1741078493 49657 0
1741078495 49571 0
1741078497 49754 0
1741078499 49750 0
1741078501 49695 0
1741078503 49798 0
1741078505 49950 0
1741078507 50369 0
1741078509 50864 0
1741078511 50823 0
1741078513 51110 0
1741078515 51228 0
1741078517 51134 0
1741078519 51156 0
1741078522 51037 0
1741078524 51039 0
1741078526 51000 0
1741078528 51031 0
1741078530 50805 0
1741078532 50906 0
1741078534 50884 0
1741078536 50893 0
1741078538 50976 0
1741078540 51173 0
1741078542 50841 0
1741078544 50524 0
1741078546 50174 0
1741078548 50031 0
1741078550 49874 0
1741078552 49732 0
1741078554 49638 0
1741078556 49696 0
1741078558 49591 0
1741078560 49558 0
1741078562 49798 0
1741078564 50138 0
1741078567 50761 0
1741078569 51123 0
1741078571 51159 0
1741078573 51233 0
1741078575 51418 0
1741078577 51407 0
1741078579 51305 0
1741078581 51219 0
1741078583 51072 0
1741078585 50798 0
1741078587 50921 0
1741078589 50899 0
1741078591 50764 0
1741078593 50907 0
1741078595 50901 0
1741078597 50761 0
1741078599 50702 0
1741078601 50825 0
1741078603 50947 0
1741078605 51071 0
1741078607 51218 0
1741078609 50830 0
1741078611 50261 0
1741078614 49803 0
1741078616 49371 0
1741078618 49357 0
1741078620 49257 0
1741078622 49315 0
1741078624 49226 0
1741078626 49112 0
1741078628 49158 0
1741078630 49230 0
1741078632 49203 0
1741078634 49305 0
1741078636 49565 0
1741078638 49782 0
1741078640 50074 0
1741078642 50359 0
1741078644 50503 0
1741078646 50795 0
1741078648 50870 0
1741078650 50772 0
1741078652 50760 0
1741078654 50795 0
1741078656 50785 0
1741078659 50709 0
1741078661 50882 0
1741078663 50859 0
1741078665 50715 0
1741078667 50545 0
1741078669 50530 0
1741078671 50682 0
1741078673 50994 0
1741078675 50999 0
1741078677 50997 0
1741078679 50635 0
1741078681 50249 0
1741078683 50015 0
1741078685 49632 0
1741078687 49447 0
1741078689 49531 0
1741078691 49477 0
1741078693 49446 0
1741078695 49377 0
1741078697 49261 0
1741078699 49132 0
1741078701 49130 0
1741078703 49208 0
1741078706 49249 0
1741078708 49164 0
1741078710 49234 0
1741078712 49232 0
1741078714 49375 0
1741078716 49438 0
1741078718 49788 0
1741078720 50407 0
1741078722 50838 0
1741078724 50908 0
1741078726 50953 0
1741078728 50969 0
1741078730 51074 0
1741078732 51116 0
1741078734 51099 0
1741078736 51225 0
1741078738 51872 0
1741078740 51639 0
1741078742 51960 0
1741078744 52895 0
1741078746 52710 0
1741078748 51810 0
1741078751 51423 0
1741078753 50736 0
1741078755 50721 0
1741078757 50321 0
1741078759 49840 0
1741078761 49778 0
1741078763 49963 0
1741078765 50022 0
1741078767 50059 0
1741078769 50564 0
1741078771 51202 0
1741078773 50824 0
1741078775 50940 0
1741078777 50844 0
1741078779 50792 0
1741078781 50964 0
1741078783 50948 0
1741078785 51882 0
1741078787 52595 0
1741078789 53136 0
1741078791 52406 0
1741078793 52428 0
1741078795 52178 0
1741078798 52004 0
1741078800 52306 0
1741078802 51862 0
1741078804 51620 0
1741078806 51301 0
1741078808 51258 0
1741078810 50985 0
1741078812 51816 0
1741078814 52178 0
1741078816 51409 0
1741078818 51227 0
1741078820 51214 0
1741078822 50680 0
1741078824 50296 0
1741078826 49940 0
1741078828 49737 0
1741078830 49621 0
1741078832 49607 0
1741078834 49836 0
1741078836 49728 0
1741078838 49851 0
1741078840 50195 0
1741078842 50567 0
1741078845 50860 0
1741078847 51185 0
1741078849 51292 0
1741078851 51276 0
1741078853 51271 0
1741078855 51130 0
1741078857 51149 0
1741078859 50986 0
1741078861 50969 0
1741078863 51055 0
1741078865 51097 0
1741078867 51106 0
1741078869 51074 0
1741078871 50873 0
1741078873 50882 0
1741078875 50928 0
1741078877 50794 0
1741078879 50771 0
1741078881 50727 0
1741078883 50758 0
1741078885 50792 0
1741078887 50530 0
1741078890 50256 0
1741078892 50038 0
1741078894 49797 0
1741078896 49807 0
1741078898 49644 0
1741078900 49681 0
1741078902 49764 0
1741078904 49629 0
1741078906 49573 0
1741078908 49581 0
1741078910 49673 0
1741078912 50043 0
1741078914 50560 0
1741078916 50990 0
1741078918 51055 0
1741078920 51205 0
1741078922 51338 0
1741078924 51301 0
1741078926 51293 0
1741078928 51429 0
1741078930 51248 0
1741078932 51131 0
1741078934 51114 0
1741078937 51232 0
1741078939 51252 0
1741078941 51311 0
1741078943 51213 0
1741078945 51240 0
1741078947 51376 0
1741078949 51422 0
1741078951 51619 0
1741078953 51690 0
1741078955 51014 0
1741078957 50413 0
1741078959 50260 0
1741078961 50277 0
1741078963 50058 0
1741078965 49982 0
1741078967 50057 0
1741078969 49968 0
1741078971 49759 0
1741078973 49557 0
1741078975 49608 0
1741078977 49634 0
1741078979 49934 0
1741078982 49725 0
1741078984 49707 0
1741078986 49736 0
1741078988 49863 0
1741078990 50092 0
1741078992 50303 0
1741078994 50905 0
1741078996 51292 0
1741078998 51359 0
1741079000 51444 0
1741079002 51427 0
1741079004 51489 0
1741079006 51383 0
1741079008 51290 0
1741079010 51023 0
1741079012 50971 0
1741079014 50945 0
1741079016 50909 0
1741079018 50899 0
1741079020 51006 0
1741079022 50374 0
1741079024 49890 0
1741079026 49525 0
1741079029 49374 0
1741079031 49223 0
1741079033 49342 0
1741079035 49174 0
1741079037 49260 0
1741079039 49318 0
1741079041 49271 0
1741079043 49285 0
1741079045 49317 0
1741079047 49564 0
1741079049 49528 0
1741079051 49452 0
1741079053 49342 0
1741079055 49439 0
1741079057 49660 0
1741079059 50025 0
1741079061 50526 0
1741079063 50798 0
1741079065 51068 0
1741079067 51176 0
1741079069 51087 0
1741079071 51084 0
1741079073 51272 0
1741079076 51203 0
1741079078 50977 0
1741079080 50960 0
1741079082 50943 0
1741079084 51014 0
1741079086 50858 0
1741079088 50780 0
1741079090 50602 0
1741079092 50167 0
1741079094 49960 0
1741079096 49695 0
1741079098 49659 0
1741079100 49622 0
1741079102 49585 0
1741079104 49534 0
1741079106 49398 0
1741079108 49553 0
1741079110 49539 0
1741079112 49514 0
1741079114 49551 0
1741079116 49538 0
1741079118 49876 0
1741079121 50141 0
1741079123 50704 0
1741079125 50915 0
1741079127 51029 0
1741079129 51035 0
1741079131 51080 0
1741079133 51050 0
1741079135 50974 0
1741079137 51345 0
1741079139 51559 0
1741079141 51592 0
1741079143 51298 0
1741079145 51165 0
1741079147 51100 0
1741079149 51080 0
1741079151 51025 0
1741079153 50980 0
1741079155 50883 0
1741079157 50977 0
1741079159 50554 0
1741079161 50124 0
1741079163 49987 0
1741079165 49864 0
1741079168 49986 0
1741079170 50024 0
1741079172 49857 0
1741079174 49855 0
1741079176 49790 0
1741079178 49630 0
1741079180 49417 0
1741079182 49461 0
1741079184 49563 0
1741079186 49556 0
1741079188 49928 0
1741079190 50380 0
1741079192 50815 0
1741079194 50906 0
1741079196 50876 0
1741079198 50970 0
1741079200 51316 0
1741079202 51183 0
1741079204 51132 0
1741079206 51042 0
1741079208 51038 0
1741079210 51076 0
1741079212 51054 0
1741079215 50916 0
1741079217 50900 0
1741079219 50992 0
1741079221 50991 0
1741079223 51039 0
1741079225 51143 0
1741079227 51300 0
1741079229 50711 0
1741079231 50162 0
1741079233 49832 0
1741079235 49716 0
1741079237 49549 0
1741079239 49477 0
1741079241 49342 0
1741079243 49335 0
1741079245 49261 0
1741079247 49328 0
1741079249 49407 0
1741079251 49330 0
1741079253 49514 0
1741079255 49440 0
1741079257 49440 0
1741079259 49585 0
1741079262 49813 0
1741079264 49869 0
1741079266 49925 0
1741079268 50220 0
1741079270 50605 0
1741079272 50765 0
1741079274 50865 0
1741079276 50991 0
1741079278 50866 0
1741079280 50818 0
1741079282 50973 0
1741079284 51029 0
1741079286 50975 0
1741079288 51078 0
1741079290 51031 0
1741079292 50963 0
1741079294 51017 0
1741079296 50772 0
1741079298 50349 0
1741079300 50025 0
1741079302 49793 0
1741079304 49688 0
1741079306 49753 0
1741079309 49770 0
1741079311 49788 0
1741079313 49834 0
1741079315 49910 0
1741079317 49987 0
1741079319 50016 0
1741079321 50091 0
1741079323 49959 0
1741079325 49757 0
1741079327 49674 0
1741079329 49566 0
1741079331 49634 0
1741079333 49739 0
1741079335 49926 0
1741079337 50324 0
1741079339 50669 0
1741079341 50960 0
1741079343 51063 0
1741079345 50943 0
1741079347 51030 0
1741079349 50942 0
1741079351 50749 0
1741079353 50877 0
1741079356 50862 0
1741079358 50753 0
1741079360 51247 0
1741079362 51072 0
1741079364 50960 0
1741079366 50494 0
1741079368 50180 0
1741079370 49779 0
1741079372 49454 0
1741079374 49365 0
1741079376 49255 0
1741079378 49075 0
1741079380 49152 0
1741079382 49236 0
1741079384 49232 0
1741079386 49196 0
1741079388 49261 0
1741079390 49247 0
1741079392 49233 0
1741079394 49359 0
1741079396 49727 0
1741079398 50213 0
1741079401 50752 0
1741079403 51005 0
1741079405 51164 0
1741079407 51327 0
1741079409 51335 0
1741079411 51238 0
1741079413 51054 0
1741079415 51012 0
1741079417 51037 0
1741079419 50952 0
1741079421 50689 0
1741079423 50661 0
1741079425 50684 0
1741079427 50625 0
1741079429 50678 0
1741079431 51355 0
1741079433 51344 0
1741079435 50494 0
1741079437 49996 0
1741079439 49735 0
1741079441 49583 0
1741079443 49503 0
1741079445 49369 0
1741079448 49220 0
1741079450 49149 0
1741079452 48999 0
1741079454 49074 0
1741079456 49082 0
1741079458 48971 0
1741079460 49239 0
1741079462 49427 0
1741079464 49562 0
1741079466 49970 0
1741079468 50375 0
1741079470 50766 0
1741079472 50944 0
1741079474 50951 0
1741079476 50867 0
1741079478 50691 0
1741079480 50600 0
1741079482 50571 0
1741079484 50557 0
1741079486 50666 0
1741079488 50490 0
1741079490 50407 0
1741079492 50370 0
1741079495 50470 0
1741079497 50534 0
1741079499 50551 0
1741079501 50710 0
1741079503 50380 0
1741079505 50121 0
1741079507 49781 0
1741079509 49801 0
1741079511 49547 0
1741079513 49357 0
1741079515 49334 0
1741079517 49281 0
1741079519 49257 0
1741079521 49199 0
1741079523 49347 0
1741079525 49407 0
1741079527 49409 0
1741079529 49584 0
1741079531 49406 0
1741079533 49432 0
1741079535 49459 0
1741079537 49510 0
1741079539 49618 0
1741079542 49871 0
1741079544 50198 0
1741079546 50511 0
1741079548 50903 0
1741079550 51033 0
1741079552 51040 0
1741079554 51035 0
1741079556 50892 0
1741079558 50865 0
1741079560 51008 0
1741079562 51037 0
1741079564 50825 0
1741079566 50895 0
1741079568 50827 0
1741079570 50746 0
1741079572 50362 0
1741079574 49924 0
1741079576 49507 0
1741079578 49261 0
1741079580 49341 0
1741079582 49284 0
1741079584 49293 0
1741079587 49347 0
1741079589 49479 0
1741079591 49495 0
1741079593 49376 0
1741079595 49437 0
1741079597 49428 0
1741079599 49502 0
1741079601 49561 0
1741079603 49584 0
1741079605 49664 0
1741079607 49739 0
1741079609 49958 0
1741079611 50358 0
1741079613 50592 0
1741079615 50961 0
1741079617 50965 0
1741079619 50998 0
1741079621 51260 0
1741079623 51126 0
1741079625 51052 0
1741079627 51115 0
1741079629 51099 0
1741079632 50933 0
1741079634 50897 0
1741079636 50895 0
1741079638 50813 0
1741079640 50645 0
1741079642 50361 0
1741079644 49936 0
1741079646 49676 0
1741079648 49614 0
1741079650 49482 0
1741079652 49490 0
1741079654 49396 0
1741079656 49530 0
1741079658 49395 0
1741079660 50125 0
1741079662 49803 0
1741079664 49804 0
1741079666 49917 0
1741079668 50073 0
1741079670 50422 0
1741079672 50712 0
1741079674 51026 0
1741079676 51114 0
1741079679 51123 0
1741079681 51386 0
1741079683 51267 0
1741079685 51172 0
1741079687 51167 0
1741079689 51075 0
1741079691 51025 0
1741079693 50888 0
1741079695 50885 0
1741079697 50938 0
1741079699 50873 0
1741079701 50797 0
1741079703 50710 0
1741079705 50741 0
1741079707 50730 0
1741079709 50695 0
1741079711 50228 0
1741079713 49789 0
1741079715 49766 0
1741079717 49810 0
1741079719 49771 0
1741079721 49574 0
1741079724 49571 0
1741079726 49462 0
1741079728 49550 0
1741079730 49451 0
1741079732 49370 0
1741079734 49577 0
1741079736 49812 0
1741079738 50220 0
1741079740 50666 0
1741079742 51143 0
1741079744 51237 0
1741079746 51161 0
1741079748 51237 0
1741079750 51277 0
1741079752 51410 0
1741079754 51491 0
1741079756 51586 0
1741079758 51428 0
1741079760 51338 0
1741079762 51297 0
1741079764 51170 0
1741079766 51253 0
1741079768 51529 0
1741079771 51705 0
1741079773 51589 0
1741079775 51588 0
1741079777 51546 0
1741079779 51016 0
1741079781 50777 0
1741079783 50500 0
1741079785 50222 0
1741079787 50187 0
1741079789 50008 0
1741079791 50074 0
1741079793 50033 0
1741079795 49910 0
1741079797 49980 0
1741079799 50122 0
1741079801 50370 0
1741079803 50214 0
1741079805 50072 0
1741079807 50014 0
1741079809 49919 0
1741079811 50087 0
1741079813 50333 0
1741079816 50780 0
1741079818 51312 0
1741079820 51642 0
1741079822 51575 0
1741079824 51438 0
1741079826 51568 0
1741079828 51649 0
1741079830 51662 0
1741079832 51595 0
1741079834 51559 0
1741079836 51557 0
1741079838 51509 0
1741079840 51591 0
1741079842 51505 0
1741079844 51235 0
1741079846 50983 0
1741079848 50701 0
1741079850 50451 0
1741079852 50420 0
1741079854 50309 0
1741079856 50253 0
1741079858 50085 0
1741079860 50276 0
1741079863 50133 0
1741079865 49931 0
1741079867 49828 0
1741079869 49779 0
1741079871 49994 0
1741079873 49938 0
1741079875 49888 0
1741079877 49868 0
1741079879 50031 0
1741079881 50279 0
1741079883 50550 0
1741079885 50828 0
1741079887 51284 0
1741079889 51461 0
1741079891 51406 0
1741079893 51544 0
1741079895 51511 0
1741079897 51485 0
1741079899 51495 0
1741079901 51425 0
1741079903 51344 0
1741079905 51316 0
1741079908 51442 0
1741079910 51296 0
1741079912 51581 0
1741079914 51492 0
1741079916 51095 0
1741079918 50743 0
1741079920 50605 0
1741079922 50378 0
1741079924 50390 0
1741079926 50284 0
1741079928 50164 0
1741079930 50015 0
1741079932 50079 0
1741079934 49961 0
1741079936 49996 0
1741079938 49890 0
1741079940 50162 0
1741079942 50523 0
1741079944 50845 0
1741079946 51188 0
1741079948 51494 0
1741079950 51617 0
1741079953 51502 0
1741079955 51458 0
1741079957 51511 0
1741079959 51531 0
1741079961 51953 0
1741079963 51772 0
1741079965 51561 0
1741079967 51464 0
1741079969 51378 0
1741079971 51265 0
1741079973 51386 0
1741079975 51231 0
1741079977 51255 0
1741079979 51486 0
1741079981 51725 0
1741079983 51425 0
1741079985 50928 0
1741079987 50571 0
1741079989 50414 0
1741079991 50334 0
1741079993 50208 0
1741079995 50164 0
1741079997 49936 0
1741080000 49813 0
1741080002 49762 0
1741080004 49753 0
1741080006 49807 0
1741080008 50039 0
1741080010 50476 0
1741080012 50790 0
1741080014 51196 0
1741080016 51329 0
1741080018 51367 0
1741080020 51457 0
1741080022 51459 0
1741080024 51277 0
1741080026 51172 0
1741080028 51251 0
1741080030 51360 0
1741080032 51312 0
1741080034 51226 0
1741080036 51197 0
1741080038 51302 0
1741080040 51407 0
1741080042 51272 0
1741080045 51260 0
1741080047 51274 0
1741080049 51500 0
1741080051 51814 0
1741080053 51492 0
1741080055 51038 0
1741080057 50712 0
1741080059 50257 0
1741080061 50011 0
1741080063 49833 0
1741080065 49869 0
1741080067 49948 0
1741080069 50013 0
1741080071 49967 0
1741080073 49873 0
1741080075 49900 0
1741080077 49747 0
1741080079 49745 0
1741080081 49814 0
1741080083 50036 0
1741080085 50179 0
1741080087 50493 0
1741080089 50792 0
1741080092 51083 0
1741080094 51367 0
1741080096 51518 0
1741080098 51502 0
1741080100 51732 0
1741080102 51766 0
1741080104 51568 0
1741080106 51454 0
1741080108 51322 0
1741080110 51536 0
1741080112 51410 0
1741080114 51528 0
1741080116 51415 0
1741080118 51332 0
1741080120 51284 0
1741080122 50958 0
1741080124 50768 0
1741080126 50415 0
1741080128 50460 0
1741080130 50356 0
1741080132 50277 0
1741080134 50241 0
1741080136 50196 0
1741080139 50131 0
1741080141 49944 0
1741080143 50000 0
1741080145 49889 0
1741080147 49829 0
1741080149 49859 0
1741080151 49876 0
1741080153 49992 0
1741080155 50269 0
1741080157 50462 0
1741080159 50818 0
1741080161 51351 0
1741080163 51606 0
1741080165 51701 0
1741080167 51764 0
1741080169 51517 0
1741080171 51517 0
1741080173 51537 0
1741080175 51489 0
1741080177 51542 0
1741080179 51551 0
1741080181 51655 0
1741080184 51635 0
1741080186 51526 0
1741080188 51536 0
1741080190 51614 0
1741080192 51121 0
1741080194 50751 0
1741080196 50641 0
1741080198 50520 0
1741080200 50521 0
1741080202 50515 0
1741080204 50368 0
1741080206 50377 0
1741080208 50424 0
1741080210 50382 0
1741080212 50442 0
1741080214 50571 0
1741080216 50895 0
1741080218 51194 0
1741080220 51834 0
1741080222 51945 0
1741080224 51892 0
1741080226 51909 0
1741080228 51838 0
1741080231 51638 0
1741080233 51569 0
1741080235 51648 0
1741080237 51454 0
1741080239 51505 0
1741080241 51689 0
1741080243 51691 0
1741080245 51728 0
1741080247 51832 0
1741080249 52050 0
1741080251 52015 0
1741080253 52082 0
1741080255 52430 0
1741080257 52933 0
1741080259 52522 0
1741080261 52489 0
1741080263 51648 0
1741080265 51114 0
1741080267 50783 0
1741080269 50716 0
1741080271 50466 0
1741080273 50364 0
1741080276 50345 0
1741080278 50316 0
1741080280 50404 0
1741080282 50581 0
1741080284 50862 0
1741080286 51264 0
1741080288 51582 0
1741080290 51603 0
1741080292 51791 0
1741080294 51772 0
1741080296 51811 0
1741080298 51800 0
1741080300 51791 0
1741080302 51690 0
1741080304 51604 0
1741080306 51609 0
1741080308 51810 0
1741080310 51711 0
1741080312 51645 0
1741080314 51856 0
1741080316 52153 0
1741080318 52279 0
1741080321 52458 0
1741080323 52646 0
1741080325 52846 0
1741080327 52909 0
1741080329 51821 0
1741080331 51264 0
1741080333 50910 0
1741080335 50632 0
1741080337 50265 0
1741080339 50268 0
1741080341 50501 0
1741080343 50309 0
1741080345 50243 0
1741080347 50156 0
1741080349 50241 0
1741080351 50228 0
1741080353 50048 0
1741080355 49955 0
1741080357 49967 0
1741080359 50056 0
1741080361 50113 0
1741080363 50368 0
1741080365 50752 0
1741080368 51285 0
1741080370 51573 0
1741080372 51537 0
1741080374 51530 0
1741080376 51620 0
1741080378 51708 0
1741080380 51728 0
1741080382 51661 0
1741080384 51451 0
1741080386 51488 0
1741080388 51353 0
1741080390 51373 0
1741080392 51554 0
1741080394 51648 0
1741080396 51268 0
1741080398 50872 0
1741080400 50716 0
1741080402 50439 0
1741080404 50199 0
1741080406 50181 0
1741080408 50042 0
1741080410 50119 0
1741080413 50045 0
1741080415 50021 0
1741080417 50096 0
1741080419 49992 0
1741080421 50068 0
1741080423 50179 0
1741080425 50229 0
1741080427 50306 0
1741080429 50443 0
1741080431 50639 0
1741080433 50892 0
1741080435 51407 0
1741080437 51693 0
1741080439 51783 0
1741080441 51876 0
1741080443 52075 0
1741080445 51860 0
1741080447 52053 0
1741080449 51917 0
1741080451 51686 0
1741080453 51898 0
1741080455 51740 0
1741080457 51961 0
1741080460 51832 0
1741080462 51782 0
1741080464 51796 0
1741080466 51763 0
1741080468 51559 0
1741080470 51092 0
1741080472 51046 0
1741080474 50948 0
1741080476 51140 0
1741080478 50858 0
1741080480 51072 0
1741080482 50941 0
1741080484 51548 0
1741080486 51597 0
1741080488 51980 0
1741080490 52131 0
1741080492 52357 0
1741080494 52224 0
1741080496 52197 0
1741080498 52164 0
1741080500 52210 0
1741080502 52221 0
1741080504 52093 0
1741080507 51831 0
1741080509 51733 0
1741080511 51841 0
1741080513 51715 0
1741080515 51837 0
1741080517 51881 0
1741080519 51854 0
1741080521 52065 0
1741080523 52041 0
1741080525 52037 0
1741080527 52403 0
1741080529 52627 0
1741080531 53565 0
1741080533 53834 0
1741080535 52927 0
1741080537 52108 0
1741080539 51456 0
1741080541 51441 0
1741080543 51090 0
1741080545 51244 0
1741080547 51089 0
1741080549 51107 0
1741080552 50907 0
1741080554 51053 0
1741080556 51495 0
1741080558 51764 0
1741080560 52857 0
1741080562 53112 0
1741080564 53123 0
1741080566 53015 0
1741080568 52834 0
1741080570 52799 0
1741080572 52675 0
1741080574 52535 0
1741080576 52403 0
1741080578 52437 0
1741080580 52432 0
1741080582 52535 0
1741080584 52358 0
1741080586 52427 0
1741080588 52403 0
1741080590 52736 0
1741080592 52823 0
1741080594 52810 0
1741080596 53047 0
1741080599 53448 0
1741080601 53983 0
1741080603 53469 0
1741080605 52636 0
1741080607 52173 0
1741080609 51907 0
1741080611 51488 0
1741080613 51279 0
1741080615 51232 0
1741080617 51242 0
1741080619 51212 0
1741080621 51115 0
1741080623 51167 0
1741080625 51184 0
1741080627 51338 0
1741080629 51315 0
1741080631 51250 0
1741080633 51538 0
1741080635 51970 0
1741080637 52389 0
1741080639 52707 0
1741080641 53063 0
1741080643 52984 0
1741080646 52781 0
1741080648 52798 0
1741080650 52625 0
1741080652 52555 0
1741080654 52461 0
1741080656 52393 0
1741080658 52511 0
1741080660 52454 0
1741080662 52394 0
1741080664 52204 0
1741080666 52376 0
1741080668 52696 0
1741080670 52832 0
1741080672 52316 0
1741080674 51971 0
1741080676 51754 0
1741080678 51561 0
1741080680 51479 0
1741080682 51434 0
1741080684 51411 0
1741080686 51315 0
1741080688 51400 0
1741080691 51326 0
1741080693 51353 0
1741080695 51309 0
1741080697 51377 0
1741080699 51523 0
1741080701 51940 0
1741080703 52407 0
1741080705 52758 0
1741080707 52801 0
1741080709 52838 0
1741080711 52793 0
1741080713 52838 0
1741080715 52882 0
1741080717 52985 0
1741080719 52998 0
1741080721 53002 0
1741080723 53065 0
1741080725 53039 0
1741080727 53126 0
1741080729 53077 0
1741080731 53081 0
1741080733 53122 0
1741080735 53299 0
1741080738 53077 0
1741080740 53144 0
1741080742 52797 0
1741080744 52443 0
1741080746 52211 0
1741080748 52153 0
1741080750 52104 0
1741080752 51936 0
1741080754 52078 0
1741080756 52060 0
1741080758 52383 0
1741080760 52963 0
1741080762 53294 0
1741080764 53340 0
1741080766 53336 0
1741080768 53212 0
1741080770 53300 0
1741080772 53293 0
1741080774 53324 0
1741080776 53400 0
1741080778 53326 0
1741080780 53289 0
1741080782 53429 0
1741080785 53388 0
1741080787 53521 0
1741080789 53636 0
1741080791 53670 0
1741080793 53732 0
1741080795 54139 0
1741080797 54661 0
1741080799 55495 0
1741080801 55662 0
1741080803 55484 0
1741080805 55234 0
1741080807 55151 0
1741080809 54587 0
1741080811 53788 0
1741080813 53278 0
1741080815 52819 0
1741080817 52387 0
1741080819 52198 0
1741080821 52304 0
1741080823 52124 0
1741080825 52276 0
1741080827 52552 0
1741080830 52757 0
1741080832 53131 0
1741080834 53249 0
1741080836 53177 0
1741080838 53149 0
1741080840 53144 0
1741080842 53190 0
1741080844 53181 0
1741080846 53220 0
1741080848 53208 0
1741080850 53241 0
1741080852 53207 0
1741080854 53138 0
1741080856 53208 0
1741080858 53290 0
1741080860 54175 0
1741080862 54495 0
1741080864 55064 0
1741080866 55560 0
1741080868 55826 0
1741080870 55610 0
1741080872 55501 0
1741080875 55218 0
1741080877 54971 0
1741080879 54228 0
1741080881 53735 0
1741080883 53038 0
1741080885 52593 0
1741080887 52372 0
1741080889 52033 0
1741080891 52160 0
1741080893 52237 0
1741080895 52319 0
1741080897 52363 0
1741080899 52436 0
1741080901 52522 0
1741080903 52877 0
1741080905 53097 0
1741080907 53420 0
1741080909 53919 0
1741080911 53868 0
1741080913 53966 0
1741080915 54599 0
1741080917 55003 0
1741080919 55377 0
1741080922 55444 0
1741080924 55842 0
1741080926 56615 0
1741080928 56354 0
1741080930 56071 0
1741080932 55804 0
1741080934 55739 0
1741080936 56524 0
1741080938 58551 0
1741080940 58055 0
1741080942 57156 0
1741080944 56708 0
1741080946 56354 0
1741080948 55270 0
1741080950 54336 0
1741080952 53610 0
1741080954 53210 0
1741080956 52941 0
1741080958 52997 0
1741080960 52837 0
1741080962 52652 0
1741080964 52505 0
1741080966 52607 0
1741080969 52934 0
1741080971 53132 0
1741080973 53419 0
1741080975 53709 0
1741080977 53812 0
1741080979 53891 0
1741080981 53876 0
1741080983 53852 0
1741080985 53914 0
1741080987 53909 0
1741080989 53999 0
1741080991 53995 0
1741080993 53972 0
1741080995 53963 0
1741080997 53941 0
1741080999 54019 0
1741081001 54210 0
1741081003 54200 0
1741081005 54299 0
1741081007 54500 0
1741081009 54939 0
1741081011 55530 0
1741081013 55959 0
1741081016 55424 0
1741081018 54750 0
1741081020 54344 0
1741081022 53966 0
1741081024 53793 0
1741081026 53867 0
1741081028 54215 0
1741081030 54468 0
1741081032 54695 0
1741081034 54699 0
1741081036 54648 0
1741081038 54572 0
1741081040 54575 0
1741081042 54583 0
1741081044 54616 0
1741081046 54737 0
1741081048 54848 0
1741081050 54790 0
1741081052 54806 0
1741081054 54876 0
1741081056 54841 0
1741081059 54806 0
1741081061 55134 0
1741081063 55223 0
1741081065 55612 0
1741081067 56197 0
1741081069 56577 0
1741081071 56542 0
1741081073 56362 0
1741081075 56244 0
1741081077 55944 0
1741081079 55740 0
1741081081 55520 0
1741081083 55392 0
1741081085 54910 0
1741081087 54749 0
1741081089 54660 0
1741081091 54573 0
1741081093 54616 0
1741081095 54956 0
1741081097 55123 0
1741081099 55208 0
1741081101 55174 0
1741081103 55096 0
1741081106 54989 0
1741081108 55103 0
1741081110 55025 0
1741081112 54956 0
1741081114 54908 0
1741081116 54962 0
1741081118 54819 0
1741081120 54977 0
1741081122 55168 0
1741081124 55074 0
1741081126 55118 0
1741081128 55214 0
1741081130 55363 0
1741081132 55648 0
1741081134 56152 0
1741081136 56703 0
1741081138 56755 0
1741081140 56613 0
1741081142 56380 0
1741081144 56197 0
1741081146 56086 0
1741081148 55909 0
1741081151 55532 0
1741081153 55282 0
1741081155 54884 0
1741081157 54546 0
1741081159 54329 0
1741081161 54418 0
1741081163 54301 0
1741081165 54114 0
1741081167 54274 0
1741081169 54400 0
1741081171 54464 0
1741081173 54893 0
1741081175 55374 0
1741081177 55432 0
1741081179 55398 0
1741081181 55421 0
1741081183 55467 0
1741081185 55553 0
1741081187 55476 0
1741081189 55269 0
1741081191 55071 0
1741081193 54994 0
1741081195 54868 0
1741081198 54789 0
1741081200 55003 0
1741081202 55171 0
1741081204 55283 0
1741081206 55442 0
1741081208 55962 0
1741081210 56468 0
1741081212 57024 0
1741081214 57346 0
1741081216 57248 0
1741081218 57028 0
1741081220 56933 0
1741081222 56128 0
1741081224 55338 0
1741081226 55350 0
1741081228 55891 0
1741081230 55408 0
1741081232 54991 0
1741081234 54747 0
1741081236 54557 0
1741081238 54699 0
1741081240 55288 0
1741081242 55295 0
1741081245 55248 0
1741081247 55228 0
1741081249 55237 0
1741081251 55152 0
1741081253 55120 0
1741081255 55013 0
1741081257 55141 0
1741081259 54965 0
1741081261 54875 0
1741081263 54741 0
1741081265 54817 0
1741081267 54967 0
1741081269 55084 0
1741081271 55198 0
1741081273 55094 0
1741081275 55481 0
1741081277 55745 0
1741081279 56293 0
1741081281 56937 0
1741081283 57140 0
1741081285 57088 0
1741081287 56843 0
1741081290 56416 0
1741081292 55999 0
1741081294 55743 0
1741081296 55527 0
1741081298 55477 0
1741081300 55524 0
1741081302 55633 0
1741081304 55671 0
1741081306 55349 0
1741081308 55253 0
1741081310 55256 0
1741081312 55218 0
1741081314 55248 0
1741081316 55233 0
1741081318 55274 0
1741081320 55276 0
1741081322 55196 0
1741081324 54996 0
1741081326 54980 0
1741081328 55778 0
1741081330 57155 0
1741081332 58502 0
1741081334 58713 0
1741081337 57951 0
1741081339 57669 0
1741081341 57370 0
1741081343 57262 0
1741081345 57980 0
1741081347 58733 0
1741081349 58072 0
1741081351 58170 0
1741081353 57363 0
1741081355 56680 0
1741081357 56103 0
1741081359 55624 0
1741081361 55217 0
1741081363 54935 0
1741081365 54868 0
1741081367 54865 0
1741081369 55018 0
1741081371 55023 0
1741081373 55092 0
1741081375 54981 0
1741081377 55022 0
1741081379 54961 0
1741081382 54946 0
1741081384 54760 0
1741081386 54697 0
1741081388 54769 0
1741081390 54717 0
1741081392 54716 0
1741081394 54753 0
1741081396 54619 0
1741081398 54631 0
1741081400 54566 0
1741081402 54569 0
1741081404 54583 0
1741081406 54659 0
1741081408 54990 0
1741081410 55327 0
1741081412 56008 0
1741081414 56349 0
1741081416 56295 0
1741081418 56135 0
1741081420 56206 0
1741081422 55915 0
1741081424 55586 0
1741081426 55458 0
1741081429 54939 0
1741081431 54423 0
1741081433 53986 0
1741081435 53697 0
1741081437 53484 0
1741081439 53523 0
1741081441 53453 0
1741081443 53326 0
1741081445 53476 0
1741081447 53698 0
1741081449 54030 0
1741081451 54275 0
1741081453 54447 0
1741081455 54735 0
1741081457 54771 0
1741081459 54850 0
1741081461 55418 0
1741081463 55122 0
1741081465 54852 0
1741081467 54714 0
1741081469 54511 0
1741081471 54546 0
1741081473 54532 0
1741081476 54463 0
1741081478 54457 0
1741081480 54535 0
1741081482 54620 0
1741081484 54748 0
1741081486 54874 0
1741081488 54905 0
1741081490 55194 0
1741081492 55824 0
1741081494 56331 0
1741081496 55998 0
1741081498 55191 0
1741081500 54600 0
1741081502 54235 0
1741081504 53859 0
1741081506 53544 0
1741081508 53518 0
1741081510 53276 0
1741081512 53268 0
1741081514 53221 0
1741081516 53341 0
1741081518 53338 0
1741081521 53577 0
1741081523 53968 0
1741081525 54262 0
1741081527 54546 0
1741081529 54412 0
1741081531 54428 0
1741081533 54399 0
1741081535 54468 0
1741081537 54508 0
1741081539 54422 0
1741081541 54735 0
1741081543 54533 0
1741081545 54421 0
1741081547 54283 0
1741081549 54306 0
1741081551 54325 0
1741081553 54360 0
1741081555 54343 0
1741081557 54677 0
1741081559 55038 0
1741081561 55559 0
1741081563 56151 0
1741081565 55690 0
1741081568 55205 0
1741081570 55002 0
1741081572 54746 0
1741081574 54741 0
1741081576 54890 0
1741081578 54940 0
1741081580 54805 0
1741081582 54741 0
1741081584 54651 0
1741081586 54554 0
1741081588 54711 0
1741081590 54893 0
1741081592 54840 0
1741081594 54862 0
1741081596 54895 0
1741081598 54734 0
1741081600 54855 0
1741081602 54938 0
1741081604 54985 0
1741081606 55041 0
1741081608 55105 0
1741081610 55148 0
1741081612 56066 0
1741081615 56804 0
1741081617 57011 0
1741081619 56997 0
1741081621 56858 0
1741081623 56513 0
1741081625 56209 0
1741081627 56083 0
1741081629 55896 0
1741081631 56164 0
1741081633 55728 0
1741081635 55217 0
1741081637 54841 0
1741081639 54453 0
1741081641 54215 0
1741081643 54200 0
1741081645 54437 0
1741081647 54669 0
1741081649 55181 0
1741081651 55263 0
1741081653 55192 0
1741081655 54989 0
1741081657 54875 0
1741081660 54788 0
1741081662 54942 0
1741081664 54899 0
1741081666 54710 0
1741081668 54958 0
1741081670 54861 0
1741081672 54776 0
1741081674 54641 0
1741081676 54675 0
1741081678 54697 0
1741081680 54684 0
1741081682 54668 0
1741081684 54788 0
1741081686 54886 0
1741081688 55553 0
1741081690 55981 0
1741081692 56287 0
1741081694 56192 0
1741081696 55923 0
1741081698 55751 0
1741081700 55653 0
1741081702 55340 0
1741081705 54895 0
1741081707 54999 0
1741081709 54293 0
1741081711 53946 0
1741081713 53638 0
1741081715 53410 0
1741081717 53266 0
1741081719 53259 0
1741081721 53440 0
1741081723 53546 0
1741081725 53711 0
1741081727 54376 0
1741081729 54474 0
1741081731 54509 0
1741081733 54358 0
1741081735 54432 0
1741081737 54303 0
1741081739 54202 0
1741081741 54222 0
1741081743 54341 0
1741081745 54116 0
1741081747 54154 0
1741081749 54207 0
1741081752 54259 0
1741081754 54053 0
1741081756 54189 0
1741081758 54621 0
1741081760 54874 0
1741081762 55556 0
1741081764 56013 0
1741081766 56423 0
1741081768 56734 0
1741081770 56459 0
1741081772 55538 0
1741081774 55009 0
1741081776 54198 0
1741081778 53550 0
1741081780 53415 0
1741081782 53191 0
1741081784 52892 0
1741081786 52878 0
1741081788 52827 0
1741081790 52599 0
1741081792 52707 0
1741081794 52644 0
1741081797 53011 0
1741081799 53751 0
1741081801 54157 0
1741081803 54096 0
1741081805 54109 0
1741081807 54143 0
1741081809 54255 0
1741081811 54285 0
1741081813 54219 0
1741081815 54155 0
1741081817 53904 0
1741081819 53824 0
1741081821 53746 0
1741081823 53921 0
1741081825 53839 0
1741081827 53833 0
1741081829 54335 0
1741081831 54455 0
1741081833 54672 0
1741081835 55055 0
1741081837 55687 0
1741081839 55781 0
1741081841 55374 0
1741081844 55095 0
1741081846 54641 0
1741081848 54455 0
1741081850 54389 0
1741081852 54716 0
1741081854 54670 0
1741081856 54552 0
1741081858 54420 0
1741081860 54300 0
1741081862 54180 0
1741081864 54189 0
1741081866 53957 0
1741081868 54595 0
1741081870 54283 0
1741081872 54004 0
1741081874 53802 0
1741081876 53835 0
1741081878 53741 0
1741081880 53651 0
1741081882 53685 0
1741081884 53635 0
1741081886 54013 0
1741081888 54152 0
1741081891 54100 0
1741081893 54407 0
1741081895 54804 0
1741081897 55413 0
1741081899 55753 0
1741081901 55962 0
1741081903 55591 0
1741081905 55362 0
1741081907 55237 0
1741081909 54618 0
1741081911 54528 0
1741081913 53822 0
1741081915 53355 0
1741081917 53016 0
1741081919 52801 0
1741081921 52664 0
1741081923 52749 0
1741081925 53100 0
1741081927 54294 0
1741081929 54305 0
1741081931 54249 0
1741081933 54152 0
1741081936 54156 0
1741081938 54015 0
1741081940 54140 0
1741081942 54472 0
1741081944 54225 0
1741081946 53961 0
1741081948 53945 0
1741081950 53753 0
1741081952 53677 0
1741081954 53722 0
1741081956 53660 0
1741081958 53707 0
1741081960 53858 0
1741081962 54549 0
1741081964 54788 0
1741081966 55254 0
1741081968 55659 0
1741081970 55670 0
1741081972 55503 0
1741081974 55279 0
1741081976 55060 0
1741081978 54293 0
1741081980 54217 0
1741081983 53643 0
1741081985 53060 0
1741081987 52909 0
1741081989 52859 0
1741081991 52591 0
1741081993 52384 0
1741081995 52334 0
1741081997 52177 0
1741081999 52202 0
1741082001 52520 0
1741082003 52729 0
1741082005 53102 0
1741082007 53496 0
1741082009 53719 0
1741082011 54892 0
1741082013 55714 0
1741082015 55911 0
1741082017 57096 0
1741082019 57088 0
1741082021 58091 0
1741082023 59857 0
1741082025 60100 0
1741082027 59079 0
1741082030 58522 0
1741082032 58159 0
1741082034 58264 0
1741082036 58129 0
1741082038 57869 0
1741082040 58157 0
1741082042 57691 0
1741082044 58572 0
1741082046 57937 0
1741082048 56939 0
1741082050 56797 0
1741082052 58138 0
1741082054 58201 0
1741082056 58558 0
1741082058 57709 0
1741082060 56985 0
1741082062 56675 0
1741082064 56773 0
1741082066 58329 0
1741082068 57429 0
1741082070 57747 0
1741082072 57475 0
1741082075 57868 0
1741082077 57396 0
1741082079 58166 0
1741082081 57507 0
1741082083 57229 0
1741082085 57060 0
1741082087 56242 0
1741082089 57605 0
1741082091 56864 0
1741082093 56805 0
1741082095 56825 0
1741082097 56474 0
1741082099 56808 0
1741082101 57474 0
1741082103 58186 0
1741082105 57513 0
1741082107 57244 0
1741082109 57034 0
1741082111 57093 0
1741082113 57827 0
1741082115 58915 0
1741082117 59641 0
1741082119 62163 0
1741082122 61860 0
1741082124 61293 0
1741082126 60847 0
1741082128 59682 0
1741082130 58838 0
1741082132 59203 0
1741082134 59154 0
1741082136 59804 0
1741082138 59697 0
1741082140 58465 0
1741082142 57069 0
1741082144 55887 0
1741082146 55561 0
1741082148 56310 0
1741082150 58367 0
1741082152 60091 0
1741082154 59538 0
1741082156 58957 0
1741082158 58603 0
1741082160 58188 0
1741082162 59226 0
1741082164 60244 0
1741082166 60558 0
1741082169 59233 0
1741082171 58697 0
1741082173 57546 0
1741082175 57757 0
1741082177 56711 0
1741082179 56198 0
1741082181 56272 0
1741082183 56888 0
1741082185 57724 0
1741082187 56903 0
1741082189 56449 0
1741082191 56531 0
1741082193 56870 0
1741082195 57307 0
1741082197 56947 0
1741082199 57143 0
1741082201 57774 0
1741082203 58468 0
1741082205 58298 0
1741082207 57005 0
1741082209 57229 0
1741082211 56661 0
1741082214 57547 0
1741082216 58484 0
1741082218 58383 0
1741082220 58687 0
1741082222 59401 0
1741082224 59513 0
1741082226 58598 0
1741082228 58411 0
1741082230 58302 0
1741082232 57526 0
1741082234 57292 0
1741082236 57698 0
1741082238 57683 0
1741082240 58027 0
1741082242 56518 0
1741082244 55848 0
1741082246 55718 0
1741082248 55484 0
1741082250 54847 0
1741082252 54569 0
1741082254 56807 0
1741082256 55460 0
1741082259 54369 0
1741082261 53831 0
1741082263 53248 0
1741082265 52706 0
1741082267 52374 0
1741082269 52277 0
1741082271 52466 0
1741082273 52351 0
1741082275 52192 0
1741082277 52283 0
1741082279 52458 0
1741082281 52894 0
1741082283 53133 0
1741082285 53925 0
1741082287 53827 0
1741082289 53764 0
1741082291 53527 0
1741082293 53325 0
1741082295 53790 0
1741082297 54694 0
1741082299 55131 0
1741082301 54775 0
1741082303 54831 0
1741082306 54797 0
1741082308 55621 0
1741082310 56960 0
1741082312 57214 0
1741082314 57216 0
1741082316 57420 0
1741082318 56899 0
1741082320 57228 0
1741082322 56429 0
1741082324 56384 0
1741082326 56276 0
1741082328 55960 0
1741082330 55101 0
1741082332 54451 0
1741082334 53807 0
1741082336 54359 0
1741082338 54718 0
1741082340 55020 0
1741082342 55221 0
1741082344 54716 0
1741082346 54382 0
1741082348 54322 0
1741082350 53999 0
1741082353 53686 0
1741082355 53780 0
1741082357 53740 0
1741082359 54238 0
1741082361 54528 0
1741082363 54092 0
1741082365 53683 0
1741082367 53429 0
1741082369 53211 0
1741082371 53457 0
1741082373 53255 0
1741082375 53131 0
1741082377 53057 0
1741082379 52945 0
1741082381 53064 0
1741082383 53045 0
1741082385 53092 0
1741082387 53218 0
1741082389 53334 0
1741082391 54033 0
1741082393 54583 0
1741082395 54523 0
1741082398 54389 0
1741082400 54266 0
1741082402 54444 0
1741082404 54771 0
1741082406 54820 0
1741082408 54770 0
1741082410 54788 0
1741082412 54482 0
1741082414 54166 0
1741082416 54297 0
1741082418 53910 0
1741082420 53562 0
1741082422 53496 0
1741082424 53341 0
1741082426 53081 0
1741082428 52876 0
1741082430 52738 0
1741082432 52461 0
1741082434 53163 0
1741082436 52926 0
1741082438 52928 0
1741082440 53292 0
1741082442 53703 0
1741082445 54902 0
1741082447 55622 0
1741082449 55911 0
1741082451 55785 0
1741082453 55831 0
1741082455 55275 0
1741082457 55591 0
1741082459 55192 0
1741082461 54977 0
1741082463 54383 0
1741082465 54166 0
1741082467 53838 0
1741082469 53900 0
1741082471 54397 0
1741082473 54225 0
1741082475 54143 0
1741082477 53867 0
1741082479 55058 0
1741082481 54793 0
1741082483 54668 0
1741082485 54042 0
1741082487 53849 0
1741082489 53401 0
1741082492 53198 0
1741082494 52943 0
1741082496 52682 0
1741082498 52580 0
1741082500 53243 0
1741082502 53066 0
1741082504 52914 0
1741082506 52756 0
1741082508 52737 0
1741082510 52692 0
1741082512 52849 0
1741082514 53398 0
1741082516 54083 0
1741082518 55149 0
1741082520 55626 0
1741082522 55364 0
1741082524 55236 0
1741082526 54913 0
1741082528 54009 0
1741082530 53366 0
1741082532 53199 0
1741082534 52495 0
1741082537 52037 0
1741082539 51891 0
1741082541 51568 0
1741082543 51300 0
1741082545 51118 0
1741082547 51160 0
1741082549 51714 0
1741082551 51588 0
1741082553 51480 0
1741082555 51789 0
1741082557 52293 0
1741082559 52814 0
1741082561 53657 0
1741082563 54454 0
1741082565 54360 0
1741082567 53788 0
1741082569 53608 0
1741082571 53614 0
1741082573 53597 0
1741082575 53973 0
1741082577 53635 0
1741082579 53901 0
1741082581 53315 0
1741082584 53219 0
1741082586 53719 0
1741082588 54320 0
1741082590 54652 0
1741082592 54785 0
1741082594 55534 0
1741082596 55070 0
1741082598 53816 0
1741082600 53238 0
1741082602 52793 0
1741082604 52354 0
1741082606 51938 0
1741082608 51713 0
1741082610 52590 0
1741082612 52632 0
1741082614 52242 0
1741082616 52575 0
1741082618 53809 0
1741082620 54002 0
1741082622 53857 0
1741082624 53747 0
1741082626 53856 0
1741082629 54114 0
1741082631 53635 0
1741082633 53467 0
1741082635 53675 0
1741082637 53464 0
1741082639 53302 0
1741082641 53080 0
1741082643 52864 0
1741082645 52817 0
1741082647 53441 0
1741082649 53295 0
1741082651 53081 0
1741082653 53341 0
1741082655 53450 0
1741082657 53284 0
1741082659 54046 0
1741082661 54783 0
1741082663 55045 0
1741082665 54069 0
1741082667 53273 0
1741082669 52721 0
1741082671 52400 0
1741082673 52591 0
1741082676 52568 0
1741082678 52230 0
1741082680 52341 0
1741082682 52531 0
1741082684 52582 0
1741082686 52846 0
1741082688 52996 0
1741082690 53266 0
1741082692 54468 0
1741082694 54007 0
1741082696 53857 0
1741082698 53748 0
1741082700 53781 0
1741082702 53763 0
1741082704 53601 0
1741082706 53905 0
1741082708 54155 0
1741082710 54279 0
1741082712 54250 0
1741082714 54337 0
1741082716 55643 0
1741082718 56670 0
1741082720 56180 0
1741082723 56009 0
1741082725 55664 0
1741082727 55413 0
1741082729 55166 0
1741082731 54877 0
1741082733 54649 0
1741082735 54626 0
1741082737 53752 0
1741082739 53119 0
1741082741 52875 0
1741082743 52502 0
1741082745 52189 0
1741082747 52023 0
1741082749 52428 0
1741082751 52557 0
1741082753 52612 0
1741082755 52844 0
1741082757 52882 0
1741082759 52866 0
1741082761 52913 0
1741082763 52895 0
1741082765 53042 0
1741082767 53091 0
1741082770 53013 0
1741082772 52956 0
1741082774 52903 0
1741082776 52779 0
1741082778 52879 0
1741082780 52798 0
1741082782 52783 0
1741082784 53151 0
1741082786 53029 0
1741082788 53150 0
1741082790 53282 0
1741082792 53581 0
1741082794 54030 0
1741082796 54737 0
1741082798 55030 0
1741082800 55923 0
1741082802 55022 0
1741082804 53956 0
1741082806 53096 0
1741082808 52567 0
1741082810 52254 0
1741082812 51939 0
1741082814 51652 0
1741082817 51544 0
1741082819 51415 0
1741082821 51247 0
1741082823 51170 0
1741082825 51319 0
1741082827 51389 0
1741082829 51629 0
1741082831 51794 0
1741082833 52056 0
1741082835 52540 0
1741082837 52702 0
1741082839 52745 0
1741082841 53216 0
1741082843 53064 0
1741082845 52930 0
1741082847 52910 0
1741082849 52828 0
1741082851 52660 0
1741082853 52704 0
1741082855 52586 0
1741082857 52549 0
1741082859 52471 0
1741082862 52566 0
1741082864 53118 0
1741082866 52915 0
1741082868 52854 0
1741082870 52919 0
1741082872 52485 0
1741082874 51961 0
1741082876 51644 0
1741082878 51436 0
1741082880 51339 0
1741082882 51439 0
1741082884 51237 0
1741082886 51190 0
1741082888 51326 0
1741082890 51251 0
1741082892 51347 0
1741082894 51338 0
1741082896 51476 0
1741082898 51495 0
1741082900 51619 0
1741082902 51986 0
1741082904 52389 0
1741082906 52764 0
1741082909 52883 0
1741082911 52708 0
1741082913 52592 0
1741082915 52554 0
1741082917 52484 0
1741082919 52568 0
1741082921 52890 0
1741082923 52851 0
1741082925 52781 0
1741082927 52665 0
1741082929 52553 0
1741082931 52503 0
1741082933 52510 0
1741082935 52648 0
1741082937 52541 0
1741082939 52611 0
1741082941 52227 0
1741082943 52047 0
1741082945 51841 0
1741082947 51822 0
1741082949 51681 0
1741082951 51603 0
1741082953 51394 0
1741082956 51877 0
1741082958 51987 0
1741082960 52463 0
1741082962 52918 0
1741082964 53057 0
1741082966 53120 0
1741082968 53127 0
1741082970 53007 0
1741082972 52909 0
1741082974 52989 0
1741082976 53007 0
1741082978 52822 0
1741082980 52985 0
1741082982 53140 0
1741082984 53076 0
1741082986 53075 0
1741082988 53076 0
1741082990 52983 0
1741082992 53420 0
1741082994 53685 0
1741082996 53948 0
1741082998 54425 0
1741083000 54901 0
1741083003 55088 0
1741083005 55129 0
1741083007 55369 0
1741083009 54689 0
1741083011 53901 0
1741083013 52942 0
1741083015 52399 0
1741083017 52131 0
1741083019 52141 0
1741083021 51891 0
1741083023 52155 0
1741083025 52079 0
1741083027 52327 0
1741083029 52487 0
1741083031 52750 0
1741083033 53201 0
1741083035 53051 0
1741083037 53535 0
1741083039 53598 0
1741083041 53616 0
1741083043 53306 0
1741083045 53075 0
1741083048 53041 0
1741083050 52956 0
1741083052 52911 0
1741083054 53258 0
1741083056 53058 0
1741083058 53184 0
1741083060 53319 0
1741083062 53158 0
1741083064 53343 0
1741083066 53417 0
1741083068 54034 0
1741083070 54721 0
1741083072 55456 0
1741083074 55309 0
1741083076 55283 0
1741083078 54364 0
1741083080 53844 0
1741083082 53443 0
1741083084 52858 0
1741083086 52732 0
1741083088 52807 0
1741083090 52554 0
1741083092 52224 0
1741083095 52141 0
1741083097 52261 0
1741083099 53509 0
1741083101 54105 0
1741083103 54183 0
1741083105 54402 0
1741083107 54231 0
1741083109 54058 0
1741083111 53759 0
1741083113 54038 0
1741083115 54107 0
1741083117 53582 0
1741083119 53533 0
1741083121 53561 0
1741083123 53345 0
1741083125 53366 0
1741083127 53420 0
1741083129 53981 0
1741083131 53981 0
1741083133 54159 0
1741083135 54455 0
1741083137 54466 0
1741083140 54202 0
1741083142 54291 0
1741083144 54488 0
1741083146 54119 0
1741083148 53811 0
1741083150 53070 0
1741083152 53148 0
1741083154 52947 0
1741083156 52772 0
1741083158 53330 0
1741083160 54293 0
1741083162 54130 0
1741083164 54120 0
1741083166 53733 0
1741083168 53844 0
1741083170 53610 0
1741083172 53919 0
1741083174 54887 0
1741083176 55679 0
1741083178 54938 0
1741083180 54289 0
1741083182 54115 0
1741083184 53980 0
1741083187 53711 0
1741083189 53926 0
1741083191 53785 0
1741083193 53387 0
1741083195 53477 0
1741083197 53254 0
1741083199 54122 0
1741083201 53758 0
1741083203 53329 0
1741083205 52781 0
1741083207 52804 0
1741083209 52873 0
1741083211 52872 0
1741083213 53748 0
1741083215 53166 0
1741083217 52732 0
1741083219 52578 0
1741083221 52238 0
1741083223 52012 0
1741083225 51631 0
1741083227 51991 0
1741083229 51915 0
1741083231 51763 0
1741083234 52600 0
1741083236 53216 0
1741083238 54033 0
1741083240 53978 0
1741083242 53989 0
1741083244 53763 0
1741083246 53542 0
1741083248 54133 0
1741083250 54271 0
1741083252 54479 0
1741083254 54158 0
1741083256 53686 0
1741083258 53438 0
1741083260 53680 0
1741083262 53647 0
1741083264 53213 0
1741083266 53018 0
1741083268 52796 0
1741083270 52830 0
1741083272 52951 0
1741083274 53075 0
1741083276 53916 0
1741083279 54497 0
1741083281 54906 0
1741083283 54474 0
1741083285 53468 0
1741083287 53003 0
1741083289 52355 0
1741083291 51824 0
1741083293 51756 0
1741083295 51951 0
1741083297 52223 0
1741083299 52892 0
1741083301 53440 0
1741083303 53800 0
1741083305 53671 0
1741083307 54029 0
1741083309 53707 0
1741083311 53367 0
1741083313 53086 0
1741083315 53405 0
1741083317 53189 0
1741083319 52820 0
1741083321 52864 0
1741083323 53105 0
1741083326 53643 0
1741083328 53702 0
1741083330 53347 0
1741083332 53138 0
1741083334 53251 0
1741083336 53166 0
1741083338 53232 0
1741083340 53613 0
1741083342 53788 0
1741083344 54161 0
1741083346 54711 0
1741083348 54833 0
1741083350 54806 0
1741083352 54202 0
1741083354 53142 0
1741083356 52343 0
1741083358 51945 0
1741083360 51559 0
1741083362 51879 0
1741083364 51554 0
1741083366 51290 0
1741083368 51403 0
1741083370 51344 0
1741083373 51226 0
1741083375 51265 0
1741083377 51187 0
1741083379 51273 0
1741083381 51561 0
1741083383 51666 0
1741083385 52029 0
1741083387 52528 0
1741083389 52802 0
1741083391 52935 0
1741083393 52795 0
1741083395 52808 0
1741083397 53068 0
1741083399 52959 0
1741083401 53125 0
1741083403 52990 0
1741083405 52824 0
1741083407 52771 0
1741083409 52699 0
1741083411 52845 0
1741083413 52870 0
1741083415 53115 0
1741083418 53073 0
1741083420 53150 0
1741083422 52647 0
1741083424 52979 0
1741083426 52320 0
1741083428 51979 0
1741083430 51785 0
1741083432 51674 0
1741083434 51662 0
1741083436 51500 0
1741083438 51433 0
1741083440 51503 0
1741083442 51677 0
1741083444 51796 0
1741083446 51951 0
1741083448 52430 0
1741083450 52760 0
1741083452 52992 0
1741083454 53207 0
1741083456 53088 0
1741083458 53206 0
1741083460 53508 0
1741083462 53397 0
1741083465 53235 0
1741083467 53148 0
1741083469 53080 0
1741083471 53114 0
1741083473 53039 0
1741083475 53058 0
1741083477 52951 0
1741083479 53085 0
1741083481 53077 0
1741083483 53082 0
1741083485 53088 0
1741083487 53201 0
1741083489 53264 0
1741083491 52884 0
1741083493 52520 0
1741083495 52241 0
1741083497 52061 0
1741083499 52109 0
1741083501 51803 0
1741083503 51812 0
1741083505 51816 0
1741083507 52150 0
1741083510 52663 0
1741083512 52993 0
1741083514 53259 0
1741083516 53176 0
1741083518 53827 0
1741083520 53827 0
1741083522 54064 0
1741083524 53767 0
1741083526 53792 0
1741083528 53906 0
1741083530 53733 0
1741083532 53655 0
1741083534 53619 0
1741083536 53951 0
1741083538 53744 0
1741083540 53788 0
1741083542 53942 0
1741083544 54308 0
1741083546 54722 0
1741083548 55559 0
1741083550 55569 0
1741083552 55578 0
1741083555 55292 0
1741083557 55137 0
1741083559 54678 0
1741083561 54571 0
1741083563 54276 0
1741083565 53401 0
1741083567 52991 0
1741083569 52698 0
1741083571 52426 0
1741083573 52455 0
1741083575 52475 0
1741083577 52690 0
1741083579 52995 0
1741083581 53418 0
1741083583 53418 0
1741083585 53397 0
1741083587 53353 0
1741083589 53232 0
1741083591 53464 0
1741083593 53356 0
1741083595 53384 0
1741083597 53639 0
1741083599 53662 0
1741083602 53813 0
1741083604 53876 0
1741083606 54084 0
1741083608 54054 0
1741083610 54120 0
1741083612 54234 0
1741083614 54438 0
1741083616 54944 0
1741083618 55299 0
1741083620 55505 0
1741083622 55356 0
1741083624 55132 0
1741083626 55024 0
1741083628 54400 0
1741083630 53428 0
1741083632 52967 0
1741083634 52611 0
1741083636 52476 0
1741083638 52220 0
1741083640 52288 0
1741083642 52117 0
1741083644 52107 0
1741083646 52077 0
1741083649 52088 0
1741083651 52077 0
1741083653 52172 0
1741083655 52425 0
1741083657 53039 0
1741083659 53349 0
1741083661 53443 0
1741083663 53651 0
1741083665 53711 0
1741083667 53671 0
1741083669 53812 0
1741083671 53848 0
1741083673 53589 0
1741083675 53627 0
1741083677 53558 0
1741083679 53393 0
1741083681 53375 0
1741083683 53417 0
1741083685 53233 0
1741083687 53360 0
1741083689 53356 0
1741083691 53468 0
1741083693 53677 0
1741083696 53498 0
1741083698 52955 0
1741083700 52515 0
1741083702 52329 0
1741083704 52053 0
1741083706 51907 0
1741083708 51671 0
1741083710 51752 0
1741083712 51681 0
1741083714 51619 0
1741083716 51538 0
1741083718 51481 0
1741083720 51542 0
1741083722 51598 0
1741083724 51845 0
1741083726 52296 0
1741083728 52840 0
1741083730 53129 0
1741083732 53182 0
1741083734 53227 0
1741083736 53145 0
1741083738 53130 0
1741083741 53088 0
1741083743 53007 0
1741083745 52964 0
1741083747 52921 0
1741083749 52890 0
1741083751 52830 0
1741083753 52974 0
1741083755 52882 0
1741083757 52890 0
1741083759 52774 0
1741083761 52975 0
1741083763 53024 0
1741083765 52346 0
1741083767 51977 0
1741083769 51740 0
1741083771 51510 0
1741083773 51190 0
1741083775 51158 0
1741083777 51131 0
1741083779 51155 0
1741083781 51230 0
1741083783 51881 0
1741083785 52109 0
1741083788 52431 0
1741083790 52662 0
1741083792 52567 0
1741083794 52503 0
1741083796 52544 0
1741083798 52467 0
1741083800 52380 0
1741083802 52542 0
1741083804 52557 0
1741083806 52564 0
1741083808 52557 0
1741083810 52391 0
1741083812 52354 0
1741083814 52587 0
1741083816 52331 0
1741083818 52077 0
1741083820 52221 0
1741083822 52348 0
1741083824 52493 0
1741083826 52753 0
1741083828 53161 0
1741083830 53595 0
1741083832 53696 0
1741083835 52814 0
1741083837 52000 0
1741083839 51502 0
1741083841 51297 0
1741083843 51041 0
1741083845 50617 0
1741083847 50690 0
1741083849 50741 0
1741083851 50567 0
1741083853 50646 0
1741083855 51046 0
1741083857 51315 0
1741083859 51885 0
1741083861 52591 0
1741083863 52389 0
1741083865 52295 0
1741083867 52271 0
1741083869 52109 0
1741083871 52197 0
1741083873 52090 0
1741083875 51884 0
1741083877 51921 0
1741083880 51914 0
1741083882 51989 0
1741083884 51925 0
1741083886 52095 0
1741083888 52010 0
1741083890 52029 0
1741083892 52003 0
1741083894 51929 0
1741083896 51909 0
1741083898 51941 0
1741083900 51977 0
1741083902 51872 0
1741083904 51427 0
1741083906 50904 0
1741083908 50817 0
1741083910 50614 0
1741083912 50538 0
1741083914 50511 0
1741083916 50578 0
1741083918 50496 0
1741083920 50548 0
1741083922 50548 0
1741083924 50293 0
1741083927 50119 0
1741083929 50073 0
1741083931 50101 0
1741083933 49995 0
1741083935 50000 0
1741083937 50233 0
1741083939 50463 0
1741083941 51012 0
1741083943 51207 0
1741083945 51320 0
1741083947 51344 0
1741083949 51309 0
1741083951 51165 0
1741083953 51222 0
1741083955 51226 0
1741083957 51235 0
1741083959 51270 0
1741083961 51104 0
1741083963 51038 0
1741083965 51074 0
1741083967 51140 0
1741083969 51146 0
1741083971 50698 0
1741083974 50412 0
1741083976 50194 0
1741083978 49982 0
1741083980 49947 0
1741083982 49863 0
1741083984 50155 0
1741083986 50348 0
1741083988 50136 0
1741083990 49949 0
1741083992 49910 0
1741083994 49796 0
1741083996 49869 0
1741083998 49952 0
1741084000 50189 0
1741084002 50123 0
1741084004 50022 0
1741084006 49978 0
1741084008 50180 0
1741084010 50457 0
1741084012 51155 0
1741084014 51421 0
1741084016 51680 0
1741084018 51584 0
1741084021 51554 0
1741084023 51398 0
1741084025 51416 0
1741084027 51599 0
1741084029 51451 0
1741084031 51270 0
1741084033 51061 0
1741084035 50975 0
1741084037 50945 0
1741084039 50855 0
1741084041 50555 0
1741084043 50460 0
1741084045 50149 0
1741084047 50096 0
1741084049 49813 0
1741084051 49650 0
1741084053 49703 0
1741084055 49664 0
1741084057 49521 0
1741084059 49464 0
1741084061 49580 0
1741084063 49500 0
1741084066 50034 0
1741084068 50309 0
1741084070 50754 0
1741084072 50965 0
1741084074 51157 0
1741084076 51489 0
1741084078 51653 0
1741084080 51456 0
1741084082 51354 0
1741084084 51219 0
1741084086 51066 0
1741084088 51087 0
1741084090 51141 0
1741084092 50971 0
1741084094 51372 0
1741084096 51406 0
1741084098 51463 0
1741084100 51423 0
1741084102 51514 0
1741084104 51535 0
1741084106 51852 0
1741084108 51404 0
1741084111 50799 0
1741084113 50395 0
1741084115 50109 0
1741084117 49896 0
1741084119 49816 0
1741084121 49973 0
1741084123 49791 0
1741084125 49729 0
1741084127 49991 0
1741084129 50150 0
1741084131 50119 0
1741084133 50166 0
1741084135 50407 0
1741084137 50651 0
1741084139 51422 0
1741084141 51485 0
1741084143 51383 0
1741084145 51301 0
1741084147 51223 0
1741084149 51186 0
1741084151 51235 0
1741084153 51298 0
1741084156 51411 0
1741084158 51254 0
1741084160 51762 0
1741084162 51667 0
1741084164 51551 0
1741084166 51564 0
1741084168 51530 0
1741084170 51461 0
1741084172 51364 0
1741084174 51457 0
1741084176 51673 0
1741084178 51139 0
1741084180 50991 0
1741084182 50916 0
1741084184 50689 0
1741084186 50544 0
1741084188 50427 0
1741084190 50174 0
1741084192 50825 0
1741084194 50518 0
1741084196 50338 0
1741084198 50350 0
1741084201 50132 0
1741084203 50024 0
1741084205 50039 0
1741084207 50028 0
1741084209 50627 0
1741084211 50742 0
1741084213 51020 0
1741084215 51460 0
1741084217 51576 0
1741084219 51679 0
1741084221 51667 0
1741084223 51656 0
1741084225 51469 0
1741084227 51675 0
1741084229 51710 0
1741084231 51534 0
1741084233 51850 0
1741084235 52213 0
1741084237 51986 0
1741084239 51816 0
1741084241 51727 0
1741084243 51566 0
1741084245 51277 0
1741084248 50907 0
1741084250 50812 0
1741084252 50377 0
1741084254 50241 0
1741084256 50159 0
1741084258 49960 0
1741084260 50012 0
1741084262 50061 0
1741084264 49888 0
1741084266 50330 0
1741084268 50175 0
1741084270 50092 0
1741084272 49930 0
1741084274 50013 0
1741084276 50213 0
1741084278 50261 0
1741084280 50333 0
1741084282 50519 0
1741084284 51468 0
1741084286 51658 0
1741084288 51711 0
1741084290 51857 0
1741084292 51791 0
1741084295 51772 0
1741084297 52064 0
1741084299 51901 0
1741084301 52007 0
1741084303 51554 0
1741084305 51492 0
1741084307 51436 0
1741084309 51361 0
1741084311 51426 0
1741084313 51453 0
1741084315 51124 0
1741084317 50652 0
1741084319 50454 0
1741084321 50299 0
1741084323 50161 0
1741084325 50192 0
1741084327 50248 0
1741084329 50215 0
1741084331 50133 0
1741084333 49935 0
1741084335 50084 0
1741084337 49946 0
1741084340 50144 0
1741084342 50424 0
1741084344 50830 0
1741084346 51135 0
1741084348 51353 0
1741084350 51483 0
1741084352 51472 0
1741084354 51409 0
1741084356 51444 0
1741084358 51287 0
1741084360 51474 0
1741084362 51435 0
1741084364 51223 0
1741084366 51135 0
1741084368 51033 0
1741084370 51050 0
1741084372 51130 0
1741084374 51153 0
1741084376 51229 0
1741084378 51234 0
1741084380 51386 0
1741084382 51609 0
1741084384 51163 0
1741084387 50871 0
1741084389 50608 0
1741084391 50340 0
1741084393 50140 0
1741084395 49987 0
1741084397 49691 0
1741084399 49747 0
1741084401 49800 0
1741084403 49791 0
1741084405 49721 0
1741084407 49894 0
1741084409 50166 0
1741084411 50438 0
1741084413 51121 0
1741084415 51290 0
1741084417 51364 0
1741084419 51355 0
1741084421 51524 0
1741084423 51473 0
1741084425 51420 0
1741084427 51293 0
1741084429 51293 0
1741084431 51158 0
1741084434 50877 0
1741084436 50932 0
1741084438 51017 0
1741084440 50814 0
1741084442 50793 0
1741084444 50881 0
1741084446 50993 0
1741084448 51284 0
1741084450 51320 0
1741084452 50847 0
1741084454 50531 0
1741084456 50437 0
1741084458 50193 0
1741084460 50640 0
1741084462 50384 0
1741084464 49917 0
1741084466 49806 0
1741084468 49719 0
1741084470 49676 0
1741084472 49828 0
1741084474 49893 0
1741084476 49747 0
1741084479 49746 0
1741084481 49883 0
1741084483 49852 0
1741084485 49805 0
1741084487 49931 0
1741084489 50255 0
1741084491 50648 0
1741084493 50983 0
1741084495 51041 0
1741084497 51164 0
1741084499 51159 0
1741084501 51111 0
1741084503 51185 0
1741084505 51081 0
1741084507 51144 0
1741084509 51071 0
1741084511 51128 0
1741084513 51216 0
1741084515 51088 0
1741084517 51104 0
1741084519 51145 0
1741084521 50531 0
1741084523 50313 0
1741084526 50075 0
1741084528 49791 0
1741084530 49559 0
1741084532 49442 0
1741084534 49494 0
1741084536 49533 0
1741084538 49973 0
1741084540 49951 0
1741084542 49844 0
1741084544 49782 0
1741084546 49799 0
1741084548 49659 0
1741084550 49709 0
1741084552 50039 0
1741084554 50069 0
1741084556 50161 0
1741084558 50396 0
1741084560 50730 0
1741084562 50944 0
1741084564 51143 0
1741084566 51464 0
1741084568 51447 0
1741084571 51168 0
1741084573 51066 0
1741084575 50953 0
1741084577 51112 0
1741084579 51143 0
1741084581 51150 0
1741084583 51206 0
1741084585 51124 0
1741084587 51328 0
1741084589 51070 0
1741084591 50737 0
1741084593 50525 0
1741084595 50204 0
1741084597 49930 0
1741084599 49896 0
1741084601 50114 0
1741084603 49900 0
1741084605 49845 0
1741084607 49596 0
1741084609 49412 0
1741084611 49398 0
1741084613 49471 0
1741084615 49781 0
1741084618 50169 0
1741084620 50545 0
1741084622 50930 0
1741084624 51029 0
1741084626 50974 0
1741084628 51051 0
1741084630 51119 0
1741084632 50934 0
1741084634 50777 0
1741084636 50767 0
1741084638 50700 0
1741084640 50846 0
1741084642 50924 0
1741084644 50885 0
1741084646 50771 0
1741084648 50924 0
1741084650 51258 0
1741084652 51083 0
1741084654 51055 0
1741084656 50970 0
1741084658 50684 0
1741084660 50540 0
1741084662 50030 0
1741084665 49943 0
1741084667 49888 0
1741084669 49913 0
1741084671 49966 0
1741084673 49935 0
1741084675 49769 0
1741084677 49619 0
1741084679 49545 0
1741084681 49629 0
1741084683 49741 0
1741084685 49930 0
1741084687 50156 0
1741084689 50655 0
1741084691 51075 0
1741084693 51265 0
1741084695 51487 0
1741084697 51325 0
1741084699 51274 0
1741084701 51421 0
1741084703 51422 0
1741084705 51188 0
1741084707 51207 0
1741084709 51157 0
1741084712 51121 0
1741084714 51126 0
1741084716 50941 0
1741084718 51000 0
1741084720 51037 0
1741084722 50980 0
1741084724 51111 0
1741084726 51132 0
1741084728 50767 0
1741084730 50447 0
1741084732 50176 0
1741084734 49859 0
1741084736 49797 0
1741084738 49624 0
1741084740 49686 0
1741084742 49735 0
1741084744 49682 0
1741084746 49812 0
1741084748 49757 0
1741084750 49736 0
1741084752 49870 0
1741084754 49949 0
1741084756 50046 0
1741084759 49946 0
1741084761 50610 0
1741084763 50856 0
1741084765 51040 0
1741084767 51454 0
1741084769 51478 0
1741084771 51573 0
1741084773 51443 0
1741084775 51571 0
1741084777 51483 0
1741084779 51416 0
1741084781 51504 0
1741084783 51446 0
1741084785 51281 0
1741084787 51325 0
1741084789 51416 0
1741084791 51355 0
1741084793 51299 0
1741084795 51116 0
1741084797 50766 0
1741084799 50379 0
1741084801 50091 0
1741084803 50330 0
1741084806 50014 0
1741084808 49889 0
1741084810 49876 0
1741084812 49876 0
1741084814 49761 0
1741084816 49846 0
1741084818 49845 0
1741084820 49896 0
1741084822 50085 0
1741084824 50015 0
1741084826 50095 0
1741084828 50170 0
1741084830 50358 0
1741084832 50616 0
1741084834 51003 0
1741084836 51309 0
1741084838 51326 0
1741084840 51556 0
1741084842 51601 0
1741084844 51539 0
1741084846 51479 0
1741084848 51308 0
1741084851 51198 0
1741084853 51221 0
1741084855 51156 0
1741084857 51112 0
1741084859 51132 0
1741084861 51072 0
1741084863 51018 0
1741084865 50837 0
1741084867 50525 0
1741084869 50520 0
1741084871 50592 0
1741084873 50315 0
1741084875 50145 0
1741084877 49953 0
1741084879 49984 0
1741084881 49933 0
1741084883 50066 0
1741084885 49998 0
1741084887 49953 0
1741084889 50178 0
1741084891 50412 0
1741084893 50605 0
1741084895 51015 0
1741084898 51219 0
1741084900 51406 0
1741084902 51566 0
1741084904 51664 0
1741084906 51552 0
1741084908 51437 0
1741084910 51526 0
1741084912 51601 0
1741084914 51694 0
1741084916 51762 0
1741084918 51768 0
1741084920 51771 0
1741084922 51758 0
1741084924 51950 0
1741084926 52266 0
1741084928 52665 0
1741084930 53029 0
1741084932 53462 0
1741084934 52510 0
1741084936 51773 0
1741084938 51355 0
1741084940 51064 0
1741084942 50916 0
1741084945 50684 0
1741084947 50494 0
1741084949 50363 0
1741084951 50361 0
1741084953 50308 0
1741084955 50264 0
1741084957 50450 0
1741084959 50691 0
1741084961 51417 0
1741084963 51787 0
1741084965 51734 0
1741084967 51882 0
1741084969 51805 0
1741084971 51773 0
1741084973 51799 0
1741084975 51670 0
1741084977 51923 0
1741084979 51930 0
1741084981 51832 0
1741084983 51883 0
1741084985 51958 0
1741084987 52080 0
1741084989 52257 0
1741084992 52307 0
1741084994 52430 0
1741084996 52394 0
1741084998 52560 0
1741085000 53190 0
1741085002 52809 0
1741085004 51998 0
1741085006 51338 0
1741085008 51137 0
1741085010 50920 0
1741085012 50815 0
1741085014 50841 0
1741085016 50630 0
1741085018 50431 0
1741085020 50449 0
1741085022 50402 0
1741085024 50249 0
1741085026 50163 0
1741085028 50054 0
1741085030 50177 0
1741085032 50244 0
1741085034 50458 0
1741085037 50786 0
1741085039 51167 0
1741085041 51622 0
1741085043 51932 0
1741085045 51925 0
1741085047 52134 0
1741085049 52057 0
1741085051 52089 0
1741085053 51942 0
1741085055 52106 0
1741085057 52019 0
1741085059 52048 0
1741085061 52279 0
1741085063 52137 0
1741085065 52366 0
1741085067 52281 0
1741085069 52206 0
1741085071 51837 0
1741085073 51613 0
1741085075 51551 0
1741085077 51083 0
1741085079 50995 0
1741085081 51381 0
1741085084 51125 0
1741085086 51033 0
1741085088 50843 0
1741085090 50740 0
1741085092 50625 0
1741085094 50688 0
1741085096 50635 0
1741085098 51030 0
1741085100 51087 0
1741085102 51309 0
1741085104 51706 0
1741085106 52091 0
1741085108 52565 0
1741085110 52975 0
1741085112 52749 0
1741085114 52626 0
1741085116 52488 0
1741085118 52420 0
1741085120 52390 0
1741085122 52405 0
1741085124 52743 0
1741085126 52652 0
1741085128 52635 0
1741085131 52563 0
1741085133 52452 0
1741085135 52410 0
1741085137 52302 0
1741085139 52202 0
1741085141 51943 0
1741085143 51737 0
1741085145 51531 0
1741085147 51335 0
1741085149 51210 0
1741085151 51042 0
1741085153 50955 0
1741085155 51250 0
1741085157 51240 0
1741085159 51323 0
1741085161 51446 0
1741085163 51733 0
1741085165 52188 0
1741085167 52497 0
1741085169 52511 0
1741085171 52852 0
1741085173 52805 0
1741085176 52639 0
1741085178 52541 0
1741085180 52429 0
1741085182 52274 0
1741085184 52145 0
1741085186 52026 0
1741085188 52466 0
1741085190 52541 0
1741085192 52550 0
1741085194 52594 0
1741085196 52493 0
1741085198 52589 0
1741085200 52794 0
1741085202 53267 0
1741085204 54005 0
1741085206 54410 0
1741085208 53952 0
1741085210 53110 0
1741085212 52491 0
1741085214 51936 0
1741085216 51614 0
1741085218 51286 0
1741085220 51062 0
1741085223 51394 0
1741085225 51250 0
1741085227 51488 0
1741085229 51663 0
1741085231 52005 0
1741085233 52232 0
1741085235 52550 0
1741085237 52855 0
1741085239 52607 0
1741085241 52489 0
1741085243 52593 0
1741085245 52595 0
1741085247 52604 0
1741085249 52506 0
1741085251 52854 0
1741085253 52707 0
1741085255 52486 0
1741085257 52294 0
1741085259 52289 0
1741085261 52536 0
1741085263 52623 0
1741085265 52732 0
1741085268 53398 0
1741085270 53595 0
1741085272 54387 0
1741085274 54654 0
1741085276 54585 0
1741085278 53752 0
1741085280 53420 0
1741085282 52545 0
1741085284 51956 0
1741085286 51426 0
1741085288 51512 0
1741085290 51304 0
1741085292 51215 0
1741085294 51413 0
1741085296 51300 0
1741085298 51213 0
1741085300 51054 0
1741085302 51133 0
1741085304 51136 0
1741085306 51305 0
1741085308 52010 0
1741085310 52360 0
1741085312 52501 0
1741085315 52675 0
1741085317 52584 0
1741085319 52566 0
1741085321 52766 0
1741085323 52849 0
1741085325 52771 0
1741085327 52734 0
1741085329 52527 0
1741085331 52508 0
1741085333 52635 0
1741085335 52476 0
1741085337 52621 0
1741085339 52586 0
1741085341 52610 0
1741085343 52613 0
1741085345 52537 0
1741085347 52194 0
1741085349 52248 0
1741085351 51900 0
1741085353 51672 0
1741085355 51685 0
1741085357 51431 0
1741085359 51297 0
1741085362 51519 0
1741085364 51963 0
1741085366 51887 0
1741085368 51758 0
1741085370 51694 0
1741085372 51647 0
1741085374 51770 0
1741085376 51973 0
1741085378 52730 0
1741085380 53094 0
1741085382 53050 0
1741085384 52834 0
1741085386 52542 0
1741085388 52416 0
1741085390 52464 0
1741085392 52859 0
1741085394 52585 0
1741085396 52493 0
1741085398 52195 0
1741085400 52157 0
1741085402 52107 0
1741085404 52311 0
1741085407 52584 0
1741085409 53281 0
1741085411 53086 0
1741085413 52997 0
1741085415 52454 0
1741085417 51955 0
1741085419 51694 0
1741085421 51812 0
1741085423 51614 0
1741085425 51379 0
1741085427 51361 0
1741085429 51123 0
1741085431 51042 0
1741085433 51034 0
1741085435 51765 0
1741085437 52136 0
1741085439 52449 0
1741085441 52730 0
1741085443 52774 0
1741085445 52686 0
1741085447 52784 0
1741085449 52964 0
1741085452 52759 0
1741085454 52593 0
1741085456 52484 0
1741085458 52553 0
1741085460 52668 0
1741085462 52483 0
1741085464 52866 0
1741085466 52800 0
1741085468 52847 0
1741085470 52948 0
1741085472 53051 0
1741085474 53122 0
1741085476 53608 0
1741085478 54943 0
1741085480 54865 0
1741085482 54700 0
1741085484 53807 0
1741085486 52955 0
1741085488 52454 0
1741085490 52158 0
1741085492 52454 0
1741085494 52243 0
1741085497 51933 0
1741085499 51830 0
1741085501 52102 0
1741085503 52298 0
1741085505 52551 0
1741085507 52760 0
1741085509 53316 0
1741085511 53212 0
1741085513 53079 0
1741085515 52970 0
1741085517 52846 0
1741085519 52710 0
1741085521 52637 0
1741085523 52942 0
1741085525 52793 0
1741085527 52752 0
1741085529 52802 0
1741085531 52784 0
1741085533 52805 0
1741085535 52677 0
1741085537 52841 0
1741085539 53323 0
1741085542 53497 0
1741085544 54093 0
1741085546 54765 0
1741085548 55096 0
1741085550 54931 0
1741085552 54480 0
1741085554 53727 0
1741085556 53851 0
1741085558 53152 0
1741085560 52743 0
1741085562 52358 0
1741085564 52040 0
1741085566 51800 0
1741085568 52278 0
1741085570 51978 0
1741085572 51818 0
1741085574 51698 0
1741085576 51599 0
1741085578 51657 0
1741085580 51871 0
1741085582 52317 0
1741085584 52954 0
1741085586 52881 0
1741085589 53004 0
1741085591 52860 0
1741085593 52879 0
1741085595 52806 0
1741085597 52641 0
1741085599 52679 0
1741085601 53057 0
1741085603 52853 0
1741085605 52743 0
1741085607 52844 0
1741085609 52760 0
1741085611 52574 0
1741085613 52578 0
1741085615 52853 0
1741085617 52800 0
1741085619 52743 0
1741085621 52388 0
1741085623 51716 0
1741085625 51316 0
1741085627 51155 0
1741085629 51111 0
1741085631 51181 0
1741085634 51838 0
1741085636 51674 0
1741085638 51534 0
1741085640 51352 0
1741085642 51183 0
1741085644 51104 0
1741085646 51168 0
1741085648 52065 0
1741085650 52368 0
1741085652 52626 0
1741085654 52786 0
1741085656 53015 0
1741085658 53510 0
1741085660 53990 0
1741085662 53651 0
1741085664 53403 0
1741085666 53102 0
1741085668 53036 0
1741085670 52931 0
1741085672 52903 0
1741085674 53403 0
1741085676 53148 0
1741085678 52848 0
1741085681 52858 0
1741085683 52791 0
1741085685 52611 0
1741085687 52499 0
1741085689 53116 0
1741085691 52393 0
1741085693 52113 0
1741085695 51684 0
1741085697 51369 0
1741085699 51165 0
1741085701 51018 0
1741085703 50976 0
1741085705 51928 0
1741085707 51971 0
1741085709 51967 0
1741085711 52020 0
1741085713 52304 0
1741085715 52571 0
1741085717 52632 0
1741085719 53008 0
1741085721 52814 0
1741085723 52549 0
1741085725 52421 0
1741085728 52339 0
1741085730 52219 0
1741085732 52312 0
1741085734 52686 0
1741085736 52415 0
1741085738 52256 0
1741085740 52300 0
1741085742 52330 0
1741085744 52232 0
1741085746 52216 0
1741085748 52221 0
1741085750 52342 0
1741085752 53344 0
1741085754 53827 0
1741085756 54402 0
1741085758 53534 0
1741085760 52787 0
1741085762 52184 0
1741085764 51737 0
1741085766 51548 0
1741085768 51480 0
1741085770 51350 0
1741085772 51051 0
1741085775 50993 0
1741085777 51122 0
1741085779 51266 0
1741085781 51553 0
1741085783 52039 0
1741085785 52343 0
1741085787 52651 0
1741085789 52581 0
1741085791 52543 0
1741085793 52559 0
1741085795 52497 0
1741085797 52377 0
1741085799 52358 0
1741085801 52468 0
1741085803 52544 0
1741085805 52965 0
1741085807 52706 0
1741085809 52656 0
1741085811 52515 0
1741085813 52343 0
1741085815 52328 0
1741085817 52364 0
1741085820 53422 0
1741085822 54028 0
1741085824 54423 0
1741085826 54480 0
1741085828 53493 0
1741085830 52711 0
1741085832 52073 0
1741085834 52084 0
1741085836 51741 0
1741085838 51306 0
1741085840 51186 0
1741085842 51048 0
1741085844 50994 0
1741085846 50846 0
1741085848 51249 0
1741085850 51026 0
1741085852 50967 0
1741085854 50842 0
1741085856 51034 0
1741085858 51256 0
1741085860 51893 0
1741085862 52773 0
1741085865 52674 0
1741085867 52471 0
1741085869 52367 0
1741085871 52217 0
1741085873 52173 0
1741085875 52212 0
1741085877 52645 0
1741085879 52372 0
1741085881 52325 0
1741085883 52235 0
1741085885 52123 0
1741085887 52286 0
1741085889 52590 0
1741085891 52642 0
1741085893 52697 0
1741085895 52923 0
1741085897 52471 0
1741085899 51995 0
1741085901 51564 0
1741085903 51305 0
1741085905 51072 0
1741085907 51076 0
1741085909 51608 0
1741085912 51314 0
1741085914 51106 0
1741085916 50975 0
1741085918 50908 0
1741085920 50939 0
1741085922 50869 0
1741085924 51329 0
1741085926 51723 0
1741085928 51871 0
1741085930 52021 0
1741085932 52115 0
1741085934 52229 0
1741085936 52317 0
1741085938 52836 0
1741085940 52729 0
1741085942 52630 0
1741085944 52589 0
1741085946 52454 0
1741085948 52467 0
1741085950 52971 0
1741085952 52692 0
1741085954 52876 0
1741085956 52755 0
1741085959 52691 0
1741085961 53061 0
1741085963 53157 0
1741085965 52914 0
1741085967 52367 0
1741085969 51918 0
1741085971 51669 0
1741085973 51518 0
1741085975 51367 0
1741085977 51384 0
1741085979 51819 0
1741085981 52069 0
1741085983 52277 0
1741085985 52546 0
1741085987 52755 0
1741085989 52775 0
1741085991 52795 0
1741085993 52740 0
1741085995 53167 0
1741085997 52932 0
1741085999 52848 0
1741086001 52821 0
1741086004 52762 0
1741086006 52693 0
1741086008 52769 0
1741086010 53252 0
1741086012 53098 0
1741086014 52993 0
1741086016 52893 0
1741086018 52954 0
1741086020 53173 0
1741086022 53894 0
1741086024 54244 0
1741086026 54736 0
1741086028 54917 0
1741086030 54720 0
1741086032 54512 0
1741086034 54083 0
1741086036 53057 0
1741086038 52627 0
1741086040 52471 0
1741086042 52219 0
1741086044 51949 0
1741086046 52059 0
1741086048 52112 0
1741086051 52344 0
1741086053 52411 0
1741086055 52646 0
1741086057 52725 0
1741086059 52843 0
1741086061 53215 0
1741086063 52949 0
1741086065 52768 0
1741086067 52809 0
1741086069 52753 0
1741086071 52568 0
1741086073 52899 0
1741086075 52685 0
1741086077 52554 0
1741086079 52507 0
1741086081 52325 0
1741086083 52178 0
1741086085 52488 0
1741086087 52478 0
1741086089 52391 0
1741086091 52527 0
1741086093 52772 0
1741086096 53171 0
1741086098 53696 0
1741086100 54253 0
1741086102 54343 0
1741086104 53286 0
1741086106 52408 0
1741086108 51781 0
1741086110 51548 0
1741086112 51377 0
1741086114 51161 0
1741086116 51097 0
1741086118 51330 0
1741086120 51000 0
1741086122 50819 0
1741086124 50702 0
1741086126 50677 0
1741086128 50958 0
1741086130 51541 0
1741086132 51862 0
1741086134 51995 0
1741086136 52197 0
1741086138 52280 0
1741086140 52410 0
1741086143 52399 0
1741086145 52763 0
1741086147 52564 0
1741086149 52549 0
1741086151 52312 0
1741086153 52299 0
1741086155 52215 0
1741086157 52154 0
1741086159 52554 0
1741086161 52596 0
1741086163 52291 0
1741086165 52252 0
1741086167 52186 0
1741086169 52203 0
1741086171 51924 0
1741086173 51524 0
1741086175 51249 0
1741086177 51567 0
1741086179 51335 0
1741086181 51167 0
1741086183 51040 0
1741086185 50893 0
1741086187 50850 0
1741086190 50837 0
1741086192 51455 0
1741086194 51399 0
1741086196 51389 0
1741086198 51346 0
1741086200 51619 0
1741086202 51917 0
1741086204 52176 0
1741086206 52977 0
1741086208 52920 0
1741086210 52804 0
1741086212 52557 0
1741086214 52470 0
1741086216 52515 0
1741086218 52879 0
1741086220 52852 0
1741086222 52598 0
1741086224 52380 0
1741086226 52159 0
1741086228 52120 0
1741086230 52596 0
1741086232 52525 0
1741086235 52430 0
1741086237 52499 0
1741086239 52483 0
1741086241 52035 0
1741086243 51796 0
1741086245 51671 0
1741086247 51566 0
1741086249 51656 0
1741086251 51285 0
1741086253 51123 0
1741086255 51311 0
1741086257 51359 0
1741086259 51529 0
1741086261 52310 0
1741086263 52827 0
1741086265 52720 0
1741086267 52720 0
1741086269 52609 0
1741086271 52478 0
1741086273 52592 0
1741086275 52601 0
1741086277 52403 0
1741086279 52887 0
1741086282 53113 0
1741086284 52925 0
1741086286 52871 0
1741086288 52591 0
1741086290 52508 0
1741086292 52779 0
1741086294 52762 0
1741086296 52709 0
1741086298 52850 0
1741086300 53020 0
1741086302 53508 0
1741086304 54082 0
1741086306 54413 0
1741086308 54346 0
1741086310 53441 0
1741086312 52675 0
1741086314 51934 0
1741086316 51538 0
1741086318 51244 0
1741086320 50971 0
1741086322 51018 0
1741086324 50934 0
1741086326 50894 0
1741086329 51103 0
1741086331 51269 0
1741086333 51436 0
1741086335 51815 0
1741086337 52245 0
1741086339 52135 0
1741086341 52290 0
1741086343 52178 0
1741086345 52064 0
1741086347 51922 0
1741086349 52225 0
1741086351 52133 0
1741086353 51980 0
1741086355 51822 0
1741086357 51814 0
1741086359 51694 0
1741086361 51839 0
1741086363 51936 0
1741086365 52021 0
1741086367 52286 0
1741086369 52569 0
1741086371 52842 0
1741086373 53314 0
1741086376 54095 0
1741086378 52839 0
1741086380 52218 0
1741086382 51351 0
1741086384 51021 0
1741086386 50784 0
1741086388 50972 0
1741086390 50729 0
1741086392 50633 0
1741086394 50584 0
1741086396 50357 0
1741086398 50223 0
1741086400 50657 0
1741086402 50566 0
1741086404 50642 0
1741086406 50777 0
1741086408 50860 0
1741086410 51280 0
1741086412 51430 0
1741086414 52070 0
1741086416 52101 0
1741086418 51965 0
1741086421 51875 0
1741086423 51764 0
1741086425 51621 0
1741086427 51836 0
1741086429 51766 0
1741086431 51446 0
1741086433 51659 0
1741086435 51643 0
1741086437 51538 0
1741086439 51532 0
1741086441 51486 0
1741086443 51660 0
1741086445 51827 0
1741086447 51250 0
1741086449 50857 0
1741086451 50604 0
1741086453 50492 0
1741086455 50387 0
1741086457 50174 0
1741086459 50138 0
1741086461 50490 0
1741086463 50310 0
1741086465 50193 0
1741086468 50153 0
1741086470 50090 0
1741086472 50091 0
1741086474 50234 0
1741086476 50693 0
1741086478 50846 0
1741086480 51131 0
1741086482 51341 0
1741086484 51584 0
1741086486 51579 0
1741086488 51812 0
1741086490 52344 0
1741086492 52412 0
1741086494 52279 0
1741086496 52065 0
1741086498 52061 0
1741086500 52012 0
1741086502 52132 0
1741086504 52224 0
1741086506 52015 0
1741086508 51970 0
1741086510 51802 0
1741086512 51875 0
1741086515 51464 0
1741086517 50996 0
1741086519 50790 0
1741086521 50862 0
1741086523 50733 0
1741086525 50663 0
1741086527 50574 0
1741086529 50478 0
1741086531 50439 0
1741086533 50508 0
1741086535 50604 0
1741086537 50905 0
1741086539 51373 0
1741086541 51645 0
1741086543 51856 0
1741086545 52022 0
1741086547 51972 0
1741086549 51846 0
1741086551 51753 0
1741086553 51577 0
1741086555 51672 0
1741086557 51865 0
1741086559 51736 0
1741086562 52013 0
1741086564 51915 0
1741086566 51699 0
1741086568 51648 0
1741086570 52145 0
1741086572 52031 0
1741086574 52028 0
1741086576 51811 0
1741086578 51886 0
1741086580 52370 0
1741086582 53137 0
1741086584 52273 0
1741086586 51719 0
1741086588 51175 0
1741086590 50765 0
1741086592 50445 0
1741086594 50181 0
1741086596 50203 0
1741086598 50164 0
1741086600 50178 0
1741086602 50139 0
1741086604 50265 0
1741086607 50482 0
1741086609 50789 0
1741086611 51134 0
1741086613 51578 0
1741086615 51982 0
1741086617 52208 0
1741086619 52076 0
1741086621 51989 0
1741086623 51934 0
1741086625 51770 0
1741086627 52018 0
1741086629 51964 0
1741086631 51910 0
1741086633 51996 0
1741086635 51941 0
1741086637 51988 0
1741086639 52845 0
1741086641 53107 0
1741086643 53121 0
1741086645 53309 0
1741086647 53657 0
1741086649 53897 0
1741086651 53535 0
1741086654 52293 0
1741086656 51473 0
1741086658 50878 0
1741086660 50511 0
1741086662 50340 0
1741086664 50273 0
1741086666 50198 0
1741086668 50124 0
1741086670 49968 0
1741086672 50137 0
1741086674 50068 0
1741086676 49905 0
1741086678 49807 0
1741086680 49694 0
1741086682 49649 0
1741086684 49927 0
1741086686 50105 0
1741086688 50405 0
1741086690 51076 0
1741086692 51150 0
1741086694 51272 0
1741086696 51300 0
1741086698 51303 0
1741086701 51404 0
1741086703 51672 0
1741086705 51441 0
1741086707 51307 0
1741086709 51362 0
1741086711 51290 0
1741086713 51124 0
1741086715 51142 0
1741086717 51318 0
1741086719 51289 0
1741086721 50988 0
1741086723 51066 0
1741086725 50817 0
1741086727 50814 0
1741086729 50777 0
1741086731 50707 0
1741086733 50974 0
1741086735 50978 0
1741086737 50828 0
1741086739 50514 0
1741086741 50235 0
1741086743 49941 0
1741086746 49922 0
1741086748 50012 0
1741086750 50007 0
1741086752 50208 0
1741086754 50445 0
1741086756 51017 0
1741086758 51428 0
1741086760 51909 0
1741086762 51932 0
1741086764 51837 0
1741086766 51596 0
1741086768 51617 0
1741086770 51548 0
1741086772 51410 0
1741086774 51840 0
1741086776 51850 0
1741086778 51614 0
1741086780 51387 0
1741086782 51486 0
1741086784 51457 0
1741086786 51477 0
1741086788 51427 0
1741086790 51342 0
1741086793 50930 0
1741086795 50612 0
1741086797 50290 0
1741086799 50123 0
1741086801 50060 0
1741086803 49927 0
1741086805 50294 0
1741086807 50221 0
1741086809 50085 0
1741086811 49927 0
1741086813 50001 0
1741086815 50329 0
1741086817 50999 0
1741086819 51260 0
1741086821 51623 0
1741086823 51588 0
1741086825 51424 0
1741086827 51253 0
1741086829 51126 0
1741086831 51562 0
1741086833 51697 0
1741086835 51387 0
1741086837 51148 0
1741086840 50987 0
1741086842 50945 0
1741086844 51066 0
1741086846 51005 0
1741086848 51094 0
1741086850 51184 0
1741086852 51143 0
1741086854 51169 0
1741086856 51341 0
1741086858 50929 0
1741086860 51684 0
1741086862 51387 0
1741086864 50983 0
1741086866 50599 0
1741086868 50415 0
1741086870 50053 0
1741086872 49735 0
1741086874 49501 0
1741086876 49348 0
1741086878 49603 0
1741086880 49780 0
1741086882 49794 0
1741086885 50019 0
1741086887 50451 0
1741086889 50732 0
1741086891 51344 0
1741086893 51285 0
1741086895 51171 0
1741086897 51046 0
1741086899 50874 0
1741086901 50765 0
1741086903 50663 0
1741086905 51111 0
1741086907 50956 0
1741086909 51006 0
1741086911 50758 0
1741086913 50884 0
1741086915 50987 0
1741086917 50902 0
1741086919 50958 0
1741086921 51153 0
1741086923 51106 0
1741086925 51066 0
1741086927 50613 0
1741086929 50290 0
1741086932 49993 0
1741086934 49786 0
1741086936 49535 0
1741086938 49474 0
1741086940 49420 0
1741086942 49381 0
1741086944 49923 0
1741086946 49729 0
1741086948 49431 0
1741086950 49572 0
1741086952 49615 0
1741086954 49538 0
1741086956 49476 0
1741086958 49426 0
1741086960 50121 0
1741086962 50121 0
1741086964 50331 0
1741086966 50648 0
1741086968 50833 0
1741086970 50952 0
1741086972 50880 0
1741086974 51197 0
1741086976 51037 0
1741086979 50938 0
1741086981 50917 0
1741086983 50911 0
1741086985 50803 0
1741086987 50873 0
1741086989 50877 0
1741086991 51269 0
1741086993 51087 0
1741086995 50854 0
1741086997 50389 0
1741086999 50077 0
1741087001 49981 0
1741087003 49830 0
1741087005 49680 0
1741087007 49497 0
1741087009 49446 0
1741087011 49570 0
1741087013 49648 0
1741087015 49785 0
1741087017 49765 0
1741087019 49589 0
1741087021 49472 0
1741087024 49553 0
1741087026 49581 0
1741087028 49559 0
1741087030 49771 0
1741087032 50649 0
1741087034 50843 0
1741087036 51053 0
1741087038 51107 0
1741087040 51043 0
1741087042 50964 0
1741087044 51631 0
1741087046 51402 0
1741087048 51321 0
1741087050 51280 0
1741087052 51382 0
1741087054 51318 0
1741087056 51168 0
1741087058 50973 0
1741087060 51389 0
1741087062 51219 0
1741087064 50933 0
1741087066 50631 0
1741087068 50344 0
1741087071 49985 0
1741087073 49766 0
1741087075 49780 0
1741087077 50144 0
1741087079 50014 0
1741087081 49766 0
1741087083 49602 0
1741087085 49515 0
1741087087 49660 0
1741087089 49762 0
1741087091 49824 0
1741087093 50319 0
1741087095 50790 0
1741087097 50956 0
1741087099 51110 0
1741087101 51151 0
1741087103 51114 0
1741087105 51119 0
1741087107 51380 0
1741087109 51221 0
1741087111 51150 0
1741087113 51027 0
1741087115 50897 0
1741087118 50828 0
1741087120 50898 0
1741087122 51523 0
1741087124 51265 0
1741087126 51206 0
1741087128 51192 0
1741087130 51147 0
1741087132 51250 0
1741087134 50560 0
1741087136 50070 0
1741087138 49754 0
1741087140 49691 0
1741087142 49534 0
1741087144 49264 0
1741087146 49290 0
1741087148 49434 0
1741087150 49550 0
1741087152 49264 0
1741087154 49252 0
1741087156 49265 0
1741087159 49462 0
1741087161 50024 0
1741087163 50451 0
1741087165 50849 0
1741087167 51119 0
1741087169 50998 0
1741087171 50855 0
1741087173 50953 0
1741087175 50801 0
1741087177 50734 0
1741087179 50656 0
1741087181 50816 0
1741087183 50748 0
1741087185 50640 0
1741087187 50656 0
1741087189 50660 0
1741087191 50642 0
1741087193 51100 0
1741087195 51019 0
1741087197 50907 0
1741087199 50848 0
1741087201 50461 0
1741087203 49973 0
1741087206 49642 0
1741087208 49462 0
1741087210 49419 0
1741087212 49269 0
1741087214 49169 0
1741087216 49152 0
1741087218 49162 0
1741087220 49006 0
1741087222 49215 0
1741087224 49215 0
1741087226 49046 0
1741087228 49126 0
1741087230 49116 0
1741087232 49131 0
1741087234 49164 0
1741087236 49342 0
1741087238 49535 0
1741087240 50051 0
1741087242 50535 0
1741087244 50909 0
1741087246 50899 0
1741087248 50947 0
1741087251 50913 0
1741087253 50840 0
1741087255 50772 0
1741087257 50663 0
1741087259 50491 0
1741087261 50384 0
1741087263 50281 0
1741087265 50358 0
1741087267 50517 0
1741087269 50476 0
1741087271 49921 0
1741087273 49514 0
1741087275 49360 0
1741087277 49245 0
1741087279 49484 0
1741087281 49413 0
1741087283 49398 0
1741087285 49388 0
1741087287 49334 0
1741087289 49318 0
1741087291 49144 0
1741087293 49176 0
1741087296 49161 0
1741087298 49137 0
1741087300 49597 0
1741087302 49604 0
1741087304 49364 0
1741087306 49571 0
1741087308 49949 0
1741087310 50159 0
1741087312 50689 0
1741087314 50841 0
1741087316 50855 0
1741087318 50774 0
1741087320 50956 0
1741087322 51185 0
1741087324 50847 0
1741087326 50807 0
1741087328 50744 0
1741087330 50632 0
1741087332 50607 0
1741087334 50673 0
1741087336 50716 0
1741087338 50595 0
1741087341 50936 0
1741087343 50407 0
1741087345 50131 0
1741087347 49757 0
1741087349 49672 0
1741087351 49597 0
1741087353 49510 0
1741087355 49441 0
1741087357 49695 0
1741087359 49554 0
1741087361 49611 0
1741087363 49389 0
1741087365 49417 0
1741087367 49531 0
1741087369 50561 0
1741087371 50854 0
1741087373 51049 0
1741087375 50872 0
1741087377 50958 0
1741087379 50951 0
1741087381 50921 0
1741087383 51025 0
1741087385 51308 0
1741087388 51252 0
1741087390 51147 0
1741087392 51142 0
1741087394 51030 0
1741087396 50887 0
1741087398 50859 0
1741087400 50949 0
1741087402 51598 0
1741087404 51873 0
1741087406 51878 0
1741087408 51274 0
1741087410 50679 0
1741087412 50032 0
1741087414 49853 0
1741087416 50437 0
1741087418 50064 0
1741087420 49936 0
1741087422 49618 0
1741087424 49631 0
1741087426 49524 0
1741087428 49684 0
1741087430 49764 0
1741087432 50343 0
1741087435 50305 0
1741087437 50501 0
1741087439 50635 0
1741087441 50914 0
1741087443 50894 0
1741087445 51264 0
1741087447 51180 0
1741087449 51061 0
1741087451 50915 0
1741087453 50938 0
1741087455 50992 0
1741087457 51058 0
1741087459 51538 0
1741087461 51845 0
1741087463 51334 0
1741087465 51237 0
1741087467 51092 0
1741087469 50899 0
1741087471 50857 0
1741087473 51640 0
1741087475 51673 0
1741087477 50859 0
1741087480 50467 0
1741087482 50407 0
1741087484 50100 0
1741087486 49933 0
1741087488 49836 0
1741087490 49728 0
1741087492 49701 0
1741087494 49744 0
1741087496 49638 0
1741087498 49673 0
1741087500 49629 0
1741087502 49744 0
1741087504 49691 0
1741087506 49524 0
1741087508 49759 0
1741087510 49992 0
1741087512 50002 0
1741087514 50265 0
1741087516 50498 0
1741087518 50694 0
1741087520 50831 0
1741087522 50940 0
1741087524 50903 0
1741087527 50876 0
1741087529 50978 0
1741087531 51020 0
1741087533 51029 0
1741087535 51057 0
1741087537 50832 0
1741087539 50781 0
1741087541 50820 0
1741087543 50781 0
1741087545 51009 0
1741087547 50398 0
1741087549 49815 0
1741087551 49442 0
1741087553 49427 0
1741087555 49353 0
1741087557 49375 0
1741087559 49584 0
1741087561 49545 0
1741087563 49473 0
1741087565 49295 0
1741087567 49391 0
1741087569 49421 0
1741087571 49575 0
1741087574 50250 0
1741087576 50076 0
1741087578 50001 0
1741087580 50100 0
1741087582 50183 0
1741087584 50373 0
1741087586 50733 0
1741087588 51732 0
1741087590 51458 0
1741087592 51308 0
1741087594 51355 0
1741087596 51170 0
1741087598 51089 0
1741087600 51247 0
1741087602 51195 0
1741087604 51715 0
1741087606 51621 0
1741087608 51362 0
1741087610 51308 0
1741087612 51118 0
1741087614 50686 0
1741087616 50376 0
1741087619 50627 0
1741087621 50057 0
1741087623 49993 0
1741087625 49903 0
1741087627 49928 0
1741087629 49961 0
1741087631 50705 0
1741087633 50612 0
1741087635 50508 0
1741087637 50483 0
1741087639 50771 0
1741087641 50869 0
1741087643 51214 0
1741087645 51872 0
1741087647 51689 0
1741087649 51544 0
1741087651 51368 0
1741087653 51428 0
1741087655 51131 0
1741087657 51089 0
1741087659 51557 0
1741087661 51584 0
1741087663 51324 0
1741087666 51269 0
1741087668 51175 0
1741087670 50928 0
1741087672 50987 0
1741087674 51381 0
1741087676 51393 0
1741087678 51612 0
1741087680 51566 0
1741087682 51679 0
1741087684 50985 0
1741087686 50701 0
1741087688 50613 0
1741087690 50102 0
1741087692 50071 0
1741087694 49952 0
1741087696 49663 0
1741087698 49653 0
1741087700 49610 0
1741087702 49548 0
1741087704 49465 0
1741087706 50119 0
1741087708 50610 0
1741087710 50974 0
1741087713 51255 0
1741087715 51456 0
1741087717 51443 0
1741087719 51766 0
1741087721 51825 0
1741087723 51609 0
1741087725 51632 0
1741087727 51474 0
1741087729 51422 0
1741087731 51343 0
1741087733 51436 0
1741087735 51357 0
1741087737 51298 0
1741087739 51318 0
1741087741 51263 0
1741087743 51404 0
1741087745 51597 0
1741087747 51687 0
1741087749 51978 0
1741087751 51651 0
1741087753 51023 0
1741087755 50834 0
1741087757 50491 0
1741087760 50616 0
1741087762 50640 0
1741087764 50426 0
1741087766 50292 0
1741087768 50184 0
1741087770 50079 0
1741087772 50065 0
1741087774 50033 0
1741087776 50166 0
1741087778 50240 0
1741087780 50321 0
1741087782 50521 0
1741087784 50561 0
1741087786 51009 0
1741087788 51361 0
1741087790 51526 0
1741087792 51697 0
1741087794 51826 0
1741087796 51708 0
1741087798 51532 0
1741087800 51478 0
1741087802 51375 0
1741087805 51395 0
1741087807 51446 0
1741087809 51485 0
1741087811 51410 0
1741087813 51399 0
1741087815 51542 0
1741087817 51824 0
1741087819 51629 0
1741087821 51100 0
1741087823 50692 0
1741087825 50476 0
1741087827 50344 0
1741087829 50133 0
1741087831 49823 0
1741087833 50123 0
1741087835 50030 0
1741087837 50092 0
1741087839 50169 0
1741087841 50346 0
1741087843 50270 0
1741087845 50641 0
1741087847 50615 0
1741087849 50556 0
1741087852 50535 0
1741087854 50683 0
1741087856 51014 0
1741087858 51331 0
1741087860 51616 0
1741087862 52064 0
1741087864 51965 0
1741087866 51888 0
1741087868 51909 0
1741087870 51878 0
1741087872 51737 0
1741087874 51565 0
1741087876 51652 0
1741087878 51556 0
1741087880 51420 0
1741087882 51518 0
1741087884 52000 0
1741087886 51990 0
1741087888 51662 0
1741087890 51355 0
1741087892 51034 0
1741087894 50696 0
1741087897 50388 0
1741087899 50471 0
1741087901 50486 0
1741087903 50340 0
1741087905 50105 0
1741087907 50216 0
1741087909 50297 0
1741087911 50759 0
1741087913 50949 0
1741087915 51308 0
1741087917 51545 0
1741087919 51758 0
1741087921 51874 0
1741087923 51914 0
1741087925 51762 0
1741087927 51716 0
1741087929 51727 0
1741087931 51720 0
1741087933 51749 0
1741087935 51961 0
1741087937 51826 0
1741087939 51635 0
1741087941 51640 0
1741087944 51669 0
1741087946 51588 0
1741087948 51678 0
1741087950 52150 0
1741087952 52230 0
1741087954 52697 0
1741087956 53326 0
1741087958 52909 0
1741087960 52461 0
1741087962 52120 0
1741087964 51503 0
1741087966 51224 0
1741087968 50934 0
1741087970 50731 0
1741087972 50570 0
1741087974 50401 0
1741087976 50405 0
1741087978 50404 0
1741087980 50771 0
1741087982 51458 0
1741087984 51839 0
1741087986 52028 0
1741087988 52050 0
1741087991 51840 0
1741087993 51808 0
1741087995 52144 0
1741087997 51972 0
1741087999 51885 0
1741088001 51861 0
1741088003 51828 0
1741088005 51875 0
1741088007 51956 0
1741088009 52267 0
1741088011 52154 0
1741088013 52215 0
1741088015 52263 0
1741088017 52072 0
1741088019 52269 0
1741088021 52969 0
1741088023 53413 0
1741088025 53914 0
1741088027 52978 0
1741088029 52021 0
1741088031 51438 0
1741088033 50951 0
1741088036 50749 0
1741088038 50808 0
1741088040 50500 0
1741088042 50323 0
1741088044 50191 0
1741088046 49930 0
1741088048 50196 0
1741088050 50211 0
1741088052 50247 0
1741088054 50209 0
1741088056 50424 0
1741088058 50539 0
1741088060 51707 0
1741088062 51912 0
1741088064 52074 0
1741088066 52234 0
1741088068 51970 0
1741088070 51936 0
1741088072 52505 0
1741088074 52359 0
1741088076 52081 0
1741088078 51727 0
1741088081 51824 0
1741088083 51701 0
1741088085 51513 0
1741088087 51760 0
1741088089 51712 0
1741088091 51741 0
1741088093 51658 0
1741088095 51570 0
1741088097 51255 0
1741088099 51037 0
1741088101 50864 0
1741088103 50746 0
1741088105 50453 0
1741088107 50463 0
1741088109 50516 0
1741088111 50416 0
1741088113 50419 0
1741088115 50426 0
1741088117 50402 0
1741088119 50573 0
1741088121 50696 0
1741088123 50981 0
1741088125 51085 0
1741088128 51615 0
1741088130 51760 0
1741088132 51900 0
1741088134 52130 0
1741088136 52028 0
1741088138 52249 0
1741088140 52154 0
1741088142 52268 0
1741088144 52133 0
1741088146 52100 0
1741088148 51930 0
1741088150 51936 0
1741088152 51803 0
1741088154 52178 0
1741088156 52090 0
1741088158 51982 0
1741088160 52195 0
1741088162 51918 0
1741088164 51289 0
1741088166 50916 0
1741088168 51026 0
1741088170 50602 0
1741088172 50614 0
1741088175 50478 0
1741088177 50420 0
1741088179 50522 0
1741088181 50629 0
1741088183 51018 0
1741088185 51305 0
1741088187 51864 0
1741088189 52239 0
1741088191 52363 0
1741088193 52566 0
1741088195 52409 0
1741088197 52116 0
1741088199 51959 0
1741088201 52245 0
1741088203 52083 0
1741088205 51893 0
1741088207 51626 0
1741088209 51431 0
1741088211 51307 0
1741088213 51899 0
1741088215 51817 0
1741088217 51741 0
1741088219 51656 0
1741088222 51663 0
1741088224 51647 0
1741088226 51743 0
1741088228 51865 0
1741088230 52052 0
1741088232 52209 0
1741088234 51749 0
1741088236 51269 0
1741088238 51018 0
1741088240 50823 0
1741088242 50894 0
1741088244 50662 0
1741088246 50512 0
1741088248 50443 0
1741088250 50159 0
1741088252 50072 0
1741088254 50252 0
1741088256 50545 0
1741088258 50991 0
1741088260 51669 0
1741088262 51927 0
1741088264 52041 0
1741088266 52044 0
1741088269 52004 0
1741088271 52034 0
1741088273 52111 0
1741088275 52333 0
1741088277 52134 0
1741088279 52049 0
1741088281 51973 0
1741088283 51950 0
1741088285 51889 0
1741088287 51904 0
1741088289 51882 0
1741088291 51778 0
1741088293 51830 0
1741088295 52026 0
1741088297 52643 0
1741088299 53082 0
1741088301 53033 0
1741088303 52303 0
1741088305 51762 0
1741088307 51275 0
1741088309 51052 0
1741088311 50723 0
1741088313 50734 0
1741088316 50643 0
1741088318 50530 0
1741088320 50479 0
1741088322 50445 0
1741088324 50410 0
1741088326 50306 0
1741088328 50693 0
1741088330 50734 0
1741088332 50939 0
1741088334 51226 0
1741088336 51704 0
1741088338 51998 0
1741088340 51994 0
1741088342 51973 0
1741088344 51947 0
1741088346 52024 0
1741088348 52295 0
1741088350 52041 0
1741088352 51831 0
1741088354 52137 0
1741088356 52781 0
1741088358 53026 0
1741088360 53277 0
1741088363 53160 0
1741088365 53057 0
1741088367 52852 0
1741088369 52658 0
1741088371 51936 0
1741088373 51297 0
1741088375 50958 0
1741088377 50717 0
1741088379 50519 0
1741088381 50637 0
1741088383 50802 0
1741088385 50567 0
1741088387 50513 0
1741088389 50466 0
1741088391 50486 0
1741088393 50488 0
1741088395 50609 0
1741088397 50591 0
1741088399 50792 0
1741088401 50938 0
1741088403 51286 0
1741088405 51935 0
1741088408 52319 0
1741088410 52511 0
1741088412 52544 0
1741088414 52328 0
1741088416 52320 0
1741088418 52426 0
1741088420 52360 0
1741088422 52365 0
1741088424 52195 0
1741088426 52142 0
1741088428 52221 0
1741088430 52139 0
1741088432 51995 0
1741088434 51917 0
1741088436 51899 0
1741088438 51864 0
1741088440 51635 0
1741088442 51456 0
1741088444 51097 0
1741088446 50978 0
1741088448 50867 0
1741088450 51129 0
1741088452 51132 0
1741088455 51063 0
1741088457 50937 0
1741088459 50801 0
1741088461 50907 0
1741088463 51299 0
1741088465 51745 0
1741088467 52442 0
1741088469 52482 0
1741088471 52416 0
1741088473 52231 0
1741088475 52104 0
1741088477 52179 0
1741088479 52202 0
1741088481 52938 0
1741088483 52992 0
1741088485 52794 0
1741088487 52620 0
1741088489 52419 0
1741088491 52423 0
1741088493 52336 0
1741088495 52524 0
1741088497 52532 0
1741088499 52805 0
1741088502 53369 0
1741088504 54666 0
1741088506 54576 0
1741088508 53951 0
1741088510 52799 0
1741088512 52134 0
1741088514 51694 0
1741088516 51394 0
1741088518 51206 0
1741088520 51063 0
1741088522 51225 0
1741088524 51919 0
1741088526 52066 0
1741088528 52473 0
1741088530 52496 0
1741088532 52577 0
1741088534 52546 0
1741088536 52664 0
1741088538 52831 0
1741088540 52815 0
1741088542 52836 0
1741088544 52570 0
1741088547 52469 0
1741088549 52477 0
1741088551 52534 0
1741088553 52457 0
1741088555 52436 0
1741088557 53101 0
1741088559 53111 0
1741088561 53379 0
1741088563 53305 0
1741088565 53373 0
1741088567 53583 0
1741088569 53910 0
1741088571 54427 0
1741088573 54627 0
1741088575 54504 0
1741088577 53210 0
1741088579 52374 0
1741088581 51698 0
1741088583 51418 0
1741088585 51211 0
1741088587 51451 0
1741088590 52046 0
1741088592 52152 0
1741088594 51767 0
1741088596 51568 0
1741088598 51531 0
1741088600 51531 0
1741088602 51463 0
1741088604 51662 0
1741088606 51982 0
1741088608 52375 0
1741088610 52418 0
1741088612 52524 0
1741088614 52585 0
1741088616 52519 0
1741088618 52429 0
1741088620 52755 0
1741088622 52965 0
1741088624 52788 0
1741088626 52612 0
1741088628 52335 0
1741088630 52034 0
1741088632 52147 0
1741088634 52028 0
1741088637 51979 0
1741088639 52021 0
1741088641 52127 0
1741088643 52139 0
1741088645 51919 0
1741088647 51619 0
1741088649 51389 0
1741088651 51162 0
1741088653 51060 0
1741088655 51063 0
1741088657 50879 0
1741088659 50826 0
1741088661 51259 0
1741088663 51089 0
1741088665 51144 0
1741088667 51126 0
1741088669 50968 0
1741088671 50893 0
1741088673 50901 0
1741088675 50998 0
1741088677 51188 0
1741088679 51535 0
1741088681 52182 0
1741088684 52475 0
1741088686 52564 0
1741088688 53287 0
1741088690 53119 0
1741088692 53554 0
1741088694 53010 0
1741088696 52880 0
1741088698 52706 0
1741088700 52536 0
1741088702 52383 0
1741088704 52316 0
1741088706 52381 0
1741088708 52516 0
1741088710 53144 0
1741088712 53127 0
1741088714 52487 0
1741088716 52020 0
1741088718 51544 0
1741088720 51380 0
1741088722 51253 0
1741088724 50956 0
1741088726 51084 0
1741088729 51257 0
1741088731 51277 0
1741088733 51526 0
1741088735 51743 0
1741088737 52099 0
1741088739 52245 0
1741088741 52504 0
1741088743 52511 0
1741088745 52369 0
1741088747 52623 0
1741088749 53042 0
1741088751 53005 0
1741088753 52754 0
1741088755 52529 0
1741088757 52305 0
1741088759 52238 0
1741088761 52177 0
1741088763 51988 0
1741088765 52381 0
1741088767 52496 0
1741088769 52378 0
1741088771 52443 0
1741088773 52706 0
1741088776 53096 0
1741088778 53784 0
1741088780 54426 0
1741088782 54288 0
1741088784 53911 0
1741088786 52859 0
1741088788 52387 0
1741088790 51837 0
1741088792 51303 0
1741088794 51260 0
1741088796 51182 0
1741088798 50999 0
1741088800 50864 0
1741088802 51113 0
1741088804 51335 0
1741088806 51586 0
1741088808 51959 0
1741088810 52095 0
1741088812 52443 0
1741088814 52343 0
1741088816 52311 0
1741088818 52290 0
1741088820 52212 0
1741088823 52222 0
1741088825 52263 0
1741088827 52277 0
1741088829 52406 0
1741088831 52393 0
1741088833 52255 0
1741088835 52307 0
1741088837 52667 0
1741088839 52593 0
1741088841 52699 0
1741088843 53370 0
1741088845 54028 0
1741088847 54644 0
1741088849 54756 0
1741088851 54099 0
1741088853 53106 0
1741088855 52465 0
1741088857 51939 0
1741088859 51509 0
1741088861 51462 0
1741088863 51201 0
1741088865 50995 0
1741088868 50817 0
1741088870 51074 0
1741088872 50965 0
1741088874 51268 0
1741088876 51235 0
1741088878 51413 0
1741088880 51653 0
1741088882 51944 0
1741088884 52541 0
1741088886 52756 0
1741088888 52901 0
1741088890 52787 0
1741088892 52520 0
1741088894 53110 0
1741088896 53362 0
1741088898 53227 0
1741088900 53297 0
1741088902 52793 0
1741088904 52685 0
1741088906 52639 0
1741088908 52472 0
1741088910 52376 0
1741088912 52289 0
1741088915 52231 0
1741088917 52223 0
1741088919 52882 0
1741088921 52484 0
1741088923 52168 0
1741088925 51734 0
1741088927 51420 0
1741088929 51225 0
1741088931 51009 0
1741088933 51118 0
1741088935 50846 0
1741088937 50791 0
1741088939 50896 0
1741088941 51099 0
1741088943 50987 0
1741088945 50951 0
1741088947 51215 0
1741088949 51689 0
1741088951 52184 0
1741088953 52453 0
1741088955 52793 0
1741088957 52793 0
1741088959 52805 0
1741088962 53320 0
1741088964 53468 0
1741088966 53379 0
1741088968 53246 0
1741088970 52887 0
1741088972 52840 0
1741088974 52926 0
1741088976 52947 0
1741088978 53712 0
1741088980 53706 0
1741088982 53742 0
1741088984 53574 0
1741088986 53451 0
1741088988 53209 0
1741088990 52328 0
1741088992 51958 0
1741088994 52263 0
1741088996 51789 0
1741088998 51648 0
1741089000 51415 0
1741089002 51246 0
1741089004 51226 0
1741089007 51875 0
1741089009 52021 0
1741089011 52305 0
1741089013 52769 0
1741089015 52760 0
1741089017 52787 0
1741089019 53256 0
1741089021 53068 0
1741089023 52876 0
1741089025 52864 0
1741089027 52849 0
1741089029 52657 0
1741089031 53223 0
1741089033 53209 0
1741089035 53204 0
1741089037 53220 0
1741089039 53372 0
1741089041 53595 0
1741089043 54320 0
1741089045 54717 0
1741089047 55183 0
1741089049 55235 0
1741089051 55091 0
1741089054 55065 0
1741089056 54725 0
1741089058 54877 0
1741089060 53763 0
1741089062 52769 0
1741089064 52291 0
1741089066 51919 0
1741089068 51775 0
1741089070 52256 0
1741089072 52144 0
1741089074 51811 0
1741089076 52043 0
1741089078 52543 0
1741089080 52816 0
1741089082 52892 0
1741089084 52906 0
1741089086 53338 0
1741089088 53156 0
1741089090 53094 0
1741089092 52728 0
1741089094 52630 0
1741089096 52489 0
1741089098 52901 0
1741089101 53131 0
1741089103 53024 0
1741089105 52719 0
1741089107 52617 0
1741089109 52490 0
1741089111 53043 0
1741089113 53045 0
1741089115 53044 0
1741089117 53317 0
1741089119 53615 0
1741089121 54104 0
1741089123 54597 0
1741089125 54664 0
1741089127 53983 0
1741089129 53034 0
1741089131 52725 0
1741089133 52205 0
1741089135 51875 0
1741089137 51509 0
1741089139 51452 0
1741089141 51335 0
1741089143 51214 0
1741089146 51085 0
1741089148 51172 0
1741089150 51104 0
1741089152 51095 0
1741089154 51507 0
1741089156 51696 0
1741089158 52628 0
1741089160 52885 0
1741089162 52821 0
1741089164 52809 0
1741089166 52764 0
1741089168 52696 0
1741089170 52774 0
1741089172 52814 0
1741089174 52699 0
1741089176 52613 0
1741089178 52442 0
1741089180 52438 0
1741089182 52604 0
1741089184 52781 0
1741089186 52737 0
1741089188 52804 0
1741089191 52700 0
1741089193 52626 0
1741089195 52437 0
1741089197 51820 0
1741089199 51579 0
1741089201 51345 0
1741089203 51260 0
1741089205 51206 0
1741089207 51260 0
1741089209 51214 0
1741089211 51097 0
1741089213 51115 0
1741089215 51174 0
1741089217 51041 0
1741089219 51040 0
1741089221 51264 0
1741089223 51662 0
1741089225 52149 0
1741089227 52630 0
1741089229 52851 0
1741089231 52803 0
1741089233 52778 0
1741089235 52665 0
1741089238 52615 0
1741089240 52670 0
1741089242 52579 0
1741089244 52515 0
1741089246 52428 0
1741089248 52521 0
1741089250 52666 0
1741089252 52551 0
1741089254 52701 0
1741089256 52935 0
1741089258 53022 0
1741089260 53617 0
1741089262 54249 0
1741089264 55457 0
1741089266 56257 0
1741089268 57008 0
1741089270 56971 0
1741089272 56250 0
1741089274 55513 0
1741089276 54867 0
1741089278 54527 0
1741089280 54513 0
1741089282 54327 0
1741089285 53941 0
1741089287 53568 0
1741089289 53418 0
1741089291 53257 0
1741089293 53143 0
1741089295 53124 0
1741089297 52838 0
1741089299 52676 0
1741089301 52436 0
1741089303 52512 0
1741089305 52513 0
1741089307 52813 0
1741089309 52901 0
1741089311 52799 0
1741089313 52902 0
1741089315 52799 0
1741089317 52919 0
1741089319 52923 0
1741089321 53130 0
1741089323 53458 0
1741089325 54180 0
1741089327 54771 0
1741089330 54747 0
1741089332 54501 0
1741089334 53615 0
1741089336 53239 0
1741089338 52581 0
1741089340 52422 0
1741089342 52347 0
1741089344 52072 0
1741089346 51869 0
1741089348 51844 0
1741089350 51893 0
1741089352 52136 0
1741089354 52565 0
1741089356 52735 0
1741089358 52768 0
1741089360 52770 0
1741089362 52976 0
1741089364 53035 0
1741089366 52997 0
1741089368 52905 0
1741089370 52774 0
1741089372 52964 0
1741089374 53167 0
1741089377 53155 0
1741089379 53046 0
1741089381 52944 0
1741089383 53020 0
1741089385 52848 0
1741089387 52774 0
1741089389 52984 0
1741089391 53248 0
1741089393 53778 0
1741089395 54514 0
1741089397 54737 0
1741089399 54741 0
1741089401 54485 0
1741089403 53435 0
1741089405 52846 0
1741089407 52393 0
1741089409 52058 0
1741089411 51755 0
1741089413 51588 0
1741089415 51538 0
1741089417 51855 0
1741089419 51725 0
1741089422 51446 0
1741089424 51426 0
1741089426 51484 0
1741089428 51861 0
1741089430 52299 0
1741089432 52557 0
1741089434 52764 0
1741089436 52764 0
1741089438 52710 0
1741089440 52732 0
1741089442 52653 0
1741089444 52750 0
1741089446 52650 0
1741089448 52769 0
1741089450 52694 0
1741089452 52491 0
1741089454 52462 0
1741089456 52473 0
1741089458 52484 0
1741089460 52815 0
1741089462 52812 0
1741089464 52712 0
1741089467 52788 0
1741089469 52868 0
1741089471 52519 0
1741089473 52181 0
1741089475 51915 0
1741089477 51732 0
1741089479 51541 0
1741089481 51305 0
1741089483 51490 0
1741089485 51594 0
1741089487 51857 0
1741089489 51937 0
1741089491 51801 0
1741089493 51870 0
1741089495 52133 0
1741089497 52450 0
1741089499 52791 0
1741089501 52941 0
1741089503 53057 0
1741089505 53103 0
1741089507 53145 0
1741089509 53220 0
1741089511 53086 0
1741089514 53256 0
1741089516 53015 0
1741089518 53027 0
1741089520 53213 0
1741089522 53501 0
1741089524 53340 0
1741089526 53219 0
1741089528 53084 0
1741089530 53239 0
1741089532 53455 0
1741089534 53563 0
1741089536 54074 0
1741089538 54365 0
1741089540 53334 0
1741089542 52782 0
1741089544 52389 0
1741089546 52307 0
1741089548 52562 0
1741089550 52420 0
1741089552 52521 0
1741089554 52799 0
1741089556 53091 0
1741089559 53213 0
1741089561 53725 0
1741089563 53760 0
1741089565 53785 0
1741089567 53968 0
1741089569 53782 0
1741089571 53688 0
1741089573 53470 0
1741089575 53383 0
1741089577 53434 0
1741089579 53348 0
1741089581 53452 0
1741089583 53386 0
1741089585 53326 0
1741089587 53252 0
1741089589 53161 0
1741089591 53375 0
1741089593 53473 0
1741089595 53681 0
1741089597 54035 0
1741089599 54803 0
1741089601 55124 0
1741089603 54896 0
1741089606 54677 0
1741089608 54456 0
1741089610 54052 0
1741089612 53510 0
1741089614 53042 0
1741089616 52571 0
1741089618 52499 0
1741089620 52313 0
1741089622 52334 0
1741089624 52484 0
1741089626 53007 0
1741089628 53345 0
1741089630 53475 0
1741089632 53417 0
1741089634 53390 0
1741089636 53276 0
1741089638 53217 0
1741089640 53474 0
1741089642 53401 0
1741089644 53317 0
1741089646 53316 0
1741089648 53166 0
1741089651 53023 0
1741089653 53081 0
1741089655 53154 0
1741089657 53272 0
1741089659 53529 0
1741089661 53828 0
1741089663 54230 0
1741089665 54856 0
1741089667 55368 0
1741089669 55379 0
1741089671 55139 0
1741089673 54839 0
1741089675 54668 0
1741089677 53898 0
1741089679 53347 0
1741089681 52826 0
1741089683 52431 0
1741089685 52130 0
1741089687 52024 0
1741089689 51965 0
1741089691 51900 0
1741089693 51982 0
1741089695 51948 0
1741089698 52225 0
1741089700 52598 0
1741089702 53153 0
1741089704 53404 0
1741089706 53504 0
1741089708 53537 0
1741089710 53457 0
1741089712 53545 0
1741089714 53587 0
1741089716 53573 0
1741089718 53520 0
1741089720 53393 0
1741089722 53347 0
1741089724 53376 0
1741089726 53467 0
1741089728 53541 0
1741089730 53440 0
1741089732 53325 0
1741089734 53427 0
1741089736 53712 0
1741089738 53861 0
1741089740 54137 0
1741089742 54597 0
1741089745 54784 0
1741089747 53714 0
1741089749 53081 0
1741089751 52690 0
1741089753 52556 0
1741089755 52382 0
1741089757 52246 0
1741089759 52226 0
1741089761 52307 0
1741089763 52278 0
1741089765 52413 0
1741089767 52625 0
1741089769 52786 0
1741089771 53132 0
1741089773 53456 0
1741089775 53681 0
1741089777 53738 0
1741089779 53562 0
1741089781 53354 0
1741089783 53254 0
1741089785 53399 0
1741089787 53554 0
1741089790 53476 0
1741089792 53524 0
1741089794 53252 0
1741089796 53436 0
1741089798 53306 0
1741089800 53298 0
1741089802 53508 0
1741089804 53432 0
1741089806 53434 0
1741089808 53541 0
1741089810 53735 0
1741089812 54227 0
1741089814 53824 0
1741089816 53248 0
1741089818 52799 0
1741089820 52758 0
1741089822 52526 0
1741089824 52407 0
1741089826 52363 0
1741089828 52383 0
1741089830 52642 0
1741089832 52946 0
1741089834 53118 0
1741089837 53116 0
1741089839 53217 0
1741089841 53438 0
1741089843 53421 0
1741089845 53658 0
1741089847 53548 0
1741089849 53754 0
1741089851 53672 0
1741089853 53688 0
1741089855 53834 0
1741089857 53554 0
1741089859 53553 0
1741089861 54425 0
1741089863 54680 0
1741089865 54943 0
1741089867 55677 0
1741089869 56030 0
1741089871 55739 0
1741089873 55644 0
1741089875 55359 0
1741089877 55253 0
1741089879 55094 0
1741089881 54967 0
1741089884 54298 0
1741089886 53736 0
1741089888 53142 0
1741089890 52727 0
1741089892 52496 0
1741089894 52982 0
1741089896 53208 0
1741089898 53455 0
1741089900 53623 0
1741089902 53904 0
1741089904 53977 0
1741089906 53936 0
1741089908 54383 0
1741089910 54357 0
1741089912 54192 0
1741089914 53893 0
1741089916 53763 0
1741089918 53690 0
1741089920 54313 0
1741089922 54368 0
1741089924 54336 0
1741089926 54532 0
1741089928 54568 0
1741089931 54954 0
1741089933 55535 0
1741089935 56187 0
1741089937 56285 0
1741089939 56524 0
1741089941 56219 0
1741089943 55739 0
1741089945 55400 0
1741089947 55209 0
1741089949 55050 0
1741089951 54852 0
1741089953 54352 0
1741089955 54213 0
1741089957 53743 0
1741089959 53445 0
1741089961 53343 0
1741089963 53202 0
1741089965 53254 0
1741089967 53492 0
1741089969 54353 0
1741089971 54507 0
1741089973 54624 0
1741089976 54840 0
1741089978 54783 0
1741089980 55159 0
1741089982 54938 0
1741089984 54879 0
1741089986 54757 0
1741089988 54786 0
1741089990 54722 0
1741089992 54842 0
1741089994 55581 0
1741089996 55223 0
1741089998 55036 0
1741090000 55135 0
1741090002 55357 0
1741090004 55327 0
1741090006 55444 0
1741090008 56548 0
1741090010 57177 0
1741090012 57109 0
1741090014 56856 0
1741090016 56732 0
1741090018 56635 0
1741090020 56325 0
1741090023 55566 0
1741090025 55496 0
1741090027 55312 0
1741090029 55207 0
1741090031 55246 0
1741090033 55153 0
1741090035 55702 0
1741090037 55720 0
1741090039 55667 0
1741090041 55524 0
1741090043 55580 0
1741090045 55570 0
1741090047 56118 0
1741090049 55900 0
1741090051 55715 0
1741090053 55617 0
1741090055 55448 0
1741090057 55294 0
1741090059 55197 0
1741090061 55648 0
1741090063 55623 0
1741090065 55589 0
1741090067 55640 0
1741090070 55778 0
1741090072 56091 0
1741090074 56598 0
1741090076 57712 0
1741090078 57682 0
1741090080 57376 0
1741090082 57167 0
1741090084 57022 0
1741090086 56850 0
1741090088 56772 0
1741090090 56886 0
1741090092 56607 0
1741090094 56684 0
1741090096 56674 0
1741090098 56474 0
1741090100 56280 0
1741090102 55924 0
1741090104 55775 0
1741090106 56032 0
1741090108 55854 0
1741090110 55779 0
1741090112 55646 0
1741090115 55542 0
1741090117 55291 0
1741090119 55268 0
1741090121 55949 0
1741090123 55718 0
1741090125 55645 0
1741090127 55729 0
1741090129 55785 0
1741090131 55973 0
1741090133 56651 0
1741090135 57475 0
1741090137 57394 0
1741090139 57109 0
1741090141 57009 0
1741090143 56539 0
1741090145 56328 0
1741090147 56728 0
1741090149 56164 0
1741090151 55753 0
1741090153 55471 0
1741090155 55359 0
1741090157 55241 0
1741090159 55088 0
1741090162 56307 0
1741090164 56302 0
1741090166 56177 0
1741090168 56070 0
1741090170 55856 0
1741090172 55617 0
1741090174 55506 0
1741090176 55783 0
1741090178 55377 0
1741090180 55395 0
1741090182 55118 0
1741090184 55082 0
1741090186 54929 0
1741090188 55202 0
1741090190 55058 0
1741090192 54949 0
1741090194 54691 0
1741090196 54496 0
1741090198 54397 0
1741090200 54471 0
1741090202 55263 0
1741090204 55527 0
1741090206 56176 0
1741090209 56768 0
1741090211 56672 0
1741090213 56330 0
1741090215 56100 0
1741090217 55929 0
1741090219 55766 0
1741090221 55577 0
1741090223 55294 0
1741090225 54969 0
1741090227 54707 0
1741090229 54153 0
1741090231 53834 0
1741090233 53530 0
1741090235 53439 0
1741090237 53345 0
1741090239 53497 0
1741090241 53758 0
1741090243 53937 0
1741090245 54336 0
1741090247 54860 0
1741090249 55063 0
1741090251 55056 0
1741090253 55119 0
1741090256 54951 0
1741090258 54894 0
1741090260 54911 0
1741090262 55147 0
1741090264 54973 0
1741090266 54945 0
1741090268 54789 0
1741090270 54798 0
1741090272 54674 0
1741090274 54573 0
1741090276 54912 0
1741090278 54942 0
1741090280 54801 0
1741090282 54825 0
1741090284 55143 0
1741090286 55671 0
1741090288 56184 0
1741090290 56536 0
1741090292 56523 0
1741090295 56259 0
1741090297 54928 0
1741090299 54273 0
1741090301 54156 0
1741090303 53692 0
1741090305 53642 0
1741090307 53300 0
1741090309 53113 0
1741090311 52953 0
1741090313 52897 0
1741090315 53064 0
1741090317 53268 0
1741090319 53818 0
1741090321 53980 0
1741090323 53922 0
1741090325 53996 0
1741090327 54166 0
1741090329 54198 0
1741090331 54085 0
1741090333 53913 0
1741090335 53841 0
1741090337 54148 0
1741090339 54033 0
1741090342 53915 0
1741090344 53946 0
1741090346 53970 0
1741090348 54046 0
1741090350 54088 0
1741090352 54127 0
1741090354 54911 0
1741090356 54990 0
1741090358 55391 0
1741090360 56130 0
1741090362 56198 0
1741090364 55562 0
1741090366 55283 0
1741090368 54874 0
1741090370 54545 0
1741090372 54425 0
1741090374 54330 0
1741090376 54301 0
1741090378 54630 0
1741090380 54537 0
1741090382 54382 0
1741090384 54135 0
1741090387 53934 0
1741090389 53954 0
1741090391 53868 0
1741090393 53690 0
1741090395 54051 0
1741090397 53819 0
1741090399 53646 0
1741090401 53466 0
1741090403 53337 0
1741090405 53401 0
1741090407 53423 0
1741090409 53330 0
1741090411 53343 0
1741090413 53224 0
1741090415 53223 0
1741090417 53863 0
1741090419 54195 0
1741090421 54911 0
1741090423 55260 0
1741090425 55152 0
1741090427 54968 0
1741090429 55440 0
1741090431 54954 0
1741090434 54134 0
1741090436 53480 0
1741090438 53180 0
1741090440 52980 0
1741090442 52771 0
1741090444 52720 0
1741090446 53358 0
1741090448 53394 0
1741090450 53457 0
1741090452 53345 0
1741090454 53234 0
1741090456 53186 0
1741090458 52983 0
1741090460 54095 0
1741090462 53565 0
1741090464 53240 0
1741090466 53056 0
1741090468 52950 0
1741090470 53069 0
1741090472 53432 0
1741090474 53278 0
1741090476 53258 0
1741090479 53016 0
1741090481 53146 0
1741090483 53039 0
1741090485 52839 0
1741090487 53338 0
1741090489 53454 0
1741090491 53848 0
1741090493 54546 0
1741090495 54872 0
1741090497 54829 0
1741090499 54999 0
1741090501 54095 0
1741090503 53068 0
1741090505 52360 0
1741090507 51896 0
1741090509 51691 0
1741090511 51448 0
1741090513 51865 0
1741090515 51703 0
1741090517 51482 0
1741090519 51374 0
1741090521 51334 0
1741090523 51287 0
1741090526 51987 0
1741090528 52167 0
1741090530 52432 0
1741090532 52850 0
1741090534 53255 0
1741090536 53466 0
1741090538 53389 0
1741090540 53776 0
1741090542 53554 0
1741090544 53268 0
1741090546 53145 0
1741090548 53162 0
1741090550 52927 0
1741090552 53168 0
1741090554 53032 0
1741090556 52864 0
1741090558 52767 0
1741090560 52658 0
1741090562 52566 0
1741090564 53302 0
1741090566 53428 0
1741090568 53646 0
1741090570 53072 0
1741090573 52427 0
1741090575 51999 0
1741090577 51965 0
1741090579 52233 0
1741090581 51927 0
1741090583 51813 0
1741090585 51448 0
1741090587 51276 0
1741090589 51039 0
1741090591 51012 0
1741090593 51371 0
1741090595 51407 0
1741090597 51488 0
1741090599 51961 0
1741090601 52457 0
1741090603 52509 0
1741090605 52656 0
1741090607 52762 0
1741090609 52701 0
1741090611 52571 0
1741090613 52477 0
1741090615 52431 0
1741090618 52374 0
1741090620 52480 0
1741090622 52794 0
1741090624 52703 0
1741090626 52615 0
1741090628 52714 0
1741090630 52697 0
1741090632 52616 0
1741090634 52918 0
1741090636 52965 0
1741090638 52765 0
1741090640 52099 0
1741090642 51875 0
1741090644 51531 0
1741090646 51362 0
1741090648 51151 0
1741090650 51355 0
1741090652 51133 0
1741090654 51170 0
1741090656 51248 0
1741090658 51482 0
1741090660 51974 0
1741090663 52361 0
1741090665 52871 0
1741090667 52717 0
1741090669 52551 0
1741090671 52589 0
1741090673 52746 0
1741090675 52575 0
1741090677 52529 0
1741090679 52902 0
1741090681 52737 0
1741090683 52601 0
1741090685 52562 0
1741090687 52873 0
1741090689 52891 0
1741090691 53021 0
1741090693 53852 0
1741090695 54226 0
1741090697 54698 0
1741090699 54966 0
1741090701 55044 0
1741090703 54798 0
1741090705 54511 0
1741090708 54501 0
1741090710 53680 0
1741090712 52716 0
1741090714 52144 0
1741090716 51796 0
1741090718 51332 0
1741090720 51309 0
1741090722 52000 0
1741090724 51933 0
1741090726 51986 0
1741090728 52400 0
1741090730 52509 0
1741090732 52546 0
1741090734 52690 0
1741090736 53238 0
1741090738 52937 0
1741090740 52594 0
1741090742 52536 0
1741090744 52167 0
1741090746 52173 0
1741090748 52273 0
1741090750 52222 0
1741090752 52697 0
1741090755 52764 0
1741090757 52640 0
1741090759 52459 0
1741090761 52904 0
1741090763 52787 0
1741090765 53530 0
1741090767 53880 0
1741090769 54460 0
1741090771 54664 0
1741090773 54622 0
1741090775 54482 0
1741090777 53502 0
1741090779 52930 0
1741090781 52586 0
1741090783 51841 0
1741090785 51511 0
1741090787 51353 0
1741090789 51251 0
1741090791 51239 0
1741090793 51046 0
1741090795 50938 0
1741090797 51175 0
1741090800 50986 0
1741090802 50951 0
1741090804 50978 0
1741090806 51334 0
1741090808 51767 0
1741090810 52053 0
1741090812 52479 0
1741090814 52292 0
1741090816 52316 0
1741090818 52217 0
1741090820 52233 0
1741090822 52003 0
1741090824 51912 0
1741090826 51765 0
1741090828 52118 0
1741090830 52095 0
1741090832 51959 0
1741090834 51899 0
1741090836 52035 0
1741090838 51920 0
1741090840 52740 0
1741090842 52433 0
1741090844 52406 0
1741090847 51678 0
1741090849 51222 0
1741090851 51039 0
1741090853 50975 0
1741090855 50886 0
1741090857 50925 0
1741090859 50780 0
1741090861 50653 0
1741090863 50763 0
1741090865 50619 0
1741090867 50672 0
1741090869 50594 0
1741090871 50455 0
1741090873 50394 0
1741090875 51055 0
1741090877 51272 0
1741090879 51663 0
1741090881 51990 0
1741090883 52118 0
1741090885 52018 0
1741090887 52208 0
1741090889 52030 0
1741090891 51964 0
1741090894 51947 0
1741090896 51832 0
1741090898 51851 0
1741090900 51827 0
1741090902 52188 0
1741090904 51865 0
1741090906 51788 0
1741090908 51738 0
1741090910 51642 0
1741090912 51496 0
1741090914 51350 0
1741090916 50910 0
1741090918 50725 0
1741090920 50943 0
1741090922 50564 0
1741090924 50289 0
1741090926 50126 0
1741090928 50254 0
1741090930 50283 0
1741090932 51045 0
1741090934 51236 0
1741090936 51513 0
1741090938 51775 0
1741090941 51824 0
1741090943 51914 0
1741090945 51744 0
1741090947 51845 0
1741090949 51861 0
1741090951 51965 0
1741090953 51900 0
1741090955 51762 0
1741090957 51616 0
1741090959 51605 0
1741090961 51722 0
1741090963 51633 0
1741090965 51645 0
1741090967 52125 0
1741090969 52209 0
1741090971 52016 0
1741090973 52008 0
1741090975 52117 0
1741090977 52264 0
1741090979 52656 0
1741090981 52935 0
1741090983 52209 0
1741090986 51653 0
1741090988 51041 0
1741090990 50684 0
1741090992 50492 0
1741090994 50306 0
1741090996 50144 0
1741090998 50071 0
1741091000 50204 0
1741091002 50164 0
1741091004 50387 0
1741091006 50692 0
1741091008 51009 0
1741091010 51259 0
1741091012 51531 0
1741091014 51659 0
1741091016 51584 0
1741091018 51421 0
1741091020 51542 0
1741091022 51491 0
1741091024 51425 0
1741091026 51415 0
1741091028 51336 0
1741091030 51355 0
1741091033 51366 0
1741091035 51367 0
1741091037 51285 0
1741091039 51224 0
1741091041 51243 0
1741091043 51130 0
1741091045 51490 0
1741091047 51898 0
1741091049 52534 0
1741091051 52156 0
1741091053 51608 0
1741091055 51401 0
1741091057 51037 0
1741091059 50766 0
1741091061 50946 0
1741091063 50657 0
1741091065 50544 0
1741091067 50754 0
1741091069 51028 0
1741091071 50923 0
1741091073 50819 0
1741091075 50706 0
1741091077 50741 0
1741091080 50654 0
1741091082 50978 0
1741091084 51293 0
1741091086 51484 0
1741091088 51557 0
1741091090 51695 0
1741091092 51561 0
1741091094 51626 0
1741091096 51660 0
1741091098 51593 0
1741091100 51428 0
1741091102 51477 0
1741091104 51365 0
1741091106 51440 0
1741091108 51521 0
1741091110 51455 0
1741091112 51255 0
1741091114 51325 0
1741091116 51405 0
1741091118 51360 0
1741091120 50878 0
1741091122 50751 0
1741091124 50646 0
1741091127 50465 0
1741091129 50273 0
1741091131 50107 0
1741091133 50061 0
1741091135 50135 0
1741091137 50098 0
1741091139 49945 0
1741091141 50055 0
1741091143 49923 0
1741091145 49801 0
1741091147 50150 0
1741091149 50181 0
1741091151 50561 0
1741091153 50876 0
1741091155 51167 0
1741091157 51333 0
1741091159 51373 0
1741091161 51459 0
1741091163 51422 0
1741091165 51545 0
1741091167 51578 0
1741091169 51519 0
1741091172 51478 0
1741091174 51452 0
1741091176 51477 0
1741091178 51432 0
1741091180 51458 0
1741091182 51364 0
1741091184 51516 0
1741091186 51679 0
1741091188 51620 0
1741091190 51175 0
1741091192 50718 0
1741091194 50500 0
1741091196 50400 0
1741091198 50205 0
1741091200 50323 0
1741091202 50273 0
1741091204 50080 0
1741091206 50076 0
1741091208 50138 0
1741091210 50283 0
1741091212 50685 0
1741091214 51105 0
1741091216 51357 0
1741091219 51628 0
1741091221 51694 0
1741091223 51711 0
1741091225 51729 0
1741091227 51758 0
1741091229 51770 0
1741091231 51691 0
1741091233 51732 0
1741091235 51525 0
1741091237 51365 0
1741091239 51328 0
1741091241 51468 0
1741091243 51366 0
1741091245 51356 0
1741091247 51455 0
1741091249 51595 0
1741091251 51787 0
1741091253 52041 0
1741091255 52469 0
1741091257 52082 0
1741091259 51665 0
1741091261 51319 0
1741091264 50817 0
1741091266 50494 0
1741091268 50340 0
1741091270 50223 0
1741091272 50177 0
1741091274 50273 0
1741091276 50280 0
1741091278 50638 0
1741091280 50866 0
1741091282 51221 0
1741091284 51641 0
1741091286 51814 0
1741091288 52009 0
1741091290 52031 0
1741091292 51864 0
1741091294 51802 0
1741091296 51805 0
1741091298 51733 0
1741091300 51629 0
1741091302 51660 0
1741091304 51815 0
1741091306 51675 0
1741091308 51771 0
1741091311 51847 0
1741091313 51829 0
1741091315 52056 0
1741091317 52188 0
1741091319 52644 0
1741091321 53253 0
1741091323 53808 0
1741091325 54197 0
1741091327 53091 0
1741091329 52264 0
1741091331 51758 0
1741091333 51259 0
1741091335 50982 0
1741091337 50747 0
1741091339 50645 0
1741091341 50513 0
1741091343 50477 0
1741091345 50683 0
1741091347 50895 0
1741091349 50980 0
1741091351 51090 0
1741091353 51351 0
1741091355 51707 0
1741091358 51810 0
1741091360 51955 0
1741091362 52220 0
1741091364 52288 0
1741091366 52502 0
1741091368 52531 0
1741091370 52479 0
1741091372 52407 0
1741091374 52391 0
1741091376 52340 0
1741091378 52208 0
1741091380 52203 0
1741091382 52089 0
1741091384 51890 0
1741091386 51978 0
1741091388 51982 0
1741091390 51838 0
1741091392 51892 0
1741091394 51804 0
1741091396 51292 0
1741091398 50869 0
1741091400 50644 0
1741091403 50529 0
1741091405 50322 0
1741091407 50384 0
1741091409 50407 0
1741091411 50444 0
1741091413 50333 0
1741091415 50302 0
1741091417 50403 0
1741091419 50359 0
1741091421 50440 0
1741091423 50733 0
1741091425 50810 0
1741091427 51116 0
1741091429 51375 0
1741091431 51617 0
1741091433 51919 0
1741091435 51822 0
1741091437 51852 0
1741091439 51918 0
1741091441 52059 0
1741091443 52195 0
1741091445 52094 0
1741091447 52060 0
1741091450 51932 0
1741091452 51604 0
1741091454 51589 0
1741091456 51484 0
1741091458 51580 0
1741091460 51899 0
1741091462 52051 0
1741091464 51985 0
1741091466 51544 0
1741091468 51140 0
1741091470 50992 0
1741091472 50820 0
1741091474 50589 0
1741091476 50407 0
1741091478 50247 0
1741091480 50225 0
1741091482 50228 0
1741091484 50340 0
1741091486 50624 0
1741091488 50937 0
1741091490 51313 0
1741091492 51569 0
1741091495 51805 0
1741091497 51724 0
1741091499 51822 0
1741091501 51939 0
1741091503 51881 0
1741091505 51823 0
1741091507 51940 0
1741091509 51784 0
1741091511 51860 0
1741091513 51824 0
1741091515 51621 0
1741091517 51629 0
1741091519 51645 0
1741091521 51853 0
1741091523 51916 0
1741091525 52103 0
1741091527 52314 0
1741091529 53076 0
1741091531 53622 0
1741091533 52628 0
1741091535 51863 0
1741091537 51285 0
1741091540 50792 0
1741091542 50433 0
1741091544 50415 0
1741091546 50415 0
1741091548 50423 0
1741091550 50260 0
1741091552 50391 0
1741091554 50416 0
1741091556 50616 0
1741091558 51023 0
1741091560 51557 0
1741091562 51806 0
1741091564 51929 0
1741091566 52041 0
1741091568 52070 0
1741091570 52152 0
1741091572 52131 0
1741091574 52037 0
1741091576 51942 0
1741091578 51817 0
1741091580 51834 0
1741091582 51879 0
1741091584 51816 0
1741091587 51855 0
1741091589 52139 0
1741091591 52054 0
1741091593 52077 0
1741091595 52299 0
1741091597 52901 0
1741091599 53495 0
1741091601 53411 0
1741091603 52508 0
1741091605 51565 0
1741091607 51290 0
1741091609 51064 0
1741091611 51030 0
1741091613 50917 0
1741091615 50723 0
1741091617 50692 0
1741091619 50817 0
1741091621 50944 0
1741091623 50988 0
1741091625 50893 0
1741091627 50803 0
1741091629 50767 0
1741091631 50813 0
1741091634 51104 0
1741091636 51415 0
1741091638 51621 0
1741091640 51733 0
1741091642 51770 0
1741091644 51704 0
1741091646 51778 0
1741091648 51854 0
1741091650 51900 0
1741091652 51814 0
1741091654 51824 0
1741091656 52015 0
1741091658 51884 0
1741091660 52338 0
1741091662 52074 0
1741091664 52050 0
1741091666 52425 0
1741091668 52533 0
1741091670 51843 0
1741091672 51584 0
1741091674 51247 0
1741091676 51553 0
1741091679 51064 0
1741091681 50934 0
1741091683 50734 0
1741091685 50503 0
1741091687 50489 0
1741091689 50675 0
1741091691 50680 0
1741091693 50580 0
1741091695 50585 0
1741091697 50756 0
1741091699 50904 0
1741091701 51498 0
1741091703 51940 0
1741091705 52213 0
1741091707 52454 0
1741091709 52688 0
1741091711 52533 0
1741091713 52263 0
1741091715 52123 0
1741091717 52344 0
1741091719 52159 0
1741091721 51835 0
1741091723 51762 0
1741091726 51667 0
1741091728 51706 0
1741091730 51826 0
1741091732 51929 0
1741091734 51968 0
1741091736 52166 0
1741091738 51973 0
1741091740 51894 0
1741091742 51531 0
1741091744 51174 0
1741091746 51007 0
1741091748 51051 0
1741091750 51051 0
1741091752 50769 0
1741091754 50495 0
1741091756 50311 0
1741091758 50785 0
1741091760 51043 0
1741091762 51619 0
1741091764 51865 0
1741091766 51932 0
1741091768 52222 0
1741091770 52492 0
1741091773 52305 0
1741091775 52408 0
1741091777 52360 0
1741091779 52468 0
1741091781 52270 0
1741091783 52124 0
1741091785 52171 0
1741091787 52195 0
1741091789 52050 0
1741091791 51872 0
1741091793 52276 0
1741091795 52569 0
1741091797 52788 0
1741091799 53745 0
1741091801 54694 0
1741091803 54620 0
1741091805 54420 0
1741091807 53707 0
1741091809 52637 0
1741091811 52095 0
1741091813 52563 0
1741091815 51780 0
1741091817 51236 0
1741091820 50797 0
1741091822 50463 0
1741091824 50595 0
1741091826 51513 0
1741091828 53379 0
1741091830 53335 0
1741091832 53128 0
1741091834 52796 0
1741091836 52788 0
1741091838 54292 0
1741091840 53500 0
1741091842 52921 0
1741091844 52456 0
1741091846 52546 0
1741091848 52259 0
1741091850 52097 0
1741091852 51919 0
1741091854 51919 0
1741091856 51882 0
1741091858 52187 0
1741091860 52466 0
1741091862 52933 0
1741091864 53092 0
1741091867 53503 0
1741091869 54105 0
1741091871 54355 0
1741091873 54707 0
1741091875 54440 0
1741091877 53413 0
1741091879 52944 0
1741091881 52206 0
1741091883 51676 0
1741091885 52009 0
1741091887 52709 0
1741091889 52609 0
1741091891 51995 0
1741091893 51570 0
1741091895 51425 0
1741091897 51766 0
1741091899 51978 0
1741091901 51654 0
1741091903 51694 0
1741091905 51910 0
1741091907 52099 0
1741091909 53362 0
1741091911 53422 0
1741091914 53177 0
1741091916 52742 0
1741091918 52565 0
1741091920 52408 0
1741091922 52686 0
1741091924 52284 0
1741091926 52415 0
1741091928 52044 0
1741091930 51730 0
1741091932 51504 0
1741091934 51540 0
1741091936 51339 0
1741091938 51426 0
1741091940 51434 0
1741091942 51411 0
1741091944 51739 0
1741091946 51486 0
1741091948 51152 0
1741091950 51196 0
1741091952 51076 0
1741091954 50850 0
1741091956 52483 0
1741091958 51717 0
1741091961 52039 0
1741091963 51750 0
1741091965 51306 0
1741091967 51444 0
1741091969 52167 0
1741091971 52136 0
1741091973 52029 0
1741091975 52052 0
1741091977 52128 0
1741091979 52246 0
1741091981 52610 0
1741091983 52305 0
1741091985 52506 0
1741091987 52268 0
1741091989 52005 0
1741091991 52336 0
1741091993 52489 0
1741091995 52134 0
1741091997 51754 0
1741091999 51536 0
1741092001 51432 0
1741092003 52450 0
1741092006 52077 0
1741092008 51959 0
1741092010 51652 0
1741092012 51410 0
1741092014 51264 0
1741092016 51153 0
1741092018 50700 0
1741092020 50466 0
1741092022 50436 0
1741092024 50116 0
1741092026 51115 0
1741092028 50820 0
1741092030 50371 0
1741092032 50231 0
1741092034 50330 0
1741092036 50626 0
1741092038 51221 0
1741092040 52112 0
1741092042 52253 0
1741092044 52093 0
1741092046 51892 0
1741092048 51695 0
1741092050 51563 0
1741092053 51324 0
1741092055 51228 0
1741092057 51506 0
1741092059 51455 0
1741092061 51425 0
1741092063 51334 0
1741092065 51279 0
1741092067 51439 0
1741092069 51599 0
1741092071 51734 0
1741092073 51686 0
1741092075 51682 0
1741092077 51565 0
1741092079 51660 0
1741092081 51851 0
1741092083 52037 0
1741092085 51286 0
1741092087 50843 0
1741092089 50382 0
1741092091 50040 0
1741092093 49886 0
1741092095 50719 0
1741092097 50781 0
1741092100 50538 0
1741092102 50635 0
1741092104 50721 0
1741092106 50875 0
1741092108 51525 0
1741092110 51790 0
1741092112 51718 0
1741092114 51718 0
1741092116 51803 0
1741092118 52099 0
1741092120 52075 0
1741092122 51748 0
1741092124 51660 0
1741092126 51573 0
1741092128 51462 0
1741092130 51287 0
1741092132 51245 0
1741092134 51371 0
1741092136 51229 0
1741092138 51277 0
1741092140 51384 0
1741092142 51716 0
1741092145 51876 0
1741092147 52737 0
1741092149 53180 0
1741092151 52786 0
1741092153 51805 0
1741092155 51201 0
1741092157 50962 0
1741092159 50674 0
1741092161 50569 0
1741092163 50298 0
1741092165 50301 0
1741092167 50141 0
1741092169 50099 0
1741092171 49961 0
1741092173 49811 0
1741092175 49859 0
1741092177 49702 0
1741092179 49677 0
1741092181 49801 0
1741092183 50185 0
1741092185 50587 0
1741092187 50892 0
1741092189 51221 0
1741092192 51437 0
1741092194 51564 0
1741092196 51692 0
1741092198 51572 0
1741092200 51422 0
1741092202 51356 0
1741092204 51287 0
1741092206 51134 0
1741092208 51808 0
1741092210 51584 0
1741092212 51461 0
1741092214 51592 0
1741092216 51301 0
1741092218 51364 0
1741092220 51144 0
1741092222 51083 0
1741092224 50526 0
1741092226 50302 0
1741092228 50226 0
1741092230 50531 0
1741092232 50526 0
1741092234 50530 0
1741092236 50327 0
1741092239 50058 0
1741092241 49862 0
1741092243 49756 0
1741092245 49879 0
1741092247 50201 0
1741092249 50772 0
1741092251 50839 0
1741092253 50833 0
1741092255 51152 0
1741092257 51272 0
1741092259 51342 0
1741092261 51806 0
1741092263 51507 0
1741092265 51367 0
1741092267 51557 0
1741092269 51633 0
1741092271 51739 0
1741092273 51584 0
1741092275 51541 0
1741092277 51607 0
1741092279 51625 0
1741092282 52013 0
1741092284 52129 0
1741092286 52258 0
1741092288 52262 0
1741092290 51565 0
1741092292 51009 0
1741092294 50365 0
1741092296 50281 0
1741092298 50275 0
1741092300 49915 0
1741092302 49781 0
1741092304 49735 0
1741092306 49726 0
1741092308 49763 0
1741092310 49827 0
1741092312 50316 0
1741092314 50818 0
1741092316 51479 0
1741092318 51867 0
1741092320 52220 0
1741092322 51932 0
1741092324 51618 0
1741092326 51354 0
1741092329 51418 0
1741092331 51949 0
1741092333 51693 0
1741092335 51524 0
1741092337 51528 0
1741092339 51463 0
1741092341 51618 0
1741092343 51581 0
1741092345 51528 0
1741092347 51493 0
1741092349 51512 0
1741092351 51883 0
1741092353 51850 0
1741092355 52136 0
1741092357 51673 0
1741092359 50918 0
1741092361 50316 0
1741092363 50134 0
1741092365 49891 0
1741092367 50090 0
1741092369 49873 0
1741092371 49768 0
1741092373 49645 0
1741092376 49508 0
1741092378 49509 0
1741092380 49604 0
1741092382 49777 0
1741092384 49898 0
1741092386 50206 0
1741092388 50601 0
1741092390 50896 0
1741092392 51000 0
1741092394 51108 0
1741092396 51062 0
1741092398 51192 0
1741092400 51483 0
1741092402 51334 0
1741092404 51223 0
1741092406 51080 0
1741092408 50882 0
1741092410 50865 0
1741092412 51019 0
1741092414 50992 0
1741092416 50935 0
1741092418 50841 0
1741092421 50753 0
1741092423 51033 0
1741092425 51188 0
1741092427 50909 0
1741092429 50638 0
1741092431 50367 0
1741092433 50115 0
1741092435 50234 0
1741092437 50220 0
1741092439 50163 0
1741092441 50037 0
1741092443 49824 0
1741092445 49748 0
1741092447 49637 0
1741092449 49556 0
1741092451 49674 0
1741092453 49668 0
1741092455 49559 0
1741092457 49694 0
1741092459 49767 0
1741092461 50142 0
1741092463 50463 0
1741092465 50673 0
1741092468 50961 0
1741092470 51031 0
1741092472 50969 0
1741092474 51399 0
1741092476 51189 0
1741092478 51094 0
1741092480 50977 0
1741092482 50845 0
1741092484 50960 0
1741092486 51054 0
1741092488 51142 0
1741092490 51127 0
1741092492 51113 0
1741092494 50992 0
1741092496 50571 0
1741092498 50150 0
1741092500 49934 0
1741092502 49906 0
1741092504 49933 0
1741092506 49841 0
1741092508 50175 0
1741092510 49982 0
1741092513 49884 0
1741092515 49875 0
1741092517 50015 0
1741092519 50076 0
1741092521 50352 0
1741092523 50239 0
1741092525 50507 0
1741092527 50673 0
1741092529 50767 0
1741092531 51020 0
1741092533 51395 0
1741092535 51669 0
1741092537 51548 0
1741092539 51496 0
1741092541 51479 0
1741092543 51517 0
1741092545 51351 0
1741092547 51358 0
1741092549 51361 0
1741092551 51370 0
1741092553 51276 0
1741092555 51317 0
1741092557 51195 0
1741092560 51401 0
1741092562 51693 0
1741092564 51170 0
1741092566 50653 0
1741092568 50525 0
1741092570 50272 0
1741092572 50120 0
1741092574 50214 0
1741092576 49950 0
1741092578 49803 0
1741092580 49937 0
1741092582 49974 0
1741092584 50042 0
1741092586 49977 0
1741092588 50251 0
1741092590 50438 0
1741092592 50847 0
1741092594 50944 0
1741092596 51151 0
1741092598 51161 0
1741092600 51044 0
1741092602 50989 0
1741092604 51009 0
1741092607 51122 0
1741092609 51170 0
1741092611 51000 0
1741092613 50836 0
1741092615 50746 0
1741092617 50797 0
1741092619 50907 0
1741092621 50862 0
1741092623 50869 0
1741092625 51054 0
1741092627 51222 0
1741092629 51625 0
1741092631 51624 0
1741092633 51150 0
1741092635 50733 0
1741092637 50341 0
1741092639 50048 0
1741092641 50284 0
1741092643 49975 0
1741092645 49860 0
1741092647 49821 0
1741092649 49744 0
1741092652 49735 0
1741092654 49634 0
1741092656 49690 0
1741092658 49897 0
1741092660 50433 0
1741092662 50822 0
1741092664 51080 0
1741092666 51085 0
1741092668 51306 0
1741092670 51352 0
1741092672 51273 0
1741092674 51273 0
1741092676 51277 0
1741092678 51289 0
1741092680 51189 0
1741092682 51117 0
1741092684 51095 0
1741092686 51057 0
1741092688 51274 0
1741092690 51305 0
1741092692 51410 0
1741092694 51654 0
1741092696 51807 0
1741092699 51935 0
1741092701 52126 0
1741092703 51307 0
1741092705 50835 0
1741092707 50571 0
1741092709 50265 0
1741092711 50093 0
1741092713 49850 0
1741092715 49817 0
1741092717 49795 0
1741092719 49792 0
1741092721 49649 0
1741092723 49629 0
1741092725 49607 0
1741092727 49696 0
1741092729 50027 0
1741092731 50318 0
1741092733 50472 0
1741092735 50823 0
1741092737 51047 0
1741092739 51197 0
1741092741 51279 0
1741092743 51319 0
1741092746 51370 0
1741092748 51612 0
1741092750 51528 0
1741092752 51483 0
1741092754 51512 0
1741092756 51433 0
1741092758 51348 0
1741092760 51473 0
1741092762 51719 0
1741092764 51739 0
1741092766 51585 0
1741092768 51509 0
1741092770 51101 0
1741092772 50753 0
1741092774 50521 0
1741092776 50424 0
1741092778 50316 0
1741092780 50139 0
1741092782 50321 0
1741092784 50625 0
1741092786 50607 0
1741092788 50553 0
1741092791 50355 0
1741092793 50351 0
1741092795 50354 0
1741092797 50318 0
1741092799 50445 0
1741092801 50486 0
1741092803 50777 0
1741092805 51183 0
1741092807 51506 0
1741092809 51702 0
1741092811 51740 0
1741092813 52022 0
1741092815 51916 0
1741092817 51838 0
1741092819 51815 0
1741092821 51858 0
1741092823 51754 0
1741092825 51618 0
1741092827 51639 0
1741092829 51517 0
1741092831 51393 0
1741092833 51479 0
1741092835 51565 0
1741092838 51590 0
1741092840 51076 0
1741092842 50656 0
1741092844 50476 0
1741092846 50440 0
1741092848 50518 0
1741092850 50588 0
1741092852 50355 0
1741092854 50425 0
1741092856 50416 0
1741092858 50407 0
1741092860 51512 0
1741092862 51815 0
1741092864 51949 0
1741092866 52132 0
1741092868 52138 0
1741092870 52150 0
1741092872 52206 0
1741092874 52032 0
1741092876 51978 0
1741092878 51611 0
1741092880 51805 0
1741092883 52224 0
1741092885 52122 0
1741092887 51887 0
1741092889 51861 0
1741092891 51652 0
1741092893 51637 0
1741092895 51558 0
1741092897 52440 0
1741092899 52521 0
1741092901 52928 0
1741092903 53345 0
1741092905 53889 0
1741092907 53646 0
1741092909 53922 0
1741092911 52826 0
1741092913 52149 0
1741092915 51593 0
1741092917 51103 0
1741092919 51782 0
1741092921 51473 0
1741092923 51456 0
1741092925 51501 0
1741092927 51584 0
1741092930 52057 0
1741092932 52048 0
1741092934 52116 0
1741092936 52163 0
1741092938 52171 0
1741092940 52147 0
1741092942 52445 0
1741092944 52392 0
1741092946 52238 0
1741092948 52187 0
1741092950 52060 0
1741092952 52494 0
1741092954 52649 0
1741092956 52424 0
1741092958 52432 0
1741092960 52427 0
1741092962 53366 0
1741092964 54484 0
1741092966 55127 0
1741092968 55416 0
1741092970 55421 0
1741092972 55255 0
1741092974 54923 0
1741092977 54485 0
1741092979 54088 0
1741092981 52938 0
1741092983 52508 0
1741092985 51963 0
1741092987 51664 0
1741092989 51484 0
1741092991 52607 0
1741092993 52104 0
1741092995 51605 0
1741092997 51442 0
1741092999 51647 0
1741093001 51573 0
1741093003 51542 0
1741093005 51786 0
1741093007 51909 0
1741093009 52384 0
1741093011 52294 0
1741093013 52397 0
1741093015 52770 0
1741093017 52605 0
1741093019 52533 0
1741093021 52448 0
1741093024 52282 0
1741093026 52401 0
1741093028 52680 0
1741093030 53030 0
1741093032 52649 0
1741093034 52593 0
1741093036 52563 0
1741093038 52537 0
1741093040 52693 0
1741093042 52693 0
1741093044 52831 0
1741093046 52344 0
1741093048 52198 0
1741093050 51948 0
1741093052 51724 0
1741093054 51695 0
1741093056 51590 0
1741093058 51545 0
1741093060 51575 0
1741093062 51495 0
1741093064 51833 0
1741093066 51725 0
1741093069 51550 0
1741093071 51519 0
1741093073 51553 0
1741093075 52149 0
1741093077 52301 0
1741093079 52664 0
1741093081 52810 0
1741093083 52804 0
1741093085 52779 0
1741093087 52939 0
1741093089 53370 0
1741093091 53318 0
1741093093 53083 0
1741093095 52916 0
1741093097 53111 0
1741093099 53156 0
1741093101 53104 0
1741093103 53003 0
1741093105 52913 0
1741093107 53000 0
1741093109 53375 0
1741093111 53393 0
1741093113 53334 0
1741093116 52568 0
1741093118 52257 0
1741093120 51870 0
1741093122 51558 0
1741093124 51263 0
1741093126 51318 0
1741093128 51373 0
1741093130 51201 0
1741093132 51150 0
1741093134 51556 0
1741093136 51879 0
1741093138 52190 0
1741093140 52335 0
1741093142 52641 0
1741093144 52646 0
1741093146 52711 0
1741093148 53254 0
1741093150 53320 0
1741093152 53103 0
1741093154 53063 0
1741093156 52992 0
1741093158 53045 0
1741093161 53617 0
1741093163 53434 0
1741093165 53216 0
1741093167 53079 0
1741093169 53175 0
1741093171 53144 0
1741093173 53602 0
1741093175 53899 0
1741093177 54425 0
1741093179 54725 0
1741093181 54763 0
1741093183 53862 0
1741093185 53414 0
1741093187 52596 0
1741093189 51985 0
1741093191 51698 0
1741093193 51394 0
1741093195 51121 0
1741093197 51196 0
1741093199 51098 0
1741093201 51111 0
1741093203 51221 0
1741093205 51381 0
1741093208 51769 0
1741093210 52164 0
1741093212 52404 0
1741093214 52492 0
1741093216 52481 0
1741093218 52550 0
1741093220 52624 0
1741093222 52577 0
1741093224 52677 0
1741093226 52861 0
1741093228 52983 0
1741093230 53055 0
1741093232 53128 0
1741093234 52989 0
1741093236 52859 0
1741093238 52766 0
1741093240 53154 0
1741093242 53508 0
1741093244 53828 0
1741093246 54475 0
1741093248 54879 0
1741093250 54686 0
1741093252 53969 0
1741093255 53251 0
1741093257 52688 0
1741093259 52214 0
1741093261 52051 0
1741093263 52081 0
1741093265 51943 0
1741093267 51938 0
1741093269 51960 0
1741093271 51741 0
1741093273 51676 0
1741093275 51801 0
1741093277 51817 0
1741093279 52071 0
1741093281 52468 0
1741093283 52914 0
1741093285 53075 0
1741093287 53261 0
1741093289 53154 0
1741093291 53302 0
1741093293 53405 0
1741093295 53434 0
1741093297 53320 0
1741093299 53503 0
1741093302 53684 0
1741093304 53626 0
1741093306 53399 0
1741093308 53311 0
1741093310 53300 0
1741093312 53409 0
1741093314 53480 0
1741093316 53602 0
1741093318 53575 0
1741093320 53143 0
1741093322 52763 0
1741093324 52345 0
1741093326 52107 0
1741093328 52300 0
1741093330 52353 0
1741093332 52260 0
1741093334 52197 0
1741093336 52179 0
1741093338 52138 0
1741093340 52269 0
1741093342 52449 0
1741093344 52775 0
1741093347 53240 0
1741093349 53740 0
1741093351 53817 0
1741093353 54038 0
1741093355 54165 0
1741093357 54043 0
1741093359 53919 0
1741093361 54090 0
1741093363 53914 0
1741093365 53798 0
1741093367 53843 0
1741093369 53779 0
1741093371 53795 0
1741093373 53772 0
1741093375 53735 0
1741093377 53714 0
1741093379 53643 0
1741093381 53649 0
1741093383 53679 0
1741093385 53701 0
1741093387 53867 0
1741093389 53365 0
1741093391 52992 0
1741093394 52849 0
1741093396 52554 0
1741093398 52374 0
1741093400 52236 0
1741093402 52279 0
1741093404 52216 0
1741093406 52500 0
1741093408 52657 0
1741093410 52904 0
1741093412 53198 0
1741093414 53418 0
1741093416 53520 0
1741093418 53398 0
1741093420 53525 0
1741093422 53633 0
1741093424 53712 0
1741093426 53703 0
1741093428 53812 0
1741093430 53702 0
1741093432 53592 0
1741093434 53551 0
1741093436 53613 0
1741093438 53545 0
1741093441 53523 0
1741093443 53572 0
1741093445 53891 0
1741093447 54324 0
1741093449 54993 0
1741093451 55446 0
1741093453 55267 0
1741093455 55320 0
1741093457 54875 0
1741093459 54016 0
1741093461 53828 0
1741093463 53085 0
1741093465 52681 0
1741093467 52526 0
1741093469 52363 0
1741093471 52116 0
1741093473 52127 0
1741093475 52394 0
1741093477 52691 0
1741093479 52941 0
1741093481 53279 0
1741093483 53387 0
1741093486 53308 0
1741093488 53123 0
1741093490 53241 0
1741093492 52860 0
1741093494 52880 0
1741093496 52883 0
1741093498 52899 0
1741093500 52910 0
1741093502 52868 0
1741093504 52712 0
1741093506 52779 0
1741093508 53069 0
1741093510 53047 0
1741093512 53162 0
1741093514 53148 0
1741093516 53176 0
1741093518 53298 0
1741093520 53694 0
1741093522 54415 0
1741093524 54929 0
1741093526 54100 0
1741093528 53367 0
1741093530 52707 0
1741093533 52164 0
1741093535 51984 0
1741093537 51632 0
1741093539 51551 0
1741093541 51851 0
1741093543 51667 0
1741093545 51668 0
1741093547 51583 0
1741093549 51541 0
1741093551 51449 0
1741093553 51529 0
1741093555 51609 0
1741093557 51700 0
1741093559 51925 0
1741093561 52363 0
1741093563 52657 0
1741093565 52838 0
1741093567 52901 0
1741093569 52925 0
1741093571 52875 0
1741093573 52753 0
1741093575 52452 0
1741093577 52339 0
1741093580 52304 0
1741093582 52484 0
1741093584 52458 0
1741093586 52331 0
1741093588 52415 0
1741093590 52341 0
1741093592 52194 0
1741093594 52183 0
1741093596 51867 0
1741093598 51621 0
1741093600 51496 0
1741093602 51475 0
1741093605 51303 0
1741093607 51179 0
1741093609 51118 0
1741093611 51075 0
1741093613 50837 0
1741093615 50851 0
1741093617 50782 0
1741093619 50725 0
1741093621 50796 0
1741093624 50861 0
1741093626 51125 0
1741093628 51548 0
1741093630 52110 0
1741093632 52249 0
1741093634 52458 0
1741093636 52715 0
1741093638 52622 0
1741093640 52703 0
1741093642 52586 0
1741093644 52576 0
1741093646 52423 0
1741093648 52319 0
1741093650 52256 0
1741093652 52141 0
1741093654 52138 0
1741093656 52186 0
1741093658 52245 0
1741093660 52532 0
1741093662 52641 0
1741093664 52110 0
1741093666 51634 0
1741093668 51304 0
1741093671 51175 0
1741093673 51033 0
1741093675 51091 0
1741093677 51030 0
1741093679 50988 0
1741093681 51021 0
1741093683 51207 0
1741093685 51474 0
1741093687 51761 0
1741093689 52282 0
1741093691 52421 0
1741093693 52532 0
1741093695 52531 0
1741093697 52619 0
1741093699 52538 0
1741093701 52467 0
1741093703 52424 0
1741093705 52413 0
1741093707 52493 0
1741093709 52423 0
1741093711 52333 0
1741093713 52242 0
1741093716 52228 0
1741093718 52297 0
1741093720 52480 0
1741093722 52849 0
1741093724 52913 0
1741093726 53243 0
1741093728 53584 0
1741093730 54216 0
1741093732 53900 0
1741093734 53252 0
1741093736 52356 0
1741093738 52044 0
1741093740 51647 0
1741093742 51397 0
1741093744 51284 0
1741093746 51075 0
1741093748 51144 0
1741093750 51170 0
1741093752 51374 0
1741093754 51583 0
1741093756 52886 0
1741093758 52771 0
1741093760 54154 0
1741093763 53684 0
1741093765 53232 0
1741093767 53154 0
1741093769 53113 0
1741093771 52973 0
1741093773 52818 0
1741093775 52854 0
1741093777 52722 0
1741093779 52448 0
1741093781 52585 0
1741093783 52498 0
1741093785 52385 0
1741093787 52228 0
1741093789 52213 0
1741093791 52399 0
1741093793 52439 0
1741093795 53005 0
1741093797 53353 0
1741093799 54022 0
1741093801 53372 0
1741093803 52568 0
1741093805 52113 0
1741093807 51899 0
1741093810 51724 0
1741093812 51329 0
1741093814 51033 0
1741093816 50823 0
1741093818 50768 0
1741093820 50751 0
1741093822 50953 0
1741093824 51034 0
1741093826 50898 0
1741093828 51002 0
1741093830 51244 0
1741093832 51710 0
1741093834 52323 0
1741093836 52523 0
1741093838 52747 0
1741093840 52942 0
1741093842 52974 0
1741093844 52920 0
1741093846 52881 0
1741093848 53025 0
1741093850 53250 0
1741093852 53104 0
1741093855 53047 0
1741093857 53149 0
1741093859 53148 0
1741093861 53198 0
1741093863 53041 0
1741093865 53020 0
1741093867 53198 0
1741093869 53287 0
1741093871 52785 0
1741093873 52347 0
1741093875 52057 0
1741093877 51849 0
1741093879 51610 0
1741093881 51413 0
1741093883 51566 0
1741093885 51431 0
1741093887 51426 0
1741093889 51579 0
1741093891 51573 0
1741093893 51507 0
1741093895 51629 0
1741093897 51673 0
1741093899 52590 0
1741093902 53215 0
1741093904 53429 0
1741093906 53600 0
1741093908 53652 0
1741093910 53655 0
1741093912 53526 0
1741093914 53376 0
1741093916 53092 0
1741093918 53176 0
1741093920 53138 0
1741093922 53211 0
1741093924 53169 0
1741093926 53284 0
1741093928 53286 0
1741093930 53545 0
1741093932 53334 0
1741093934 53284 0
1741093936 53369 0
1741093938 53015 0
1741093940 52601 0
1741093942 52289 0
1741093944 51916 0
1741093946 51515 0
1741093949 51244 0
1741093951 51083 0
1741093953 50958 0
1741093955 51333 0
1741093957 51310 0
1741093959 51258 0
1741093961 51549 0
1741093963 51808 0
1741093965 52190 0
1741093967 52318 0
1741093969 52374 0
1741093971 52466 0
1741093973 52469 0
1741093975 52510 0
1741093977 52379 0
1741093979 52277 0
1741093981 52293 0
1741093983 52220 0
1741093985 52185 0
1741093987 52272 0
1741093989 52309 0
1741093991 52361 0
1741093994 52484 0
1741093996 52464 0
1741093998 52497 0
1741094000 52646 0
1741094002 52961 0
1741094004 53405 0
1741094006 54054 0
1741094008 53593 0
1741094010 52854 0
1741094012 52821 0
1741094014 52640 0
1741094016 52365 0
1741094018 52267 0
1741094020 52301 0
1741094022 52376 0
1741094024 52650 0
1741094026 52790 0
1741094028 53099 0
1741094030 53094 0
1741094032 52971 0
1741094034 52831 0
1741094036 52821 0
1741094038 52845 0
1741094041 52854 0
1741094043 52830 0
1741094045 53064 0
1741094047 53647 0
1741094049 53538 0
1741094051 53455 0
1741094053 53178 0
1741094055 53918 0
1741094057 53841 0
1741094059 53599 0
1741094061 55014 0
1741094063 55209 0
1741094065 55576 0
1741094067 55785 0
1741094069 55608 0
1741094071 55506 0
1741094073 55331 0
1741094075 54838 0
1741094077 54141 0
1741094079 53198 0
1741094081 52978 0
1741094083 52543 0
1741094085 52202 0
1741094088 52000 0
1741094090 51940 0
1741094092 51699 0
1741094094 51422 0
1741094096 51341 0
1741094098 51147 0
1741094100 51359 0
1741094102 51358 0
1741094104 51637 0
1741094106 51973 0
1741094108 52327 0
1741094110 52533 0
1741094112 52447 0
1741094114 52530 0
1741094116 52634 0
1741094118 52561 0
1741094120 52912 0
1741094122 52825 0
1741094124 52700 0
1741094126 52546 0
1741094128 52522 0
1741094130 52517 0
1741094133 52634 0
1741094135 52737 0
1741094137 52551 0
1741094139 52831 0
1741094141 52813 0
1741094143 52718 0
1741094145 52563 0
1741094147 52162 0
1741094149 51760 0
1741094151 51597 0
1741094153 51449 0
1741094155 51316 0
1741094157 51343 0
1741094159 51263 0
1741094161 51059 0
1741094163 50973 0
1741094165 51033 0
1741094167 51086 0
1741094169 51210 0
1741094171 51519 0
1741094173 51389 0
1741094175 51506 0
1741094177 51671 0
1741094180 52244 0
1741094182 52708 0
1741094184 52866 0
1741094186 53148 0
1741094188 53230 0
1741094190 52882 0
1741094192 52508 0
1741094194 52552 0
1741094196 52559 0
1741094198 52966 0
1741094200 53160 0
1741094202 52921 0
1741094204 53091 0
1741094206 52842 0
1741094208 52743 0
1741094210 52559 0
1741094212 52939 0
1741094214 52627 0
1741094216 52241 0
1741094218 51902 0
1741094221 51786 0
1741094223 51506 0
1741094225 51172 0
1741094227 51526 0
1741094229 51333 0
1741094231 51264 0
1741094233 51214 0
1741094235 51403 0
1741094237 51716 0
1741094239 51946 0
1741094241 52295 0
1741094243 52381 0
1741094245 52340 0
1741094247 52317 0
1741094249 52358 0
1741094251 52079 0
1741094253 52036 0
1741094255 52554 0
1741094257 52624 0
1741094259 52776 0
1741094261 52913 0
1741094263 52868 0
1741094266 52732 0
1741094268 52890 0
1741094270 53107 0
1741094272 53723 0
1741094274 53939 0
1741094276 54186 0
1741094278 54789 0
1741094280 54900 0
1741094282 54254 0
1741094284 53582 0
1741094286 53192 0
1741094288 52863 0
1741094290 52414 0
1741094292 51878 0
1741094294 51605 0
1741094296 51575 0
1741094298 51480 0
1741094300 51760 0
1741094302 52193 0
1741094304 52467 0
1741094306 52617 0
1741094308 52740 0
1741094310 52755 0
1741094313 52842 0
1741094315 53214 0
1741094317 53225 0
1741094319 53439 0
1741094321 53350 0
1741094323 53081 0
1741094325 52790 0
1741094327 52601 0
1741094329 52550 0
1741094331 52784 0
1741094333 52815 0
1741094335 52662 0
1741094337 52551 0
1741094339 52576 0
1741094341 52582 0
1741094343 52663 0
1741094345 53083 0
1741094347 54193 0
1741094349 54779 0
1741094351 53712 0
1741094353 52872 0
1741094355 52978 0
1741094358 52196 0
1741094360 52086 0
1741094362 52312 0
1741094364 51822 0
1741094366 51440 0
1741094368 51455 0
1741094370 51390 0
1741094372 51350 0
1741094374 51272 0
1741094376 51564 0
1741094378 51414 0
1741094380 51600 0
1741094382 52069 0
1741094384 52337 0
1741094386 52523 0
1741094388 52395 0
1741094390 52469 0
1741094392 52774 0
1741094394 52851 0
1741094396 52809 0
1741094398 52615 0
1741094400 52366 0
1741094402 52341 0
1741094405 52619 0
1741094407 52636 0
1741094409 52936 0
1741094411 52911 0
1741094413 53195 0
1741094415 53011 0
1741094417 52831 0
1741094419 52640 0
1741094421 52064 0
1741094423 51808 0
1741094425 51376 0
1741094427 51280 0
1741094429 50986 0
1741094431 50840 0
1741094433 50707 0
1741094435 50563 0
1741094437 50519 0
1741094439 50624 0
1741094441 50831 0
1741094443 50782 0
1741094445 50966 0
1741094447 51010 0
1741094449 51065 0
1741094452 51528 0
1741094454 52077 0
1741094456 52413 0
1741094458 52682 0
1741094460 53140 0
1741094462 52874 0
1741094464 52792 0
1741094466 52533 0
1741094468 52438 0
1741094470 52606 0
1741094472 52554 0
1741094474 52425 0
1741094476 52355 0
1741094478 52356 0
1741094480 52350 0
1741094482 52302 0
1741094484 52510 0
1741094486 52527 0
1741094488 52182 0
1741094490 51825 0
1741094492 52068 0
1741094494 51861 0
1741094497 51918 0
1741094499 51777 0
1741094501 51863 0
1741094503 51911 0
1741094505 52042 0
1741094507 52388 0
1741094509 52527 0
1741094511 52629 0
1741094513 52776 0
1741094515 52791 0
1741094517 52689 0
1741094519 52593 0
1741094521 52851 0
1741094523 52743 0
1741094525 52472 0
1741094527 52608 0
1741094529 52624 0
1741094531 52432 0
1741094533 52712 0
1741094535 52496 0
1741094537 52444 0
1741094539 52263 0
1741094541 52261 0
1741094544 52215 0
1741094546 52516 0
1741094548 52640 0
1741094550 52497 0
1741094552 52639 0
1741094554 53028 0
1741094556 53357 0
1741094558 52867 0
1741094560 52347 0
1741094562 51880 0
1741094564 51476 0
1741094566 51295 0
1741094568 51040 0
1741094570 51026 0
1741094572 51104 0
1741094574 51078 0
1741094576 51380 0
1741094578 51520 0
1741094580 51977 0
1741094582 52251 0
1741094584 52699 0
1741094586 52761 0
1741094588 52824 0
1741094591 52659 0
1741094593 52724 0
1741094595 52684 0
1741094597 52767 0
1741094599 52865 0
1741094601 52545 0
1741094603 52524 0
1741094605 52376 0
1741094607 52341 0
1741094609 52182 0
1741094611 52062 0
1741094613 52712 0
1741094615 53268 0
1741094617 53715 0
1741094619 54554 0
1741094621 55366 0
1741094623 55271 0
1741094625 55239 0
1741094627 53981 0
1741094629 53009 0
1741094631 52408 0
1741094633 52064 0
1741094636 51890 0
1741094638 51569 0
1741094640 51373 0
1741094642 51748 0
1741094644 51580 0
1741094646 51281 0
1741094648 51445 0
1741094650 51375 0
1741094652 51469 0
1741094654 52140 0
1741094656 53010 0
1741094658 53312 0
1741094660 53827 0
1741094662 53723 0
1741094664 53443 0
1741094666 53754 0
1741094668 53434 0
1741094670 53268 0
1741094672 53060 0
1741094674 53125 0
1741094676 53083 0
1741094678 53479 0
1741094680 53394 0
1741094683 53175 0
1741094685 53033 0
1741094687 52802 0
1741094689 52640 0
1741094691 52543 0
1741094693 52537 0
1741094695 52558 0
1741094697 52057 0
1741094699 51790 0
1741094701 51506 0
1741094703 51392 0
1741094705 51366 0
1741094707 51508 0
1741094709 51763 0
1741094711 51514 0
1741094713 51372 0
1741094715 51336 0
1741094717 51202 0
1741094719 51320 0
1741094721 51331 0
1741094723 51412 0
1741094725 51665 0
1741094727 52089 0
1741094730 52400 0
1741094732 52595 0
1741094734 52921 0
1741094736 52869 0
1741094738 52948 0
1741094740 53071 0
1741094742 53199 0
1741094744 53052 0
1741094746 52684 0
1741094748 52644 0
1741094750 52712 0
1741094752 52733 0
1741094754 52718 0
1741094756 52805 0
1741094758 52856 0
1741094760 52866 0
1741094762 52964 0
1741094764 52477 0
1741094766 52108 0
1741094768 52199 0
1741094770 51821 0
1741094772 51646 0
1741094775 51535 0
1741094777 51530 0
1741094779 51484 0
1741094781 51551 0
1741094783 51735 0
1741094785 52093 0
1741094787 52374 0
1741094789 52784 0
1741094791 53268 0
1741094793 53388 0
1741094795 53686 0
1741094797 53801 0
1741094799 53787 0
1741094801 53645 0
1741094803 53467 0
1741094805 53364 0
1741094807 53372 0
1741094809 53322 0
1741094811 53265 0
1741094813 53481 0
1741094815 53741 0
1741094817 54409 0
1741094819 55000 0
1741094822 55926 0
1741094824 56243 0
1741094826 56006 0
1741094828 55799 0
1741094830 55295 0
1741094832 54911 0
1741094834 54130 0
1741094836 53479 0
1741094838 52778 0
1741094840 52604 0
1741094842 52435 0
1741094844 52308 0
1741094846 52165 0
1741094848 52329 0
1741094850 52715 0
1741094852 53377 0
1741094854 53722 0
1741094856 53743 0
1741094858 53564 0
1741094861 53808 0
1741094863 53927 0
1741094865 53839 0
1741094867 53742 0
1741094869 53980 0
1741094871 53828 0
1741094873 53805 0
1741094875 53825 0
1741094877 54092 0
1741094879 53917 0
1741094881 53857 0
1741094883 53811 0
1741094885 53679 0
1741094887 53976 0
1741094889 54449 0
1741094891 55152 0
1741094893 55645 0
1741094895 55689 0
1741094897 55469 0
1741094899 55183 0
1741094901 54451 0
1741094903 53891 0
1741094906 53592 0
1741094908 53216 0
1741094910 52809 0
1741094912 52569 0
1741094914 52368 0
1741094916 52115 0
1741094918 52041 0
1741094920 52107 0
1741094922 52338 0
1741094924 52321 0
1741094926 52502 0
1741094928 52797 0
1741094930 52942 0
1741094932 53264 0
1741094934 53514 0
1741094936 53883 0
1741094938 54084 0
1741094940 54073 0
1741094942 53950 0
1741094944 53903 0
1741094946 53942 0
1741094948 54058 0
1741094950 53976 0
1741094953 53918 0
1741094955 53823 0
1741094957 54249 0
1741094959 54129 0
1741094961 54881 0
1741094963 55049 0
1741094965 55375 0
1741094967 55648 0
1741094969 55683 0
1741094971 54784 0
1741094973 54023 0
1741094975 53520 0
1741094977 53301 0
1741094979 52876 0
1741094981 52759 0
1741094983 52623 0
1741094985 52560 0
1741094987 52542 0
1741094989 52326 0
1741094991 52457 0
1741094993 52403 0
1741094995 52645 0
1741094997 53045 0
1741095000 53262 0
1741095002 53368 0
1741095004 53453 0
1741095006 53461 0
1741095008 53745 0
1741095010 53807 0
1741095012 53808 0
1741095014 53730 0
1741095016 53608 0
1741095018 53553 0
1741095020 53477 0
1741095022 53522 0
1741095024 53491 0
1741095026 53531 0
1741095028 53757 0
1741095030 53830 0
1741095032 53884 0
1741095034 54201 0
1741095036 54361 0
1741095038 53939 0
1741095040 53537 0
1741095042 53106 0
1741095045 52774 0
1741095047 52508 0
1741095049 52400 0
1741095051 52276 0
1741095053 52597 0
1741095055 52786 0
1741095057 52933 0
1741095059 53149 0
1741095061 53490 0
1741095063 53610 0
1741095065 53712 0
1741095067 53931 0
1741095069 54255 0
1741095071 54229 0
1741095073 54444 0
1741095075 54369 0
1741095077 54405 0
1741095079 54378 0
1741095081 54221 0
1741095083 54168 0
1741095085 54095 0
1741095087 54256 0
1741095089 54536 0
1741095092 54903 0
1741095094 55904 0
1741095096 56292 0
1741095098 56221 0
1741095100 56039 0
1741095102 55840 0
1741095104 55544 0
1741095106 55303 0
1741095108 54661 0
1741095110 54024 0
1741095112 53640 0
1741095114 53394 0
1741095116 53278 0
1741095118 53384 0
1741095120 53567 0
1741095122 53813 0
1741095124 54019 0
1741095126 54211 0
1741095128 54256 0
1741095130 54199 0
1741095132 54155 0
1741095134 54210 0
1741095136 54099 0
1741095139 53949 0
1741095141 54029 0
1741095143 53902 0
1741095145 54014 0
1741095147 54085 0
1741095149 54190 0
1741095151 54303 0
1741095153 54228 0
1741095155 54412 0
1741095157 54569 0
1741095159 54871 0
1741095161 55438 0
1741095163 56163 0
1741095165 56216 0
1741095167 56139 0
1741095169 55910 0
1741095171 55619 0
1741095173 55609 0
1741095175 55295 0
1741095177 54624 0
1741095179 54105 0
1741095181 53656 0
1741095184 53297 0
1741095186 53383 0
1741095188 53700 0
1741095190 53721 0
1741095192 53715 0
1741095194 53726 0
1741095196 53843 0
1741095198 54212 0
1741095200 54661 0
1741095202 54600 0
1741095204 54615 0
1741095206 54426 0
1741095208 54569 0
1741095210 54646 0
1741095212 54677 0
1741095214 54720 0
1741095216 54668 0
1741095218 54555 0
1741095220 54740 0
1741095222 54868 0
1741095224 54819 0
1741095226 54782 0
1741095229 54966 0
1741095231 55064 0
1741095233 55560 0
1741095235 56014 0
1741095237 56545 0
1741095239 57062 0
1741095241 57193 0
1741095243 57105 0
1741095245 56549 0
1741095247 56072 0
1741095249 55727 0
1741095251 55244 0
1741095253 55066 0
1741095255 55263 0
1741095257 55246 0
1741095259 55405 0
1741095261 56123 0
1741095263 56357 0
1741095265 56223 0
1741095267 56313 0
1741095269 56198 0
1741095271 56081 0
1741095273 56127 0
1741095276 55991 0
1741095278 56024 0
1741095280 56036 0
1741095282 56286 0
1741095284 56338 0
1741095286 56354 0
1741095288 56377 0
1741095290 56393 0
1741095292 56510 0
1741095294 56799 0
1741095296 57393 0
1741095298 58132 0
1741095300 58477 0
1741095302 58421 0
1741095304 58290 0
1741095306 58079 0
1741095308 58041 0
1741095310 57635 0
1741095312 57539 0
1741095314 57546 0
1741095316 57533 0
1741095318 57537 0
1741095320 57661 0
1741095323 57596 0
1741095325 57390 0
1741095327 57391 0
1741095329 57492 0
1741095331 57507 0
1741095333 57398 0
1741095335 57321 0
1741095337 57209 0
1741095339 57244 0
1741095341 57333 0
1741095343 57426 0
1741095345 57563 0
1741095347 57737 0
1741095349 58176 0
1741095351 58772 0
1741095353 59188 0
1741095355 59190 0
1741095357 58955 0
1741095359 58699 0
1741095361 58408 0
1741095363 58210 0
1741095365 58008 0
1741095368 57812 0
1741095370 57696 0
1741095372 57599 0
1741095374 57278 0
1741095376 56986 0
1741095378 56876 0
1741095380 56698 0
1741095382 56718 0
1741095384 56843 0
1741095386 57105 0
1741095388 57490 0
1741095390 57486 0
1741095392 57615 0
1741095394 57524 0
1741095396 57699 0
1741095398 57643 0
1741095400 57849 0
1741095402 57627 0
1741095404 57636 0
1741095406 57684 0
1741095408 57724 0
1741095410 57904 0
1741095412 58138 0
1741095415 58504 0
1741095417 59135 0
1741095419 59664 0
1741095421 59791 0
1741095423 59670 0
1741095425 59344 0
1741095427 59188 0
1741095429 59044 0
1741095431 58780 0
1741095433 58455 0
1741095435 58219 0
1741095437 58089 0
1741095439 57839 0
1741095441 57646 0
1741095443 57572 0
1741095445 57418 0
1741095447 57509 0
1741095449 57481 0
1741095451 57585 0
1741095453 57641 0
1741095455 57625 0
1741095457 58022 0
1741095459 58452 0
1741095462 58756 0
1741095464 58680 0
1741095466 58753 0
1741095468 58792 0
1741095470 58773 0
1741095472 58831 0
1741095474 58844 0
1741095476 58814 0
1741095478 58780 0
1741095480 58662 0
1741095482 58827 0
1741095484 58916 0
1741095486 59281 0
1741095488 59884 0
1741095490 60593 0
1741095492 60913 0
1741095494 60866 0
1741095496 60608 0
1741095498 60458 0
1741095500 60158 0
1741095502 59928 0
1741095504 59743 0
1741095507 59471 0
1741095509 59430 0
1741095511 59112 0
1741095513 58913 0
1741095515 58964 0
1741095517 58789 0
1741095519 59056 0
1741095521 59503 0
1741095523 59556 0
1741095525 59760 0
1741095527 59663 0
1741095529 59553 0
1741095531 59607 0
1741095533 59644 0
1741095535 59547 0
1741095537 59612 0
1741095539 59362 0
1741095541 59381 0
1741095543 59312 0
1741095545 59436 0
1741095547 59565 0
1741095549 59618 0
1741095551 59831 0
1741095554 60319 0
1741095556 61023 0
1741095558 61327 0
1741095560 61939 0
1741095562 61302 0
1741095564 61010 0
1741095566 60625 0
1741095568 60288 0
1741095570 59983 0
1741095572 59902 0
1741095574 59779 0
1741095576 59577 0
1741095578 59505 0
1741095580 59458 0
1741095582 59395 0
1741095584 59181 0
1741095586 58920 0
1741095588 59264 0
1741095590 59470 0
1741095592 59620 0
1741095594 59740 0
1741095596 59872 0
1741095598 60069 0
1741095601 60155 0
1741095603 60306 0
1741095605 60317 0
1741095607 60630 0
1741095609 61121 0
1741095611 61847 0
1741095613 62233 0
1741095615 62326 0
1741095617 62033 0
1741095619 61783 0
1741095621 61615 0
1741095623 61376 0
1741095625 61368 0
1741095627 61431 0
1741095629 61400 0
1741095631 61294 0
1741095633 61189 0
1741095635 61083 0
1741095637 61260 0
1741095639 61298 0
1741095641 61676 0
1741095643 61667 0
1741095645 61437 0
1741095648 61378 0
1741095650 61314 0
1741095652 61163 0
1741095654 60951 0
1741095656 60726 0
1741095658 60925 0
1741095660 60981 0
1741095662 61095 0
1741095664 61196 0
1741095666 61279 0
1741095668 61619 0
1741095670 61791 0
1741095672 61932 0
1741095674 62400 0
1741095676 62982 0
1741095678 63135 0
1741095680 62879 0
1741095682 62589 0
1741095684 62106 0
1741095686 61794 0
1741095688 61535 0
1741095690 61192 0
1741095693 60996 0
1741095695 60892 0
1741095697 60587 0
1741095699 60400 0
1741095701 60664 0
1741095703 60550 0
1741095705 60425 0
1741095707 60323 0
1741095709 60072 0
1741095711 59862 0
1741095713 59696 0
1741095715 59530 0
1741095717 59398 0
1741095719 59358 0
1741095721 59333 0
1741095723 59245 0
1741095725 59460 0
1741095727 59981 0
1741095729 60372 0
1741095731 60793 0
1741095733 60867 0
1741095735 61040 0
1741095737 61228 0
1741095740 61343 0
1741095742 61197 0
1741095744 61032 0
1741095746 60829 0
1741095748 60930 0
1741095750 61011 0
1741095752 61428 0
1741095754 62061 0
1741095756 62668 0
1741095758 62683 0
1741095760 62732 0
1741095762 62363 0
1741095764 61916 0
1741095766 61596 0
1741095768 61275 0
1741095770 61128 0
1741095772 60799 0
1741095774 60532 0
1741095776 60231 0
1741095778 60044 0
1741095780 59906 0
1741095782 59645 0
1741095784 59465 0
1741095787 59391 0
1741095789 59243 0
1741095791 59132 0
1741095793 59125 0
1741095795 59460 0
1741095797 59741 0
1741095799 59755 0
1741095801 59665 0
1741095803 59631 0
1741095805 59666 0
1741095807 59705 0
1741095809 59669 0
1741095811 59675 0
1741095813 59532 0
1741095815 59371 0
1741095817 59239 0
1741095819 59333 0
1741095821 59610 0
1741095823 59589 0
1741095825 59695 0
1741095827 60005 0
1741095829 60520 0
1741095832 61161 0
1741095834 61364 0
1741095836 61242 0
1741095838 60972 0
1741095840 60704 0
1741095842 60326 0
1741095844 60037 0
1741095846 60209 0
1741095848 59787 0
1741095850 59254 0
1741095852 58974 0
1741095854 58723 0
1741095856 58670 0
1741095858 58470 0
1741095860 58950 0
1741095862 58758 0
1741095864 58766 0
1741095866 58775 0
1741095868 58980 0
1741095870 58735 0
1741095872 58715 0
1741095874 58603 0
1741095876 58331 0
1741095879 58172 0
1741095881 58360 0
1741095883 58128 0
1741095885 57996 0
1741095887 57841 0
1741095889 57933 0
1741095891 57981 0
1741095893 58090 0
1741095895 58347 0
1741095897 58743 0
1741095899 59378 0
1741095901 59634 0
1741095903 59569 0
1741095905 59259 0
1741095907 58977 0
1741095909 58823 0
1741095911 58487 0
1741095913 58176 0
1741095915 58378 0
1741095917 57883 0
1741095919 57585 0
1741095921 57344 0
1741095923 57128 0
1741095926 56989 0
1741095928 56831 0
1741095930 56719 0
1741095932 56807 0
1741095934 57009 0
1741095936 57261 0
1741095938 57342 0
1741095940 57374 0
1741095942 58022 0
1741095944 57723 0
1741095946 57513 0
1741095948 57341 0
1741095950 57193 0
1741095952 57221 0
1741095954 57695 0
1741095956 57438 0
1741095958 57343 0
1741095960 57183 0
1741095962 57002 0
1741095964 56991 0
1741095966 57079 0
1741095968 57599 0
1741095971 58527 0
1741095973 58906 0
1741095975 58906 0
1741095977 58677 0
1741095979 58378 0
1741095981 58119 0
1741095983 57879 0
1741095985 57648 0
1741095987 57311 0
1741095989 57115 0
1741095991 56858 0
1741095993 56612 0
1741095995 56304 0
1741095997 56129 0
1741095999 55821 0
1741096001 55759 0
1741096003 55396 0
1741096005 55083 0
1741096007 54692 0
1741096009 54478 0
1741096011 54265 0
1741096013 54177 0
1741096015 54234 0
1741096018 54529 0
1741096020 54790 0
1741096022 55197 0
1741096024 55367 0
1741096026 55422 0
1741096028 55476 0
1741096030 55417 0
1741096032 55332 0
1741096034 55303 0
1741096036 55256 0
1741096038 55049 0
1741096040 55464 0
1741096042 55249 0
1741096044 55243 0
1741096046 55373 0
1741096048 55488 0
1741096050 55349 0
1741096052 55369 0
1741096054 55507 0
1741096056 55845 0
1741096058 56019 0
1741096060 56667 0
1741096063 57279 0
1741096065 57260 0
1741096067 57041 0
1741096069 56791 0
1741096071 56391 0
1741096073 55601 0
1741096075 55036 0
1741096077 54514 0
1741096079 54262 0
1741096081 54356 0
1741096083 53917 0
1741096085 53839 0
1741096087 53930 0
1741096089 53988 0
1741096091 54225 0
1741096093 54341 0
1741096095 54713 0
1741096097 54602 0
1741096099 54755 0
1741096101 54735 0
1741096103 54498 0
1741096105 54400 0
1741096107 54412 0
1741096110 54260 0
1741096112 54248 0
1741096114 54223 0
1741096116 54238 0
1741096118 54191 0
1741096120 54306 0
1741096122 54454 0
1741096124 54310 0
1741096126 54015 0
1741096128 53727 0
1741096130 53695 0
1741096132 53490 0
1741096134 53621 0
1741096136 53656 0
1741096138 53652 0
1741096140 53044 0
1741096142 52458 0
1741096144 52508 0
1741096146 52344 0
1741096148 52212 0
1741096150 52127 0
1741096152 52024 0
1741096154 52167 0
1741096157 52315 0
1741096159 52489 0
1741096161 53193 0
1741096163 53292 0
1741096165 53166 0
1741096167 53070 0
1741096169 53033 0
1741096171 52886 0
1741096173 52692 0
1741096175 52714 0
1741096177 52973 0
1741096179 52847 0
1741096181 52821 0
1741096183 52633 0
1741096185 52411 0
1741096187 52216 0
1741096189 52098 0
1741096191 51994 0
1741096193 51898 0
1741096195 52391 0
1741096197 52441 0
1741096199 52574 0
1741096202 52792 0
1741096204 53253 0
1741096206 53645 0
1741096208 53400 0
1741096210 52395 0
1741096212 51708 0
1741096214 51156 0
1741096216 50785 0
1741096218 50507 0
1741096220 50332 0
1741096222 50221 0
1741096224 50635 0
1741096226 50346 0
1741096228 50243 0
1741096230 50195 0
1741096232 50140 0
1741096234 50488 0
1741096236 50766 0
1741096238 51583 0
1741096240 51945 0
1741096242 51957 0
1741096244 51813 0
1741096246 51611 0
1741096249 51607 0
1741096251 51413 0
1741096253 51319 0
1741096255 51740 0
1741096257 51529 0
1741096259 51352 0
1741096261 51210 0
1741096263 51001 0
1741096265 51009 0
1741096267 51279 0
1741096269 51338 0
1741096271 51241 0
1741096273 51165 0
1741096275 50862 0
1741096277 50304 0
1741096279 50352 0
1741096281 50018 0
1741096283 49984 0
1741096285 49814 0
1741096287 49822 0
1741096289 49615 0
1741096291 49774 0
1741096293 49813 0
1741096296 49676 0
1741096298 49653 0
1741096300 49673 0
1741096302 49754 0
1741096304 49929 0
1741096306 49785 0
1741096308 49619 0
1741096310 49482 0
1741096312 49611 0
1741096314 50172 0
1741096316 50487 0
1741096318 50917 0
1741096320 51163 0
1741096322 51126 0
1741096324 51081 0
1741096326 51219 0
1741096328 51259 0
1741096330 51372 0
1741096332 51122 0
1741096334 50944 0
1741096336 50997 0
1741096338 50906 0
1741096341 50890 0
1741096343 51224 0
1741096345 50810 0
1741096347 50352 0
1741096349 49994 0
1741096351 49796 0
1741096353 49617 0
1741096355 49775 0
1741096357 49695 0
1741096359 49514 0
1741096361 49779 0
1741096363 49605 0
1741096365 49506 0
1741096367 49412 0
1741096369 49554 0
1741096371 50004 0
1741096373 49633 0
1741096375 49519 0
1741096377 49429 0
1741096379 49313 0
1741096381 49381 0
1741096383 49857 0
1741096385 50007 0
1741096388 50218 0
1741096390 50548 0
1741096392 50747 0
1741096394 50816 0
1741096396 51126 0
1741096398 50925 0
1741096400 50731 0
1741096402 50798 0
1741096404 50782 0
1741096406 50524 0
1741096408 51044 0
1741096410 51066 0
1741096412 50887 0
1741096414 50364 0
1741096416 49788 0
1741096418 49532 0
1741096420 49485 0
1741096422 49471 0
1741096424 49320 0
1741096426 49612 0
1741096428 49395 0
1741096430 49298 0
1741096432 49252 0
1741096435 49208 0
1741096437 49168 0
1741096439 49694 0
1741096441 49662 0
1741096443 49798 0
1741096445 49947 0
1741096447 50312 0
1741096449 50665 0
1741096451 51114 0
1741096453 51000 0
1741096455 50972 0
1741096457 50964 0
1741096459 50779 0
1741096461 51179 0
1741096463 50987 0
1741096465 51131 0
1741096467 50900 0
1741096469 50713 0
1741096471 50554 0
1741096473 50723 0
1741096475 50490 0
1741096477 50363 0
1741096479 50879 0
1741096482 50621 0
1741096484 49962 0
1741096486 49457 0
1741096488 49203 0
1741096490 48996 0
1741096492 48956 0
1741096494 49413 0
1741096496 49236 0
1741096498 49099 0
1741096500 49169 0
1741096502 48964 0
1741096504 48869 0
1741096506 49185 0
1741096508 49859 0
1741096510 49750 0
1741096512 49762 0
1741096514 50063 0
1741096516 50356 0
1741096518 50565 0
1741096520 50938 0
1741096522 50952 0
1741096524 50733 0
1741096527 50883 0
1741096529 50770 0
1741096531 50571 0
1741096533 50520 0
1741096535 50776 0
1741096537 50749 0
1741096539 50648 0
1741096541 50871 0
1741096543 50802 0
1741096545 50741 0
1741096547 51225 0
1741096549 50972 0
1741096551 50529 0
1741096553 50175 0
1741096555 49799 0
1741096557 49657 0
1741096559 49350 0
1741096561 49762 0
1741096563 49343 0
1741096565 49136 0
1741096567 49244 0
1741096569 49275 0
1741096571 49220 0
1741096574 49099 0
1741096576 49087 0
1741096578 49098 0
1741096580 49185 0
1741096582 48985 0
1741096584 48962 0
1741096586 48925 0
1741096588 49167 0
1741096590 49194 0
1741096592 49265 0
1741096594 50182 0
1741096596 50492 0
1741096598 50722 0
1741096600 50856 0
1741096602 50889 0
1741096604 50625 0
1741096606 50500 0
1741096608 50887 0
1741096610 50572 0
1741096612 50389 0
1741096614 50361 0
1741096616 50233 0
1741096618 50015 0
1741096621 49596 0
1741096623 49276 0
1741096625 49243 0
1741096627 49725 0
1741096629 49524 0
1741096631 49282 0
1741096633 49267 0
1741096635 49143 0
1741096637 49002 0
1741096639 49037 0
1741096641 48888 0
1741096643 49321 0
1741096645 49223 0
1741096647 49137 0
1741096649 49152 0
1741096651 49088 0
1741096653 49193 0
1741096655 49213 0
1741096657 49318 0
1741096659 50043 0
1741096661 50518 0
1741096663 50628 0
1741096666 50667 0
1741096668 50828 0
1741096670 50691 0
1741096672 50647 0
1741096674 50592 0
1741096676 50521 0
1741096678 50512 0
1741096680 50318 0
1741096682 50282 0
1741096684 50188 0
1741096686 50187 0
1741096688 50033 0
1741096690 49631 0
1741096692 49327 0
1741096694 49053 0
1741096696 49163 0
1741096698 48967 0
1741096700 48928 0
1741096702 48700 0
1741096704 48705 0
1741096706 48727 0
1741096708 48683 0
1741096710 49019 0
1741096713 48836 0
1741096715 48769 0
1741096717 48649 0
1741096719 48723 0
1741096721 48948 0
1741096723 49223 0
1741096725 49972 0
1741096727 50177 0
1741096729 50133 0
1741096731 50207 0
1741096733 50126 0
1741096735 50163 0
1741096737 50212 0
1741096739 50618 0
1741096741 50394 0
1741096743 50220 0
1741096745 50015 0
1741096747 50097 0
1741096749 50161 0
1741096751 50595 0
1741096753 50367 0
1741096755 50445 0
1741096757 49902 0
1741096760 49539 0
1741096762 49519 0
1741096764 49210 0
1741096766 48988 0
1741096768 49153 0
1741096770 49111 0
1741096772 49736 0
1741096774 49623 0
1741096776 49155 0
1741096778 49170 0
1741096780 49306 0
1741096782 49306 0
1741096784 49221 0
1741096786 49271 0
1741096788 49351 0
1741096790 49622 0
1741096792 49858 0
1741096794 50313 0
1741096796 50492 0
1741096798 50351 0
1741096800 50251 0
1741096802 50078 0
1741096805 50086 0
1741096807 50677 0
1741096809 50484 0
1741096811 50266 0
1741096813 50249 0
1741096815 50188 0
1741096817 50038 0
1741096819 50123 0
1741096821 50036 0
1741096823 50627 0
1741096825 50649 0
1741096827 50156 0
1741096829 49791 0
1741096831 49493 0
1741096833 49233 0
1741096835 48998 0
1741096837 48723 0
1741096839 48545 0
1741096841 48820 0
1741096843 48594 0
1741096845 48590 0
1741096847 48522 0
1741096849 48447 0
1741096852 48287 0
1741096854 48235 0
1741096856 48166 0
1741096858 48228 0
1741096860 48240 0
1741096862 48409 0
1741096864 48473 0
1741096866 48479 0
1741096868 48817 0
1741096870 48806 0
1741096872 48971 0
1741096874 49324 0
1741096876 49522 0
1741096878 49718 0
1741096880 49863 0
1741096882 49909 0
1741096884 49974 0
1741096886 50163 0
1741096888 50129 0
1741096890 49947 0
1741096892 49916 0
1741096894 49693 0
1741096896 49345 0
1741096899 48922 0
1741096901 48941 0
1741096903 48899 0
1741096905 48655 0
1741096907 48414 0
1741096909 48491 0
1741096911 48289 0
1741096913 48598 0
1741096915 48425 0
1741096917 48456 0
1741096919 48329 0
1741096921 48196 0
1741096923 48283 0
1741096925 48160 0
1741096927 48323 0
1741096929 48433 0
1741096931 48746 0
1741096933 48573 0
1741096935 48687 0
1741096937 48874 0
1741096939 49273 0
1741096941 49805 0
1741096944 49955 0
1741096946 50259 0
1741096948 50269 0
1741096950 50219 0
1741096952 50195 0
1741096954 50205 0
1741096956 50271 0
1741096958 50358 0
1741096960 50477 0
1741096962 50282 0
1741096964 49684 0
1741096966 48893 0
1741096968 48579 0
1741096970 48482 0
1741096972 48476 0
1741096974 48287 0
1741096976 48272 0
1741096978 48279 0
1741096980 48233 0
1741096982 48222 0
1741096984 48786 0
1741096986 48513 0
1741096988 48556 0
1741096991 48485 0
1741096993 48685 0
1741096995 49026 0
1741096997 49033 0
1741096999 49682 0
1741097001 49882 0
1741097003 50050 0
1741097005 49957 0
1741097007 49980 0
1741097009 50056 0
1741097011 50283 0
1741097013 50704 0
1741097015 50524 0
1741097017 50314 0
1741097019 49939 0
1741097021 50112 0
1741097023 49880 0
1741097025 50025 0
1741097027 49787 0
1741097029 49638 0
1741097031 49674 0
1741097033 49089 0
1741097035 48730 0
1741097038 48444 0
1741097040 48308 0
1741097042 48195 0
1741097044 48574 0
1741097046 49225 0
1741097048 48784 0
1741097050 48656 0
1741097052 48367 0
1741097054 48266 0
1741097056 48203 0
1741097058 48112 0
1741097060 48538 0
1741097062 49398 0
1741097064 49584 0
1741097066 49757 0
1741097068 50192 0
1741097070 50524 0
1741097072 50781 0
1741097074 50439 0
1741097076 50618 0
1741097079 50319 0
1741097081 50472 0
1741097083 50437 0
1741097085 50457 0
1741097087 50344 0
1741097089 50062 0
1741097091 49983 0
1741097093 49914 0
1741097095 50240 0
1741097097 50038 0
1741097099 49846 0
1741097101 49413 0
1741097103 48917 0
1741097105 48525 0
1741097107 48544 0
1741097109 48495 0
1741097111 48494 0
1741097113 48327 0
1741097115 48284 0
1741097117 48133 0
1741097119 48097 0
1741097121 48058 0
1741097124 48081 0
1741097126 47918 0
1741097128 48351 0
1741097130 48239 0
1741097132 48250 0
1741097134 48290 0
1741097136 48089 0
1741097138 48037 0
1741097140 48188 0
1741097142 48321 0
1741097144 48665 0
1741097146 49020 0
1741097148 49283 0
1741097150 49942 0
1741097152 50138 0
1741097154 50089 0
1741097156 50092 0
1741097158 50165 0
1741097160 50557 0
1741097162 50283 0
1741097164 50162 0
1741097166 50350 0
1741097168 50242 0
1741097171 49715 0
1741097173 49394 0
1741097175 49641 0
1741097177 49342 0
1741097179 49112 0
1741097181 48905 0
1741097183 48724 0
1741097185 48716 0
1741097187 48790 0
1741097189 49140 0
1741097191 48818 0
1741097193 49065 0
1741097195 49258 0
1741097197 48952 0
1741097199 48870 0
1741097201 49234 0
1741097203 49364 0
1741097205 48990 0
1741097207 48841 0
1741097209 48710 0
1741097211 48627 0
1741097213 48777 0
1741097215 48983 0
1741097218 49641 0
1741097220 49765 0
1741097222 49762 0
1741097224 49863 0
1741097226 49847 0
1741097228 49845 0
1741097230 49819 0
1741097232 50678 0
1741097234 50690 0
1741097236 50288 0
1741097238 49746 0
1741097240 49165 0
1741097242 48825 0
1741097244 48789 0
1741097246 49348 0
1741097248 48996 0
1741097250 48625 0
1741097252 48572 0
1741097254 48614 0
1741097256 48667 0
1741097258 48685 0
1741097260 49313 0
1741097262 49863 0
1741097265 49715 0
1741097267 49486 0
1741097269 49528 0
1741097271 49718 0
1741097273 49893 0
1741097275 50270 0
1741097277 50314 0
1741097279 50405 0
1741097281 50447 0
1741097283 50258 0
1741097285 50417 0
1741097287 50809 0
1741097289 50661 0
1741097291 50527 0
1741097293 50473 0
1741097295 50422 0
1741097297 50241 0
1741097299 50026 0
1741097301 49890 0
1741097303 49824 0
1741097305 50144 0
1741097307 49694 0
1741097309 49398 0
1741097312 49104 0
1741097314 48802 0
1741097316 48539 0
1741097318 48428 0
1741097320 48806 0
1741097322 48748 0
1741097324 48606 0
1741097326 48724 0
1741097328 48497 0
1741097330 48249 0
1741097332 48858 0
1741097334 48604 0
1741097336 48466 0
1741097338 48241 0
1741097340 48270 0
1741097342 48464 0
1741097344 48764 0
1741097346 49478 0
1741097348 49734 0
1741097350 49657 0
1741097352 49566 0
1741097354 49523 0
1741097356 49449 0
1741097359 49488 0
1741097361 49737 0
1741097363 49630 0
1741097365 49410 0
1741097367 49439 0
1741097369 49411 0
1741097371 49477 0
1741097373 49745 0
1741097375 49649 0
1741097377 49038 0
1741097379 48522 0
1741097381 48453 0
1741097383 48045 0
1741097385 47976 0
1741097387 47875 0
1741097389 48198 0
1741097391 48037 0
1741097393 47991 0
1741097395 47882 0
1741097397 47775 0
1741097399 47778 0
1741097401 47704 0
1741097403 47875 0
1741097406 47672 0
1741097408 47718 0
1741097410 47699 0
1741097412 47715 0
1741097414 47652 0
1741097416 47739 0
1741097418 47831 0
1741097420 48613 0
1741097422 48579 0
1741097424 48995 0
1741097426 49513 0
1741097428 49722 0
1741097430 49675 0
1741097432 49807 0
1741097434 49729 0
1741097436 49510 0
1741097438 49486 0
1741097440 49768 0
1741097442 49592 0
1741097444 49179 0
1741097446 49158 0
1741097448 48577 0
1741097451 48274 0
1741097453 47951 0
1741097455 47833 0
1741097457 48177 0
1741097459 48060 0
1741097461 47843 0
1741097463 47854 0
1741097465 47804 0
1741097467 47877 0
1741097469 48333 0
1741097471 48038 0
1741097473 47923 0
1741097475 47988 0
1741097477 47775 0
1741097479 47755 0
1741097481 47681 0
1741097483 47689 0
1741097485 47792 0
1741097487 48227 0
1741097489 48499 0
1741097491 48713 0
1741097493 49160 0
1741097495 49294 0
1741097498 50029 0
1741097500 50072 0
1741097502 50021 0
1741097504 49646 0
1741097506 49507 0
1741097508 49409 0
1741097510 49347 0
1741097512 49527 0
1741097514 49074 0
1741097516 48629 0
1741097518 48314 0
1741097520 48185 0
1741097522 48067 0
1741097524 48267 0
1741097526 48014 0
1741097528 48065 0
1741097530 48008 0
1741097532 48010 0
1741097534 47939 0
1741097536 47881 0
1741097538 47766 0
1741097540 47963 0
1741097543 47717 0
1741097545 47755 0
1741097547 47960 0
1741097549 48027 0
1741097551 48355 0
1741097553 48786 0
1741097555 49291 0
1741097557 49678 0
1741097559 49507 0
1741097561 49592 0
1741097563 49407 0
1741097565 49182 0
1741097567 49156 0
1741097569 49098 0
1741097571 49220 0
1741097573 49174 0
1741097575 49074 0
1741097577 49022 0
1741097579 48999 0
1741097581 49050 0
1741097583 48587 0
1741097585 48284 0
1741097587 48170 0
1741097590 48004 0
1741097592 47843 0
1741097594 47729 0
1741097596 47700 0
1741097598 48242 0
1741097600 47925 0
1741097602 47713 0
1741097604 47728 0
1741097606 47512 0
1741097608 47572 0
1741097610 47631 0
1741097612 47542 0
1741097614 47660 0
1741097616 48133 0
1741097618 48275 0
1741097620 48838 0
1741097622 49203 0
1741097624 49296 0
1741097626 49378 0
1741097628 49555 0
1741097630 49819 0
1741097632 49522 0
1741097634 49378 0
1741097637 49255 0
1741097639 49199 0
1741097641 49112 0
1741097643 49038 0
1741097645 49326 0
1741097647 49256 0
1741097649 49284 0
1741097651 48863 0
1741097653 48413 0
1741097655 48301 0
1741097657 48408 0
1741097659 48094 0
1741097661 48117 0
1741097663 47877 0
1741097665 47750 0
1741097667 47619 0
1741097669 47614 0
1741097671 48014 0
1741097673 47949 0
1741097675 47733 0
1741097677 47717 0
1741097679 47634 0
1741097682 47847 0
1741097684 47845 0
1741097686 47573 0
1741097688 47510 0
1741097690 47530 0
1741097692 47571 0
1741097694 47618 0
1741097696 47773 0
1741097698 47965 0
1741097700 48177 0
1741097702 48552 0
1741097704 48980 0
1741097706 49081 0
1741097708 49357 0
1741097710 49428 0
1741097712 49287 0
1741097714 49149 0
1741097716 49177 0
1741097718 49041 0
1741097720 48487 0
1741097722 48185 0
1741097724 47915 0
1741097726 47806 0
1741097729 47696 0
1741097731 47797 0
1741097733 47666 0
1741097735 47607 0
1741097737 47579 0
1741097739 47477 0
1741097741 47804 0
1741097743 47661 0
1741097745 47909 0
1741097747 47687 0
1741097749 47578 0
1741097751 47594 0
1741097753 47507 0
1741097755 47409 0
1741097757 47597 0
1741097759 47807 0
1741097761 47736 0
1741097763 47788 0
1741097765 47869 0
1741097767 48195 0
1741097769 48569 0
1741097771 49215 0
1741097773 49290 0
1741097776 49388 0
1741097778 49245 0
1741097780 49248 0
1741097782 49206 0
1741097784 49251 0
1741097786 49429 0
1741097788 49297 0
1741097790 48692 0
1741097792 48292 0
1741097794 48228 0
1741097796 47893 0
1741097798 47789 0
1741097800 48160 0
1741097802 47981 0
1741097804 47864 0
1741097806 47736 0
1741097808 47572 0
1741097810 47614 0
1741097812 47625 0
1741097814 48037 0
1741097816 47873 0
1741097818 47775 0
1741097821 47834 0
1741097823 47733 0
1741097825 47980 0
1741097827 48765 0
1741097829 49094 0
1741097831 49359 0
1741097833 49394 0
1741097835 49374 0
1741097837 49385 0
1741097839 49318 0
1741097841 49267 0
1741097843 49592 0
1741097845 49345 0
1741097847 49323 0
1741097849 49155 0
1741097851 49100 0
1741097853 49076 0
1741097855 49371 0
1741097857 48871 0
1741097859 48512 0
1741097861 48295 0
1741097863 48052 0
1741097865 48420 0
1741097868 48090 0
1741097870 47913 0
1741097872 47741 0
1741097874 47742 0
1741097876 47688 0
1741097878 47647 0
1741097880 47567 0
1741097882 47806 0
1741097884 47756 0
1741097886 47849 0
1741097888 48009 0
1741097890 48122 0
1741097892 48141 0
1741097894 48309 0
1741097896 48912 0
1741097898 49100 0
1741097900 49561 0
1741097902 49560 0
1741097905 49492 0
1741097907 49485 0
1741097909 49293 0
1741097911 49297 0
1741097913 49465 0
1741097915 49482 0
1741097917 49490 0
1741097919 49395 0
1741097921 49545 0
1741097923 49308 0
1741097925 48905 0
1741097927 48821 0
1741097929 48505 0
1741097931 48091 0
1741097933 47813 0
1741097935 47647 0
1741097937 47677 0
1741097939 47706 0
1741097941 47898 0
1741097943 47791 0
1741097946 47759 0
1741097948 47775 0
1741097950 47692 0
1741097952 47679 0
1741097954 47620 0
1741097956 47881 0
1741097958 47870 0
1741097960 48136 0
1741097962 47879 0
1741097964 47797 0
1741097966 47717 0
1741097968 47582 0
1741097970 47805 0
1741097972 47938 0
1741097974 48330 0
1741097976 48641 0
1741097978 48918 0
1741097980 49750 0
1741097982 49550 0
1741097984 49415 0
1741097986 49301 0
1741097988 49243 0
1741097990 49207 0
1741097993 49101 0
1741097995 49075 0
1741097997 48606 0
1741097999 48195 0
1741098001 47871 0
1741098003 47639 0
1741098005 47643 0
1741098007 48009 0
1741098009 47753 0
1741098011 47552 0
1741098013 47524 0
1741098015 47556 0
1741098017 47472 0
1741098019 47739 0
1741098021 47696 0
1741098023 47456 0
1741098025 47451 0
1741098027 47498 0
1741098029 47549 0
1741098031 47610 0
1741098033 48117 0
1741098035 47939 0
1741098038 47916 0
1741098040 48074 0
1741098042 48512 0
1741098044 48963 0
1741098046 49182 0
1741098048 49437 0
1741098050 49453 0
1741098052 49327 0
1741098054 49236 0
1741098056 49244 0
1741098058 49109 0
1741098060 49100 0
1741098062 49190 0
1741098064 48656 0
1741098066 48200 0
1741098068 48188 0
1741098070 47981 0
1741098072 47766 0
1741098074 47838 0
1741098076 48066 0
1741098078 48018 0
1741098080 47827 0
1741098082 47767 0
1741098085 47765 0
1741098087 48178 0
1741098089 48159 0
1741098091 47880 0
1741098093 47825 0
1741098095 47822 0
1741098097 47672 0
1741098099 47851 0
1741098101 48481 0
1741098103 49479 0
1741098105 49623 0
1741098107 49526 0
1741098109 49958 0
1741098111 49977 0
1741098113 49921 0
1741098115 49862 0
1741098117 50287 0
1741098119 49982 0
1741098121 49846 0
1741098123 49651 0
1741098125 49403 0
1741098127 49512 0
1741098129 49601 0
1741098132 50220 0
1741098134 49154 0
1741098136 48660 0
1741098138 48291 0
1741098140 48038 0
1741098142 47813 0
1741098144 47717 0
1741098146 47973 0
1741098148 48237 0
1741098150 47907 0
1741098152 47729 0
1741098154 47796 0
1741098156 47691 0
1741098158 47912 0
1741098160 48058 0
1741098162 47991 0
1741098164 47928 0
1741098166 47929 0
1741098168 48022 0
1741098170 48254 0
1741098172 49443 0
1741098174 49422 0
1741098177 49416 0
1741098179 49283 0
1741098181 49247 0
1741098183 49161 0
1741098185 49201 0
1741098187 49522 0
1741098189 49482 0
1741098191 49418 0
1741098193 49199 0
1741098195 49145 0
1741098197 49033 0
1741098199 48978 0
1741098201 49293 0
1741098203 48707 0
1741098205 48250 0
1741098207 48088 0
1741098209 48054 0
1741098211 47897 0
1741098213 48248 0
1741098215 48026 0
1741098217 47820 0
1741098219 47691 0
1741098221 47827 0
1741098224 48169 0
1741098226 47888 0
1741098228 47754 0
1741098230 47734 0
1741098232 47741 0
1741098234 47611 0
1741098236 47477 0
1741098238 47416 0
1741098240 47774 0
1741098242 47619 0
1741098244 47499 0
1741098246 47480 0
1741098248 47813 0
1741098250 48333 0
1741098252 49209 0
1741098254 49306 0
1741098256 49423 0
1741098258 49241 0
1741098260 49309 0
1741098262 49292 0
1741098264 49188 0
1741098266 49601 0
1741098268 49299 0
1741098271 48692 0
1741098273 48250 0
1741098275 48164 0
1741098277 47897 0
1741098279 47777 0
1741098281 48251 0
1741098283 48057 0
1741098285 47930 0
1741098287 47766 0
1741098289 47865 0
1741098291 47670 0
1741098293 48002 0
1741098295 47853 0
1741098297 47771 0
1741098299 47677 0
1741098301 47695 0
1741098303 47543 0
1741098305 47767 0
1741098307 47791 0
1741098309 47820 0
1741098311 47744 0
1741098313 47756 0
1741098315 47810 0
1741098318 47909 0
1741098320 48378 0
1741098322 48699 0
1741098324 48938 0
1741098326 49251 0
1741098328 49387 0
1741098330 49196 0
1741098332 49226 0
1741098334 49530 0
1741098336 49240 0
1741098338 48735 0
1741098340 48439 0
1741098342 48238 0
1741098344 47876 0
1741098346 48016 0
1741098348 47930 0
1741098350 47652 0
1741098352 47466 0
1741098354 47333 0
1741098356 47172 0
1741098359 47139 0
1741098361 47097 0
1741098363 47481 0
1741098365 47414 0
1741098367 47480 0
1741098369 47527 0
1741098371 47422 0
1741098373 47457 0
1741098375 47659 0
1741098377 48283 0
1741098379 48693 0
1741098381 48828 0
1741098383 48970 0
1741098385 48938 0
1741098387 49021 0
1741098389 48927 0
1741098391 49214 0
1741098393 48998 0
1741098395 48792 0
1741098397 48711 0
1741098399 48738 0
1741098401 48891 0
1741098403 48880 0
1741098406 48911 0
1741098408 48472 0
1741098410 48041 0
1741098412 47720 0
1741098414 47674 0
1741098416 47656 0
1741098418 47454 0
1741098420 48233 0
1741098422 47976 0
1741098424 47735 0
1741098426 47459 0
1741098428 47642 0
1741098430 47598 0
1741098432 47678 0
1741098434 47659 0
1741098436 47906 0
1741098438 47762 0
1741098440 47775 0
1741098442 47901 0
1741098444 48099 0
1741098446 48470 0
1741098448 48957 0
1741098451 49149 0
1741098453 49186 0
1741098455 49270 0
1741098457 49264 0
1741098459 49138 0
1741098461 49321 0
1741098463 49155 0
1741098465 49073 0
1741098467 48954 0
1741098469 48921 0
1741098471 48804 0
1741098473 48814 0
1741098475 48771 0
1741098477 48205 0
1741098479 47911 0
1741098481 47753 0
1741098483 47664 0
1741098485 47743 0
1741098487 47847 0
1741098489 47844 0
1741098491 47716 0
1741098493 47727 0
1741098495 47708 0
1741098498 47602 0
1741098500 47537 0
1741098502 47514 0
1741098504 47596 0
1741098506 47539 0
1741098508 47757 0
1741098510 47667 0
1741098512 47709 0
1741098514 47649 0
1741098516 47723 0
1741098518 47804 0
1741098520 48076 0
1741098522 48475 0
1741098524 48782 0
1741098526 49047 0
1741098528 49304 0
1741098530 49484 0
1741098532 49441 0
1741098534 49656 0
1741098536 49455 0
1741098538 49560 0
1741098540 49351 0
1741098542 49186 0
1741098545 48975 0
1741098547 48571 0
1741098549 48303 0
1741098551 47908 0
1741098553 47818 0
1741098555 47750 0
1741098557 47951 0
1741098559 48083 0
1741098561 48146 0
1741098563 48003 0
1741098565 48087 0
1741098567 47967 0
1741098569 47817 0
1741098571 47824 0
1741098573 47863 0
1741098575 47848 0
1741098577 48096 0
1741098579 48113 0
1741098581 48173 0
1741098583 48002 0
1741098585 47954 0
1741098587 47832 0
1741098590 47864 0
1741098592 48424 0
1741098594 48531 0
1741098596 48824 0
1741098598 48978 0
1741098600 49203 0
1741098602 49425 0
1741098604 49434 0
1741098606 49299 0
1741098608 49271 0
1741098610 49196 0
1741098612 49347 0
1741098614 48747 0
1741098616 48447 0
1741098618 48138 0
1741098620 48271 0
1741098622 48060 0
1741098624 47832 0
1741098626 47734 0
1741098628 47772 0
1741098630 47802 0
1741098632 47834 0
1741098634 47763 0
1741098637 47608 0
1741098639 47627 0
1741098641 47818 0
1741098643 47763 0
1741098645 47682 0
1741098647 47710 0
1741098649 47965 0
1741098651 48183 0
1741098653 49039 0
1741098655 49187 0
1741098657 49298 0
1741098659 49184 0
1741098661 49256 0
1741098663 49347 0
1741098665 49225 0
1741098667 49100 0
1741098669 49034 0
1741098671 48854 0
1741098674 49068 0
1741098676 49085 0
1741098678 48868 0
1741098680 48789 0
1741098682 48451 0
1741098684 48095 0
1741098686 47748 0
1741098688 47664 0
1741098690 47479 0
1741098692 47494 0
1741098694 47969 0
1741098696 47558 0
1741098698 47406 0
1741098700 47614 0
1741098702 47725 0
1741098704 47863 0
1741098706 47605 0
1741098708 47478 0
1741098710 47408 0
1741098712 47629 0
1741098714 47810 0
1741098716 47837 0
1741098718 47923 0
1741098721 48274 0
1741098723 48596 0
1741098725 49133 0
1741098727 49261 0
1741098729 49252 0
1741098731 49116 0
1741098733 49097 0
1741098735 49025 0
1741098737 49056 0
1741098739 49302 0
1741098741 49189 0
1741098743 49216 0
1741098745 49114 0
1741098747 49000 0
1741098749 48866 0
1741098751 48727 0
1741098753 48167 0
1741098755 47861 0
1741098757 47727 0
1741098759 47757 0
1741098761 48225 0
1741098763 48072 0
1741098765 47847 0
1741098768 47672 0
1741098770 47592 0
1741098772 48020 0
1741098774 47854 0
1741098776 47753 0
1741098778 47680 0
1741098780 47544 0
1741098782 48009 0
1741098784 47658 0
1741098786 47492 0
1741098788 47475 0
1741098790 47478 0
1741098792 47551 0
1741098794 47647 0
1741098796 47781 0
1741098798 47936 0
1741098800 48137 0
1741098802 48446 0
1741098804 49009 0
1741098806 49206 0
1741098808 49379 0
1741098810 49220 0
1741098813 49238 0
1741098815 49729 0
1741098817 49419 0
1741098819 49211 0
1741098821 48819 0
1741098823 48409 0
1741098825 48380 0
1741098827 47925 0
1741098829 47680 0
1741098831 47538 0
1741098833 47439 0
1741098835 47381 0
1741098837 47291 0
1741098839 47324 0
1741098841 47419 0
1741098843 47342 0
1741098845 47399 0
1741098847 47523 0
1741098849 47536 0
1741098851 47464 0
1741098853 47556 0
1741098855 47484 0
1741098858 47558 0
1741098860 47661 0
1741098862 47574 0
1741098864 47584 0
1741098866 47625 0
1741098868 47831 0
1741098870 48059 0
1741098872 48541 0
1741098874 48903 0
1741098876 49067 0
1741098878 49052 0
1741098880 49109 0
1741098882 49425 0
1741098884 49369 0
1741098886 49283 0
1741098888 48871 0
1741098890 48235 0
1741098892 47865 0
1741098894 47605 0
1741098896 47562 0
1741098898 47384 0
1741098900 47416 0
1741098903 47245 0
1741098905 47273 0
1741098907 47487 0
1741098909 47425 0
1741098911 47356 0
1741098913 47298 0
1741098915 47159 0
1741098917 47288 0
1741098919 47317 0
1741098921 47278 0
1741098923 47332 0
1741098925 47773 0
1741098927 48132 0
1741098929 48500 0
1741098931 48897 0
1741098933 49226 0
1741098935 49338 0
1741098937 49207 0
1741098939 49236 0
1741098941 49479 0
1741098943 49427 0
1741098945 49181 0
1741098947 49064 0
1741098950 49015 0
1741098952 48838 0
1741098954 48857 0
1741098956 48911 0
1741098958 48191 0
1741098960 47744 0
1741098962 47571 0
1741098964 47499 0
1741098966 47376 0
1741098968 47442 0
1741098970 47411 0
1741098972 47273 0
1741098974 47285 0
1741098976 47350 0
1741098978 47363 0
1741098980 47910 0
1741098982 47659 0
1741098984 47556 0
1741098986 47502 0
1741098988 47625 0
1741098990 47581 0
1741098992 47651 0
1741098994 47941 0
1741098997 48235 0
1741098999 48672 0
1741099001 49181 0
1741099003 49139 0
1741099005 49117 0
1741099007 49010 0
1741099009 48926 0
1741099011 48972 0
1741099013 48915 0
1741099015 48835 0
1741099017 48746 0
1741099019 48665 0
1741099021 48611 0
1741099023 48641 0
1741099025 48387 0
1741099027 48389 0
1741099029 48188 0
1741099031 47816 0
1741099033 47589 0
1741099035 47485 0
1741099037 47352 0
1741099039 47361 0
1741099041 47359 0
1741099044 47293 0
1741099046 47189 0
1741099048 47318 0
1741099050 47272 0
1741099052 47333 0
1741099054 47521 0
1741099056 47461 0
1741099058 47494 0
1741099060 47713 0
1741099062 47745 0
1741099064 47704 0
1741099066 47645 0
1741099068 47552 0
1741099070 47687 0
1741099072 47854 0
1741099074 48083 0
1741099076 48439 0
1741099078 48744 0
1741099080 49074 0
1741099082 49288 0
1741099084 49272 0
1741099086 49284 0
1741099089 49309 0
1741099091 49311 0
1741099093 49093 0
1741099095 48803 0
1741099097 48362 0
1741099099 48291 0
1741099101 48168 0
1741099103 47933 0
1741099105 47736 0
1741099107 47753 0
1741099109 47617 0
1741099111 47803 0
1741099113 47871 0
1741099115 47917 0
1741099117 47974 0
1741099119 47964 0
1741099121 48077 0
1741099123 48035 0
1741099125 48012 0
1741099127 47855 0
1741099129 47854 0
1741099132 47977 0
1741099134 47784 0
1741099136 47842 0
1741099138 47798 0
1741099140 47733 0
1741099142 47945 0
1741099144 48487 0
1741099146 49061 0
1741099148 49494 0
1741099150 49573 0
1741099152 49541 0
1741099154 49409 0
1741099156 49321 0
1741099158 49286 0
1741099160 49327 0
1741099162 49162 0
1741099164 48589 0
1741099166 48135 0
1741099168 47989 0
1741099170 47742 0
1741099172 47724 0
1741099174 47801 0
1741099176 47709 0
1741099179 47688 0
1741099181 47837 0
1741099183 47524 0
1741099185 47577 0
1741099187 47471 0
1741099189 47531 0
1741099191 47431 0
1741099193 47360 0
1741099195 47470 0
1741099197 47491 0
1741099199 47709 0
1741099201 48009 0
1741099203 48388 0
1741099205 48794 0
1741099207 49120 0
1741099209 49306 0
1741099211 49363 0
1741099213 49238 0
1741099215 49222 0
1741099217 49098 0
1741099219 49110 0
1741099221 48959 0
1741099224 48900 0
1741099226 48855 0
1741099228 49029 0
1741099230 48939 0
1741099232 48742 0
1741099234 48390 0
1741099236 47975 0
1741099238 47649 0
1741099240 47680 0
1741099242 47673 0
1741099244 47359 0
1741099246 47202 0
1741099248 47184 0
1741099250 47278 0
1741099252 47356 0
1741099254 47380 0
1741099256 47413 0
1741099258 47318 0
1741099260 47186 0
1741099262 47252 0
1741099264 47323 0
1741099266 47478 0
1741099268 47890 0
1741099271 48073 0
1741099273 48879 0
1741099275 49478 0
1741099277 49450 0
1741099279 49275 0
1741099281 49302 0
1741099283 49267 0
1741099285 49322 0
1741099287 49598 0
1741099289 49457 0
1741099291 49375 0
1741099293 49235 0
1741099295 49019 0
1741099297 48932 0
1741099299 49044 0
1741099301 48926 0
1741099303 48308 0
1741099305 47894 0
1741099307 47597 0
1741099309 47369 0
1741099311 47250 0
1741099313 47440 0
1741099315 47425 0
1741099318 47472 0
1741099320 47613 0
1741099322 47638 0
1741099324 47479 0
1741099326 47376 0
1741099328 47461 0
1741099330 47323 0
1741099332 47398 0
1741099334 47266 0
1741099336 47139 0
1741099338 47052 0
1741099340 47147 0
1741099342 47233 0
1741099344 47238 0
1741099346 47211 0
1741099348 47459 0
1741099350 47585 0
1741099352 47742 0
1741099354 48110 0
1741099356 48473 0
1741099358 48627 0
1741099360 49015 0
1741099363 49001 0
1741099365 48893 0
1741099367 48743 0
1741099369 48506 0
1741099371 47943 0
1741099373 47470 0
1741099375 47420 0
1741099377 47298 0
1741099379 47148 0
1741099381 47049 0
1741099383 47086 0
1741099385 47192 0
1741099387 47232 0
1741099389 47389 0
1741099391 47347 0
1741099393 47323 0
1741099395 47309 0
1741099397 47536 0
1741099399 47766 0
1741099401 47669 0
1741099403 47513 0
1741099405 47470 0
1741099407 47467 0
1741099410 47338 0
1741099412 47301 0
1741099414 47366 0
1741099416 47470 0
1741099418 47532 0
1741099420 47830 0
1741099422 48392 0
1741099424 48728 0
1741099426 49073 0
1741099428 49007 0
1741099430 48979 0
1741099432 49005 0
1741099434 48980 0
1741099436 48890 0
1741099438 48560 0
1741099440 48071 0
1741099442 47802 0
1741099444 47619 0
1741099446 47588 0
1741099448 47510 0
1741099450 47410 0
1741099452 47276 0
1741099454 47420 0
1741099457 47447 0
1741099459 47530 0
1741099461 47542 0
1741099463 47498 0
1741099465 47286 0
1741099467 47372 0
1741099469 47358 0
1741099471 47325 0
1741099473 47421 0
1741099475 47742 0
1741099477 47989 0
1741099479 48440 0
1741099481 48960 0
1741099483 49162 0
1741099485 49071 0
1741099487 49028 0
1741099489 49177 0
1741099491 49123 0
1741099493 49073 0
1741099495 49186 0
1741099497 49067 0
1741099499 49096 0
1741099502 49125 0
1741099504 49175 0
1741099506 49073 0
1741099508 48743 0
1741099510 48404 0
1741099512 48318 0
1741099514 48153 0
1741099516 47996 0
1741099518 47767 0
1741099520 47715 0
1741099522 47722 0
1741099524 47716 0
1741099526 47723 0
1741099528 47832 0
1741099530 47711 0
1741099532 47641 0
1741099534 47579 0
1741099536 47541 0
1741099538 47654 0
1741099540 47876 0
1741099542 48038 0
1741099544 48280 0
1741099546 48676 0
1741099549 49040 0
1741099551 49171 0
1741099553 49147 0
1741099555 49202 0
1741099557 49221 0
1741099559 49069 0
1741099561 49007 0
1741099563 48845 0
1741099565 48830 0
1741099567 48867 0
1741099569 48988 0
1741099571 48994 0
1741099573 48915 0
1741099575 48691 0
1741099577 48215 0
1741099579 47881 0
1741099581 47606 0
1741099583 47522 0
1741099585 47461 0
1741099587 47395 0
1741099589 47398 0
1741099591 47313 0
1741099593 47455 0
1741099596 47445 0
1741099598 47449 0
1741099600 47532 0
1741099602 47835 0
1741099604 47603 0
1741099606 47569 0
1741099608 47473 0
1741099610 47333 0
1741099612 47313 0
1741099614 47415 0
1741099616 47377 0
1741099618 47414 0
1741099620 47558 0
1741099622 47676 0
1741099624 47934 0
1741099626 48268 0
1741099628 48927 0
1741099630 49095 0
1741099632 49118 0
1741099634 49089 0
1741099636 49099 0
1741099638 49097 0
1741099641 48992 0
1741099643 48919 0
1741099645 48403 0
1741099647 48089 0
1741099649 47961 0
1741099651 47801 0
1741099653 47686 0
1741099655 47649 0
1741099657 47457 0
1741099659 47489 0
1741099661 47627 0
1741099663 47515 0
1741099665 47407 0
1741099667 47284 0
1741099669 47363 0
1741099671 47305 0
1741099673 47397 0
1741099675 47428 0
1741099677 47269 0
1741099679 47304 0
1741099681 47277 0
1741099683 47171 0
1741099685 47315 0
1741099688 47447 0
1741099690 47601 0
1741099692 47716 0
1741099694 47983 0
1741099696 48403 0
1741099698 48718 0
1741099700 48972 0
1741099702 49068 0
1741099704 49152 0
1741099706 49146 0
1741099708 49070 0
1741099710 48865 0
1741099712 48831 0
1741099714 48407 0
1741099716 48102 0
1741099718 47882 0
1741099720 47871 0
1741099722 47813 0
1741099724 47720 0
1741099726 47542 0
1741099728 47463 0
1741099730 47797 0
1741099733 47711 0
1741099735 47554 0
1741099737 47557 0
1741099739 47578 0
1741099741 47640 0
1741099743 47513 0
1741099745 47436 0
1741099747 47577 0
1741099749 47711 0
1741099751 47997 0
1741099753 48320 0
1741099755 48658 0
1741099757 48902 0
1741099759 48926 0
1741099761 49005 0
1741099763 49040 0
1741099765 49162 0
1741099767 49043 0
1741099769 48856 0
1741099771 48917 0
1741099773 48943 0
1741099775 48737 0
1741099777 48638 0
1741099780 48832 0
1741099782 48688 0
1741099784 48378 0
1741099786 47929 0
1741099788 47650 0
1741099790 47489 0
1741099792 47469 0
1741099794 47504 0
1741099796 47402 0
1741099798 47327 0
1741099800 47388 0
1741099802 47352 0
1741099804 47310 0
1741099806 47332 0
1741099808 47546 0
1741099810 47336 0
1741099812 47334 0
1741099814 47409 0
1741099816 47423 0
1741099818 47664 0
1741099820 47949 0
1741099822 48469 0
1741099824 48889 0
1741099827 49247 0
1741099829 49372 0
1741099831 49216 0
1741099833 49262 0
1741099835 49122 0
1741099837 49145 0
1741099839 49136 0
1741099841 49246 0
1741099843 48972 0
1741099845 48851 0
1741099847 48784 0
1741099849 48824 0
1741099851 48426 0
1741099853 47919 0
1741099855 47667 0
1741099857 47505 0
1741099859 47490 0
1741099861 47459 0
1741099863 47594 0
1741099865 47436 0
1741099867 47505 0
1741099869 47626 0
1741099872 47519 0
1741099874 47430 0
1741099876 47398 0
1741099878 47234 0
1741099880 47277 0
1741099882 47250 0
1741099884 47321 0
1741099886 47348 0
1741099888 47336 0
1741099890 47336 0
1741099892 47339 0
1741099894 47533 0
1741099896 47605 0
1741099898 47850 0
1741099900 48450 0
1741099902 49021 0
1741099904 49201 0
1741099906 49234 0
1741099908 49375 0
1741099910 49228 0
1741099912 49154 0
1741099914 49117 0
1741099916 49011 0
1741099919 48897 0
1741099921 48376 0
1741099923 47916 0
1741099925 47684 0
1741099927 47647 0
1741099929 47657 0
1741099931 47683 0
1741099933 47614 0
1741099935 47551 0
1741099937 47513 0
1741099939 47526 0
1741099941 47487 0
1741099943 47426 0
1741099945 47285 0
1741099947 47242 0
1741099949 47235 0
1741099951 47185 0
1741099953 47345 0
1741099955 47371 0
1741099957 47393 0
1741099959 47493 0
1741099961 47671 0
1741099963 47593 0
1741099966 47531 0
1741099968 47600 0
1741099970 47867 0
1741099972 48134 0
1741099974 48581 0
1741099976 48827 0
1741099978 48949 0
1741099980 48959 0
1741099982 48890 0
1741099984 48865 0
1741099986 48787 0
1741099988 48779 0
1741099990 48404 0
1741099992 48159 0
1741099994 47913 0
1741099996 47770 0
1741099998 47672 0
1741100000 47654 0
1741100002 47548 0
1741100004 47478 0
1741100006 47339 0
1741100008 47344 0
1741100011 47155 0
1741100013 47261 0
1741100015 47382 0
1741100017 47297 0
1741100019 47398 0
1741100021 47685 0
1741100023 47605 0
1741100025 47669 0
1741100027 47911 0
1741100029 48148 0
1741100031 48476 0
1741100033 48684 0
1741100035 48739 0
1741100037 48759 0
1741100039 48889 0
1741100041 48854 0
1741100043 48833 0
1741100045 48864 0
1741100047 48919 0
1741100049 48947 0
1741100051 48838 0
1741100053 48828 0
1741100055 48782 0
1741100058 48299 0
1741100060 47918 0
1741100062 47516 0
1741100064 47305 0
1741100066 47219 0
1741100068 47227 0
1741100070 47312 0
1741100072 47254 0
1741100074 47480 0
1741100076 47536 0
1741100078 47457 0
1741100080 47545 0
1741100082 47493 0
1741100084 47357 0
1741100086 47321 0
1741100088 47209 0
1741100090 47378 0
1741100092 47360 0
1741100094 47496 0
1741100096 47809 0
1741100098 48103 0
1741100100 48660 0
1741100102 48858 0
1741100105 48971 0
1741100107 49034 0
1741100109 49100 0
1741100111 48910 0
1741100113 48984 0
1741100115 48921 0
1741100117 48882 0
1741100119 48784 0
1741100121 48662 0
1741100123 48518 0
1741100125 48475 0
1741100127 48186 0
1741100129 47784 0
1741100131 47652 0
1741100133 47459 0
1741100135 47293 0
1741100137 47178 0
1741100139 47266 0
1741100141 47542 0
1741100143 47365 0
1741100145 47249 0
1741100147 47301 0
1741100149 47306 0
1741100152 47297 0
1741100154 47354 0
1741100156 47266 0
1741100158 47250 0
1741100160 47266 0
1741100162 47180 0
1741100164 47190 0
1741100166 47142 0
1741100168 47400 0
1741100170 47449 0
1741100172 47584 0
1741100174 47792 0
1741100176 48135 0
1741100178 48440 0
1741100180 48732 0
1741100182 48861 0
1741100184 49045 0
1741100186 49116 0
1741100188 48957 0
1741100190 48899 0
1741100192 48775 0
1741100194 48447 0
1741100197 47979 0
1741100199 47441 0
1741100201 47432 0
1741100203 47285 0
1741100205 47126 0
1741100207 46975 0
1741100209 47068 0
1741100211 47080 0
1741100213 47143 0
1741100215 47133 0
1741100217 46942 0
1741100219 47015 0
1741100221 47036 0
1741100223 46979 0
1741100225 46956 0
1741100227 47104 0
1741100229 47279 0
1741100231 47186 0
1741100233 47148 0
1741100235 47169 0
1741100237 47077 0
1741100239 47306 0
1741100241 47468 0
1741100244 47635 0
1741100246 48027 0
1741100248 48517 0
1741100250 48824 0
1741100252 48901 0
1741100254 49122 0
1741100256 49229 0
1741100258 49161 0
1741100260 49166 0
1741100262 49063 0
1741100264 48317 0
1741100266 47955 0
1741100268 47648 0
1741100270 47501 0
1741100272 47399 0
1741100274 47296 0
1741100276 47226 0
1741100278 47307 0
1741100280 47250 0
1741100282 47449 0
1741100284 47554 0
1741100286 47395 0
1741100288 47572 0
1741100291 47519 0
1741100293 47469 0
1741100295 47605 0
1741100297 47588 0
1741100299 47564 0
1741100301 47773 0
1741100303 48161 0
1741100305 48630 0
1741100307 48934 0
1741100309 48915 0
1741100311 48967 0
1741100313 48962 0
1741100315 48899 0
1741100317 48756 0
1741100319 48718 0
1741100321 48931 0
1741100323 48750 0
1741100325 48644 0
1741100327 48502 0
1741100329 48451 0
1741100331 48175 0
1741100333 47714 0
1741100336 47520 0
1741100338 47396 0
1741100340 47295 0
1741100342 47201 0
1741100344 47267 0
1741100346 47194 0
1741100348 47263 0
1741100350 47211 0
1741100352 47188 0
1741100354 47098 0
1741100356 47068 0
1741100358 46931 0
1741100360 46989 0
1741100362 47093 0
1741100364 47015 0
1741100366 47054 0
1741100368 47220 0
1741100370 47503 0
1741100372 48060 0
1741100374 48698 0
1741100376 48923 0
1741100378 48874 0
1741100380 49038 0
1741100383 48944 0
1741100385 48924 0
1741100387 48945 0
1741100389 48779 0
1741100391 48717 0
1741100393 48726 0
1741100395 48619 0
1741100397 48609 0
1741100399 48556 0
1741100401 48149 0
1741100403 47775 0
1741100405 47492 0
1741100407 47427 0
1741100409 47354 0
1741100411 47128 0
1741100413 47263 0
1741100415 47341 0
1741100417 47380 0
1741100419 47328 0
1741100421 47211 0
1741100423 47178 0
1741100425 47198 0
1741100427 47328 0
1741100430 47287 0
1741100432 47271 0
1741100434 47352 0
1741100436 47267 0
1741100438 47263 0
1741100440 47593 0
1741100442 47542 0
1741100444 47477 0
1741100446 47494 0
1741100448 47554 0
1741100450 47854 0
1741100452 48152 0
1741100454 48621 0
1741100456 48807 0
1741100459 48919 0
1741100461 48980 0
1741100463 48996 0
1741100465 48847 0
1741100467 48961 0
1741100469 48857 0
1741100471 48173 0
1741100473 47766 0
1741100475 47740 0
1741100477 47665 0
1741100479 47661 0
1741100481 47660 0
1741100483 47712 0
1741100485 47459 0
1741100487 47470 0
1741100489 47418 0
1741100491 47381 0
1741100493 47498 0
1741100495 47523 0
1741100497 47280 0
1741100499 47324 0
1741100501 47457 0
1741100504 47257 0
1741100506 47062 0
1741100508 47110 0
1741100510 47303 0
1741100512 47336 0
1741100514 47384 0
1741100516 47402 0
1741100518 47660 0
1741100520 47977 0
1741100522 48402 0
1741100524 48624 0
1741100526 48727 0
1741100528 48976 0
1741100530 48974 0
1741100532 48999 0
1741100534 48851 0
1741100536 48737 0
1741100538 48308 0
1741100540 47873 0
1741100542 47551 0
1741100544 47405 0
1741100546 47276 0
1741100548 47288 0
1741100551 47254 0
1741100553 47209 0
1741100555 47257 0
1741100557 47185 0
1741100559 47085 0
1741100561 47305 0
1741100563 47067 0
1741100565 47118 0
1741100567 47010 0
1741100569 46963 0
1741100571 46908 0
1741100573 46930 0
1741100575 47102 0
1741100577 47237 0
1741100579 47578 0
1741100581 47890 0
1741100583 48377 0
1741100585 48596 0
1741100587 48775 0
1741100589 48831 0
1741100591 48823 0
1741100593 48752 0
1741100595 48645 0
1741100598 48487 0
1741100600 48624 0
1741100602 48481 0
1741100604 48650 0
1741100606 48504 0
1741100608 48050 0
1741100610 47692 0
1741100612 47523 0
1741100614 47460 0
1741100616 47246 0
1741100618 47187 0
1741100620 47319 0
1741100622 47159 0
1741100624 47195 0
1741100626 47019 0
1741100628 46951 0
1741100630 46974 0
1741100632 47025 0
1741100634 47009 0
1741100636 47177 0
1741100638 47163 0
1741100640 47128 0
1741100643 47203 0
1741100645 47468 0
1741100647 47785 0
1741100649 48274 0
1741100651 48650 0
1741100653 48788 0
1741100655 48816 0
1741100657 48718 0
1741100659 48666 0
1741100661 48711 0
1741100663 48710 0
1741100665 48701 0
1741100667 48828 0
1741100669 48606 0
1741100671 48536 0
1741100673 48453 0
1741100675 48233 0
1741100677 47792 0
1741100679 47633 0
1741100681 47649 0
1741100683 47471 0
1741100685 47305 0
1741100687 47137 0
1741100690 47049 0
1741100692 47026 0
1741100694 47070 0
1741100696 47125 0
1741100698 46935 0
1741100700 46901 0
1741100702 46980 0
1741100704 47035 0
1741100706 47054 0
1741100708 47152 0
1741100710 47090 0
1741100712 47074 0
1741100714 47167 0
1741100716 47225 0
1741100718 47270 0
1741100720 47383 0
1741100722 47475 0
1741100724 47610 0
1741100726 47777 0
1741100728 48260 0
1741100730 48767 0
1741100732 48863 0
1741100734 48988 0
1741100737 48939 0
1741100739 48901 0
1741100741 48848 0
1741100743 48734 0
1741100745 48263 0
1741100747 47975 0
1741100749 47671 0
1741100751 47408 0
1741100753 47259 0
1741100755 47176 0
1741100757 47201 0
1741100759 47198 0
1741100761 47206 0
1741100763 47215 0
1741100765 47215 0
1741100767 47271 0
1741100769 47285 0
1741100771 47142 0
1741100773 47026 0
1741100775 47069 0
1741100777 47032 0
1741100779 47212 0
1741100781 47268 0
1741100784 47298 0
1741100786 47211 0
1741100788 47181 0
1741100790 47288 0
1741100792 47315 0
1741100794 47624 0
1741100796 47994 0
1741100798 48534 0
1741100800 48883 0
1741100802 48876 0
1741100804 48809 0
1741100806 48783 0
1741100808 48761 0
1741100810 48673 0
1741100812 48654 0
1741100814 48042 0
1741100816 47840 0
1741100819 47583 0
1741100821 47395 0
1741100823 47241 0
1741100825 47166 0
1741100827 47291 0
1741100829 47284 0
1741100831 47227 0
1741100833 47204 0
1741100835 47214 0
1741100837 47187 0
1741100839 47240 0
1741100841 47117 0
1741100843 47054 0
1741100845 47091 0
1741100847 47219 0
1741100849 47297 0
1741100851 47586 0
1741100853 48091 0
1741100855 48441 0
1741100857 48697 0
1741100859 48827 0
1741100861 49013 0
1741100863 48915 0
1741100866 48717 0
1741100868 48606 0
1741100870 48667 0
1741100872 48576 0
1741100874 48606 0
1741100876 48544 0
1741100878 48573 0
1741100880 48530 0
1741100882 48159 0
1741100884 47735 0
1741100886 47499 0
1741100888 47655 0
1741100890 47455 0
1741100892 47405 0
1741100894 47397 0
1741100896 47262 0
1741100898 47201 0
1741100900 47279 0
1741100902 47253 0
1741100904 47259 0
1741100906 47383 0
1741100908 47427 0
1741100910 47369 0
1741100913 47215 0
1741100915 47246 0
1741100917 47329 0
1741100919 47619 0
1741100921 48232 0
1741100923 48545 0
1741100925 48646 0
1741100927 48706 0
1741100929 48737 0
1741100931 48738 0
1741100933 48773 0
1741100935 48841 0
1741100937 48735 0
1741100939 48682 0
1741100941 48640 0
1741100943 48447 0
1741100945 48587 0
1741100947 48731 0
1741100949 48645 0
1741100951 48332 0
1741100953 47851 0
1741100955 47613 0
1741100957 47521 0
1741100960 47381 0
1741100962 47264 0
1741100964 47243 0
1741100966 47194 0
1741100968 47217 0
1741100970 47138 0
1741100972 47186 0
1741100974 47275 0
1741100976 47498 0
1741100978 47261 0
1741100980 47537 0
1741100982 47515 0
1741100984 47479 0
1741100986 47352 0
1741100988 47235 0
1741100990 47280 0
1741100992 47289 0
1741100994 47307 0
1741100996 47435 0
1741100998 47594 0
1741101000 47988 0
1741101002 48393 0
1741101004 48780 0
1741101007 48937 0
1741101009 49262 0
1741101011 49037 0
1741101013 48841 0
1741101015 48775 0
1741101017 48633 0
1741101019 48368 0
1741101021 47953 0
1741101023 47621 0
1741101025 47336 0
1741101027 47392 0
1741101029 47189 0
1741101031 47252 0
1741101033 47310 0
1741101035 47279 0
1741101037 47223 0
1741101039 47278 0
1741101041 47521 0
1741101043 47292 0
1741101045 47282 0
1741101047 47300 0
1741101050 47272 0
1741101052 47219 0
1741101054 47131 0
1741101056 47140 0
1741101058 47159 0
1741101060 47233 0
1741101062 47288 0
1741101064 47265 0
1741101066 47358 0
1741101068 47612 0
1741101070 47914 0
1741101072 48151 0
1741101074 48534 0
1741101076 48770 0
1741101078 48686 0
1741101080 48756 0
1741101082 48613 0
1741101084 48562 0
1741101086 48553 0
1741101088 48184 0
1741101090 47862 0
1741101092 47594 0
1741101094 47401 0
1741101097 47194 0
1741101099 47135 0
1741101101 47382 0
1741101103 47212 0
1741101105 47035 0
1741101107 46978 0
1741101109 46870 0
1741101111 46821 0
1741101113 46943 0
1741101115 46841 0
1741101117 46971 0
1741101119 46974 0
1741101121 46951 0
1741101123 46906 0
1741101125 47085 0
1741101127 47393 0
1741101129 47652 0
1741101131 48072 0
1741101133 48315 0
1741101135 48529 0
1741101137 48524 0
1741101139 48579 0
1741101141 48533 0
1741101144 48525 0
1741101146 48387 0
1741101148 48339 0
1741101150 48267 0
1741101152 48155 0
1741101154 48215 0
1741101156 48272 0
1741101158 47831 0
1741101160 47531 0
1741101162 47391 0
1741101164 47158 0
1741101166 47162 0
1741101168 47069 0
1741101170 47085 0
1741101172 47026 0
1741101174 47007 0
1741101176 46972 0
1741101178 46913 0
1741101180 47020 0
1741101182 46903 0
1741101184 46877 0
1741101186 47024 0
1741101189 47276 0
1741101191 47370 0
1741101193 47312 0
1741101195 47536 0
1741101197 47741 0
1741101199 47993 0
1741101201 48355 0
1741101203 48564 0
1741101205 48548 0
1741101207 48664 0
1741101209 48584 0
1741101211 48439 0
1741101213 48473 0
1741101215 48478 0
1741101217 48307 0
1741101219 48291 0
1741101221 48405 0
1741101223 48321 0
1741101225 47991 0
1741101227 47443 0
1741101229 47286 0
1741101231 47076 0
1741101233 46904 0
1741101236 46839 0
1741101238 46841 0
1741101240 46781 0
1741101242 46981 0
1741101244 46714 0
1741101246 46669 0
1741101248 46919 0
1741101250 46958 0
1741101252 46946 0
1741101254 46867 0
1741101256 46875 0
1741101258 46822 0
1741101260 46785 0
1741101262 46930 0
1741101264 46949 0
1741101266 46975 0
1741101268 46985 0
1741101270 46964 0
1741101272 47272 0
1741101274 47869 0
1741101276 48427 0
1741101278 48537 0
1741101281 48922 0
1741101283 48993 0
1741101285 48865 0
1741101287 48656 0
1741101289 48630 0
1741101291 48484 0
1741101293 48337 0
1741101295 47849 0
1741101297 47419 0
1741101299 47207 0
1741101301 47119 0
1741101303 46983 0
1741101305 46996 0
1741101307 47010 0
1741101309 47004 0
1741101311 46905 0
1741101313 46850 0
1741101315 46781 0
1741101317 46866 0
1741101319 46921 0
1741101321 46871 0
1741101323 46982 0
1741101325 46995 0
1741101328 47099 0
1741101330 47021 0
1741101332 46968 0
1741101334 47131 0
1741101336 47202 0
1741101338 47258 0
1741101340 47469 0
1741101342 47635 0
1741101344 47839 0
1741101346 48044 0
1741101348 48353 0
1741101350 48646 0
1741101352 48591 0
1741101354 48660 0
1741101356 48625 0
1741101358 48570 0
1741101360 48651 0
1741101362 48388 0
1741101364 47831 0
1741101366 47444 0
1741101368 47458 0
1741101370 47309 0
1741101373 47224 0
1741101375 47124 0
1741101377 47209 0
1741101379 47132 0
1741101381 46968 0
1741101383 46891 0
1741101385 46968 0
1741101387 47014 0
1741101389 47001 0
1741101391 47030 0
1741101393 46990 0
1741101395 47029 0
1741101397 47138 0
1741101399 47210 0
1741101401 47647 0
1741101403 47882 0
1741101405 48250 0
1741101407 48527 0
1741101409 48780 0
1741101411 48698 0
1741101413 48607 0
1741101415 48573 0
1741101417 48579 0
1741101420 48485 0
1741101422 48406 0
1741101424 48352 0
1741101426 48358 0
1741101428 48358 0
1741101430 48525 0
1741101432 48335 0
1741101434 47945 0
1741101436 47629 0
1741101438 47365 0
1741101440 47182 0
1741101442 47201 0
1741101444 47168 0
1741101446 47219 0
1741101448 47178 0
1741101450 47157 0
1741101452 47205 0
1741101454 47138 0
1741101456 47038 0
1741101458 47033 0
1741101460 47208 0
1741101462 47085 0
1741101465 47037 0
1741101467 47054 0
1741101469 47193 0
1741101471 47436 0
1741101473 47717 0
1741101475 48123 0
1741101477 48418 0
1741101479 48555 0
1741101481 48562 0
1741101483 48555 0
1741101485 48555 0
1741101487 48542 0
1741101489 48542 0
1741101491 48604 0
1741101493 48487 0
1741101495 48572 0
1741101497 48542 0
1741101499 48448 0
1741101501 48169 0
1741101503 47694 0
1741101505 47318 0
1741101507 47279 0
1741101509 47367 0
1741101512 47291 0
1741101514 47343 0
1741101516 47219 0
1741101518 47156 0
1741101520 47189 0
1741101522 47272 0
1741101524 47116 0
1741101526 47083 0
1741101528 46953 0
1741101530 46843 0
1741101532 46805 0
1741101534 46895 0
1741101536 46853 0
1741101538 46974 0
1741101540 47033 0
1741101542 47178 0
1741101544 47101 0
1741101546 47110 0
1741101548 47449 0
1741101550 47789 0
1741101552 48223 0
1741101554 48561 0
1741101556 48818 0
1741101559 48836 0
1741101561 48848 0
1741101563 48745 0
1741101565 48778 0
1741101567 48797 0
1741101569 48528 0
1741101571 48028 0
1741101573 47746 0
1741101575 47556 0
1741101577 47393 0
1741101579 47342 0
1741101581 47459 0
1741101583 47298 0
1741101585 47196 0
1741101587 47239 0
1741101589 47322 0
1741101591 47401 0
1741101593 47406 0
1741101595 47475 0
1741101597 47313 0
1741101599 47268 0
1741101601 47045 0
1741101604 47253 0
1741101606 47177 0
1741101608 47308 0
1741101610 47365 0
1741101612 47246 0
1741101614 47361 0
1741101616 47576 0
1741101618 47714 0
1741101620 48142 0
1741101622 48428 0
1741101624 48702 0
1741101626 48859 0
1741101628 48945 0
1741101630 48783 0
1741101632 48793 0
1741101634 48833 0
1741101636 48868 0
1741101638 48374 0
1741101640 48127 0
1741101642 47753 0
1741101644 47562 0
1741101646 47614 0
1741101648 47652 0
1741101651 47404 0
1741101653 47445 0
1741101655 47563 0
1741101657 47567 0
1741101659 47524 0
1741101661 47374 0
1741101663 47129 0
1741101665 47164 0
1741101667 47187 0
1741101669 47263 0
1741101671 47212 0
1741101673 47316 0
1741101675 47473 0
1741101677 47682 0
1741101679 47998 0
1741101681 48439 0
1741101683 48647 0
1741101685 48704 0
1741101687 48694 0
1741101689 48477 0
1741101691 48477 0
1741101693 48509 0
1741101696 48489 0
1741101698 48412 0
1741101700 48495 0
1741101702 48625 0
1741101704 48522 0
1741101706 48423 0
1741101708 47831 0
1741101710 47586 0
1741101712 47422 0
1741101714 47294 0
1741101716 47210 0
1741101718 47068 0
1741101720 47184 0
1741101722 47043 0
1741101724 46850 0
1741101726 46737 0
1741101728 47046 0
1741101730 46948 0
1741101732 46976 0
1741101734 46944 0
1741101736 46985 0
1741101738 46847 0
1741101740 47028 0
1741101743 47224 0
1741101745 47500 0
1741101747 47766 0
1741101749 48202 0
1741101751 48503 0
1741101753 48721 0
1741101755 48836 0
1741101757 48847 0
1741101759 48789 0
1741101761 48993 0
1741101763 48890 0
1741101765 48698 0
1741101767 48522 0
1741101769 48414 0
1741101771 48450 0
1741101773 48445 0
1741101775 48127 0
1741101777 47785 0
1741101779 47552 0
1741101781 47356 0
1741101783 47200 0
1741101785 47127 0
1741101787 47207 0
1741101790 47206 0
1741101792 47073 0
1741101794 47035 0
1741101796 47210 0
1741101798 47152 0
1741101800 47212 0
1741101802 47038 0
1741101804 46975 0
1741101806 46997 0
1741101808 46980 0
1741101810 46941 0
1741101812 46857 0
1741101814 46867 0
1741101816 46840 0
1741101818 46889 0
1741101820 47090 0
1741101822 47141 0
1741101824 47205 0
1741101826 47307 0
1741101828 47562 0
1741101830 47853 0
1741101832 48256 0
1741101835 48484 0
1741101837 48496 0
1741101839 48526 0
1741101841 48414 0
1741101843 48570 0
1741101845 48085 0
1741101847 47776 0
1741101849 47589 0
1741101851 47309 0
1741101853 47247 0
1741101855 47267 0
1741101857 47145 0
1741101859 47016 0
1741101861 47133 0
1741101863 47148 0
1741101865 47036 0
1741101867 47042 0
1741101869 46905 0
1741101871 46879 0
1741101873 47117 0
1741101875 47267 0
1741101877 47227 0
1741101879 47104 0
1741101882 47069 0
1741101884 47087 0
1741101886 46908 0
1741101888 46830 0
1741101890 46819 0
1741101892 46824 0
1741101894 46908 0
1741101896 47048 0
1741101898 47302 0
1741101900 47832 0
1741101902 48073 0
1741101904 48279 0
1741101906 48408 0
1741101908 48545 0
1741101910 48520 0
1741101912 48384 0
1741101914 47900 0
1741101916 47546 0
1741101918 47206 0
1741101920 46956 0
1741101922 46874 0
1741101924 46822 0
1741101926 46888 0
1741101929 46944 0
1741101931 46890 0
1741101933 46848 0
1741101935 46909 0
1741101937 46848 0
1741101939 46704 0
1741101941 46988 0
1741101943 47007 0
1741101945 46926 0
1741101947 46883 0
1741101949 46909 0
1741101951 47013 0
1741101953 47298 0
1741101955 47651 0
1741101957 48030 0
1741101959 48320 0
1741101961 48318 0
1741101963 48230 0
1741101965 48329 0
1741101967 48328 0
1741101969 48458 0
1741101971 48469 0
1741101974 48345 0
1741101976 48307 0
1741101978 48268 0
1741101980 48169 0
1741101982 47814 0
1741101984 47462 0
1741101986 47229 0
1741101988 47092 0
1741101990 46926 0
1741101992 46799 0
1741101994 46937 0
1741101996 46796 0
1741101998 46757 0
1741102000 46961 0
1741102002 46872 0
1741102004 46842 0
1741102006 46761 0
1741102008 46706 0
1741102010 46652 0
1741102012 46663 0
1741102014 46724 0
1741102016 46787 0
1741102018 46785 0
1741102021 47004 0
1741102023 47244 0
1741102025 47546 0
1741102027 48068 0
1741102029 48307 0
1741102031 48351 0
1741102033 48359 0
1741102035 48392 0
1741102037 48173 0
1741102039 48177 0
1741102041 48044 0
1741102043 48128 0
1741102045 48077 0
1741102047 48087 0
1741102049 48004 0
1741102051 47574 0
1741102053 47373 0
1741102055 47158 0
1741102057 46965 0
1741102059 46946 0
1741102061 47049 0
1741102063 46839 0
1741102065 46680 0
1741102068 46649 0
1741102070 46635 0
1741102072 46485 0
1741102074 46562 0
1741102076 46645 0
1741102078 46548 0
1741102080 46546 0
1741102082 46498 0
1741102084 46573 0
1741102086 46683 0
1741102088 46739 0
1741102090 46629 0
1741102092 46602 0
1741102094 46670 0
1741102096 46701 0
1741102098 46724 0
1741102100 46916 0
1741102102 47129 0
1741102104 47608 0
1741102106 48048 0
1741102108 48290 0
1741102110 48322 0
1741102112 48408 0
1741102115 48450 0
1741102117 48399 0
1741102119 48332 0
1741102121 48065 0
1741102123 47596 0
1741102125 47297 0
1741102127 47016 0
1741102129 46833 0
1741102131 46761 0
1741102133 46753 0
1741102135 46637 0
1741102137 46650 0
1741102139 46633 0
1741102141 46703 0
1741102143 46784 0
1741102145 46714 0
1741102147 46787 0
1741102149 46842 0
1741102151 46689 0
1741102153 46772 0
1741102155 46736 0
1741102157 46782 0
1741102160 46828 0
1741102162 46717 0
1741102164 46736 0
1741102166 46819 0
1741102168 46990 0
1741102170 47073 0
1741102172 47325 0
1741102174 47899 0
1741102176 48294 0
1741102178 48545 0
1741102180 48773 0
1741102182 48730 0
1741102184 48566 0
1741102186 48447 0
1741102188 47960 0
1741102190 47578 0
1741102192 47277 0
1741102194 47143 0
1741102196 47047 0
1741102198 47019 0
1741102200 46763 0
1741102202 46727 0
1741102205 46860 0
1741102207 46893 0
1741102209 46936 0
1741102211 46826 0
1741102213 46850 0
1741102215 46735 0
1741102217 46715 0
1741102219 46779 0
1741102221 46755 0
1741102223 46775 0
1741102225 46833 0
1741102227 47069 0
1741102229 47179 0
1741102231 47482 0
1741102233 47983 0
1741102235 48224 0
1741102237 48311 0
1741102239 48445 0
1741102241 48560 0
1741102243 48438 0
1741102245 48237 0
1741102247 48336 0
1741102249 48241 0
1741102252 48231 0
1741102254 48155 0
1741102256 48167 0
1741102258 47609 0
1741102260 47251 0
1741102262 47041 0
1741102264 46903 0
1741102266 46850 0
1741102268 46876 0
1741102270 46895 0
1741102272 46762 0
1741102274 46648 0
1741102276 46751 0
1741102278 46752 0
1741102280 46765 0
1741102282 46790 0
1741102284 46793 0
1741102286 46808 0
1741102288 46859 0
1741102290 46804 0
1741102292 46791 0
1741102294 46997 0
1741102296 47260 0
1741102299 47587 0
1741102301 48052 0
1741102303 48311 0
1741102305 48282 0
1741102307 48417 0
1741102309 48466 0
1741102311 48439 0
1741102313 48468 0
1741102315 48372 0
1741102317 48248 0
1741102319 48252 0
1741102321 48210 0
1741102323 48253 0
1741102325 47910 0
1741102327 47583 0
1741102329 47256 0
1741102331 47004 0
1741102333 46972 0
1741102335 46941 0
1741102337 46815 0
1741102339 46766 0
1741102341 46714 0
1741102344 46804 0
1741102346 46852 0
1741102348 46871 0
1741102350 46797 0
1741102352 46743 0
1741102354 46859 0
1741102356 46690 0
1741102358 46699 0
1741102360 47014 0
1741102362 46934 0
1741102364 46802 0
1741102366 46632 0
1741102368 46703 0
1741102370 46561 0
1741102372 46612 0
1741102374 46686 0
1741102376 46836 0
1741102378 47108 0
1741102380 47505 0
1741102382 47896 0
1741102384 48213 0
1741102386 48349 0
1741102389 48546 0
1741102391 48568 0
1741102393 48453 0
1741102395 47933 0
1741102397 47492 0
1741102399 47296 0
1741102401 47109 0
1741102403 46983 0
1741102405 46831 0
1741102407 46951 0
1741102409 46889 0
1741102411 46738 0
1741102413 46809 0
1741102415 46799 0
1741102417 46711 0
1741102419 46799 0
1741102421 47029 0
1741102423 46989 0
1741102425 46855 0
1741102427 46686 0
1741102429 46656 0
1741102431 46746 0
1741102433 46670 0
1741102436 46750 0
1741102438 46806 0
1741102440 46750 0
1741102442 46720 0
1741102444 46761 0
1741102446 47033 0
1741102448 47432 0
1741102450 47786 0
1741102452 48158 0
1741102454 48359 0
1741102456 48493 0
1741102458 48404 0
1741102460 48318 0
1741102462 48223 0
1741102464 47635 0
1741102466 47268 0
1741102468 47148 0
1741102470 46860 0
1741102472 46761 0
1741102474 47130 0
1741102476 46988 0
1741102478 46893 0
1741102480 47074 0
1741102483 47000 0
1741102485 46769 0
1741102487 46740 0
1741102489 46796 0
1741102491 46801 0
1741102493 46650 0
1741102495 46718 0
1741102497 46654 0
1741102499 46631 0
1741102501 46757 0
1741102503 46888 0
1741102505 47256 0
1741102507 47749 0
1741102509 48274 0
1741102511 48372 0
1741102513 48538 0
1741102515 48469 0
1741102517 48375 0
1741102519 48329 0
1741102521 48168 0
1741102523 48139 0
1741102525 48169 0
1741102528 48207 0
1741102530 48164 0
1741102532 47921 0
1741102534 47520 0
1741102536 47122 0
1741102538 47008 0
1741102540 47019 0
1741102542 47062 0
1741102544 46863 0
1741102546 46835 0
1741102548 46738 0
1741102550 46679 0
1741102552 46679 0
1741102554 46665 0
1741102556 46611 0
1741102558 46666 0
1741102560 46638 0
1741102562 46781 0
1741102564 46745 0
1741102566 46860 0
1741102568 47064 0
1741102570 47108 0
1741102572 47417 0
1741102575 47654 0
1741102577 47976 0
1741102579 48348 0
1741102581 48452 0
1741102583 48402 0
1741102585 48317 0
1741102587 48398 0
1741102589 48357 0
1741102591 48292 0
1741102593 48379 0
1741102595 48344 0
1741102597 48395 0
1741102599 48436 0
1741102601 48109 0
1741102603 47640 0
1741102605 47479 0
1741102607 47196 0
1741102609 47088 0
1741102611 46950 0
1741102613 46985 0
1741102615 46919 0
1741102617 46827 0
1741102619 46866 0
1741102622 46783 0
1741102624 46932 0
1741102626 46854 0
1741102628 46904 0
1741102630 46891 0
1741102632 46851 0
1741102634 46823 0
1741102636 46868 0
1741102638 46747 0
1741102640 46703 0
1741102642 46798 0
1741102644 46811 0
1741102646 46834 0
1741102648 47019 0
1741102650 46983 0
1741102652 47323 0
1741102654 47727 0
1741102656 48090 0
1741102658 48351 0
1741102660 48781 0
1741102662 48700 0
1741102664 48625 0
1741102666 48493 0
1741102669 48298 0
1741102671 47806 0
1741102673 47435 0
1741102675 47202 0
1741102677 47078 0
1741102679 47076 0
1741102681 46927 0
1741102683 46813 0
1741102685 46769 0
1741102687 46790 0
1741102689 46822 0
1741102691 46800 0
1741102693 46790 0
1741102695 46948 0
1741102697 46732 0
1741102699 46935 0
1741102701 47008 0
1741102703 46841 0
1741102705 47046 0
1741102707 47151 0
1741102709 46956 0
1741102711 47012 0
1741102713 47175 0
1741102716 47039 0
1741102718 47178 0
1741102720 47478 0
1741102722 47932 0
1741102724 48180 0
1741102726 48378 0
1741102728 48628 0
1741102730 48726 0
1741102732 48638 0
1741102734 48505 0
1741102736 48539 0
1741102738 48164 0
1741102740 47656 0
1741102742 47205 0
1741102744 47070 0
1741102746 47097 0
1741102748 47338 0
1741102750 47169 0
1741102752 47054 0
1741102754 47012 0
1741102756 46998 0
1741102758 46967 0
1741102761 46840 0
1741102763 46773 0
1741102765 46786 0
1741102767 46887 0
1741102769 47062 0
1741102771 47159 0
1741102773 47324 0
1741102775 48035 0
1741102777 48765 0
1741102779 48967 0
1741102781 49276 0
1741102783 49032 0
1741102785 48805 0
1741102787 48695 0
1741102789 48717 0
1741102791 48635 0
1741102793 48617 0
1741102795 48674 0
1741102797 48437 0
1741102799 48364 0
1741102801 48263 0
1741102803 48235 0
1741102805 48208 0
1741102808 47857 0
1741102810 47494 0
1741102812 47313 0
1741102814 47224 0
1741102816 47155 0
1741102818 46975 0
1741102820 47061 0
1741102822 47089 0
1741102824 47082 0
1741102826 47059 0
1741102828 47089 0
1741102830 46962 0
1741102832 46958 0
1741102834 47071 0
1741102836 46998 0
1741102838 46890 0
1741102840 47094 0
1741102842 47040 0
1741102844 47249 0
1741102846 47503 0
1741102848 47895 0
1741102850 48353 0
1741102853 48564 0
1741102855 48643 0
1741102857 48646 0
1741102859 48686 0
1741102861 48551 0
1741102863 48584 0
1741102865 48673 0
1741102867 48766 0
1741102869 48687 0
1741102871 48484 0
1741102873 48443 0
1741102875 48361 0
1741102877 47901 0
1741102879 47557 0
1741102881 47321 0
1741102883 47217 0
1741102885 47060 0
1741102887 47078 0
1741102889 46970 0
1741102891 47109 0
1741102893 47142 0
1741102895 46994 0
1741102898 46951 0
1741102900 46944 0
1741102902 47118 0
1741102904 47089 0
1741102906 47195 0
1741102908 47058 0
1741102910 47093 0
1741102912 47130 0
1741102914 47103 0
1741102916 47080 0
1741102918 47067 0
1741102920 47184 0
1741102922 47261 0
1741102924 47566 0
1741102926 47899 0
1741102928 48608 0
1741102930 48684 0
1741102932 48786 0
1741102934 48796 0
1741102936 48826 0
1741102938 48683 0
1741102940 48636 0
1741102942 48542 0
1741102945 48081 0
1741102947 47687 0
1741102949 47514 0
1741102951 47291 0
1741102953 47183 0
1741102955 47239 0
1741102957 47250 0
1741102959 47230 0
1741102961 47388 0
1741102963 47278 0
1741102965 47169 0
1741102967 47201 0
1741102969 47146 0
1741102971 47098 0
1741102973 47154 0
1741102975 47175 0
1741102977 47028 0
1741102979 47007 0
1741102981 47093 0
1741102983 47100 0
1741102985 47051 0
1741102987 47175 0
1741102989 47257 0
1741102992 47420 0
1741102994 47691 0
1741102996 48168 0
1741102998 48495 0
1741103000 48764 0
1741103002 48881 0
1741103004 48811 0
1741103006 48699 0
1741103008 48620 0
1741103010 48639 0
1741103012 48436 0
1741103014 48005 0
1741103016 47658 0
1741103018 47498 0
1741103020 47481 0
1741103022 47332 0
1741103024 47134 0
1741103026 47047 0
1741103028 47117 0
1741103030 47025 0
1741103033 46903 0
1741103035 47030 0
1741103037 47007 0
1741103039 46950 0
1741103041 46948 0
1741103043 46854 0
1741103045 46836 0
1741103047 47052 0
1741103049 47139 0
1741103051 47246 0
1741103053 47503 0
1741103055 48062 0
1741103057 48388 0
1741103059 48567 0
1741103061 48592 0
1741103063 48615 0
1741103065 48590 0
1741103067 48710 0
1741103069 48553 0
1741103071 48492 0
1741103073 48542 0
1741103075 48445 0
1741103078 48386 0
1741103080 48379 0
1741103082 48189 0
1741103084 47701 0
1741103086 47505 0
1741103088 47399 0
1741103090 47284 0
1741103092 46993 0
1741103094 46957 0
1741103096 46884 0
1741103098 46858 0
1741103100 46819 0
1741103102 46810 0
1741103104 46849 0
1741103106 46808 0
1741103108 46955 0
1741103110 46832 0
1741103112 46809 0
1741103114 46953 0
1741103116 46985 0
1741103118 46984 0
1741103120 47104 0
1741103122 47366 0
1741103125 47767 0
1741103127 48341 0
1741103129 48487 0
1741103131 48680 0
1741103133 48702 0
1741103135 48766 0
1741103137 48688 0
1741103139 48707 0
1741103141 48787 0
1741103143 48632 0
1741103145 48483 0
1741103147 48444 0
1741103149 48543 0
1741103151 48081 0
1741103153 47770 0
1741103155 47571 0
1741103157 47407 0
1741103159 47162 0
1741103161 47065 0
1741103163 46991 0
1741103165 46907 0
1741103167 47023 0
1741103170 47050 0
1741103172 46944 0
1741103174 46987 0
1741103176 46918 0
1741103178 46943 0
1741103180 48114 0
1741103182 47677 0
1741103184 47396 0
1741103186 47404 0
1741103188 47210 0
1741103190 47123 0
1741103192 47062 0
1741103194 47157 0
1741103196 47191 0
1741103198 47338 0
1741103200 47995 0
1741103202 48285 0
1741103204 48524 0
1741103206 48724 0
1741103208 48727 0
1741103210 48760 0
1741103212 48626 0
1741103214 48541 0
1741103217 48513 0
1741103219 48429 0
1741103221 47845 0
1741103223 47556 0
1741103225 47247 0
1741103227 47337 0
1741103229 47489 0
1741103231 47251 0
1741103233 47136 0
1741103235 47173 0
1741103237 47105 0
1741103239 47226 0
1741103241 47214 0
1741103243 47162 0
1741103245 47034 0
1741103247 47026 0
1741103249 47185 0
1741103251 47253 0
1741103253 47192 0
1741103255 47229 0
1741103257 47140 0
1741103259 47170 0
1741103261 47306 0
1741103264 47139 0
1741103266 47214 0
1741103268 47406 0
1741103270 47622 0
1741103272 47923 0
1741103274 48384 0
1741103276 48632 0
1741103278 48773 0
1741103280 48732 0
1741103282 48627 0
1741103284 48526 0
1741103286 48479 0
1741103288 48250 0
1741103290 47911 0
1741103292 47536 0
1741103294 47300 0
1741103296 47226 0
1741103298 47060 0
1741103300 47125 0
1741103302 46990 0
1741103304 46950 0
1741103306 46828 0
1741103309 46670 0
1741103311 46758 0
1741103313 46819 0
1741103315 46820 0
1741103317 46806 0
1741103319 46894 0
1741103321 47150 0
1741103323 47062 0
1741103325 46936 0
1741103327 47080 0
1741103329 47378 0
1741103331 47817 0
1741103333 48243 0
1741103335 48371 0
1741103337 48462 0
1741103339 48470 0
1741103341 48399 0
1741103343 48323 0
1741103345 48328 0
1741103347 48396 0
1741103349 48459 0
1741103351 48374 0
1741103353 48229 0
1741103356 48369 0
1741103358 48012 0
1741103360 47518 0
1741103362 47214 0
1741103364 47058 0
1741103366 47039 0
1741103368 47064 0
1741103370 46957 0
1741103372 46854 0
1741103374 46944 0
1741103376 46888 0
1741103378 46960 0
1741103380 47023 0
1741103382 46982 0
1741103384 46891 0
1741103386 46864 0
1741103388 46991 0
1741103390 46930 0
1741103392 46982 0
1741103394 47159 0
1741103396 47426 0
1741103398 47732 0
1741103401 48167 0
1741103403 48361 0
1741103405 48387 0
1741103407 48635 0
1741103409 48791 0
1741103411 48733 0
1741103413 48564 0
1741103415 48557 0
1741103417 48416 0
1741103419 48554 0
1741103421 48354 0
1741103423 48133 0
1741103425 48047 0
1741103427 47759 0
1741103429 47344 0
1741103431 47259 0
1741103433 47286 0
1741103435 47128 0
1741103437 47065 0
1741103439 47137 0
1741103441 47192 0
1741103443 47161 0
1741103445 46983 0
1741103448 47027 0
1741103450 46979 0
1741103452 46999 0
1741103454 47125 0
1741103456 46999 0
1741103458 46937 0
1741103460 46967 0
1741103462 46846 0
1741103464 47011 0
1741103466 46814 0
1741103468 46937 0
1741103470 46998 0
1741103472 47075 0
1741103474 47221 0
1741103476 47488 0
1741103478 47836 0
1741103480 48284 0
1741103482 48635 0
1741103484 48783 0
1741103486 48692 0
1741103488 48662 0
1741103490 48524 0
1741103492 48353 0
1741103495 47915 0
1741103497 47460 0
1741103499 47155 0
1741103501 47319 0
1741103503 47105 0
1741103505 47012 0
1741103507 46979 0
1741103509 46975 0
1741103511 46948 0
1741103513 46882 0
1741103515 46962 0
1741103517 46882 0
1741103519 46871 0
1741103521 46954 0
1741103523 46854 0
1741103525 46842 0
1741103527 46917 0
1741103529 46991 0
1741103531 46978 0
1741103533 46984 0
1741103535 46954 0
1741103537 46863 0
1741103540 46966 0
1741103542 47124 0
1741103544 47250 0
1741103546 47589 0
1741103548 48062 0
1741103550 48482 0
1741103552 48657 0
1741103554 48726 0
1741103556 48669 0
1741103558 48649 0
1741103560 48841 0
1741103562 48735 0
1741103564 48130 0
1741103566 47642 0
1741103568 47338 0
1741103570 47098 0
1741103572 46930 0
1741103574 46945 0
1741103576 46978 0
1741103578 46989 0
1741103580 46992 0
1741103582 46947 0
1741103585 47046 0
1741103587 47007 0
1741103589 47154 0
1741103591 47084 0
1741103593 46932 0
1741103595 46967 0
1741103597 47085 0
1741103599 47127 0
1741103601 47340 0
1741103603 47588 0
1741103605 47998 0
1741103607 48466 0
1741103609 48630 0
1741103611 48579 0
1741103613 48814 0
1741103615 48670 0
1741103617 48674 0
1741103619 48602 0
1741103621 48662 0
1741103623 48500 0
1741103625 48450 0
1741103627 48454 0
1741103630 48560 0
1741103632 48358 0
1741103634 47970 0
1741103636 47654 0
1741103638 47470 0
1741103640 47422 0
1741103642 47381 0
1741103644 47312 0
1741103646 47340 0
1741103648 47251 0
1741103650 47235 0
1741103652 47101 0
1741103654 46980 0
1741103656 47127 0
1741103658 47066 0
1741103660 47154 0
1741103662 47011 0
1741103664 47004 0
1741103666 47141 0
1741103668 47396 0
1741103670 47559 0
1741103672 47758 0
1741103674 48198 0
1741103677 48544 0
1741103679 48781 0
1741103681 49251 0
1741103683 49114 0
1741103685 48905 0
1741103687 48642 0
1741103689 48633 0
1741103691 48590 0
1741103693 48622 0
1741103695 48691 0
1741103697 48655 0
1741103699 48496 0
1741103701 48136 0
1741103703 47718 0
1741103705 47464 0
1741103707 47502 0
1741103709 47407 0
1741103711 47162 0
1741103713 47154 0
1741103715 47218 0
1741103717 47214 0
1741103719 47088 0
1741103721 47071 0
1741103724 47130 0
1741103726 47139 0
1741103728 47067 0
1741103730 47077 0
1741103732 47073 0
1741103734 47102 0
1741103736 47101 0
1741103738 47030 0
1741103740 47218 0
1741103742 47318 0
1741103744 47287 0
1741103746 47293 0
1741103748 47595 0
1741103750 47891 0
1741103752 48291 0
1741103754 48612 0
1741103756 48760 0
1741103758 48840 0
1741103760 48872 0
1741103762 48720 0
1741103764 48504 0
1741103766 48723 0
1741103769 48666 0
1741103771 48109 0
1741103773 47745 0
1741103775 47577 0
1741103777 47428 0
1741103779 47238 0
1741103781 47223 0
1741103783 47096 0
1741103785 47089 0
1741103787 47187 0
1741103789 47033 0
1741103791 46887 0
1741103793 46968 0
1741103795 46949 0
1741103797 46897 0
1741103799 46969 0
1741103801 47117 0
1741103803 46918 0
1741103805 46997 0
1741103807 47001 0
1741103809 47010 0
1741103811 47049 0
1741103814 46971 0
1741103816 47082 0
1741103818 47250 0
1741103820 47638 0
1741103822 48104 0
1741103824 48540 0
1741103826 48649 0
1741103828 48853 0
1741103830 48809 0
1741103832 48794 0
1741103834 48673 0
1741103836 48742 0
1741103838 48356 0
1741103840 47814 0
1741103842 47475 0
1741103844 47349 0
1741103846 47130 0
1741103848 47148 0
1741103850 47018 0
1741103852 47044 0
1741103854 47290 0
1741103856 47120 0
1741103858 47139 0
1741103861 47384 0
1741103863 47255 0
1741103865 47130 0
1741103867 47098 0
1741103869 47148 0
1741103871 47149 0
1741103873 47268 0
1741103875 47308 0
1741103877 47579 0
1741103879 47845 0
1741103881 48340 0
1741103883 48497 0
1741103885 48523 0
1741103887 48641 0
1741103889 48806 0
1741103891 48755 0
1741103893 48649 0
1741103895 48678 0
1741103897 48496 0
1741103899 48471 0
1741103901 48342 0
1741103903 48335 0
1741103905 48441 0
1741103908 48064 0
1741103910 47648 0
1741103912 47335 0
1741103914 47247 0
1741103916 47108 0
1741103918 47057 0
1741103920 47117 0
1741103922 47240 0
1741103924 47126 0
1741103926 47010 0
1741103928 47087 0
1741103930 46969 0
1741103932 47092 0
1741103934 47066 0
1741103936 47145 0
1741103938 47028 0
1741103940 47030 0
1741103942 47223 0
1741103944 47541 0
1741103946 47977 0
1741103948 48562 0
1741103950 48780 0
1741103953 48764 0
1741103955 48738 0
1741103957 48599 0
1741103959 48728 0
1741103961 48625 0
1741103963 48638 0
1741103965 48536 0
1741103967 48537 0
1741103969 48452 0
1741103971 48290 0
1741103973 48278 0
1741103975 48243 0
1741103977 47848 0
1741103979 47575 0
1741103981 47421 0
1741103983 47204 0
1741103985 47010 0
1741103987 46871 0
1741103989 46791 0
1741103991 46682 0
1741103993 46717 0
1741103995 46638 0
1741103997 46667 0
1741104000 46641 0
1741104002 46602 0
1741104004 46630 0
1741104006 46652 0
1741104008 46811 0
1741104010 46894 0
1741104012 46789 0
1741104014 46812 0
1741104016 46911 0
1741104018 46920 0
1741104020 46964 0
1741104022 47023 0
1741104024 47264 0
1741104026 47430 0
1741104028 47971 0
1741104030 48239 0
1741104032 48509 0
1741104034 48681 0
1741104036 48519 0
1741104038 48546 0
1741104040 48792 0
1741104042 48554 0
1741104045 48056 0
1741104047 47474 0
1741104049 47189 0
1741104051 46976 0
1741104053 46955 0
1741104055 47013 0
1741104057 46925 0
1741104059 46852 0
1741104061 46800 0
1741104063 46781 0
1741104065 46843 0
1741104067 46923 0
1741104069 46941 0
1741104071 46880 0
1741104073 46771 0
1741104075 46906 0
1741104077 46896 0
1741104079 46847 0
1741104081 46582 0
1741104083 46569 0
1741104085 46599 0
1741104087 46772 0
1741104090 47054 0
1741104092 47121 0
1741104094 47428 0
1741104096 47722 0
1741104098 48077 0
1741104100 48370 0
1741104102 48607 0
1741104104 48454 0
1741104106 48439 0
1741104108 48382 0
1741104110 48289 0
1741104112 48140 0
1741104114 47413 0
1741104116 47250 0
1741104118 47119 0
1741104120 46954 0
1741104122 46783 0
1741104124 46800 0
1741104126 46755 0
1741104128 46932 0
1741104130 46790 0
1741104132 46953 0
1741104134 46778 0
1741104137 46675 0
1741104139 46659 0
1741104141 46728 0
1741104143 46617 0
1741104145 46700 0
1741104147 46786 0
1741104149 46937 0
1741104151 46985 0
1741104153 47282 0
1741104155 47873 0
1741104157 48285 0
1741104159 48415 0
1741104161 48685 0
1741104163 48595 0
1741104165 48405 0
1741104167 48334 0
1741104169 48464 0
1741104171 48270 0
1741104173 48277 0
1741104175 48267 0
1741104177 48085 0
1741104179 48044 0
1741104181 47691 0
1741104184 47291 0
1741104186 47030 0
1741104188 46953 0
1741104190 46878 0
1741104192 46774 0
1741104194 46767 0
1741104196 46744 0
1741104198 46761 0
1741104200 46652 0
1741104202 46629 0
1741104204 46637 0
1741104206 46698 0
1741104208 46772 0
1741104210 46739 0
1741104212 46642 0
1741104214 46741 0
1741104216 46704 0
1741104218 46792 0
1741104220 47177 0
1741104222 47573 0
1741104224 47900 0
1741104226 48150 0
1741104229 48326 0
1741104231 48351 0
1741104233 48297 0
1741104235 48330 0
1741104237 48355 0
1741104239 48146 0
1741104241 48212 0
1741104243 48074 0
1741104245 47988 0
1741104247 48104 0
1741104249 48125 0
1741104251 47672 0
1741104253 47308 0
1741104255 47098 0
1741104257 46932 0
1741104259 46786 0
1741104261 46747 0
1741104263 46720 0
1741104265 46640 0
1741104267 46684 0
1741104269 46743 0
1741104271 46718 0
1741104273 46720 0
1741104276 46879 0
1741104278 46937 0
1741104280 46819 0
1741104282 46856 0
1741104284 46738 0
1741104286 46727 0
1741104288 46634 0
1741104290 46742 0
1741104292 46621 0
1741104294 46639 0
1741104296 46619 0
1741104298 46729 0
1741104300 46934 0
1741104302 47298 0
1741104304 47790 0
1741104306 48195 0
1741104308 48659 0
1741104310 48541 0
1741104312 48406 0
1741104314 48398 0
1741104316 48298 0
1741104318 48139 0
1741104320 47569 0
1741104323 47141 0
1741104325 46937 0
1741104327 46865 0
1741104329 46778 0
1741104331 46670 0
1741104333 46664 0
1741104335 46766 0
1741104337 46687 0
1741104339 46640 0
1741104341 46818 0
1741104343 46785 0
1741104345 46667 0
1741104347 46738 0
1741104349 46659 0
1741104351 46670 0
1741104353 46549 0
1741104355 46564 0
1741104357 46616 0
1741104359 46539 0
1741104361 46469 0
1741104363 46685 0
1741104365 46752 0
1741104368 46963 0
1741104370 47340 0
1741104372 47731 0
1741104374 48139 0
1741104376 48308 0
1741104378 48431 0
1741104380 48466 0
1741104382 48580 0
1741104384 48385 0
1741104386 48293 0
1741104388 48007 0
1741104390 47562 0
1741104392 47324 0
1741104394 47172 0
1741104396 47016 0
1741104398 46897 0
1741104400 47037 0
1741104402 47004 0
1741104404 46819 0
1741104406 46720 0
1741104408 46540 0
1741104410 46540 0
1741104412 46547 0
1741104415 46596 0
1741104417 46544 0
1741104419 46557 0
1741104421 46632 0
1741104423 46724 0
1741104425 46908 0
1741104427 47194 0
1741104429 47636 0
1741104431 47881 0
1741104433 48194 0
1741104435 48377 0
1741104437 48285 0
1741104439 48294 0
1741104441 48300 0
1741104443 48259 0
1741104445 48153 0
1741104447 48296 0
1741104449 48174 0
1741104451 48183 0
1741104453 48130 0
1741104455 48017 0
1741104457 47481 0
1741104459 47225 0
1741104462 47275 0
1741104464 47020 0
1741104466 46816 0
1741104468 46681 0
1741104470 46815 0
1741104472 46678 0
1741104474 46651 0
1741104476 46625 0
1741104478 46680 0
1741104480 46572 0
1741104482 46528 0
1741104484 46602 0
1741104486 46613 0
1741104488 46741 0
1741104490 46726 0
1741104492 46822 0
1741104494 46882 0
1741104496 47190 0
1741104498 47712 0
1741104500 48114 0
1741104502 48339 0
1741104504 48420 0
1741104507 48538 0
1741104509 48484 0
1741104511 48501 0
1741104513 48411 0
1741104515 48358 0
1741104517 48218 0
1741104519 48108 0
1741104521 48351 0
1741104523 48208 0
1741104525 47981 0
1741104527 47556 0
1741104529 47246 0
1741104531 47007 0
1741104533 46916 0
1741104535 46867 0
1741104537 46815 0
1741104539 46843 0
1741104541 46724 0
1741104543 46714 0
1741104545 46721 0
1741104547 46824 0
1741104549 46859 0
1741104551 46821 0
1741104554 46776 0
1741104556 46806 0
1741104558 46787 0
1741104560 46823 0
1741104562 46702 0
1741104564 46673 0
1741104566 46689 0
1741104568 46794 0
1741104570 46886 0
1741104572 47019 0
1741104574 47146 0
1741104576 47636 0
1741104578 48071 0
1741104580 48530 0
1741104582 48529 0
1741104584 48574 0
1741104586 48519 0
1741104588 48428 0
1741104590 48352 0
1741104592 48333 0
1741104594 48008 0
1741104596 47608 0
1741104598 47277 0
1741104601 46922 0
1741104603 46782 0
1741104605 46671 0
1741104607 46738 0
1741104609 46889 0
1741104611 46738 0
1741104613 46734 0
1741104615 46764 0
1741104617 46714 0
1741104619 46860 0
1741104621 46844 0
1741104623 46782 0
1741104625 46747 0
1741104627 46850 0
1741104629 46844 0
1741104631 46678 0
1741104633 46887 0
1741104635 46950 0
1741104637 46907 0
1741104639 47015 0
1741104641 47268 0
1741104643 47484 0
1741104645 47733 0
1741104648 48135 0
1741104650 48474 0
1741104652 48646 0
1741104654 48608 0
1741104656 48534 0
1741104658 48516 0
1741104660 48392 0
1741104662 48312 0
1741104664 47792 0
1741104666 47392 0
1741104668 47174 0
1741104670 47082 0
1741104672 47005 0
1741104674 46861 0
1741104676 46917 0
1741104678 46795 0
1741104680 46712 0
1741104682 46768 0
1741104684 46799 0
1741104686 46846 0
1741104688 46836 0
1741104690 46801 0
1741104692 46824 0
1741104695 46817 0
1741104697 46900 0
1741104699 46970 0
1741104701 47317 0
1741104703 47594 0
1741104705 48024 0
1741104707 48239 0
1741104709 48305 0
1741104711 48383 0
1741104713 48379 0
1741104715 48397 0
1741104717 48244 0
1741104719 48231 0
1741104721 48361 0
1741104723 48312 0
1741104725 48254 0
1741104727 48340 0
1741104729 48354 0
1741104731 48188 0
1741104733 47621 0
1741104735 47248 0
1741104737 47003 0
1741104740 46914 0
1741104742 46860 0
1741104744 46785 0
1741104746 46685 0
1741104748 46741 0
1741104750 46786 0
1741104752 46773 0
1741104754 46804 0
1741104756 46834 0
1741104758 46751 0
1741104760 46873 0
1741104762 46861 0
1741104764 46818 0
1741104766 46793 0
1741104768 46807 0
1741104770 47062 0
1741104772 47326 0
1741104774 47731 0
1741104776 48066 0
1741104778 48234 0
1741104780 48353 0
1741104782 48373 0
1741104784 48428 0
1741104787 48404 0
1741104789 48391 0
1741104791 48167 0
1741104793 48291 0
1741104795 48159 0
1741104797 48061 0
1741104799 47977 0
1741104801 47734 0
1741104803 47351 0
1741104805 47135 0
1741104807 47072 0
1741104809 46901 0
1741104811 46707 0
1741104813 46707 0
1741104815 46751 0
1741104817 46665 0
1741104819 46751 0
1741104821 46959 0
1741104823 46788 0
1741104825 46672 0
1741104827 46628 0
1741104829 46699 0
1741104832 46648 0
1741104834 46618 0
1741104836 46639 0
1741104838 46651 0
1741104840 46656 0
1741104842 46600 0
1741104844 46711 0
1741104846 46678 0
1741104848 46966 0
1741104850 47315 0
1741104852 47539 0
1741104854 47841 0
1741104856 48224 0
1741104858 48438 0
1741104860 48540 0
1741104862 48514 0
1741104864 48349 0
1741104866 48376 0
1741104868 48226 0
1741104870 47602 0
1741104872 47131 0
1741104874 47006 0
1741104876 46850 0
1741104879 46879 0
1741104881 47159 0
1741104883 47033 0
1741104885 46911 0
1741104887 46824 0
1741104889 46637 0
1741104891 46631 0
1741104893 46478 0
1741104895 46550 0
1741104897 46477 0
1741104899 46548 0
1741104901 46722 0
1741104903 46696 0
1741104905 46570 0
1741104907 46723 0
1741104909 46778 0
1741104911 46745 0
1741104913 46794 0
1741104915 46913 0
1741104917 47072 0
1741104919 47304 0
1741104921 47705 0
1741104923 48009 0
1741104926 48228 0
1741104928 48481 0
1741104930 48493 0
1741104932 48399 0
1741104934 48441 0
1741104936 48398 0
1741104938 48021 0
1741104940 47710 0
1741104942 47405 0
1741104944 47237 0
1741104946 47057 0
1741104948 46828 0
1741104950 46789 0
1741104952 46798 0
1741104954 46717 0
1741104956 46678 0
1741104958 46623 0
1741104960 46574 0
1741104962 46626 0
1741104964 46611 0
1741104966 46722 0
1741104968 46931 0
1741104970 46924 0
1741104973 46978 0
1741104975 47085 0
1741104977 47298 0
1741104979 47711 0
1741104981 48198 0
1741104983 48341 0
1741104985 48386 0
1741104987 48564 0
1741104989 48433 0
1741104991 48289 0
1741104993 48410 0
1741104995 48418 0
1741104997 48312 0
1741104999 48175 0
1741105001 48322 0
1741105003 48212 0
1741105005 48037 0
1741105007 47577 0
1741105009 47248 0
1741105011 47109 0
1741105013 46978 0
1741105015 46932 0
1741105018 46921 0
1741105020 46837 0
1741105022 46909 0
1741105024 46862 0
1741105026 46852 0
1741105028 46855 0
1741105030 46919 0
1741105032 46835 0
1741105034 46695 0
1741105036 46711 0
1741105038 46792 0
1741105040 46780 0
1741105042 46841 0
1741105044 46993 0
1741105046 47158 0
1741105048 47562 0
1741105050 48181 0
1741105052 48356 0
1741105054 48445 0
1741105056 48512 0
1741105058 48567 0
1741105060 48848 0
1741105062 48784 0
1741105065 48644 0
1741105067 48493 0
1741105069 48401 0
1741105071 48338 0
1741105073 48269 0
1741105075 48144 0
1741105077 47635 0
1741105079 47411 0
1741105081 47351 0
1741105083 47087 0
1741105085 46989 0
1741105087 46963 0
1741105089 46999 0
1741105091 46987 0
1741105093 46909 0
1741105095 46803 0
1741105097 46748 0
1741105099 46779 0
1741105101 46782 0
1741105103 46790 0
1741105105 46745 0
1741105107 46890 0
1741105110 46919 0
1741105112 46905 0
1741105114 46942 0
1741105116 46761 0
1741105118 46748 0
1741105120 46922 0
1741105122 47173 0
1741105124 47235 0
1741105126 47392 0
1741105128 47819 0
1741105130 48102 0
1741105132 48365 0
1741105134 48476 0
1741105136 48441 0
1741105138 48350 0
1741105140 48380 0
1741105142 48359 0
1741105144 48030 0
1741105146 47496 0
1741105148 47487 0
1741105150 47161 0
1741105152 47011 0
1741105155 46988 0
1741105157 46858 0
1741105159 46955 0
1741105161 46833 0
1741105163 46850 0
1741105165 46919 0
1741105167 46954 0
1741105169 46852 0
1741105171 46767 0
1741105173 46918 0
1741105175 46948 0
1741105177 46956 0
1741105179 47014 0
1741105181 47035 0
1741105183 46897 0
1741105185 46762 0
1741105187 46785 0
1741105189 46794 0
1741105191 46973 0
1741105193 47059 0
1741105195 47493 0
1741105197 47872 0
1741105199 48185 0
1741105202 48380 0
1741105204 48444 0
1741105206 48453 0
1741105208 48597 0
1741105210 48599 0
1741105212 48472 0
1741105214 47935 0
1741105216 47563 0
1741105218 47289 0
1741105220 47155 0
1741105222 46981 0
1741105224 46856 0
1741105226 46735 0
1741105228 46804 0
1741105230 46763 0
1741105232 46874 0
1741105234 46994 0
1741105236 46923 0
1741105238 46971 0
1741105240 47237 0
1741105242 47163 0
1741105244 47034 0
1741105246 46966 0
1741105249 47104 0
1741105251 47226 0
1741105253 47676 0
1741105255 47923 0
1741105257 48313 0
1741105259 48422 0
1741105261 48483 0
1741105263 48419 0
1741105265 48446 0
1741105267 48526 0
1741105269 48469 0
1741105271 48229 0
1741105273 48188 0
1741105275 48105 0
1741105277 48092 0
1741105279 48037 0
1741105281 47886 0
1741105283 47509 0
1741105285 47225 0
1741105287 47204 0
1741105289 47115 0
1741105291 46883 0
1741105294 47008 0
1741105296 46751 0
1741105298 46744 0
1741105300 46823 0
1741105302 46946 0
1741105304 46851 0
1741105306 46868 0
1741105308 46774 0
1741105310 46778 0
1741105312 46789 0
1741105314 46735 0
1741105316 46831 0
1741105318 47075 0
1741105320 47115 0
1741105322 47437 0
1741105324 47942 0
1741105326 48164 0
1741105328 48730 0
1741105330 48645 0
1741105332 48537 0
1741105334 48482 0
1741105336 48418 0
1741105338 48375 0
1741105341 48266 0
1741105343 48325 0
1741105345 48183 0
1741105347 48238 0
1741105349 48269 0
1741105351 47991 0
1741105353 47522 0
1741105355 47290 0
1741105357 47062 0
1741105359 47112 0
1741105361 47206 0
1741105363 47038 0
1741105365 46753 0
1741105367 46864 0
1741105369 46839 0
1741105371 46823 0
1741105373 46879 0
1741105375 46860 0
1741105377 46826 0
1741105379 46770 0
1741105381 46788 0
1741105383 46755 0
1741105385 46751 0
1741105388 46928 0
1741105390 47043 0
1741105392 47014 0
1741105394 46953 0
1741105396 46911 0
1741105398 46986 0
1741105400 47199 0
1741105402 47471 0
1741105404 47983 0
1741105406 48254 0
1741105408 48478 0
1741105410 48395 0
1741105412 48342 0
1741105414 48455 0
1741105416 48371 0
1741105418 48286 0
1741105420 47950 0
1741105422 47498 0
1741105424 47226 0
1741105426 46930 0
1741105428 46945 0
1741105430 46906 0
1741105432 46911 0
1741105435 46841 0
1741105437 46855 0
1741105439 46794 0
1741105441 46836 0
1741105443 46767 0
1741105445 46702 0
1741105447 46848 0
1741105449 46896 0
1741105451 46862 0
1741105453 46770 0
1741105455 46796 0
1741105457 46830 0
1741105459 46814 0
1741105461 46861 0
1741105463 46931 0
1741105465 46948 0
1741105467 47156 0
1741105469 47335 0
1741105471 47605 0
1741105473 48106 0
1741105475 48339 0
1741105477 48597 0
1741105480 48850 0
1741105482 48932 0
1741105484 48686 0
1741105486 48525 0
1741105488 48187 0
1741105490 47661 0
1741105492 47228 0
1741105494 47163 0
1741105496 47068 0
1741105498 46984 0
1741105500 46831 0
1741105502 46926 0
1741105504 46939 0
1741105506 46883 0
1741105508 46901 0
1741105510 46887 0
1741105512 46811 0
1741105514 46783 0
1741105516 46842 0
1741105518 46911 0
1741105520 46894 0
1741105522 46739 0
1741105524 46812 0
1741105527 47103 0
1741105529 47540 0
1741105531 48012 0
1741105533 48364 0
1741105535 48568 0
1741105537 48574 0
1741105539 48514 0
1741105541 48743 0
1741105543 48535 0
1741105545 48372 0
1741105547 48330 0
1741105549 48423 0
1741105551 48312 0
1741105553 48175 0
1741105555 48161 0
1741105557 47723 0
1741105559 47387 0
1741105561 47154 0
1741105563 46918 0
1741105565 46728 0
1741105567 46746 0
1741105569 46955 0
1741105572 46905 0
1741105574 46929 0
1741105576 46878 0
1741105578 46813 0
1741105580 46911 0
1741105582 47008 0
1741105584 46930 0
1741105586 46834 0
1741105588 47046 0
1741105590 46982 0
1741105592 47003 0
1741105594 47275 0
1741105596 47611 0
1741105598 48070 0
1741105600 48616 0
1741105602 48658 0
1741105604 48684 0
1741105606 48545 0
1741105608 48529 0
1741105610 48398 0
1741105612 48250 0
1741105614 48217 0
1741105616 48139 0
1741105619 48236 0
1741105621 48290 0
1741105623 48126 0
1741105625 48118 0
1741105627 47893 0
1741105629 47852 0
1741105631 47538 0
1741105633 47139 0
1741105635 47005 0
1741105637 47005 0
1741105639 47137 0
1741105641 46979 0
1741105643 47017 0
1741105645 46961 0
1741105647 47036 0
1741105649 46987 0
1741105651 47015 0
1741105653 47009 0
1741105655 46967 0
1741105657 46913 0
1741105659 47004 0
1741105661 47133 0
1741105663 47122 0
1741105666 47129 0
1741105668 47147 0
1741105670 47222 0
1741105672 47229 0
1741105674 47312 0
1741105676 47674 0
1741105678 48012 0
1741105680 48320 0
1741105682 48398 0
1741105684 48497 0
1741105686 48522 0
1741105688 48693 0
1741105690 48567 0
1741105692 48440 0
1741105694 48074 0
1741105696 47804 0
1741105698 47346 0
1741105700 47274 0
1741105702 47128 0
1741105704 47132 0
1741105706 47011 0
1741105708 46900 0
1741105711 46862 0
1741105713 46941 0
1741105715 46942 0
1741105717 46909 0
1741105719 46959 0
1741105721 47182 0
1741105723 47023 0
1741105725 46987 0
1741105727 47069 0
1741105729 46988 0
1741105731 47024 0
1741105733 46965 0
1741105735 47010 0
1741105737 46927 0
1741105739 46863 0
1741105741 46948 0
1741105743 47202 0
1741105745 47563 0
1741105747 48183 0
1741105749 48514 0
1741105751 48638 0
1741105753 48606 0
1741105755 48792 0
1741105758 48774 0
1741105760 48598 0
1741105762 48484 0
1741105764 47850 0
1741105766 47495 0
1741105768 47372 0
1741105770 47323 0
1741105772 47268 0
1741105774 47228 0
1741105776 47069 0
1741105778 47252 0
1741105780 47541 0
1741105782 47559 0
1741105784 47253 0
1741105786 47232 0
1741105788 47130 0
1741105790 47185 0
1741105792 47142 0
1741105794 47274 0
1741105796 47195 0
1741105798 47333 0
1741105800 47715 0
1741105802 48053 0
1741105805 48316 0
1741105807 48638 0
1741105809 48963 0
1741105811 48886 0
1741105813 48818 0
1741105815 48880 0
1741105817 48774 0
1741105819 48856 0
1741105821 48955 0
1741105823 48889 0
1741105825 48837 0
1741105827 48800 0
1741105829 48777 0
1741105831 48761 0
1741105833 48425 0
1741105835 48074 0
1741105837 47936 0
1741105839 47975 0
1741105841 47991 0
1741105843 47790 0
1741105845 47561 0
1741105847 47250 0
1741105850 47282 0
1741105852 47165 0
1741105854 47067 0
1741105856 47189 0
1741105858 47151 0
1741105860 47099 0
1741105862 47059 0
1741105864 47519 0
1741105866 47402 0
1741105868 47760 0
1741105870 48100 0
1741105872 48306 0
1741105874 48476 0
1741105876 48671 0
1741105878 48780 0
1741105880 48786 0
1741105882 48761 0
1741105884 48766 0
1741105886 48688 0
1741105888 48614 0
1741105890 48512 0
1741105892 48472 0
1741105894 48455 0
1741105897 48503 0
1741105899 48485 0
1741105901 48391 0
1741105903 47940 0
1741105905 47703 0
1741105907 47786 0
1741105909 47477 0
1741105911 47381 0
1741105913 47358 0
1741105915 47284 0
1741105917 47026 0
1741105919 47011 0
1741105921 47064 0
1741105923 46969 0
1741105925 46961 0
1741105927 46895 0
1741105929 46978 0
1741105931 46873 0
1741105933 46883 0
1741105935 46921 0
1741105937 47037 0
1741105939 47069 0
1741105942 46965 0
1741105944 46962 0
1741105946 47047 0
1741105948 47166 0
1741105950 47399 0
1741105952 47797 0
1741105954 48207 0
1741105956 48582 0
1741105958 48637 0
1741105960 48925 0
1741105962 48837 0
1741105964 48779 0
1741105966 48523 0
1741105968 48369 0
1741105970 47813 0
1741105972 47365 0
1741105974 47097 0
1741105976 47001 0
1741105978 46955 0
1741105980 46958 0
1741105982 46926 0
1741105984 46815 0
1741105986 46828 0
1741105989 47106 0
1741105991 47082 0
1741105993 47076 0
1741105995 46919 0
1741105997 46790 0
1741105999 46831 0
1741106001 46780 0
1741106003 46785 0
1741106005 46749 0
1741106007 46850 0
1741106009 46889 0
1741106011 46881 0
1741106013 46923 0
1741106015 46974 0
1741106017 47092 0
1741106019 47482 0
1741106021 48143 0
1741106023 48427 0
1741106025 48551 0
1741106027 48522 0
1741106029 48512 0
1741106031 48520 0
1741106034 48488 0
1741106036 48441 0
1741106038 48227 0
1741106040 47706 0
1741106042 47359 0
1741106044 47046 0
1741106046 47012 0
1741106048 46976 0
1741106050 46827 0
1741106052 46853 0
1741106054 46793 0
1741106056 46764 0
1741106058 46723 0
1741106060 46670 0
1741106062 46676 0
1741106064 46626 0
1741106066 46727 0
1741106068 46711 0
1741106070 46613 0
1741106072 46693 0
1741106074 46900 0
1741106076 47048 0
1741106078 47436 0
1741106081 48134 0
1741106083 48296 0
1741106085 48371 0
1741106087 48383 0
1741106089 48388 0
1741106091 48309 0
1741106093 48201 0
1741106095 48175 0
1741106097 48222 0
1741106099 48109 0
1741106101 48098 0
1741106103 48206 0
1741106105 48106 0
1741106107 47850 0
1741106109 47543 0
1741106111 47124 0
1741106113 46895 0
1741106115 46692 0
1741106117 46607 0
1741106119 46663 0
1741106121 46744 0
1741106123 46850 0
1741106125 46801 0
1741106128 46837 0
1741106130 46886 0
1741106132 46866 0
1741106134 46999 0
1741106136 46977 0
1741106138 46914 0
1741106140 47129 0
1741106142 47450 0
1741106144 47566 0
1741106146 47691 0
1741106148 48031 0
1741106150 48344 0
1741106152 48490 0
1741106154 48530 0
1741106156 48435 0
1741106158 48334 0
1741106160 48182 0
1741106162 47995 0
1741106164 48026 0
1741106166 47923 0
1741106168 48072 0
1741106170 48137 0
1741106173 47938 0
1741106175 47956 0
1741106177 47546 0
1741106179 47139 0
1741106181 46928 0
1741106183 46875 0
1741106185 46815 0
1741106187 46843 0
1741106189 46678 0
1741106191 46627 0
1741106193 46651 0
1741106195 46748 0
1741106197 46653 0
1741106199 46832 0
1741106201 47140 0
1741106203 46996 0
1741106205 47132 0
1741106207 47100 0
1741106209 46937 0
1741106211 46915 0
1741106213 46832 0
1741106215 46718 0
1741106217 46589 0
1741106220 46425 0
1741106222 46550 0
1741106224 46615 0
1741106226 46880 0
1741106228 47528 0
1741106230 47997 0
1741106232 48276 0
1741106234 48335 0
1741106236 48351 0
1741106238 48335 0
1741106240 48201 0
1741106242 48222 0
1741106244 47956 0
1741106246 47484 0
1741106248 47242 0
1741106250 47026 0
1741106252 46771 0
1741106254 46715 0
1741106256 46693 0
1741106258 46613 0
1741106260 46903 0
1741106262 46767 0
1741106264 46725 0
1741106267 46605 0
1741106269 46523 0
1741106271 46533 0
1741106273 46541 0
1741106275 46665 0
1741106277 46719 0
1741106279 46751 0
1741106281 46610 0
1741106283 46674 0
1741106285 46781 0
1741106287 46868 0
1741106289 46918 0
1741106291 47222 0
1741106293 47338 0
1741106295 47784 0
1741106297 48211 0
1741106299 48429 0
1741106301 48595 0
1741106303 48530 0
1741106305 48513 0
1741106307 48580 0
1741106309 48441 0
1741106311 48418 0
1741106314 48033 0
1741106316 47587 0
1741106318 47317 0
1741106320 47109 0
1741106322 47074 0
1741106324 46990 0
1741106326 46888 0
1741106328 46831 0
1741106330 46829 0
1741106332 46906 0
1741106334 46930 0
1741106336 46891 0
1741106338 46883 0
1741106340 46985 0
1741106342 46906 0
1741106344 46915 0
1741106346 47102 0
1741106348 47434 0
1741106350 47510 0
1741106352 47762 0
1741106354 48073 0
1741106356 48400 0
1741106358 48390 0
1741106361 48470 0
1741106363 48472 0
1741106365 48420 0
1741106367 48346 0
1741106369 48328 0
1741106371 48485 0
1741106373 48621 0
1741106375 48488 0
1741106377 48835 0
1741106379 49225 0
1741106381 49355 0
1741106383 48396 0
1741106385 47851 0
1741106387 47432 0
1741106389 47218 0
1741106391 47070 0
1741106393 46918 0
1741106395 46929 0
1741106397 46805 0
1741106399 46821 0
1741106401 46780 0
1741106403 46770 0
1741106406 46846 0
1741106408 46933 0
1741106410 46996 0
1741106412 46923 0
1741106414 46907 0
1741106416 46968 0
1741106418 46910 0
1741106420 47149 0
1741106422 47549 0
1741106424 47923 0
1741106426 48188 0
1741106428 48507 0
1741106430 48604 0
1741106432 48457 0
1741106434 48474 0
1741106436 48305 0
1741106438 48138 0
1741106440 48378 0
1741106442 48394 0
1741106444 48219 0
1741106446 48206 0
1741106448 48257 0
1741106450 47838 0
1741106453 47467 0
1741106455 47281 0
1741106457 46969 0
1741106459 46834 0
1741106461 46626 0
1741106463 46618 0
1741106465 46753 0
1741106467 46901 0
1741106469 46972 0
1741106471 46874 0
1741106473 46772 0
1741106475 46710 0
1741106477 46640 0
1741106479 46632 0
1741106481 46594 0
1741106483 46612 0
1741106485 46591 0
1741106487 46748 0
1741106489 46752 0
1741106491 46768 0
1741106493 46772 0
1741106495 46839 0
1741106498 46909 0
1741106500 47052 0
1741106502 47558 0
1741106504 47821 0
1741106506 48150 0
1741106508 48336 0
1741106510 48427 0
1741106512 48563 0
1741106514 48464 0
1741106516 48223 0
1741106518 48154 0
1741106520 47668 0
1741106522 47181 0
1741106524 46922 0
1741106526 46941 0
1741106528 47038 0
1741106530 46932 0
1741106532 46872 0
1741106534 46766 0
1741106536 46822 0
1741106538 46700 0
1741106540 46634 0
1741106542 46484 0
1741106545 46545 0
1741106547 46601 0
1741106549 46587 0
1741106551 46547 0
1741106553 46715 0
1741106555 46745 0
1741106557 46644 0
1741106559 46597 0
1741106561 46920 0
1741106563 46808 0
1741106565 46937 0
1741106567 47098 0
1741106569 47259 0
1741106571 47704 0
1741106573 47992 0
1741106575 48235 0
1741106577 48318 0
1741106579 48404 0
1741106581 48446 0
1741106583 48499 0
1741106585 48326 0
1741106587 48285 0
1741106589 47739 0
1741106592 47408 0
1741106594 46998 0
1741106596 46910 0
1741106598 46811 0
1741106600 46784 0
1741106602 46824 0
1741106604 46829 0
1741106606 46926 0
1741106608 46875 0
1741106610 46787 0
1741106612 46740 0
1741106614 46789 0
1741106616 46686 0
1741106618 46598 0
1741106620 46890 0
1741106622 46882 0
1741106624 46854 0
1741106626 47032 0
1741106628 47168 0
1741106630 47639 0
1741106632 48146 0
1741106634 48412 0
1741106636 48414 0
1741106639 48291 0
1741106641 48304 0
1741106643 48149 0
1741106645 48064 0
1741106647 48264 0
1741106649 48234 0
1741106651 48162 0
1741106653 48102 0
1741106655 48142 0
1741106657 47819 0
1741106659 47354 0
1741106661 47183 0
1741106663 47086 0
1741106665 46947 0
1741106667 46981 0
1741106669 46807 0
1741106671 46769 0
1741106673 46852 0
1741106675 46749 0
1741106677 46759 0
1741106679 46966 0
1741106681 47178 0
1741106684 47012 0
1741106686 46924 0
1741106688 46815 0
1741106690 46802 0
1741106692 46776 0
1741106694 46937 0
1741106696 47160 0
1741106698 47470 0
1741106700 47902 0
1741106702 48278 0
1741106704 48364 0
1741106706 48361 0
1741106708 48656 0
1741106710 48570 0
1741106712 48509 0
1741106714 48374 0
1741106716 48269 0
1741106718 48133 0
1741106720 48080 0
1741106722 48034 0
1741106724 47997 0
1741106726 47688 0
1741106729 47269 0
1741106731 47020 0
1741106733 46785 0
1741106735 46739 0
1741106737 46607 0
1741106739 46654 0
1741106741 46882 0
1741106743 46739 0
1741106745 46521 0
1741106747 46575 0
1741106749 46595 0
1741106751 46686 0
1741106753 46655 0
1741106755 46640 0
1741106757 46709 0
1741106759 46698 0
1741106761 46655 0
1741106763 46678 0
1741106765 46611 0
1741106767 46618 0
1741106769 46647 0
1741106771 46713 0
1741106773 46718 0
1741106776 46930 0
1741106778 47272 0
1741106780 47623 0
1741106782 48088 0
1741106784 48301 0
1741106786 48349 0
1741106788 48463 0
1741106790 48318 0
1741106792 48097 0
1741106794 48095 0
1741106796 47555 0
1741106798 47226 0
1741106800 47293 0
1741106802 47027 0
1741106804 46892 0
1741106806 46699 0
1741106808 46686 0
1741106810 46637 0
1741106812 46605 0
1741106814 46566 0
1741106816 46504 0
1741106818 46581 0
1741106821 46711 0
1741106823 46712 0
1741106825 46635 0
1741106827 46787 0
1741106829 47036 0
1741106831 46948 0
1741106833 46820 0
1741106835 46925 0
1741106837 46821 0
1741106839 46771 0
1741106841 46842 0
1741106843 47033 0
1741106845 47382 0
1741106847 47832 0
1741106849 48161 0
1741106851 48347 0
1741106853 48381 0
1741106855 48317 0
1741106857 48327 0
1741106859 48307 0
1741106861 48432 0
1741106863 47938 0
1741106865 47494 0
1741106868 47103 0
1741106870 46996 0
1741106872 46668 0
1741106874 46663 0
1741106876 46741 0
1741106878 46725 0
1741106880 46657 0
1741106882 46641 0
1741106884 46832 0
1741106886 46872 0
1741106888 46790 0
1741106890 46905 0
1741106892 46806 0
1741106894 46725 0
1741106896 46638 0
1741106898 46680 0
1741106900 46684 0
1741106902 46929 0
1741106904 47255 0
1741106906 47683 0
1741106908 47978 0
1741106910 48090 0
1741106912 48229 0
1741106915 48334 0
1741106917 48331 0
1741106919 48250 0
1741106921 48456 0
1741106923 48262 0
1741106925 48114 0
1741106927 48060 0
1741106929 48005 0
1741106931 47979 0
1741106933 47461 0
1741106935 47199 0
1741106937 46930 0
1741106939 46800 0
1741106941 46785 0
1741106943 46689 0
1741106945 46693 0
1741106947 46817 0
1741106949 46734 0
1741106951 46727 0
1741106953 46568 0
1741106955 46552 0
1741106957 46628 0
1741106960 46655 0
1741106962 46707 0
1741106964 46682 0
1741106966 46763 0
1741106968 46884 0
1741106970 47005 0
1741106972 47159 0
1741106974 47565 0
1741106976 47997 0
1741106978 48620 0
1741106980 49367 0
1741106982 49488 0
1741106984 49044 0
1741106986 48553 0
1741106988 48336 0
1741106990 48249 0
1741106992 48278 0
1741106994 48231 0
1741106996 48042 0
1741106998 48087 0
1741107000 47723 0
1741107002 47258 0
1741107004 46946 0
1741107007 46777 0
1741107009 46755 0
1741107011 46720 0
1741107013 46671 0
1741107015 46634 0
1741107017 46580 0
1741107019 46738 0
1741107021 46523 0
1741107023 46642 0
1741107025 46741 0
1741107027 46857 0
1741107029 46920 0
1741107031 46819 0
1741107033 46767 0
1741107035 46662 0
1741107037 46519 0
1741107039 46525 0
1741107041 46889 0
1741107043 46941 0
1741107045 46957 0
1741107047 47091 0
1741107049 47211 0
1741107051 47475 0
1741107054 47733 0
1741107056 48071 0
1741107058 48394 0
1741107060 48531 0
1741107062 48519 0
1741107064 48428 0
1741107066 48371 0
1741107068 48465 0
1741107070 47973 0
1741107072 47446 0
1741107074 47199 0
1741107076 46966 0
1741107078 46765 0
1741107080 46717 0
1741107082 46730 0
1741107084 46676 0
1741107086 46553 0
1741107088 46700 0
1741107090 46643 0
1741107092 46718 0
1741107094 46849 0
1741107096 46799 0
1741107099 46705 0
1741107101 47015 0
1741107103 46986 0
1741107105 46699 0
1741107107 46725 0
1741107109 46745 0
1741107111 46777 0
1741107113 46788 0
1741107115 46836 0
1741107117 46841 0
1741107119 47010 0
1741107121 47251 0
1741107123 47678 0
1741107125 48139 0
1741107127 48530 0
1741107129 48456 0
1741107131 48331 0
1741107133 48325 0
1741107135 48374 0
1741107137 48169 0
1741107139 47651 0
1741107141 47422 0
1741107143 47207 0
1741107146 47004 0
1741107148 46955 0
1741107150 46761 0
1741107152 46714 0
1741107154 46819 0
1741107156 46742 0
1741107158 46870 0
1741107160 46919 0
1741107162 46941 0
1741107164 46854 0
1741107166 46894 0
1741107168 46877 0
1741107170 46930 0
1741107172 46935 0
1741107174 46950 0
1741107176 47068 0
1741107178 47352 0
1741107180 47800 0
1741107182 48179 0
1741107184 48446 0
1741107186 48466 0
1741107188 48624 0
1741107190 48526 0
1741107193 48428 0
1741107195 48281 0
1741107197 48194 0
1741107199 48009 0
1741107201 48074 0
1741107203 48139 0
1741107205 48084 0
1741107207 47899 0
1741107209 47512 0
1741107211 47210 0
1741107213 47020 0
1741107215 46965 0
1741107217 46982 0
1741107219 46912 0
1741107221 46993 0
1741107223 46913 0
1741107225 46817 0
1741107227 46838 0
1741107229 46677 0
1741107231 46695 0
1741107233 46586 0
1741107235 46660 0
1741107237 46689 0
1741107240 46836 0
1741107242 46800 0
1741107244 46847 0
1741107246 46886 0
1741107248 47357 0
1741107250 47868 0
1741107252 48176 0
1741107254 48230 0
1741107256 48315 0
1741107258 48356 0
1741107260 48361 0
1741107262 48358 0
1741107264 48217 0
1741107266 48187 0
1741107268 48213 0
1741107270 48271 0
1741107272 48117 0
1741107274 48044 0
1741107276 47445 0
1741107278 47302 0
1741107280 47412 0
1741107282 47218 0
1741107285 47236 0
1741107287 47131 0
1741107289 47086 0
1741107291 46891 0
1741107293 46819 0
1741107295 46824 0
1741107297 46731 0
1741107299 46808 0
1741107301 46705 0
1741107303 46721 0
1741107305 46657 0
1741107307 46732 0
1741107309 46735 0
1741107311 46689 0
1741107313 46702 0
1741107315 46690 0
1741107317 46752 0
1741107319 46752 0
1741107321 46630 0
1741107323 46713 0
1741107325 46652 0
1741107327 46831 0
1741107329 47310 0
1741107332 47649 0
1741107334 48068 0
1741107336 48308 0
1741107338 48379 0
1741107340 48535 0
1741107342 48599 0
1741107344 48266 0
1741107346 47622 0
1741107348 47261 0
1741107350 47109 0
1741107352 46873 0
1741107354 46825 0
1741107356 46850 0
1741107358 46891 0
1741107360 46792 0
1741107362 46647 0
1741107364 46581 0
1741107366 46622 0
1741107368 46763 0
1741107370 46846 0
1741107372 46843 0
1741107374 46830 0
1741107376 46824 0
1741107379 46777 0
1741107381 46699 0
1741107383 46772 0
1741107385 46853 0
1741107387 46922 0
1741107389 46855 0
1741107391 46746 0
1741107393 46963 0
1741107395 47122 0
1741107397 47346 0
1741107399 47662 0
1741107401 48246 0
1741107403 48305 0
1741107405 48467 0
1741107407 48571 0
1741107409 48433 0
1741107411 48336 0
1741107413 47919 0
1741107415 47442 0
1741107417 47133 0
1741107419 46922 0
1741107421 46841 0
1741107423 46786 0
1741107426 46712 0
1741107428 47004 0
1741107430 46981 0
1741107432 46927 0
1741107434 46819 0
1741107436 46823 0
1741107438 46727 0
1741107440 46757 0
1741107442 46655 0
1741107444 46687 0
1741107446 46703 0
1741107448 46769 0
1741107450 46653 0
1741107452 46621 0
1741107454 46973 0
1741107456 47203 0
1741107458 47648 0
1741107460 48305 0
1741107462 48456 0
1741107464 48432 0
1741107466 48322 0
1741107468 48255 0
1741107471 48304 0
1741107473 48276 0
1741107475 48326 0
1741107477 48269 0
1741107479 48238 0
1741107481 48200 0
1741107483 47576 0
1741107485 47205 0
1741107487 47080 0
1741107489 47002 0
1741107491 46872 0
1741107493 46899 0
1741107495 46530 0
1741107497 46609 0
1741107499 46630 0
1741107501 46629 0
1741107503 46589 0
1741107505 46538 0
1741107507 46625 0
1741107509 46558 0
1741107511 46546 0
1741107513 46730 0
1741107515 46671 0
1741107518 46730 0
1741107520 46709 0
1741107522 46967 0
1741107524 46965 0
1741107526 47276 0
1741107528 47559 0
1741107530 47981 0
1741107532 48319 0
1741107534 48284 0
1741107536 48210 0
1741107538 48194 0
1741107540 48112 0
1741107542 48148 0
1741107544 47942 0
1741107546 48000 0
1741107548 48167 0
1741107550 47975 0
1741107552 47444 0
1741107554 46999 0
1741107556 46836 0
1741107558 46718 0
1741107560 46587 0
1741107563 46541 0
1741107565 46544 0
1741107567 46709 0
1741107569 46624 0
1741107571 46597 0
1741107573 46550 0
1741107575 46520 0
1741107577 46546 0
1741107579 46633 0
1741107581 47064 0
1741107583 47001 0
1741107585 46881 0
1741107587 46741 0
1741107589 46715 0
1741107591 46728 0
1741107593 46669 0
1741107595 46522 0
1741107597 46482 0
1741107599 46556 0
1741107601 46738 0
1741107603 46940 0
1741107605 47311 0
1741107607 47699 0
1741107610 48137 0
1741107612 48345 0
1741107614 48401 0
1741107616 48368 0
1741107618 48349 0
1741107620 47923 0
1741107622 47477 0
1741107624 47064 0
1741107626 46940 0
1741107628 46947 0
1741107630 46888 0
1741107632 46734 0
1741107634 46829 0
1741107636 46721 0
1741107638 46685 0
1741107640 46872 0
1741107642 46764 0
1741107644 46731 0
1741107646 46704 0
1741107648 46628 0
1741107650 46668 0
1741107652 46628 0
1741107654 46660 0
1741107657 46641 0
1741107659 46455 0
1741107661 46467 0
1741107663 46500 0
1741107665 46534 0
1741107667 46693 0
1741107669 46892 0
1741107671 46910 0
1741107673 47106 0
1741107675 47410 0
1741107677 47697 0
1741107679 48068 0
1741107681 48103 0
1741107683 48206 0
1741107685 48335 0
1741107687 48445 0
1741107689 47681 0
1741107691 47332 0
1741107693 47181 0
1741107695 47054 0
1741107697 46839 0
1741107699 46814 0
1741107702 46772 0
1741107704 46681 0
1741107706 46703 0
1741107708 46646 0
1741107710 46592 0
1741107712 46486 0
1741107714 46414 0
1741107716 46415 0
1741107718 46435 0
1741107720 46505 0
1741107722 46554 0
1741107724 46632 0
1741107726 46649 0
1741107728 46812 0
1741107730 46871 0
1741107732 47148 0
1741107734 47460 0
1741107736 47899 0
1741107738 47980 0
1741107740 48070 0
1741107742 48138 0
1741107744 48129 0
1741107746 48171 0
1741107749 48051 0
1741107751 48037 0
1741107753 48054 0
1741107755 48129 0
1741107757 47741 0
1741107759 47363 0
1741107761 47184 0
1741107763 46950 0
1741107765 46922 0
1741107767 46779 0
1741107769 46702 0
1741107771 46638 0
1741107773 46690 0
1741107775 46626 0
1741107777 46602 0
1741107779 46534 0
1741107781 46561 0
1741107783 46561 0
1741107785 46597 0
1741107787 46642 0
1741107789 46718 0
1741107791 46922 0
1741107793 46853 0
1741107796 46889 0
1741107798 47061 0
1741107800 47302 0
1741107802 47628 0
1741107804 48026 0
1741107806 48251 0
1741107808 48443 0
1741107810 48485 0
1741107812 48388 0
1741107814 48309 0
1741107816 48164 0
1741107818 48074 0
1741107820 48210 0
1741107822 48311 0
1741107824 48195 0
1741107826 47624 0
1741107828 47178 0
1741107830 46952 0
1741107832 46790 0
1741107834 46719 0
1741107836 46593 0
1741107838 46631 0
1741107841 46608 0
1741107843 46592 0
1741107845 46614 0
1741107847 46612 0
1741107849 46713 0
1741107851 46646 0
1741107853 46608 0
1741107855 46598 0
1741107857 46614 0
1741107859 46681 0
1741107861 46753 0
1741107863 46724 0
1741107865 46647 0
1741107867 46740 0
1741107869 46717 0
1741107871 46649 0
1741107873 46772 0
1741107875 46893 0
1741107877 46960 0
1741107879 47415 0
1741107881 48122 0
1741107883 48473 0
1741107885 48547 0
1741107888 48535 0
1741107890 48486 0
1741107892 48387 0
1741107894 48273 0
1741107896 47735 0
1741107898 47437 0
1741107900 47106 0
1741107902 46851 0
1741107904 46706 0
1741107906 46698 0
1741107908 46715 0
1741107910 46726 0
1741107912 46719 0
1741107914 46696 0
1741107916 46652 0
1741107918 46644 0
1741107920 46554 0
1741107922 46486 0
1741107924 46524 0
1741107926 46593 0
1741107928 46552 0
1741107930 46565 0
1741107932 46626 0
1741107935 46804 0
1741107937 46690 0
1741107939 46639 0
1741107941 46966 0
1741107943 47039 0
1741107945 47090 0
1741107947 47289 0
1741107949 47431 0
1741107951 47707 0
1741107953 48130 0
1741107955 48282 0
1741107957 48345 0
1741107959 48297 0
1741107961 48297 0
1741107963 47953 0
1741107965 47577 0
1741107967 47466 0
1741107969 47415 0
1741107971 47309 0
1741107973 47075 0
1741107975 46893 0
1741107977 46836 0
1741107979 46688 0
1741107982 46793 0
1741107984 46755 0
1741107986 46626 0
1741107988 46793 0
1741107990 46748 0
1741107992 46736 0
1741107994 46699 0
1741107996 46707 0
1741107998 46614 0
1741108000 46947 0
1741108002 47097 0
1741108004 47075 0
1741108006 47248 0
1741108008 47753 0
1741108010 48128 0
1741108012 48380 0
1741108014 48418 0
1741108016 48464 0
1741108018 48289 0
1741108020 48283 0
1741108022 48250 0
1741108025 48271 0
1741108027 48300 0
1741108029 48360 0
1741108031 48215 0
1741108033 47714 0
1741108035 47351 0
1741108037 47089 0
1741108039 46969 0
1741108041 46835 0
1741108043 46696 0
1741108045 46812 0
1741108047 46807 0
1741108049 46699 0
1741108051 46676 0
1741108053 46697 0
1741108055 46674 0
1741108057 46610 0
1741108059 46768 0
1741108061 46907 0
1741108063 46788 0
1741108065 46697 0
1741108067 46645 0
1741108069 46566 0
1741108072 46658 0
1741108074 46694 0
1741108076 47009 0
1741108078 47393 0
1741108080 47785 0
1741108082 48171 0
1741108084 48220 0
1741108086 48397 0
1741108088 48505 0
1741108090 48515 0
1741108092 48395 0
1741108094 48140 0
1741108096 48194 0
1741108098 48032 0
1741108100 47927 0
1741108102 47683 0
1741108104 47266 0
1741108106 47301 0
1741108108 47149 0
1741108110 47001 0
1741108112 46988 0
1741108114 46839 0
1741108116 46848 0
1741108119 46926 0
1741108121 47029 0
1741108123 46903 0
1741108125 46835 0
1741108127 46771 0
1741108129 46702 0
1741108131 46640 0
1741108133 46628 0
1741108135 46575 0
1741108137 46610 0
1741108139 46567 0
1741108141 46436 0
1741108143 46379 0
1741108145 46417 0
1741108147 46647 0
1741108149 46734 0
1741108151 46756 0
1741108153 46964 0
1741108155 47226 0
1741108157 47414 0
1741108159 47853 0
1741108161 48229 0
1741108163 48352 0
1741108166 48377 0
1741108168 48414 0
1741108170 48127 0
1741108172 47423 0
1741108174 47117 0
1741108176 46862 0
1741108178 46846 0
1741108180 47272 0
1741108182 47450 0
1741108184 47263 0
1741108186 46948 0
1741108188 46871 0
1741108190 46753 0
1741108192 46662 0
1741108194 46681 0
1741108196 46607 0
1741108198 46586 0
1741108200 46480 0
1741108202 46501 0
1741108204 46418 0
1741108206 46543 0
1741108208 46804 0
1741108210 46690 0
1741108213 46668 0
1741108215 46554 0
1741108217 46556 0
1741108219 46717 0
1741108221 46846 0
1741108223 47067 0
1741108225 47295 0
1741108227 47787 0
1741108229 48040 0
1741108231 48132 0
1741108233 48233 0
1741108235 48158 0
1741108237 48201 0
1741108239 47862 0
1741108241 47870 0
1741108243 47284 0
1741108245 46993 0
1741108247 46897 0
1741108249 46825 0
1741108251 46732 0
1741108253 46725 0
1741108255 46668 0
1741108257 46812 0
1741108260 46666 0
1741108262 46662 0
1741108264 46660 0
1741108266 46626 0
1741108268 46715 0
1741108270 46632 0
1741108272 46653 0
1741108274 46622 0
1741108276 46664 0
1741108278 46709 0
1741108280 46852 0
1741108282 47028 0
1741108284 47361 0
1741108286 47786 0
1741108288 48141 0
1741108290 48255 0
1741108292 48281 0
1741108294 48283 0
1741108296 48241 0
1741108298 48053 0
1741108300 48204 0
1741108302 48156 0
1741108305 47991 0
1741108307 47678 0
1741108309 47424 0
1741108311 47088 0
1741108313 46761 0
1741108315 46785 0
1741108317 46779 0
1741108319 46673 0
1741108321 46455 0
1741108323 46524 0
1741108325 46547 0
1741108327 46701 0
1741108329 46745 0
1741108331 46573 0
1741108333 46567 0
1741108335 46628 0
1741108337 46603 0
1741108339 46468 0
1741108341 46466 0
1741108343 46491 0
1741108345 46426 0
1741108347 46583 0
1741108349 46707 0
1741108352 46884 0
1741108354 47230 0
1741108356 47583 0
1741108358 47989 0
1741108360 48215 0
1741108362 48306 0
1741108364 48230 0
1741108366 48009 0
1741108368 48046 0
1741108370 48049 0
1741108372 47968 0
1741108374 47927 0
1741108376 47648 0
1741108378 47120 0
1741108380 46903 0
1741108382 46734 0
1741108384 46581 0
1741108386 46547 0
1741108388 46704 0
1741108390 46668 0
1741108392 46570 0
1741108394 46565 0
1741108397 46501 0
1741108399 46564 0
1741108401 46658 0
1741108403 46670 0
1741108405 46760 0
1741108407 46793 0
1741108409 46569 0
1741108411 46564 0
1741108413 46620 0
1741108415 46625 0
1741108417 46539 0
1741108419 46604 0
1741108421 46738 0
1741108423 46718 0
1741108425 46705 0
1741108427 46720 0
1741108429 46846 0
1741108431 47129 0
1741108433 47376 0
1741108435 47826 0
1741108437 48161 0
1741108439 48177 0
1741108441 48223 0
1741108444 48144 0
1741108446 47212 0
1741108448 47149 0
1741108450 47079 0
1741108452 46794 0
1741108454 46622 0
1741108456 46514 0
1741108458 46414 0
1741108460 46353 0
1741108462 46338 0
1741108464 46320 0
1741108466 46461 0
1741108468 46456 0
1741108470 46495 0
1741108472 46496 0
1741108474 46530 0
1741108476 46496 0
1741108478 46576 0
1741108480 47003 0
1741108482 46940 0
1741108484 46730 0
1741108486 46577 0
1741108488 46421 0
1741108491 46467 0
1741108493 46510 0
1741108495 46503 0
1741108497 46662 0
1741108499 46818 0
1741108501 46950 0
1741108503 47471 0
1741108505 47835 0
1741108507 48134 0
1741108509 48285 0
1741108511 48291 0
1741108513 47733 0
1741108515 47295 0
1741108517 46999 0
1741108519 46852 0
1741108521 46610 0
1741108523 46498 0
1741108525 46491 0
1741108527 46542 0
1741108529 46504 0
1741108531 46454 0
1741108533 46466 0
1741108536 46546 0
1741108538 46572 0
1741108540 46699 0
1741108542 46996 0
1741108544 46844 0
1741108546 46695 0
1741108548 46554 0
1741108550 46629 0
1741108552 46748 0
1741108554 46809 0
1741108556 46826 0
1741108558 47071 0
1741108560 47388 0
1741108562 47827 0
1741108564 48024 0
1741108566 48103 0
1741108568 48243 0
1741108570 48189 0
1741108572 48053 0
1741108574 48085 0
1741108576 48066 0
1741108578 47881 0
1741108580 47871 0
1741108583 47460 0
1741108585 47017 0
1741108587 46866 0
1741108589 46602 0
1741108591 46343 0
1741108593 46370 0
1741108595 46399 0
1741108597 46395 0
1741108599 46482 0
1741108601 46620 0
1741108603 46408 0
1741108605 46375 0
1741108607 46282 0
1741108609 46348 0
1741108611 46330 0
1741108613 46323 0
1741108615 46396 0
1741108617 46379 0
1741108619 46269 0
1741108621 46271 0
1741108623 46367 0
1741108625 46421 0
1741108627 46955 0
1741108630 47546 0
1741108632 47850 0
1741108634 47942 0
1741108636 48097 0
1741108638 48177 0
1741108640 48108 0
1741108642 47884 0
1741108644 47793 0
1741108646 47906 0
1741108648 47940 0
1741108650 47667 0
1741108652 47106 0
1741108654 46832 0
1741108656 46565 0
1741108658 46618 0
1741108660 46737 0
1741108662 46652 0
1741108664 46535 0
1741108666 46531 0
1741108668 46437 0
1741108670 46404 0
1741108672 46484 0
1741108675 46439 0
1741108677 46523 0
1741108679 46429 0
1741108681 46486 0
1741108683 46317 0
1741108685 46273 0
1741108687 46472 0
1741108689 46505 0
1741108691 46713 0
1741108693 46475 0
1741108695 46573 0
1741108697 46832 0
1741108699 46693 0
1741108701 46595 0
1741108703 46680 0
1741108705 46755 0
1741108707 47227 0
1741108709 47446 0
1741108711 47739 0
1741108713 48139 0
1741108715 48130 0
1741108717 48173 0
1741108719 47846 0
1741108722 47487 0
1741108724 47017 0
1741108726 46807 0
1741108728 46612 0
1741108730 46491 0
1741108732 46366 0
1741108734 46487 0
1741108736 46467 0
1741108738 46382 0
1741108740 46364 0
1741108742 46336 0
1741108744 46416 0
1741108746 46492 0
1741108748 46587 0
1741108750 46434 0
1741108752 46348 0
1741108754 46401 0
1741108756 46459 0
1741108758 46447 0
1741108760 46436 0
1741108762 46458 0
1741108764 46484 0
1741108766 46459 0
1741108769 46471 0
1741108771 46605 0
1741108773 46822 0
1741108775 47074 0
1741108777 47463 0
1741108779 48570 0
1741108781 49937 0
1741108783 49953 0
1741108785 49253 0
1741108787 48831 0
1741108789 48066 0
1741108791 47483 0
1741108793 47072 0
1741108795 46960 0
1741108797 46832 0
1741108799 46751 0
1741108801 46669 0
1741108803 46768 0
1741108805 46628 0
1741108807 46661 0
1741108809 46629 0
1741108811 46432 0
1741108814 46498 0
1741108816 46493 0
1741108818 46444 0
1741108820 46470 0
1741108822 46457 0
1741108824 46523 0
1741108826 46458 0
1741108828 46603 0
1741108830 46727 0
1741108832 46864 0
1741108834 47264 0
1741108836 47625 0
1741108838 47948 0
1741108840 48158 0
1741108842 48276 0
1741108844 48212 0
1741108846 48220 0
1741108848 48129 0
1741108850 47930 0
1741108852 47963 0
1741108854 47917 0
1741108856 47660 0
1741108858 47142 0
1741108861 46844 0
1741108863 46820 0
1741108865 46719 0
1741108867 46693 0
1741108869 46775 0
1741108871 46641 0
1741108873 46490 0
1741108875 46458 0
1741108877 46478 0
1741108879 46500 0
1741108881 46433 0
1741108883 46268 0
1741108885 46280 0
1741108887 46314 0
1741108889 46306 0
1741108891 46248 0
1741108893 46315 0
1741108895 46333 0
1741108897 46424 0
1741108899 46516 0
1741108901 47002 0
1741108903 47284 0
1741108905 47583 0
1741108908 47843 0
1741108910 48023 0
1741108912 48015 0
1741108914 48029 0
1741108916 47916 0
1741108918 47736 0
1741108920 47631 0
1741108922 47627 0
1741108924 47670 0
1741108926 47245 0
1741108928 46973 0
1741108930 46839 0
1741108932 46616 0
1741108934 46490 0
1741108936 46368 0
1741108938 46432 0
1741108940 46413 0
1741108942 46288 0
1741108944 46287 0
1741108946 46295 0
1741108948 46352 0
1741108950 46322 0
1741108952 46305 0
1741108955 46415 0
1741108957 46329 0
1741108959 46318 0
1741108961 46530 0
1741108963 46501 0
1741108965 46381 0
1741108967 46396 0
1741108969 46352 0
1741108971 46428 0
1741108973 46503 0
1741108975 46470 0
1741108977 46534 0
1741108979 46674 0
1741108981 46900 0
1741108983 47124 0
1741108985 47570 0
1741108987 47929 0
1741108989 48034 0
1741108991 48218 0
1741108993 48295 0
1741108995 47677 0
1741108997 47198 0
1741109000 46824 0
1741109002 46630 0
1741109004 46509 0
1741109006 46422 0
1741109008 46395 0
1741109010 46276 0
1741109012 46286 0
1741109014 46428 0
1741109016 46367 0
1741109018 46339 0
1741109020 46638 0
1741109022 46593 0
1741109024 46475 0
1741109026 46480 0
1741109028 46410 0
1741109030 46393 0
1741109032 46449 0
1741109034 46465 0
1741109036 46463 0
1741109038 46495 0
1741109040 46509 0
1741109042 46465 0
1741109044 46357 0
1741109047 46536 0
1741109049 46567 0
1741109051 46525 0
1741109053 46646 0
1741109055 46942 0
1741109057 47329 0
1741109059 47622 0
1741109061 47989 0
1741109063 47916 0
1741109065 47408 0
1741109067 47049 0
1741109069 46671 0
1741109071 46581 0
1741109073 46519 0
1741109075 46346 0
1741109077 46283 0
1741109079 46342 0
1741109081 46647 0
1741109083 46645 0
1741109085 46479 0
1741109087 46394 0
1741109089 46363 0
1741109091 46364 0
1741109094 46384 0
1741109096 46491 0
1741109098 46370 0
1741109100 46359 0
1741109102 46401 0
1741109104 46635 0
1741109106 46787 0
1741109108 47037 0
1741109110 47367 0
1741109112 47571 0
1741109114 47970 0
1741109116 48087 0
1741109118 48053 0
1741109120 48063 0
1741109122 47947 0
1741109124 47897 0
1741109126 47953 0
1741109128 47901 0
1741109130 47749 0
1741109132 47443 0
1741109134 47125 0
1741109136 46833 0
1741109139 46609 0
1741109141 46635 0
1741109143 46546 0
1741109145 46381 0
1741109147 46360 0
1741109149 46357 0
1741109151 46424 0
1741109153 46374 0
1741109155 46403 0
1741109157 46374 0
1741109159 46301 0
1741109161 46352 0
1741109163 46346 0
1741109165 46390 0
1741109167 46381 0
1741109169 46439 0
1741109171 46419 0
1741109173 46509 0
1741109175 46623 0
1741109177 46843 0
1741109179 47300 0
1741109181 47817 0
1741109183 48018 0
1741109186 48185 0
1741109188 48086 0
1741109190 47977 0
1741109192 47875 0
1741109194 48003 0
1741109196 47907 0
1741109198 47798 0
1741109200 47832 0
1741109202 47311 0
1741109204 47426 0
1741109206 47319 0
1741109208 46917 0
1741109210 46715 0
1741109212 46564 0
1741109214 46626 0
1741109216 46650 0
1741109218 46474 0
1741109220 46354 0
1741109222 46310 0
1741109224 46264 0
1741109226 46591 0
1741109228 46818 0
1741109230 46554 0
1741109233 46311 0
1741109235 46324 0
1741109237 46335 0
1741109239 46312 0
1741109241 46332 0
1741109243 46427 0
1741109245 46295 0
1741109247 46392 0
1741109249 46292 0
1741109251 46386 0
1741109253 46531 0
1741109255 46635 0
1741109257 46672 0
1741109259 47133 0
1741109261 47651 0
1741109263 47893 0
1741109265 47983 0
1741109267 47955 0
1741109269 47705 0
1741109271 47088 0
1741109273 46843 0
1741109275 46657 0
1741109278 46463 0
1741109280 46412 0
1741109282 46483 0
1741109284 46401 0
1741109286 46435 0
1741109288 46601 0
1741109290 46640 0
1741109292 46496 0
1741109294 46423 0
1741109296 46555 0
1741109298 46411 0
1741109300 46361 0
1741109302 46409 0
1741109304 46182 0
1741109306 46478 0
1741109308 46590 0
1741109310 46455 0
1741109312 46858 0
1741109314 46857 0
1741109316 46643 0
1741109318 46508 0
1741109321 46885 0
1741109323 46990 0
1741109325 47179 0
1741109327 47596 0
1741109329 47880 0
1741109331 48009 0
1741109333 48178 0
1741109335 48129 0
1741109337 48031 0
1741109339 47345 0
1741109341 46800 0
1741109343 46556 0
1741109345 46478 0
1741109347 46460 0
1741109349 46403 0
1741109351 46710 0
1741109353 46564 0
1741109355 46421 0
1741109357 46428 0
1741109359 46464 0
1741109361 46372 0
1741109363 46312 0
1741109366 46483 0
1741109368 46528 0
1741109370 46343 0
1741109372 46457 0
1741109374 46648 0
1741109376 46586 0
1741109378 46556 0
1741109380 46910 0
1741109382 47523 0
1741109384 47671 0
1741109386 47875 0
1741109388 48071 0
1741109390 48064 0
1741109392 47954 0
1741109394 47784 0
1741109396 47743 0
1741109398 47715 0
1741109400 47641 0
1741109402 47586 0
1741109404 47568 0
1741109406 47504 0
1741109408 47161 0
1741109410 46718 0
1741109413 46568 0
1741109415 46389 0
1741109417 46283 0
1741109419 46286 0
1741109421 46332 0
1741109423 46278 0
1741109425 46268 0
1741109427 46293 0
1741109429 46358 0
1741109431 46270 0
1741109433 46195 0
1741109435 46303 0
1741109437 46323 0
1741109439 46369 0
1741109441 46593 0
1741109443 46356 0
1741109445 46430 0
1741109447 46867 0
1741109449 47015 0
1741109451 47057 0
1741109453 47296 0
1741109455 47663 0
1741109458 47870 0
1741109460 47932 0
1741109462 47864 0
1741109464 47946 0
1741109466 47973 0
1741109468 48041 0
1741109470 47990 0
1741109472 47814 0
1741109474 47712 0
1741109476 47370 0
1741109478 46894 0
1741109480 46605 0
1741109482 46429 0
1741109484 46295 0
1741109486 46272 0
1741109488 46206 0
1741109490 46302 0
1741109492 46188 0
1741109494 46277 0
1741109496 46217 0
1741109498 46167 0
1741109500 46347 0
1741109502 46323 0
1741109505 46263 0
1741109507 46121 0
1741109509 46128 0
1741109511 46110 0
1741109513 46098 0
1741109515 46144 0
1741109517 46156 0
1741109519 46371 0
1741109521 46234 0
1741109523 46285 0
1741109525 46369 0
1741109527 46494 0
1741109529 46628 0
1741109531 46693 0
1741109533 46953 0
1741109535 47333 0
1741109537 47740 0
1741109539 47898 0
1741109541 47998 0
1741109543 47931 0
1741109545 47258 0
1741109547 46877 0
1741109550 46536 0
1741109552 46442 0
1741109554 46296 0
1741109556 46256 0
1741109558 46276 0
1741109560 46327 0
1741109562 46452 0
1741109564 46200 0
1741109566 46112 0
1741109568 46113 0
1741109570 46089 0
1741109572 46039 0
1741109574 46143 0
1741109576 46082 0
1741109578 46036 0
1741109580 46064 0
1741109582 45908 0
1741109584 46000 0
1741109586 46090 0
1741109588 46267 0
1741109590 46186 0
1741109592 46191 0
1741109595 46204 0
1741109597 46236 0
1741109599 46436 0
1741109601 46512 0
1741109603 46848 0
1741109605 46990 0
1741109607 47578 0
1741109609 47738 0
1741109611 47799 0
1741109613 47658 0
1741109615 47157 0
1741109617 46698 0
1741109619 46518 0
1741109621 46514 0
1741109623 46395 0
1741109625 46349 0
1741109627 46202 0
1741109629 46142 0
1741109631 46164 0
1741109633 46287 0
1741109635 46146 0
1741109637 46160 0
1741109639 46216 0
1741109642 46149 0
1741109644 46093 0
1741109646 46132 0
1741109648 46190 0
1741109650 46241 0
1741109652 46230 0
1741109654 46373 0
1741109656 46520 0
1741109658 46722 0
1741109660 47028 0
1741109662 47383 0
1741109664 47693 0
1741109666 47855 0
1741109668 47858 0
1741109670 47752 0
1741109672 47753 0
1741109674 47856 0
1741109676 47857 0
1741109678 47748 0
1741109680 47881 0
1741109682 47496 0
1741109684 46893 0
1741109686 46495 0
1741109689 46355 0
1741109691 46303 0
1741109693 46202 0
1741109695 46148 0
1741109697 46286 0
1741109699 46119 0
1741109701 46175 0
1741109703 46093 0
1741109705 46129 0
1741109707 46147 0
1741109709 46255 0
1741109711 46290 0
1741109713 46269 0
1741109715 46146 0
1741109717 46026 0
1741109719 46139 0
1741109721 46281 0
1741109723 46237 0
1741109725 46455 0
1741109727 46771 0
1741109729 47170 0
1741109731 47532 0
1741109733 47947 0
1741109736 47851 0
1741109738 47858 0
1741109740 47960 0
1741109742 48101 0
1741109744 47817 0
1741109746 47714 0
1741109748 47610 0
1741109750 47537 0
1741109752 47035 0
1741109754 46852 0
1741109756 46565 0
1741109758 46322 0
1741109760 46220 0
1741109762 46137 0
1741109764 46140 0
1741109766 46151 0
1741109768 46301 0
1741109770 46337 0
1741109772 46240 0
1741109774 46199 0
1741109776 46197 0
1741109778 46156 0
1741109780 46202 0
1741109783 46233 0
1741109785 46201 0
1741109787 46217 0
1741109789 46175 0
1741109791 46247 0
1741109793 46198 0
1741109795 46352 0
1741109797 46264 0
1741109799 46312 0
1741109801 46498 0
1741109803 46506 0
1741109805 46557 0
1741109807 46580 0
1741109809 46868 0
1741109811 47076 0
1741109813 47451 0
1741109815 47812 0
1741109817 48035 0
1741109819 47691 0
1741109821 47059 0
1741109823 46717 0
1741109825 46512 0
1741109828 46420 0
1741109830 46438 0
1741109832 46435 0
1741109834 46299 0
1741109836 46251 0
1741109838 46232 0
1741109840 46149 0
1741109842 46121 0
1741109844 46282 0
1741109846 46276 0
1741109848 46300 0
1741109850 46073 0
1741109852 46131 0
1741109854 46188 0
1741109856 46185 0
1741109858 46260 0
1741109860 46505 0
1741109862 46390 0
1741109864 46307 0
1741109866 46246 0
1741109868 46187 0
1741109870 46284 0
1741109872 46349 0
1741109875 46514 0
1741109877 46832 0
1741109879 46989 0
1741109881 47379 0
1741109883 47703 0
1741109885 47816 0
1741109887 48051 0
1741109889 47597 0
1741109891 47067 0
1741109893 46687 0
1741109895 46505 0
1741109897 46433 0
1741109899 46338 0
1741109901 46197 0
1741109903 46173 0
1741109905 46203 0
1741109907 46316 0
1741109909 46281 0
1741109911 46300 0
1741109913 46435 0
1741109915 46421 0
1741109917 46276 0
1741109919 46297 0
1741109922 46427 0
1741109924 46339 0
1741109926 46260 0
1741109928 46235 0
1741109930 46300 0
1741109932 46420 0
1741109934 46661 0
1741109936 47110 0
1741109938 47457 0
1741109940 47707 0
1741109942 47803 0
1741109944 47807 0
1741109946 47751 0
1741109948 47838 0
1741109950 47788 0
1741109952 47659 0
1741109954 47670 0
1741109956 47536 0
1741109958 47072 0
1741109960 46763 0
1741109962 46641 0
1741109964 46469 0
1741109966 46427 0
1741109969 46497 0
1741109971 46347 0
1741109973 46300 0
1741109975 46457 0
1741109977 46293 0
1741109979 46161 0
1741109981 46498 0
1741109983 46433 0
1741109985 46248 0
1741109987 46240 0
1741109989 46148 0
1741109991 46238 0
1741109993 46383 0
1741109995 46497 0
1741109997 46429 0
1741109999 46450 0
1741110001 46600 0
1741110003 46790 0
1741110005 47152 0
1741110007 47659 0
1741110009 47902 0
1741110011 47858 0
1741110013 47958 0
1741110016 47958 0
1741110018 47838 0
1741110020 47813 0
1741110022 47737 0
1741110024 47607 0
1741110026 47165 0
1741110028 46895 0
1741110030 46621 0
1741110032 46521 0
1741110034 46485 0
1741110036 46473 0
1741110038 46522 0
1741110040 46598 0
1741110042 46511 0
1741110044 46399 0
1741110046 46349 0
1741110048 46193 0
1741110050 46207 0
1741110052 46331 0
1741110054 46205 0
1741110056 46310 0
1741110058 46320 0
1741110061 46169 0
1741110063 46135 0
1741110065 46127 0
1741110067 46291 0
1741110069 46536 0
1741110071 46416 0
1741110073 46396 0
1741110075 46390 0
1741110077 46383 0
1741110079 46460 0
1741110081 46617 0
1741110083 46807 0
1741110085 47016 0
1741110087 47540 0
1741110089 47741 0
1741110091 47840 0
1741110093 48086 0
1741110095 47419 0
1741110097 47069 0
1741110099 46840 0
1741110101 46767 0
1741110103 46535 0
1741110105 46482 0
1741110108 46432 0
1741110110 46409 0
1741110112 46311 0
1741110114 46441 0
1741110116 46346 0
1741110118 46248 0
1741110120 46110 0
1741110122 46193 0
1741110124 46250 0
1741110126 46303 0
1741110128 46388 0
1741110130 46441 0
1741110132 46438 0
1741110134 46409 0
1741110136 46499 0
1741110138 46348 0
1741110140 46293 0
1741110142 46268 0
1741110144 46320 0
1741110146 46265 0
1741110148 46549 0
1741110150 46812 0
1741110153 47251 0
1741110155 47587 0
1741110157 47893 0
1741110159 48109 0
1741110161 48422 0
1741110163 48034 0
1741110165 47437 0
1741110167 47029 0
1741110169 46837 0
1741110171 46571 0
1741110173 46459 0
1741110175 46298 0
1741110177 46245 0
1741110179 46299 0
1741110181 46312 0
1741110183 46319 0
1741110185 46278 0
1741110187 46422 0
1741110189 46437 0
1741110191 46480 0
1741110193 46446 0
1741110195 46489 0
1741110197 46440 0
1741110200 46460 0
1741110202 46539 0
1741110204 46552 0
1741110206 46463 0
1741110208 46558 0
1741110210 46742 0
1741110212 47230 0
1741110214 47529 0
1741110216 47805 0
1741110218 47837 0
1741110220 48082 0
1741110222 48015 0
1741110224 47898 0
1741110226 47750 0
1741110228 47721 0
1741110230 47641 0
1741110232 47380 0
1741110234 46898 0
1741110236 46665 0
1741110238 46647 0
1741110240 46459 0
1741110242 46325 0
1741110244 46251 0
1741110247 46298 0
1741110249 46306 0
1741110251 46355 0
1741110253 46262 0
1741110255 46260 0
1741110257 46155 0
1741110259 46143 0
1741110261 46133 0
1741110263 46244 0
1741110265 46252 0
1741110267 46276 0
1741110269 46321 0
1741110271 46355 0
1741110273 46380 0
1741110275 46553 0
1741110277 46646 0
1741110279 46948 0
1741110281 47535 0
1741110283 47817 0
1741110285 47972 0
1741110287 47931 0
1741110289 47896 0
1741110292 47712 0
1741110294 47727 0
1741110296 47646 0
1741110298 47697 0
1741110300 47633 0
1741110302 47184 0
1741110304 46757 0
1741110306 46562 0
1741110308 46456 0
1741110310 46378 0
1741110312 46299 0
1741110314 46321 0
1741110316 46228 0
1741110318 46317 0
1741110320 46370 0
1741110322 46245 0
1741110324 46209 0
1741110326 46236 0
1741110328 46335 0
1741110330 46385 0
1741110332 46379 0
1741110334 46447 0
1741110336 46411 0
1741110339 46339 0
1741110341 46605 0
1741110343 46506 0
1741110345 46313 0
1741110347 46304 0
1741110349 46287 0
1741110351 46459 0
1741110353 46416 0
1741110355 46653 0
1741110357 46959 0
1741110359 47211 0
1741110361 47573 0
1741110363 47938 0
1741110365 47999 0
1741110367 48039 0
1741110369 47972 0
1741110371 47330 0
1741110373 46879 0
1741110375 46695 0
1741110377 46455 0
1741110379 46446 0
1741110381 46361 0
1741110383 46307 0
1741110386 46328 0
1741110388 46323 0
1741110390 46239 0
1741110392 46190 0
1741110394 46259 0
1741110396 46211 0
1741110398 46146 0
1741110400 46241 0
1741110402 46233 0
1741110404 46353 0
1741110406 46187 0
1741110408 46293 0
1741110410 46247 0
1741110412 46123 0
1741110414 46183 0
1741110416 46095 0
1741110418 46237 0
1741110420 46320 0
1741110422 46365 0
1741110424 46474 0
1741110426 46647 0
1741110428 47091 0
1741110431 47533 0
1741110433 47787 0
1741110435 47847 0
1741110437 47830 0
1741110439 47393 0
1741110441 46902 0
1741110443 46724 0
1741110445 46570 0
1741110447 46460 0
1741110449 46247 0
1741110451 46216 0
1741110453 46355 0
1741110455 46234 0
1741110457 46224 0
1741110459 46206 0
1741110461 46607 0
1741110463 46528 0
1741110465 46444 0
1741110467 46415 0
1741110469 46351 0
1741110471 46356 0
1741110473 46302 0
1741110475 46284 0
1741110478 46412 0
1741110480 46378 0
1741110482 46372 0
1741110484 46645 0
1741110486 46942 0
1741110488 47496 0
1741110490 47867 0
1741110492 48090 0
1741110494 48053 0
1741110496 48031 0
1741110498 47823 0
1741110500 47815 0
1741110502 47746 0
1741110504 47753 0
1741110506 47624 0
1741110508 47151 0
1741110510 46693 0
1741110512 46463 0
1741110514 46367 0
1741110516 46243 0
1741110518 46125 0
1741110520 46387 0
1741110523 46295 0
1741110525 46300 0
1741110527 46244 0
1741110529 46262 0
1741110531 46213 0
1741110533 46269 0
1741110535 46301 0
1741110537 46214 0
1741110539 46190 0
1741110541 46186 0
1741110543 46103 0
1741110545 46110 0
1741110547 46336 0
1741110549 46464 0
1741110551 46692 0
1741110553 47050 0
1741110555 47571 0
1741110557 47832 0
1741110559 47898 0
1741110561 48057 0
1741110563 48016 0
1741110565 47974 0
1741110567 47942 0
1741110570 47780 0
1741110572 47815 0
1741110574 47876 0
1741110576 47505 0
1741110578 46956 0
1741110580 46837 0
1741110582 46621 0
1741110584 46430 0
1741110586 46247 0
1741110588 46220 0
1741110590 46258 0
1741110592 46220 0
1741110594 46250 0
1741110596 46243 0
1741110598 46198 0
1741110600 46285 0
1741110602 46295 0
1741110604 46226 0
1741110606 46176 0
1741110608 46478 0
1741110610 46378 0
1741110612 46365 0
1741110614 46459 0
1741110617 46341 0
1741110619 46370 0
1741110621 46412 0
1741110623 46427 0
1741110625 46363 0
1741110627 46537 0
1741110629 46471 0
1741110631 46519 0
1741110633 46829 0
1741110635 47195 0
1741110637 47568 0
1741110639 47865 0
1741110641 48150 0
1741110643 48041 0
1741110645 47325 0
1741110647 47023 0
1741110649 46723 0
1741110651 46614 0
1741110653 46475 0
1741110655 46432 0
1741110657 46346 0
1741110659 46204 0
1741110661 46294 0
1741110664 46252 0
1741110666 46268 0
1741110668 46338 0
1741110670 46408 0
1741110672 46325 0
1741110674 46343 0
1741110676 46237 0
1741110678 46271 0
1741110680 46249 0
1741110682 46240 0
1741110684 46255 0
1741110686 46290 0
1741110688 46246 0
1741110690 46234 0
1741110692 46312 0
1741110694 46346 0
1741110696 46338 0
1741110698 46635 0
1741110700 46943 0
1741110702 47238 0
1741110704 47577 0
1741110706 47726 0
1741110709 47853 0
1741110711 47933 0
1741110713 47824 0
1741110715 47215 0
1741110717 46954 0
1741110719 46749 0
1741110721 46638 0
1741110723 46565 0
1741110725 46548 0
1741110727 46536 0
1741110729 46526 0
1741110731 46551 0
1741110733 46479 0
1741110735 46351 0
1741110737 46399 0
1741110739 46306 0
1741110741 46179 0
1741110743 46132 0
1741110745 46226 0
1741110747 46363 0
1741110749 46240 0
1741110751 46238 0
1741110753 46387 0
1741110756 46498 0
1741110758 46631 0
1741110760 46896 0
1741110762 47554 0
1741110764 47869 0
1741110766 48041 0
1741110768 48040 0
1741110770 48119 0
1741110772 48066 0
1741110774 48050 0
1741110776 48027 0
1741110778 47945 0
1741110780 47869 0
1741110782 47612 0
1741110784 47124 0
1741110786 46801 0
1741110788 46991 0
1741110790 46714 0
1741110792 46615 0
1741110794 46536 0
1741110796 46438 0
1741110799 46476 0
1741110801 46437 0
1741110803 46367 0
1741110805 46333 0
1741110807 46426 0
1741110809 46400 0
1741110811 46391 0
1741110813 46467 0
1741110815 46459 0
1741110817 46427 0
1741110819 46445 0
1741110821 46690 0
1741110823 46678 0
1741110825 46806 0
1741110827 47013 0
1741110829 47307 0
1741110831 47618 0
1741110833 47854 0
1741110835 47995 0
1741110837 48103 0
1741110839 48122 0
1741110841 47925 0
1741110843 47801 0
1741110846 47732 0
1741110848 47831 0
1741110850 47867 0
1741110852 47298 0
1741110854 47055 0
1741110856 46801 0
1741110858 46606 0
1741110860 46555 0
1741110862 46455 0
1741110864 46323 0
1741110866 46315 0
1741110868 46402 0
1741110870 46405 0
1741110872 46317 0
1741110874 46294 0
1741110876 46318 0
1741110878 46362 0
1741110880 46640 0
1741110882 46529 0
1741110884 46501 0
1741110886 46417 0
1741110888 46344 0
1741110890 46375 0
1741110893 46258 0
1741110895 46308 0
1741110897 46387 0
1741110899 46554 0
1741110901 46490 0
1741110903 46608 0
1741110905 46678 0
1741110907 46990 0
1741110909 47426 0
1741110911 47866 0
1741110913 47998 0
1741110915 48185 0
1741110917 48097 0
1741110919 47786 0
1741110921 47266 0
1741110923 46917 0
1741110925 46626 0
1741110927 46542 0
1741110929 46457 0
1741110931 46386 0
1741110933 46423 0
1741110935 46348 0
1741110937 46287 0
1741110940 46428 0
1741110942 46682 0
1741110944 46340 0
1741110946 46279 0
1741110948 46295 0
1741110950 46249 0
1741110952 46202 0
1741110954 46283 0
1741110956 46381 0
1741110958 46414 0
1741110960 46285 0
1741110962 46269 0
1741110964 46322 0
1741110966 46391 0
1741110968 46618 0
1741110970 46735 0
1741110972 46817 0
1741110974 46998 0
1741110976 47369 0
1741110978 47731 0
1741110980 47959 0
1741110982 48085 0
1741110985 48142 0
1741110987 48256 0
1741110989 47693 0
1741110991 47171 0
1741110993 46871 0
1741110995 46743 0
1741110997 46496 0
1741110999 46426 0
1741111001 46654 0
1741111003 46531 0
1741111005 46355 0
1741111007 46438 0
1741111009 46433 0
1741111011 46345 0
1741111013 46311 0
1741111015 46336 0
1741111017 46377 0
1741111019 46373 0
1741111021 46460 0
1741111023 46345 0
1741111025 46395 0
1741111027 46559 0
1741111029 46763 0
1741111032 46872 0
1741111034 47096 0
1741111036 47589 0
1741111038 47776 0
1741111040 47922 0
1741111042 48080 0
1741111044 48074 0
1741111046 47998 0
1741111048 47945 0
1741111050 47836 0
1741111052 47810 0
1741111054 47885 0
1741111056 47791 0
1741111058 47311 0
1741111060 47167 0
1741111062 46998 0
1741111064 46767 0
1741111066 46616 0
1741111068 46391 0
1741111070 46349 0
1741111072 46324 0
1741111074 46387 0
1741111077 46355 0
1741111079 46265 0
1741111081 46372 0
1741111083 46312 0
1741111085 46338 0
1741111087 46545 0
1741111089 46473 0
1741111091 46374 0
1741111093 46368 0
1741111095 46494 0
1741111097 46434 0
1741111099 46408 0
1741111101 46633 0
1741111103 46954 0
1741111105 47300 0
1741111107 47798 0
1741111109 47855 0
1741111111 47941 0
1741111113 47979 0
1741111115 47888 0
1741111117 47896 0
1741111119 47895 0
1741111121 47964 0
1741111124 47967 0
1741111126 47701 0
1741111128 47106 0
1741111130 46830 0
1741111132 46614 0
1741111134 46621 0
1741111136 46526 0
1741111138 46446 0
1741111140 46391 0
1741111142 46348 0
1741111144 46390 0
1741111146 46381 0
1741111148 46593 0
1741111150 46461 0
1741111152 46356 0
1741111154 46404 0
1741111156 46324 0
1741111158 46284 0
1741111160 46249 0
1741111162 46337 0
1741111164 46407 0
1741111166 46368 0
1741111168 46271 0
1741111171 46215 0
1741111173 46142 0
1741111175 46310 0
1741111177 46346 0
1741111179 46413 0
1741111181 46714 0
1741111183 46901 0
1741111185 47238 0
1741111187 47521 0
1741111189 47783 0
1741111191 47905 0
1741111193 47904 0
1741111195 47530 0
1741111197 47021 0
1741111199 46662 0
1741111201 46566 0
1741111203 46515 0
1741111205 46507 0
1741111207 46547 0
1741111209 46583 0
1741111211 46386 0
1741111213 46267 0
1741111216 46242 0
1741111218 46270 0
1741111220 46255 0
1741111222 46267 0
1741111224 46203 0
1741111226 46336 0
1741111228 46343 0
1741111230 46207 0
1741111232 46165 0
1741111234 46228 0
1741111236 46210 0
1741111238 46279 0
1741111240 46513 0
1741111242 46541 0
1741111244 46470 0
1741111246 46473 0
1741111248 46499 0
1741111250 46679 0
1741111252 46852 0
1741111254 47286 0
1741111256 47635 0
1741111258 47838 0
1741111260 47961 0
1741111263 47730 0
1741111265 47172 0
1741111267 46980 0
1741111269 46785 0
1741111271 46514 0
1741111273 46362 0
1741111275 46316 0
1741111277 46165 0
1741111279 46358 0
1741111281 46376 0
1741111283 46378 0
1741111285 46198 0
1741111287 46198 0
1741111289 46201 0
1741111291 46143 0
1741111293 46205 0
1741111295 46268 0
1741111297 46208 0
1741111299 46286 0
1741111301 46557 0
1741111303 46536 0
1741111305 46499 0
1741111307 46659 0
1741111310 47082 0
1741111312 47399 0
1741111314 47665 0
1741111316 47851 0
1741111318 47850 0
1741111320 47841 0
1741111322 47721 0
1741111324 47698 0
1741111326 47676 0
1741111328 47661 0
1741111330 47605 0
1741111332 47209 0
1741111334 46777 0
1741111336 46628 0
1741111338 46263 0
1741111340 46163 0
1741111342 46114 0
1741111344 46089 0
1741111346 46197 0
1741111348 46167 0
1741111350 46065 0
1741111352 46045 0
1741111355 46259 0
1741111357 46273 0
1741111359 46214 0
1741111361 46400 0
1741111363 46323 0
1741111365 46171 0
1741111367 46108 0
1741111369 46106 0
1741111371 46187 0
1741111373 46380 0
1741111375 46369 0
1741111377 46529 0
1741111379 46746 0
1741111381 47107 0
1741111383 47550 0
1741111385 47645 0
1741111387 47796 0
1741111389 47921 0
1741111391 47752 0
1741111393 47748 0
1741111395 47782 0
1741111397 47640 0
1741111399 47618 0
1741111402 46984 0
1741111404 46603 0
1741111406 46354 0
1741111408 46426 0
1741111410 46346 0
1741111412 46246 0
1741111414 46292 0
1741111416 46190 0
1741111418 46230 0
1741111420 46286 0
1741111422 46384 0
1741111424 46259 0
1741111426 46120 0
1741111428 45975 0
1741111430 45975 0
1741111432 45994 0
1741111434 46059 0
1741111436 45937 0
1741111438 45887 0
1741111440 46016 0
1741111442 45881 0
1741111444 45986 0
1741111446 46010 0
1741111449 46259 0
1741111451 46172 0
1741111453 46182 0
1741111455 46230 0
1741111457 46578 0
1741111459 46991 0
1741111461 47483 0
1741111463 47765 0
1741111465 47704 0
1741111467 47998 0
1741111469 47723 0
1741111471 47069 0
1741111473 46758 0
1741111475 46621 0
1741111477 46544 0
1741111479 46442 0
1741111481 46493 0
1741111483 46346 0
1741111485 46272 0
1741111487 46296 0
1741111489 46218 0
1741111491 46278 0
1741111494 46211 0
1741111496 46208 0
1741111498 46257 0
1741111500 46270 0
1741111502 46244 0
1741111504 46342 0
1741111506 46292 0
1741111508 46499 0
1741111510 46483 0
1741111512 46357 0
1741111514 46357 0
1741111516 46363 0
1741111518 46255 0
1741111520 46262 0
1741111522 46277 0
1741111524 46439 0
1741111526 46811 0
1741111528 47171 0
1741111530 47464 0
1741111532 47722 0
1741111534 47813 0
1741111536 47848 0
1741111538 47520 0
1741111541 47213 0
1741111543 46750 0
1741111545 46450 0
1741111547 46306 0
1741111549 46198 0
1741111551 46149 0
1741111553 46025 0
1741111555 46273 0
1741111557 46333 0
1741111559 46273 0
1741111561 46198 0
1741111563 46105 0
1741111565 46187 0
1741111567 46253 0
1741111569 46250 0
1741111571 46162 0
1741111573 46170 0
1741111575 46208 0
1741111577 46104 0
1741111579 46314 0
1741111581 46460 0
1741111583 46518 0
1741111585 46805 0
1741111588 47240 0
1741111590 47619 0
1741111592 47842 0
1741111594 47938 0
1741111596 47912 0
1741111598 47868 0
1741111600 47976 0
1741111602 47941 0
1741111604 47764 0
1741111606 47590 0
1741111608 47162 0
1741111610 46833 0
1741111612 46562 0
1741111614 46476 0
1741111616 46279 0
1741111618 46163 0
1741111620 46086 0
1741111622 46160 0
1741111624 46064 0
1741111626 46168 0
1741111628 46288 0
1741111630 46147 0
1741111633 46117 0
1741111635 46092 0
1741111637 46140 0
1741111639 46181 0
1741111641 46128 0
1741111643 46128 0
1741111645 46111 0
1741111647 46145 0
1741111649 46178 0
1741111651 46438 0
1741111653 46552 0
1741111655 46898 0
1741111657 47208 0
1741111659 47680 0
1741111661 47947 0
1741111663 47850 0
1741111665 47639 0
1741111667 47626 0
1741111669 47612 0
1741111671 47889 0
1741111673 47752 0
1741111675 47571 0
1741111677 47084 0
1741111680 46749 0
1741111682 46483 0
1741111684 46395 0
1741111686 46181 0
1741111688 46339 0
1741111690 46410 0
1741111692 46313 0
1741111694 46170 0
1741111696 46242 0
1741111698 46114 0
1741111700 46066 0
1741111702 46039 0
1741111704 46128 0
1741111706 45943 0
1741111708 46083 0
1741111710 46021 0
1741111712 46115 0
1741111714 46152 0
1741111716 46092 0
1741111718 46083 0
1741111720 46333 0
1741111722 46282 0
1741111724 46195 0
1741111727 46265 0
1741111729 46295 0
1741111731 46428 0
1741111733 46618 0
1741111735 47023 0
1741111737 47308 0
1741111739 47717 0
1741111741 47859 0
1741111743 48015 0
1741111745 47567 0
1741111747 47191 0
1741111749 47065 0
1741111751 46916 0
1741111753 46662 0
1741111755 46506 0
1741111757 46431 0
1741111759 46464 0
1741111761 46348 0
1741111763 46336 0
1741111765 46401 0
1741111767 46424 0
1741111769 46345 0
1741111771 46287 0
1741111774 46467 0
1741111776 46423 0
1741111778 46413 0
1741111780 46429 0
1741111782 46549 0
1741111784 46362 0
1741111786 46206 0
1741111788 46317 0
1741111790 46261 0
1741111792 46305 0
1741111794 46373 0
1741111796 46295 0
1741111798 46439 0
1741111800 46520 0
1741111802 46806 0
1741111804 47327 0
1741111806 47591 0
1741111808 48099 0
1741111810 48189 0
1741111812 48077 0
1741111814 47424 0
1741111816 47131 0
1741111818 46766 0
1741111821 46509 0
1741111823 46364 0
1741111825 46263 0
1741111827 46268 0
1741111829 46174 0
1741111831 46179 0
1741111833 46268 0
1741111835 46165 0
1741111837 46096 0
1741111839 46132 0
1741111841 46237 0
1741111843 46136 0
1741111845 46055 0
1741111847 46060 0
1741111849 46011 0
1741111851 46104 0
1741111853 46144 0
1741111855 46282 0
1741111857 46449 0
1741111859 46697 0
1741111861 47095 0
1741111863 47428 0
1741111866 47508 0
1741111868 47802 0
1741111870 47849 0
1741111872 47808 0
1741111874 47802 0
1741111876 47675 0
1741111878 47613 0
1741111880 47689 0
1741111882 47497 0
1741111884 47052 0
1741111886 46666 0
1741111888 46731 0
1741111890 46612 0
1741111892 46440 0
1741111894 46381 0
1741111896 46288 0
1741111898 46185 0
1741111900 46549 0
1741111902 46485 0
1741111904 46470 0
1741111906 46546 0
1741111908 46407 0
1741111910 46409 0
1741111913 46269 0
1741111915 46290 0
1741111917 46256 0
1741111919 46249 0
1741111921 46204 0
1741111923 46218 0
1741111925 46285 0
1741111927 46598 0
1741111929 47048 0
1741111931 47350 0
1741111933 47502 0
1741111935 47639 0
1741111937 47841 0
1741111939 47763 0
1741111941 47736 0
1741111943 47730 0
1741111945 47631 0
1741111947 47553 0
1741111949 47382 0
1741111951 46974 0
1741111953 46680 0
1741111955 46449 0
1741111958 46305 0
1741111960 46271 0
1741111962 46361 0
1741111964 46256 0
1741111966 46171 0
1741111968 46079 0
1741111970 46072 0
1741111972 46152 0
1741111974 46186 0
1741111976 46105 0
1741111978 46236 0
1741111980 46113 0
1741111982 46139 0
1741111984 46125 0
1741111986 46122 0
1741111988 46314 0
1741111990 46243 0
1741111992 46098 0
1741111994 46262 0
1741111996 46248 0
1741111998 46349 0
1741112000 46213 0
1741112003 46251 0
1741112005 46335 0
1741112007 46614 0
1741112009 46913 0
1741112011 47315 0
1741112013 47733 0
1741112015 47991 0
1741112017 47937 0
1741112019 47832 0
1741112021 47227 0
1741112023 46879 0
1741112025 46515 0
1741112027 46339 0
1741112029 46299 0
1741112031 46207 0
1741112033 46181 0
1741112035 46214 0
1741112037 46198 0
1741112039 46134 0
1741112041 45981 0
1741112043 46010 0
1741112045 46046 0
1741112047 46247 0
1741112050 46398 0
1741112052 46451 0
1741112054 46270 0
1741112056 46295 0
1741112058 46266 0
1741112060 46294 0
1741112062 46176 0
1741112064 46193 0
1741112066 46185 0
1741112068 46337 0
1741112070 46320 0
1741112072 46543 0
1741112074 46787 0
1741112076 47019 0
1741112078 47188 0
1741112080 47704 0
1741112082 47930 0
1741112084 47841 0
1741112086 47878 0
1741112088 47440 0
1741112090 47061 0
1741112092 46692 0
1741112094 46655 0
1741112097 46539 0
1741112099 46371 0
1741112101 46459 0
1741112103 46654 0
1741112105 46599 0
1741112107 46558 0
1741112109 46658 0
1741112111 46578 0
1741112113 46632 0
1741112115 46772 0
1741112117 46770 0
1741112119 46656 0
1741112121 46661 0
1741112123 46602 0
1741112125 46478 0
1741112127 46669 0
1741112129 46608 0
1741112131 46770 0
1741112133 47037 0
1741112135 47485 0
1741112137 47880 0
1741112139 48053 0
1741112142 48245 0
1741112144 48060 0
1741112146 47919 0
1741112148 47854 0
1741112150 47801 0
1741112152 47651 0
1741112154 47567 0
1741112156 47514 0
1741112158 47050 0
1741112160 46713 0
1741112162 46417 0
1741112164 46231 0
1741112166 46244 0
1741112168 46304 0
1741112170 46331 0
1741112172 46311 0
1741112174 46209 0
1741112176 46157 0
1741112178 46286 0
1741112180 46180 0
1741112182 46127 0
1741112184 46023 0
1741112186 46124 0
1741112189 46121 0
1741112191 46072 0
1741112193 45977 0
1741112195 46121 0
1741112197 46034 0
1741112199 46004 0
1741112201 46297 0
1741112203 46537 0
1741112205 46867 0
1741112207 47328 0
1741112209 47592 0
1741112211 47741 0
1741112213 47703 0
1741112215 47766 0
1741112217 47699 0
1741112219 47628 0
1741112221 47588 0
1741112223 47404 0
1741112225 47338 0
1741112227 46920 0
1741112229 46765 0
1741112231 46447 0
1741112234 46245 0
1741112236 46208 0
1741112238 46079 0
1741112240 46189 0
1741112242 46173 0
1741112244 46167 0
1741112246 46120 0
1741112248 46121 0
1741112250 46090 0
1741112252 46105 0
1741112254 46256 0
1741112256 46222 0
1741112258 46158 0
1741112260 46313 0
1741112262 46177 0
1741112264 46202 0
1741112266 46193 0
1741112268 46116 0
1741112270 45992 0
1741112272 45969 0
1741112274 46163 0
1741112276 46208 0
1741112278 46282 0
1741112281 46321 0
1741112283 46571 0
1741112285 46906 0
1741112287 47415 0
1741112289 47708 0
1741112291 47813 0
1741112293 47776 0
1741112295 47440 0
1741112297 46961 0
1741112299 46766 0
1741112301 46518 0
1741112303 46327 0
1741112305 46184 0
1741112307 46155 0
1741112309 46142 0
1741112311 46191 0
1741112313 46166 0
1741112315 46249 0
1741112317 46159 0
1741112319 46222 0
1741112321 46332 0
1741112323 46268 0
1741112325 46185 0
1741112328 46217 0
1741112330 46209 0
1741112332 46173 0
1741112334 46162 0
1741112336 46271 0
1741112338 46245 0
1741112340 46279 0
1741112342 46455 0
1741112344 46325 0
1741112346 46267 0
1741112348 46561 0
1741112350 46703 0
1741112352 46922 0
1741112354 47384 0
1741112356 47842 0
1741112358 47930 0
1741112360 47833 0
1741112362 47913 0
1741112364 47484 0
1741112366 47145 0
1741112368 46772 0
1741112370 46587 0
1741112373 46328 0
1741112375 46342 0
1741112377 46320 0
1741112379 46404 0
1741112381 46492 0
1741112383 46518 0
1741112385 46412 0
1741112387 46352 0
1741112389 46248 0
1741112391 46326 0
1741112393 46426 0
1741112395 46549 0
1741112397 46550 0
1741112399 46695 0
1741112401 46510 0
1741112403 46567 0
1741112405 46675 0
1741112407 47009 0
1741112409 47409 0
1741112411 47764 0
1741112413 48098 0
1741112415 48084 0
1741112417 48077 0
1741112420 48022 0
1741112422 48069 0
1741112424 47960 0
1741112426 47947 0
1741112428 48118 0
1741112430 48038 0
1741112432 48006 0
1741112434 47659 0
1741112436 47311 0
1741112438 47018 0
1741112440 46926 0
1741112442 46796 0
1741112444 46590 0
1741112446 46353 0
1741112448 46472 0
1741112450 46306 0
1741112452 46320 0
1741112454 46387 0
1741112456 46185 0
1741112458 46191 0
1741112460 46183 0
1741112462 46149 0
1741112464 46204 0
1741112467 46319 0
1741112469 46618 0
1741112471 46573 0
1741112473 46582 0
1741112475 46705 0
1741112477 46946 0
1741112479 47506 0
1741112481 47890 0
1741112483 48052 0
1741112485 48106 0
1741112487 48186 0
1741112489 48112 0
1741112491 48044 0
1741112493 48106 0
1741112495 48047 0
1741112497 47872 0
1741112499 47920 0
1741112501 47752 0
1741112503 47216 0
1741112505 46868 0
1741112507 46718 0
1741112509 46511 0
1741112511 46377 0
1741112514 46339 0
1741112516 46280 0
1741112518 46137 0
1741112520 46217 0
1741112522 46231 0
1741112524 46146 0
1741112526 46158 0
1741112528 46216 0
1741112530 46310 0
1741112532 46305 0
1741112534 46346 0
1741112536 46425 0
1741112538 46290 0
1741112540 46304 0
1741112542 46190 0
1741112544 46286 0
1741112546 46282 0
1741112548 46239 0
1741112550 46255 0
1741112552 46260 0
1741112554 46449 0
1741112556 46602 0
1741112559 46944 0
1741112561 47680 0
1741112563 47872 0
1741112565 48047 0
1741112567 48155 0
1741112569 48006 0
1741112571 47517 0
1741112573 47261 0
1741112575 46922 0
1741112577 46613 0
1741112579 46246 0
1741112581 46116 0
1741112583 46104 0
1741112585 46083 0
1741112587 46206 0
1741112589 46252 0
1741112591 46216 0
1741112593 46198 0
1741112595 46271 0
1741112597 46170 0
1741112599 46202 0
1741112601 46250 0
1741112603 46316 0
1741112606 46204 0
1741112608 46238 0
1741112610 46096 0
1741112612 46193 0
1741112614 46345 0
1741112616 46269 0
1741112618 46234 0
1741112620 46288 0
1741112622 46336 0
1741112624 46514 0
1741112626 46768 0
1741112628 46979 0
1741112630 47363 0
1741112632 47770 0
1741112634 48141 0
1741112636 48405 0
1741112638 48416 0
1741112640 47772 0
1741112642 47295 0
1741112644 46916 0
1741112646 46851 0
1741112648 46919 0
1741112650 46850 0
1741112653 46738 0
1741112655 46790 0
1741112657 47058 0
1741112659 47254 0
1741112661 47256 0
1741112663 47087 0
1741112665 47269 0
1741112667 47504 0
1741112669 47488 0
1741112671 47381 0
1741112673 47074 0
1741112675 46977 0
1741112677 47005 0
1741112679 47191 0
1741112681 47454 0
1741112683 47630 0
1741112685 47947 0
1741112687 48052 0
1741112689 48012 0
1741112691 48095 0
1741112693 48057 0
1741112695 47992 0
1741112697 48051 0
1741112700 47942 0
1741112702 47814 0
1741112704 47820 0
1741112706 47803 0
1741112708 47495 0
1741112710 47030 0
1741112712 46782 0
1741112714 46398 0
1741112716 46253 0
1741112718 46249 0
1741112720 46251 0
1741112722 46192 0
1741112724 46155 0
1741112726 46104 0
1741112728 46138 0
1741112730 46014 0
1741112732 46063 0
1741112734 46142 0
1741112736 46058 0
1741112738 46056 0
1741112740 46193 0
1741112742 46139 0
1741112745 46079 0
1741112747 46129 0
1741112749 46227 0
1741112751 46409 0
1741112753 46621 0
1741112755 46922 0
1741112757 47249 0
1741112759 47578 0
1741112761 47711 0
1741112763 47649 0
1741112765 47797 0
1741112767 47851 0
1741112769 47934 0
1741112771 47757 0
1741112773 47731 0
1741112775 47584 0
1741112777 47128 0
1741112779 46743 0
1741112781 46461 0
1741112783 46280 0
1741112785 46240 0
1741112787 46247 0
1741112789 46255 0
1741112792 46179 0
1741112794 46134 0
1741112796 46031 0
1741112798 45984 0
1741112800 46109 0
1741112802 46276 0
1741112804 46146 0
1741112806 46123 0
1741112808 46198 0
1741112810 46068 0
1741112812 46061 0
1741112814 45989 0
1741112816 46064 0
1741112818 46032 0
1741112820 46078 0
1741112822 46121 0
1741112824 46188 0
1741112826 46127 0
1741112828 46305 0
1741112830 46389 0
1741112832 46432 0
1741112834 46616 0
1741112836 46941 0
1741112839 47327 0
1741112841 47589 0
1741112843 47654 0
1741112845 47330 0
1741112847 46948 0
1741112849 46561 0
1741112851 46220 0
1741112853 46124 0
1741112855 46129 0
1741112857 46047 0
1741112859 46184 0
1741112861 46298 0
1741112863 46224 0
1741112865 46240 0
1741112867 46079 0
1741112869 46076 0
1741112871 46021 0
1741112873 46055 0
1741112875 46111 0
1741112877 46031 0
1741112879 45978 0
1741112881 46052 0
1741112884 45961 0
1741112886 45920 0
1741112888 46070 0
1741112890 46044 0
1741112892 46044 0
1741112894 46032 0
1741112896 46168 0
1741112898 46089 0
1741112900 46295 0
1741112902 46571 0
1741112904 46889 0
1741112906 47264 0
1741112908 47580 0
1741112910 47809 0
1741112912 47864 0
1741112914 47340 0
1741112916 46901 0
1741112918 46550 0
1741112920 46635 0
1741112922 46601 0
1741112924 46402 0
1741112926 46302 0
1741112928 46339 0
1741112931 46297 0
1741112933 46274 0
1741112935 46267 0
1741112937 46171 0
1741112939 46099 0
1741112941 46079 0
1741112943 46190 0
1741112945 46198 0
1741112947 46291 0
1741112949 46222 0
1741112951 46157 0
1741112953 46210 0
1741112955 46383 0
1741112957 46477 0
1741112959 46806 0
1741112961 47190 0
1741112963 47563 0
1741112965 47738 0
1741112967 47853 0
1741112969 47946 0
1741112971 47884 0
1741112973 47861 0
1741112976 47738 0
1741112978 47669 0
1741112980 47784 0
1741112982 47743 0
1741112984 47022 0
1741112986 46717 0
1741112988 46537 0
1741112990 46466 0
1741112992 46284 0
1741112994 46123 0
1741112996 46047 0
1741112998 45936 0
1741113000 46000 0
1741113002 46022 0
1741113004 45978 0
1741113006 46062 0
1741113008 46229 0
1741113010 46186 0
1741113012 46173 0
1741113014 46227 0
1741113016 46265 0
1741113018 46222 0
1741113021 46343 0
1741113023 46397 0
1741113025 46419 0
1741113027 46555 0
1741113029 46765 0
1741113031 47115 0
1741113033 47536 0
1741113035 47814 0
1741113037 47881 0
1741113039 47967 0
1741113041 48173 0
1741113043 47993 0
1741113045 47883 0
1741113047 47645 0
1741113049 47604 0
1741113051 47114 0
1741113053 46736 0
1741113055 46485 0
1741113057 46334 0
1741113059 46235 0
1741113061 46205 0
1741113063 46224 0
1741113066 46145 0
1741113068 46295 0
1741113070 46296 0
1741113072 46216 0
1741113074 46165 0
1741113076 46139 0
1741113078 46047 0
1741113080 46108 0
1741113082 46089 0
1741113084 46062 0
1741113086 46008 0
1741113088 46078 0
1741113090 45918 0
1741113092 46023 0
1741113094 46126 0
1741113096 46243 0
1741113098 46275 0
1741113100 46582 0
1741113102 46544 0
1741113104 46578 0
1741113106 46630 0
1741113108 46778 0
1741113110 46997 0
1741113113 47305 0
1741113115 47695 0
1741113117 47812 0
1741113119 47777 0
1741113121 47275 0
1741113123 46836 0
1741113125 46464 0
1741113127 46331 0
1741113129 46330 0
1741113131 46251 0
1741113133 46096 0
1741113135 46043 0
1741113137 46130 0
1741113139 46109 0
1741113141 46121 0
1741113143 46137 0
1741113145 46149 0
1741113147 46313 0
1741113149 46150 0
1741113151 46078 0
1741113153 46204 0
1741113155 46072 0
1741113158 46099 0
1741113160 46077 0
1741113162 46199 0
1741113164 46150 0
1741113166 46069 0
1741113168 46024 0
1741113170 45982 0
1741113172 46007 0
1741113174 46134 0
1741113176 46492 0
1741113178 46756 0
1741113180 46982 0
1741113182 47315 0
1741113184 47530 0
1741113186 47642 0
1741113188 47641 0
1741113190 47024 0
1741113192 46509 0
1741113194 46279 0
1741113196 46194 0
1741113198 46143 0
1741113200 45971 0
1741113202 45934 0
1741113205 45833 0
1741113207 45995 0
1741113209 45981 0
1741113211 45915 0
1741113213 45954 0
1741113215 46018 0
1741113217 46022 0
1741113219 45904 0
1741113221 46216 0
1741113223 46128 0
1741113225 46030 0
1741113227 45996 0
1741113229 46016 0
1741113231 45937 0
1741113233 46020 0
1741113235 46172 0
1741113237 46532 0
1741113239 46918 0
1741113241 47268 0
1741113243 47492 0
1741113245 47703 0
1741113247 47790 0
1741113249 47849 0
1741113252 47798 0
1741113254 47803 0
1741113256 47656 0
1741113258 47269 0
1741113260 46824 0
1741113262 46376 0
1741113264 46236 0
1741113266 46324 0
1741113268 46292 0
1741113270 46217 0
1741113272 46179 0
1741113274 46140 0
1741113276 46025 0
1741113278 45984 0
1741113280 46175 0
1741113282 46198 0
1741113284 46221 0
1741113286 46084 0
1741113288 46113 0
1741113290 46009 0
1741113292 45884 0
1741113294 45970 0
1741113297 46129 0
1741113299 46118 0
1741113301 46163 0
1741113303 46379 0
1741113305 46763 0
1741113307 47203 0
1741113309 47670 0
1741113311 47709 0
1741113313 47666 0
1741113315 47668 0
1741113317 47649 0
1741113319 47683 0
1741113321 47680 0
1741113323 47742 0
1741113325 47488 0
1741113327 46906 0
1741113329 46656 0
1741113331 46531 0
1741113333 46425 0
1741113335 46336 0
1741113337 46180 0
1741113339 46181 0
1741113342 46095 0
1741113344 46106 0
1741113346 46162 0
1741113348 46103 0
1741113350 46015 0
1741113352 45935 0
1741113354 45866 0
1741113356 46032 0
1741113358 45989 0
1741113360 46012 0
1741113362 45933 0
1741113364 45895 0
1741113366 45910 0
1741113368 46204 0
1741113370 46170 0
1741113372 46075 0
1741113374 46044 0
1741113376 46129 0
1741113378 46191 0
1741113380 46346 0
1741113382 46494 0
1741113384 46770 0
1741113387 47154 0
1741113389 47598 0
1741113391 47832 0
1741113393 47825 0
1741113395 47575 0
1741113397 47050 0
1741113399 46658 0
1741113401 46721 0
1741113403 46472 0
1741113405 46265 0
1741113407 45994 0
1741113409 45967 0
1741113411 45976 0
1741113413 45991 0
1741113415 46056 0
1741113417 45988 0
1741113419 46047 0
1741113421 45975 0
1741113423 45938 0
1741113425 45849 0
1741113427 45950 0
1741113429 46117 0
1741113431 46054 0
1741113434 45910 0
1741113436 45943 0
1741113438 45966 0
1741113440 46042 0
1741113442 45978 0
1741113444 45982 0
1741113446 46007 0
1741113448 46091 0
1741113450 46113 0
1741113452 46295 0
1741113454 46752 0
1741113456 47110 0
1741113458 47523 0
1741113460 47978 0
1741113462 47866 0
1741113464 47211 0
1741113466 46774 0
1741113468 46532 0
1741113470 46259 0
1741113472 46168 0
1741113474 46118 0
1741113476 46100 0
1741113478 45949 0
1741113481 45922 0
1741113483 45911 0
1741113485 46007 0
1741113487 46100 0
1741113489 46171 0
1741113491 46171 0
1741113493 46145 0
1741113495 46074 0
1741113497 45930 0
1741113499 45981 0
1741113501 46017 0
1741113503 46050 0
1741113505 46160 0
1741113507 46364 0
1741113509 46522 0
1741113511 46875 0
1741113513 47242 0
1741113515 47571 0
1741113517 47627 0
1741113519 47734 0
1741113521 47910 0
1741113523 47669 0
1741113525 47598 0
1741113528 47622 0
1741113530 47634 0
1741113532 47438 0
1741113534 46886 0
1741113536 46473 0
1741113538 46326 0
1741113540 46132 0
1741113542 45944 0
1741113544 46006 0
1741113546 46073 0
1741113548 46170 0
1741113550 46261 0
1741113552 46165 0
1741113554 46180 0
1741113556 46162 0
1741113558 46080 0
1741113560 46099 0
1741113562 45950 0
1741113564 45971 0
1741113566 46027 0
1741113568 46116 0
1741113570 46033 0
1741113572 46065 0
1741113575 46179 0
1741113577 46307 0
1741113579 46480 0
1741113581 47088 0
1741113583 47492 0
1741113585 47677 0
1741113587 47746 0
1741113589 47718 0
1741113591 47703 0
1741113593 47580 0
1741113595 47661 0
1741113597 47542 0
1741113599 47462 0
1741113601 47240 0
1741113603 46721 0
1741113605 46469 0
1741113607 46412 0
1741113609 46345 0
1741113611 46363 0
1741113613 46248 0
1741113615 46278 0
1741113617 46249 0
1741113620 46248 0
1741113622 46108 0
1741113624 46056 0
1741113626 45965 0
1741113628 46122 0
1741113630 46060 0
1741113632 46021 0
1741113634 46134 0
1741113636 46085 0
1741113638 46086 0
1741113640 46323 0
1741113642 46317 0
1741113644 46283 0
1741113646 46356 0
1741113648 46132 0
1741113650 46052 0
1741113652 46101 0
1741113654 46024 0
1741113656 46244 0
1741113658 46450 0
1741113660 46722 0
1741113662 47123 0
1741113664 47527 0
1741113667 47853 0
1741113669 47874 0
1741113671 47226 0
1741113673 46747 0
1741113675 46480 0
1741113677 46288 0
1741113679 46323 0
1741113681 46118 0
1741113683 46099 0
1741113685 46056 0
1741113687 46164 0
1741113689 46151 0
1741113691 46107 0
1741113693 46168 0
1741113695 46133 0
1741113697 46167 0
1741113699 46202 0
1741113701 46319 0
1741113703 46185 0
1741113705 46228 0
1741113707 46224 0
1741113709 46145 0
1741113712 46164 0
1741113714 46016 0
1741113716 46095 0
1741113718 46053 0
1741113720 46001 0
1741113722 46110 0
1741113724 46244 0
1741113726 46423 0
1741113728 46814 0
1741113730 47238 0
1741113732 47536 0
1741113734 47797 0
1741113736 47893 0
1741113738 47738 0
1741113740 47146 0
1741113742 46683 0
1741113744 46513 0
1741113746 46369 0
1741113748 46384 0
1741113750 46348 0
1741113752 46306 0
1741113754 46311 0
1741113756 46343 0
1741113759 46345 0
1741113761 46467 0
1741113763 46375 0
1741113765 46221 0
1741113767 46239 0
1741113769 46245 0
1741113771 46176 0
1741113773 46220 0
1741113775 46326 0
1741113777 46320 0
1741113779 46353 0
1741113781 46499 0
1741113783 46605 0
1741113785 46897 0
1741113787 47474 0
1741113789 47881 0
1741113791 48017 0
1741113793 47883 0
1741113795 47812 0
1741113797 47733 0
1741113799 47756 0
1741113801 47685 0
1741113803 47631 0
1741113806 47566 0
1741113808 47345 0
1741113810 46869 0
1741113812 46538 0
1741113814 46488 0
1741113816 46353 0
1741113818 46346 0
1741113820 46445 0
1741113822 46520 0
1741113824 46329 0
1741113826 46309 0
1741113828 46370 0
1741113830 46300 0
1741113832 46347 0
1741113834 46329 0
1741113836 46331 0
1741113838 46339 0
1741113840 46296 0
1741113842 46279 0
1741113844 46204 0
1741113846 46167 0
1741113848 46355 0
1741113851 46447 0
1741113853 46766 0
1741113855 47126 0
1741113857 47428 0
1741113859 47819 0
1741113861 47863 0
1741113863 47925 0
1741113865 47849 0
1741113867 47918 0
1741113869 47816 0
1741113871 47760 0
1741113873 47787 0
1741113875 47862 0
1741113877 47396 0
1741113879 47039 0
1741113881 47026 0
1741113883 46826 0
1741113885 46653 0
1741113887 46564 0
1741113889 46495 0
1741113891 46527 0
1741113894 46659 0
1741113896 46702 0
1741113898 46735 0
1741113900 46836 0
1741113902 46846 0
1741113904 46741 0
1741113906 46685 0
1741113908 46641 0
1741113910 46529 0
1741113912 46371 0
1741113914 46266 0
1741113916 46386 0
1741113918 46371 0
1741113920 46404 0
1741113922 46638 0
1741113924 46800 0
1741113926 46866 0
1741113928 47124 0
1741113930 47325 0
1741113932 47670 0
1741113934 47999 0
1741113936 48052 0
1741113939 47981 0
1741113941 48159 0
1741113943 48027 0
1741113945 47634 0
1741113947 46987 0
1741113949 46574 0
1741113951 46310 0
1741113953 46272 0
1741113955 46151 0
1741113957 46165 0
1741113959 46100 0
1741113961 46083 0
1741113963 46086 0
1741113965 46099 0
1741113967 46266 0
1741113969 46345 0
1741113971 46248 0
1741113973 46168 0
1741113975 46057 0
1741113977 45993 0
1741113979 46069 0
1741113981 46123 0
1741113983 46001 0
1741113986 46059 0
1741113988 46077 0
1741113990 46190 0
1741113992 46143 0
1741113994 46266 0
1741113996 46260 0
1741113998 46278 0
1741114000 46625 0
1741114002 46968 0
1741114004 47402 0
1741114006 47692 0
1741114008 47718 0
1741114010 47850 0
1741114012 47830 0
1741114014 47277 0
1741114016 46898 0
1741114018 46682 0
1741114020 46590 0
1741114022 46589 0
1741114024 46436 0
1741114026 46436 0
1741114028 46432 0
1741114031 46321 0
1741114033 46206 0
1741114035 46326 0
1741114037 46279 0
1741114039 46325 0
1741114041 46165 0
1741114043 46133 0
1741114045 46179 0
1741114047 46205 0
1741114049 46165 0
1741114051 46091 0
1741114053 46322 0
1741114055 46286 0
1741114057 46538 0
1741114059 46798 0
1741114061 47199 0
1741114063 47547 0
1741114065 47852 0
1741114067 47930 0
1741114069 48125 0
1741114071 48222 0
1741114073 48192 0
1741114075 48305 0
1741114078 48183 0
1741114080 48106 0
1741114082 47961 0
1741114084 47355 0
1741114086 47001 0
1741114088 46765 0
1741114090 46649 0
1741114092 46489 0
1741114094 46334 0
1741114096 46360 0
1741114098 46263 0
1741114100 46366 0
1741114102 46376 0
1741114104 46233 0
1741114106 46270 0
1741114108 46363 0
1741114110 46385 0
1741114112 46518 0
1741114114 46499 0
1741114116 46397 0
1741114118 46405 0
1741114120 46686 0
1741114122 46583 0
1741114125 46657 0
1741114127 46662 0
1741114129 46933 0
1741114131 47196 0
1741114133 47516 0
1741114135 47760 0
1741114137 47919 0
1741114139 47963 0
1741114141 47995 0
1741114143 47897 0
1741114145 47826 0
1741114147 47888 0
1741114149 47960 0
1741114151 47596 0
1741114153 46996 0
1741114155 46757 0
1741114157 46602 0
1741114159 46421 0
1741114161 46351 0
1741114163 46224 0
1741114165 46237 0
1741114167 46249 0
1741114170 46224 0
1741114172 46161 0
1741114174 46297 0
1741114176 46232 0
1741114178 46239 0
1741114180 46251 0
1741114182 46245 0
1741114184 46192 0
1741114186 46061 0
1741114188 46041 0
1741114190 46041 0
1741114192 45980 0
1741114194 45982 0
1741114196 45962 0
1741114198 45919 0
1741114200 45997 0
1741114202 45988 0
1741114204 45992 0
1741114206 46094 0
1741114208 46579 0
1741114210 46919 0
1741114212 47288 0
1741114214 47600 0
1741114217 47753 0
1741114219 47782 0
1741114221 47229 0
1741114223 46692 0
1741114225 46410 0
1741114227 46322 0
1741114229 46197 0
1741114231 46197 0
1741114233 46154 0
1741114235 46214 0
1741114237 46114 0
1741114239 46145 0
1741114241 46333 0
1741114243 46310 0
1741114245 46189 0
1741114247 46105 0
1741114249 46156 0
1741114251 46198 0
1741114253 46026 0
1741114255 46000 0
1741114257 45958 0
1741114259 46013 0
1741114261 46040 0
1741114264 46138 0
1741114266 46149 0
1741114268 46207 0
1741114270 46333 0
1741114272 46296 0
1741114274 46331 0
1741114276 46335 0
1741114278 46499 0
1741114280 46732 0
1741114282 47105 0
1741114284 47491 0
1741114286 47764 0
1741114288 47676 0
1741114290 47010 0
1741114292 46614 0
1741114294 46411 0
1741114296 46231 0
1741114298 46105 0
1741114300 46317 0
1741114302 46169 0
1741114304 46154 0
1741114306 45996 0
1741114309 46204 0
1741114311 46042 0
1741114313 45975 0
1741114315 46050 0
1741114317 46100 0
1741114319 46091 0
1741114321 46118 0
1741114323 46165 0
1741114325 46226 0
1741114327 46389 0
1741114329 46426 0
1741114331 46415 0
1741114333 46524 0
1741114335 46676 0
1741114337 47142 0
1741114339 47625 0
1741114341 47883 0
1741114343 47799 0
1741114345 47877 0
1741114347 47922 0
1741114349 47825 0
1741114351 47832 0
1741114353 47974 0
1741114356 47729 0
1741114358 47431 0
1741114360 46953 0
1741114362 46781 0
1741114364 46535 0
1741114366 46480 0
1741114368 46357 0
1741114370 46379 0
1741114372 46286 0
1741114374 46235 0
1741114376 46258 0
1741114378 46253 0
1741114380 46332 0
1741114382 46277 0
1741114384 46328 0
1741114386 46329 0
1741114388 46462 0
1741114390 46206 0
1741114392 46155 0
1741114394 46099 0
1741114396 46179 0
1741114398 46238 0
1741114400 46212 0
1741114403 46375 0
1741114405 46684 0
1741114407 47313 0
1741114409 47698 0
1741114411 47853 0
1741114413 47893 0
1741114415 47904 0
1741114417 47748 0
1741114419 47770 0
1741114421 47998 0
1741114423 47793 0
1741114425 47739 0
1741114427 47436 0
1741114429 47039 0
1741114431 46733 0
1741114433 46576 0
1741114435 46614 0
1741114437 46622 0
1741114439 46482 0
1741114441 46331 0
1741114443 46297 0
1741114445 46240 0
1741114448 46302 0
1741114450 46319 0
1741114452 46380 0
1741114454 46292 0
1741114456 46263 0
1741114458 46271 0
1741114460 46212 0
1741114462 46313 0
1741114464 46432 0
1741114466 46488 0
1741114468 46534 0
1741114470 46327 0
1741114472 46222 0
1741114474 46355 0
1741114476 46440 0
1741114478 46496 0
1741114480 46879 0
1741114482 47025 0
1741114484 47493 0
1741114486 47854 0
1741114488 48000 0
1741114490 48148 0
1741114492 48127 0
1741114495 48087 0
1741114497 47551 0
1741114499 47129 0
1741114501 46659 0
1741114503 46447 0
1741114505 46299 0
1741114507 46360 0
1741114509 46464 0
1741114511 46258 0
1741114513 46138 0
1741114515 46069 0
1741114517 46179 0
1741114519 46239 0
1741114521 46099 0
1741114523 46082 0
1741114525 46155 0
1741114527 46199 0
1741114529 46262 0
1741114531 46302 0
1741114533 46233 0
1741114535 46090 0
1741114537 45969 0
1741114539 46134 0
1741114542 46253 0
1741114544 46140 0
1741114546 46189 0
1741114548 46229 0
1741114550 46332 0
1741114552 46543 0
1741114554 46826 0
1741114556 47211 0
1741114558 47455 0
1741114560 47529 0
1741114562 47628 0
1741114564 47248 0
1741114566 46778 0
1741114568 46587 0
1741114570 46406 0
1741114572 46294 0
1741114574 46191 0
1741114576 46153 0
1741114578 46115 0
1741114580 46125 0
1741114582 46124 0
1741114584 46071 0
1741114586 46156 0
1741114589 46104 0
1741114591 46107 0
1741114593 46124 0
1741114595 46322 0
1741114597 46412 0
1741114599 46378 0
1741114601 46620 0
1741114603 46461 0
1741114605 46430 0
1741114607 46536 0
1741114609 46691 0
1741114611 47032 0
1741114613 47386 0
1741114615 47636 0
1741114617 47731 0
1741114619 47640 0
1741114621 47718 0
1741114623 47746 0
1741114625 47596 0
1741114627 47592 0
1741114629 47574 0
1741114631 47470 0
1741114634 46796 0
1741114636 46431 0
1741114638 46272 0
1741114640 46125 0
1741114642 46009 0
1741114644 45974 0
1741114646 46010 0
1741114648 46025 0
1741114650 45963 0
1741114652 45968 0
1741114654 45953 0
1741114656 45950 0
1741114658 45984 0
1741114660 46218 0
1741114662 46279 0
1741114664 46101 0
1741114666 46139 0
1741114668 46093 0
1741114670 46093 0
1741114672 46102 0
1741114674 46305 0
1741114676 46448 0
1741114678 46866 0
1741114681 47164 0
1741114683 47446 0
1741114685 47778 0
1741114687 47968 0
1741114689 47821 0
1741114691 47639 0
1741114693 47619 0
1741114695 47629 0
1741114697 47563 0
1741114699 47432 0
1741114701 47426 0
1741114703 46735 0
1741114705 46494 0
1741114707 46519 0
1741114709 46483 0
1741114711 46539 0
1741114713 46597 0
1741114715 46451 0
1741114717 46310 0
1741114719 46315 0
1741114721 46406 0
1741114723 46317 0
1741114725 46275 0
1741114728 46200 0
1741114730 46346 0
1741114732 46445 0
1741114734 46426 0
1741114736 46268 0
1741114738 46320 0
1741114740 46285 0
1741114742 46207 0
1741114744 46184 0
1741114746 46129 0
1741114748 46185 0
1741114750 46094 0
1741114752 46259 0
1741114754 46392 0
1741114756 46687 0
1741114758 46954 0
1741114760 47237 0
1741114762 47575 0
1741114764 47666 0
1741114766 47752 0
1741114768 47798 0
1741114770 47258 0
1741114773 46815 0
1741114775 46605 0
1741114777 46425 0
1741114779 46359 0
1741114781 46547 0
1741114783 46272 0
1741114785 46201 0
1741114787 46098 0
1741114789 46133 0
1741114791 46047 0
1741114793 45996 0
1741114795 46056 0
1741114797 46221 0
1741114799 46335 0
1741114801 46186 0
1741114803 46178 0
1741114805 46240 0
1741114807 46206 0
1741114809 46190 0
1741114811 46054 0
1741114813 46118 0
1741114815 46027 0
1741114817 46092 0
1741114820 46258 0
1741114822 46337 0
1741114824 46476 0
1741114826 46656 0
1741114828 46884 0
1741114830 47135 0
1741114832 47492 0
1741114834 47746 0
1741114836 47899 0
1741114838 47899 0
1741114840 47538 0
1741114842 47241 0
1741114844 46768 0
1741114846 46479 0
1741114848 46204 0
1741114850 46124 0
1741114852 45971 0
1741114854 45996 0
1741114856 46198 0
1741114858 46181 0
1741114860 46198 0
1741114862 46264 0
1741114864 46424 0
1741114867 46440 0
1741114869 46475 0
1741114871 46336 0
1741114873 46236 0
1741114875 46322 0
1741114877 46484 0
1741114879 46374 0
1741114881 46344 0
1741114883 46613 0
1741114885 46971 0
1741114887 47468 0
1741114889 47757 0
1741114891 47857 0
1741114893 47826 0
1741114895 47732 0
1741114897 47719 0
1741114899 47767 0
1741114901 47858 0
1741114903 47679 0
1741114905 47656 0
1741114907 47461 0
1741114909 46982 0
1741114912 46651 0
1741114914 46429 0
1741114916 46343 0
1741114918 46130 0
1741114920 46115 0
1741114922 46061 0
1741114924 46061 0
1741114926 46046 0
1741114928 46011 0
1741114930 46118 0
1741114932 46192 0
1741114934 46070 0
1741114936 46081 0
1741114938 46117 0
1741114940 46031 0
1741114942 46175 0
1741114944 46364 0
1741114946 46438 0
1741114948 46719 0
1741114950 46812 0
1741114952 47131 0
1741114954 47455 0
1741114956 47846 0
1741114959 47981 0
1741114961 48463 0
1741114963 48427 0
1741114965 48290 0
1741114967 48126 0
1741114969 47949 0
1741114971 47783 0
1741114973 47770 0
1741114975 47851 0
1741114977 47269 0
1741114979 46785 0
1741114981 46570 0
1741114983 46484 0
1741114985 46301 0
1741114987 46306 0
1741114989 46338 0
1741114991 46220 0
1741114993 46123 0
1741114995 46043 0
1741114997 45923 0
1741114999 45972 0
1741115001 45950 0
1741115003 45902 0
1741115006 45876 0
1741115008 46018 0
1741115010 46073 0
1741115012 46071 0
1741115014 46175 0
1741115016 46106 0
1741115018 46065 0
1741115020 46218 0
1741115022 46306 0
1741115024 46187 0
1741115026 46253 0
1741115028 46381 0
1741115030 46335 0
1741115032 46405 0
1741115034 46644 0
1741115036 47098 0
1741115038 47453 0
1741115040 47681 0
1741115042 47721 0
1741115044 47698 0
1741115046 47163 0
1741115048 46776 0
1741115051 46542 0
1741115053 46268 0
1741115055 46177 0
1741115057 46189 0
1741115059 46245 0
1741115061 46067 0
1741115063 46072 0
1741115065 46113 0
1741115067 46217 0
1741115069 46194 0
1741115071 46047 0
1741115073 46141 0
1741115075 46058 0
1741115077 46028 0
1741115079 46194 0
1741115081 46227 0
1741115083 46141 0
1741115085 45965 0
1741115087 46026 0
1741115089 45926 0
1741115091 45881 0
1741115093 45872 0
1741115095 45968 0
1741115098 46064 0
1741115100 46202 0
1741115102 46519 0
1741115104 46911 0
1741115106 47224 0
1741115108 47545 0
1741115110 47775 0
1741115112 47698 0
1741115114 47426 0
1741115116 46958 0
1741115118 46459 0
1741115120 46223 0
1741115122 46185 0
1741115124 46119 0
1741115126 46048 0
1741115128 45991 0
1741115130 45943 0
1741115132 45960 0
1741115134 45939 0
1741115136 45922 0
1741115138 45890 0
1741115140 46192 0
1741115142 46113 0
1741115145 45903 0
1741115147 45908 0
1741115149 45983 0
1741115151 46012 0
1741115153 46016 0
1741115155 46081 0
1741115157 46084 0
1741115159 46219 0
1741115161 46477 0
1741115163 46849 0
1741115165 47286 0
1741115167 47511 0
1741115169 47729 0
1741115171 47603 0
1741115173 47541 0
1741115175 47665 0
1741115177 47589 0
1741115179 47530 0
1741115181 47483 0
1741115184 46988 0
1741115186 46530 0
1741115188 46341 0
1741115190 46148 0
1741115192 46056 0
1741115194 45999 0
1741115196 46052 0
1741115198 45975 0
1741115200 46198 0
1741115202 46155 0
1741115204 46187 0
1741115206 46155 0
1741115208 46168 0
1741115210 46106 0
1741115212 46074 0
1741115214 46106 0
1741115216 46213 0
1741115218 46266 0
1741115220 46268 0
1741115222 46231 0
1741115224 46297 0
1741115226 46493 0
1741115229 46793 0
1741115231 47151 0
1741115233 47642 0
1741115235 47875 0
1741115237 47905 0
1741115239 47941 0
1741115241 47843 0
1741115243 47788 0
1741115245 47743 0
1741115247 47759 0
1741115249 47750 0
1741115251 47445 0
1741115253 47032 0
1741115255 46729 0
1741115257 46544 0
1741115259 46453 0
1741115261 46502 0
1741115263 46308 0
1741115265 46076 0
1741115267 45889 0
1741115269 45828 0
1741115271 45967 0
1741115273 45949 0
1741115276 45995 0
1741115278 45967 0
1741115280 45932 0
1741115282 46016 0
1741115284 45986 0
1741115286 45954 0
1741115288 46063 0
1741115290 46021 0
1741115292 45968 0
1741115294 45947 0
1741115296 46029 0
1741115298 46030 0
1741115300 45942 0
1741115302 45947 0
1741115304 46018 0
1741115306 46209 0
1741115308 46604 0
1741115310 46852 0
1741115312 47316 0
1741115314 47589 0
1741115316 47763 0
1741115318 47836 0
1741115321 47610 0
1741115323 47009 0
1741115325 46573 0
1741115327 46330 0
1741115329 46169 0
1741115331 46116 0
1741115333 46012 0
1741115335 45895 0
1741115337 46069 0
1741115339 46056 0
1741115341 46006 0
1741115343 46058 0
1741115345 46176 0
1741115347 46295 0
1741115349 46311 0
1741115351 46227 0
1741115353 46120 0
1741115355 46178 0
1741115357 46144 0
1741115359 46123 0
1741115361 46099 0
1741115364 46141 0
1741115366 46357 0
1741115368 46403 0
1741115370 46321 0
1741115372 46452 0
1741115374 46623 0
1741115376 46746 0
1741115378 47061 0
1741115380 47516 0
1741115382 47799 0
1741115384 47791 0
1741115386 47719 0
1741115388 47789 0
1741115390 47142 0
1741115392 46713 0
1741115394 46431 0
1741115396 46203 0
1741115398 46137 0
1741115400 46091 0
1741115402 46002 0
1741115404 46023 0
1741115406 46004 0
1741115409 46170 0
1741115411 46259 0
1741115413 46258 0
1741115415 46384 0
1741115417 46307 0
1741115419 46231 0
1741115421 46102 0
1741115423 46098 0
1741115425 46085 0
1741115427 46102 0
1741115429 46102 0
1741115431 46118 0
1741115433 46379 0
1741115435 46914 0
1741115437 47412 0
1741115439 47690 0
1741115441 48036 0
1741115443 47838 0
1741115445 47721 0
1741115447 47774 0
1741115449 47716 0
1741115451 47625 0
1741115453 47653 0
1741115456 47592 0
1741115458 47375 0
1741115460 46750 0
1741115462 46425 0
1741115464 46236 0
1741115466 46188 0
1741115468 46243 0
1741115470 46213 0
1741115472 46057 0
1741115474 45918 0
1741115476 46089 0
1741115478 45975 0
1741115480 45909 0
1741115482 46055 0
1741115484 45923 0
1741115486 45789 0
1741115488 45962 0
1741115490 45984 0
1741115492 45995 0
1741115494 46114 0
1741115496 46220 0
1741115498 46296 0
1741115500 46577 0
1741115503 46590 0
1741115505 46870 0
1741115507 47383 0
1741115509 47549 0
1741115511 47668 0
1741115513 47673 0
1741115515 47672 0
1741115517 47600 0
1741115519 47481 0
1741115521 47511 0
1741115523 47389 0
1741115525 47384 0
1741115527 47141 0
1741115529 46845 0
1741115531 46440 0
1741115533 46300 0
1741115535 46300 0
1741115537 46213 0
1741115539 46045 0
1741115541 45965 0
1741115543 46033 0
1741115545 45999 0
1741115547 46017 0
1741115550 45917 0
1741115552 45930 0
1741115554 46034 0
1741115556 45989 0
1741115558 45917 0
1741115560 45982 0
1741115562 46104 0
1741115564 46026 0
1741115566 45922 0
1741115568 45899 0
1741115570 45928 0
1741115572 46016 0
1741115574 46108 0
1741115576 46104 0
1741115578 45996 0
1741115580 46082 0
1741115582 46248 0
1741115584 46556 0
1741115586 46829 0
1741115588 47493 0
1741115590 47662 0
1741115592 47661 0
1741115595 47660 0
1741115597 47015 0
1741115599 46544 0
1741115601 46238 0
1741115603 46264 0
1741115605 46114 0
1741115607 46231 0
1741115609 46104 0
1741115611 46081 0
1741115613 46148 0
1741115615 46091 0
1741115617 46048 0
1741115619 46067 0
1741115621 46280 0
1741115623 46101 0
1741115625 46092 0
1741115627 46012 0
1741115629 46120 0
1741115631 46023 0
1741115633 45948 0
1741115635 45953 0
1741115637 45920 0
1741115639 45939 0
1741115642 45978 0
1741115644 45904 0
1741115646 46055 0
1741115648 46168 0
1741115650 46277 0
1741115652 46517 0
1741115654 46640 0
1741115656 47046 0
1741115658 47332 0
1741115660 47518 0
1741115662 47505 0
1741115664 47210 0
1741115666 46707 0
1741115668 46422 0
1741115670 46213 0
1741115672 46039 0
1741115674 46071 0
1741115676 45978 0
1741115678 45900 0
1741115680 46124 0
1741115682 45953 0
1741115684 45974 0
1741115687 45917 0
1741115689 45859 0
1741115691 45765 0
1741115693 45737 0
1741115695 45813 0
1741115697 45901 0
1741115699 45956 0
1741115701 45980 0
1741115703 45995 0
1741115705 46110 0
1741115707 46403 0
1741115709 46906 0
1741115711 47227 0
1741115713 47467 0
1741115715 47653 0
1741115717 47607 0
1741115719 47643 0
1741115721 47653 0
1741115723 47608 0
1741115725 47522 0
1741115727 47494 0
1741115729 47378 0
1741115731 47301 0
1741115734 47114 0
1741115736 46666 0
1741115738 46277 0
1741115740 46282 0
1741115742 46236 0
1741115744 46106 0
1741115746 46127 0
1741115748 46032 0
1741115750 45958 0
1741115752 45896 0
1741115754 46008 0
1741115756 45898 0
1741115758 45829 0
1741115760 45976 0
1741115762 46014 0
1741115764 46079 0
1741115766 46069 0
1741115768 46144 0
1741115770 45996 0
1741115772 46174 0
1741115774 46346 0
1741115776 46457 0
1741115779 46990 0
1741115781 47312 0
1741115783 47584 0
1741115785 47668 0
1741115787 47798 0
1741115789 47649 0
1741115791 47639 0
1741115793 47657 0
1741115795 47612 0
1741115797 47490 0
1741115799 47354 0
1741115801 47524 0
1741115803 47084 0
1741115805 46694 0
1741115807 46472 0
1741115809 46106 0
1741115811 45958 0
1741115813 45843 0
1741115815 45918 0
1741115817 45871 0
1741115819 45886 0
1741115821 45848 0
1741115823 45834 0
1741115826 45821 0
1741115828 45846 0
1741115830 45815 0
1741115832 45889 0
1741115834 45873 0
1741115836 45874 0
1741115838 45850 0
1741115840 45834 0
1741115842 45832 0
1741115844 45931 0
1741115846 45988 0
1741115848 46202 0
1741115850 46284 0
1741115852 46352 0
1741115854 46362 0
1741115856 46405 0
1741115858 46674 0
1741115860 47213 0
1741115862 47439 0
1741115864 47513 0
1741115866 47627 0
1741115868 47686 0
1741115871 47302 0
1741115873 46737 0
1741115875 46526 0
1741115877 46420 0
1741115879 46257 0
1741115881 46229 0
1741115883 46099 0
1741115885 46105 0
1741115887 46119 0
1741115889 46150 0
1741115891 46077 0
1741115893 45934 0
1741115895 45918 0
1741115897 45929 0
1741115899 46025 0
1741115901 46065 0
1741115903 45932 0
1741115905 45899 0
1741115907 45912 0
1741115909 45828 0
1741115911 45769 0
1741115913 45854 0
1741115915 45725 0
1741115918 45814 0
1741115920 45916 0
1741115922 46139 0
1741115924 46331 0
1741115926 46475 0
1741115928 46599 0
1741115930 47014 0
1741115932 47431 0
1741115934 47564 0
1741115936 47630 0
1741115938 47608 0
1741115940 47073 0
1741115942 46492 0
1741115944 46307 0
1741115946 46203 0
1741115948 46160 0
1741115950 46085 0
1741115952 45954 0
1741115954 45897 0
1741115956 45929 0
1741115958 45833 0
1741115960 46047 0
1741115963 46077 0
1741115965 46128 0
1741115967 46132 0
1741115969 46116 0
1741115971 46091 0
1741115973 46105 0
1741115975 46110 0
1741115977 46083 0
1741115979 45996 0
1741115981 46244 0
1741115983 46326 0
1741115985 46548 0
1741115987 46977 0
1741115989 47340 0
1741115991 47563 0
1741115993 47669 0
1741115995 47702 0
1741115997 47652 0
1741115999 47655 0
1741116001 47589 0
1741116003 47573 0
1741116005 47592 0
1741116007 47455 0
1741116010 46954 0
1741116012 46733 0
1741116014 46535 0
1741116016 46331 0
1741116018 46177 0
1741116020 46179 0
1741116022 46069 0
1741116024 46031 0
1741116026 45913 0
1741116028 45928 0
1741116030 45859 0
1741116032 45989 0
1741116034 46125 0
1741116036 45991 0
1741116038 46055 0
1741116040 46347 0
1741116042 46227 0
1741116044 46251 0
1741116046 46095 0
1741116048 46309 0
1741116050 46282 0
1741116052 46542 0
1741116055 46961 0
1741116057 47299 0
1741116059 47461 0
1741116061 47762 0
1741116063 47683 0
1741116065 47793 0
1741116067 47860 0
1741116069 47889 0
1741116071 47661 0
1741116073 47669 0
1741116075 47535 0
1741116077 47160 0
1741116079 46748 0
1741116081 46575 0
1741116083 46333 0
1741116085 46345 0
1741116087 46380 0
1741116089 46157 0
1741116091 46070 0
1741116093 46160 0
1741116095 46124 0
1741116097 46159 0
1741116099 46151 0
1741116102 46328 0
1741116104 46238 0
1741116106 46240 0
1741116108 46171 0
1741116110 46036 0
1741116112 46027 0
1741116114 46043 0
1741116116 46141 0
1741116118 46302 0
1741116120 46320 0
1741116122 46369 0
1741116124 46490 0
1741116126 46565 0
1741116128 46900 0
1741116130 46997 0
1741116132 47173 0
1741116134 47507 0
1741116136 47687 0
1741116138 47842 0
1741116140 47785 0
1741116142 47703 0
1741116144 47712 0
1741116146 47169 0
1741116149 46718 0
1741116151 46452 0
1741116153 46185 0
1741116155 46183 0
1741116157 46107 0
1741116159 45885 0
1741116161 46214 0
1741116163 46032 0
1741116165 46067 0
1741116167 46007 0
1741116169 45942 0
1741116171 46001 0
1741116173 45942 0
1741116175 45991 0
1741116177 46008 0
1741116179 46039 0
1741116181 45988 0
1741116183 45964 0
1741116185 45899 0
1741116187 46059 0
1741116189 46073 0
1741116191 46035 0
1741116194 45994 0
1741116196 46042 0
1741116198 45962 0
1741116200 46038 0
1741116202 46124 0
1741116204 46340 0
1741116206 46701 0
1741116208 47130 0
1741116210 47419 0
1741116212 47614 0
1741116214 47258 0
1741116216 46733 0
1741116218 46347 0
1741116220 46346 0
1741116222 46150 0
1741116224 46059 0
1741116226 46028 0
1741116228 45905 0
1741116230 45899 0
1741116232 45928 0
1741116234 45849 0
1741116236 45779 0
1741116238 45729 0
1741116241 45763 0
1741116243 45820 0
1741116245 45899 0
1741116247 45973 0
1741116249 46060 0
1741116251 45923 0
1741116253 45854 0
1741116255 45959 0
1741116257 46032 0
1741116259 46178 0
1741116261 46370 0
1741116263 46661 0
1741116265 46932 0
1741116267 47331 0
1741116269 47461 0
1741116271 47580 0
1741116273 47542 0
1741116275 47394 0
1741116277 47311 0
1741116279 47399 0
1741116281 47601 0
1741116283 47057 0
1741116285 46503 0
1741116288 46086 0
1741116290 46060 0
1741116292 45936 0
1741116294 45927 0
1741116296 45897 0
1741116298 45862 0
1741116300 45881 0
1741116302 45886 0
1741116304 45898 0
1741116306 45835 0
1741116308 46050 0
1741116310 45971 0
1741116312 45907 0
1741116314 45898 0
1741116316 45942 0
1741116318 45940 0
1741116320 45844 0
1741116322 45839 0
1741116324 45994 0
1741116326 46202 0
1741116328 46343 0
1741116330 46530 0
1741116333 46778 0
1741116335 47311 0
1741116337 47422 0
1741116339 47465 0
1741116341 47738 0
1741116343 47593 0
1741116345 47468 0
1741116347 47314 0
1741116349 47199 0
1741116351 47088 0
1741116353 46600 0
1741116355 46336 0
1741116357 45952 0
1741116359 45889 0
1741116361 45899 0
1741116363 45941 0
1741116365 45799 0
1741116367 46002 0
1741116369 45995 0
1741116371 45877 0
1741116373 45859 0
1741116375 45783 0
1741116377 45838 0
1741116380 45770 0
1741116382 45811 0
1741116384 45822 0
1741116386 45748 0
1741116388 45679 0
1741116390 45687 0
1741116392 45699 0
1741116394 45833 0
1741116396 45888 0
1741116398 45924 0
1741116400 46110 0
1741116402 46090 0
1741116404 46048 0
1741116406 46170 0
1741116408 46306 0
1741116410 46618 0
1741116412 46950 0
1741116414 47309 0
1741116416 47419 0
1741116418 47493 0
1741116420 47320 0
1741116422 46544 0
1741116424 46177 0
1741116427 46201 0
1741116429 46046 0
1741116431 45888 0
1741116433 45909 0
1741116435 45893 0
1741116437 45826 0
1741116439 45832 0
1741116441 45832 0
1741116443 45720 0
1741116445 45689 0
1741116447 45795 0
1741116449 45842 0
1741116451 45858 0
1741116453 45844 0
1741116455 45855 0
1741116457 45805 0
1741116459 45862 0
1741116461 46097 0
1741116463 46015 0
1741116465 45969 0
1741116467 45907 0
1741116469 45973 0
1741116472 45937 0
1741116474 45994 0
1741116476 46138 0
1741116478 46353 0
1741116480 46613 0
1741116482 46828 0
1741116484 47136 0
1741116486 47310 0
1741116488 47503 0
1741116490 46991 0
1741116492 46440 0
1741116494 46327 0
1741116496 46141 0
1741116498 46063 0
1741116500 46040 0
1741116502 45938 0
1741116504 45892 0
1741116506 45830 0
1741116508 45885 0
1741116510 45863 0
1741116512 45829 0
1741116514 45964 0
1741116516 45847 0
1741116519 45900 0
1741116521 46142 0
1741116523 45986 0
1741116525 45865 0
1741116527 45896 0
1741116529 45967 0
1741116531 46087 0
1741116533 46207 0
1741116535 46260 0
1741116537 46533 0
1741116539 46843 0
1741116541 47230 0
1741116543 47464 0
1741116545 47519 0
1741116547 47652 0
1741116549 47674 0
1741116551 47546 0
1741116553 47472 0
1741116555 47294 0
1741116557 47262 0
1741116559 46727 0
1741116561 46387 0
1741116563 46190 0
1741116566 45929 0
1741116568 46061 0
1741116570 45896 0
1741116572 45850 0
1741116574 45948 0
1741116576 45827 0
1741116578 45895 0
1741116580 46019 0
1741116582 46159 0
1741116584 46036 0
1741116586 45933 0
1741116588 45911 0
1741116590 45873 0
1741116592 45680 0
1741116594 45767 0
1741116596 45769 0
1741116598 45833 0
1741116600 45843 0
1741116602 46101 0
1741116604 46341 0
1741116606 46811 0
1741116608 47323 0
1741116610 47423 0
1741116613 47507 0
1741116615 47621 0
1741116617 47503 0
1741116619 47558 0
1741116621 47429 0
1741116623 47340 0
1741116625 47187 0
1741116627 47074 0
1741116629 46556 0
1741116631 46295 0
1741116633 46286 0
1741116635 46132 0
1741116637 45951 0
1741116639 45798 0
1741116641 46002 0
1741116643 45906 0
1741116645 45765 0
1741116647 45793 0
1741116649 45721 0
1741116651 45871 0
1741116653 45878 0
1741116655 45851 0
1741116658 45930 0
1741116660 45956 0
1741116662 45841 0
1741116664 45830 0
1741116666 45777 0
1741116668 45827 0
1741116670 46030 0
1741116672 45773 0
1741116674 45854 0
1741116676 45851 0
1741116678 45841 0
1741116680 45968 0
1741116682 46018 0
1741116684 46229 0
1741116686 46505 0
1741116688 47049 0
1741116690 47173 0
1741116692 47292 0
1741116694 47588 0
1741116696 46962 0
1741116698 46387 0
1741116700 46342 0
1741116702 46053 0
1741116705 45933 0
1741116707 45846 0
1741116709 45757 0
1741116711 45735 0
1741116713 45824 0
1741116715 45794 0
1741116717 45758 0
1741116719 45824 0
1741116721 45836 0
1741116723 45808 0
1741116725 45831 0
1741116727 45814 0
1741116729 45892 0
1741116731 45773 0
1741116733 45831 0
1741116735 45929 0
1741116737 45897 0
1741116739 45815 0
1741116741 45723 0
1741116743 45726 0
1741116745 45835 0
1741116747 45959 0
1741116750 46014 0
1741116752 46228 0
1741116754 46731 0
1741116756 47010 0
1741116758 47284 0
1741116760 47618 0
1741116762 47759 0
1741116764 47646 0
1741116766 46979 0
1741116768 46604 0
1741116770 46337 0
1741116772 46107 0
1741116774 45917 0
1741116776 45867 0
1741116778 45938 0
1741116780 45788 0
1741116782 45840 0
1741116784 45948 0
1741116786 46023 0
1741116788 46162 0
1741116790 46102 0
1741116792 45932 0
1741116794 45967 0
1741116797 45921 0
1741116799 45959 0
1741116801 45923 0
1741116803 45829 0
1741116805 45863 0
1741116807 45997 0
1741116809 46229 0
1741116811 46510 0
1741116813 46970 0
1741116815 47420 0
1741116817 47616 0
1741116819 47808 0
1741116821 47888 0
1741116823 47686 0
1741116825 47560 0
1741116827 47457 0
1741116829 47389 0
1741116831 47257 0
1741116833 46990 0
1741116835 46568 0
1741116837 46377 0
1741116839 46139 0
1741116842 46054 0
1741116844 46072 0
1741116846 45944 0
1741116848 46036 0
1741116850 46053 0
1741116852 45954 0
1741116854 45874 0
1741116856 45897 0
1741116858 45863 0
1741116860 45947 0
1741116862 45976 0
1741116864 45983 0
1741116866 45921 0
1741116868 46047 0
1741116870 45951 0
1741116872 45919 0
1741116874 45979 0
1741116876 46047 0
1741116878 46253 0
1741116880 46720 0
1741116882 47358 0
1741116884 47506 0
1741116886 47505 0
1741116889 47507 0
1741116891 47469 0
1741116893 47430 0
1741116895 47413 0
1741116897 47445 0
1741116899 47460 0
1741116901 47399 0
1741116903 46916 0
1741116905 46387 0
1741116907 46253 0
1741116909 46209 0
1741116911 45990 0
1741116913 45988 0
1741116915 45981 0
1741116917 45928 0
1741116919 45834 0
1741116921 45842 0
1741116923 45965 0
1741116925 45946 0
1741116927 46024 0
1741116929 46007 0
1741116931 45963 0
1741116933 45995 0
1741116936 46057 0
1741116938 45883 0
1741116940 45964 0
1741116942 46105 0
1741116944 45990 0
1741116946 45910 0
1741116948 45928 0
1741116950 45957 0
1741116952 45953 0
1741116954 46059 0
1741116956 46133 0
1741116958 46163 0
1741116960 46414 0
1741116962 46626 0
1741116964 47053 0
1741116966 47393 0
1741116968 47615 0
1741116970 47396 0
1741116972 46823 0
1741116974 46427 0
1741116976 46293 0
1741116978 46129 0
1741116980 46018 0
1741116983 45973 0
1741116985 45770 0
1741116987 45911 0
1741116989 45895 0
1741116991 45884 0
1741116993 45851 0
1741116995 45809 0
1741116997 45821 0
1741116999 45879 0
1741117001 46129 0
1741117003 46116 0
1741117005 46001 0
1741117007 45837 0
1741117009 45773 0
1741117011 45718 0
1741117013 45779 0
1741117015 45877 0
1741117017 45828 0
1741117019 45732 0
1741117021 45728 0
1741117023 45848 0
1741117025 45977 0
1741117027 46235 0
1741117030 46713 0
1741117032 47136 0
1741117034 47482 0
1741117036 47600 0
1741117038 47610 0
1741117040 47200 0
1741117042 46505 0
1741117044 46243 0
1741117046 46138 0
1741117048 46072 0
1741117050 46093 0
1741117052 46018 0
1741117054 46076 0
1741117056 46021 0
1741117058 45881 0
1741117060 46158 0
1741117062 45935 0
1741117064 45861 0
1741117066 45754 0
1741117068 45628 0
1741117070 45639 0
1741117072 45754 0
1741117075 45872 0
1741117077 45870 0
1741117079 45893 0
1741117081 46133 0
1741117083 46184 0
1741117085 46359 0
1741117087 46751 0
1741117089 47147 0
1741117091 47262 0
1741117093 47415 0
1741117095 47510 0
1741117097 47506 0
1741117099 47295 0
1741117101 47454 0
1741117103 47466 0
1741117105 47398 0
1741117107 47297 0
1741117109 46905 0
1741117111 46559 0
1741117113 46409 0
1741117115 46203 0
1741117117 45888 0
1741117119 46052 0
1741117122 46057 0
1741117124 46050 0
1741117126 45964 0
1741117128 45914 0
1741117130 45896 0
1741117132 45923 0
1741117134 45913 0
1741117136 45866 0
1741117138 45871 0
1741117140 45832 0
1741117142 45897 0
1741117144 45843 0
1741117146 45793 0
1741117148 45980 0
1741117150 46005 0
1741117152 46192 0
1741117154 46413 0
1741117156 46711 0
1741117158 47177 0
1741117160 47328 0
1741117162 47437 0
1741117164 47460 0
1741117166 47537 0
1741117169 47481 0
1741117171 47491 0
1741117173 47435 0
1741117175 47310 0
1741117177 47127 0
1741117179 46544 0
1741117181 46414 0
1741117183 46211 0
1741117185 46025 0
1741117187 45902 0
1741117189 45862 0
1741117191 45837 0
1741117193 45856 0
1741117195 45948 0
1741117197 45880 0
1741117199 45859 0
1741117201 45870 0
1741117203 45897 0
1741117205 45898 0
1741117207 45877 0
1741117209 45916 0
1741117211 45916 0
1741117213 45814 0
1741117216 45856 0
1741117218 45743 0
1741117220 45854 0
1741117222 45905 0
1741117224 45879 0
1741117226 45863 0
1741117228 45928 0
1741117230 46034 0
1741117232 46060 0
1741117234 46368 0
1741117236 46672 0
1741117238 46935 0
1741117240 47278 0
1741117242 47483 0
1741117244 47512 0
1741117246 47076 0
1741117248 46496 0
1741117250 46233 0
1741117252 46021 0
1741117254 45884 0
1741117256 45731 0
1741117258 45736 0
1741117260 45630 0
1741117263 45766 0
1741117265 45719 0
1741117267 45876 0
1741117269 45990 0
1741117271 45891 0
1741117273 45729 0
1741117275 45750 0
1741117277 45729 0
1741117279 45850 0
1741117281 45741 0
1741117283 45937 0
1741117285 45884 0
1741117287 45825 0
1741117289 45760 0
1741117291 45704 0
1741117293 45820 0
1741117295 45736 0
1741117297 45701 0
1741117299 45723 0
1741117301 46169 0
1741117303 46294 0
1741117305 46596 0
1741117308 46794 0
1741117310 47167 0
1741117312 47281 0
1741117314 47250 0
1741117316 46650 0
1741117318 46432 0
1741117320 46123 0
1741117322 45906 0
1741117324 45853 0
1741117326 45739 0
1741117328 45757 0
1741117330 45702 0
1741117332 45605 0
1741117334 45699 0
1741117336 45750 0
1741117338 45702 0
1741117340 45687 0
1741117342 45745 0
1741117344 45679 0
1741117346 45741 0
1741117348 45759 0
1741117350 45793 0
1741117352 45730 0
1741117355 45737 0
1741117357 45730 0
1741117359 45910 0
1741117361 46349 0
1741117363 46695 0
1741117365 47039 0
1741117367 47279 0
1741117369 47309 0
1741117371 47399 0
1741117373 47538 0
1741117375 47447 0
1741117377 47299 0
1741117379 47290 0
1741117381 47182 0
1741117383 46871 0
1741117385 46401 0
1741117387 46196 0
1741117389 46050 0
1741117391 45921 0
1741117393 45819 0
1741117395 45894 0
1741117397 45796 0
1741117400 45831 0
1741117402 45758 0
1741117404 45726 0
1741117406 45769 0
1741117408 45849 0
1741117410 45754 0
1741117412 45851 0
1741117414 45939 0
1741117416 45807 0
1741117418 45780 0
1741117420 45993 0
1741117422 46041 0
1741117424 45986 0
1741117426 46195 0
1741117428 46169 0
1741117430 46354 0
1741117432 46725 0
1741117434 47174 0
1741117436 47410 0
1741117438 47437 0
1741117440 47493 0
1741117442 47359 0
1741117444 47338 0
1741117447 47338 0
1741117449 47365 0
1741117451 47307 0
1741117453 46757 0
1741117455 46221 0
1741117457 46013 0
1741117459 45946 0
1741117461 45864 0
1741117463 45872 0
1741117465 45851 0
1741117467 45846 0
1741117469 45912 0
1741117471 45858 0
1741117473 45941 0
1741117475 45871 0
1741117477 45790 0
1741117479 45819 0
1741117481 46035 0
1741117483 45925 0
1741117485 45882 0
1741117487 45848 0
1741117489 45840 0
1741117491 45863 0
1741117494 45761 0
1741117496 45865 0
1741117498 45908 0
1741117500 45849 0
1741117502 45804 0
1741117504 45914 0
1741117506 46037 0
1741117508 46266 0
1741117510 46506 0
1741117512 46940 0
1741117514 47208 0
1741117516 47352 0
1741117518 47567 0
1741117520 47424 0
1741117522 46763 0
1741117524 46506 0
1741117526 46277 0
1741117528 46152 0
1741117530 46063 0
1741117532 45945 0
1741117534 45955 0
1741117536 45957 0
1741117539 45930 0
1741117541 46239 0
1741117543 46132 0
1741117545 46007 0
1741117547 45972 0
1741117549 45966 0
1741117551 45923 0
1741117553 45920 0
1741117555 46102 0
1741117557 46057 0
1741117559 46060 0
1741117561 45944 0
1741117563 45894 0
1741117565 45932 0
1741117567 45939 0
1741117569 46023 0
1741117571 46043 0
1741117573 46068 0
1741117575 46132 0
1741117577 46336 0
1741117579 46501 0
1741117581 46820 0
1741117583 47200 0
1741117586 47361 0
1741117588 47566 0
1741117590 47237 0
1741117592 46698 0
1741117594 46437 0
1741117596 46327 0
1741117598 46141 0
1741117600 46163 0
1741117602 46201 0
1741117604 46051 0
1741117606 45911 0
1741117608 45995 0
1741117610 46065 0
1741117612 45894 0
1741117614 45864 0
1741117616 45912 0
1741117618 45814 0
1741117620 45835 0
1741117622 45844 0
1741117624 45870 0
1741117626 45914 0
1741117628 46131 0
1741117630 46112 0
1741117633 46171 0
1741117635 46407 0
1741117637 46816 0
1741117639 47109 0
1741117641 47423 0
1741117643 47509 0
1741117645 47510 0
1741117647 47484 0
1741117649 47370 0
1741117651 47305 0
1741117653 47394 0
1741117655 47405 0
1741117657 47327 0
1741117659 46855 0
1741117661 46765 0
1741117663 46477 0
1741117665 46250 0
1741117667 46009 0
1741117669 45883 0
1741117671 45918 0
1741117673 45866 0
1741117675 45785 0
1741117678 45693 0
1741117680 45687 0
1741117682 45718 0
1741117684 45599 0
1741117686 45758 0
1741117688 45761 0
1741117690 45950 0
1741117692 45860 0
1741117694 45938 0
1741117696 46026 0
1741117698 45813 0
1741117700 45971 0
1741117702 46048 0
1741117704 46227 0
1741117706 46422 0
1741117708 46929 0
1741117710 47291 0
1741117712 47457 0
1741117714 47435 0
1741117716 47440 0
1741117718 47492 0
1741117720 47642 0
1741117723 47468 0
1741117725 47332 0
1741117727 47074 0
1741117729 46410 0
1741117731 46230 0
1741117733 46005 0
1741117735 46005 0
1741117737 45984 0
1741117739 45915 0
1741117741 45738 0
1741117743 45805 0
1741117745 45728 0
1741117747 45743 0
1741117749 45885 0
1741117751 45751 0
1741117753 45760 0
1741117755 45799 0
1741117757 45753 0
1741117759 45750 0
1741117761 45720 0
1741117763 45748 0
1741117765 45714 0
1741117767 45811 0
1741117770 45740 0
1741117772 45724 0
1741117774 45813 0
1741117776 45917 0
1741117778 45971 0
1741117780 46083 0
1741117782 46340 0
1741117784 46469 0
1741117786 46598 0
1741117788 46939 0
1741117790 47122 0
1741117792 47400 0
1741117794 47352 0
1741117796 47058 0
1741117798 46586 0
1741117800 46255 0
1741117802 46096 0
1741117804 45905 0
1741117806 46117 0
1741117808 46138 0
1741117810 46002 0
1741117812 45833 0
1741117814 45805 0
1741117817 45761 0
1741117819 45787 0
1741117821 45893 0
1741117823 45860 0
1741117825 45798 0
1741117827 45824 0
1741117829 45837 0
1741117831 45854 0
1741117833 45849 0
1741117835 45879 0
1741117837 45951 0
1741117839 45949 0
1741117841 46165 0
1741117843 46023 0
1741117845 46010 0
1741117847 46050 0
1741117849 46087 0
1741117851 46138 0
1741117853 46408 0
1741117855 46772 0
1741117857 47027 0
1741117859 47289 0
1741117861 47500 0
1741117864 47640 0
1741117866 47131 0
1741117868 46540 0
1741117870 46345 0
1741117872 46221 0
1741117874 46057 0
1741117876 46060 0
1741117878 45956 0
1741117880 45900 0
1741117882 45854 0
1741117884 45781 0
1741117886 45735 0
1741117888 45849 0
1741117890 45768 0
1741117892 45779 0
1741117894 46006 0
1741117896 45976 0
1741117898 46000 0
1741117900 46125 0
1741117902 46042 0
1741117904 46041 0
1741117906 46109 0
1741117909 46074 0
1741117911 46260 0
1741117913 46545 0
1741117915 47045 0
1741117917 47441 0
1741117919 47452 0
1741117921 47474 0
1741117923 47500 0
1741117925 47473 0
1741117927 47455 0
1741117929 47431 0
1741117931 47329 0
1741117933 47205 0
1741117935 46568 0
1741117937 46277 0
1741117939 46116 0
1741117941 46019 0
1741117943 45888 0
1741117945 45847 0
1741117947 45911 0
1741117949 45818 0
1741117952 45722 0
1741117954 45956 0
1741117956 45797 0
1741117958 45923 0
1741117960 45886 0
1741117962 45943 0
1741117964 45876 0
1741117966 45834 0
1741117968 45814 0
1741117970 45816 0
1741117972 45831 0
1741117974 45816 0
1741117976 45927 0
1741117978 45961 0
1741117980 46326 0
1741117982 46682 0
1741117984 46992 0
1741117986 47261 0
1741117988 47624 0
1741117990 47656 0
1741117992 47390 0
1741117994 47313 0
1741117996 47274 0
1741117999 47139 0
1741118001 47076 0
1741118003 46671 0
1741118005 46323 0
1741118007 46100 0
1741118009 45935 0
1741118011 45838 0
1741118013 45881 0
1741118015 46019 0
1741118017 45902 0
1741118019 45865 0
1741118021 46122 0
1741118023 45996 0
1741118025 45768 0
1741118027 45727 0
1741118029 45882 0
1741118031 45862 0
1741118033 45816 0
1741118035 45916 0
1741118037 45857 0
1741118039 45858 0
1741118041 45884 0
1741118044 45752 0
1741118046 45715 0
1741118048 45904 0
1741118050 45966 0
1741118052 45865 0
1741118054 45912 0
1741118056 46000 0
1741118058 46201 0
1741118060 46507 0
1741118062 46825 0
1741118064 47149 0
1741118066 47392 0
1741118068 47514 0
1741118070 47411 0
1741118072 46815 0
1741118074 46393 0
1741118076 46167 0
1741118078 46135 0
1741118080 46196 0
1741118082 46118 0
1741118084 45943 0
1741118086 45956 0
1741118088 45797 0
1741118091 45847 0
1741118093 45818 0
1741118095 45832 0
1741118097 45793 0
1741118099 45851 0
1741118101 45847 0
1741118103 45786 0
1741118105 45824 0
1741118107 46015 0
1741118109 46053 0
1741118111 45938 0
1741118113 45878 0
1741118115 45924 0
1741118117 45873 0
1741118119 45922 0
1741118121 45852 0
1741118123 45880 0
1741118125 46036 0
1741118127 46314 0
1741118129 46725 0
1741118131 47015 0
1741118133 47438 0
1741118135 47498 0
1741118138 47423 0
1741118140 47195 0
1741118142 46790 0
1741118144 46327 0
1741118146 46163 0
1741118148 46034 0
1741118150 45864 0
1741118152 45807 0
1741118154 45905 0
1741118156 45848 0
1741118158 45902 0
1741118160 45938 0
1741118162 45924 0
1741118164 45886 0
1741118166 45855 0
1741118168 46076 0
1741118170 45817 0
1741118172 45710 0
1741118174 45800 0
1741118176 45978 0
1741118178 46007 0
1741118180 45970 0
1741118183 46058 0
1741118185 46177 0
1741118187 46452 0
1741118189 46876 0
1741118191 47238 0
1741118193 47510 0
1741118195 47532 0
1741118197 47444 0
1741118199 47413 0
1741118201 47551 0
1741118203 47433 0
1741118205 47346 0
1741118207 47281 0
1741118209 46898 0
1741118211 46422 0
1741118213 46115 0
1741118215 46076 0
1741118217 45971 0
1741118219 45959 0
1741118221 45892 0
1741118223 45898 0
1741118225 45819 0
1741118227 45823 0
1741118230 45888 0
1741118232 45904 0
1741118234 45747 0
1741118236 45839 0
1741118238 45806 0
1741118240 45750 0
1741118242 45808 0
1741118244 45796 0
1741118246 45735 0
1741118248 46072 0
1741118250 46052 0
1741118252 46099 0
1741118254 46382 0
1741118256 46741 0
1741118258 47127 0
1741118260 47609 0
1741118262 47561 0
1741118264 47469 0
1741118266 47428 0
1741118268 47357 0
1741118270 47338 0
1741118272 47247 0
1741118275 47253 0
1741118277 47207 0
1741118279 46706 0
1741118281 46370 0
1741118283 46082 0
1741118285 46067 0
1741118287 46053 0
1741118289 45988 0
1741118291 45849 0
1741118293 45779 0
1741118295 45791 0
1741118297 45736 0
1741118299 45931 0
1741118301 45851 0
1741118303 45869 0
1741118305 45801 0
1741118307 45910 0
1741118309 45920 0
1741118311 45845 0
1741118313 45813 0
1741118315 45688 0
1741118317 45689 0
1741118319 45720 0
1741118322 45939 0
1741118324 45735 0
1741118326 45742 0
1741118328 45746 0
1741118330 45827 0
1741118332 45941 0
1741118334 46287 0
1741118336 46628 0
1741118338 47058 0
1741118340 47229 0
1741118342 47279 0
1741118344 47370 0
1741118346 47141 0
1741118348 46732 0
1741118350 46264 0
1741118352 45973 0
1741118354 45970 0
1741118356 45888 0
1741118358 45940 0
1741118360 45937 0
1741118362 45777 0
1741118364 45794 0
1741118366 45820 0
1741118369 45784 0
1741118371 45826 0
1741118373 45755 0
1741118375 45718 0
1741118377 45777 0
1741118379 45769 0
1741118381 46023 0
1741118383 45950 0
1741118385 45791 0
1741118387 45782 0
1741118389 45851 0
1741118391 45767 0
1741118393 45754 0
1741118395 45899 0
1741118397 45963 0
1741118399 46104 0
1741118401 46277 0
1741118403 46606 0
1741118405 47134 0
1741118407 47612 0
1741118409 47734 0
1741118411 47594 0
1741118413 47526 0
1741118416 47061 0
1741118418 46477 0
1741118420 46230 0
1741118422 46068 0
1741118424 46072 0
1741118426 46026 0
1741118428 46035 0
1741118430 45949 0
1741118432 45872 0
1741118434 46003 0
1741118436 46040 0
1741118438 45921 0
1741118440 46089 0
1741118442 46026 0
1741118444 45967 0
1741118446 45875 0
1741118448 45916 0
1741118450 45928 0
1741118452 45868 0
1741118454 45823 0
1741118456 45975 0
1741118458 46131 0
1741118461 46250 0
1741118463 46602 0
1741118465 46905 0
1741118467 47278 0
1741118469 47616 0
1741118471 47511 0
1741118473 47427 0
1741118475 47453 0
1741118477 47364 0
1741118479 47244 0
1741118481 47176 0
1741118483 47166 0
1741118485 46608 0
1741118487 46244 0
1741118489 46055 0
1741118491 45875 0
1741118493 45911 0
1741118495 45873 0
1741118497 45849 0
1741118499 45889 0
1741118501 45942 0
1741118503 45798 0
1741118505 45850 0
1741118508 45747 0
1741118510 45691 0
1741118512 45785 0
1741118514 45710 0
1741118516 45720 0
1741118518 45688 0
1741118520 45676 0
1741118522 45614 0
1741118524 45596 0
1741118526 45876 0
1741118528 46215 0
1741118530 46575 0
1741118532 46946 0
1741118534 47203 0
1741118536 47504 0
1741118538 47322 0
1741118540 47292 0
1741118542 47224 0
1741118544 47199 0
1741118546 47183 0
1741118548 47190 0
1741118550 47189 0
1741118553 46791 0
1741118555 46363 0
1741118557 45951 0
1741118559 45866 0
1741118561 46084 0
1741118563 45923 0
1741118565 45776 0
1741118567 45674 0
1741118569 45568 0
1741118571 45733 0
1741118573 45751 0
1741118575 45817 0
1741118577 45758 0
1741118579 45708 0
1741118581 45884 0
1741118583 45717 0
1741118585 45656 0
1741118587 45706 0
1741118589 45788 0
1741118591 45813 0
1741118593 45759 0
1741118595 45824 0
1741118597 45795 0
1741118600 45861 0
1741118602 45946 0
1741118604 45823 0
1741118606 45913 0
1741118608 46067 0
1741118610 46279 0
1741118612 46587 0
1741118614 46996 0
1741118616 47236 0
1741118618 47372 0
1741118620 47658 0
1741118622 46959 0
1741118624 46391 0
1741118626 46146 0
1741118628 45986 0
1741118630 45834 0
1741118632 45753 0
1741118634 45760 0
1741118636 45793 0
1741118638 45800 0
1741118640 45736 0
1741118642 45792 0
1741118645 45607 0
1741118647 45675 0
1741118649 45766 0
1741118651 45585 0
1741118653 45747 0
1741118655 45842 0
1741118657 45773 0
1741118659 45744 0
1741118661 45705 0
1741118663 45642 0
1741118665 45653 0
1741118667 45744 0
1741118669 45690 0
1741118671 45775 0
1741118673 45992 0
1741118675 46124 0
1741118677 46313 0
1741118679 46600 0
1741118681 47044 0
1741118683 47237 0
1741118685 47471 0
1741118687 47446 0
1741118689 47071 0
1741118692 46482 0
1741118694 46165 0
1741118696 45907 0
1741118698 45873 0
1741118700 45746 0
1741118702 45745 0
1741118704 45665 0
1741118706 45536 0
1741118708 45714 0
1741118710 45732 0
1741118712 45741 0
1741118714 45693 0
1741118716 45654 0
1741118718 45704 0
1741118720 45771 0
1741118722 45762 0
1741118724 45697 0
1741118726 45681 0
1741118728 45709 0
1741118730 45723 0
1741118732 45788 0
1741118734 46123 0
1741118736 46318 0
1741118739 46650 0
1741118741 47168 0
1741118743 47395 0
1741118745 47289 0
1741118747 47189 0
1741118749 47237 0
1741118751 47225 0
1741118753 47104 0
1741118755 47130 0
1741118757 47141 0
1741118759 46752 0
1741118761 46256 0
1741118763 46021 0
1741118765 45774 0
1741118767 45740 0
1741118769 45824 0
1741118771 45801 0
1741118773 45645 0
1741118775 45715 0
1741118777 45679 0
1741118779 45553 0
1741118781 45616 0
1741118783 45573 0
1741118786 45538 0
1741118788 45640 0
1741118790 45696 0
1741118792 45629 0
1741118794 45742 0
1741118796 45593 0
1741118798 45621 0
1741118800 45788 0
1741118802 46016 0
1741118804 46046 0
1741118806 46451 0
1741118808 46906 0
1741118810 47226 0
1741118812 47224 0
1741118814 47241 0
1741118816 47199 0
1741118818 47161 0
1741118820 46992 0
1741118822 47036 0
1741118824 47092 0
1741118826 47148 0
1741118828 46711 0
1741118831 46268 0
1741118833 45884 0
1741118835 45877 0
1741118837 45726 0
1741118839 45735 0
1741118841 45680 0
1741118843 45656 0
1741118845 45652 0
1741118847 45807 0
1741118849 45705 0
1741118851 45679 0
1741118853 45686 0
1741118855 45557 0
1741118857 45522 0
1741118859 45574 0
1741118861 45716 0
1741118863 45680 0
1741118865 45685 0
1741118867 45612 0
1741118869 45587 0
1741118871 45514 0
1741118873 45506 0
1741118875 45530 0
1741118878 45570 0
1741118880 45586 0
1741118882 45560 0
1741118884 45661 0
1741118886 46070 0
1741118888 46433 0
1741118890 46694 0
1741118892 47004 0
1741118894 47095 0
1741118896 46956 0
1741118898 46445 0
1741118900 46203 0
1741118902 45927 0
1741118904 45822 0
1741118906 45694 0
1741118908 45610 0
1741118910 45570 0
1741118912 45566 0
1741118914 45767 0
1741118916 45677 0
1741118918 45748 0
1741118920 45940 0
1741118922 45827 0
1741118925 45675 0
1741118927 45675 0
1741118929 45705 0
1741118931 45620 0
1741118933 45491 0
1741118935 45612 0
1741118937 45548 0
1741118939 45443 0
1741118941 45347 0
1741118943 45357 0
1741118945 45488 0
1741118947 45655 0
1741118949 45882 0
1741118951 45835 0
1741118953 46063 0
1741118955 46326 0
1741118957 46682 0
1741118959 47218 0
1741118961 47149 0
1741118963 47208 0
1741118965 46876 0
1741118967 46469 0
1741118969 46088 0
1741118972 45841 0
1741118974 45932 0
1741118976 45733 0
1741118978 45699 0
1741118980 45729 0
1741118982 45816 0
1741118984 45751 0
1741118986 45736 0
1741118988 45766 0
1741118990 45638 0
1741118992 45461 0
1741118994 45595 0
1741118996 45662 0
1741118998 45740 0
1741119000 45737 0
1741119002 45643 0
1741119004 45634 0
1741119006 45679 0
1741119008 45881 0
1741119010 46175 0
1741119012 46441 0
1741119014 46799 0
1741119017 47228 0
1741119019 47351 0
1741119021 47311 0
1741119023 47308 0
1741119025 47240 0
1741119027 47227 0
1741119029 47140 0
1741119031 47038 0
1741119033 47060 0
1741119035 46572 0
1741119037 46300 0
1741119039 46100 0
1741119041 46168 0
1741119043 46060 0
1741119045 45905 0
1741119047 45856 0
1741119049 45770 0
1741119051 45812 0
1741119053 45633 0
1741119055 45871 0
1741119057 45681 0
1741119059 45665 0
1741119061 45713 0
1741119064 45575 0
1741119066 45632 0
1741119068 45625 0
1741119070 45698 0
1741119072 45660 0
1741119074 45763 0
1741119076 45987 0
1741119078 46127 0
1741119080 46387 0
1741119082 46760 0
1741119084 46979 0
1741119086 47229 0
1741119088 47335 0
1741119090 47339 0
1741119092 47286 0
1741119094 47266 0
1741119096 47073 0
1741119098 47091 0
1741119100 47376 0
1741119102 47101 0
1741119104 46502 0
1741119107 46164 0
1741119109 46000 0
1741119111 45771 0
1741119113 45782 0
1741119115 45780 0
1741119117 45761 0
1741119119 45683 0
1741119121 45577 0
1741119123 45575 0
1741119125 45472 0
1741119127 45649 0
1741119129 45692 0
1741119131 45579 0
1741119133 45659 0
1741119135 45604 0
1741119137 45569 0
1741119139 45649 0
1741119141 45617 0
1741119143 45783 0
1741119145 45778 0
1741119147 45727 0
1741119149 45633 0
1741119151 45588 0
1741119154 45678 0
1741119156 45823 0
1741119158 45916 0
1741119160 46142 0
1741119162 46617 0
1741119164 46902 0
1741119166 47231 0
1741119168 47345 0
1741119170 47390 0
1741119172 46836 0
1741119174 46353 0
1741119176 45967 0
1741119178 45722 0
1741119180 45623 0
1741119182 45617 0
1741119184 45512 0
1741119186 45462 0
1741119188 45586 0
1741119190 45539 0
1741119192 45593 0
1741119194 45420 0
1741119196 45584 0
1741119199 45572 0
1741119201 45671 0
1741119203 45624 0
1741119205 45692 0
1741119207 45767 0
1741119209 45682 0
1741119211 45546 0
1741119213 45513 0
1741119215 45504 0
1741119217 45524 0
1741119219 45476 0
1741119221 45729 0
1741119223 45681 0
1741119225 45793 0
1741119227 45930 0
1741119229 46164 0
1741119231 46631 0
1741119233 46947 0
1741119235 47151 0
1741119237 47199 0
1741119239 47144 0
1741119241 46321 0
1741119243 46045 0
1741119246 45888 0
1741119248 45855 0
1741119250 45752 0
1741119252 45617 0
1741119254 45610 0
1741119256 45619 0
1741119258 45577 0
1741119260 45568 0
1741119262 45602 0
1741119264 45564 0
1741119266 45524 0
1741119268 45582 0
1741119270 45586 0
1741119272 45541 0
1741119274 45564 0
1741119276 45545 0
1741119278 45604 0
1741119280 45877 0
1741119282 45797 0
1741119284 45939 0
1741119286 46254 0
1741119288 46425 0
1741119290 46670 0
1741119293 47042 0
1741119295 47073 0
1741119297 47050 0
1741119299 47128 0
1741119301 47069 0
1741119303 47092 0
1741119305 47021 0
1741119307 47079 0
1741119309 46756 0
1741119311 46256 0
1741119313 45928 0
1741119315 45781 0
1741119317 45751 0
1741119319 45716 0
1741119321 45719 0
1741119323 45641 0
1741119325 45559 0
1741119327 45569 0
1741119329 45544 0
1741119331 45536 0
1741119333 45699 0
1741119335 45653 0
1741119337 45668 0
1741119340 45673 0
1741119342 45775 0
1741119344 45656 0
1741119346 45572 0
1741119348 45542 0
1741119350 45665 0
1741119352 45692 0
1741119354 45894 0
1741119356 46180 0
1741119358 46493 0
1741119360 46820 0
1741119362 47128 0
1741119364 47232 0
1741119366 47193 0
1741119368 47209 0
1741119370 47132 0
1741119372 47122 0
1741119374 47091 0
1741119376 46951 0
1741119378 46487 0
1741119380 46121 0
1741119382 45898 0
1741119385 45691 0
1741119387 45603 0
1741119389 45521 0
1741119391 45579 0
1741119393 45609 0
1741119395 45696 0
1741119397 45608 0
1741119399 45484 0
1741119401 45759 0
1741119403 45739 0
1741119405 45679 0
1741119407 45677 0
1741119409 45665 0
1741119411 45655 0
1741119413 45496 0
1741119415 45499 0
1741119417 45520 0
1741119419 45546 0
1741119421 45558 0
1741119423 45604 0
1741119425 45651 0
1741119427 45733 0
1741119429 45767 0
1741119432 45686 0
1741119434 45802 0
1741119436 46019 0
1741119438 46305 0
1741119440 46828 0
1741119442 47021 0
1741119444 47310 0
1741119446 47140 0
1741119448 46524 0
1741119450 46213 0
1741119452 45952 0
1741119454 45896 0
1741119456 45787 0
1741119458 45774 0
1741119460 45863 0
1741119462 45820 0
1741119464 45738 0
1741119466 45648 0
1741119468 45595 0
1741119470 45570 0
1741119472 45626 0
1741119474 45799 0
1741119476 45825 0
1741119479 45656 0
1741119481 45548 0
1741119483 45541 0
1741119485 45690 0
1741119487 45760 0
1741119489 45777 0
1741119491 45745 0
1741119493 45699 0
1741119495 45726 0
1741119497 45640 0
1741119499 45664 0
1741119501 45803 0
1741119503 45992 0
1741119505 46210 0
1741119507 46584 0
1741119509 46876 0
1741119511 47173 0
1741119513 47358 0
1741119515 46830 0
1741119517 46354 0
1741119519 46016 0
1741119521 46022 0
1741119524 45856 0
1741119526 45776 0
1741119528 45652 0
1741119530 45668 0
1741119532 45637 0
1741119534 45556 0
1741119536 45520 0
1741119538 45535 0
1741119540 45570 0
1741119542 45493 0
1741119544 45446 0
1741119546 45429 0
1741119548 45578 0
1741119550 45539 0
1741119552 45635 0
1741119554 45621 0
1741119556 45767 0
1741119558 45716 0
1741119560 45913 0
1741119562 46047 0
1741119564 46494 0
1741119566 46927 0
1741119568 47092 0
1741119571 47080 0
1741119573 47204 0
1741119575 47139 0
1741119577 47139 0
1741119579 47096 0
1741119581 47245 0
1741119583 47117 0
1741119585 46481 0
1741119587 46143 0
1741119589 45930 0
1741119591 45778 0
1741119593 45572 0
1741119595 45549 0
1741119597 45389 0
1741119599 45458 0
1741119601 45440 0
1741119603 45410 0
1741119605 45508 0
1741119607 45651 0
1741119609 45649 0
1741119611 45542 0
1741119613 45617 0
1741119616 45566 0
1741119618 45504 0
1741119620 45567 0
1741119622 45522 0
1741119624 45503 0
1741119626 45549 0
1741119628 45690 0
1741119630 45911 0
1741119632 46190 0
1741119634 46679 0
1741119636 47029 0
1741119638 47206 0
1741119640 47397 0
1741119642 47390 0
1741119644 47201 0
1741119646 47153 0
1741119648 47032 0
1741119650 46991 0
1741119652 46878 0
1741119654 46368 0
1741119657 45926 0
1741119659 45769 0
1741119661 45512 0
1741119663 45551 0
1741119665 45441 0
1741119667 45524 0
1741119669 45522 0
1741119671 45438 0
1741119673 45439 0
1741119675 45462 0
1741119677 45477 0
1741119679 45526 0
1741119681 45564 0
1741119683 45502 0
1741119685 45548 0
1741119687 45589 0
1741119689 45492 0
1741119691 45551 0
1741119693 45594 0
1741119695 45587 0
1741119697 45497 0
1741119699 45461 0
1741119701 45623 0
1741119704 45473 0
1741119706 45472 0
1741119708 45570 0
1741119710 45845 0
1741119712 46091 0
1741119714 46403 0
1741119716 46726 0
1741119718 47070 0
1741119720 47261 0
1741119722 46829 0
1741119724 46315 0
1741119726 45853 0
1741119728 45913 0
1741119730 45697 0
1741119732 45652 0
1741119734 45637 0
1741119736 45663 0
1741119738 45559 0
1741119740 45562 0
1741119742 45505 0
1741119744 45502 0
1741119746 45497 0
1741119749 45559 0
1741119751 45489 0
1741119753 45503 0
1741119755 45447 0
1741119757 45423 0
1741119759 45433 0
1741119761 45785 0
1741119763 45553 0
1741119765 45585 0
1741119767 45545 0
1741119769 45541 0
1741119771 45631 0
1741119773 45690 0
1741119775 45696 0
1741119777 45723 0
1741119779 45880 0
1741119781 46312 0
1741119783 46687 0
1741119785 46853 0
1741119787 47192 0
1741119789 47037 0
1741119791 46455 0
1741119793 46041 0
1741119796 45818 0
1741119798 45713 0
1741119800 45596 0
1741119802 45537 0
1741119804 45532 0
1741119806 45479 0
1741119808 45449 0
1741119810 45469 0
1741119812 45565 0
1741119814 45685 0
1741119816 45586 0
1741119818 45544 0
1741119820 45649 0
1741119822 45687 0
1741119824 45584 0
1741119826 45561 0
1741119828 45570 0
1741119830 45606 0
1741119832 45626 0
1741119834 45870 0
1741119836 46128 0
1741119838 46491 0
1741119840 46891 0
1741119843 47117 0
1741119845 47182 0
1741119847 47254 0
1741119849 47424 0
1741119851 47275 0
1741119853 47141 0
1741119855 47147 0
1741119857 47111 0
1741119859 46758 0
1741119861 46248 0
1741119863 46030 0
1741119865 45784 0
1741119867 45835 0
1741119869 45722 0
1741119871 45578 0
1741119873 45662 0
1741119875 45583 0
1741119877 45607 0
1741119879 45731 0
1741119881 45954 0
1741119883 45875 0
1741119885 45730 0
1741119888 45572 0
1741119890 45589 0
1741119892 45464 0
1741119894 45528 0
1741119896 45619 0
1741119898 45527 0
1741119900 45557 0
1741119902 45701 0
1741119904 45928 0
1741119906 46184 0
1741119908 46586 0
1741119910 46959 0
1741119912 47197 0
1741119914 47257 0
1741119916 47302 0
1741119918 47050 0
1741119920 46999 0
1741119922 46889 0
1741119924 46931 0
1741119926 47041 0
1741119928 46550 0
1741119930 46083 0
1741119932 45863 0
1741119935 45840 0
1741119937 45576 0
1741119939 45552 0
1741119941 45848 0
1741119943 45702 0
1741119945 45650 0
1741119947 45601 0
1741119949 45665 0
1741119951 45743 0
1741119953 45643 0
1741119955 45729 0
1741119957 45700 0
1741119959 45732 0
1741119961 45706 0
1741119963 45733 0
1741119965 45698 0
1741119967 45784 0
1741119969 45835 0
1741119971 45645 0
1741119973 45722 0
1741119975 45726 0
1741119977 45663 0
1741119979 45903 0
1741119982 45900 0
1741119984 46098 0
1741119986 46266 0
1741119988 46716 0
1741119990 47142 0
1741119992 47408 0
1741119994 47540 0
1741119996 47280 0
1741119998 46662 0
1741120000 46336 0
1741120002 46044 0
1741120004 45921 0
1741120006 45720 0
1741120008 45670 0
1741120010 45495 0
1741120012 45496 0
1741120014 45584 0
1741120016 45732 0
1741120018 45750 0
1741120020 45685 0
1741120022 45788 0
1741120024 45779 0
1741120027 45974 0
1741120029 46037 0
1741120031 45776 0
1741120033 45637 0
1741120035 45690 0
1741120037 45646 0
1741120039 45725 0
1741120041 45702 0
1741120043 45718 0
1741120045 45804 0
1741120047 45815 0
1741120049 45753 0
1741120051 45761 0
1741120053 45973 0
1741120055 46201 0
1741120057 46504 0
1741120059 46861 0
1741120061 47304 0
1741120063 47291 0
1741120065 46876 0
1741120067 46289 0
1741120069 45955 0
1741120071 45841 0
1741120074 45698 0
1741120076 45629 0
1741120078 45661 0
1741120080 45578 0
1741120082 45421 0
1741120084 45570 0
1741120086 45646 0
1741120088 45839 0
1741120090 45830 0
1741120092 45707 0
1741120094 45766 0
1741120096 45792 0
1741120098 45737 0
1741120100 45685 0
1741120102 45583 0
1741120104 45750 0
1741120106 45870 0
1741120108 46013 0
1741120110 46008 0
1741120112 46188 0
1741120114 46660 0
1741120116 46966 0
1741120118 47229 0
1741120121 47443 0
1741120123 47397 0
1741120125 47287 0
1741120127 47128 0
1741120129 47217 0
1741120131 47001 0
1741120133 46990 0
1741120135 46484 0
1741120137 46163 0
1741120139 45796 0
1741120141 45651 0
1741120143 45661 0
1741120145 45607 0
1741120147 45681 0
1741120149 45706 0
1741120151 45699 0
1741120153 45557 0
1741120155 45477 0
1741120157 45482 0
1741120159 45665 0
1741120161 45667 0
1741120163 45541 0
1741120166 45467 0
1741120168 45702 0
1741120170 45614 0
1741120172 45576 0
1741120174 45783 0
1741120176 45753 0
1741120178 45826 0
1741120180 46124 0
1741120182 46677 0
1741120184 46953 0
1741120186 47219 0
1741120188 47263 0
1741120190 47273 0
1741120192 47193 0
1741120194 47032 0
1741120196 47028 0
1741120198 47027 0
1741120200 47017 0
1741120202 46936 0
1741120204 46311 0
1741120206 46030 0
1741120208 46059 0
1741120210 45903 0
1741120213 45755 0
1741120215 45757 0
1741120217 45670 0
1741120219 45708 0
1741120221 45658 0
1741120223 45631 0
1741120225 45671 0
1741120227 45655 0
1741120229 45607 0
1741120231 45660 0
1741120233 45740 0
1741120235 45686 0
1741120237 45666 0
1741120239 45728 0
1741120241 45821 0
1741120243 45854 0
1741120245 45729 0
1741120247 45718 0
1741120249 45604 0
1741120251 45763 0
1741120253 45584 0
1741120255 45557 0
1741120258 45726 0
1741120260 45905 0
1741120262 46063 0
1741120264 46385 0
1741120266 46720 0
1741120268 47178 0
1741120270 47319 0
1741120272 46922 0
1741120274 46408 0
1741120276 46051 0
1741120278 45966 0
1741120280 45818 0
1741120282 45706 0
1741120284 45721 0
1741120286 45683 0
1741120288 45689 0
1741120290 45692 0
1741120292 45643 0
1741120294 45646 0
1741120296 45539 0
1741120298 45611 0
1741120300 45903 0
1741120302 45816 0
1741120305 45691 0
1741120307 45707 0
1741120309 45620 0
1741120311 45492 0
1741120313 45526 0
1741120315 45688 0
1741120317 45667 0
1741120319 45645 0
1741120321 45507 0
1741120323 45541 0
1741120325 45659 0
1741120327 45833 0
1741120329 46100 0
1741120331 46491 0
1741120333 46782 0
1741120335 47028 0
1741120337 47244 0
1741120339 47295 0
1741120341 46633 0
1741120343 46247 0
1741120345 45953 0
1741120347 45951 0
1741120349 45756 0
1741120352 45668 0
1741120354 45760 0
1741120356 45773 0
1741120358 45764 0
1741120360 45924 0
1741120362 45911 0
1741120364 45800 0
1741120366 45716 0
1741120368 45587 0
1741120370 45647 0
1741120372 45657 0
1741120374 45664 0
1741120376 45563 0
1741120378 45443 0
1741120380 45514 0
1741120382 45565 0
1741120384 45581 0
1741120386 45877 0
1741120388 46295 0
1741120390 46627 0
1741120392 46939 0
1741120394 47115 0
1741120397 47223 0
1741120399 47154 0
1741120401 46993 0
1741120403 47017 0
1741120405 46989 0
1741120407 47065 0
1741120409 46878 0
1741120411 46291 0
1741120413 46042 0
1741120415 45887 0
1741120417 45770 0
1741120419 45807 0
1741120421 45833 0
1741120423 45639 0
1741120425 45602 0
1741120427 45598 0
1741120429 45527 0
1741120431 45594 0
1741120433 45614 0
1741120435 45653 0
1741120437 45656 0
1741120439 45549 0
1741120441 45624 0
1741120444 45551 0
1741120446 45636 0
1741120448 45730 0
1741120450 45844 0
1741120452 45818 0
1741120454 45784 0
1741120456 46108 0
1741120458 46459 0
1741120460 46741 0
1741120462 47015 0
1741120464 47197 0
1741120466 47063 0
1741120468 47168 0
1741120470 47150 0
1741120472 47057 0
1741120474 47063 0
1741120476 46882 0
1741120478 46498 0
1741120480 46343 0
1741120482 46030 0
1741120485 45920 0
1741120487 45787 0
1741120489 45689 0
1741120491 45582 0
1741120493 45467 0
1741120495 45459 0
1741120497 45521 0
1741120499 45550 0
1741120501 45605 0
1741120503 45550 0
1741120505 45465 0
1741120507 45650 0
1741120509 45546 0
1741120511 45426 0
1741120513 45484 0
1741120515 45509 0
1741120517 45499 0
1741120519 45488 0
1741120521 45538 0
1741120524 45530 0
1741120526 45498 0
1741120528 45672 0
1741120530 45704 0
1741120532 45839 0
1741120534 46085 0
1741120536 46293 0
1741120538 46534 0
1741120540 47039 0
1741120542 47382 0
1741120544 47361 0
1741120546 47218 0
1741120548 46532 0
1741120550 46138 0
1741120552 45817 0
1741120554 45787 0
1741120556 45775 0
1741120558 45767 0
1741120560 45805 0
1741120562 45826 0
1741120564 45694 0
1741120567 45828 0
1741120569 45803 0
1741120571 45809 0
1741120573 45857 0
1741120575 45762 0
1741120577 45762 0
1741120579 45668 0
1741120581 45610 0
1741120583 45658 0
1741120585 45731 0
1741120587 45853 0
1741120589 45714 0
1741120591 45601 0
1741120593 45750 0
1741120595 45763 0
1741120597 45780 0
1741120599 45684 0
1741120601 46015 0
1741120603 46133 0
1741120605 46370 0
1741120607 46734 0
1741120609 47075 0
1741120611 47287 0
1741120613 47358 0
1741120616 47030 0
1741120618 46486 0
1741120620 46140 0
1741120622 45947 0
1741120624 45821 0
1741120626 45727 0
1741120628 45735 0
1741120630 45751 0
1741120632 45758 0
1741120634 45704 0
1741120636 45683 0
1741120638 45765 0
1741120640 45686 0
1741120642 45740 0
1741120644 45736 0
1741120646 45711 0
1741120648 45792 0
1741120650 45625 0
1741120652 45537 0
1741120654 45692 0
1741120656 45737 0
1741120658 45874 0
1741120661 46289 0
1741120663 46421 0
1741120665 46723 0
1741120667 46979 0
1741120669 47190 0
1741120671 47187 0
1741120673 47194 0
1741120675 47169 0
1741120677 47194 0
1741120679 47098 0
1741120681 47014 0
1741120683 46960 0
1741120685 46456 0
1741120687 46221 0
1741120689 46057 0
1741120691 45765 0
1741120693 45700 0
1741120695 45651 0
1741120697 45574 0
1741120699 45573 0
1741120701 45598 0
1741120703 45580 0
1741120705 45618 0
1741120708 45724 0
1741120710 45584 0
1741120712 45491 0
1741120714 45558 0
1741120716 45519 0
1741120718 45492 0
1741120720 45582 0
1741120722 45698 0
1741120724 45633 0
1741120726 45693 0
1741120728 45727 0
1741120730 45926 0
1741120732 46192 0
1741120734 46425 0
1741120736 46849 0
1741120738 47080 0
1741120740 47129 0
1741120742 47173 0
1741120744 47093 0
1741120746 47011 0
1741120748 47244 0
1741120750 47143 0
1741120752 46907 0
1741120755 46347 0
1741120757 46063 0
1741120759 45832 0
1741120761 45842 0
1741120763 45732 0
1741120765 45707 0
1741120767 45715 0
1741120769 45661 0
1741120771 45622 0
1741120773 45604 0
1741120775 45637 0
1741120777 45633 0
1741120779 45656 0
1741120781 45969 0
1741120783 45894 0
1741120785 45772 0
1741120787 45665 0
1741120789 45524 0
1741120791 45616 0
1741120793 45547 0
1741120795 45636 0
1741120797 45746 0
1741120800 45785 0
1741120802 45641 0
1741120804 45663 0
1741120806 45806 0
1741120808 45918 0
1741120810 46137 0
1741120812 46429 0
1741120814 46767 0
1741120816 47107 0
1741120818 47313 0
1741120820 47453 0
1741120822 46914 0
1741120824 46570 0
1741120826 46251 0
1741120828 45956 0
1741120830 45764 0
1741120832 45660 0
1741120834 45718 0
1741120836 45557 0
1741120838 45681 0
1741120840 45796 0
1741120842 45646 0
1741120844 45573 0
1741120847 45612 0
1741120849 45557 0
1741120851 45545 0
1741120853 45618 0
1741120855 45710 0
1741120857 45802 0
1741120859 45698 0
1741120861 45634 0
1741120863 45576 0
1741120865 45599 0
1741120867 45584 0
1741120869 45752 0
1741120871 45597 0
1741120873 45565 0
1741120875 45667 0
1741120877 45698 0
1741120879 45959 0
1741120881 46217 0
1741120883 46695 0
1741120885 47106 0
1741120887 47272 0
1741120889 47297 0
1741120892 46658 0
1741120894 46377 0
1741120896 46175 0
1741120898 45911 0
1741120900 45961 0
1741120902 45999 0
1741120904 45828 0
1741120906 45773 0
1741120908 45786 0
1741120910 45710 0
1741120912 45543 0
1741120914 45548 0
1741120916 45572 0
1741120918 45670 0
1741120920 45632 0
1741120922 45614 0
1741120924 45612 0
1741120926 45530 0
1741120928 45685 0
1741120930 45760 0
1741120932 45820 0
1741120934 45932 0
1741120936 46106 0
1741120939 46491 0
1741120941 46698 0
1741120943 46946 0
1741120945 47194 0
1741120947 47336 0
1741120949 47387 0
1741120951 47273 0
1741120953 47311 0
1741120955 47255 0
1741120957 47067 0
1741120959 46758 0
1741120961 46629 0
1741120963 46152 0
1741120965 46015 0
1741120967 45788 0
1741120969 45687 0
1741120971 45667 0
1741120973 45718 0
1741120975 45765 0
1741120977 45639 0
1741120979 45585 0
1741120981 45653 0
1741120983 45645 0
1741120986 45624 0
1741120988 45735 0
1741120990 45838 0
1741120992 45628 0
1741120994 45557 0
1741120996 45664 0
1741120998 45756 0
1741121000 45874 0
1741121002 45990 0
1741121004 46212 0
1741121006 46323 0
1741121008 46649 0
1741121010 47042 0
1741121012 47207 0
1741121014 47360 0
1741121016 47387 0
1741121018 47349 0
1741121020 47517 0
1741121022 47470 0
1741121024 47259 0
1741121026 47205 0
1741121028 46882 0
1741121031 46425 0
1741121033 46156 0
1741121035 46099 0
1741121037 46013 0
1741121039 45859 0
1741121041 45885 0
1741121043 45880 0
1741121045 45768 0
1741121047 45959 0
1741121049 45895 0
1741121051 45844 0
1741121053 45855 0
1741121055 45858 0
1741121057 45693 0
1741121059 45762 0
1741121061 45870 0
1741121063 45801 0
1741121065 45761 0
1741121067 45804 0
1741121069 45738 0
1741121071 45676 0
1741121073 45775 0
1741121075 45859 0
1741121078 45807 0
1741121080 45836 0
1741121082 46110 0
1741121084 46165 0
1741121086 46344 0
1741121088 46678 0
1741121090 47071 0
1741121092 47175 0
1741121094 47386 0
1741121096 47371 0
1741121098 46621 0
1741121100 46311 0
1741121102 46095 0
1741121104 45948 0
1741121106 45761 0
1741121108 45897 0
1741121110 45855 0
1741121112 45730 0
1741121114 45858 0
1741121116 45783 0
1741121118 45782 0
1741121120 45795 0
1741121122 45764 0
1741121125 45783 0
1741121127 45905 0
1741121129 45918 0
1741121131 45855 0
1741121133 45930 0
1741121135 45987 0
1741121137 45772 0
1741121139 45784 0
1741121141 45866 0
1741121143 45765 0
1741121145 45665 0
1741121147 45691 0
1741121149 45648 0
1741121151 45708 0
1741121153 45921 0
1741121155 46361 0
1741121157 46742 0
1741121159 46997 0
1741121161 47248 0
1741121163 47241 0
1741121165 47152 0
1741121167 46674 0
1741121170 46516 0
1741121172 46127 0
1741121174 46090 0
1741121176 45958 0
1741121178 45846 0
1741121180 45845 0
1741121182 45863 0
1741121184 45887 0
1741121186 45866 0
1741121188 45819 0
1741121190 45711 0
1741121192 45686 0
1741121194 45870 0
1741121196 45651 0
1741121198 45547 0
1741121200 45688 0
1741121202 45729 0
1741121204 45655 0
1741121206 45708 0
1741121208 45860 0
1741121210 45977 0
1741121212 46163 0
1741121214 46632 0
1741121217 47029 0
1741121219 47138 0
1741121221 47255 0
1741121223 47259 0
1741121225 47218 0
1741121227 47417 0
1741121229 47428 0
1741121231 47194 0
1741121233 47183 0
1741121235 46853 0
1741121237 46390 0
1741121239 46119 0
1741121241 45991 0
1741121243 45906 0
1741121245 45920 0
1741121247 45856 0
1741121249 45874 0
1741121251 45761 0
1741121253 45874 0
1741121255 45853 0
1741121257 45734 0
1741121259 45701 0
1741121261 45921 0
1741121264 45843 0
1741121266 45743 0
1741121268 45625 0
1741121270 45659 0
1741121272 45694 0
1741121274 45703 0
1741121276 45893 0
1741121278 45994 0
1741121280 46340 0
1741121282 46673 0
1741121284 47026 0
1741121286 47325 0
1741121288 47583 0
1741121290 47396 0
1741121292 47374 0
1741121294 47367 0
1741121296 47283 0
1741121298 47341 0
1741121300 47221 0
1741121302 47293 0
1741121304 46804 0
1741121306 46524 0
1741121309 46272 0
1741121311 46107 0
1741121313 45947 0
1741121315 45872 0
1741121317 45829 0
1741121319 45831 0
1741121321 45937 0
1741121323 45865 0
1741121325 45782 0
1741121327 45719 0
1741121329 45804 0
1741121331 45801 0
1741121333 45816 0
1741121335 45799 0
1741121337 45721 0
1741121339 45708 0
1741121341 45768 0
1741121343 45645 0
1741121345 45697 0
1741121347 45786 0
1741121349 45951 0
1741121351 45836 0
1741121353 45936 0
1741121356 45994 0
1741121358 46070 0
1741121360 46274 0
1741121362 46569 0
1741121364 46799 0
1741121366 47103 0
1741121368 47408 0
1741121370 47378 0
1741121372 47046 0
1741121374 46619 0
1741121376 46284 0
1741121378 46122 0
1741121380 46226 0
1741121382 45981 0
1741121384 45951 0
1741121386 45921 0
1741121388 45805 0
1741121390 45809 0
1741121392 45757 0
1741121394 45819 0
1741121396 45716 0
1741121399 45875 0
1741121401 45718 0
1741121403 45624 0
1741121405 45641 0
1741121407 45703 0
1741121409 45824 0
1741121411 45720 0
1741121413 45696 0
1741121415 45735 0
1741121417 45676 0
1741121419 45746 0
1741121421 45774 0
1741121423 45796 0
1741121425 45769 0
1741121427 46149 0
1741121429 46513 0
1741121431 46926 0
1741121433 47292 0
1741121435 47371 0
1741121437 47635 0
1741121439 47634 0
1741121441 47193 0
1741121444 46943 0
1741121446 46675 0
1741121448 46399 0
1741121450 46117 0
1741121452 45983 0
1741121454 45905 0
1741121456 45785 0
1741121458 45818 0
1741121460 45857 0
1741121462 45854 0
1741121464 45819 0
1741121466 45892 0
1741121468 46055 0
1741121470 45891 0
1741121472 45790 0
1741121474 45646 0
1741121476 45723 0
1741121478 45811 0
1741121480 45729 0
1741121482 45965 0
1741121484 46087 0
1741121487 46239 0
1741121489 46597 0
1741121491 46954 0
1741121493 47183 0
1741121495 47424 0
1741121497 47468 0
1741121499 47460 0
1741121501 47514 0
1741121503 47425 0
1741121505 47193 0
1741121507 47140 0
1741121509 46937 0
1741121511 46448 0
1741121513 46098 0
1741121515 45974 0
1741121517 45786 0
1741121519 45752 0
1741121521 45577 0
1741121523 45506 0
1741121525 45588 0
1741121527 45659 0
1741121529 45778 0
1741121532 45836 0
1741121534 45883 0
1741121536 45841 0
1741121538 45946 0
1741121540 45925 0
1741121542 45952 0
1741121544 45831 0
1741121546 45814 0
1741121548 45882 0
1741121550 45988 0
1741121552 46179 0
1741121554 46411 0
1741121556 46642 0
1741121558 47087 0
1741121560 47568 0
1741121562 47664 0
1741121564 47637 0
1741121566 47474 0
1741121568 47272 0
1741121570 47227 0
1741121572 47111 0
1741121574 47194 0
1741121576 47069 0
1741121579 46630 0
1741121581 46225 0
1741121583 46044 0
1741121585 45946 0
1741121587 45873 0
1741121589 45885 0
1741121591 45715 0
1741121593 45721 0
1741121595 45688 0
1741121597 45710 0
1741121599 45665 0
1741121601 45539 0
1741121603 45519 0
1741121605 45570 0
1741121607 45626 0
1741121609 45547 0
1741121611 45628 0
1741121613 45727 0
1741121615 45650 0
1741121617 45686 0
1741121619 45778 0
1741121621 45875 0
1741121623 45747 0
1741121626 45594 0
1741121628 45479 0
1741121630 45685 0
1741121632 45669 0
1741121634 45524 0
1741121636 45678 0
1741121638 45948 0
1741121640 46113 0
1741121642 46376 0
1741121644 46778 0
1741121646 47126 0
1741121648 46721 0
1741121650 46458 0
1741121652 46116 0
1741121654 45973 0
1741121656 45859 0
1741121658 45855 0
1741121660 45678 0
1741121662 45688 0
1741121664 45675 0
1741121666 45711 0
1741121668 45756 0
1741121671 45705 0
1741121673 45634 0
1741121675 45762 0
1741121677 45691 0
1741121679 45727 0
1741121681 45993 0
1741121683 45904 0
1741121685 45824 0
1741121687 45692 0
1741121689 45672 0
1741121691 45712 0
1741121693 45747 0
1741121695 45700 0
1741121697 45621 0
1741121699 45611 0
1741121701 45601 0
1741121703 45649 0
1741121705 45712 0
1741121707 46053 0
1741121709 46449 0
1741121711 46690 0
1741121713 46974 0
1741121715 46974 0
1741121718 46302 0
1741121720 46075 0
1741121722 45959 0
1741121724 45859 0
1741121726 45764 0
1741121728 45785 0
1741121730 45848 0
1741121732 45762 0
1741121734 45772 0
1741121736 45719 0
1741121738 45713 0
1741121740 45962 0
1741121742 45896 0
1741121744 45646 0
1741121746 45605 0
1741121748 45573 0
1741121750 45516 0
1741121752 45531 0
1741121754 45651 0
1741121756 45633 0
1741121758 45620 0
1741121760 45596 0
1741121762 45782 0
1741121765 46005 0
1741121767 46445 0
1741121769 46954 0
1741121771 47224 0
1741121773 47258 0
1741121775 47326 0
1741121777 47307 0
1741121779 47285 0
1741121781 47160 0
1741121783 47183 0
1741121785 46612 0
1741121787 46217 0
1741121789 45887 0
1741121791 45771 0
1741121793 45771 0
1741121795 45723 0
1741121797 45574 0
1741121799 45641 0
1741121801 45997 0
1741121803 45809 0
1741121805 45658 0
1741121807 45682 0
1741121810 45656 0
1741121812 45642 0
1741121814 45514 0
1741121816 45653 0
1741121818 45639 0
1741121820 45741 0
1741121822 45757 0
1741121824 45741 0
1741121826 45790 0
1741121828 45926 0
1741121830 46067 0
1741121832 46243 0
1741121834 46521 0
1741121836 46853 0
1741121838 47195 0
1741121840 47301 0
1741121842 47262 0
1741121844 47351 0
1741121846 47229 0
1741121848 47248 0
1741121850 47236 0
1741121852 47135 0
1741121854 46632 0
1741121857 46277 0
1741121859 46072 0
1741121861 46093 0
1741121863 45827 0
1741121865 45843 0
1741121867 45804 0
1741121869 45670 0
1741121871 45647 0
1741121873 45675 0
1741121875 45713 0
1741121877 45714 0
1741121879 45719 0
1741121881 45637 0
1741121883 45588 0
1741121885 45566 0
1741121887 45682 0
1741121889 45709 0
1741121891 45671 0
1741121893 45737 0
1741121895 45712 0
1741121897 45635 0
1741121899 45620 0
1741121901 45543 0
1741121904 45599 0
1741121906 45707 0
1741121908 45850 0
1741121910 45870 0
1741121912 45931 0
1741121914 46286 0
1741121916 46549 0
1741121918 46870 0
1741121920 47187 0
1741121922 47209 0
1741121924 46669 0
1741121926 46213 0
1741121928 46050 0
1741121930 45934 0
1741121932 45925 0
1741121934 45920 0
1741121936 45902 0
1741121938 45803 0
1741121940 45578 0
1741121942 45682 0
1741121944 45630 0
1741121946 45746 0
1741121948 45925 0
1741121951 45821 0
1741121953 45836 0
1741121955 45792 0
1741121957 45712 0
1741121959 45741 0
1741121961 45682 0
1741121963 45782 0
1741121965 45795 0
1741121967 45913 0
1741121969 45812 0
1741121971 45736 0
1741121973 45831 0
1741121975 45968 0
1741121977 45972 0
1741121979 45997 0
1741121981 46418 0
1741121983 46777 0
1741121985 47077 0
1741121987 47391 0
1741121989 47459 0
1741121991 47042 0
1741121993 46494 0
1741121996 46051 0
1741121998 45926 0
1741122000 45928 0
1741122002 45797 0
1741122004 45870 0
1741122006 45839 0
1741122008 45759 0
1741122010 45861 0
1741122012 45790 0
1741122014 45694 0
1741122016 45673 0
1741122018 45697 0
1741122020 45743 0
1741122022 45697 0
1741122024 45691 0
1741122026 45746 0
1741122028 45699 0
1741122030 45684 0
1741122032 45587 0
1741122034 45723 0
1741122036 45751 0
1741122038 45913 0
1741122040 46447 0
1741122043 46805 0
1741122045 47070 0
1741122047 47266 0
1741122049 47358 0
1741122051 47335 0
1741122053 47228 0
1741122055 47284 0
1741122057 47273 0
1741122059 46958 0
1741122061 46433 0
1741122063 46081 0
1741122065 45860 0
1741122067 45836 0
1741122069 45806 0
1741122071 45636 0
1741122073 45673 0
1741122075 45827 0
1741122077 45748 0
1741122079 45687 0
1741122081 45537 0
1741122083 45630 0
1741122085 45665 0
1741122087 45728 0
1741122090 45586 0
1741122092 45589 0
1741122094 45660 0
1741122096 45639 0
1741122098 45571 0
1741122100 45720 0
1741122102 45829 0
1741122104 45842 0
1741122106 45803 0
1741122108 45951 0
1741122110 46323 0
1741122112 46727 0
1741122114 47023 0
1741122116 47328 0
1741122118 47377 0
1741122120 47360 0
1741122122 47164 0
1741122124 47188 0
1741122126 47245 0
1741122128 47059 0
1741122130 46437 0
1741122132 46166 0
1741122135 46083 0
1741122137 45892 0
1741122139 45788 0
1741122141 45683 0
1741122143 45652 0
1741122145 45596 0
1741122147 45667 0
1741122149 45669 0
1741122151 45651 0
1741122153 45657 0
1741122155 45580 0
1741122157 45641 0
1741122159 45564 0
1741122161 45755 0
1741122163 45756 0
1741122165 45661 0
1741122167 45662 0
1741122169 45617 0
1741122171 45699 0
1741122173 45734 0
1741122175 45735 0
1741122177 45630 0
1741122179 45638 0
1741122182 45651 0
1741122184 45681 0
1741122186 45704 0
1741122188 46039 0
1741122190 46453 0
1741122192 46690 0
1741122194 46940 0
1741122196 47068 0
1741122198 46648 0
1741122200 46262 0
1741122202 45983 0
1741122204 45861 0
1741122206 45781 0
1741122208 45851 0
1741122210 45720 0
1741122212 45664 0
1741122214 45730 0
1741122216 45697 0
1741122218 45663 0
1741122220 45884 0
1741122222 45806 0
1741122224 45667 0
1741122226 45591 0
1741122229 45412 0
1741122231 45378 0
1741122233 45475 0
1741122235 45475 0
1741122237 45554 0
1741122239 45565 0
1741122241 45651 0
1741122243 45729 0
1741122245 45682 0
1741122247 45811 0
1741122249 45804 0
1741122251 45764 0
1741122253 45786 0
1741122255 45909 0
1741122257 46054 0
1741122259 46264 0
1741122261 46554 0
1741122263 46937 0
1741122265 46932 0
1741122267 46388 0
1741122269 45964 0
1741122271 45805 0
1741122274 45827 0
1741122276 45853 0
1741122278 45879 0
1741122280 45838 0
1741122282 45897 0
1741122284 45819 0
1741122286 45617 0
1741122288 45699 0
1741122290 45711 0
1741122292 45639 0
1741122294 45563 0
1741122296 45572 0
1741122298 45563 0
1741122300 45531 0
1741122302 45633 0
1741122304 45701 0
1741122306 45512 0
1741122308 45983 0
1741122310 45891 0
1741122312 45944 0
1741122314 46081 0
1741122316 46284 0
1741122318 46751 0
1741122321 47035 0
1741122323 47350 0
1741122325 47336 0
1741122327 47341 0
1741122329 47318 0
1741122331 47395 0
1741122333 47272 0
1741122335 46911 0
1741122337 46344 0
1741122339 46083 0
1741122341 46072 0
1741122343 45939 0
1741122345 45732 0
1741122347 45692 0
1741122349 45609 0
1741122351 45570 0
1741122353 45674 0
1741122355 45777 0
1741122357 45770 0
1741122359 45641 0
1741122361 45648 0
1741122363 45666 0
1741122365 45637 0
1741122368 45806 0
1741122370 45841 0
1741122372 45740 0
1741122374 45531 0
1741122376 45634 0
1741122378 45719 0
1741122380 45791 0
1741122382 45837 0
1741122384 46026 0
1741122386 46368 0
1741122388 46914 0
1741122390 47262 0
1741122392 47349 0
1741122394 47367 0
1741122396 47204 0
1741122398 47230 0
1741122400 47375 0
1741122402 47306 0
1741122404 46841 0
1741122406 46343 0
1741122408 46194 0
1741122410 46044 0
1741122412 45853 0
1741122415 45790 0
1741122417 45836 0
1741122419 45805 0
1741122421 45722 0
1741122423 45619 0
1741122425 45560 0
1741122427 45672 0
1741122429 45728 0
1741122431 45732 0
1741122433 45683 0
1741122435 45645 0
1741122437 45602 0
1741122439 45673 0
1741122441 45598 0
1741122443 45547 0
1741122445 45640 0
1741122447 45679 0
1741122449 45628 0
1741122451 45600 0
1741122453 45678 0
1741122455 45686 0
1741122457 45693 0
1741122459 45856 0
1741122462 46181 0
1741122464 46222 0
1741122466 46472 0
1741122468 46725 0
1741122470 46925 0
1741122472 47024 0
1741122474 46485 0
1741122476 46115 0
1741122478 45920 0
1741122480 45743 0
1741122482 45654 0
1741122484 45746 0
1741122486 45738 0
1741122488 45754 0
1741122490 45619 0
1741122492 45623 0
1741122494 45675 0
1741122496 45630 0
1741122498 45684 0
1741122500 45747 0
1741122502 45650 0
1741122504 45758 0
1741122506 45685 0
1741122509 45667 0
1741122511 45656 0
1741122513 45617 0
1741122515 45676 0
1741122517 45688 0
1741122519 45661 0
1741122521 45851 0
1741122523 45662 0
1741122525 45550 0
1741122527 45654 0
1741122529 45773 0
1741122531 45898 0
1741122533 45991 0
1741122535 46305 0
1741122537 46649 0
1741122539 46963 0
1741122541 46751 0
1741122543 46203 0
1741122545 45918 0
1741122547 45825 0
1741122549 45855 0
1741122551 45743 0
1741122554 45751 0
1741122556 45609 0
1741122558 45641 0
1741122560 45698 0
1741122562 45554 0
1741122564 45529 0
1741122566 45463 0
1741122568 45455 0
1741122570 45447 0
1741122572 45530 0
1741122574 45721 0
1741122576 45678 0
1741122578 45711 0
1741122580 45954 0
1741122582 45914 0
1741122584 45899 0
1741122586 46007 0
1741122589 46050 0
1741122591 46253 0
1741122593 46522 0
1741122595 46924 0
1741122597 47201 0
1741122599 47294 0
1741122601 47205 0
1741122603 47209 0
1741122605 47143 0
1741122607 47268 0
1741122609 47238 0
1741122611 46479 0
1741122613 46145 0
1741122615 46032 0
1741122617 45815 0
1741122619 45715 0
1741122621 45693 0
1741122623 45712 0
1741122625 45793 0
1741122627 45730 0
1741122629 45740 0
1741122631 45681 0
1741122633 45751 0
1741122636 45783 0
1741122638 45546 0
1741122640 45732 0
1741122642 45766 0
1741122644 45659 0
1741122646 45530 0
1741122648 45599 0
1741122650 45545 0
1741122652 45551 0
1741122654 45631 0
1741122656 45751 0
1741122658 45877 0
1741122660 46171 0
1741122662 46573 0
1741122664 46865 0
1741122666 47129 0
1741122668 47334 0
1741122670 47351 0
1741122672 47252 0
1741122674 47336 0
1741122676 47136 0
1741122678 46834 0
1741122681 46284 0
1741122683 46060 0
1741122685 45893 0
1741122687 45808 0
1741122689 45640 0
1741122691 45540 0
1741122693 45609 0
1741122695 45567 0
1741122697 45622 0
1741122699 45673 0
1741122701 45859 0
1741122703 45754 0
1741122705 45708 0
1741122707 45670 0
1741122709 45739 0
1741122711 45716 0
1741122713 45697 0
1741122715 45870 0
1741122717 45799 0
1741122719 45792 0
1741122721 45705 0
1741122723 45704 0
1741122725 45725 0
1741122728 45816 0
1741122730 45817 0
1741122732 45660 0
1741122734 45818 0
1741122736 45894 0
1741122738 46044 0
1741122740 46343 0
1741122742 46638 0
1741122744 47041 0
1741122746 47361 0
1741122748 46840 0
1741122750 46344 0
1741122752 46070 0
1741122754 46012 0
1741122756 45777 0
1741122758 45714 0
1741122760 45943 0
1741122762 45744 0
1741122764 45713 0
1741122766 45582 0
1741122768 45522 0
1741122770 45483 0
1741122772 45594 0
1741122775 45589 0
1741122777 45662 0
1741122779 45604 0
1741122781 45700 0
1741122783 45598 0
1741122785 45528 0
1741122787 45616 0
1741122789 45706 0
1741122791 45637 0
1741122793 45675 0
1741122795 45732 0
1741122797 45682 0
1741122799 45703 0
1741122801 45659 0
1741122803 45727 0
1741122805 45784 0
1741122807 46103 0
1741122809 46251 0
1741122811 46610 0
1741122813 47159 0
1741122815 47122 0
1741122817 46614 0
1741122819 46317 0
1741122822 46250 0
1741122824 46146 0
1741122826 46052 0
1741122828 45840 0
1741122830 45704 0
1741122832 45786 0
1741122834 45861 0
1741122836 45840 0
1741122838 45744 0
1741122840 45671 0
1741122842 45713 0
1741122844 45588 0
1741122846 45608 0
1741122848 45820 0
1741122850 45745 0
1741122852 45676 0
1741122854 45619 0
1741122856 45718 0
1741122858 45674 0
1741122860 45706 0
1741122862 45786 0
1741122864 45986 0
1741122867 46364 0
1741122869 46856 0
1741122871 47160 0
1741122873 47368 0
1741122875 47475 0
1741122877 47391 0
1741122879 47453 0
1741122881 47548 0
1741122883 47442 0
1741122885 46974 0
1741122887 46491 0
1741122889 46085 0
1741122891 45910 0
1741122893 45799 0
1741122895 45680 0
1741122897 45748 0
1741122899 45630 0
1741122901 45595 0
1741122903 45672 0
1741122905 45746 0
1741122907 45729 0
1741122909 45812 0
1741122911 45684 0
1741122914 45665 0
1741122916 45537 0
1741122918 45490 0
1741122920 45596 0
1741122922 45682 0
1741122924 45648 0
1741122926 45680 0
1741122928 45823 0
1741122930 45860 0
1741122932 45932 0
1741122934 46275 0
1741122936 46565 0
1741122938 47060 0
1741122940 47474 0
1741122942 47492 0
1741122944 47372 0
1741122946 47180 0
1741122948 47083 0
1741122950 47130 0
1741122952 47070 0
1741122954 46626 0
1741122956 46263 0
1741122959 46097 0
1741122961 45846 0
1741122963 45746 0
1741122965 45700 0
1741122967 45801 0
1741122969 45911 0
1741122971 45782 0
1741122973 45555 0
1741122975 45590 0
1741122977 45554 0
1741122979 45587 0
1741122981 45547 0
1741122983 45633 0
1741122985 45593 0
1741122987 45670 0
1741122989 45623 0
1741122991 45588 0
1741122993 45690 0
1741122995 45766 0
1741122997 45709 0
1741122999 45757 0
1741123001 45892 0
1741123003 45806 0
1741123006 45557 0
1741123008 45519 0
1741123010 45673 0
1741123012 45809 0
1741123014 45846 0
1741123016 45980 0
1741123018 46140 0
1741123020 46581 0
1741123022 46804 0
1741123024 46228 0
1741123026 45884 0
1741123028 45904 0
1741123030 45826 0
1741123032 45782 0
1741123034 45744 0
1741123036 45706 0
1741123038 45589 0
1741123040 45642 0
1741123042 45593 0
1741123044 45554 0
1741123046 45542 0
1741123048 45569 0
1741123050 45552 0
1741123053 45559 0
1741123055 45641 0
1741123057 45586 0
1741123059 45578 0
1741123061 45723 0
1741123063 45598 0
1741123065 45601 0
1741123067 45556 0
1741123069 45551 0
1741123071 45505 0
1741123073 45485 0
1741123075 45515 0
1741123077 45581 0
1741123079 45457 0
1741123081 45577 0
1741123083 45759 0
1741123085 45996 0
1741123087 46472 0
1741123089 46881 0
1741123091 46689 0
1741123093 46197 0
1741123095 45942 0
1741123097 45696 0
1741123100 45713 0
1741123102 45616 0
1741123104 45536 0
1741123106 45365 0
1741123108 45458 0
1741123110 45341 0
1741123112 45418 0
1741123114 45565 0
1741123116 45512 0
1741123118 45419 0
1741123120 45528 0
1741123122 45670 0
1741123124 45551 0
1741123126 45626 0
1741123128 45543 0
1741123130 45535 0
1741123132 45487 0
1741123134 45538 0
1741123136 45553 0
1741123138 45650 0
1741123140 45852 0
1741123142 46151 0
1741123145 46594 0
1741123147 46865 0
1741123149 47176 0
1741123151 47195 0
1741123153 47204 0
1741123155 47235 0
1741123157 47063 0
1741123159 47050 0
1741123161 46370 0
1741123163 45919 0
1741123165 45723 0
1741123167 45662 0
1741123169 45591 0
1741123171 45485 0
1741123173 45523 0
1741123175 45575 0
1741123177 45620 0
1741123179 45690 0
1741123181 45919 0
1741123183 45772 0
1741123185 45649 0
1741123187 45623 0
1741123189 45608 0
1741123192 45558 0
1741123194 45501 0
1741123196 45524 0
1741123198 45565 0
1741123200 45447 0
1741123202 45456 0
1741123204 45503 0
1741123206 45601 0
1741123208 45792 0
1741123210 46108 0
1741123212 46397 0
1741123214 46695 0
1741123216 47046 0
1741123218 47227 0
1741123220 47225 0
1741123222 47279 0
1741123224 47113 0
1741123226 47043 0
1741123228 46761 0
1741123230 46201 0
1741123232 45928 0
1741123234 45817 0
1741123237 45599 0
1741123239 45654 0
1741123241 45916 0
1741123243 45758 0
1741123245 45557 0
1741123247 45512 0
1741123249 45540 0
1741123251 45508 0
1741123253 45594 0
1741123255 45492 0
1741123257 45560 0
1741123259 45521 0
1741123261 45453 0
1741123263 45491 0
1741123265 45570 0
1741123267 45531 0
1741123269 45588 0
1741123271 45567 0
1741123273 45543 0
1741123275 45588 0
1741123277 45791 0
1741123279 45648 0
1741123281 45609 0
1741123284 45652 0
1741123286 45611 0
1741123288 45762 0
1741123290 45898 0
1741123292 46199 0
1741123294 46654 0
1741123296 46999 0
1741123298 46638 0
1741123300 46346 0
1741123302 46153 0
1741123304 45930 0
1741123306 45807 0
1741123308 45759 0
1741123310 45634 0
1741123312 45652 0
1741123314 45591 0
1741123316 45620 0
1741123318 45519 0
1741123320 45485 0
1741123322 45504 0
1741123324 45459 0
1741123326 45702 0
1741123328 45776 0
1741123331 45714 0
1741123333 45638 0
1741123335 45716 0
1741123337 45565 0
1741123339 45758 0
1741123341 45653 0
1741123343 45634 0
1741123345 45566 0
1741123347 45732 0
1741123349 45727 0
1741123351 45674 0
1741123353 45735 0
1741123355 45814 0
1741123357 45962 0
1741123359 46310 0
1741123361 46845 0
1741123363 47087 0
1741123365 47212 0
1741123367 46551 0
1741123369 46219 0
1741123371 45888 0
1741123373 45845 0
1741123375 45715 0
1741123378 45674 0
1741123380 45673 0
1741123382 45685 0
1741123384 45598 0
1741123386 45439 0
1741123388 45678 0
1741123390 45841 0
1741123392 45694 0
1741123394 45575 0
1741123396 45526 0
1741123398 45406 0
1741123400 45448 0
1741123402 45506 0
1741123404 45563 0
1741123406 45505 0
1741123408 45545 0
1741123410 45596 0
1741123412 45671 0
1741123414 45701 0
1741123416 45772 0
1741123418 45979 0
1741123420 46552 0
1741123423 46825 0
1741123425 47038 0
1741123427 47075 0
1741123429 47003 0
1741123431 47032 0
1741123433 47004 0
1741123435 46629 0
1741123437 46279 0
1741123439 45914 0
1741123441 45614 0
1741123443 45546 0
1741123445 45504 0
1741123447 45532 0
1741123449 45550 0
1741123451 45450 0
1741123453 45331 0
1741123455 45257 0
1741123457 45379 0
1741123459 45528 0
1741123461 45423 0
1741123463 45569 0
1741123465 45422 0
1741123467 45503 0
1741123470 45446 0
1741123472 45446 0
1741123474 45576 0
1741123476 45361 0
1741123478 45405 0
1741123480 45551 0
1741123482 45792 0
1741123484 45695 0
1741123486 45891 0
1741123488 46311 0
1741123490 46602 0
1741123492 46821 0
1741123494 47133 0
1741123496 47211 0
1741123498 47028 0
1741123500 46963 0
1741123502 46960 0
1741123504 46595 0
1741123506 46079 0
1741123508 46009 0
1741123510 45739 0
1741123512 45526 0
1741123514 45350 0
1741123517 45307 0
1741123519 45366 0
1741123521 45313 0
1741123523 45367 0
1741123525 45444 0
1741123527 45522 0
1741123529 45341 0
1741123531 45277 0
1741123533 45338 0
1741123535 45353 0
1741123537 45366 0
1741123539 45441 0
1741123541 45563 0
1741123543 45349 0
1741123545 45226 0
1741123547 45238 0
1741123549 45317 0
1741123551 45307 0
1741123553 45388 0
1741123555 45523 0
1741123557 45490 0
1741123559 45413 0
1741123562 45456 0
1741123564 45540 0
1741123566 45863 0
1741123568 46063 0
1741123570 46560 0
1741123572 46730 0
1741123574 46114 0
1741123576 45832 0
1741123578 45687 0
1741123580 45605 0
1741123582 45573 0
1741123584 45442 0
1741123586 45599 0
1741123588 45591 0
1741123590 45569 0
1741123592 45562 0
1741123594 45545 0
1741123596 45601 0
1741123598 45362 0
1741123600 45608 0
1741123602 45562 0
1741123604 45428 0
1741123606 45463 0
1741123609 45451 0
1741123611 45404 0
1741123613 45320 0
1741123615 45420 0
1741123617 45335 0
1741123619 45367 0
1741123621 45361 0
1741123623 45369 0
1741123625 45383 0
1741123627 45533 0
1741123629 45597 0
1741123631 45560 0
1741123633 45612 0
1741123635 45794 0
1741123637 46220 0
1741123639 46527 0
1741123641 46452 0
1741123643 45956 0
1741123645 45757 0
1741123647 45675 0
1741123649 45472 0
1741123651 45453 0
1741123653 45579 0
1741123656 45443 0
1741123658 45467 0
1741123660 45583 0
1741123662 45629 0
1741123664 45553 0
1741123666 45469 0
1741123668 45435 0
1741123670 45394 0
1741123672 45394 0
1741123674 45365 0
1741123676 45352 0
1741123678 45350 0
1741123680 45327 0
1741123682 45352 0
1741123684 45309 0
1741123686 45305 0
1741123688 45482 0
1741123690 45620 0
1741123692 45787 0
1741123694 46082 0
1741123696 46518 0
1741123698 46798 0
1741123700 46915 0
1741123703 46889 0
1741123705 47003 0
1741123707 47126 0
1741123709 47119 0
1741123711 46614 0
1741123713 46146 0
1741123715 46071 0
1741123717 45764 0
1741123719 45722 0
1741123721 45798 0
1741123723 45682 0
1741123725 45633 0
1741123727 45460 0
1741123729 45413 0
1741123731 45400 0
1741123733 45551 0
1741123735 45457 0
1741123737 45461 0
1741123739 45385 0
1741123741 45413 0
1741123743 45452 0
1741123745 45437 0
1741123748 45537 0
1741123750 45589 0
1741123752 45610 0
1741123754 45666 0
1741123756 45510 0
1741123758 45658 0
1741123760 45842 0
1741123762 46166 0
1741123764 46535 0
1741123766 46911 0
1741123768 47253 0
1741123770 47220 0
1741123772 47195 0
1741123774 47209 0
1741123776 47051 0
1741123778 46987 0
1741123780 46542 0
1741123782 46195 0
1741123784 45834 0
1741123786 45565 0
1741123788 45406 0
1741123790 45423 0
1741123792 45369 0
1741123795 45438 0
1741123797 45478 0
1741123799 45504 0
1741123801 45424 0
1741123803 45433 0
1741123805 45285 0
1741123807 45460 0
1741123809 45596 0
1741123811 45538 0
1741123813 45497 0
1741123815 45441 0
1741123817 45489 0
1741123819 45452 0
1741123821 45378 0
1741123823 45315 0
1741123825 45287 0
1741123827 45362 0
1741123829 45342 0
1741123831 45378 0
1741123833 45513 0
1741123835 45449 0
1741123837 45460 0
1741123839 45702 0
1741123842 46071 0
1741123844 46134 0
1741123846 46369 0
1741123848 46481 0
1741123850 46021 0
1741123852 45723 0
1741123854 45590 0
1741123856 45452 0
1741123858 45276 0
1741123860 45333 0
1741123862 45395 0
1741123864 45265 0
1741123866 45395 0
1741123868 45535 0
1741123870 45421 0
1741123872 45386 0
1741123874 45459 0
1741123876 45468 0
1741123878 45455 0
1741123880 45500 0
1741123882 45415 0
1741123884 45378 0
1741123886 45573 0
1741123889 45415 0
1741123891 45353 0
1741123893 45511 0
1741123895 45547 0
1741123897 45414 0
1741123899 45396 0
1741123901 45679 0
1741123903 45518 0
1741123905 45458 0
1741123907 45521 0
1741123909 45665 0
1741123911 45811 0
1741123913 46017 0
1741123915 46388 0
1741123917 46038 0
1741123919 45755 0
1741123921 45586 0
1741123923 45576 0
1741123925 45356 0
1741123927 45460 0
1741123929 45427 0
1741123931 45342 0
1741123934 45449 0
1741123936 45428 0
1741123938 45326 0
1741123940 45282 0
1741123942 45222 0
1741123944 45190 0
1741123946 45194 0
1741123948 45274 0
1741123950 45225 0
1741123952 45172 0
1741123954 45299 0
1741123956 45246 0
1741123958 45170 0
1741123960 45392 0
1741123962 45449 0
1741123964 45490 0
1741123966 45539 0
1741123968 45771 0
1741123970 46174 0
1741123972 46487 0
1741123974 46765 0
1741123976 46887 0
1741123978 46849 0
1741123981 46878 0
1741123983 46659 0
1741123985 46536 0
1741123987 46070 0
1741123989 45786 0
1741123991 45549 0
1741123993 45337 0
1741123995 45295 0
1741123997 45302 0
1741123999 45257 0
1741124001 45277 0
1741124003 45214 0
1741124005 45149 0
1741124007 45329 0
1741124009 45201 0
1741124011 45219 0
1741124013 45248 0
1741124015 45273 0
1741124017 45175 0
1741124019 45290 0
1741124021 45387 0
1741124023 45275 0
1741124026 45154 0
1741124028 45102 0
1741124030 45069 0
1741124032 45103 0
1741124034 45178 0
1741124036 45178 0
1741124038 45324 0
1741124040 45691 0
1741124042 46047 0
1741124044 46394 0
1741124046 46619 0
1741124048 46891 0
1741124050 46788 0
1741124052 46686 0
1741124054 46265 0
1741124056 45725 0
1741124058 45544 0
1741124060 45263 0
1741124062 45181 0
1741124064 44951 0
1741124066 45014 0
1741124068 44944 0
1741124071 44803 0
1741124073 44728 0
1741124075 44878 0
1741124077 44824 0
1741124079 44838 0
1741124081 45030 0
1741124083 44962 0
1741124085 44873 0
1741124087 44765 0
1741124089 44769 0
1741124091 44746 0
1741124093 44724 0
1741124095 44820 0
1741124097 44812 0
1741124099 44699 0
1741124101 44634 0
1741124103 44567 0
1741124105 44593 0
1741124107 44792 0
1741124109 44666 0
1741124111 44643 0
1741124113 44582 0
1741124116 44630 0
1741124118 44825 0
1741124120 45032 0
1741124122 45191 0
1741124124 44830 0
1741124126 44657 0
1741124128 44542 0
1741124130 44581 0
1741124132 44519 0
1741124134 44493 0
1741124136 44368 0
1741124138 44319 0
1741124140 44451 0
1741124142 44381 0
1741124144 44335 0
1741124146 44326 0
1741124148 44275 0
1741124150 44382 0
1741124152 44378 0
1741124154 44370 0
1741124156 44343 0
1741124158 44198 0
1741124160 44306 0
1741124163 44266 0
1741124165 44248 0
1741124167 44449 0
1741124169 44450 0
1741124171 44452 0
1741124173 44393 0
1741124175 44258 0
1741124177 44217 0
1741124179 44312 0
1741124181 44288 0
1741124183 44340 0
1741124185 44157 0
1741124187 44485 0
1741124189 44532 0
1741124191 44537 0
1741124193 44483 0
1741124195 44466 0
1741124197 44503 0
1741124199 44504 0
1741124201 44638 0
1741124203 44590 0
1741124205 44548 0
1741124207 44472 0
1741124210 44303 0
1741124212 44376 0
1741124214 44519 0
1741124216 44401 0
1741124218 44431 0
1741124220 44458 0
1741124222 44346 0
1741124224 44393 0
1741124226 44365 0
1741124228 44500 0
1741124230 44601 0
1741124232 44426 0
1741124234 44330 0
1741124236 44483 0
1741124238 44564 0
1741124240 44592 0
1741124242 44532 0
1741124244 44695 0
1741124246 44929 0
1741124248 45384 0
1741124250 45754 0
1741124252 46173 0
1741124255 46459 0
1741124257 46405 0
1741124259 46332 0
1741124261 46102 0
1741124263 45398 0
1741124265 44923 0
1741124267 44686 0
1741124269 44737 0
1741124271 44561 0
1741124273 44505 0
1741124275 44508 0
1741124277 44502 0
1741124279 44544 0
1741124281 44459 0
1741124283 44499 0
1741124285 44568 0
1741124287 44643 0
1741124289 44580 0
1741124291 44531 0
1741124293 44444 0
1741124295 44556 0
1741124297 44641 0
1741124299 44685 0
1741124302 44710 0
1741124304 44749 0
1741124306 44647 0
1741124308 44839 0
1741124310 44696 0
1741124312 44809 0
1741124314 45015 0
1741124316 45369 0
1741124318 45695 0
1741124320 46171 0
1741124322 46360 0
1741124324 46359 0
1741124326 46316 0
1741124328 46326 0
1741124330 45607 0
1741124332 45203 0
1741124334 45004 0
1741124336 44886 0
1741124338 44859 0
1741124340 44857 0
1741124343 44733 0
1741124345 44775 0
1741124347 44948 0
1741124349 44971 0
1741124351 44918 0
1741124353 44842 0
1741124355 44875 0
1741124357 44894 0
1741124359 44893 0
1741124361 44849 0
1741124363 44858 0
1741124365 44849 0
1741124367 44951 0
1741124369 44913 0
1741124371 44867 0
1741124373 44877 0
1741124375 44686 0
1741124377 44836 0
1741124379 44896 0
1741124381 45061 0
1741124383 44914 0
1741124385 44847 0
1741124387 44925 0
1741124390 45128 0
1741124392 45043 0
1741124394 45165 0
1741124396 45511 0
1741124398 45502 0
1741124400 45227 0
1741124402 45019 0
1741124404 44924 0
1741124406 44915 0
1741124408 45063 0
1741124410 45023 0
1741124412 44913 0
1741124414 44847 0
1741124416 44882 0
1741124418 44885 0
1741124420 44842 0
1741124422 44844 0
1741124424 44894 0
1741124426 44874 0
1741124428 44890 0
1741124430 44888 0
1741124432 44859 0
1741124435 45044 0
1741124437 44941 0
1741124439 44949 0
1741124441 45177 0
1741124443 44998 0
1741124445 44941 0
1741124447 44812 0
1741124449 44773 0
1741124451 44903 0
1741124453 44949 0
1741124455 45006 0
1741124457 45004 0
1741124459 44955 0
1741124461 44937 0
1741124463 45109 0
1741124465 45378 0
1741124467 45253 0
1741124469 45207 0
1741124471 45140 0
1741124473 45041 0
1741124475 44915 0
1741124477 44930 0
1741124480 44906 0
1741124482 44850 0
1741124484 44817 0
1741124486 44775 0
1741124488 44819 0
1741124490 44947 0
1741124492 44902 0
1741124494 44957 0
1741124496 44923 0
1741124498 44915 0
1741124500 45075 0
1741124502 45087 0
1741124504 44928 0
1741124506 44934 0
1741124508 44796 0
1741124510 44854 0
1741124512 44885 0
1741124514 44781 0
1741124516 44832 0
1741124518 44851 0
1741124520 45049 0
1741124522 45390 0
1741124524 45787 0
1741124527 46217 0
1741124529 46480 0
1741124531 46636 0
1741124533 46605 0
1741124535 46454 0
1741124537 45657 0
1741124539 45303 0
1741124541 45073 0
1741124543 44889 0
1741124545 44723 0
1741124547 44812 0
1741124549 44830 0
1741124551 44782 0
1741124553 44976 0
1741124555 44932 0
1741124557 44883 0
1741124559 44860 0
1741124561 45022 0
1741124563 44955 0
1741124565 44830 0
1741124567 44847 0
1741124569 44847 0
1741124571 44838 0
1741124574 44899 0
1741124576 44889 0
1741124578 44869 0
1741124580 44822 0
1741124582 44930 0
1741124584 44971 0
1741124586 45089 0
1741124588 45337 0
1741124590 45745 0
1741124592 46039 0
1741124594 46316 0
1741124596 46560 0
1741124598 46524 0
1741124600 46563 0
1741124602 46546 0
1741124604 46199 0
1741124606 45565 0
1741124608 45337 0
1741124610 45075 0
1741124612 45004 0
1741124614 45159 0
1741124616 44931 0
1741124618 44932 0
1741124621 45150 0
1741124623 45169 0
1741124625 45145 0
1741124627 44938 0
1741124629 44889 0
1741124631 44863 0
1741124633 44923 0
1741124635 44986 0
1741124637 44953 0
1741124639 44959 0
1741124641 44929 0
1741124643 45004 0
1741124645 44978 0
1741124647 45095 0
1741124649 45198 0
1741124651 45243 0
1741124653 45212 0
1741124655 45217 0
1741124657 45243 0
1741124659 45324 0
1741124661 45253 0
1741124663 45244 0
1741124666 45310 0
1741124668 45650 0
1741124670 45938 0
1741124672 46258 0
1741124674 45939 0
1741124676 45482 0
1741124678 45432 0
1741124680 45495 0
1741124682 45543 0
1741124684 45341 0
1741124686 45299 0
1741124688 45412 0
1741124690 45307 0
1741124692 45125 0
1741124694 45095 0
1741124696 45070 0
1741124698 45117 0
1741124700 45115 0
1741124702 45142 0
1741124704 45216 0
1741124706 45281 0
1741124708 45373 0
1741124710 45169 0
1741124713 45072 0
1741124715 45143 0
1741124717 45088 0
1741124719 45123 0
1741124721 45138 0
1741124723 45134 0
1741124725 45152 0
1741124727 45314 0
1741124729 45160 0
1741124731 45185 0
1741124733 45393 0
1741124735 45552 0
1741124737 45736 0
1741124739 46015 0
1741124741 46127 0
1741124743 45697 0
1741124745 45368 0
1741124747 45202 0
1741124749 45068 0
1741124751 45051 0
1741124753 45066 0
1741124755 45051 0
1741124757 45044 0
1741124760 45039 0
1741124762 45027 0
1741124764 45075 0
1741124766 44903 0
1741124768 45106 0
1741124770 45120 0
1741124772 45062 0
1741124774 44965 0
1741124776 44883 0
1741124778 44890 0
1741124780 44963 0
1741124782 44953 0
1741124784 44882 0
1741124786 44920 0
1741124788 45036 0
1741124790 45069 0
1741124792 45062 0
1741124794 45401 0
1741124796 45724 0
1741124798 46131 0
1741124801 46560 0
1741124803 46691 0
1741124805 46675 0
1741124807 46610 0
1741124809 46522 0
1741124811 46062 0
1741124813 45684 0
1741124815 45473 0
1741124817 45122 0
1741124819 44955 0
1741124821 44957 0
1741124823 44848 0
1741124825 44859 0
1741124827 44956 0
1741124829 44881 0
1741124831 44841 0
1741124833 44857 0
1741124835 44965 0
1741124837 44935 0
1741124839 45064 0
1741124841 44918 0
1741124843 44906 0
1741124845 44825 0
1741124848 44814 0
1741124850 44785 0
1741124852 44936 0
1741124854 44990 0
1741124856 44922 0
1741124858 44966 0
1741124860 45193 0
1741124862 45299 0
1741124864 45470 0
1741124866 45697 0
1741124868 46042 0
1741124870 46357 0
1741124872 46468 0
1741124874 46567 0
1741124876 46586 0
1741124878 46440 0
1741124880 45796 0
1741124882 45322 0
1741124884 45190 0
1741124886 45145 0
1741124888 45309 0
1741124890 45162 0
1741124893 45032 0
1741124895 44941 0
1741124897 44945 0
1741124899 45040 0
1741124901 44966 0
1741124903 44938 0
1741124905 44891 0
1741124907 44970 0
1741124909 44897 0
1741124911 44929 0
1741124913 44919 0
1741124915 45037 0
1741124917 45018 0
1741124919 45053 0
1741124921 45261 0
1741124923 45151 0
1741124925 45154 0
1741124927 45140 0
1741124929 45136 0
1741124931 45071 0
1741124933 44931 0
1741124935 45035 0
1741124937 45033 0
1741124940 45127 0
1741124942 45329 0
1741124944 45390 0
1741124946 45727 0
1741124948 45796 0
1741124950 45560 0
1741124952 45390 0
1741124954 45294 0
1741124956 45261 0
1741124958 45234 0
1741124960 45166 0
1741124962 45061 0
1741124964 45012 0
1741124966 45009 0
1741124968 45113 0
1741124970 45111 0
1741124972 45073 0
1741124974 45157 0
1741124976 45134 0
1741124978 45176 0
1741124980 45404 0
1741124982 45271 0
1741124984 45096 0
1741124987 45021 0
1741124989 44950 0
1741124991 45077 0
1741124993 45106 0
1741124995 45020 0
1741124997 45075 0
1741124999 45107 0
1741125001 45118 0
1741125003 45014 0
1741125005 45090 0
1741125007 45246 0
1741125009 45265 0
1741125011 45564 0
1741125013 45781 0
1741125015 46285 0
1741125017 45936 0
1741125019 45572 0
1741125021 45258 0
1741125023 45174 0
1741125025 45048 0
1741125027 45127 0
1741125029 45161 0
1741125032 45116 0
1741125034 45174 0
1741125036 45258 0
1741125038 45230 0
1741125040 45283 0
1741125042 45448 0
1741125044 45271 0
1741125046 45266 0
1741125048 45276 0
1741125050 45133 0
1741125052 45308 0
1741125054 45232 0
1741125056 45232 0
1741125058 45185 0
1741125060 45135 0
1741125062 45220 0
1741125064 45316 0
1741125066 45491 0
1741125068 45830 0
1741125070 46137 0
1741125072 46605 0
1741125074 46813 0
1741125076 47008 0
1741125079 46896 0
1741125081 46870 0
1741125083 46846 0
1741125085 46645 0
1741125087 46240 0
1741125089 45788 0
1741125091 45684 0
1741125093 45489 0
1741125095 45378 0
1741125097 45296 0
1741125099 45228 0
1741125101 45406 0
1741125103 45293 0
1741125105 45136 0
1741125107 45156 0
1741125109 45061 0
1741125111 45077 0
1741125113 45114 0
1741125115 45143 0
1741125117 45073 0
1741125119 45088 0
1741125121 45162 0
1741125124 45121 0
1741125126 45118 0
1741125128 45273 0
1741125130 45342 0
1741125132 45345 0
1741125134 45371 0
1741125136 45329 0
1741125138 45550 0
1741125140 45945 0
1741125142 46370 0
1741125144 46696 0
1741125146 46789 0
1741125148 46836 0
1741125150 46777 0
1741125152 46724 0
1741125154 46471 0
1741125156 45894 0
1741125158 45617 0
1741125160 45795 0
1741125162 45509 0
1741125164 45403 0
1741125166 45233 0
1741125168 45187 0
1741125171 45164 0
1741125173 45193 0
1741125175 45211 0
1741125177 45239 0
1741125179 45257 0
1741125181 45239 0
1741125183 45182 0
1741125185 45160 0
1741125187 45149 0
1741125189 45227 0
1741125191 45128 0
1741125193 45229 0
1741125195 45146 0
1741125197 45194 0
1741125199 45331 0
1741125201 45284 0
1741125203 45280 0
1741125205 45234 0
1741125207 45387 0
1741125209 45412 0
1741125211 45439 0
1741125213 45556 0
1741125215 45698 0
1741125218 45883 0
1741125220 46278 0
1741125222 46639 0
1741125224 46149 0
1741125226 45740 0
1741125228 45503 0
1741125230 45446 0
1741125232 45387 0
1741125234 45260 0
1741125236 45332 0
1741125238 45288 0
1741125240 45274 0
1741125242 45158 0
1741125244 45232 0
1741125246 45188 0
1741125248 45381 0
1741125250 45286 0
1741125252 45237 0
1741125254 45248 0
1741125256 45312 0
1741125258 45271 0
1741125260 45410 0
1741125263 45348 0
1741125265 45292 0
1741125267 45320 0
1741125269 45398 0
1741125271 45417 0
1741125273 45472 0
1741125275 45426 0
1741125277 45303 0
1741125279 45356 0
1741125281 45621 0
1741125283 45698 0
1741125285 45887 0
1741125287 46165 0
1741125289 46539 0
1741125291 46727 0
1741125293 46153 0
1741125295 45835 0
1741125297 45521 0
1741125300 45426 0
1741125302 45373 0
1741125304 45400 0
1741125306 45258 0
1741125308 45398 0
1741125310 45608 0
1741125312 45664 0
1741125314 45626 0
1741125316 45393 0
1741125318 45574 0
1741125320 45498 0
1741125322 45497 0
1741125324 45361 0
1741125326 45464 0
1741125328 45529 0
1741125330 45607 0
1741125332 45497 0
1741125334 45396 0
1741125336 45447 0
1741125338 45511 0
1741125340 46015 0
1741125342 46295 0
1741125345 46585 0
1741125347 46857 0
1741125349 47081 0
1741125351 47106 0
1741125353 46944 0
1741125355 47040 0
1741125357 47083 0
1741125359 46968 0
1741125361 46505 0
1741125363 46101 0
1741125365 45844 0
1741125367 45752 0
1741125369 45670 0
1741125371 45580 0
1741125373 45540 0
1741125375 45436 0
1741125377 45410 0
1741125379 45505 0
1741125381 45416 0
1741125383 45406 0
1741125385 45481 0
1741125387 45575 0
1741125389 45527 0
1741125392 45486 0
1741125394 45603 0
1741125396 45615 0
1741125398 45477 0
1741125400 45644 0
1741125402 45758 0
1741125404 45652 0
1741125406 45701 0
1741125408 45712 0
1741125410 45883 0
1741125412 46285 0
1741125414 46634 0
1741125416 47006 0
1741125418 47201 0
1741125420 47080 0
1741125422 47186 0
1741125424 47066 0
1741125426 47009 0
1741125428 47015 0
1741125430 46407 0
1741125432 46138 0
1741125434 45827 0
1741125437 45623 0
1741125439 45673 0
1741125441 45583 0
1741125443 45529 0
1741125445 45469 0
1741125447 45582 0
1741125449 45430 0
1741125451 45412 0
1741125453 45487 0
1741125455 45435 0
1741125457 45360 0
1741125459 45345 0
1741125461 45567 0
1741125463 45542 0
1741125465 45466 0
1741125467 45411 0
1741125469 45405 0
1741125471 45419 0
1741125473 45413 0
1741125475 45484 0
1741125477 45520 0
1741125479 45455 0
1741125482 45436 0
1741125484 45500 0
1741125486 45657 0
1741125488 45848 0
1741125490 46094 0
1741125492 46351 0
1741125494 46720 0
1741125496 46988 0
1741125498 46815 0
1741125500 46338 0
1741125502 45955 0
1741125504 45753 0
1741125506 45589 0
1741125508 45581 0
1741125510 45469 0
1741125512 45481 0
1741125514 45548 0
1741125516 45537 0
1741125518 45394 0
1741125520 45576 0
1741125522 45591 0
1741125524 45430 0
1741125526 45356 0
1741125529 45350 0
1741125531 45458 0
1741125533 45501 0
1741125535 45427 0
1741125537 45446 0
1741125539 45466 0
1741125541 45514 0
1741125543 45478 0
1741125545 45369 0
1741125547 45624 0
1741125549 45698 0
1741125551 45586 0
1741125553 45572 0
1741125555 45607 0
1741125557 45661 0
1741125559 45858 0
1741125561 45991 0
1741125563 46495 0
1741125565 46907 0
1741125567 46474 0
1741125569 45966 0
1741125571 45829 0
1741125573 45770 0
1741125576 45525 0
1741125578 45307 0
1741125580 45373 0
1741125582 45582 0
1741125584 45603 0
1741125586 45523 0
1741125588 45427 0
1741125590 45468 0
1741125592 45446 0
1741125594 45409 0
1741125596 45507 0
1741125598 45365 0
1741125600 45423 0
1741125602 45475 0
1741125604 45471 0
1741125606 45420 0
1741125608 45628 0
1741125610 45679 0
1741125612 45650 0
1741125614 45730 0
1741125616 46011 0
1741125618 46391 0
1741125620 46810 0
1741125623 47177 0
1741125625 47160 0
1741125627 47312 0
1741125629 47223 0
1741125631 47210 0
1741125633 46975 0
1741125635 47007 0
1741125637 46251 0
1741125639 45940 0
1741125641 46061 0
1741125643 45896 0
1741125645 45671 0
1741125647 45623 0
1741125649 45576 0
1741125651 45485 0
1741125653 45578 0
1741125655 45534 0
1741125657 45452 0
1741125659 45348 0
1741125661 45375 0
1741125663 45520 0
1741125665 45507 0
1741125668 45518 0
1741125670 45578 0
1741125672 45621 0
1741125674 45380 0
1741125676 45397 0
1741125678 45397 0
1741125680 45484 0
1741125682 45704 0
1741125684 46046 0
1741125686 46207 0
1741125688 46627 0
1741125690 46897 0
1741125692 47113 0
1741125694 47202 0
1741125696 47200 0
1741125698 47104 0
1741125700 47271 0
1741125702 47245 0
1741125704 46969 0
1741125706 46362 0
1741125708 46048 0
1741125710 45911 0
1741125713 45716 0
1741125715 45753 0
1741125717 45725 0
1741125719 45498 0
1741125721 45504 0
1741125723 45517 0
1741125725 45490 0
1741125727 45620 0
1741125729 45617 0
1741125731 45549 0
1741125733 45545 0
1741125735 45596 0
1741125737 45622 0
1741125739 45573 0
1741125741 45526 0
1741125743 45545 0
1741125745 45519 0
1741125747 45638 0
1741125749 45557 0
1741125751 45615 0
1741125753 45595 0
1741125755 45536 0
1741125758 45619 0
1741125760 45748 0
1741125762 45888 0
1741125764 46027 0
1741125766 46160 0
1741125768 46343 0
1741125770 46697 0
1741125772 47022 0
1741125774 46561 0
1741125776 46166 0
1741125778 45977 0
1741125780 45715 0
1741125782 45612 0
1741125784 45565 0
1741125786 45541 0
1741125788 45801 0
1741125790 45653 0
1741125792 45558 0
1741125794 45589 0
1741125796 45536 0
1741125798 45556 0
1741125800 45566 0
1741125802 45468 0
1741125805 45442 0
1741125807 45452 0
1741125809 45422 0
1741125811 45434 0
1741125813 45465 0
1741125815 45592 0
1741125817 45517 0
1741125819 45561 0
1741125821 45640 0
1741125823 45568 0
1741125825 45405 0
1741125827 45399 0
1741125829 45457 0
1741125831 45572 0
1741125833 45652 0
1741125835 45740 0
1741125837 46138 0
1741125839 46594 0
1741125841 46795 0
1741125843 46405 0
1741125845 45846 0
1741125847 45664 0
1741125850 45651 0
1741125852 45709 0
1741125854 45592 0
1741125856 45533 0
1741125858 45589 0
1741125860 45573 0
1741125862 45519 0
1741125864 45405 0
1741125866 45432 0
1741125868 45550 0
1741125870 45565 0
1741125872 45446 0
1741125874 45565 0
1741125876 45462 0
1741125878 45358 0
1741125880 45748 0
1741125882 45579 0
1741125884 45466 0
1741125886 45456 0
1741125888 45439 0
1741125890 45559 0
1741125892 45868 0
1741125894 46240 0
1741125897 46690 0
1741125899 46962 0
1741125901 47036 0
1741125903 47113 0
1741125905 47010 0
1741125907 47049 0
1741125909 47112 0
1741125911 46601 0
1741125913 46142 0
1741125915 45909 0
1741125917 45744 0
1741125919 45598 0
1741125921 45535 0
1741125923 45455 0
1741125925 45397 0
1741125927 45543 0
1741125929 45476 0
1741125931 45448 0
1741125933 45639 0
1741125935 45672 0
1741125937 45546 0
1741125939 45602 0
1741125941 45733 0
1741125944 45617 0
1741125946 45552 0
1741125948 45399 0
1741125950 45491 0
1741125952 45469 0
1741125954 45416 0
1741125956 45485 0
1741125958 45520 0
1741125960 45753 0
1741125962 46151 0
1741125964 46470 0
1741125966 46808 0
1741125968 47116 0
1741125970 47295 0
1741125972 47154 0
1741125974 47116 0
1741125976 47125 0
1741125978 47048 0
1741125980 46397 0
1741125982 46152 0
1741125984 45873 0
1741125986 45751 0
1741125988 45722 0
1741125991 45636 0
1741125993 45618 0
1741125995 45586 0
1741125997 45480 0
1741125999 45543 0
1741126001 45766 0
1741126003 45595 0
1741126005 45425 0
1741126007 45466 0
1741126009 45592 0
1741126011 45546 0
1741126013 45364 0
1741126015 45526 0
1741126017 45532 0
1741126019 45499 0
1741126021 45395 0
1741126023 45475 0
1741126025 45369 0
1741126027 45506 0
1741126029 45550 0
1741126031 45523 0
1741126033 45483 0
1741126035 45604 0
1741126038 45798 0
1741126040 45934 0
1741126042 46135 0
1741126044 46434 0
1741126046 46904 0
1741126048 46958 0
1741126050 46431 0
1741126052 46053 0
1741126054 45900 0
1741126056 45703 0
1741126058 45683 0
1741126060 45880 0
1741126062 45920 0
1741126064 45650 0
1741126066 45730 0
1741126068 45739 0
1741126070 45698 0
1741126072 45630 0
1741126074 45543 0
1741126076 45475 0
1741126078 45511 0
1741126080 45575 0
1741126082 45520 0
1741126085 45485 0
1741126087 45609 0
1741126089 45813 0
1741126091 45709 0
1741126093 45640 0
1741126095 45588 0
1741126097 45656 0
1741126099 45659 0
1741126101 45757 0
1741126103 45682 0
1741126105 45655 0
1741126107 45927 0
1741126109 46157 0
1741126111 46514 0
1741126113 46854 0
1741126115 47156 0
1741126117 46689 0
1741126119 46457 0
1741126121 46445 0
1741126123 46176 0
1741126125 45940 0
1741126127 45825 0
1741126129 45751 0
1741126132 45634 0
1741126134 45681 0
1741126136 45702 0
1741126138 45789 0
1741126140 45723 0
1741126142 45691 0
1741126144 45656 0
1741126146 45641 0
1741126148 45719 0
1741126150 45584 0
1741126152 45647 0
1741126154 45581 0
1741126156 45601 0
1741126158 45589 0
1741126160 45843 0
1741126162 45950 0
1741126164 46125 0
1741126166 46297 0
1741126168 46641 0
1741126170 47033 0
1741126172 47367 0
1741126174 47560 0
1741126176 47376 0
1741126179 47289 0
1741126181 47409 0
1741126183 47258 0
1741126185 47240 0
1741126187 46700 0
1741126189 46224 0
1741126191 45906 0
1741126193 45799 0
1741126195 45753 0
1741126197 45734 0
1741126199 45648 0
1741126201 45667 0
1741126203 45544 0
1741126205 45488 0
1741126207 45750 0
1741126209 45825 0
1741126211 45722 0
1741126213 45633 0
1741126215 45653 0
1741126217 45705 0
1741126219 45736 0
1741126221 45691 0
1741126223 45691 0
1741126226 45560 0
1741126228 45704 0
1741126230 45621 0
1741126232 45665 0
1741126234 46064 0
1741126236 46511 0
1741126238 47038 0
1741126240 47564 0
1741126242 47707 0
1741126244 47519 0
1741126246 47361 0
1741126248 47179 0
1741126250 47177 0
1741126252 47118 0
1741126254 46968 0
1741126256 46358 0
1741126258 45916 0
1741126260 45703 0
1741126262 45582 0
1741126264 45713 0
1741126266 45814 0
1741126268 45881 0
1741126270 45733 0
1741126273 45526 0
1741126275 45510 0
1741126277 45572 0
1741126279 45649 0
1741126281 45639 0
1741126283 45613 0
1741126285 45511 0
1741126287 45624 0
1741126289 45676 0
1741126291 45721 0
1741126293 45749 0
1741126295 45758 0
1741126297 45583 0
1741126299 45521 0
1741126301 45825 0
1741126303 45632 0
1741126305 45583 0
1741126307 45591 0
1741126309 45668 0
1741126311 45764 0
1741126313 45910 0
1741126315 46208 0
1741126318 46529 0
1741126320 46795 0
1741126322 47102 0
1741126324 46803 0
1741126326 46290 0
1741126328 46096 0
1741126330 45943 0
1741126332 45849 0
1741126334 45723 0
1741126336 45727 0
1741126338 45666 0
1741126340 45650 0
1741126342 45697 0
1741126344 45620 0
1741126346 45506 0
1741126348 45465 0
1741126350 45416 0
1741126352 45542 0
1741126354 45588 0
1741126356 45575 0
1741126358 45593 0
1741126360 45896 0
1741126362 45805 0
1741126365 45787 0
1741126367 45815 0
1741126369 45766 0
1741126371 45612 0
1741126373 45607 0
1741126375 45704 0
1741126377 45733 0
1741126379 45761 0
1741126381 45801 0
1741126383 45896 0
1741126385 46097 0
1741126387 46600 0
1741126389 46853 0
1741126391 47084 0
1741126393 46677 0
1741126395 46393 0
1741126397 46145 0
1741126399 45948 0
1741126401 45792 0
1741126403 45782 0
1741126405 45710 0
1741126407 45626 0
1741126409 45609 0
1741126412 45642 0
1741126414 45709 0
1741126416 45630 0
1741126418 45601 0
1741126420 45688 0
1741126422 45767 0
1741126424 45579 0
1741126426 45535 0
1741126428 45535 0
1741126430 45569 0
1741126432 45511 0
1741126434 45574 0
1741126436 45766 0
1741126438 45779 0
1741126440 45884 0
1741126442 46122 0
1741126444 46574 0
1741126446 46957 0
1741126448 47311 0
1741126450 47373 0
1741126452 47215 0
1741126454 47224 0
1741126457 47122 0
1741126459 47068 0
1741126461 46830 0
1741126463 46436 0
1741126465 46105 0
1741126467 45994 0
1741126469 45738 0
1741126471 45678 0
1741126473 45615 0
1741126475 45586 0
1741126477 45536 0
1741126479 45683 0
1741126481 45814 0
1741126483 45761 0
1741126485 45803 0
1741126487 45627 0
1741126489 45681 0
1741126491 45628 0
1741126493 45519 0
1741126495 45783 0
1741126497 45670 0
1741126499 45525 0
1741126501 45590 0
1741126504 45627 0
1741126506 45655 0
1741126508 45737 0
1741126510 46082 0
1741126512 46421 0
1741126514 46849 0
1741126516 47051 0
1741126518 47177 0
1741126520 47308 0
1741126522 47358 0
1741126524 47305 0
1741126526 47171 0
1741126528 47185 0
1741126530 46742 0
1741126532 46245 0
1741126534 45955 0
1741126536 45768 0
1741126538 45687 0
1741126540 45891 0
1741126542 45758 0
1741126544 45670 0
1741126547 45612 0
1741126549 45491 0
1741126551 45465 0
1741126553 45452 0
1741126555 45473 0
1741126557 45519 0
1741126559 45595 0
1741126561 45550 0
1741126563 45557 0
1741126565 45553 0
1741126567 45788 0
1741126569 45877 0
1741126571 45688 0
1741126573 45582 0
1741126575 45778 0
1741126577 45737 0
1741126579 45568 0
1741126581 45600 0
1741126583 45542 0
1741126585 45598 0
1741126587 45773 0
1741126589 45908 0
1741126591 46132 0
1741126594 46620 0
1741126596 46899 0
1741126598 47169 0
1741126600 46792 0
1741126602 46578 0
1741126604 46062 0
1741126606 45988 0
1741126608 45765 0
1741126610 45702 0
1741126612 45693 0
1741126614 45601 0
1741126616 45619 0
1741126618 45583 0
1741126620 45544 0
1741126622 45445 0
1741126624 45603 0
1741126626 45560 0
1741126628 45746 0
1741126630 45763 0
1741126632 45715 0
1741126634 45690 0
1741126636 45691 0
1741126639 45764 0
1741126641 45769 0
1741126643 45804 0
1741126645 45700 0
1741126647 45727 0
1741126649 45625 0
1741126651 45729 0
1741126653 45774 0
1741126655 45786 0
1741126657 45871 0
1741126659 45970 0
1741126661 46457 0
1741126663 46851 0
1741126665 47159 0
1741126667 46971 0
1741126669 46392 0
1741126671 46043 0
1741126673 45903 0
1741126675 45964 0
1741126677 45928 0
1741126679 45797 0
1741126681 45837 0
1741126683 45699 0
1741126686 45737 0
1741126688 45786 0
1741126690 45733 0
1741126692 45801 0
1741126694 45650 0
1741126696 45695 0
1741126698 45735 0
1741126700 45768 0
1741126702 45660 0
1741126704 45689 0
1741126706 45583 0
1741126708 45706 0
1741126710 45778 0
1741126712 45851 0
1741126714 45901 0
1741126716 45962 0
1741126718 46334 0
1741126720 46892 0
1741126722 47275 0
1741126724 47375 0
1741126726 47443 0
1741126728 47381 0
1741126730 47388 0
1741126733 47183 0
1741126735 47148 0
1741126737 46704 0
1741126739 46287 0
1741126741 46029 0
1741126743 45839 0
1741126745 45858 0
1741126747 45812 0
1741126749 45827 0
1741126751 45725 0
1741126753 45693 0
1741126755 45774 0
1741126757 45662 0
1741126759 45685 0
1741126761 45707 0
1741126763 45627 0
1741126765 45489 0
1741126767 45594 0
1741126769 45527 0
1741126771 45549 0
1741126773 45704 0
1741126776 45638 0
1741126778 45529 0
1741126780 45651 0
1741126782 45922 0
1741126784 46073 0
1741126786 46175 0
1741126788 46517 0
1741126790 46902 0
1741126792 47174 0
1741126794 47310 0
1741126796 47226 0
1741126798 47094 0
1741126800 47056 0
1741126802 47063 0
1741126804 46999 0
1741126806 46434 0
1741126808 46409 0
1741126810 46162 0
1741126812 45981 0
1741126814 45841 0
1741126816 45813 0
1741126818 45840 0
1741126821 45659 0
1741126823 45568 0
1741126825 45422 0
1741126827 45555 0
1741126829 45582 0
1741126831 45524 0
1741126833 45593 0
1741126835 45636 0
1741126837 45568 0
1741126839 45635 0
1741126841 45765 0
1741126843 45635 0
1741126845 45559 0
1741126847 45568 0
1741126849 45555 0
1741126851 45610 0
1741126853 45503 0
1741126855 45526 0
1741126857 45629 0
1741126859 45600 0
1741126861 45543 0
1741126863 45748 0
1741126866 46105 0
1741126868 46454 0
1741126870 46814 0
1741126872 47117 0
1741126874 46780 0
1741126876 46417 0
1741126878 46051 0
1741126880 45888 0
1741126882 45762 0
1741126884 45683 0
1741126886 45695 0
1741126888 45703 0
1741126890 45607 0
1741126892 45639 0
1741126894 45609 0
1741126896 45556 0
1741126898 45596 0
1741126900 45864 0
1741126902 45705 0
1741126904 45569 0
1741126906 45493 0
1741126908 45552 0
1741126910 45630 0
1741126913 45553 0
1741126915 45588 0
1741126917 45706 0
1741126919 45648 0
1741126921 45626 0
1741126923 45664 0
1741126925 45745 0
1741126927 45705 0
1741126929 45787 0
1741126931 45780 0
1741126933 45843 0
1741126935 46099 0
1741126937 46473 0
1741126939 46772 0
1741126941 47086 0
1741126943 46599 0
1741126945 46248 0
1741126947 46110 0
1741126949 45913 0
1741126951 45835 0
1741126953 45912 0
1741126955 45758 0
1741126957 45487 0
1741126960 45609 0
1741126962 45845 0
1741126964 45750 0
1741126966 45808 0
1741126968 45695 0
1741126970 45669 0
1741126972 45711 0
1741126974 45620 0
1741126976 45737 0
1741126978 45665 0
1741126980 45694 0
1741126982 45667 0
1741126984 45646 0
1741126986 45626 0
1741126988 45946 0
1741126990 46113 0
1741126992 46293 0
1741126994 46455 0
1741126996 46885 0
1741126998 47039 0
1741127000 47148 0
1741127002 47245 0
1741127005 47244 0
1741127007 47236 0
1741127009 47291 0
1741127011 46964 0
1741127013 46418 0
1741127015 46047 0
1741127017 45893 0
1741127019 45834 0
1741127021 45959 0
1741127023 45867 0
1741127025 45752 0
1741127027 45677 0
1741127029 45624 0
1741127031 45527 0
1741127033 45556 0
1741127035 45691 0
1741127037 45540 0
1741127039 45550 0
1741127041 45607 0
1741127043 45734 0
1741127045 45658 0
1741127047 45730 0
1741127049 45768 0
1741127052 45764 0
1741127054 45852 0
1741127056 45912 0
1741127058 45879 0
1741127060 46179 0
1741127062 46360 0
1741127064 46813 0
1741127066 47096 0
1741127068 47319 0
1741127070 47294 0
1741127072 47217 0
1741127074 47371 0
1741127076 47191 0
1741127078 47040 0
1741127080 46925 0
1741127082 46534 0
1741127084 46097 0
1741127086 45807 0
1741127088 45684 0
1741127090 45723 0
1741127092 45717 0
1741127094 45726 0
1741127096 45652 0
1741127099 45580 0
1741127101 45637 0
1741127103 45591 0
1741127105 45552 0
1741127107 45758 0
1741127109 45830 0
1741127111 45719 0
1741127113 45656 0
1741127115 45692 0
1741127117 45784 0
1741127119 45581 0
1741127121 45580 0
1741127123 45625 0
1741127125 45491 0
1741127127 45551 0
1741127129 45613 0
1741127131 45641 0
1741127133 45720 0
1741127135 45833 0
1741127137 45830 0
1741127139 46013 0
1741127141 46404 0
1741127144 46634 0
1741127146 46977 0
1741127148 47277 0
1741127150 46742 0
1741127152 46174 0
1741127154 45858 0
1741127156 45686 0
1741127158 45707 0
1741127160 45562 0
1741127162 45651 0
1741127164 45633 0
1741127166 45616 0
1741127168 45705 0
1741127170 45703 0
1741127172 45773 0
1741127174 45594 0
1741127176 45594 0
1741127178 45572 0
1741127180 45564 0
1741127182 45516 0
1741127184 45436 0
1741127186 45664 0
1741127188 45641 0
1741127191 45659 0
1741127193 45557 0
1741127195 45681 0
1741127197 45714 0
1741127199 45712 0
1741127201 46029 0
1741127203 45977 0
1741127205 45904 0
1741127207 46036 0
1741127209 46161 0
1741127211 46384 0
1741127213 46650 0
1741127215 47141 0
1741127217 46973 0
1741127219 46481 0
1741127221 46132 0
1741127223 45925 0
1741127225 45642 0
1741127227 45616 0
1741127229 45606 0
1741127231 45524 0
1741127233 45450 0
1741127236 45538 0
1741127238 45624 0
1741127240 45572 0
1741127242 45613 0
1741127244 45546 0
1741127246 45475 0
1741127248 45622 0
1741127250 45602 0
1741127252 45563 0
1741127254 45574 0
1741127256 45621 0
1741127258 45664 0
1741127260 45953 0
1741127262 46031 0
1741127264 45928 0
1741127266 46023 0
1741127268 46265 0
1741127270 46713 0
1741127272 47003 0
1741127274 47162 0
1741127276 47250 0
1741127278 47164 0
1741127280 47256 0
1741127283 47122 0
1741127285 47111 0
1741127287 46746 0
1741127289 46459 0
1741127291 46120 0
1741127293 45917 0
1741127295 45870 0
1741127297 45742 0
1741127299 45696 0
1741127301 45577 0
1741127303 45628 0
1741127305 45634 0
1741127307 45665 0
1741127309 45632 0
1741127311 45616 0
1741127313 45686 0
1741127315 45604 0
1741127317 45553 0
1741127319 45630 0
1741127321 45706 0
1741127323 45600 0
1741127325 45511 0
1741127327 45600 0
1741127330 45625 0
1741127332 45758 0
1741127334 45815 0
1741127336 45972 0
1741127338 46313 0
1741127340 46690 0
1741127342 46927 0
1741127344 47128 0
1741127346 47267 0
1741127348 47495 0
1741127350 47341 0
1741127352 47098 0
1741127354 47054 0
1741127356 46497 0
1741127358 46045 0
1741127360 45860 0
1741127362 45655 0
1741127364 45563 0
1741127366 45589 0
1741127368 45668 0
1741127370 45643 0
1741127372 45595 0
1741127374 45491 0
1741127377 45619 0
1741127379 45494 0
1741127381 45629 0
1741127383 45689 0
1741127385 45634 0
1741127387 45665 0
1741127389 45692 0
1741127391 45568 0
1741127393 45624 0
1741127395 45540 0
1741127397 45537 0
1741127399 45565 0
1741127401 45437 0
1741127403 45464 0
1741127405 45428 0
1741127407 45552 0
1741127409 45678 0
1741127411 45640 0
1741127413 45725 0
1741127415 45896 0
1741127417 46141 0
1741127419 46535 0
1741127422 46806 0
1741127424 46692 0
1741127426 46085 0
1741127428 45991 0
1741127430 45897 0
1741127432 45799 0
1741127434 45721 0
1741127436 45645 0
1741127438 45531 0
1741127440 45635 0
1741127442 45692 0
1741127444 45623 0
1741127446 45550 0
1741127448 45598 0
1741127450 45608 0
1741127452 45626 0
1741127454 45613 0
1741127456 45641 0
1741127458 45682 0
1741127460 45545 0
1741127462 45463 0
1741127464 45474 0
1741127466 45470 0
1741127469 45610 0
1741127471 45560 0
1741127473 45482 0
1741127475 45467 0
1741127477 45433 0
1741127479 45556 0
1741127481 45617 0
1741127483 45587 0
1741127485 45765 0
1741127487 46198 0
1741127489 46582 0
1741127491 46884 0
1741127493 46593 0
1741127495 46222 0
1741127497 45857 0
1741127499 45746 0
1741127501 45887 0
1741127503 45778 0
1741127505 45678 0
1741127507 45579 0
1741127509 45546 0
1741127511 45539 0
1741127513 45428 0
1741127516 45558 0
1741127518 45463 0
1741127520 45552 0
1741127522 45523 0
1741127524 45373 0
1741127526 45321 0
1741127528 45431 0
1741127530 45341 0
1741127532 45390 0
1741127534 45413 0
1741127536 45413 0
1741127538 45395 0
1741127540 45622 0
1741127542 45825 0
1741127544 46089 0
1741127546 46636 0
1741127548 46950 0
1741127550 46966 0
1741127552 46978 0
1741127554 47155 0
1741127556 47083 0
1741127558 47049 0
1741127561 47291 0
1741127563 46599 0
1741127565 46098 0
1741127567 45791 0
1741127569 45643 0
1741127571 45584 0
1741127573 45592 0
1741127575 45568 0
1741127577 45512 0
1741127579 45476 0
1741127581 45336 0
1741127583 45451 0
1741127585 45422 0
1741127587 45501 0
1741127589 45480 0
1741127591 45359 0
1741127593 45509 0
1741127595 45574 0
1741127597 45567 0
1741127599 45580 0
1741127601 45518 0
1741127603 45630 0
1741127605 45548 0
1741127608 45669 0
1741127610 45848 0
1741127612 46088 0
1741127614 46503 0
1741127616 46804 0
1741127618 46992 0
1741127620 47260 0
1741127622 47373 0
1741127624 47286 0
1741127626 47127 0
1741127628 47113 0
1741127630 46815 0
1741127632 46371 0
1741127634 46042 0
1741127636 45851 0
1741127638 45621 0
1741127640 45479 0
1741127642 45494 0
1741127644 45583 0
1741127646 45700 0
1741127648 45743 0
1741127650 45706 0
1741127653 45551 0
1741127655 45622 0
1741127657 45671 0
1741127659 45660 0
1741127661 45656 0
1741127663 45480 0
1741127665 45482 0
1741127667 45612 0
1741127669 45514 0
1741127671 45474 0
1741127673 45576 0
1741127675 45528 0
1741127677 45391 0
1741127679 45561 0
1741127681 45749 0
1741127683 45671 0
1741127685 45756 0
1741127687 45669 0
1741127689 45709 0
1741127691 45877 0
1741127693 46046 0
1741127695 46437 0
1741127697 46795 0
1741127700 46433 0
1741127702 46129 0
1741127704 45871 0
1741127706 45687 0
1741127708 45716 0
1741127710 45753 0
1741127712 45583 0
1741127714 45597 0
1741127716 45536 0
1741127718 45511 0
1741127720 45559 0
1741127722 45578 0
1741127724 45470 0
1741127726 45577 0
1741127728 45542 0
1741127730 45483 0
1741127732 45448 0
1741127734 45664 0
1741127736 45628 0
1741127738 45526 0
1741127740 45840 0
1741127742 45650 0
1741127744 45565 0
1741127747 45496 0
1741127749 45472 0
1741127751 45458 0
1741127753 45506 0
1741127755 45421 0
1741127757 45564 0
1741127759 45595 0
1741127761 45830 0
1741127763 46168 0
1741127765 46472 0
1741127767 46965 0
1741127769 46588 0
1741127771 46080 0
1741127773 45828 0
1741127775 45696 0
1741127777 45557 0
1741127779 45498 0
1741127781 45526 0
1741127783 45559 0
1741127785 45488 0
1741127787 45467 0
1741127789 45479 0
1741127792 45416 0
1741127794 45511 0
1741127796 45427 0
1741127798 45398 0
1741127800 45549 0
1741127802 45657 0
1741127804 45599 0
1741127806 45633 0
1741127808 45583 0
1741127810 45587 0
1741127812 45624 0
1741127814 45664 0
1741127816 45725 0
1741127818 45936 0
1741127820 46328 0
1741127822 46659 0
1741127824 46905 0
1741127826 47006 0
1741127828 47127 0
1741127830 47210 0
1741127832 47035 0
1741127834 46936 0
1741127836 46757 0
1741127839 46202 0
1741127841 45844 0
1741127843 45615 0
1741127845 45560 0
1741127847 45644 0
1741127849 45555 0
1741127851 45465 0
1741127853 45463 0
1741127855 45488 0
1741127857 45465 0
1741127859 45377 0
1741127861 45621 0
1741127863 45512 0
1741127865 45445 0
1741127867 45393 0
1741127869 45407 0
1741127871 45449 0
1741127873 45482 0
1741127875 45380 0
1741127877 45409 0
1741127879 45274 0
1741127881 45384 0
1741127883 45587 0
1741127886 45774 0
1741127888 46259 0
1741127890 46534 0
1741127892 46808 0
1741127894 46925 0
1741127896 47168 0
1741127898 47117 0
1741127900 47212 0
1741127902 47056 0
1741127904 46892 0
1741127906 46390 0
1741127908 46048 0
1741127910 45911 0
1741127912 45798 0
1741127914 45781 0
1741127916 45686 0
1741127918 45634 0
1741127920 45738 0
1741127922 45671 0
1741127924 45675 0
1741127926 45638 0
1741127928 45374 0
1741127930 45390 0
1741127933 45389 0
1741127935 45484 0
1741127937 45382 0
1741127939 45357 0
1741127941 45321 0
1741127943 45305 0
1741127945 45383 0
1741127947 45507 0
1741127949 45582 0
1741127951 45591 0
1741127953 45537 0
1741127955 45560 0
1741127957 45563 0
1741127959 45547 0
1741127961 45513 0
1741127963 45671 0
1741127965 45773 0
1741127967 45999 0
1741127969 46269 0
1741127971 46575 0
1741127973 46877 0
1741127975 46140 0
1741127977 45919 0
1741127980 45702 0
1741127982 45676 0
1741127984 45584 0
1741127986 45577 0
1741127988 45501 0
1741127990 45413 0
1741127992 45423 0
1741127994 45443 0
1741127996 45514 0
1741127998 45425 0
1741128000 45371 0
1741128002 45343 0
1741128004 45417 0
1741128006 45321 0
1741128008 45535 0
1741128010 45444 0
1741128012 45379 0
1741128014 45453 0
1741128016 45501 0
1741128018 45368 0
1741128020 45409 0
1741128022 45395 0
1741128024 45279 0
1741128027 45353 0
1741128029 45439 0
1741128031 45332 0
1741128033 45561 0
1741128035 45763 0
1741128037 46043 0
1741128039 46393 0
1741128041 46986 0
1741128043 46653 0
1741128045 46153 0
1741128047 45898 0
1741128049 45643 0
1741128051 45550 0
1741128053 45541 0
1741128055 45491 0
1741128057 45409 0
1741128059 45468 0
1741128061 45436 0
1741128063 45536 0
1741128065 45480 0
1741128067 45613 0
1741128069 45695 0
1741128072 45553 0
1741128074 45468 0
1741128076 45563 0
1741128078 45578 0
1741128080 45614 0
1741128082 45589 0
1741128084 45567 0
1741128086 45624 0
1741128088 45726 0
1741128090 45868 0
1741128092 46021 0
1741128094 46249 0
1741128096 46541 0
1741128098 46936 0
1741128100 47418 0
1741128102 47372 0
1741128104 47264 0
1741128106 47260 0
1741128108 47145 0
1741128110 47037 0
1741128112 46447 0
1741128114 46193 0
1741128116 45934 0
1741128119 45753 0
1741128121 45707 0
1741128123 45744 0
1741128125 45670 0
1741128127 45735 0
1741128129 45792 0
1741128131 45761 0
1741128133 45635 0
1741128135 45628 0
1741128137 45606 0
1741128139 45583 0
1741128141 45566 0
1741128143 45510 0
1741128145 45545 0
1741128147 45608 0
1741128149 45586 0
1741128151 45522 0
1741128153 45639 0
1741128155 45508 0
1741128157 45551 0
1741128159 45676 0
1741128161 46134 0
1741128163 46364 0
1741128166 46696 0
1741128168 47008 0
1741128170 47134 0
1741128172 47217 0
1741128174 47274 0
1741128176 47256 0
1741128178 47202 0
1741128180 47109 0
1741128182 46453 0
1741128184 46112 0
1741128186 45944 0
1741128188 45920 0
1741128190 45889 0
1741128192 45827 0
1741128194 45746 0
1741128196 45778 0
1741128198 45777 0
1741128200 45748 0
1741128202 45684 0
1741128204 45636 0
1741128206 45845 0
1741128208 45806 0
1741128211 45735 0
1741128213 45674 0
1741128215 45565 0
1741128217 45546 0
1741128219 45570 0
1741128221 45810 0
1741128223 45737 0
1741128225 45609 0
1741128227 45656 0
1741128229 45615 0
1741128231 45671 0
1741128233 45722 0
1741128235 45692 0
1741128237 45691 0
1741128239 45911 0
1741128241 45944 0
1741128243 46158 0
1741128245 46643 0
1741128247 47063 0
1741128249 46929 0
1741128251 46477 0
1741128253 46145 0
1741128255 46049 0
1741128258 45879 0
1741128260 45870 0
1741128262 45783 0
1741128264 45702 0
1741128266 45667 0
1741128268 45718 0
1741128270 45776 0
1741128272 45603 0
1741128274 45735 0
1741128276 45779 0
1741128278 45781 0
1741128280 45940 0
1741128282 45807 0
1741128284 45673 0
1741128286 45602 0
1741128288 45603 0
1741128290 45649 0
1741128292 45743 0
1741128294 45839 0
1741128296 45756 0
1741128298 45765 0
1741128300 45717 0
1741128302 45894 0
1741128305 45901 0
1741128307 46042 0
1741128309 46328 0
1741128311 46633 0
1741128313 47013 0
1741128315 47338 0
1741128317 47552 0
1741128319 46947 0
1741128321 46376 0
1741128323 46149 0
1741128325 45943 0
1741128327 45999 0
1741128329 45822 0
1741128331 45710 0
1741128333 45829 0
1741128335 45910 0
1741128337 45854 0
1741128339 45849 0
1741128341 45927 0
1741128343 45791 0
1741128345 45747 0
1741128347 45715 0
1741128350 45665 0
1741128352 45618 0
1741128354 45633 0
1741128356 45540 0
1741128358 45527 0
1741128360 45605 0
1741128362 45584 0
1741128364 45798 0
1741128366 45840 0
1741128368 46141 0
1741128370 46668 0
1741128372 46940 0
1741128374 47269 0
1741128376 47309 0
1741128378 47201 0
1741128380 47204 0
1741128382 47196 0
1741128384 47137 0
1741128386 46938 0
1741128388 46479 0
1741128390 46155 0
1741128392 45943 0
1741128394 45917 0
1741128397 45655 0
1741128399 45547 0
1741128401 45843 0
1741128403 45751 0
1741128405 45698 0
1741128407 45674 0
1741128409 45662 0
1741128411 45733 0
1741128413 45720 0
1741128415 45714 0
1741128417 45700 0
1741128419 45617 0
1741128421 45595 0
1741128423 45633 0
1741128425 45496 0
1741128427 45643 0
1741128429 45740 0
1741128431 45739 0
1741128433 45904 0
1741128435 46141 0
1741128437 46548 0
1741128439 46805 0
1741128441 47077 0
1741128444 47135 0
1741128446 47178 0
1741128448 47254 0
1741128450 47142 0
1741128452 47208 0
1741128454 47198 0
1741128456 46836 0
1741128458 46240 0
1741128460 46129 0
1741128462 46146 0
1741128464 45927 0
1741128466 45721 0
1741128468 45705 0
1741128470 45657 0
1741128472 45621 0
1741128474 45566 0
1741128476 45492 0
1741128478 45521 0
1741128480 45577 0
1741128482 45570 0
1741128484 45602 0
1741128486 45713 0
1741128489 45846 0
1741128491 45772 0
1741128493 45697 0
1741128495 45658 0
1741128497 45608 0
1741128499 45657 0
1741128501 45672 0
1741128503 45662 0
1741128505 45536 0
1741128507 45509 0
1741128509 45551 0
1741128511 45639 0
1741128513 45807 0
1741128515 46007 0
1741128517 46206 0
1741128519 46502 0
1741128521 46982 0
1741128523 47208 0
1741128525 46539 0
1741128527 46164 0
1741128529 45891 0
1741128531 45817 0
1741128533 45680 0
1741128536 45745 0
1741128538 45698 0
1741128540 45696 0
1741128542 45692 0
1741128544 45539 0
1741128546 45604 0
1741128548 45620 0
1741128550 45681 0
1741128552 45596 0
1741128554 45707 0
1741128556 45807 0
1741128558 45792 0
1741128560 45738 0
1741128562 45665 0
1741128564 45521 0
1741128566 45561 0
1741128568 45483 0
1741128570 45487 0
1741128572 45570 0
1741128574 45634 0
1741128576 45501 0
1741128578 45553 0
1741128581 45880 0
1741128583 45829 0
1741128585 46009 0
1741128587 46215 0
1741128589 46496 0
1741128591 46868 0
1741128593 46881 0
1741128595 46234 0
1741128597 46044 0
1741128599 45789 0
1741128601 45722 0
1741128603 45674 0
1741128605 45626 0
1741128607 45635 0
1741128609 45657 0
1741128611 45599 0
1741128613 45509 0
1741128615 45613 0
1741128617 45529 0
1741128619 45488 0
1741128621 45481 0
1741128623 45518 0
1741128625 45501 0
1741128628 45616 0
1741128630 45602 0
1741128632 45597 0
1741128634 45600 0
1741128636 45569 0
1741128638 45539 0
1741128640 45830 0
1741128642 46098 0
1741128644 46329 0
1741128646 46444 0
1741128648 46741 0
1741128650 47039 0
1741128652 47109 0
1741128654 47212 0
1741128656 47180 0
1741128658 47083 0
1741128660 47079 0
1741128662 46696 0
1741128664 46227 0
1741128666 46035 0
1741128668 45999 0
1741128670 45785 0
1741128672 45764 0
1741128675 45710 0
1741128677 45507 0
1741128679 45453 0
1741128681 45500 0
1741128683 45440 0
1741128685 45514 0
1741128687 45602 0
1741128689 45516 0
1741128691 45514 0
1741128693 45472 0
1741128695 45470 0
1741128697 45289 0
1741128699 45483 0
1741128701 45789 0
1741128703 45667 0
1741128705 45518 0
1741128707 45653 0
1741128709 45492 0
1741128711 45749 0
1741128713 46043 0
1741128715 46454 0
1741128717 46797 0
1741128719 47044 0
1741128722 47108 0
1741128724 47004 0
1741128726 46979 0
1741128728 47095 0
1741128730 46996 0
1741128732 46385 0
1741128734 45948 0
1741128736 45771 0
1741128738 45433 0
1741128740 45479 0
1741128742 45456 0
1741128744 45311 0
1741128746 45321 0
1741128748 45290 0
1741128750 45354 0
1741128752 45256 0
1741128754 45435 0
1741128756 45324 0
1741128758 45281 0
1741128760 45542 0
1741128762 45514 0
1741128764 45467 0
1741128767 45389 0
1741128769 45343 0
1741128771 45280 0
1741128773 45295 0
1741128775 45300 0
1741128777 45385 0
1741128779 45305 0
1741128781 45322 0
1741128783 45344 0
1741128785 45388 0
1741128787 45550 0
1741128789 45698 0
1741128791 45689 0
1741128793 45768 0
1741128795 46061 0
1741128797 46593 0
1741128799 46551 0
1741128801 46102 0
1741128803 45807 0
1741128805 45615 0
1741128807 45567 0
1741128809 45481 0
1741128811 45480 0
1741128814 45553 0
1741128816 45437 0
1741128818 45412 0
1741128820 45415 0
1741128822 45662 0
1741128824 45589 0
1741128826 45494 0
1741128828 45310 0
1741128830 45489 0
1741128832 45391 0
1741128834 45537 0
1741128836 45581 0
1741128838 45431 0
1741128840 45414 0
1741128842 45394 0
1741128844 45369 0
1741128846 45448 0
1741128848 45614 0
1741128850 45540 0
1741128852 45491 0
1741128854 45596 0
1741128856 45676 0
1741128858 45828 0
1741128861 46049 0
1741128863 46262 0
1741128865 46690 0
1741128867 47147 0
1741128869 46573 0
1741128871 46160 0
1741128873 45989 0
1741128875 45723 0
1741128877 45636 0
1741128879 45539 0
1741128881 45701 0
1741128883 45606 0
1741128885 45501 0
1741128887 45515 0
1741128889 45463 0
1741128891 45397 0
1741128893 45377 0
1741128895 45357 0
1741128897 45411 0
1741128899 45452 0
1741128901 45578 0
1741128903 45566 0
1741128906 45615 0
1741128908 45611 0
1741128910 45804 0
1741128912 45695 0
1741128914 45635 0
1741128916 45691 0
1741128918 45850 0
1741128920 46214 0
1741128922 46485 0
1741128924 46793 0
1741128926 46909 0
1741128928 47034 0
1741128930 46980 0
1741128932 46976 0
1741128934 47078 0
1741128936 46921 0
1741128938 46328 0
1741128940 46188 0
1741128942 45837 0
1741128944 45694 0
1741128946 45601 0
1741128948 45518 0
1741128950 45565 0
1741128953 45520 0
1741128955 45438 0
1741128957 45415 0
1741128959 45501 0
1741128961 45484 0
1741128963 45513 0
1741128965 45483 0
1741128967 45581 0
1741128969 45736 0
1741128971 45603 0
1741128973 45524 0
1741128975 45663 0
1741128977 45653 0
1741128979 45703 0
1741128981 45615 0
1741128983 45688 0
1741128985 45839 0
1741128987 46293 0
1741128989 46678 0
1741128991 46994 0
1741128993 47225 0
1741128995 47228 0
1741128998 47238 0
1741129000 47271 0
1741129002 47283 0
1741129004 47160 0
1741129006 46980 0
1741129008 46342 0
1741129010 46079 0
1741129012 45865 0
1741129014 45716 0
1741129016 45656 0
1741129018 45729 0
1741129020 45607 0
1741129022 45768 0
1741129024 45811 0
1741129026 45799 0
1741129028 45865 0
1741129030 45758 0
1741129032 45691 0
1741129034 45620 0
1741129036 45570 0
1741129038 45627 0
1741129040 45638 0
1741129042 45604 0
1741129045 45592 0
1741129047 45661 0
1741129049 45744 0
1741129051 45684 0
1741129053 45712 0
1741129055 45712 0
1741129057 45692 0
1741129059 45757 0
1741129061 46166 0
1741129063 46300 0
1741129065 46436 0
1741129067 46550 0
1741129069 46810 0
1741129071 47195 0
1741129073 47302 0
1741129075 46769 0
1741129077 46337 0
1741129079 46059 0
1741129081 45824 0
1741129083 45670 0
1741129085 45653 0
1741129087 45817 0
1741129090 45751 0
1741129092 45608 0
1741129094 45498 0
1741129096 45555 0
1741129098 45466 0
1741129100 45526 0
1741129102 45512 0
1741129104 45476 0
1741129106 45527 0
1741129108 45588 0
1741129110 45575 0
1741129112 45614 0
1741129114 45670 0
1741129116 45626 0
1741129118 45552 0
1741129120 45710 0
1741129122 45670 0
1741129124 45606 0
1741129126 45456 0
1741129128 45469 0
1741129130 45639 0
1741129132 45610 0
1741129134 45823 0
1741129137 46044 0
1741129139 46447 0
1741129141 46749 0
1741129143 46856 0
1741129145 46360 0
1741129147 46094 0
1741129149 45879 0
1741129151 45668 0
1741129153 45693 0
1741129155 45704 0
1741129157 45628 0
1741129159 45536 0
1741129161 45406 0
1741129163 45441 0
1741129165 45483 0
1741129167 45458 0
1741129169 45452 0
1741129171 45439 0
1741129173 45496 0
1741129175 45523 0
1741129177 45400 0
1741129179 45338 0
1741129181 45614 0
1741129184 45530 0
1741129186 45668 0
1741129188 45753 0
1741129190 45941 0
1741129192 46151 0
1741129194 46651 0
1741129196 47042 0
1741129198 47230 0
1741129200 47242 0
1741129202 47190 0
1741129204 47136 0
1741129206 47093 0
1741129208 47210 0
1741129210 47160 0
1741129212 46841 0
1741129214 46381 0
1741129216 46023 0
1741129218 45843 0
1741129220 45712 0
1741129222 45599 0
1741129224 45529 0
1741129226 45592 0
1741129229 45517 0
1741129231 45476 0
1741129233 45604 0
1741129235 45633 0
1741129237 45605 0
1741129239 45616 0
1741129241 45865 0
1741129243 45960 0
1741129245 45864 0
1741129247 45917 0
1741129249 45944 0
1741129251 45727 0
1741129253 45765 0
1741129255 45713 0
1741129257 45846 0
1741129259 45940 0
1741129261 46339 0
1741129263 46780 0
1741129265 47058 0
1741129267 47300 0
1741129269 47463 0
1741129271 47431 0
1741129273 47403 0
1741129276 47231 0
1741129278 47148 0
1741129280 47191 0
1741129282 46692 0
1741129284 46258 0
1741129286 46088 0
1741129288 45948 0
1741129290 45849 0
1741129292 45823 0
1741129294 45816 0
1741129296 45840 0
1741129298 45802 0
1741129300 45993 0
1741129302 45870 0
1741129304 45645 0
1741129306 45642 0
1741129308 45646 0
1741129310 45700 0
1741129312 45691 0
1741129314 45656 0
1741129316 45892 0
1741129318 45973 0
1741129320 45955 0
1741129323 45864 0
1741129325 45804 0
1741129327 45822 0
1741129329 45961 0
1741129331 45953 0
1741129333 45971 0
1741129335 45875 0
1741129337 45986 0
1741129339 46091 0
1741129341 46252 0
1741129343 46743 0
1741129345 47072 0
1741129347 47313 0
1741129349 47393 0
1741129351 46545 0
1741129353 46349 0
1741129355 46170 0
1741129357 46041 0
1741129359 46074 0
1741129361 46119 0
1741129363 45851 0
1741129365 45851 0
1741129368 45750 0
1741129370 45733 0
1741129372 45655 0
1741129374 45726 0
1741129376 45771 0
1741129378 45666 0
1741129380 45794 0
1741129382 45873 0
1741129384 45854 0
1741129386 45893 0
1741129388 46015 0
1741129390 45874 0
1741129392 45803 0
1741129394 45695 0
1741129396 45769 0
1741129398 45843 0
1741129400 45879 0
1741129402 45861 0
1741129404 46020 0
1741129406 46125 0
1741129408 46376 0
1741129410 46747 0
1741129412 47196 0
1741129415 47469 0
1741129417 47478 0
1741129419 46978 0
1741129421 46672 0
1741129423 46165 0
1741129425 45885 0
1741129427 45694 0
1741129429 45666 0
1741129431 45635 0
1741129433 45662 0
1741129435 45701 0
1741129437 45799 0
1741129439 45750 0
1741129441 45729 0
1741129443 45715 0
1741129445 45723 0
1741129447 45755 0
1741129449 45739 0
1741129451 45711 0
1741129453 45716 0
1741129455 45971 0
1741129457 45981 0
1741129459 45959 0
1741129462 45993 0
1741129464 46275 0
1741129466 46496 0
1741129468 46829 0
1741129470 47268 0
1741129472 47527 0
1741129474 47623 0
1741129476 47594 0
1741129478 47652 0
1741129480 47636 0
1741129482 47576 0
1741129484 47390 0
1741129486 47260 0
1741129488 46744 0
1741129490 46477 0
1741129492 46218 0
1741129494 46008 0
1741129496 45935 0
1741129498 45917 0
1741129500 45884 0
1741129502 45834 0
1741129504 45744 0
1741129507 45880 0
1741129509 45992 0
1741129511 45781 0
1741129513 45785 0
1741129515 45604 0
1741129517 45690 0
1741129519 45677 0
1741129521 45600 0
1741129523 45669 0
1741129525 45754 0
1741129527 45776 0
1741129529 45619 0
1741129531 45738 0
1741129533 46021 0
1741129535 46121 0
1741129537 46430 0
1741129539 46944 0
1741129541 47459 0
1741129543 47434 0
1741129545 47358 0
1741129547 47274 0
1741129550 47345 0
1741129552 47306 0
1741129554 47294 0
1741129556 47115 0
1741129558 46658 0
1741129560 46335 0
1741129562 46089 0
1741129564 45901 0
1741129566 45951 0
1741129568 45955 0
1741129570 46004 0
1741129572 45777 0
1741129574 45906 0
1741129576 46001 0
1741129578 45971 0
1741129580 45914 0
1741129582 45850 0
1741129584 45843 0
1741129586 45871 0
1741129588 45825 0
1741129590 45770 0
1741129592 45811 0
1741129595 45890 0
1741129597 45688 0
1741129599 45654 0
1741129601 45926 0
1741129603 45714 0
1741129605 45718 0
1741129607 45781 0
1741129609 45790 0
1741129611 45834 0
1741129613 45975 0
1741129615 46257 0
1741129617 46518 0
1741129619 46862 0
1741129621 47100 0
1741129623 47378 0
1741129625 46865 0
1741129627 46409 0
1741129629 46266 0
1741129631 46056 0
1741129633 45897 0
1741129635 45899 0
1741129637 45758 0
1741129639 45797 0
1741129642 45894 0
1741129644 45861 0
1741129646 45922 0
1741129648 45919 0
1741129650 45813 0
1741129652 45750 0
1741129654 45830 0
1741129656 45637 0
1741129658 45646 0
1741129660 45724 0
1741129662 45739 0
1741129664 45692 0
1741129666 45685 0
1741129668 45773 0
1741129670 45736 0
1741129672 45667 0
1741129674 45657 0
1741129676 45636 0
1741129678 45696 0
1741129680 45900 0
1741129682 46080 0
1741129684 46308 0
1741129686 46733 0
1741129689 47115 0
1741129691 47259 0
1741129693 47419 0
1741129695 46795 0
1741129697 46509 0
1741129699 46182 0
1741129701 46083 0
1741129703 45932 0
1741129705 45799 0
1741129707 45818 0
1741129709 45698 0
1741129711 45747 0
1741129713 45737 0
1741129715 45702 0
1741129717 45699 0
1741129719 45749 0
1741129721 45796 0
1741129723 45729 0
1741129725 45685 0
1741129727 45647 0
1741129729 45733 0
1741129731 45802 0
1741129733 45741 0
1741129736 45880 0
1741129738 45959 0
1741129740 46003 0
1741129742 46260 0
1741129744 46508 0
1741129746 46844 0
1741129748 47236 0
1741129750 47350 0
1741129752 47254 0
1741129754 47229 0
1741129756 47214 0
1741129758 47249 0
1741129760 47158 0
1741129762 46940 0
1741129764 46408 0
1741129766 45974 0
1741129768 45904 0
1741129770 45790 0
1741129772 45719 0
1741129774 45935 0
1741129776 45924 0
1741129778 45822 0
1741129780 46133 0
1741129783 45973 0
1741129785 45890 0
1741129787 45838 0
1741129789 45995 0
1741129791 45913 0
1741129793 45715 0
1741129795 45684 0
1741129797 45590 0
1741129799 45492 0
1741129801 45653 0
1741129803 45770 0
1741129805 45778 0
1741129807 46127 0
1741129809 46402 0
1741129811 46619 0
1741129813 46886 0
1741129815 47233 0
1741129817 47249 0
1741129819 47256 0
1741129821 47102 0
1741129823 47191 0
1741129825 47066 0
1741129827 47166 0
1741129830 47166 0
1741129832 46849 0
1741129834 46433 0
1741129836 46100 0
1741129838 45971 0
1741129840 45877 0
1741129842 45867 0
1741129844 45849 0
1741129846 45737 0
1741129848 45680 0
1741129850 45642 0
1741129852 45548 0
1741129854 45670 0
1741129856 45665 0
1741129858 45647 0
1741129860 45598 0
1741129862 45621 0
1741129864 45605 0
1741129866 45582 0
1741129868 45760 0
1741129870 45736 0
1741129872 45671 0
1741129875 45744 0
1741129877 45788 0
1741129879 45700 0
1741129881 45558 0
1741129883 45660 0
1741129885 45721 0
1741129887 46014 0
1741129889 46175 0
1741129891 46281 0
1741129893 46616 0
1741129895 47047 0
1741129897 47269 0
1741129899 47372 0
1741129901 46940 0
1741129903 46417 0
1741129905 46334 0
1741129907 46157 0
1741129909 46041 0
1741129911 45959 0
1741129913 45809 0
1741129915 45811 0
1741129917 45795 0
1741129919 45795 0
1741129922 45729 0
1741129924 45742 0
1741129926 45676 0
1741129928 45651 0
1741129930 45682 0
1741129932 45723 0
1741129934 45798 0
1741129936 45888 0
1741129938 45795 0
1741129940 45819 0
1741129942 45773 0
1741129944 45826 0
1741129946 45760 0
1741129948 45718 0
1741129950 45708 0
1741129952 45726 0
1741129954 45841 0
1741129956 45892 0
1741129958 45998 0
1741129960 46496 0
1741129962 46739 0
1741129964 47036 0
1741129966 47298 0
1741129969 47017 0
1741129971 46459 0
1741129973 46012 0
1741129975 45899 0
1741129977 45718 0
1741129979 45672 0
1741129981 45718 0
1741129983 45706 0
1741129985 45740 0
1741129987 45700 0
1741129989 45781 0
1741129991 45719 0
1741129993 45686 0
1741129995 45790 0
1741129997 45737 0
1741129999 45679 0
1741130001 45720 0
1741130003 45816 0
1741130005 45940 0
1741130007 45999 0
1741130009 46023 0
1741130011 46023 0
1741130013 46106 0
1741130016 46252 0
1741130018 46550 0
1741130020 47117 0
1741130022 47523 0
1741130024 47587 0
1741130026 47392 0
1741130028 47329 0
1741130030 47278 0
1741130032 47202 0
1741130034 47185 0
1741130036 47162 0
1741130038 46592 0
1741130040 46225 0
1741130042 46006 0
1741130044 45967 0
1741130046 45913 0
1741130048 45920 0
1741130050 45786 0
1741130052 45868 0
1741130054 45805 0
1741130056 45899 0
1741130058 45991 0
1741130061 45910 0
1741130063 45798 0
1741130065 45808 0
1741130067 45906 0
1741130069 45838 0
1741130071 45720 0
1741130073 45859 0
1741130075 45900 0
1741130077 45820 0
1741130079 45942 0
1741130081 46302 0
1741130083 46316 0
1741130085 46644 0
1741130087 47137 0
1741130089 47410 0
1741130091 47495 0
1741130093 47499 0
1741130095 47512 0
1741130097 47538 0
1741130099 47338 0
1741130101 47297 0
1741130103 47236 0
1741130105 47032 0
1741130108 46603 0
1741130110 46462 0
1741130112 46241 0
1741130114 46061 0
1741130116 45968 0
1741130118 45978 0
1741130120 45757 0
1741130122 45692 0
1741130124 45689 0
1741130126 45568 0
1741130128 45606 0
1741130130 45624 0
1741130132 45731 0
1741130134 45855 0
1741130136 45779 0
1741130138 45626 0
1741130140 45960 0
1741130142 46002 0
1741130144 45950 0
1741130146 45861 0
1741130148 45939 0
1741130150 45852 0
1741130152 45755 0
1741130155 45823 0
1741130157 45628 0
1741130159 45589 0
1741130161 45674 0
1741130163 45826 0
1741130165 46087 0
1741130167 46438 0
1741130169 47104 0
1741130171 47333 0
1741130173 47395 0
1741130175 46940 0
1741130177 46378 0
1741130179 46180 0
1741130181 46072 0
1741130183 45930 0
1741130185 45824 0
1741130187 45828 0
1741130189 45800 0
1741130191 45724 0
1741130193 45792 0
1741130195 45747 0
1741130197 45703 0
1741130200 45733 0
1741130202 45926 0
1741130204 45834 0
1741130206 45805 0
1741130208 45700 0
1741130210 45613 0
1741130212 45653 0
1741130214 45595 0
1741130216 45577 0
1741130218 45616 0
1741130220 45636 0
1741130222 45587 0
1741130224 45539 0
1741130226 45601 0
1741130228 45789 0
1741130230 45899 0
1741130232 46040 0
1741130234 46175 0
1741130236 46593 0
1741130238 46970 0
1741130240 47276 0
1741130242 47508 0
1741130245 46748 0
1741130247 46375 0
1741130249 46016 0
1741130251 46029 0
1741130253 45920 0
1741130255 45856 0
1741130257 45746 0
1741130259 45681 0
1741130261 45872 0
1741130263 45814 0
1741130265 45766 0
1741130267 45700 0
1741130269 45747 0
1741130271 45675 0
1741130273 45639 0
1741130275 45702 0
1741130277 45703 0
1741130279 45801 0
1741130281 45824 0
1741130283 45765 0
1741130285 45878 0
1741130287 45983 0
1741130289 46151 0
1741130292 46332 0
1741130294 46690 0
1741130296 47027 0
1741130298 47256 0
1741130300 47346 0
1741130302 47383 0
1741130304 47273 0
1741130306 47194 0
1741130308 47234 0
1741130310 47228 0
1741130312 47083 0
1741130314 46651 0
1741130316 46279 0
1741130318 46026 0
1741130320 46219 0
1741130322 46182 0
1741130324 45872 0
1741130326 45732 0
1741130328 45683 0
1741130330 45802 0
1741130332 45747 0
1741130334 45732 0
1741130336 45703 0
1741130339 45725 0
1741130341 45707 0
1741130343 45645 0
1741130345 45647 0
1741130347 45744 0
1741130349 45830 0
1741130351 45859 0
1741130353 45947 0
1741130355 45941 0
1741130357 46055 0
1741130359 46274 0
1741130361 46532 0
1741130363 46909 0
1741130365 47269 0
1741130367 47426 0
1741130369 47519 0
1741130371 47364 0
1741130373 47347 0
1741130375 47432 0
1741130377 47362 0
1741130379 47444 0
1741130381 47326 0
1741130384 46620 0
1741130386 46218 0
1741130388 46021 0
1741130390 46007 0
1741130392 45861 0
1741130394 45919 0
1741130396 45809 0
1741130398 45954 0
1741130400 45982 0
1741130402 45938 0
1741130404 45796 0
1741130406 45828 0
1741130408 45994 0
1741130410 45953 0
1741130412 45821 0
1741130414 45826 0
1741130416 45820 0
1741130418 45786 0
1741130420 45769 0
1741130422 45753 0
1741130424 45778 0
1741130427 45844 0
1741130429 45908 0
1741130431 45932 0
1741130433 45966 0
1741130435 46072 0
1741130437 46059 0
1741130439 46321 0
1741130441 46881 0
1741130443 47171 0
1741130445 47365 0
1741130447 47531 0
1741130449 47499 0
1741130451 46836 0
1741130453 46407 0
1741130455 46260 0
1741130457 46004 0
1741130459 45970 0
1741130461 46027 0
1741130463 45997 0
1741130465 45846 0
1741130467 45892 0
1741130469 45933 0
1741130471 45878 0
1741130474 45841 0
1741130476 45774 0
1741130478 45750 0
1741130480 45801 0
1741130482 45764 0
1741130484 45698 0
1741130486 45705 0
1741130488 45832 0
1741130490 45879 0
1741130492 45933 0
1741130494 45854 0
1741130496 45961 0
1741130498 45932 0
1741130500 46238 0
1741130502 46162 0
1741130504 46119 0
1741130506 46208 0
1741130508 46509 0
1741130510 46827 0
1741130512 47156 0
1741130514 47496 0
1741130516 47616 0
1741130519 47459 0
1741130521 46689 0
1741130523 46351 0
1741130525 46075 0
1741130527 46060 0
1741130529 46094 0
1741130531 45967 0
1741130533 45920 0
1741130535 46044 0
1741130537 46030 0
1741130539 46038 0
1741130541 46008 0
1741130543 45933 0
1741130545 46066 0
1741130547 46141 0
1741130549 46028 0
1741130551 46001 0
1741130553 46007 0
1741130555 46078 0
1741130557 46008 0
1741130559 46096 0
1741130561 46192 0
1741130563 46358 0
1741130566 46473 0
1741130568 46798 0
1741130570 47154 0
1741130572 47413 0
1741130574 47545 0
1741130576 47578 0
1741130578 47800 0
1741130580 47596 0
1741130582 47477 0
1741130584 47398 0
1741130586 47368 0
1741130588 47077 0
1741130590 46528 0
1741130592 46309 0
1741130594 46238 0
1741130596 46170 0
1741130598 46158 0
1741130600 46111 0
1741130602 46045 0
1741130604 46081 0
1741130606 46131 0
1741130608 46106 0
1741130610 46133 0
1741130613 46041 0
1741130615 46146 0
1741130617 46224 0
1741130619 46154 0
1741130621 46333 0
1741130623 46127 0
1741130625 46080 0
1741130627 46136 0
1741130629 46130 0
1741130631 46151 0
1741130633 46386 0
1741130635 46716 0
1741130637 46977 0
1741130639 47302 0
1741130641 47483 0
1741130643 47496 0
1741130645 47466 0
1741130647 47540 0
1741130649 47625 0
1741130651 47582 0
1741130653 47425 0
1741130655 47361 0
1741130657 46796 0
1741130660 46498 0
1741130662 46347 0
1741130664 46104 0
1741130666 46096 0
1741130668 46052 0
1741130670 46002 0
1741130672 45971 0
1741130674 46083 0
1741130676 46000 0
1741130678 45879 0
1741130680 46000 0
1741130682 46058 0
1741130684 45989 0
1741130686 46014 0
1741130688 45929 0
1741130690 45789 0
1741130692 45958 0
1741130694 45942 0
1741130696 45962 0
1741130698 45907 0
1741130700 45905 0
1741130703 45869 0
1741130705 45886 0
1741130707 45940 0
1741130709 46238 0
1741130711 46213 0
1741130713 46293 0
1741130715 46546 0
1741130717 46989 0
1741130719 47252 0
1741130721 47411 0
1741130723 47642 0
1741130725 47285 0
1741130727 46705 0
1741130729 46387 0
1741130731 46129 0
1741130733 46187 0
1741130735 46201 0
1741130737 45991 0
1741130739 46037 0
1741130741 46211 0
1741130743 46051 0
1741130745 45970 0
1741130747 45893 0
1741130750 45992 0
1741130752 46013 0
1741130754 46020 0
1741130756 46004 0
1741130758 45926 0
1741130760 45889 0
1741130762 45954 0
1741130764 45951 0
1741130766 45899 0
1741130768 46021 0
1741130770 46097 0
1741130772 46001 0
1741130774 45994 0
1741130776 45999 0
1741130778 45968 0
1741130780 46023 0
1741130782 46283 0
1741130784 46506 0
1741130786 46852 0
1741130788 47224 0
1741130790 47525 0
1741130792 47681 0
1741130795 47231 0
1741130797 46660 0
1741130799 46413 0
1741130801 46519 0
1741130803 46339 0
1741130805 46093 0
1741130807 45967 0
1741130809 46050 0
1741130811 45939 0
1741130813 45804 0
1741130815 45882 0
1741130817 45954 0
1741130819 45872 0
1741130821 45958 0
1741130823 46039 0
1741130825 46008 0
1741130827 46047 0
1741130829 46024 0
1741130831 45928 0
1741130833 45962 0
1741130835 46026 0
1741130837 46050 0
1741130840 46200 0
1741130842 46456 0
1741130844 46845 0
1741130846 47181 0
1741130848 47492 0
1741130850 47557 0
1741130852 47524 0
1741130854 47563 0
1741130856 47540 0
1741130858 47379 0
1741130860 47546 0
1741130862 47446 0
1741130864 46724 0
1741130866 46308 0
1741130868 46115 0
1741130870 45988 0
1741130872 46124 0
1741130874 45921 0
1741130876 45802 0
1741130878 45657 0
1741130880 45650 0
1741130882 45663 0
1741130884 45696 0
1741130887 45837 0
1741130889 45904 0
1741130891 45842 0
1741130893 45784 0
1741130895 45859 0
1741130897 45762 0
1741130899 45791 0
1741130901 45768 0
1741130903 45738 0
1741130905 45691 0
1741130907 45868 0
1741130909 46149 0
1741130911 46433 0
1741130913 46902 0
1741130915 47141 0
1741130917 47311 0
1741130919 47419 0
1741130921 47596 0
1741130923 47520 0
1741130925 47391 0
1741130927 47292 0
1741130929 47185 0
1741130931 46973 0
1741130934 46550 0
1741130936 46319 0
1741130938 46089 0
1741130940 45913 0
1741130942 45851 0
1741130944 45792 0
1741130946 45700 0
1741130948 45661 0
1741130950 45839 0
1741130952 45777 0
1741130954 45848 0
1741130956 45947 0
1741130958 45892 0
1741130960 45785 0
1741130962 45741 0
1741130964 45817 0
1741130966 45883 0
1741130968 45829 0
1741130970 45850 0
1741130972 45844 0
1741130974 45862 0
1741130976 45863 0
1741130978 45704 0
1741130981 46012 0
1741130983 45821 0
1741130985 45881 0
1741130987 45876 0
1741130989 45936 0
1741130991 46219 0
1741130993 46463 0
1741130995 46844 0
1741130997 47116 0
1741130999 47266 0
1741131001 46710 0
1741131003 46227 0
1741131005 45952 0
1741131007 45880 0
1741131009 45859 0
1741131011 45826 0
1741131013 45698 0
1741131015 45735 0
1741131017 45680 0
1741131019 45579 0
1741131021 45582 0
1741131023 45687 0
1741131026 45656 0
1741131028 45695 0
1741131030 45674 0
1741131032 45677 0
1741131034 45771 0
1741131036 45745 0
1741131038 45674 0
1741131040 45704 0
1741131042 45844 0
1741131044 45642 0
1741131046 45707 0
1741131048 45680 0
1741131050 45531 0
1741131052 45609 0
1741131054 45695 0
1741131056 45755 0
1741131058 45829 0
1741131060 46009 0
1741131062 46415 0
1741131064 46727 0
1741131066 47093 0
1741131068 47299 0
1741131070 46455 0
1741131073 46047 0
1741131075 45783 0
1741131077 45617 0
1741131079 45516 0
1741131081 45552 0
1741131083 45559 0
1741131085 45498 0
1741131087 45622 0
1741131089 45627 0
1741131091 45583 0
1741131093 45660 0
1741131095 45702 0
1741131097 45683 0
1741131099 45559 0
1741131101 45747 0
1741131103 45546 0
1741131105 45502 0
1741131107 45414 0
1741131109 45383 0
1741131111 45402 0
1741131113 45445 0
1741131115 45601 0
1741131117 45733 0
1741131120 45932 0
1741131122 46297 0
1741131124 46682 0
1741131126 46907 0
1741131128 47063 0
1741131130 47183 0
1741131132 47109 0
1741131134 46904 0
1741131136 46937 0
1741131138 46755 0
1741131140 46322 0
1741131142 45913 0
1741131144 45506 0
1741131146 45551 0
1741131148 45689 0
1741131150 45576 0
1741131152 45579 0
1741131154 45595 0
1741131156 45613 0
1741131158 45492 0
1741131160 45678 0
1741131162 45544 0
1741131165 45400 0
1741131167 45479 0
1741131169 45396 0
1741131171 45352 0
1741131173 45288 0
1741131175 45260 0
1741131177 45366 0
1741131179 45344 0
1741131181 45460 0
1741131183 45491 0
1741131185 45635 0
1741131187 45849 0
1741131189 46274 0
1741131191 46593 0
1741131193 46864 0
1741131195 47057 0
1741131197 47043 0
1741131199 47065 0
1741131201 46925 0
1741131203 47037 0
1741131205 46910 0
1741131207 46403 0
1741131209 45977 0
1741131212 45829 0
1741131214 45668 0
1741131216 45461 0
1741131218 45422 0
1741131220 45514 0
1741131222 45527 0
1741131224 45478 0
1741131226 45361 0
1741131228 45294 0
1741131230 45329 0
1741131232 45362 0
1741131234 45419 0
1741131236 45447 0
1741131238 45396 0
1741131240 45423 0
1741131242 45422 0
1741131244 45329 0
1741131246 45407 0
1741131248 45552 0
1741131250 45519 0
1741131252 45484 0
1741131254 45480 0
1741131257 45571 0
1741131259 45479 0
1741131261 45424 0
1741131263 45295 0
1741131265 45568 0
1741131267 45749 0
1741131269 46018 0
1741131271 46467 0
1741131273 46663 0
1741131275 46714 0
1741131277 46262 0
1741131279 45818 0
1741131281 45880 0
1741131283 45778 0
1741131285 45710 0
1741131287 45628 0
1741131289 45569 0
1741131291 45491 0
1741131293 45404 0
1741131295 45337 0
1741131297 45360 0
1741131299 45341 0
1741131301 45267 0
1741131304 45424 0
1741131306 45388 0
1741131308 45507 0
1741131310 45633 0
1741131312 45572 0
1741131314 45511 0
1741131316 45539 0
1741131318 45659 0
1741131320 45614 0
1741131322 45591 0
1741131324 45481 0
1741131326 45431 0
1741131328 45534 0
1741131330 45414 0
1741131332 45707 0
1741131334 45933 0
1741131336 46158 0
1741131338 46410 0
1741131340 47118 0
1741131342 47171 0
1741131344 46574 0
1741131346 46157 0
1741131348 45810 0
1741131351 45704 0
1741131353 45535 0
1741131355 45610 0
1741131357 45492 0
1741131359 45408 0
1741131361 45445 0
1741131363 45430 0
1741131365 45471 0
1741131367 45526 0
1741131369 45528 0
1741131371 45483 0
1741131373 45359 0
1741131375 45400 0
1741131377 45460 0
1741131379 45565 0
1741131381 45545 0
1741131383 45402 0
1741131385 45346 0
1741131387 45384 0
1741131389 45355 0
1741131391 45465 0
1741131393 45611 0
1741131395 45853 0
1741131398 46267 0
1741131400 46790 0
1741131402 47131 0
1741131404 47097 0
1741131406 47130 0
1741131408 46987 0
1741131410 46950 0
1741131412 46837 0
1741131414 46274 0
1741131416 46028 0
1741131418 45819 0
1741131420 45690 0
1741131422 45591 0
1741131424 45596 0
1741131426 45578 0
1741131428 45770 0
1741131430 45598 0
1741131432 45613 0
1741131434 45492 0
1741131436 45388 0
1741131438 45373 0
1741131440 45385 0
1741131443 45443 0
1741131445 45464 0
1741131447 45412 0
1741131449 45467 0
1741131451 45420 0
1741131453 45535 0
1741131455 45595 0
1741131457 45565 0
1741131459 45664 0
1741131461 46076 0
1741131463 46363 0
1741131465 46684 0
1741131467 46806 0
1741131469 47091 0
1741131471 47130 0
1741131473 47072 0
1741131475 47047 0
1741131477 46876 0
1741131479 46855 0
1741131481 46598 0
1741131483 46099 0
1741131485 45656 0
1741131487 45708 0
1741131490 45712 0
1741131492 45603 0
1741131494 45517 0
1741131496 45570 0
1741131498 45510 0
1741131500 45459 0
1741131502 45470 0
1741131504 45426 0
1741131506 45307 0
1741131508 45466 0
1741131510 45498 0
1741131512 45467 0
1741131514 45495 0
1741131516 45463 0
1741131518 45521 0
1741131520 45731 0
1741131522 45661 0
1741131524 45522 0
1741131526 45597 0
1741131528 45383 0
1741131530 45392 0
1741131532 45373 0
1741131534 45455 0
1741131537 45512 0
1741131539 45651 0
1741131541 45808 0
1741131543 46072 0
1741131545 46422 0
1741131547 46838 0
1741131549 47124 0
1741131551 46676 0
1741131553 46256 0
1741131555 45956 0
1741131557 45829 0
1741131559 45697 0
1741131561 45567 0
1741131563 45529 0
1741131565 45526 0
1741131567 45606 0
1741131569 45474 0
1741131571 45444 0
1741131573 45505 0
1741131575 45457 0
1741131577 45398 0
1741131579 45457 0
1741131582 45583 0
1741131584 45539 0
1741131586 45423 0
1741131588 45428 0
1741131590 45435 0
1741131592 45418 0
1741131594 45435 0
1741131596 45513 0
1741131598 45512 0
1741131600 45520 0
1741131602 45508 0
1741131604 45524 0
1741131606 45653 0
1741131608 45737 0
1741131610 45918 0
1741131612 46076 0
1741131614 46408 0
1741131616 46745 0
1741131618 46931 0
1741131620 46334 0
1741131622 45958 0
1741131624 45599 0
1741131626 45605 0
1741131629 45567 0
1741131631 45539 0
1741131633 45549 0
1741131635 45526 0
1741131637 45471 0
1741131639 45523 0
1741131641 45749 0
1741131643 45645 0
1741131645 45501 0
1741131647 45477 0
1741131649 45472 0
1741131651 45425 0
1741131653 45399 0
1741131655 45475 0
1741131657 45477 0
1741131659 45496 0
1741131661 45580 0
1741131663 45555 0
1741131665 45600 0
1741131667 45958 0
1741131669 46381 0
1741131671 46639 0
1741131674 47078 0
1741131676 47220 0
1741131678 47233 0
1741131680 47165 0
1741131682 47075 0
1741131684 46869 0
1741131686 46923 0
1741131688 46832 0
1741131690 46367 0
1741131692 46001 0
1741131694 45872 0
1741131696 45708 0
1741131698 45782 0
1741131700 46002 0
1741131702 45903 0
1741131704 45748 0
1741131706 45598 0
1741131708 45514 0
1741131710 45435 0
1741131712 45414 0
1741131714 45461 0
1741131716 45524 0
1741131718 45492 0
1741131721 45594 0
1741131723 45538 0
1741131725 45592 0
1741131727 45669 0
1741131729 45851 0
1741131731 45821 0
1741131733 45971 0
1741131735 46079 0
1741131737 46164 0
1741131739 46497 0
1741131741 46813 0
1741131743 46997 0
1741131745 47039 0
1741131747 47300 0
1741131749 47179 0
1741131751 47042 0
1741131753 47094 0
1741131755 46949 0
1741131757 46525 0
1741131759 46201 0
1741131761 46117 0
1741131763 45875 0
1741131765 45776 0
1741131768 45665 0
1741131770 45562 0
1741131772 45554 0
1741131774 45657 0
1741131776 45665 0
1741131778 45689 0
1741131780 45567 0
1741131782 45566 0
1741131784 45550 0
1741131786 45514 0
1741131788 45685 0
1741131790 45735 0
1741131792 45773 0
1741131794 45636 0
1741131796 45660 0
1741131798 45634 0
1741131800 45728 0
1741131802 45481 0
1741131804 45543 0
1741131806 45637 0
1741131808 45618 0
1741131810 45553 0
1741131813 45652 0
1741131815 45891 0
1741131817 45997 0
1741131819 46445 0
1741131821 46986 0
1741131823 47191 0
1741131825 46953 0
1741131827 46346 0
1741131829 46138 0
1741131831 45888 0
1741131833 45796 0
1741131835 45653 0
1741131837 45625 0
1741131839 45708 0
1741131841 45528 0
1741131843 45581 0
1741131845 45654 0
1741131847 45710 0
1741131849 45748 0
1741131851 45726 0
1741131854 45681 0
1741131856 45595 0
1741131858 45559 0
1741131860 45576 0
1741131862 45649 0
1741131864 45610 0
1741131866 45462 0
1741131868 45436 0
1741131870 45497 0
1741131872 45553 0
1741131874 45678 0
1741131876 45622 0
1741131878 45657 0
1741131880 45842 0
1741131882 45982 0
1741131884 46040 0
1741131886 46147 0
1741131888 46468 0
1741131890 46744 0
1741131892 46960 0
1741131894 46720 0
1741131896 46217 0
1741131899 45912 0
1741131901 45601 0
1741131903 45480 0
1741131905 45469 0
1741131907 45577 0
1741131909 45726 0
1741131911 45741 0
1741131913 45720 0
1741131915 45712 0
1741131917 45717 0
1741131919 45763 0
1741131921 45698 0
1741131923 45743 0
1741131925 45702 0
1741131927 45783 0
1741131929 45794 0
1741131931 45820 0
1741131933 45784 0
1741131935 45799 0
1741131937 45856 0
1741131939 45826 0
1741131941 46055 0
1741131944 46197 0
1741131946 46639 0
1741131948 47050 0
1741131950 47237 0
1741131952 47314 0
1741131954 47323 0
1741131956 47408 0
1741131958 47276 0
1741131960 47246 0
1741131962 47140 0
1741131964 46595 0
1741131966 46246 0
1741131968 46104 0
1741131970 45888 0
1741131972 45826 0
1741131974 45762 0
1741131976 45750 0
1741131978 45855 0
1741131980 45863 0
1741131982 45882 0
1741131984 45888 0
1741131986 46013 0
1741131988 45772 0
1741131991 45605 0
1741131993 45709 0
1741131995 45756 0
1741131997 45663 0
1741131999 45609 0
1741132001 45845 0
1741132003 45820 0
1741132005 45859 0
1741132007 45800 0
1741132009 45738 0
1741132011 45927 0
1741132013 46173 0
1741132015 46587 0
1741132017 47039 0
1741132019 47215 0
1741132021 47332 0
1741132023 47322 0
1741132025 47300 0
1741132027 47431 0
1741132029 47269 0
1741132031 47057 0
1741132033 46561 0
1741132036 46164 0
1741132038 46017 0
1741132040 46035 0
1741132042 45859 0
1741132044 45785 0
1741132046 45760 0
1741132048 45726 0
1741132050 45691 0
1741132052 45541 0
1741132054 45701 0
1741132056 45684 0
1741132058 45652 0
1741132060 45826 0
1741132062 45759 0
1741132064 45737 0
1741132066 45683 0
1741132068 45700 0
1741132070 45737 0
1741132072 45675 0
1741132074 45630 0
1741132076 45654 0
1741132078 45628 0
1741132080 45449 0
1741132083 45495 0
1741132085 45494 0
1741132087 45625 0
1741132089 45814 0
1741132091 45885 0
1741132093 46171 0
1741132095 46624 0
1741132097 46909 0
1741132099 47288 0
1741132101 46896 0
1741132103 46388 0
1741132105 46004 0
1741132107 45984 0
1741132109 45808 0
1741132111 45757 0
1741132113 45875 0
1741132115 45837 0
1741132117 45758 0
1741132119 45835 0
1741132121 45803 0
1741132123 45729 0
1741132125 45614 0
1741132127 45640 0
1741132130 45743 0
1741132132 45847 0
1741132134 45811 0
1741132136 45811 0
1741132138 45712 0
1741132140 45667 0
1741132142 45685 0
1741132144 45827 0
1741132146 45741 0
1741132148 45815 0
1741132150 45940 0
1741132152 45831 0
1741132154 45784 0
1741132156 46014 0
1741132158 45969 0
1741132160 46227 0
1741132162 46448 0
1741132164 46859 0
1741132166 47208 0
1741132168 47420 0
1741132170 46656 0
1741132172 46227 0
1741132175 46095 0
1741132177 45872 0
1741132179 45815 0
1741132181 46035 0
1741132183 45897 0
1741132185 45920 0
1741132187 45833 0
1741132189 45743 0
1741132191 45613 0
1741132193 45559 0
1741132195 45573 0
1741132197 45602 0
1741132199 45720 0
1741132201 45645 0
1741132203 45593 0
1741132205 45693 0
1741132207 45782 0
1741132209 45974 0
1741132211 45963 0
1741132213 45977 0
1741132215 46120 0
1741132217 46342 0
1741132220 46607 0
1741132222 46943 0
1741132224 47200 0
1741132226 47342 0
1741132228 47480 0
1741132230 47302 0
1741132232 47230 0
1741132234 47292 0
1741132236 47224 0
1741132238 46955 0
1741132240 46649 0
1741132242 46278 0
1741132244 46023 0
1741132246 45815 0
1741132248 45850 0
1741132250 45720 0
1741132252 45542 0
1741132254 45593 0
1741132256 45689 0
1741132258 45602 0
1741132260 45689 0
1741132262 45735 0
1741132265 45581 0
1741132267 45452 0
1741132269 45732 0
1741132271 45690 0
1741132273 45683 0
1741132275 45819 0
1741132277 45798 0
1741132279 45850 0
1741132281 45893 0
1741132283 45959 0
1741132285 46094 0
1741132287 46381 0
1741132289 46820 0
1741132291 47103 0
1741132293 47294 0
1741132295 47473 0
1741132297 47369 0
1741132299 47292 0
1741132301 47428 0
1741132303 47379 0
1741132305 47376 0
1741132307 46771 0
1741132309 46344 0
1741132312 46065 0
1741132314 45938 0
1741132316 45757 0
1741132318 45675 0
1741132320 45695 0
1741132322 45610 0
1741132324 45669 0
1741132326 45650 0
1741132328 45635 0
1741132330 45742 0
1741132332 45577 0
1741132334 45484 0
1741132336 45489 0
1741132338 45605 0
1741132340 45462 0
1741132342 45576 0
1741132344 45598 0
1741132346 45618 0
1741132348 45639 0
1741132350 45575 0
1741132352 45593 0
1741132354 45594 0
1741132357 45681 0
1741132359 45632 0
1741132361 45958 0
1741132363 46041 0
1741132365 46098 0
1741132367 46209 0
1741132369 46453 0
1741132371 46861 0
1741132373 47120 0
1741132375 47073 0
1741132377 46488 0
1741132379 46111 0
1741132381 45988 0
1741132383 45775 0
1741132385 45774 0
1741132387 45847 0
1741132389 45748 0
1741132391 45710 0
1741132393 45710 0
1741132395 45706 0
1741132397 45589 0
1741132399 45632 0
1741132401 45607 0
1741132404 45730 0
1741132406 45634 0
1741132408 45628 0
1741132410 45630 0
1741132412 45597 0
1741132414 45809 0
1741132416 45687 0
1741132418 45621 0
1741132420 45739 0
1741132422 45758 0
1741132424 45704 0
1741132426 45641 0
1741132428 45625 0
1741132430 45734 0
1741132432 45895 0
1741132434 45931 0
1741132436 46270 0
1741132438 46786 0
1741132440 47053 0
1741132442 47359 0
1741132444 46998 0
1741132446 46527 0
1741132448 46400 0
1741132451 46139 0
1741132453 45859 0
1741132455 45762 0
1741132457 45756 0
1741132459 45735 0
1741132461 45571 0
1741132463 45577 0
1741132465 45650 0
1741132467 45615 0
1741132469 45638 0
1741132471 45655 0
1741132473 45790 0
1741132475 45830 0
1741132477 45718 0
1741132479 45699 0
1741132481 45835 0
1741132483 45772 0
1741132485 45826 0
1741132487 45882 0
1741132489 45922 0
1741132491 46293 0
1741132493 46692 0
1741132496 47171 0
1741132498 47291 0
1741132500 47388 0
1741132502 47456 0
1741132504 47279 0
1741132506 47263 0
1741132508 47387 0
1741132510 47311 0
1741132512 47140 0
1741132514 46670 0
1741132516 46260 0
1741132518 45917 0
1741132520 45754 0
1741132522 45790 0
1741132524 45709 0
1741132526 45617 0
1741132528 45619 0
1741132530 45602 0
1741132532 45611 0
1741132534 45592 0
1741132536 45521 0
1741132538 45545 0
1741132540 45865 0
1741132543 45712 0
1741132545 45726 0
1741132547 45644 0
1741132549 45627 0
1741132551 45633 0
1741132553 45519 0
1741132555 45562 0
1741132557 45651 0
1741132559 45698 0
1741132561 45853 0
1741132563 46203 0
1741132565 46698 0
1741132567 47005 0
1741132569 47229 0
1741132571 47322 0
1741132573 47230 0
1741132575 47119 0
1741132577 47108 0
1741132579 47103 0
1741132581 46882 0
1741132583 46213 0
1741132585 45919 0
1741132587 45809 0
1741132590 45698 0
1741132592 45673 0
1741132594 45704 0
1741132596 45607 0
1741132598 45673 0
1741132600 45747 0
1741132602 45768 0
1741132604 45630 0
1741132606 45448 0
1741132608 45533 0
1741132610 45509 0
1741132612 45442 0
1741132614 45487 0
1741132616 45454 0
1741132618 45433 0
1741132620 45410 0
1741132622 45409 0
1741132624 45461 0
1741132626 45453 0
1741132628 45674 0
1741132630 45669 0
1741132632 45727 0
1741132635 45764 0
1741132637 45738 0
1741132639 45894 0
1741132641 46039 0
1741132643 46301 0
1741132645 46675 0
1741132647 46955 0
1741132649 47089 0
1741132651 46872 0
1741132653 46436 0
1741132655 46074 0
1741132657 45874 0
1741132659 45736 0
1741132661 46071 0
1741132663 45850 0
1741132665 45692 0
1741132667 45704 0
1741132669 45710 0
1741132671 45536 0
1741132673 45562 0
1741132675 45664 0
1741132677 45658 0
1741132679 45585 0
1741132682 45611 0
1741132684 45535 0
1741132686 45494 0
1741132688 45503 0
1741132690 45550 0
1741132692 45600 0
1741132694 45694 0
1741132696 45693 0
1741132698 45610 0
1741132700 45705 0
1741132702 45627 0
1741132704 45509 0
1741132706 45655 0
1741132708 45853 0
1741132710 46106 0
1741132712 46397 0
1741132714 46918 0
1741132716 47068 0
1741132718 47282 0
1741132720 47021 0
1741132722 46467 0
1741132724 46141 0
1741132726 45945 0
1741132729 45722 0
1741132731 45762 0
1741132733 45710 0
1741132735 45743 0
1741132737 45665 0
1741132739 45674 0
1741132741 45719 0
1741132743 45645 0
1741132745 45647 0
1741132747 45654 0
1741132749 45768 0
1741132751 45754 0
1741132753 45770 0
1741132755 45887 0
1741132757 45683 0
1741132759 45628 0
1741132761 45666 0
1741132763 45682 0
1741132765 45782 0
1741132767 46074 0
1741132769 46376 0
1741132771 46742 0
1741132774 47200 0
1741132776 47113 0
1741132778 47237 0
1741132780 47369 0
1741132782 47399 0
1741132784 47165 0
1741132786 47056 0
1741132788 47046 0
1741132790 46467 0
1741132792 46097 0
1741132794 45861 0
1741132796 45692 0
1741132798 45791 0
1741132800 45659 0
1741132802 45568 0
