1740960004 46658 0
1740960006 46128 0
1740960008 45578 0
1740960010 45131 0
1740960012 44851 0
1740960014 44855 0
1740960016 44738 0
1740960018 44779 0
1740960020 44716 0
1740960022 44663 0
1740960024 44698 0
1740960026 44688 0
1740960028 44694 0
1740960030 44790 0
1740960032 44788 0
1740960035 44793 0
1740960037 44687 0
1740960039 44709 0
1740960041 44968 0
1740960043 44808 0
1740960045 44806 0
1740960047 44783 0
1740960049 44805 0
1740960051 44714 0
1740960053 44684 0
1740960055 44638 0
1740960057 44826 0
1740960059 44813 0
1740960061 44976 0
1740960063 45267 0
1740960065 45674 0
1740960067 46319 0
1740960069 46824 0
1740960071 46916 0
1740960073 46794 0
1740960075 45946 0
1740960077 45471 0
1740960080 45155 0
1740960082 44926 0
1740960084 44831 0
1740960086 44691 0
1740960088 44779 0
1740960090 44754 0
1740960092 44665 0
1740960094 44830 0
1740960096 44842 0
1740960098 44798 0
1740960100 44908 0
1740960102 44897 0
1740960104 44800 0
1740960106 44854 0
1740960108 44897 0
1740960110 44781 0
1740960112 44826 0
1740960114 44755 0
1740960116 44744 0
1740960118 44707 0
1740960120 44624 0
1740960122 44709 0
1740960124 44833 0
1740960127 44916 0
1740960129 45109 0
1740960131 45363 0
1740960133 45757 0
1740960135 46211 0
1740960137 46604 0
1740960139 46903 0
1740960141 46851 0
1740960143 46354 0
1740960145 45654 0
1740960147 45367 0
1740960149 45206 0
1740960151 45043 0
1740960153 44980 0
1740960155 44849 0
1740960157 44911 0
1740960159 44927 0
1740960161 45034 0
1740960163 44862 0
1740960165 44741 0
1740960167 44693 0
1740960169 44793 0
1740960172 44722 0
1740960174 44700 0
1740960176 44664 0
1740960178 44593 0
1740960180 44603 0
1740960182 44569 0
1740960184 44767 0
1740960186 44899 0
1740960188 45370 0
1740960190 45832 0
1740960192 46326 0
1740960194 46766 0
1740960196 46944 0
1740960198 46986 0
1740960200 46830 0
1740960202 46874 0
1740960204 46821 0
1740960206 46718 0
1740960208 46773 0
1740960210 46645 0
1740960212 45870 0
1740960214 45381 0
1740960216 45126 0
1740960219 45031 0
1740960221 45067 0
1740960223 44899 0
1740960225 44742 0
1740960227 44571 0
1740960229 44624 0
1740960231 44615 0
1740960233 44663 0
1740960235 44667 0
1740960237 44711 0
1740960239 44663 0
1740960241 44626 0
1740960243 44621 0
1740960245 44570 0
1740960247 44759 0
1740960249 44844 0
1740960251 44777 0
1740960253 44802 0
1740960255 44928 0
1740960257 45036 0
1740960259 45407 0
1740960261 45851 0
1740960263 46565 0
1740960266 46700 0
1740960268 46808 0
1740960270 46809 0
1740960272 46842 0
1740960274 46846 0
1740960276 46692 0
1740960278 46594 0
1740960280 46285 0
1740960282 45759 0
1740960284 45323 0
1740960286 45005 0
1740960288 44854 0
1740960290 44873 0
1740960292 44907 0
1740960294 44940 0
1740960296 44898 0
1740960298 44817 0
1740960300 44748 0
1740960302 44734 0
1740960304 44705 0
1740960306 44794 0
1740960308 44788 0
1740960311 44757 0
1740960313 44727 0
1740960315 44783 0
1740960317 44846 0
1740960319 44778 0
1740960321 44682 0
1740960323 44763 0
1740960325 44706 0
1740960327 44683 0
1740960329 44670 0
1740960331 44758 0
1740960333 44912 0
1740960335 44932 0
1740960337 45026 0
1740960339 45420 0
1740960341 46077 0
1740960343 46617 0
1740960345 46926 0
1740960347 46947 0
1740960349 46095 0
1740960352 45547 0
1740960354 45143 0
1740960356 44897 0
1740960358 44815 0
1740960360 44776 0
1740960362 44726 0
1740960364 44776 0
1740960366 44798 0
1740960368 44900 0
1740960370 44760 0
1740960372 44637 0
1740960374 44678 0
1740960376 44723 0
1740960378 44651 0
1740960380 44696 0
1740960382 44695 0
1740960384 44624 0
1740960386 44709 0
1740960388 44722 0
1740960390 44688 0
1740960392 44797 0
1740960394 44761 0
1740960396 44804 0
1740960399 44816 0
1740960401 44935 0
1740960403 45000 0
1740960405 45060 0
1740960407 45353 0
1740960409 45648 0
1740960411 46129 0
1740960413 46674 0
1740960415 46836 0
1740960417 46496 0
1740960419 45770 0
1740960421 45254 0
1740960423 45099 0
1740960425 44899 0
1740960427 44919 0
1740960429 44933 0
1740960431 44785 0
1740960433 44772 0
1740960435 44725 0
1740960437 44745 0
1740960439 44733 0
1740960441 44762 0
1740960443 44810 0
1740960446 44836 0
1740960448 44859 0
1740960450 44768 0
1740960452 44812 0
1740960454 44864 0
1740960456 44966 0
1740960458 44910 0
1740960460 45053 0
1740960462 45429 0
1740960464 45774 0
1740960466 46407 0
1740960468 46877 0
1740960470 47001 0
1740960472 47144 0
1740960474 47028 0
1740960476 47028 0
1740960478 46906 0
1740960480 46903 0
1740960482 46734 0
1740960484 46605 0
1740960486 46003 0
1740960488 45795 0
1740960491 45398 0
1740960493 45164 0
1740960495 45117 0
1740960497 45029 0
1740960499 45032 0
1740960501 44837 0
1740960503 44862 0
1740960505 44842 0
1740960507 44797 0
1740960509 44854 0
1740960511 44824 0
1740960513 44982 0
1740960515 44910 0
1740960517 44700 0
1740960519 44951 0
1740960521 45133 0
1740960523 44916 0
1740960525 44811 0
1740960527 44892 0
1740960529 44906 0
1740960531 45026 0
1740960533 45365 0
1740960535 45829 0
1740960538 46452 0
1740960540 46748 0
1740960542 46847 0
1740960544 46934 0
1740960546 46833 0
1740960548 46878 0
1740960550 46888 0
1740960552 46772 0
1740960554 46594 0
1740960556 45860 0
1740960558 45349 0
1740960560 44961 0
1740960562 44874 0
1740960564 44839 0
1740960566 44817 0
1740960568 44730 0
1740960570 44756 0
1740960572 44721 0
1740960574 44803 0
1740960576 44814 0
1740960578 44768 0
1740960580 44969 0
1740960582 44818 0
1740960585 44813 0
1740960587 44831 0
1740960589 44789 0
1740960591 44730 0
1740960593 44653 0
1740960595 44713 0
1740960597 44704 0
1740960599 44627 0
1740960601 44638 0
1740960603 44772 0
1740960605 44723 0
1740960607 45034 0
1740960609 45088 0
1740960611 45232 0
1740960613 45481 0
1740960615 46004 0
1740960617 46492 0
1740960619 46877 0
1740960621 46964 0
1740960623 46388 0
1740960625 45584 0
1740960627 45124 0
1740960630 45019 0
1740960632 44870 0
1740960634 44847 0
1740960636 44880 0
1740960638 44870 0
1740960640 44903 0
1740960642 44871 0
1740960644 44866 0
1740960646 44749 0
1740960648 44723 0
1740960650 44732 0
1740960652 44789 0
1740960654 44797 0
1740960656 44741 0
1740960658 44676 0
1740960660 44632 0
1740960662 44663 0
1740960664 44739 0
1740960666 44786 0
1740960668 44983 0
1740960670 44788 0
1740960672 44850 0
1740960674 44928 0
1740960677 45009 0
1740960679 45153 0
1740960681 45457 0
1740960683 46010 0
1740960685 46595 0
1740960687 46922 0
1740960689 46994 0
1740960691 46626 0
1740960693 45927 0
1740960695 45486 0
1740960697 45221 0
1740960699 44992 0
1740960701 44936 0
1740960703 44640 0
1740960705 44836 0
1740960707 44798 0
1740960709 44790 0
1740960711 44729 0
1740960713 44766 0
1740960715 44730 0
1740960717 44697 0
1740960719 44640 0
1740960722 44668 0
1740960724 44642 0
1740960726 44706 0
1740960728 44727 0
1740960730 44824 0
1740960732 44939 0
1740960734 44917 0
1740960736 45183 0
1740960738 45437 0
1740960740 45888 0
1740960742 46512 0
1740960744 46956 0
1740960746 47000 0
1740960748 47059 0
1740960750 46946 0
1740960752 46963 0
1740960754 46816 0
1740960756 46802 0
1740960758 46714 0
1740960760 46447 0
1740960762 45759 0
1740960764 45236 0
1740960767 45093 0
1740960769 45041 0
1740960771 45037 0
1740960773 44990 0
1740960775 45029 0
1740960777 44929 0
1740960779 44930 0
1740960781 44891 0
1740960783 44777 0
1740960785 44818 0
1740960787 44920 0
1740960789 44965 0
1740960791 44898 0
1740960793 44739 0
1740960795 44842 0
1740960797 44846 0
1740960799 44992 0
1740960801 44943 0
1740960803 45118 0
1740960805 45387 0
1740960807 45892 0
1740960809 46466 0
1740960811 46757 0
1740960814 46884 0
1740960816 46878 0
1740960818 46714 0
1740960820 46777 0
1740960822 46832 0
1740960824 46670 0
1740960826 46586 0
1740960828 46580 0
1740960830 46020 0
1740960832 45362 0
1740960834 45020 0
1740960836 44883 0
1740960838 44939 0
1740960840 44870 0
1740960842 44903 0
1740960844 44801 0
1740960846 44854 0
1740960848 44967 0
1740960850 44887 0
1740960852 44800 0
1740960854 44775 0
1740960856 44849 0
1740960858 44898 0
1740960861 44911 0
1740960863 44912 0
1740960865 44806 0
1740960867 44911 0
1740960869 44852 0
1740960871 44919 0
1740960873 44971 0
1740960875 45008 0
1740960877 44959 0
1740960879 44859 0
1740960881 45094 0
1740960883 45211 0
1740960885 45463 0
1740960887 45989 0
1740960889 46610 0
1740960891 46916 0
1740960893 46889 0
1740960895 46952 0
1740960897 46511 0
1740960899 45821 0
1740960901 45413 0
1740960903 45133 0
1740960906 45021 0
1740960908 44944 0
1740960910 44935 0
1740960912 44888 0
1740960914 44807 0
1740960916 44844 0
1740960918 44853 0
1740960920 44787 0
1740960922 44728 0
1740960924 44827 0
1740960926 44830 0
1740960928 44840 0
1740960930 44762 0
1740960932 44753 0
1740960934 44836 0
1740960936 44866 0
1740960938 44814 0
1740960940 44916 0
1740960942 44828 0
1740960944 44736 0
1740960946 44865 0
1740960948 44895 0
1740960950 45001 0
1740960953 45118 0
1740960955 45439 0
1740960957 45739 0
1740960959 46219 0
1740960961 46692 0
1740960963 46922 0
1740960965 46812 0
1740960967 46201 0
1740960969 45721 0
1740960971 45253 0
1740960973 45015 0
1740960975 44902 0
1740960977 44845 0
1740960979 44895 0
1740960981 44835 0
1740960983 44723 0
1740960985 44804 0
1740960987 44997 0
1740960989 44916 0
1740960991 44841 0
1740960993 44941 0
1740960995 44946 0
1740960998 44858 0
1740961000 44890 0
1740961002 44933 0
1740961004 44948 0
1740961006 44954 0
1740961008 44999 0
1740961010 45197 0
1740961012 45553 0
1740961014 45969 0
1740961016 46578 0
1740961018 46853 0
1740961020 47024 0
1740961022 46921 0
1740961024 46909 0
1740961026 46806 0
1740961028 46928 0
1740961030 46870 0
1740961032 46797 0
1740961034 46639 0
1740961036 45926 0
1740961038 45439 0
1740961040 45100 0
1740961042 45040 0
1740961045 44881 0
1740961047 44894 0
1740961049 44814 0
1740961051 44851 0
1740961053 44751 0
1740961055 44732 0
1740961057 44648 0
1740961059 44835 0
1740961061 44934 0
1740961063 44806 0
1740961065 44788 0
1740961067 44765 0
1740961069 44930 0
1740961071 44970 0
1740961073 44872 0
1740961075 44903 0
1740961077 45093 0
1740961079 45263 0
1740961081 45630 0
1740961083 46254 0
1740961085 46752 0
1740961088 47002 0
1740961090 47070 0
1740961092 46940 0
1740961094 46935 0
1740961096 46925 0
1740961098 46739 0
1740961100 46798 0
1740961102 46735 0
1740961104 46281 0
1740961106 45713 0
1740961108 45514 0
1740961110 45106 0
1740961112 44917 0
1740961114 45000 0
1740961116 44792 0
1740961118 44897 0
1740961120 45122 0
1740961122 44990 0
1740961124 44935 0
1740961126 44876 0
1740961128 44787 0
1740961130 44758 0
1740961132 44848 0
1740961135 44880 0
1740961137 44904 0
1740961139 44939 0
1740961141 44867 0
1740961143 44781 0
1740961145 44741 0
1740961147 44990 0
1740961149 45051 0
1740961151 44867 0
1740961153 44823 0
1740961155 44897 0
1740961157 45041 0
1740961159 45357 0
1740961161 45771 0
1740961163 46374 0
1740961165 46770 0
1740961167 46963 0
1740961169 47010 0
1740961171 46923 0
1740961173 46163 0
1740961175 45557 0
1740961177 45279 0
1740961179 45138 0
1740961182 45089 0
1740961184 44914 0
1740961186 44839 0
1740961188 44733 0
1740961190 44850 0
1740961192 44801 0
1740961194 44931 0
1740961196 44903 0
1740961198 44892 0
1740961200 44807 0
1740961202 44810 0
1740961204 44844 0
1740961206 44721 0
1740961208 44913 0
1740961210 44900 0
1740961212 44833 0
1740961214 44775 0
1740961216 44707 0
1740961218 44782 0
1740961220 44755 0
1740961222 44830 0
1740961224 44824 0
1740961227 45159 0
1740961229 45349 0
1740961231 45770 0
1740961233 46377 0
1740961235 46839 0
1740961237 47014 0
1740961239 47071 0
1740961241 46678 0
1740961243 45842 0
1740961245 45534 0
1740961247 45239 0
1740961249 44920 0
1740961251 44831 0
1740961253 44965 0
1740961255 44892 0
1740961257 44868 0
1740961259 44895 0
1740961261 44852 0
1740961263 44874 0
1740961265 44824 0
1740961267 44928 0
1740961269 45077 0
1740961272 44987 0
1740961274 45025 0
1740961276 45006 0
1740961278 44974 0
1740961280 44988 0
1740961282 45162 0
1740961284 45358 0
1740961286 45661 0
1740961288 46307 0
1740961290 46684 0
1740961292 46985 0
1740961294 47069 0
1740961296 46930 0
1740961298 46988 0
1740961300 47160 0
1740961302 47062 0
1740961304 46912 0
1740961306 46793 0
1740961308 46831 0
1740961310 46158 0
1740961312 45696 0
1740961314 45293 0
1740961316 45187 0
1740961319 44936 0
1740961321 44861 0
1740961323 44940 0
1740961325 44912 0
1740961327 45122 0
1740961329 45141 0
1740961331 44991 0
1740961333 44912 0
1740961335 44970 0
1740961337 45002 0
1740961339 44941 0
1740961341 44951 0
1740961343 45056 0
1740961345 44894 0
1740961347 45055 0
1740961349 45009 0
1740961351 45067 0
1740961353 45317 0
1740961355 45679 0
1740961357 46236 0
1740961359 46748 0
1740961361 47158 0
1740961364 47044 0
1740961366 46954 0
1740961368 46892 0
1740961370 46903 0
1740961372 46804 0
1740961374 46832 0
1740961376 46799 0
1740961378 46580 0
1740961380 45833 0
1740961382 45357 0
1740961384 45084 0
1740961386 44926 0
1740961388 44986 0
1740961390 44818 0
1740961392 44934 0
1740961394 44864 0
1740961396 44975 0
1740961398 44871 0
1740961400 44885 0
1740961402 44914 0
1740961404 44843 0
1740961406 45007 0
1740961409 45016 0
1740961411 44913 0
1740961413 44833 0
1740961415 44824 0
1740961417 44786 0
1740961419 44832 0
1740961421 44993 0
1740961423 44993 0
1740961425 44872 0
1740961427 44875 0
1740961429 44826 0
1740961431 44838 0
1740961433 44976 0
1740961435 45376 0
1740961437 45841 0
1740961439 46421 0
1740961441 46797 0
1740961443 47004 0
1740961445 47032 0
1740961447 46355 0
1740961449 45868 0
1740961451 45391 0
1740961453 45245 0
1740961456 45125 0
1740961458 44993 0
1740961460 45014 0
1740961462 44851 0
1740961464 44871 0
1740961466 44747 0
1740961468 44732 0
1740961470 44694 0
1740961472 44738 0
1740961474 44739 0
1740961476 44721 0
1740961478 44784 0
1740961480 45064 0
1740961482 44951 0
1740961484 44937 0
1740961486 44866 0
1740961488 44773 0
1740961490 44794 0
1740961492 44718 0
1740961494 44622 0
1740961496 44731 0
1740961498 44810 0
1740961500 44955 0
1740961503 45187 0
1740961505 45662 0
1740961507 46353 0
1740961509 46828 0
1740961511 46867 0
1740961513 46963 0
1740961515 46799 0
1740961517 46001 0
1740961519 45522 0
1740961521 45153 0
1740961523 45048 0
1740961525 44923 0
1740961527 45067 0
1740961529 45024 0
1740961531 44854 0
1740961533 44875 0
1740961535 44845 0
1740961537 44824 0
1740961539 44893 0
1740961541 45007 0
1740961543 44979 0
1740961545 44839 0
1740961548 44869 0
1740961550 44788 0
1740961552 44864 0
1740961554 44893 0
1740961556 44882 0
1740961558 44957 0
1740961560 45271 0
1740961562 45493 0
1740961564 46071 0
1740961566 46660 0
1740961568 47031 0
1740961570 46969 0
1740961572 46816 0
1740961574 46792 0
1740961576 46789 0
1740961578 46708 0
1740961580 46729 0
1740961582 46712 0
1740961584 46258 0
1740961586 45651 0
1740961588 45348 0
1740961590 45159 0
1740961592 45065 0
1740961595 44967 0
1740961597 44964 0
1740961599 44901 0
1740961601 45044 0
1740961603 44972 0
1740961605 44824 0
1740961607 44796 0
1740961609 44813 0
1740961611 44782 0
1740961613 44890 0
1740961615 44891 0
1740961617 44798 0
1740961619 44821 0
1740961621 44777 0
1740961623 44963 0
1740961625 45028 0
1740961627 45261 0
1740961629 45677 0
1740961631 46347 0
1740961633 46799 0
1740961635 47057 0
1740961637 47015 0
1740961640 47025 0
1740961642 46854 0
1740961644 46869 0
1740961646 46777 0
1740961648 46843 0
1740961650 46830 0
1740961652 46857 0
1740961654 46203 0
1740961656 45665 0
1740961658 45345 0
1740961660 45261 0
1740961662 45084 0
1740961664 44952 0
1740961666 44883 0
1740961668 44788 0
1740961670 44815 0
1740961672 44753 0
1740961674 44736 0
1740961676 44818 0
1740961678 44906 0
1740961680 44785 0
1740961682 44798 0
1740961684 44817 0
1740961687 44872 0
1740961689 45039 0
1740961691 44910 0
1740961693 44802 0
1740961695 44851 0
1740961697 44716 0
1740961699 44796 0
1740961701 44835 0
1740961703 44972 0
1740961705 45119 0
1740961707 45357 0
1740961709 45629 0
1740961711 46068 0
1740961713 46579 0
1740961715 46871 0
1740961717 46917 0
1740961719 47086 0
1740961721 46847 0
1740961723 46015 0
1740961725 45504 0
1740961727 45108 0
1740961729 44990 0
1740961731 44852 0
1740961734 44784 0
1740961736 44879 0
1740961738 44818 0
1740961740 44803 0
1740961742 44732 0
1740961744 44731 0
1740961746 44812 0
1740961748 44925 0
1740961750 44792 0
1740961752 44827 0
1740961754 44806 0
1740961756 44829 0
1740961758 44885 0
1740961760 44923 0
1740961762 44816 0
1740961764 44915 0
1740961766 44839 0
1740961768 44905 0
1740961770 44869 0
1740961772 44847 0
1740961774 45001 0
1740961776 45152 0
1740961778 45371 0
1740961781 46036 0
1740961783 46561 0
1740961785 46897 0
1740961787 47023 0
1740961789 47050 0
1740961791 46278 0
1740961793 45574 0
1740961795 45305 0
1740961797 44999 0
1740961799 44947 0
1740961801 44916 0
1740961803 44865 0
1740961805 44784 0
1740961807 44876 0
1740961809 45004 0
1740961811 44962 0
1740961813 44930 0
1740961815 44899 0
1740961817 44820 0
1740961819 44792 0
1740961821 44803 0
1740961823 44933 0
1740961826 44834 0
1740961828 44871 0
1740961830 44779 0
1740961832 44874 0
1740961834 45014 0
1740961836 45376 0
1740961838 45939 0
1740961840 46574 0
1740961842 46983 0
1740961844 47012 0
1740961846 46990 0
1740961848 46953 0
1740961850 46957 0
1740961852 46886 0
1740961854 46751 0
1740961856 46742 0
1740961858 46567 0
1740961860 45697 0
1740961862 45314 0
1740961864 45124 0
1740961866 45127 0
1740961868 45125 0
1740961870 44940 0
1740961873 44926 0
1740961875 44852 0
1740961877 44787 0
1740961879 44838 0
1740961881 44848 0
1740961883 44907 0
1740961885 44815 0
1740961887 44806 0
1740961889 44738 0
1740961891 44683 0
1740961893 44929 0
1740961895 44861 0
1740961897 44859 0
1740961899 44950 0
1740961901 45226 0
1740961903 45467 0
1740961905 45965 0
1740961907 46584 0
1740961909 46832 0
1740961911 46896 0
1740961913 46929 0
1740961915 46977 0
1740961918 46897 0
1740961920 46844 0
1740961922 46856 0
1740961924 46860 0
1740961926 46802 0
1740961928 46266 0
1740961930 45648 0
1740961932 45316 0
1740961934 45050 0
1740961936 44951 0
1740961938 44960 0
1740961940 44952 0
1740961942 44946 0
1740961944 44787 0
1740961946 44628 0
1740961948 44757 0
1740961950 44805 0
1740961952 44750 0
1740961954 44754 0
1740961956 44735 0
1740961958 44815 0
1740961960 45069 0
1740961962 44893 0
1740961965 44987 0
1740961967 44906 0
1740961969 44838 0
1740961971 44952 0
1740961973 44820 0
1740961975 44799 0
1740961977 44829 0
1740961979 44857 0
1740961981 44961 0
1740961983 45083 0
1740961985 45419 0
1740961987 45960 0
1740961989 46584 0
1740961991 46933 0
1740961993 46915 0
1740961995 46784 0
1740961997 45961 0
1740961999 45571 0
1740962001 45259 0
1740962003 45063 0
1740962005 44943 0
1740962007 44964 0
1740962010 44869 0
1740962012 44865 0
1740962014 44818 0
1740962016 44790 0
1740962018 44628 0
1740962020 44750 0
1740962022 44870 0
1740962024 44843 0
1740962026 44950 0
1740962028 44903 0
1740962030 44893 0
1740962032 44818 0
1740962034 44689 0
1740962036 44639 0
1740962038 44766 0
1740962040 44674 0
1740962042 44698 0
1740962044 44765 0
1740962046 44729 0
1740962048 45021 0
1740962050 45145 0
1740962052 45311 0
1740962054 45867 0
1740962057 46399 0
1740962059 46748 0
1740962061 46874 0
1740962063 46972 0
1740962065 46407 0
1740962067 45696 0
1740962069 45409 0
1740962071 45078 0
1740962073 44956 0
1740962075 44815 0
1740962077 44610 0
1740962079 44754 0
1740962081 44985 0
1740962083 44916 0
1740962085 44802 0
1740962087 44901 0
1740962089 44773 0
1740962091 44828 0
1740962093 44864 0
1740962095 44889 0
1740962097 44825 0
1740962099 44773 0
1740962101 44817 0
1740962104 44866 0
1740962106 44960 0
1740962108 45235 0
1740962110 45699 0
1740962112 46302 0
1740962114 46680 0
1740962116 46957 0
1740962118 47002 0
1740962120 46965 0
1740962122 46969 0
1740962124 46910 0
1740962126 46871 0
1740962128 46869 0
1740962130 46811 0
1740962132 46887 0
1740962134 46150 0
1740962136 45617 0
1740962138 45356 0
1740962140 45327 0
1740962142 45028 0
1740962144 44913 0
1740962146 44815 0
1740962149 44837 0
1740962151 44785 0
1740962153 44721 0
1740962155 44756 0
1740962157 44746 0
1740962159 44793 0
1740962161 44756 0
1740962163 44788 0
1740962165 44780 0
1740962167 44962 0
1740962169 45063 0
1740962171 44969 0
1740962173 44831 0
1740962175 44959 0
1740962177 45092 0
1740962179 45375 0
1740962181 45934 0
1740962183 46530 0
1740962185 46834 0
1740962187 47020 0
1740962189 46939 0
1740962191 46800 0
1740962193 46851 0
1740962196 46669 0
1740962198 46624 0
1740962200 46716 0
1740962202 46551 0
1740962204 45735 0
1740962206 45471 0
1740962208 45168 0
1740962210 45013 0
1740962212 44958 0
1740962214 44890 0
1740962216 44838 0
1740962218 44866 0
1740962220 44858 0
1740962222 44700 0
1740962224 44796 0
1740962226 44788 0
1740962228 44938 0
1740962230 44817 0
1740962232 44846 0
1740962234 44844 0
1740962236 44757 0
1740962238 44742 0
1740962240 44732 0
1740962243 44831 0
1740962245 44797 0
1740962247 44839 0
1740962249 44826 0
1740962251 44776 0
1740962253 44821 0
1740962255 44926 0
1740962257 45049 0
1740962259 45536 0
1740962261 46206 0
1740962263 46647 0
1740962265 46945 0
1740962267 47074 0
1740962269 47080 0
1740962271 46354 0
1740962273 45882 0
1740962275 45476 0
1740962277 45214 0
1740962279 45003 0
1740962281 44892 0
1740962283 44706 0
1740962285 44687 0
1740962288 44841 0
1740962290 44834 0
1740962292 44746 0
1740962294 44683 0
1740962296 44801 0
1740962298 44783 0
1740962300 44823 0
1740962302 44863 0
1740962304 44926 0
1740962306 44910 0
1740962308 44793 0
1740962310 44665 0
1740962312 44813 0
1740962314 44934 0
1740962316 44762 0
1740962318 44727 0
1740962320 44895 0
1740962322 44958 0
1740962324 45104 0
1740962326 45397 0
1740962328 45750 0
1740962330 46288 0
1740962332 46819 0
1740962335 47074 0
1740962337 46888 0
1740962339 46679 0
1740962341 45776 0
1740962343 45385 0
1740962345 45021 0
1740962347 45033 0
1740962349 45036 0
1740962351 44994 0
1740962353 44909 0
1740962355 44777 0
1740962357 44781 0
1740962359 44790 0
1740962361 44865 0
1740962363 44767 0
1740962365 44807 0
1740962367 44809 0
1740962369 44760 0
1740962371 44758 0
1740962373 44717 0
1740962375 44676 0
1740962377 44672 0
1740962379 44916 0
1740962382 45194 0
1740962384 45448 0
1740962386 46180 0
1740962388 46645 0
1740962390 46811 0
1740962392 46915 0
1740962394 47020 0
1740962396 46966 0
1740962398 46878 0
1740962400 46814 0
1740962402 46762 0
1740962404 46630 0
1740962406 46550 0
1740962408 46314 0
1740962410 45731 0
1740962412 45306 0
1740962414 45241 0
1740962416 45016 0
1740962418 45082 0
1740962420 44993 0
1740962422 44892 0
1740962424 44823 0
1740962427 44859 0
1740962429 44804 0
1740962431 44794 0
1740962433 44787 0
1740962435 44808 0
1740962437 44915 0
1740962439 44855 0
1740962441 45065 0
1740962443 44854 0
1740962445 44701 0
1740962447 44828 0
1740962449 44893 0
1740962451 45159 0
1740962453 45417 0
1740962455 46012 0
1740962457 46545 0
1740962459 46744 0
1740962461 46934 0
1740962463 46797 0
1740962465 46814 0
1740962467 46777 0
1740962469 46744 0
1740962472 46624 0
1740962474 46600 0
1740962476 46608 0
1740962478 45804 0
1740962480 45332 0
1740962482 44931 0
1740962484 44841 0
1740962486 44865 0
1740962488 44907 0
1740962490 44780 0
1740962492 44816 0
1740962494 44881 0
1740962496 44778 0
1740962498 44731 0
1740962500 44959 0
1740962502 44894 0
1740962504 44853 0
1740962506 44773 0
1740962508 44715 0
1740962510 44793 0
1740962512 44753 0
1740962514 44716 0
1740962516 44637 0
1740962519 44628 0
1740962521 44660 0
1740962523 44655 0
1740962525 44733 0
1740962527 44999 0
1740962529 45077 0
1740962531 45153 0
1740962533 45389 0
1740962535 45790 0
1740962537 46345 0
1740962539 46685 0
1740962541 46836 0
1740962543 46912 0
1740962545 46611 0
1740962547 45750 0
1740962549 45241 0
1740962551 44969 0
1740962553 44894 0
1740962555 44855 0
1740962557 44856 0
1740962559 44927 0
1740962561 45004 0
1740962563 44846 0
1740962566 44805 0
1740962568 44615 0
1740962570 44725 0
1740962572 44758 0
1740962574 44756 0
1740962576 44731 0
1740962578 44682 0
1740962580 44786 0
1740962582 44736 0
1740962584 44696 0
1740962586 44734 0
1740962588 44977 0
1740962590 44930 0
1740962592 44926 0
1740962594 44874 0
1740962596 45007 0
1740962598 44969 0
1740962600 45064 0
1740962602 45318 0
1740962604 45760 0
1740962606 46317 0
1740962608 46784 0
1740962611 46904 0
1740962613 46935 0
1740962615 46128 0
1740962617 45544 0
1740962619 45185 0
1740962621 45257 0
1740962623 45006 0
1740962625 44856 0
1740962627 44794 0
1740962629 44756 0
1740962631 44859 0
1740962633 44687 0
1740962635 44734 0
1740962637 44665 0
1740962639 44715 0
1740962641 44701 0
1740962643 44728 0
1740962645 44728 0
1740962647 44809 0
1740962649 44840 0
1740962651 44922 0
1740962653 44938 0
1740962655 45088 0
1740962658 45443 0
1740962660 45873 0
1740962662 46311 0
1740962664 46810 0
1740962666 46855 0
1740962668 46993 0
1740962670 47064 0
1740962672 46942 0
1740962674 46876 0
1740962676 46805 0
1740962678 46748 0
1740962680 46917 0
1740962682 46493 0
1740962684 45775 0
1740962686 45280 0
1740962688 44967 0
1740962690 44844 0
1740962692 44709 0
1740962694 44905 0
1740962696 44806 0
1740962698 44763 0
1740962700 44820 0
1740962702 44715 0
1740962705 44628 0
1740962707 44699 0
1740962709 44872 0
1740962711 44764 0
1740962713 44651 0
1740962715 44744 0
1740962717 44795 0
1740962719 44827 0
1740962721 44903 0
1740962723 44988 0
1740962725 44989 0
1740962727 45255 0
1740962729 45630 0
1740962731 46162 0
1740962733 46634 0
1740962735 46999 0
1740962737 47008 0
1740962739 47092 0
1740962741 47184 0
1740962743 46999 0
1740962745 46963 0
1740962747 46654 0
1740962750 46676 0
1740962752 46010 0
1740962754 45491 0
1740962756 45160 0
1740962758 45003 0
1740962760 44907 0
1740962762 44878 0
1740962764 44820 0
1740962766 44739 0
1740962768 44754 0
1740962770 44897 0
1740962772 44847 0
1740962774 44767 0
1740962776 44916 0
1740962778 44831 0
1740962780 44765 0
1740962782 44769 0
1740962784 44858 0
1740962786 44831 0
1740962788 44874 0
1740962790 44945 0
1740962792 45000 0
1740962794 45135 0
1740962797 44972 0
1740962799 44942 0
1740962801 45061 0
1740962803 45025 0
1740962805 45168 0
1740962807 45369 0
1740962809 45645 0
1740962811 46209 0
1740962813 46641 0
1740962815 46877 0
1740962817 46951 0
1740962819 46704 0
1740962821 45965 0
1740962823 45464 0
1740962825 45135 0
1740962827 45003 0
1740962829 44863 0
1740962831 44680 0
1740962833 44665 0
1740962835 44726 0
1740962837 44674 0
1740962839 44773 0
1740962841 44721 0
1740962844 44841 0
1740962846 44775 0
1740962848 44719 0
1740962850 44690 0
1740962852 44681 0
1740962854 44794 0
1740962856 44827 0
1740962858 44873 0
1740962860 44944 0
1740962862 45018 0
1740962864 44942 0
1740962866 44857 0
1740962868 44735 0
1740962870 44857 0
1740962872 44813 0
1740962874 44821 0
1740962876 45303 0
1740962878 45780 0
1740962880 46380 0
1740962882 46761 0
1740962884 46878 0
1740962886 46993 0
1740962889 46589 0
1740962891 45876 0
1740962893 45401 0
1740962895 45252 0
1740962897 45122 0
1740962899 44958 0
1740962901 44921 0
1740962903 44938 0
1740962905 44850 0
1740962907 44936 0
1740962909 44871 0
1740962911 44882 0
1740962913 45019 0
1740962915 44974 0
1740962917 44821 0
1740962919 44841 0
1740962921 45021 0
1740962923 44976 0
1740962925 44994 0
1740962927 44990 0
1740962929 45156 0
1740962931 45283 0
1740962933 45455 0
1740962936 45957 0
1740962938 46531 0
1740962940 46889 0
1740962942 46897 0
1740962944 46915 0
1740962946 46831 0
1740962948 46982 0
1740962950 46914 0
1740962952 46807 0
1740962954 46683 0
1740962956 46651 0
1740962958 46018 0
1740962960 45560 0
1740962962 45341 0
1740962964 45190 0
1740962966 45019 0
1740962968 44913 0
1740962970 44807 0
1740962972 44835 0
1740962974 44854 0
1740962976 44747 0
1740962978 44776 0
1740962980 45042 0
1740962983 44961 0
1740962985 44968 0
1740962987 44820 0
1740962989 44863 0
1740962991 44801 0
1740962993 44746 0
1740962995 44765 0
1740962997 44781 0
1740962999 44916 0
1740963001 45038 0
1740963003 45523 0
1740963005 46031 0
1740963007 46621 0
1740963009 46902 0
1740963011 46934 0
1740963013 46887 0
1740963015 46922 0
1740963017 46835 0
1740963019 46794 0
1740963021 46676 0
1740963023 46587 0
1740963025 46297 0
1740963028 45708 0
1740963030 45276 0
1740963032 45127 0
1740963034 44932 0
1740963036 44887 0
1740963038 44732 0
1740963040 44932 0
1740963042 44981 0
1740963044 44865 0
1740963046 44867 0
1740963048 44770 0
1740963050 44786 0
1740963052 44737 0
1740963054 44735 0
1740963056 44774 0
1740963058 44660 0
1740963060 44661 0
1740963062 44778 0
1740963064 44743 0
1740963066 44644 0
1740963068 44794 0
1740963070 44754 0
1740963073 44784 0
1740963075 44831 0
1740963077 44831 0
1740963079 44970 0
1740963081 45024 0
1740963083 45392 0
1740963085 45876 0
1740963087 46386 0
1740963089 46764 0
1740963091 46883 0
1740963093 46924 0
1740963095 46278 0
1740963097 45663 0
1740963099 45268 0
1740963101 45212 0
1740963103 45039 0
1740963105 45027 0
1740963107 44958 0
1740963109 44855 0
1740963111 44832 0
1740963113 44840 0
1740963115 44838 0
1740963117 44865 0
1740963120 44829 0
1740963122 44805 0
1740963124 44777 0
1740963126 44794 0
1740963128 44788 0
1740963130 44884 0
1740963132 44819 0
1740963134 44676 0
1740963136 44787 0
1740963138 44737 0
1740963140 44774 0
1740963142 44965 0
1740963144 44999 0
1740963146 44956 0
1740963148 45120 0
1740963150 45301 0
1740963152 45731 0
1740963154 46304 0
1740963156 46694 0
1740963158 46878 0
1740963160 47217 0
1740963162 46884 0
1740963165 45979 0
1740963167 45582 0
1740963169 45208 0
1740963171 45129 0
1740963173 44962 0
1740963175 44918 0
1740963177 44823 0
1740963179 44809 0
1740963181 44777 0
1740963183 44849 0
1740963185 44795 0
1740963187 44993 0
1740963189 44959 0
1740963191 44839 0
1740963193 44809 0
1740963195 44883 0
1740963197 44828 0
1740963199 44927 0
1740963201 44902 0
1740963203 44906 0
1740963205 45011 0
1740963207 45301 0
1740963209 45791 0
1740963212 46328 0
1740963214 46790 0
1740963216 46989 0
1740963218 47083 0
1740963220 47116 0
1740963222 47125 0
1740963224 46930 0
1740963226 46862 0
1740963228 46774 0
1740963230 46760 0
1740963232 46340 0
1740963234 45691 0
1740963236 45323 0
1740963238 45166 0
1740963240 45074 0
1740963242 44959 0
1740963244 44939 0
1740963246 44979 0
1740963248 45241 0
1740963250 45155 0
1740963252 45051 0
1740963254 45059 0
1740963256 45075 0
1740963259 44975 0
1740963261 44929 0
1740963263 44958 0
1740963265 44864 0
1740963267 44931 0
1740963269 44841 0
1740963271 45025 0
1740963273 45286 0
1740963275 45437 0
1740963277 45721 0
1740963279 46263 0
1740963281 46923 0
1740963283 47034 0
1740963285 47116 0
1740963287 47066 0
1740963289 47009 0
1740963291 46864 0
1740963293 46932 0
1740963295 46934 0
1740963297 46783 0
1740963299 46722 0
1740963301 46071 0
1740963304 45586 0
1740963306 45260 0
1740963308 45201 0
1740963310 45068 0
1740963312 45047 0
1740963314 44964 0
1740963316 44852 0
1740963318 44880 0
1740963320 44914 0
1740963322 44868 0
1740963324 44966 0
1740963326 44931 0
1740963328 44911 0
1740963330 44793 0
1740963332 44786 0
1740963334 44855 0
1740963336 44816 0
1740963338 44834 0
1740963340 45112 0
1740963342 45044 0
1740963344 44947 0
1740963346 44921 0
1740963348 44870 0
1740963351 44982 0
1740963353 45072 0
1740963355 45198 0
1740963357 45443 0
1740963359 45919 0
1740963361 46497 0
1740963363 46756 0
1740963365 46900 0
1740963367 47120 0
1740963369 46630 0
1740963371 45831 0
1740963373 45418 0
1740963375 45137 0
1740963377 44974 0
1740963379 45146 0
1740963381 45027 0
1740963383 45028 0
1740963385 44876 0
1740963387 44939 0
1740963389 44737 0
1740963391 44768 0
1740963393 44814 0
1740963395 44752 0
1740963398 44743 0
1740963400 44923 0
1740963402 44912 0
1740963404 44915 0
1740963406 44972 0
1740963408 45000 0
1740963410 44919 0
1740963412 44902 0
1740963414 44838 0
1740963416 44856 0
1740963418 44865 0
1740963420 44897 0
1740963422 44954 0
1740963424 45214 0
1740963426 45506 0
1740963428 46298 0
1740963430 46602 0
1740963432 46828 0
1740963434 46929 0
1740963436 46895 0
1740963438 46149 0
1740963440 45704 0
1740963443 45459 0
1740963445 45116 0
1740963447 44953 0
1740963449 44893 0
1740963451 44757 0
1740963453 44698 0
1740963455 44749 0
1740963457 44705 0
1740963459 44726 0
1740963461 44942 0
1740963463 44891 0
1740963465 44775 0
1740963467 44732 0
1740963469 44795 0
1740963471 44801 0
1740963473 44822 0
1740963475 44767 0
1740963477 44796 0
1740963479 44922 0
1740963481 45011 0
1740963483 45374 0
1740963485 45921 0
1740963487 46511 0
1740963490 46928 0
1740963492 46999 0
1740963494 46856 0
1740963496 46808 0
1740963498 46746 0
1740963500 46666 0
1740963502 46625 0
1740963504 46573 0
1740963506 46370 0
1740963508 45705 0
1740963510 45277 0
1740963512 45088 0
1740963514 45046 0
1740963516 44836 0
1740963518 44827 0
1740963520 44988 0
1740963522 45067 0
1740963524 44946 0
1740963526 44856 0
1740963528 44865 0
1740963530 44810 0
1740963532 44770 0
1740963534 44811 0
1740963537 44762 0
1740963539 44799 0
1740963541 44836 0
1740963543 44840 0
1740963545 44753 0
1740963547 44925 0
1740963549 45112 0
1740963551 45355 0
1740963553 45682 0
1740963555 46288 0
1740963557 46636 0
1740963559 46800 0
1740963561 46849 0
1740963563 46934 0
1740963565 46917 0
1740963567 46909 0
1740963569 46873 0
1740963571 46711 0
1740963573 46642 0
1740963575 46088 0
1740963577 45557 0
1740963579 45261 0
1740963582 45182 0
1740963584 45081 0
1740963586 44879 0
1740963588 44836 0
1740963590 44924 0
1740963592 44758 0
1740963594 44779 0
1740963596 44883 0
1740963598 44781 0
1740963600 44716 0
1740963602 44676 0
1740963604 44665 0
1740963606 44718 0
1740963608 44877 0
1740963610 44886 0
1740963612 44800 0
1740963614 44826 0
1740963616 44813 0
1740963618 44809 0
1740963620 44878 0
1740963622 44923 0
1740963624 44879 0
1740963626 45008 0
1740963629 45059 0
1740963631 45285 0
1740963633 45664 0
1740963635 46229 0
1740963637 46826 0
1740963639 47081 0
1740963641 47357 0
1740963643 47035 0
1740963645 46079 0
1740963647 45541 0
1740963649 45167 0
1740963651 45035 0
1740963653 44940 0
1740963655 44982 0
1740963657 44922 0
1740963659 44808 0
1740963661 44908 0
1740963663 44859 0
1740963665 44834 0
1740963667 44885 0
1740963669 44999 0
1740963671 44962 0
1740963674 44955 0
1740963676 44968 0
1740963678 44873 0
1740963680 44900 0
1740963682 44832 0
1740963684 44750 0
1740963686 44806 0
1740963688 44779 0
1740963690 44776 0
1740963692 44787 0
1740963694 44890 0
1740963696 44990 0
1740963698 45154 0
1740963700 45743 0
1740963702 46268 0
1740963704 46726 0
1740963706 46964 0
1740963708 47013 0
1740963710 47155 0
1740963712 46556 0
1740963714 45869 0
1740963716 45437 0
1740963718 45147 0
1740963721 45004 0
1740963723 44917 0
1740963725 44937 0
1740963727 45083 0
1740963729 45209 0
1740963731 45076 0
1740963733 44906 0
1740963735 45016 0
1740963737 44940 0
1740963739 44994 0
1740963741 44878 0
1740963743 44884 0
1740963745 44897 0
1740963747 44963 0
1740963749 44939 0
1740963751 44827 0
1740963753 44863 0
1740963755 45139 0
1740963757 45367 0
1740963759 45994 0
1740963761 46619 0
1740963763 46900 0
1740963766 46892 0
1740963768 46908 0
1740963770 46982 0
1740963772 46893 0
1740963774 46898 0
1740963776 46824 0
1740963778 46715 0
1740963780 46649 0
1740963782 45928 0
1740963784 45563 0
1740963786 45194 0
1740963788 45095 0
1740963790 44977 0
1740963792 44913 0
1740963794 44875 0
1740963796 44842 0
1740963798 44780 0
1740963800 44751 0
1740963802 44773 0
1740963804 44748 0
1740963806 44847 0
1740963808 44859 0
1740963810 44737 0
1740963813 44677 0
1740963815 44780 0
1740963817 44864 0
1740963819 44819 0
1740963821 45143 0
1740963823 45151 0
1740963825 45422 0
1740963827 45825 0
1740963829 46491 0
1740963831 46819 0
1740963833 46986 0
1740963835 47156 0
1740963837 46978 0
1740963839 46947 0
1740963841 46948 0
1740963843 46890 0
1740963845 46826 0
1740963847 46893 0
1740963849 46459 0
1740963851 45800 0
1740963854 45403 0
1740963856 45244 0
1740963858 45113 0
1740963860 45155 0
1740963862 44967 0
1740963864 44957 0
1740963866 44810 0
1740963868 44835 0
1740963870 44871 0
1740963872 44826 0
1740963874 44880 0
1740963876 44895 0
1740963878 44874 0
1740963880 44917 0
1740963882 44858 0
1740963884 44805 0
1740963886 44746 0
1740963888 44684 0
1740963890 44755 0
1740963892 44816 0
1740963894 44828 0
1740963896 44896 0
1740963898 44939 0
1740963901 44916 0
1740963903 44979 0
1740963905 45212 0
1740963907 45648 0
1740963909 46306 0
1740963911 46757 0
1740963913 47005 0
1740963915 47020 0
1740963917 46958 0
1740963919 46289 0
1740963921 45687 0
1740963923 45380 0
1740963925 45093 0
1740963927 45194 0
1740963929 45042 0
1740963931 44927 0
1740963933 44954 0
1740963935 44906 0
1740963937 44910 0
1740963939 44909 0
1740963941 45085 0
1740963943 45102 0
1740963945 45066 0
1740963948 44917 0
1740963950 44929 0
1740963952 44957 0
1740963954 44894 0
1740963956 44893 0
1740963958 44929 0
1740963960 44909 0
1740963962 44952 0
1740963964 44970 0
1740963966 44975 0
1740963968 45096 0
1740963970 45248 0
1740963972 45324 0
1740963974 45594 0
1740963976 46071 0
1740963978 46560 0
1740963980 47030 0
1740963982 47154 0
1740963984 47165 0
1740963986 46842 0
1740963988 46027 0
1740963990 45467 0
1740963993 45059 0
1740963995 45123 0
1740963997 44869 0
1740963999 44949 0
1740964001 45202 0
1740964003 45075 0
1740964005 44867 0
1740964007 44838 0
1740964009 44787 0
1740964011 44806 0
1740964013 44788 0
1740964015 44897 0
1740964017 44855 0
1740964019 44902 0
1740964021 44883 0
1740964023 44857 0
1740964025 44853 0
1740964027 44970 0
1740964029 45137 0
1740964031 45276 0
1740964033 45689 0
1740964035 46259 0
1740964037 46638 0
1740964040 46765 0
1740964042 46925 0
1740964044 47064 0
1740964046 46961 0
1740964048 46968 0
1740964050 46783 0
1740964052 46790 0
1740964054 46944 0
1740964056 46342 0
1740964058 45742 0
1740964060 45578 0
1740964062 45239 0
1740964064 44982 0
1740964066 44965 0
1740964068 44880 0
1740964070 44806 0
1740964072 44851 0
1740964074 44905 0
1740964076 44791 0
1740964078 44824 0
1740964080 44797 0
1740964082 44782 0
1740964084 44686 0
1740964087 44883 0
1740964089 44996 0
1740964091 44860 0
1740964093 44880 0
1740964095 44956 0
1740964097 45001 0
1740964099 45215 0
1740964101 45452 0
1740964103 45942 0
1740964105 46465 0
1740964107 46868 0
1740964109 46932 0
1740964111 46847 0
1740964113 46930 0
1740964115 46909 0
1740964117 46835 0
1740964119 46821 0
1740964121 46860 0
1740964123 46653 0
1740964125 45883 0
1740964127 45358 0
1740964129 45038 0
1740964131 44934 0
1740964134 44846 0
1740964136 44798 0
1740964138 44809 0
1740964140 44867 0
1740964142 44774 0
1740964144 44742 0
1740964146 44725 0
1740964148 44872 0
1740964150 44916 0
1740964152 44795 0
1740964154 44844 0
1740964156 44836 0
1740964158 44872 0
1740964160 44885 0
1740964162 44896 0
1740964164 44878 0
1740964166 44763 0
1740964168 45000 0
1740964170 44954 0
1740964172 44991 0
1740964174 44984 0
1740964176 44861 0
1740964179 45023 0
1740964181 45616 0
1740964183 46021 0
1740964185 46673 0
1740964187 46905 0
1740964189 46962 0
1740964191 47051 0
1740964193 46440 0
1740964195 45849 0
1740964197 45380 0
1740964199 45172 0
1740964201 45015 0
1740964203 44952 0
1740964205 44883 0
1740964207 44902 0
1740964209 44875 0
1740964211 44803 0
1740964213 44767 0
1740964215 44866 0
1740964217 44836 0
1740964219 44854 0
1740964221 44786 0
1740964223 44820 0
1740964226 44785 0
1740964228 44876 0
1740964230 44832 0
1740964232 44843 0
1740964234 44878 0
1740964236 44934 0
1740964238 44907 0
1740964240 45004 0
1740964242 45148 0
1740964244 45042 0
1740964246 45032 0
1740964248 44933 0
1740964250 45200 0
1740964252 45439 0
1740964254 45824 0
1740964256 46464 0
1740964258 46853 0
1740964260 47034 0
1740964262 46256 0
1740964264 45603 0
1740964266 45359 0
1740964268 45345 0
1740964270 45215 0
1740964273 45085 0
1740964275 44995 0
1740964277 44925 0
1740964279 44891 0
1740964281 44880 0
1740964283 45024 0
1740964285 44991 0
1740964287 45103 0
1740964289 45037 0
1740964291 45018 0
1740964293 45003 0
1740964295 44969 0
1740964297 44878 0
1740964299 44837 0
1740964301 45002 0
1740964303 45031 0
1740964305 45105 0
1740964307 45317 0
1740964309 45509 0
1740964311 45983 0
1740964313 46419 0
1740964315 46819 0
1740964318 46969 0
1740964320 47112 0
1740964322 47091 0
1740964324 47051 0
1740964326 46926 0
1740964328 46943 0
1740964330 46661 0
1740964332 45983 0
1740964334 45569 0
1740964336 45267 0
1740964338 45163 0
1740964340 45144 0
1740964342 45044 0
1740964344 44905 0
1740964346 44844 0
1740964348 44954 0
1740964350 44829 0
1740964352 44822 0
1740964354 44764 0
1740964356 44800 0
1740964358 44799 0
1740964360 45039 0
1740964362 44877 0
1740964365 44996 0
1740964367 44869 0
1740964369 44810 0
1740964371 44755 0
1740964373 44626 0
1740964375 44770 0
1740964377 45069 0
1740964379 45441 0
1740964381 45909 0
1740964383 46550 0
1740964385 46852 0
1740964387 47170 0
1740964389 47073 0
1740964391 46974 0
1740964393 46776 0
1740964395 46924 0
1740964397 46862 0
1740964399 46246 0
1740964401 45611 0
1740964403 45367 0
1740964405 45096 0
1740964407 44936 0
1740964409 44867 0
1740964412 44869 0
1740964414 44914 0
1740964416 44783 0
1740964418 44716 0
1740964420 44790 0
1740964422 44818 0
1740964424 44938 0
1740964426 44814 0
1740964428 44786 0
1740964430 44835 0
1740964432 44724 0
1740964434 44735 0
1740964436 44740 0
1740964438 44706 0
1740964440 44737 0
1740964442 44855 0
1740964444 44837 0
1740964446 44852 0
1740964448 44997 0
1740964450 44997 0
1740964452 44960 0
1740964454 45132 0
1740964457 45292 0
1740964459 45484 0
1740964461 45893 0
1740964463 46439 0
1740964465 46805 0
1740964467 46930 0
1740964469 46087 0
1740964471 45547 0
1740964473 45267 0
1740964475 45154 0
1740964477 44912 0
1740964479 44898 0
1740964481 45022 0
1740964483 44899 0
1740964485 44834 0
1740964487 44849 0
1740964489 44770 0
1740964491 44832 0
1740964493 44847 0
1740964495 44782 0
1740964497 44813 0
1740964499 44691 0
1740964501 44710 0
1740964504 44776 0
1740964506 44782 0
1740964508 44981 0
1740964510 44910 0
1740964512 44898 0
1740964514 44826 0
1740964516 44862 0
1740964518 44850 0
1740964520 44887 0
1740964522 44842 0
1740964524 44904 0
1740964526 45049 0
1740964528 45532 0
1740964530 45940 0
1740964532 46600 0
1740964534 46977 0
1740964536 46548 0
1740964538 45822 0
1740964540 45824 0
1740964542 45489 0
1740964544 45266 0
1740964546 44969 0
1740964549 44941 0
1740964551 44863 0
1740964553 44828 0
1740964555 44839 0
1740964557 44968 0
1740964559 44899 0
1740964561 44942 0
1740964563 44774 0
1740964565 44879 0
1740964567 45146 0
1740964569 45226 0
1740964571 45031 0
1740964573 44937 0
1740964575 44820 0
1740964577 44871 0
1740964579 44945 0
1740964581 45038 0
1740964583 45279 0
1740964585 45703 0
1740964587 46367 0
1740964589 46821 0
1740964591 47102 0
1740964593 47160 0
1740964596 47113 0
1740964598 46963 0
1740964600 47000 0
1740964602 47203 0
1740964604 47130 0
1740964606 46221 0
1740964608 45667 0
1740964610 45390 0
1740964612 45191 0
1740964614 45067 0
1740964616 45104 0
1740964618 44901 0
1740964620 44888 0
1740964622 44973 0
1740964624 44950 0
1740964626 44954 0
1740964628 45035 0
1740964631 45031 0
1740964633 44992 0
1740964635 44996 0
1740964637 44982 0
1740964639 44993 0
1740964641 44922 0
1740964643 44992 0
1740964645 45061 0
1740964647 45193 0
1740964650 45305 0
1740964652 45357 0
1740964654 45811 0
1740964656 46342 0
1740964658 46855 0
1740964660 47194 0
1740964662 47151 0
1740964664 46989 0
1740964666 47044 0
1740964668 47004 0
1740964670 46913 0
1740964672 46930 0
1740964674 46173 0
1740964676 45595 0
1740964678 45260 0
1740964680 45107 0
1740964682 45031 0
1740964684 45017 0
1740964686 45103 0
1740964688 45143 0
1740964690 45010 0
1740964692 45042 0
1740964694 44998 0
1740964697 45007 0
1740964699 45041 0
1740964701 45014 0
1740964703 44970 0
1740964705 44927 0
1740964707 45100 0
1740964709 44935 0
1740964711 44900 0
1740964713 44886 0
1740964715 44857 0
1740964717 44865 0
1740964719 44920 0
1740964721 45063 0
1740964723 45018 0
1740964725 44983 0
1740964727 44942 0
1740964729 45082 0
1740964731 45183 0
1740964733 45403 0
1740964735 45881 0
1740964737 46482 0
1740964739 46943 0
1740964742 46819 0
1740964744 46032 0
1740964746 45593 0
1740964748 45330 0
1740964750 45242 0
1740964752 45076 0
1740964754 44955 0
1740964756 44914 0
1740964758 44918 0
1740964760 44935 0
1740964762 44891 0
1740964764 44927 0
1740964766 44831 0
1740964768 44859 0
1740964770 44749 0
1740964772 44833 0
1740964774 44879 0
1740964776 44887 0
1740964778 44933 0
1740964780 45060 0
1740964782 44894 0
1740964784 44865 0
1740964786 44865 0
1740964789 44878 0
1740964791 44757 0
1740964793 44908 0
1740964795 44985 0
1740964797 44973 0
1740964799 45200 0
1740964801 45433 0
1740964803 45751 0
1740964805 46245 0
1740964807 46891 0
1740964809 47171 0
1740964811 46607 0
1740964813 45918 0
1740964815 45359 0
1740964817 45135 0
1740964819 45050 0
1740964821 45002 0
1740964823 45147 0
1740964825 44985 0
1740964827 45046 0
1740964829 44891 0
1740964831 44931 0
1740964833 44930 0
1740964836 44930 0
1740964838 44861 0
1740964840 44915 0
1740964842 45066 0
1740964844 44896 0
1740964846 44987 0
1740964848 45037 0
1740964850 45119 0
1740964852 44977 0
1740964854 45047 0
1740964856 45337 0
1740964858 45535 0
1740964860 45957 0
1740964862 46490 0
1740964864 46948 0
1740964866 47155 0
1740964868 47288 0
1740964870 47194 0
1740964872 46982 0
1740964874 47009 0
1740964876 47046 0
1740964878 46891 0
1740964881 46085 0
1740964883 45730 0
1740964885 45446 0
1740964887 45237 0
1740964889 45048 0
1740964891 44961 0
1740964893 44965 0
1740964895 45079 0
1740964897 44993 0
1740964899 44996 0
1740964901 45179 0
1740964903 45065 0
1740964905 44931 0
1740964907 44851 0
1740964909 44895 0
1740964911 44850 0
1740964913 44943 0
1740964915 45048 0
1740964917 44964 0
1740964919 44848 0
1740964921 44978 0
1740964923 45124 0
1740964926 45301 0
1740964928 45610 0
1740964930 46188 0
1740964932 46733 0
1740964934 47092 0
1740964936 47229 0
1740964938 47176 0
1740964940 47122 0
1740964942 46950 0
1740964944 46979 0
1740964946 46895 0
1740964948 46405 0
1740964950 45842 0
1740964952 45435 0
1740964954 45256 0
1740964956 45128 0
1740964958 45046 0
1740964960 45183 0
1740964962 44992 0
1740964964 44998 0
1740964966 44877 0
1740964968 44775 0
1740964970 44806 0
1740964973 44848 0
1740964975 44975 0
1740964977 44999 0
1740964979 44945 0
1740964981 44860 0
1740964983 44917 0
1740964985 44850 0
1740964987 44915 0
1740964989 44975 0
1740964991 44999 0
1740964993 45001 0
1740964995 45048 0
1740964997 44954 0
1740964999 44918 0
1740965001 44986 0
1740965003 45051 0
1740965005 45098 0
1740965007 45377 0
1740965009 45853 0
1740965011 46275 0
1740965013 46707 0
1740965015 46889 0
1740965017 46103 0
1740965020 45646 0
1740965022 45490 0
1740965024 45268 0
1740965026 45073 0
1740965028 44999 0
1740965030 44889 0
1740965032 44806 0
1740965034 44756 0
1740965036 44829 0
1740965038 44802 0
1740965040 44833 0
1740965042 44802 0
1740965044 44853 0
1740965046 44767 0
1740965048 44970 0
1740965050 44977 0
1740965052 44992 0
1740965054 44868 0
1740965056 44909 0
1740965058 44828 0
1740965060 44796 0
1740965062 44920 0
1740965065 44902 0
1740965067 44936 0
1740965069 44810 0
1740965071 44906 0
1740965073 44940 0
1740965075 45148 0
1740965077 45458 0
1740965079 45904 0
1740965081 46533 0
1740965083 46845 0
1740965085 46593 0
1740965087 45844 0
1740965089 45459 0
1740965091 45205 0
1740965093 45046 0
1740965095 45049 0
1740965097 44957 0
1740965099 44961 0
1740965101 44764 0
1740965103 44839 0
1740965105 44817 0
1740965107 44821 0
1740965109 45001 0
1740965112 44957 0
1740965114 44772 0
1740965116 44793 0
1740965118 44829 0
1740965120 44915 0
1740965122 44957 0
1740965124 44923 0
1740965126 44916 0
1740965128 44989 0
1740965130 44999 0
1740965132 45081 0
1740965134 45451 0
1740965136 45989 0
1740965138 46594 0
1740965140 47240 0
1740965142 47092 0
1740965144 46953 0
1740965146 46981 0
1740965148 46809 0
1740965150 46839 0
1740965152 46844 0
1740965154 46206 0
1740965156 45792 0
1740965159 45291 0
1740965161 45130 0
1740965163 45048 0
1740965165 44993 0
1740965167 45024 0
1740965169 45089 0
1740965171 44955 0
1740965173 44888 0
1740965175 44793 0
1740965177 44858 0
1740965179 44905 0
1740965181 44909 0
1740965183 44861 0
1740965185 44866 0
1740965187 44878 0
1740965189 44840 0
1740965191 44800 0
1740965193 44926 0
1740965195 44875 0
1740965197 44909 0
1740965199 45103 0
1740965201 45581 0
1740965203 45906 0
1740965206 46370 0
1740965208 46880 0
1740965210 47055 0
1740965212 47048 0
1740965214 46946 0
1740965216 46886 0
1740965218 46933 0
1740965220 46853 0
1740965222 46611 0
1740965224 45903 0
1740965226 45424 0
1740965228 45305 0
1740965230 45178 0
1740965232 45037 0
1740965234 45083 0
1740965236 45059 0
1740965238 44916 0
1740965240 44803 0
1740965242 44903 0
1740965244 44854 0
1740965246 44904 0
1740965248 44804 0
1740965251 44856 0
1740965253 44763 0
1740965255 44855 0
1740965257 44803 0
1740965259 44830 0
1740965261 45007 0
1740965263 44871 0
1740965265 44876 0
1740965267 44807 0
1740965269 44793 0
1740965271 44895 0
1740965273 44905 0
1740965275 44942 0
1740965277 44923 0
1740965279 45150 0
1740965281 45294 0
1740965283 45552 0
1740965285 46020 0
1740965287 46556 0
1740965289 46884 0
1740965291 46356 0
1740965293 45619 0
1740965295 45303 0
1740965298 45164 0
1740965300 45122 0
1740965302 45044 0
1740965304 45087 0
1740965306 44980 0
1740965308 45075 0
1740965310 45051 0
1740965312 45042 0
1740965314 45032 0
1740965316 45002 0
1740965318 44965 0
1740965320 45122 0
1740965322 45056 0
1740965324 44971 0
1740965326 44857 0
1740965328 44939 0
1740965330 44906 0
1740965332 44926 0
1740965334 44847 0
1740965336 44778 0
1740965338 44815 0
1740965340 44777 0
1740965343 44767 0
1740965345 44870 0
1740965347 45062 0
1740965349 45284 0
1740965351 45534 0
1740965353 45880 0
1740965355 46387 0
1740965357 46818 0
1740965359 46983 0
1740965361 46105 0
1740965363 45442 0
1740965365 45210 0
1740965367 45158 0
1740965369 45063 0
1740965371 45072 0
1740965373 45089 0
1740965375 44963 0
1740965377 44883 0
1740965379 45068 0
1740965381 45165 0
1740965383 44980 0
1740965385 44868 0
1740965387 44838 0
1740965390 44855 0
1740965392 44775 0
1740965394 44773 0
1740965396 44786 0
1740965398 44817 0
1740965400 44820 0
1740965402 44930 0
1740965404 45053 0
1740965406 45113 0
1740965408 45521 0
1740965410 46087 0
1740965412 46655 0
1740965414 47022 0
1740965416 47195 0
1740965418 47073 0
1740965420 47099 0
1740965422 47022 0
1740965424 46921 0
1740965426 46858 0
1740965428 46491 0
1740965430 45848 0
1740965433 45402 0
1740965435 45215 0
1740965437 45059 0
1740965439 44921 0
1740965441 45169 0
1740965443 44976 0
1740965445 44978 0
1740965447 44879 0
1740965449 44923 0
1740965451 44897 0
1740965453 44935 0
1740965455 44912 0
1740965457 44885 0
1740965459 44822 0
1740965461 44811 0
1740965463 44682 0
1740965465 44694 0
1740965467 44828 0
1740965469 45036 0
1740965471 45153 0
1740965473 45282 0
1740965475 45508 0
1740965477 45919 0
1740965480 46400 0
1740965482 46704 0
1740965484 47055 0
1740965486 47099 0
1740965488 47188 0
1740965490 47086 0
1740965492 46869 0
1740965494 46858 0
1740965496 46849 0
1740965498 46045 0
1740965500 45686 0
1740965502 45288 0
1740965504 45175 0
1740965506 45037 0
1740965508 44789 0
1740965510 44885 0
1740965512 44924 0
1740965514 44891 0
1740965516 44760 0
1740965518 44817 0
1740965520 44773 0
1740965522 44757 0
1740965524 44713 0
1740965527 44845 0
1740965529 44865 0
1740965531 44717 0
1740965533 44751 0
1740965535 44842 0
1740965537 44813 0
1740965539 44756 0
1740965541 44830 0
1740965543 44837 0
1740965545 44721 0
1740965547 44865 0
1740965549 44937 0
1740965551 45027 0
1740965553 45044 0
1740965555 45300 0
1740965557 45630 0
1740965559 46109 0
1740965561 46832 0
1740965563 47073 0
1740965565 46670 0
1740965567 45859 0
1740965569 45552 0
1740965572 45201 0
1740965574 45013 0
1740965576 44905 0
1740965578 44962 0
1740965580 44931 0
1740965582 45045 0
1740965584 44928 0
1740965586 44920 0
1740965588 44983 0
1740965590 45020 0
1740965592 44942 0
1740965594 44880 0
1740965596 44851 0
1740965598 44822 0
1740965600 44843 0
1740965602 44795 0
1740965604 44701 0
1740965606 44780 0
1740965608 44852 0
1740965610 44889 0
1740965612 44863 0
1740965614 44948 0
1740965616 44822 0
1740965619 44901 0
1740965621 45204 0
1740965623 45292 0
1740965625 45529 0
1740965627 46018 0
1740965629 46527 0
1740965631 47020 0
1740965633 47112 0
1740965635 46424 0
1740965637 45745 0
1740965639 45403 0
1740965641 45127 0
1740965643 44976 0
1740965645 44869 0
1740965647 44909 0
1740965649 45109 0
1740965651 44960 0
1740965653 44907 0
1740965655 45026 0
1740965657 44931 0
1740965659 44791 0
1740965661 44894 0
1740965663 44937 0
1740965666 44912 0
1740965668 45017 0
1740965670 44869 0
1740965672 44982 0
1740965674 45006 0
1740965676 45000 0
1740965678 44997 0
1740965680 45199 0
1740965682 45606 0
1740965684 45955 0
1740965686 46469 0
1740965688 46860 0
1740965690 47063 0
1740965692 46987 0
1740965694 46969 0
1740965696 46959 0
1740965698 46881 0
1740965700 46947 0
1740965702 46675 0
1740965704 45931 0
1740965706 45474 0
1740965708 45390 0
1740965711 45247 0
1740965713 45000 0
1740965715 44988 0
1740965717 44954 0
1740965719 44928 0
1740965721 44961 0
1740965723 44982 0
1740965725 44961 0
1740965727 45041 0
1740965729 45102 0
1740965731 45026 0
1740965733 45042 0
1740965735 45010 0
1740965737 44804 0
1740965739 44812 0
1740965741 45032 0
1740965743 44987 0
1740965745 44913 0
1740965747 44986 0
1740965749 45118 0
1740965751 45428 0
1740965753 45827 0
1740965756 46235 0
1740965758 46692 0
1740965760 46834 0
1740965762 46799 0
1740965764 46843 0
1740965766 46789 0
1740965768 46924 0
1740965770 46876 0
1740965772 46253 0
1740965774 45736 0
1740965776 45426 0
1740965778 45226 0
1740965780 45083 0
1740965782 45100 0
1740965784 44944 0
1740965786 44840 0
1740965788 44863 0
1740965790 44780 0
1740965792 44743 0
1740965794 44818 0
1740965796 44821 0
1740965798 44740 0
1740965800 45126 0
1740965803 44996 0
1740965805 44860 0
1740965807 44865 0
1740965809 44823 0
1740965811 44842 0
1740965813 44847 0
1740965815 44892 0
1740965817 44896 0
1740965819 44902 0
1740965821 44881 0
1740965823 44911 0
1740965825 44913 0
1740965827 45104 0
1740965829 45238 0
1740965831 45516 0
1740965833 45980 0
1740965835 46446 0
1740965837 46827 0
1740965839 46838 0
1740965841 46092 0
1740965843 45512 0
1740965845 45237 0
1740965847 45198 0
1740965850 44896 0
1740965852 44830 0
1740965854 44821 0
1740965856 44846 0
1740965858 44770 0
1740965860 44925 0
1740965862 44983 0
1740965864 44907 0
1740965866 44761 0
1740965868 44784 0
1740965870 44716 0
1740965872 44688 0
1740965874 44804 0
1740965876 44739 0
1740965878 44811 0
1740965880 44873 0
1740965882 44840 0
1740965884 44913 0
1740965886 44869 0
1740965888 44969 0
1740965890 44887 0
1740965892 44910 0
1740965894 44971 0
1740965897 44978 0
1740965899 45118 0
1740965901 45491 0
1740965903 46041 0
1740965905 46573 0
1740965907 46929 0
1740965909 46670 0
1740965911 45953 0
1740965913 45415 0
1740965915 45200 0
1740965917 45158 0
1740965919 45075 0
1740965921 45029 0
1740965923 44946 0
1740965925 44777 0
1740965927 44759 0
1740965929 44816 0
1740965931 44896 0
1740965933 44931 0
1740965935 45011 0
1740965937 44851 0
1740965939 44755 0
1740965942 44757 0
1740965944 44889 0
1740965946 44877 0
1740965948 44907 0
1740965950 44962 0
1740965952 44986 0
1740965954 45093 0
1740965956 45174 0
1740965958 45642 0
1740965960 46096 0
1740965962 46632 0
1740965964 47023 0
1740965966 47019 0
1740965968 47029 0
1740965970 46916 0
1740965972 46971 0
1740965974 46925 0
1740965976 46933 0
1740965978 46297 0
1740965980 45962 0
1740965982 45453 0
1740965984 45127 0
1740965986 45040 0
1740965989 44946 0
1740965991 44942 0
1740965993 44927 0
1740965995 44859 0
1740965997 44781 0
1740965999 44691 0
1740966001 44816 0
1740966003 44740 0
1740966005 44795 0
1740966007 44971 0
1740966009 45005 0
1740966011 44976 0
1740966013 44970 0
1740966015 44972 0
1740966017 44884 0
1740966019 44882 0
1740966021 44897 0
1740966023 45056 0
1740966025 45087 0
1740966027 45425 0
1740966029 45925 0
1740966031 46495 0
1740966033 47004 0
1740966036 47006 0
1740966038 47012 0
1740966040 47112 0
1740966042 47129 0
1740966044 46978 0
1740966046 46808 0
1740966048 45954 0
1740966050 45536 0
1740966052 45294 0
1740966054 45156 0
1740966056 45049 0
1740966058 45005 0
1740966060 44866 0
1740966062 44877 0
1740966064 44922 0
1740966066 44897 0
1740966068 45137 0
1740966070 45029 0
1740966072 44992 0
1740966074 44964 0
1740966076 45036 0
1740966078 44989 0
1740966081 44984 0
1740966083 44956 0
1740966085 44991 0
1740966087 44996 0
1740966089 45047 0
1740966091 45021 0
1740966093 45083 0
1740966095 45001 0
1740966097 44830 0
1740966099 44811 0
1740966101 45043 0
1740966103 44961 0
1740966105 45184 0
1740966107 45451 0
1740966109 45986 0
1740966111 46577 0
1740966113 46913 0
1740966115 46533 0
1740966117 45783 0
1740966119 45290 0
1740966121 45025 0
1740966123 44884 0
1740966125 44904 0
1740966128 45033 0
1740966130 45074 0
1740966132 45055 0
1740966134 45073 0
1740966136 45150 0
1740966138 45203 0
1740966140 45060 0
1740966142 45111 0
1740966144 45053 0
1740966146 45015 0
1740966148 45105 0
1740966150 44996 0
1740966152 44898 0
1740966154 44928 0
1740966156 44844 0
1740966158 44860 0
1740966160 45131 0
1740966162 45085 0
1740966164 45079 0
1740966166 45019 0
1740966168 45093 0
1740966170 45141 0
1740966172 45314 0
1740966175 45703 0
1740966177 46179 0
1740966179 46697 0
1740966181 47017 0
1740966183 47100 0
1740966185 46129 0
1740966187 45783 0
1740966189 45560 0
1740966191 45336 0
1740966193 45239 0
1740966195 45097 0
1740966197 45089 0
1740966199 45080 0
1740966201 44919 0
1740966203 44877 0
1740966205 44812 0
1740966207 44892 0
1740966209 44847 0
1740966211 44891 0
1740966213 44927 0
1740966215 44862 0
1740966217 44913 0
1740966220 45052 0
1740966222 45083 0
1740966224 45092 0
1740966226 44974 0
1740966228 45054 0
1740966230 45221 0
1740966232 45512 0
1740966234 46073 0
1740966236 46646 0
1740966238 47108 0
1740966240 47183 0
1740966242 47157 0
1740966244 47043 0
1740966246 46967 0
1740966248 47108 0
1740966250 47072 0
1740966252 46698 0
1740966254 46154 0
1740966256 45613 0
1740966258 45403 0
1740966260 45276 0
1740966262 45288 0
1740966264 45095 0
1740966267 45105 0
1740966269 44996 0
1740966271 44958 0
1740966273 45051 0
1740966275 44973 0
1740966277 44881 0
1740966279 44867 0
1740966281 45058 0
1740966283 44947 0
1740966285 44917 0
1740966287 44952 0
1740966289 44980 0
1740966291 45013 0
1740966293 44996 0
1740966295 45157 0
1740966297 45171 0
1740966299 45258 0
1740966301 45522 0
1740966303 46230 0
1740966305 46725 0
1740966307 47060 0
1740966309 47188 0
1740966311 47087 0
1740966314 47070 0
1740966316 46959 0
1740966318 46736 0
1740966320 46636 0
1740966322 45922 0
1740966324 45546 0
1740966326 45251 0
1740966328 45169 0
1740966330 44989 0
1740966332 44925 0
1740966334 44951 0
1740966336 44862 0
1740966338 44990 0
1740966340 45031 0
1740966342 45064 0
1740966344 45053 0
1740966346 44999 0
1740966348 44911 0
1740966350 44890 0
1740966352 44804 0
1740966354 44901 0
1740966356 44987 0
1740966359 44926 0
1740966361 44939 0
1740966363 44830 0
1740966365 44904 0
1740966367 45102 0
1740966369 45060 0
1740966371 44910 0
1740966373 44961 0
1740966375 45025 0
1740966377 45114 0
1740966379 45247 0
1740966381 45507 0
1740966383 46092 0
1740966385 46697 0
1740966387 46976 0
1740966389 46596 0
1740966391 45983 0
1740966393 45654 0
1740966395 45330 0
1740966397 45135 0
1740966399 45163 0
1740966401 45215 0
1740966403 45073 0
1740966406 45073 0
1740966408 45099 0
1740966410 45188 0
1740966412 44963 0
1740966414 44995 0
1740966416 44984 0
1740966418 45026 0
1740966420 44937 0
1740966422 44856 0
1740966424 44792 0
1740966426 44872 0
1740966428 44957 0
1740966430 44956 0
1740966432 44978 0
1740966434 44952 0
1740966436 44961 0
1740966438 44960 0
1740966440 44959 0
1740966442 45088 0
1740966444 45003 0
1740966446 45009 0
1740966448 45328 0
1740966451 45796 0
1740966453 46420 0
1740966455 47033 0
1740966457 47239 0
1740966459 46523 0
1740966461 46255 0
1740966463 45950 0
1740966465 45552 0
1740966467 45356 0
1740966469 45436 0
1740966471 45442 0
1740966473 45311 0
1740966475 45308 0
1740966477 45109 0
1740966479 45011 0
1740966481 44998 0
1740966483 45088 0
1740966485 45233 0
1740966487 45304 0
1740966489 45347 0
1740966491 45198 0
1740966493 45070 0
1740966495 45024 0
1740966498 44914 0
1740966500 44959 0
1740966502 45076 0
1740966504 45396 0
1740966506 45466 0
1740966508 45932 0
1740966510 46529 0
1740966512 46945 0
1740966514 47181 0
1740966516 47043 0
1740966518 47049 0
1740966520 47100 0
1740966522 47044 0
1740966524 47053 0
1740966526 46953 0
1740966528 46224 0
1740966530 45890 0
1740966532 45578 0
1740966534 45295 0
1740966536 45138 0
1740966538 44999 0
1740966540 44955 0
1740966542 44877 0
1740966545 44927 0
1740966547 44895 0
1740966549 45104 0
1740966551 45176 0
1740966553 45036 0
1740966555 45030 0
1740966557 45098 0
1740966559 45164 0
1740966561 45114 0
1740966563 45196 0
1740966565 45007 0
1740966567 45164 0
1740966569 45171 0
1740966571 45188 0
1740966573 45221 0
1740966575 45500 0
1740966577 46263 0
1740966579 46643 0
1740966581 47056 0
1740966583 47180 0
1740966585 47160 0
1740966587 47035 0
1740966590 46971 0
1740966592 46865 0
1740966594 46895 0
1740966596 46290 0
1740966598 45685 0
1740966600 45319 0
1740966602 45120 0
1740966604 44978 0
1740966606 45011 0
1740966608 45105 0
1740966610 45190 0
1740966612 45232 0
1740966614 45074 0
1740966616 45057 0
1740966618 45049 0
1740966620 44890 0
1740966622 44945 0
1740966624 45098 0
1740966626 45029 0
1740966628 45112 0
1740966630 45034 0
1740966632 44989 0
1740966634 44951 0
1740966637 44957 0
1740966639 44941 0
1740966641 45070 0
1740966643 44952 0
1740966645 45055 0
1740966647 45017 0
1740966649 45042 0
1740966651 45112 0
1740966653 45332 0
1740966655 45588 0
1740966657 46074 0
1740966659 46761 0
1740966661 47145 0
1740966663 47106 0
1740966665 46268 0
1740966667 45799 0
1740966669 45443 0
1740966671 45188 0
1740966673 45162 0
1740966675 45107 0
1740966677 45100 0
1740966679 45134 0
1740966681 45123 0
1740966684 45121 0
1740966686 45115 0
1740966688 45052 0
1740966690 45049 0
1740966692 45037 0
1740966694 45002 0
1740966696 45029 0
1740966698 44979 0
1740966700 45095 0
1740966702 45289 0
1740966704 45184 0
1740966706 45125 0
1740966708 44927 0
1740966710 44970 0
1740966712 45047 0
1740966714 44990 0
1740966716 44854 0
1740966718 44911 0
1740966720 45017 0
1740966722 45077 0
1740966724 45427 0
1740966726 46080 0
1740966729 46772 0
1740966731 46888 0
1740966733 46604 0
1740966735 45963 0
1740966737 45575 0
1740966739 45327 0
1740966741 45146 0
1740966743 45192 0
1740966745 45024 0
1740966747 44940 0
1740966749 45072 0
1740966751 44988 0
1740966753 45115 0
1740966755 45083 0
1740966757 44793 0
1740966759 44933 0
1740966761 45142 0
1740966763 45064 0
1740966765 45017 0
1740966767 44932 0
1740966769 44943 0
1740966771 44959 0
1740966773 44952 0
1740966776 44979 0
1740966778 45148 0
1740966780 45328 0
1740966782 45704 0
1740966784 46240 0
1740966786 46815 0
1740966788 47108 0
1740966790 47247 0
1740966792 47085 0
1740966794 46954 0
1740966796 46998 0
1740966798 46839 0
1740966800 46838 0
1740966802 46174 0
1740966804 45677 0
1740966806 45301 0
1740966808 45176 0
1740966810 45125 0
1740966812 45000 0
1740966814 45034 0
1740966816 44971 0
1740966818 44874 0
1740966821 45109 0
1740966823 44967 0
1740966825 45026 0
1740966827 44990 0
1740966829 44974 0
1740966831 44970 0
1740966833 44919 0
1740966835 45007 0
1740966837 45040 0
1740966839 45049 0
1740966841 45075 0
1740966843 45170 0
1740966845 45197 0
1740966847 45403 0
1740966849 45775 0
1740966851 46222 0
1740966853 46624 0
1740966855 47193 0
1740966857 47145 0
1740966859 47192 0
1740966861 47212 0
1740966863 47320 0
1740966865 47252 0
1740966868 47298 0
1740966870 47076 0
1740966872 46324 0
1740966874 45852 0
1740966876 45453 0
1740966878 45386 0
1740966880 45310 0
1740966882 45199 0
1740966884 45109 0
1740966886 45056 0
1740966888 45100 0
1740966890 45082 0
1740966892 45067 0
1740966894 45090 0
1740966896 45063 0
1740966898 45067 0
1740966900 45014 0
1740966902 45003 0
1740966904 45018 0
1740966906 44956 0
1740966908 45245 0
1740966910 45213 0
1740966912 45082 0
1740966915 45107 0
1740966917 45104 0
1740966919 45153 0
1740966921 45155 0
1740966923 45146 0
1740966925 45149 0
1740966927 45374 0
1740966929 45587 0
1740966931 45853 0
1740966933 46427 0
1740966935 46858 0
1740966937 47118 0
1740966939 46631 0
1740966941 45977 0
1740966943 45641 0
1740966945 45377 0
1740966947 45240 0
1740966949 45190 0
1740966951 45080 0
1740966953 45088 0
1740966955 45098 0
1740966957 45036 0
1740966960 44966 0
1740966962 44912 0
1740966964 44914 0
1740966966 44983 0
1740966968 44994 0
1740966970 44934 0
1740966972 44822 0
1740966974 44723 0
1740966976 44847 0
1740966978 44863 0
1740966980 44978 0
1740966982 44957 0
1740966984 44917 0
1740966986 44931 0
1740966988 44886 0
1740966990 44895 0
1740966992 44889 0
1740966994 44984 0
1740966996 45060 0
1740966998 45330 0
1740967000 46068 0
1740967002 46529 0
1740967004 46830 0
1740967007 46612 0
1740967009 45963 0
1740967011 45537 0
1740967013 45300 0
1740967015 45239 0
1740967017 45135 0
1740967019 45058 0
1740967021 44988 0
1740967023 44949 0
1740967025 44964 0
1740967027 45038 0
1740967029 45149 0
1740967031 44966 0
1740967033 44977 0
1740967035 45010 0
1740967037 45019 0
1740967039 44961 0
1740967041 44979 0
1740967043 44972 0
1740967045 45036 0
1740967047 45140 0
1740967049 45041 0
1740967052 45192 0
1740967054 45353 0
1740967056 45655 0
1740967058 46161 0
1740967060 46735 0
1740967062 47130 0
1740967064 47117 0
1740967066 47096 0
1740967068 47061 0
1740967070 46993 0
1740967072 46956 0
1740967074 46960 0
1740967076 46437 0
1740967078 45875 0
1740967080 45558 0
1740967082 45391 0
1740967084 45253 0
1740967086 45175 0
1740967088 45185 0
1740967090 45110 0
1740967092 44994 0
1740967094 45145 0
1740967096 45280 0
1740967099 45166 0
1740967101 45054 0
1740967103 45024 0
1740967105 44924 0
1740967107 44956 0
1740967109 44977 0
1740967111 44992 0
1740967113 45062 0
1740967115 44849 0
1740967117 44847 0
1740967119 44922 0
1740967121 45284 0
1740967123 45552 0
1740967125 45985 0
1740967127 46409 0
1740967129 46868 0
1740967131 47023 0
1740967133 47135 0
1740967135 47085 0
1740967137 47050 0
1740967139 47015 0
1740967141 46867 0
1740967143 46843 0
1740967146 46153 0
1740967148 45815 0
1740967150 45524 0
1740967152 45291 0
1740967154 45136 0
1740967156 45055 0
1740967158 44986 0
1740967160 44970 0
1740967162 44951 0
1740967164 45068 0
1740967166 45166 0
1740967168 45167 0
1740967170 45134 0
1740967172 45071 0
1740967174 45077 0
1740967176 45052 0
1740967178 44979 0
1740967180 45148 0
1740967182 45085 0
1740967184 45100 0
1740967186 45036 0
1740967188 44990 0
1740967190 45028 0
1740967193 45026 0
1740967195 45061 0
1740967197 45092 0
1740967199 45119 0
1740967201 45130 0
1740967203 45192 0
1740967205 45661 0
1740967207 46228 0
1740967209 46744 0
1740967211 47011 0
1740967213 46602 0
1740967215 45999 0
1740967217 45673 0
1740967219 45240 0
1740967221 45117 0
1740967223 45080 0
1740967225 45049 0
1740967227 45218 0
1740967229 45055 0
1740967231 44987 0
1740967233 45036 0
1740967235 44984 0
1740967238 44968 0
1740967240 45117 0
1740967242 45141 0
1740967244 44991 0
1740967246 45137 0
1740967248 45008 0
1740967250 44930 0
1740967252 44913 0
1740967254 44796 0
1740967256 44944 0
1740967258 44883 0
1740967260 44949 0
1740967262 44912 0
1740967264 44913 0
1740967266 44916 0
1740967268 45217 0
1740967270 45308 0
1740967272 45565 0
1740967274 45916 0
1740967276 46482 0
1740967278 46944 0
1740967280 47152 0
1740967282 46494 0
1740967285 45873 0
1740967287 45555 0
1740967289 45339 0
1740967291 45123 0
1740967293 45045 0
1740967295 45014 0
1740967297 44937 0
1740967299 45152 0
1740967301 45316 0
1740967303 45105 0
1740967305 45110 0
1740967307 45106 0
1740967309 45115 0
1740967311 45101 0
1740967313 45022 0
1740967315 45092 0
1740967317 44981 0
1740967319 44972 0
1740967321 45087 0
1740967323 45101 0
1740967325 44960 0
1740967327 45292 0
1740967329 45680 0
1740967332 46098 0
1740967334 46777 0
1740967336 47179 0
1740967338 47260 0
1740967340 47278 0
1740967342 47207 0
1740967344 47144 0
1740967346 47136 0
1740967348 47124 0
1740967350 46708 0
1740967352 45957 0
1740967354 45574 0
1740967356 45459 0
1740967358 45089 0
1740967360 45181 0
1740967362 45239 0
1740967364 45125 0
1740967366 44883 0
1740967368 44955 0
1740967370 44950 0
1740967372 45064 0
1740967374 45041 0
1740967377 45018 0
1740967379 45043 0
1740967381 45040 0
1740967383 45031 0
1740967385 44994 0
1740967387 45047 0
1740967389 45156 0
1740967391 45050 0
1740967393 45097 0
1740967395 45250 0
1740967397 45478 0
1740967399 46088 0
1740967401 46647 0
1740967403 47069 0
1740967405 47200 0
1740967407 47384 0
1740967409 47340 0
1740967411 47103 0
1740967413 47236 0
1740967415 47192 0
1740967417 47271 0
1740967419 46800 0
1740967422 46379 0
1740967424 45968 0
1740967426 45589 0
1740967428 45365 0
1740967430 45144 0
1740967432 45074 0
1740967434 44999 0
1740967436 45107 0
1740967438 45050 0
1740967440 44991 0
1740967442 44921 0
1740967444 45023 0
1740967446 45046 0
1740967448 45195 0
1740967450 45234 0
1740967452 44996 0
1740967454 44931 0
1740967456 44930 0
1740967458 44879 0
1740967460 44869 0
1740967462 44902 0
1740967464 44983 0
1740967466 44980 0
1740967469 44940 0
1740967471 44966 0
1740967473 45037 0
1740967475 45030 0
1740967477 45047 0
1740967479 45286 0
1740967481 45775 0
1740967483 46275 0
1740967485 46836 0
1740967487 47094 0
1740967489 46314 0
1740967491 45732 0
1740967493 45309 0
1740967495 45244 0
1740967497 45213 0
1740967499 45115 0
1740967501 45158 0
1740967503 45111 0
1740967505 45000 0
1740967507 45066 0
1740967509 45085 0
1740967511 45030 0
1740967514 44940 0
1740967516 45019 0
1740967518 45009 0
1740967520 44946 0
1740967522 44837 0
1740967524 44959 0
1740967526 44850 0
1740967528 44938 0
1740967530 44902 0
1740967532 44871 0
1740967534 44996 0
1740967536 44990 0
1740967538 44939 0
1740967540 45210 0
1740967542 45196 0
1740967544 45252 0
1740967546 45548 0
1740967548 46038 0
1740967550 46530 0
1740967552 46822 0
1740967554 47097 0
1740967556 46812 0
1740967558 46143 0
1740967561 45593 0
1740967563 45286 0
1740967565 45004 0
1740967567 45109 0
1740967569 45124 0
1740967571 44990 0
1740967573 44997 0
1740967575 45095 0
1740967577 44961 0
1740967579 44987 0
1740967581 44886 0
1740967583 44972 0
1740967585 44929 0
1740967587 45049 0
1740967589 44897 0
1740967591 44894 0
1740967593 44979 0
1740967595 44967 0
1740967597 45003 0
1740967599 45002 0
1740967601 45237 0
1740967603 45444 0
1740967605 45726 0
1740967608 46193 0
1740967610 46733 0
1740967612 47106 0
1740967614 47027 0
1740967616 47077 0
1740967618 47032 0
1740967620 46973 0
1740967622 46895 0
1740967624 46800 0
1740967626 46211 0
1740967628 45794 0
1740967630 45446 0
1740967632 45243 0
1740967634 45222 0
1740967636 45165 0
1740967638 45098 0
1740967640 45177 0
1740967642 45090 0
1740967644 45006 0
1740967646 45004 0
1740967648 44956 0
1740967650 45034 0
1740967652 45067 0
1740967655 45079 0
1740967657 44969 0
1740967659 44902 0
1740967661 45131 0
1740967663 44996 0
1740967665 44967 0
1740967667 45101 0
1740967669 45305 0
1740967671 45494 0
1740967673 45756 0
1740967675 46364 0
1740967677 46775 0
1740967679 47023 0
1740967681 47178 0
1740967683 47241 0
1740967685 47225 0
1740967687 47281 0
1740967689 47178 0
1740967691 47019 0
1740967693 46830 0
1740967695 45990 0
1740967697 45517 0
1740967700 45316 0
1740967702 45131 0
1740967704 45027 0
1740967706 44871 0
1740967708 44935 0
1740967710 44892 0
1740967712 44927 0
1740967714 45010 0
1740967716 44984 0
1740967718 44876 0
1740967720 45025 0
1740967722 45104 0
1740967724 45019 0
1740967726 44954 0
1740967728 44957 0
1740967730 44987 0
1740967732 44983 0
1740967734 45027 0
1740967736 44940 0
1740967738 44968 0
1740967740 44948 0
1740967742 44982 0
1740967744 44918 0
1740967747 45044 0
1740967749 45123 0
1740967751 45244 0
1740967753 45479 0
1740967755 45831 0
1740967757 46335 0
1740967759 46815 0
1740967761 47000 0
1740967763 46474 0
1740967765 45847 0
1740967767 45366 0
1740967769 45226 0
1740967771 45177 0
1740967773 45135 0
1740967775 45079 0
1740967777 44932 0
1740967779 45059 0
1740967781 45129 0
1740967783 44974 0
1740967785 44972 0
1740967787 45129 0
1740967789 44966 0
1740967791 45051 0
1740967794 44965 0
1740967796 45000 0
1740967798 44903 0
1740967800 44905 0
1740967802 44862 0
1740967804 44879 0
1740967806 44844 0
1740967808 45041 0
1740967810 45067 0
1740967812 44965 0
1740967814 44936 0
1740967816 45039 0
1740967818 45241 0
1740967820 45400 0
1740967822 45746 0
1740967824 46452 0
1740967826 46874 0
1740967828 47105 0
1740967830 46859 0
1740967832 46040 0
1740967834 45543 0
1740967836 45208 0
1740967838 45044 0
1740967841 45195 0
1740967843 45236 0
1740967845 45190 0
1740967847 45149 0
1740967849 45011 0
1740967851 45053 0
1740967853 45045 0
1740967855 44962 0
1740967857 45075 0
1740967859 44932 0
1740967861 44910 0
1740967863 44921 0
1740967865 44961 0
1740967867 45062 0
1740967869 45141 0
1740967871 45061 0
1740967873 45092 0
1740967875 45300 0
1740967877 45431 0
1740967879 45900 0
1740967881 46423 0
1740967883 46862 0
1740967886 47046 0
1740967888 47222 0
1740967890 47094 0
1740967892 47080 0
1740967894 47181 0
1740967896 47149 0
1740967898 47055 0
1740967900 46627 0
1740967902 46093 0
1740967904 45636 0
1740967906 45281 0
1740967908 45110 0
1740967910 45059 0
1740967912 45033 0
1740967914 44997 0
1740967916 45062 0
1740967918 45065 0
1740967920 45090 0
1740967922 45035 0
1740967924 45002 0
1740967926 45242 0
1740967928 45200 0
1740967930 45118 0
1740967933 45177 0
1740967935 45156 0
1740967937 45063 0
1740967939 45127 0
1740967941 45073 0
1740967943 45188 0
1740967945 45319 0
1740967947 45694 0
1740967949 46120 0
1740967951 46717 0
1740967953 47084 0
1740967955 47186 0
1740967957 47166 0
1740967959 47201 0
1740967961 47306 0
1740967963 47109 0
1740967965 47051 0
1740967967 47026 0
1740967969 46370 0
1740967971 45788 0
1740967973 45614 0
1740967975 45316 0
1740967977 45325 0
1740967980 45298 0
1740967982 45164 0
1740967984 45191 0
1740967986 45104 0
1740967988 45110 0
1740967990 45191 0
1740967992 45043 0
1740967994 45035 0
1740967996 45102 0
1740967998 44949 0
1740968000 45030 0
1740968002 45036 0
1740968004 45093 0
1740968006 45006 0
1740968008 45165 0
1740968010 45197 0
1740968012 45106 0
1740968014 45197 0
1740968016 45067 0
1740968018 44878 0
1740968020 45087 0
1740968022 45096 0
1740968025 45189 0
1740968027 45476 0
1740968029 45962 0
1740968031 46621 0
1740968033 46879 0
1740968035 47048 0
1740968037 46814 0
1740968039 46092 0
1740968041 45782 0
1740968043 45468 0
1740968045 45313 0
1740968047 45357 0
1740968049 45411 0
1740968051 45203 0
1740968053 45100 0
1740968055 45169 0
1740968057 45068 0
1740968059 45102 0
1740968061 45083 0
1740968063 45128 0
1740968065 45137 0
1740968067 45182 0
1740968069 45056 0
1740968072 44959 0
1740968074 45006 0
1740968076 45013 0
1740968078 45014 0
1740968080 45095 0
1740968082 45122 0
1740968084 45043 0
1740968086 45011 0
1740968088 45002 0
1740968090 45065 0
1740968092 45122 0
1740968094 45356 0
1740968096 45722 0
1740968098 46171 0
1740968100 46745 0
1740968102 47054 0
1740968104 47128 0
1740968106 46551 0
1740968108 46088 0
1740968110 45706 0
1740968112 45344 0
1740968114 45224 0
1740968116 45222 0
1740968119 45112 0
1740968121 45072 0
1740968123 44990 0
1740968125 44930 0
1740968127 45068 0
1740968129 45031 0
1740968131 44999 0
1740968133 44985 0
1740968135 44967 0
1740968137 44969 0
1740968139 44940 0
1740968141 45091 0
1740968143 44985 0
1740968145 44891 0
1740968147 44909 0
1740968149 45081 0
1740968151 45205 0
1740968153 45467 0
1740968155 45978 0
1740968157 46650 0
1740968159 46937 0
1740968161 47072 0
1740968163 47114 0
1740968166 46942 0
1740968168 46982 0
1740968170 46983 0
1740968172 46915 0
1740968174 46885 0
1740968176 46223 0
1740968178 45658 0
1740968180 45472 0
1740968182 45293 0
1740968184 45292 0
1740968186 45056 0
1740968188 45047 0
1740968190 45011 0
1740968192 45104 0
1740968194 45087 0
1740968196 45141 0
1740968198 45069 0
1740968200 45151 0
1740968202 45110 0
1740968204 44961 0
1740968206 44938 0
1740968208 44973 0
1740968211 44992 0
1740968213 45154 0
1740968215 45054 0
1740968217 45083 0
1740968219 45110 0
1740968221 45447 0
1740968223 46003 0
1740968225 46560 0
1740968227 47034 0
1740968229 47234 0
1740968231 47247 0
1740968233 47180 0
1740968235 47164 0
1740968237 47186 0
1740968239 47035 0
1740968241 46896 0
1740968243 46373 0
1740968245 45794 0
1740968247 45542 0
1740968249 45310 0
1740968251 45105 0
1740968253 45059 0
1740968255 45041 0
1740968258 45114 0
1740968260 45190 0
1740968262 45168 0
1740968264 45014 0
1740968266 44939 0
1740968268 44883 0
1740968270 45029 0
1740968272 44949 0
1740968274 44993 0
1740968276 45054 0
1740968278 44976 0
1740968280 44956 0
1740968282 44920 0
1740968284 44782 0
1740968286 44904 0
1740968288 45110 0
1740968290 45091 0
1740968292 45046 0
1740968294 45109 0
1740968296 45342 0
1740968298 45386 0
1740968300 45459 0
1740968303 45731 0
1740968305 46238 0
1740968307 46775 0
1740968309 46938 0
1740968311 47038 0
1740968313 46145 0
1740968315 45859 0
1740968317 45435 0
1740968319 45217 0
1740968321 45253 0
1740968323 45125 0
1740968325 44925 0
1740968327 45019 0
1740968329 45002 0
1740968331 44908 0
1740968333 44909 0
1740968335 44962 0
1740968337 44855 0
1740968339 44856 0
1740968341 44845 0
1740968343 44875 0
1740968345 44912 0
1740968347 45035 0
1740968350 45106 0
1740968352 45019 0
1740968354 45078 0
1740968356 45065 0
1740968358 45007 0
1740968360 45031 0
1740968362 45115 0
1740968364 45155 0
1740968366 45153 0
1740968368 45422 0
1740968370 45686 0
1740968372 46011 0
1740968374 46479 0
1740968376 46910 0
1740968378 47173 0
1740968380 47028 0
1740968382 46370 0
1740968384 45780 0
1740968386 45404 0
1740968388 45313 0
1740968390 45180 0
1740968392 45181 0
1740968394 45126 0
1740968397 45165 0
1740968399 45102 0
1740968401 44939 0
1740968403 44972 0
1740968405 45059 0
1740968407 45172 0
1740968409 45085 0
1740968411 45012 0
1740968413 45010 0
1740968415 45004 0
1740968417 44930 0
1740968419 45007 0
1740968421 45020 0
1740968423 45198 0
1740968425 45357 0
1740968427 45720 0
1740968429 46239 0
1740968431 46981 0
1740968433 47288 0
1740968435 47241 0
1740968437 47272 0
1740968439 47218 0
1740968442 47245 0
1740968444 47070 0
1740968446 46904 0
1740968448 46827 0
1740968450 46315 0
1740968452 45597 0
1740968454 45382 0
1740968456 45318 0
1740968458 45213 0
1740968460 45143 0
1740968462 45109 0
1740968464 45067 0
1740968466 45024 0
1740968468 45212 0
1740968470 45237 0
1740968472 45153 0
1740968474 45108 0
1740968476 45018 0
1740968478 45080 0
1740968480 45056 0
1740968482 45052 0
1740968484 45080 0
1740968486 45208 0
1740968489 45180 0
1740968491 45121 0
1740968493 45254 0
1740968495 45460 0
1740968497 45744 0
1740968499 46469 0
1740968501 47142 0
1740968503 47297 0
1740968505 47333 0
1740968507 47314 0
1740968509 47187 0
1740968511 47168 0
1740968513 47133 0
1740968515 47121 0
1740968517 46687 0
1740968519 46143 0
1740968521 45647 0
1740968523 45394 0
1740968525 45195 0
1740968527 45307 0
1740968529 45196 0
1740968531 45114 0
1740968534 44941 0
1740968536 44885 0
1740968538 44882 0
1740968540 44946 0
1740968542 44933 0
1740968544 44935 0
1740968546 44954 0
1740968548 45026 0
1740968550 45025 0
1740968552 45051 0
1740968554 45036 0
1740968556 44901 0
1740968558 44948 0
1740968560 45255 0
1740968562 45114 0
1740968564 44954 0
1740968566 44957 0
1740968568 45082 0
1740968570 45078 0
1740968572 45097 0
1740968574 45213 0
1740968576 45512 0
1740968578 45946 0
1740968581 46510 0
1740968583 46946 0
1740968585 47172 0
1740968587 46448 0
1740968589 46017 0
1740968591 45526 0
1740968593 45193 0
1740968595 45164 0
1740968597 45047 0
1740968599 45002 0
1740968601 44993 0
1740968603 45034 0
1740968605 45027 0
1740968607 45097 0
1740968609 45036 0
1740968611 45012 0
1740968613 45095 0
1740968615 45091 0
1740968617 44890 0
1740968619 44976 0
1740968621 45122 0
1740968623 45046 0
1740968626 45072 0
1740968628 44933 0
1740968630 45052 0
1740968632 45036 0
1740968634 45059 0
1740968636 45058 0
1740968638 45074 0
1740968640 45040 0
1740968642 45260 0
1740968644 45487 0
1740968646 46029 0
1740968648 46697 0
1740968650 47062 0
1740968652 47256 0
1740968654 46964 0
1740968656 46135 0
1740968658 45769 0
1740968660 45508 0
1740968662 45303 0
1740968664 45173 0
1740968666 45193 0
1740968668 45199 0
1740968670 45118 0
1740968673 45044 0
1740968675 45059 0
1740968677 45044 0
1740968679 45041 0
1740968681 45290 0
1740968683 45125 0
1740968685 45201 0
1740968687 44990 0
1740968689 44878 0
1740968691 44886 0
1740968693 44913 0
1740968695 44960 0
1740968697 45045 0
1740968699 45196 0
1740968701 45516 0
1740968703 45951 0
1740968705 46514 0
1740968707 47015 0
1740968709 47178 0
1740968711 47183 0
1740968713 47011 0
1740968715 47118 0
1740968717 47067 0
1740968720 46944 0
1740968722 46825 0
1740968724 46361 0
1740968726 45730 0
1740968728 45514 0
1740968730 45266 0
1740968732 45086 0
1740968734 45080 0
1740968736 44931 0
1740968738 44906 0
1740968740 45014 0
1740968742 45059 0
1740968744 44948 0
1740968746 45089 0
1740968748 45085 0
1740968750 45021 0
1740968752 44988 0
1740968754 45080 0
1740968756 45058 0
1740968758 45118 0
1740968760 45111 0
1740968762 45062 0
1740968765 45058 0
1740968767 45199 0
1740968769 45532 0
1740968771 45766 0
1740968773 46156 0
1740968775 46719 0
1740968777 47057 0
1740968779 47256 0
1740968781 47216 0
1740968783 47219 0
1740968785 47128 0
1740968787 47145 0
1740968789 47093 0
1740968791 47081 0
1740968793 46415 0
1740968795 45893 0
1740968797 45500 0
1740968799 45302 0
1740968801 45412 0
1740968803 45237 0
1740968805 45123 0
1740968807 45135 0
1740968809 45085 0
1740968812 44990 0
1740968814 44991 0
1740968816 45017 0
1740968818 45022 0
1740968820 44946 0
1740968822 44960 0
1740968824 44950 0
1740968826 45064 0
1740968828 45253 0
1740968830 45378 0
1740968832 45306 0
1740968834 45186 0
1740968836 45170 0
1740968838 45238 0
1740968840 45195 0
1740968842 45093 0
1740968844 45196 0
1740968846 45332 0
1740968848 45603 0
1740968850 45922 0
1740968852 46429 0
1740968854 46944 0
1740968856 47164 0
1740968859 47227 0
1740968861 47087 0
1740968863 46349 0
1740968865 45836 0
1740968867 45571 0
1740968869 45379 0
1740968871 45274 0
1740968873 45138 0
1740968875 45103 0
1740968877 45003 0
1740968879 45188 0
1740968881 45178 0
1740968883 45135 0
1740968885 45203 0
1740968887 45268 0
1740968889 45335 0
1740968891 45284 0
1740968893 45273 0
1740968895 45159 0
1740968897 45127 0
1740968899 45234 0
1740968901 45224 0
1740968904 45215 0
1740968906 45201 0
1740968908 45263 0
1740968910 45102 0
1740968912 45214 0
1740968914 45435 0
1740968916 45465 0
1740968918 45749 0
1740968920 46292 0
1740968922 46879 0
1740968924 47284 0
1740968926 47347 0
1740968928 47275 0
1740968930 46650 0
1740968932 45962 0
1740968934 45627 0
1740968936 45452 0
1740968938 45166 0
1740968940 45158 0
1740968942 45105 0
1740968944 45041 0
1740968946 45180 0
1740968948 45252 0
1740968951 45151 0
1740968953 45086 0
1740968955 45121 0
1740968957 45026 0
1740968959 45176 0
1740968961 45166 0
1740968963 45249 0
1740968965 45202 0
1740968967 45284 0
1740968969 45258 0
1740968971 45320 0
1740968973 45528 0
1740968975 45729 0
1740968977 46191 0
1740968979 46746 0
1740968981 47209 0
1740968983 47227 0
1740968985 47250 0
1740968987 47209 0
1740968989 47242 0
1740968991 47100 0
1740968993 47136 0
1740968995 47108 0
1740968998 46879 0
1740969000 46125 0
1740969002 45546 0
1740969004 45364 0
1740969006 45184 0
1740969008 45202 0
1740969010 45207 0
1740969012 45109 0
1740969014 45090 0
1740969016 45140 0
1740969018 45148 0
1740969020 45072 0
1740969022 45215 0
1740969024 45134 0
1740969026 44969 0
1740969028 45009 0
1740969030 45097 0
1740969032 45032 0
1740969034 45066 0
1740969036 45014 0
1740969038 45000 0
1740969040 45221 0
1740969043 45247 0
1740969045 45528 0
1740969047 45967 0
1740969049 46582 0
1740969051 47016 0
1740969053 47141 0
1740969055 47177 0
1740969057 47110 0
1740969059 47202 0
1740969061 47087 0
1740969063 46896 0
1740969065 46794 0
1740969067 46501 0
1740969069 45957 0
1740969071 45600 0
1740969073 45397 0
1740969075 45226 0
1740969077 45215 0
1740969079 45174 0
1740969081 45068 0
1740969083 45025 0
1740969085 44973 0
1740969087 45078 0
1740969090 45021 0
1740969092 45024 0
1740969094 45072 0
1740969096 45066 0
1740969098 44997 0
1740969100 45058 0
1740969102 45172 0
1740969104 45006 0
1740969106 44950 0
1740969108 44987 0
1740969110 45030 0
1740969112 45036 0
1740969114 45035 0
1740969116 44990 0
1740969118 44950 0
1740969120 45000 0
1740969122 44991 0
1740969124 45240 0
1740969126 45680 0
1740969128 46338 0
1740969130 46802 0
1740969132 47139 0
1740969135 47245 0
1740969137 46464 0
1740969139 45840 0
1740969141 45424 0
1740969143 45278 0
1740969145 45155 0
1740969147 45254 0
1740969149 45103 0
1740969151 45070 0
1740969153 45097 0
1740969155 45093 0
1740969157 45107 0
1740969159 45074 0
1740969161 45208 0
1740969163 45089 0
1740969165 44950 0
1740969167 44962 0
1740969169 44972 0
1740969171 44940 0
1740969173 45046 0
1740969175 44965 0
1740969177 45085 0
1740969179 44965 0
1740969182 45006 0
1740969184 44956 0
1740969186 44944 0
1740969188 45072 0
1740969190 45217 0
1740969192 45381 0
1740969194 45501 0
1740969196 45969 0
1740969198 46511 0
1740969200 46979 0
1740969202 47204 0
1740969204 46730 0
1740969206 46017 0
1740969208 45654 0
1740969210 45556 0
1740969212 45442 0
1740969214 45361 0
1740969216 45317 0
1740969218 45193 0
1740969220 45422 0
1740969222 45176 0
1740969224 45082 0
1740969227 45094 0
1740969229 45109 0
1740969231 45118 0
1740969233 45128 0
1740969235 45120 0
1740969237 45060 0
1740969239 45003 0
1740969241 44950 0
1740969243 45057 0
1740969245 45103 0
1740969247 45382 0
1740969249 45673 0
1740969251 46011 0
1740969253 46471 0
1740969255 46906 0
1740969257 47189 0
1740969259 47344 0
1740969261 47325 0
1740969263 47262 0
1740969265 47103 0
1740969267 47134 0
1740969269 47043 0
1740969271 47085 0
1740969274 46322 0
1740969276 45773 0
1740969278 45514 0
1740969280 45419 0
1740969282 45279 0
1740969284 45157 0
1740969286 45069 0
1740969288 45089 0
1740969290 45090 0
1740969292 45014 0
1740969294 45146 0
1740969296 45123 0
1740969298 45053 0
1740969300 45040 0
1740969302 45021 0
1740969304 45035 0
1740969306 45046 0
1740969308 45255 0
1740969310 45165 0
1740969312 45114 0
1740969314 45147 0
1740969316 45266 0
1740969318 45435 0
1740969321 45707 0
1740969323 46286 0
1740969325 46856 0
1740969327 47217 0
1740969329 47290 0
1740969331 47287 0
1740969333 47324 0
1740969335 47225 0
1740969337 47132 0
1740969339 47084 0
1740969341 46997 0
1740969343 46237 0
1740969345 45792 0
1740969347 45492 0
1740969349 45380 0
1740969351 45327 0
1740969353 45177 0
1740969355 45217 0
1740969357 45101 0
1740969359 45055 0
1740969361 45138 0
1740969363 45105 0
1740969366 45041 0
1740969368 45184 0
1740969370 45210 0
1740969372 45219 0
1740969374 45065 0
1740969376 45072 0
1740969378 44980 0
1740969380 45034 0
1740969382 45047 0
1740969384 45118 0
1740969386 45132 0
1740969388 45252 0
1740969390 45152 0
1740969392 45103 0
1740969394 45168 0
1740969396 45089 0
1740969398 45302 0
1740969400 45647 0
1740969402 46371 0
1740969404 46848 0
1740969406 47010 0
1740969408 47247 0
1740969410 46508 0
1740969413 45864 0
1740969415 45439 0
1740969417 45264 0
1740969419 45222 0
1740969421 45093 0
1740969423 45093 0
1740969425 45070 0
1740969427 45179 0
1740969429 45229 0
1740969431 45191 0
1740969433 45147 0
1740969435 45096 0
1740969437 45038 0
1740969439 45068 0
1740969441 45091 0
1740969443 45138 0
1740969445 45157 0
1740969447 45213 0
1740969449 45140 0
1740969451 45143 0
1740969453 45133 0
1740969455 44974 0
1740969458 45036 0
1740969460 45110 0
1740969462 45267 0
1740969464 45272 0
1740969466 45405 0
1740969468 45624 0
1740969470 45953 0
1740969472 46416 0
1740969474 46846 0
1740969476 47151 0
1740969478 47013 0
1740969480 46215 0
1740969482 45715 0
1740969484 45423 0
1740969486 45264 0
1740969488 45267 0
1740969490 45064 0
1740969492 45027 0
1740969494 44953 0
1740969496 45060 0
1740969498 44989 0
1740969500 45098 0
1740969502 45197 0
1740969505 45216 0
1740969507 45276 0
1740969509 45155 0
1740969511 45164 0
1740969513 45080 0
1740969515 45118 0
1740969517 45047 0
1740969519 45120 0
1740969521 45447 0
1740969523 45501 0
1740969525 45775 0
1740969527 46091 0
1740969529 46505 0
1740969531 47144 0
1740969533 47268 0
1740969535 47255 0
1740969537 47153 0
1740969539 47198 0
1740969541 47032 0
1740969543 46972 0
1740969545 46921 0
1740969547 46539 0
1740969549 45969 0
1740969552 45634 0
1740969554 45390 0
1740969556 45250 0
1740969558 45210 0
1740969560 45233 0
1740969562 45175 0
1740969564 45143 0
1740969566 45100 0
1740969568 45129 0
1740969570 45064 0
1740969572 45043 0
1740969574 45041 0
1740969576 44990 0
1740969578 44986 0
1740969580 45145 0
1740969582 45247 0
1740969584 45022 0
1740969586 44976 0
1740969588 45008 0
1740969590 45161 0
1740969592 45229 0
1740969594 45530 0
1740969597 46078 0
1740969599 46666 0
1740969601 47080 0
1740969603 47102 0
1740969605 47224 0
1740969607 47149 0
1740969609 47305 0
1740969611 47159 0
1740969613 47166 0
1740969615 47162 0
1740969617 46341 0
1740969619 45803 0
1740969621 45517 0
1740969623 45363 0
1740969625 45405 0
1740969627 45251 0
1740969629 45271 0
1740969631 45140 0
1740969633 45160 0
1740969635 45152 0
1740969637 45120 0
1740969639 45105 0
1740969641 45227 0
1740969644 45069 0
1740969646 45172 0
1740969648 45075 0
1740969650 45157 0
1740969652 45098 0
1740969654 45120 0
1740969656 45077 0
1740969658 45163 0
1740969660 45123 0
1740969662 45116 0
1740969664 45071 0
1740969666 45031 0
1740969668 45281 0
1740969670 45337 0
1740969672 45523 0
1740969674 45892 0
1740969676 46387 0
1740969678 46970 0
1740969680 47326 0
1740969682 47432 0
1740969684 47039 0
1740969686 46318 0
1740969689 45765 0
1740969691 45410 0
1740969693 45364 0
1740969695 45198 0
1740969697 45091 0
1740969699 45086 0
1740969701 45323 0
1740969703 45277 0
1740969705 45211 0
1740969707 45113 0
1740969709 45076 0
1740969711 45042 0
1740969713 44999 0
1740969715 45168 0
1740969717 45084 0
1740969719 45009 0
1740969721 44966 0
1740969723 45025 0
1740969725 44892 0
1740969727 45074 0
1740969729 45147 0
1740969731 45142 0
1740969733 45227 0
1740969736 45349 0
1740969738 45414 0
1740969740 45574 0
1740969742 45740 0
1740969744 46070 0
1740969746 46640 0
1740969748 47033 0
1740969750 47321 0
1740969752 47327 0
1740969754 46507 0
1740969756 45921 0
1740969758 45442 0
1740969760 45475 0
1740969762 45251 0
1740969764 45168 0
1740969766 45047 0
1740969768 44964 0
1740969770 44985 0
1740969772 45058 0
1740969774 45129 0
1740969776 45070 0
1740969778 45147 0
1740969780 45125 0
1740969783 45017 0
1740969785 44975 0
1740969787 45085 0
1740969789 45206 0
1740969791 45258 0
1740969793 45181 0
1740969795 45247 0
1740969797 45338 0
1740969799 45538 0
1740969801 46042 0
1740969803 46555 0
1740969805 46929 0
1740969807 47234 0
1740969809 47268 0
1740969811 47288 0
1740969813 47175 0
1740969815 47126 0
1740969817 47127 0
1740969819 47024 0
1740969821 47055 0
1740969823 46229 0
1740969825 45688 0
1740969828 45337 0
1740969830 45285 0
1740969832 45176 0
1740969834 45141 0
1740969836 45152 0
1740969838 45083 0
1740969840 45039 0
1740969842 44885 0
1740969844 44974 0
1740969846 45025 0
1740969848 45106 0
1740969850 45241 0
1740969852 45166 0
1740969854 45153 0
1740969856 45121 0
1740969858 45161 0
1740969860 45105 0
1740969862 45189 0
1740969864 45219 0
1740969866 45420 0
1740969868 45709 0
1740969870 46142 0
1740969872 46695 0
1740969875 47130 0
1740969877 47182 0
1740969879 47210 0
1740969881 47435 0
1740969883 47279 0
1740969885 47181 0
1740969887 47070 0
1740969889 46956 0
1740969891 46359 0
1740969893 45817 0
1740969895 45531 0
1740969897 45305 0
1740969899 45166 0
1740969901 45150 0
1740969903 45003 0
1740969905 45046 0
1740969907 45184 0
1740969909 45183 0
1740969911 45093 0
1740969913 45020 0
1740969915 45083 0
1740969917 45076 0
1740969919 45066 0
1740969922 45051 0
1740969924 45041 0
1740969926 45077 0
1740969928 44969 0
1740969930 44964 0
1740969932 45127 0
1740969934 45181 0
1740969936 45221 0
1740969938 45217 0
1740969940 45368 0
1740969942 45469 0
1740969944 45537 0
1740969946 45611 0
1740969948 45762 0
1740969950 46236 0
1740969952 46823 0
1740969954 47191 0
1740969956 47339 0
1740969958 47168 0
1740969960 46341 0
1740969962 45884 0
1740969964 45557 0
1740969967 45518 0
1740969969 45513 0
1740969971 45226 0
1740969973 45144 0
1740969975 45126 0
1740969977 45119 0
1740969979 45216 0
1740969981 45311 0
1740969983 45365 0
1740969985 45259 0
1740969987 45267 0
1740969989 45117 0
1740969991 45038 0
1740969993 45045 0
1740969995 44962 0
1740969997 44998 0
1740969999 45089 0
1740970001 45256 0
1740970003 45213 0
1740970005 45216 0
1740970007 45130 0
1740970009 45191 0
1740970011 45319 0
1740970014 45325 0
1740970016 45506 0
1740970018 45716 0
1740970020 46177 0
1740970022 46786 0
1740970024 47050 0
1740970026 47270 0
1740970028 46836 0
1740970030 46156 0
1740970032 45720 0
1740970034 45486 0
1740970036 45433 0
1740970038 45227 0
1740970040 45215 0
1740970042 45153 0
1740970044 45124 0
1740970046 45072 0
1740970048 45213 0
1740970050 45164 0
1740970052 45153 0
1740970054 45154 0
1740970056 45068 0
1740970058 45102 0
1740970061 45534 0
1740970063 45318 0
1740970065 45261 0
1740970067 45344 0
1740970069 45413 0
1740970071 45500 0
1740970073 45725 0
1740970075 46125 0
1740970077 46678 0
1740970079 47126 0
1740970081 47294 0
1740970083 47300 0
1740970085 47284 0
1740970087 47302 0
1740970089 47177 0
1740970091 47155 0
1740970093 47082 0
1740970095 47105 0
1740970097 46325 0
1740970099 46015 0
1740970101 45638 0
1740970103 45462 0
1740970106 45359 0
1740970108 45355 0
1740970110 45246 0
1740970112 45278 0
1740970114 45305 0
1740970116 45220 0
1740970118 45149 0
1740970120 45337 0
1740970122 45347 0
1740970124 45232 0
1740970126 45203 0
1740970128 45071 0
1740970130 45043 0
1740970132 45086 0
1740970134 45248 0
1740970136 45270 0
1740970138 45369 0
1740970140 45649 0
1740970142 45825 0
1740970144 46291 0
1740970146 46831 0
1740970148 47365 0
1740970150 47477 0
1740970153 47442 0
1740970155 47462 0
1740970157 47284 0
1740970159 47181 0
1740970161 47145 0
1740970163 47152 0
1740970165 46798 0
1740970167 46210 0
1740970169 45751 0
1740970171 45596 0
1740970173 45433 0
1740970175 45396 0
1740970177 45305 0
1740970179 45182 0
1740970181 45413 0
1740970183 45334 0
1740970185 45326 0
1740970187 45256 0
1740970189 45109 0
1740970191 45090 0
1740970193 45150 0
1740970195 45166 0
1740970198 45224 0
1740970200 45174 0
1740970202 45230 0
1740970204 45078 0
1740970206 45104 0
1740970208 45251 0
1740970210 45165 0
1740970212 45152 0
1740970214 45077 0
1740970216 45269 0
1740970218 45272 0
1740970220 45310 0
1740970222 45484 0
1740970224 45947 0
1740970226 46495 0
1740970228 47005 0
1740970230 47265 0
1740970232 47296 0
1740970234 46706 0
1740970236 46123 0
1740970238 45661 0
1740970240 45648 0
1740970242 45392 0
1740970245 45215 0
1740970247 45191 0
1740970249 45214 0
1740970251 45221 0
1740970253 45170 0
1740970255 45253 0
1740970257 45256 0
1740970259 45313 0
1740970261 45246 0
1740970263 45196 0
1740970265 45131 0
1740970267 45289 0
1740970269 45441 0
1740970271 45255 0
1740970273 45174 0
1740970275 45240 0
1740970277 45234 0
1740970279 45248 0
1740970281 45192 0
1740970283 45185 0
1740970285 45149 0
1740970287 45291 0
1740970289 45371 0
1740970292 45649 0
1740970294 46154 0
1740970296 46722 0
1740970298 47040 0
1740970300 47280 0
1740970302 47336 0
1740970304 46409 0
1740970306 45861 0
1740970308 45593 0
1740970310 45423 0
1740970312 45364 0
1740970314 45246 0
1740970316 45261 0
1740970318 45282 0
1740970320 45156 0
1740970322 45240 0
1740970324 45217 0
1740970326 45179 0
1740970328 45316 0
1740970330 45199 0
1740970332 45177 0
1740970334 45140 0
1740970337 45185 0
1740970339 45270 0
1740970341 45316 0
1740970343 45357 0
1740970345 45308 0
1740970347 45543 0
1740970349 45842 0
1740970351 46193 0
1740970353 46780 0
1740970355 47137 0
1740970357 47404 0
1740970359 47296 0
1740970361 47415 0
1740970363 47192 0
1740970365 47201 0
1740970367 47187 0
1740970369 47032 0
1740970371 46646 0
1740970373 46035 0
1740970375 45779 0
1740970377 45544 0
1740970379 45350 0
1740970382 45319 0
1740970384 45332 0
1740970386 45359 0
1740970388 45326 0
1740970390 45216 0
1740970392 45203 0
1740970394 45196 0
1740970396 45154 0
1740970398 45157 0
1740970400 45178 0
1740970402 45126 0
1740970404 45134 0
1740970406 45091 0
1740970408 45251 0
1740970410 45253 0
1740970412 45231 0
1740970414 45456 0
1740970416 45565 0
1740970418 45935 0
1740970420 46774 0
1740970422 47163 0
1740970424 47373 0
1740970426 47400 0
1740970429 47354 0
1740970431 47399 0
1740970433 47334 0
1740970435 47260 0
1740970437 47212 0
1740970439 47118 0
1740970441 46438 0
1740970443 45941 0
1740970445 45617 0
1740970447 45583 0
1740970449 45444 0
1740970451 45284 0
1740970453 45133 0
1740970455 45237 0
1740970457 45182 0
1740970459 45182 0
1740970461 45174 0
1740970463 45160 0
1740970465 45211 0
1740970467 45255 0
1740970469 45350 0
1740970471 45336 0
1740970474 45346 0
1740970476 45296 0
1740970478 45228 0
1740970480 45259 0
1740970482 45373 0
1740970484 45216 0
1740970486 45179 0
1740970488 45089 0
1740970490 45093 0
1740970492 45115 0
1740970494 45266 0
1740970496 45383 0
1740970498 45673 0
1740970500 46189 0
1740970502 46789 0
1740970504 47227 0
1740970506 47352 0
1740970508 47174 0
1740970510 46425 0
1740970512 45880 0
1740970514 45551 0
1740970516 45441 0
1740970518 45258 0
1740970521 45174 0
1740970523 45302 0
1740970525 45140 0
1740970527 45187 0
1740970529 45110 0
1740970531 45110 0
1740970533 45227 0
1740970535 45184 0
1740970537 45085 0
1740970539 45147 0
1740970541 45328 0
1740970543 45115 0
1740970545 45060 0
1740970547 45040 0
1740970549 45187 0
1740970551 45178 0
1740970553 45062 0
1740970555 45123 0
1740970557 45211 0
1740970559 45225 0
1740970561 45218 0
1740970563 45285 0
1740970565 45611 0
1740970568 45978 0
1740970570 46642 0
1740970572 47122 0
1740970574 47388 0
1740970576 47411 0
1740970578 46639 0
1740970580 46084 0
1740970582 45799 0
1740970584 45540 0
1740970586 45387 0
1740970588 45356 0
1740970590 45212 0
1740970592 45203 0
1740970594 45189 0
1740970596 45189 0
1740970598 45145 0
1740970600 45311 0
1740970602 45370 0
1740970604 45171 0
1740970606 45186 0
1740970608 45251 0
1740970610 45267 0
1740970613 45278 0
1740970615 45304 0
1740970617 45335 0
1740970619 45372 0
1740970621 45434 0
1740970623 45615 0
1740970625 46073 0
1740970627 46781 0
1740970629 47230 0
1740970631 47258 0
1740970633 47209 0
1740970635 47174 0
1740970637 47193 0
1740970639 47222 0
1740970641 47195 0
1740970643 47178 0
1740970645 46915 0
1740970647 46302 0
1740970649 45853 0
1740970651 45563 0
1740970653 45541 0
1740970655 45434 0
1740970657 45318 0
1740970660 45375 0
1740970662 45416 0
1740970664 45317 0
1740970666 45281 0
1740970668 45248 0
1740970670 45316 0
1740970672 45240 0
1740970674 45151 0
1740970676 45126 0
1740970678 45124 0
1740970680 45167 0
1740970682 45136 0
1740970684 45129 0
1740970686 45264 0
1740970688 45499 0
1740970690 45687 0
1740970692 46157 0
1740970694 46658 0
1740970696 47203 0
1740970698 47423 0
1740970700 47388 0
1740970702 47352 0
1740970704 47355 0
1740970707 47294 0
1740970709 47301 0
1740970711 47207 0
1740970713 47138 0
1740970715 46612 0
1740970717 46036 0
1740970719 45564 0
1740970721 45615 0
1740970723 45277 0
1740970725 45110 0
1740970727 45120 0
1740970729 44963 0
1740970731 44972 0
1740970733 44974 0
1740970735 44911 0
1740970737 44943 0
1740970739 44934 0
1740970741 44982 0
1740970743 44993 0
1740970745 44974 0
1740970747 45167 0
1740970749 45213 0
1740970752 45096 0
1740970754 45094 0
1740970756 45040 0
1740970758 45119 0
1740970760 45158 0
1740970762 45230 0
1740970764 45270 0
1740970766 45164 0
1740970768 45495 0
1740970770 45535 0
1740970772 45851 0
1740970774 46406 0
1740970776 47102 0
1740970778 47368 0
1740970780 47581 0
1740970782 47416 0
1740970784 46534 0
1740970786 45913 0
1740970788 45625 0
1740970790 45339 0
1740970792 45262 0
1740970794 45282 0
1740970796 45278 0
1740970799 45226 0
1740970801 45164 0
1740970803 45173 0
1740970805 45100 0
1740970807 45183 0
1740970809 45340 0
1740970811 45234 0
1740970813 45252 0
1740970815 45228 0
1740970817 45203 0
1740970819 45278 0
1740970821 45160 0
1740970823 45305 0
1740970825 45236 0
1740970827 45314 0
1740970829 45188 0
1740970831 45162 0
1740970833 45135 0
1740970835 45239 0
1740970837 45369 0
1740970839 45603 0
1740970841 46106 0
1740970843 46612 0
1740970846 46945 0
1740970848 47123 0
1740970850 47197 0
1740970852 46867 0
1740970854 46084 0
1740970856 45597 0
1740970858 45270 0
1740970860 45141 0
1740970862 45059 0
1740970864 45061 0
1740970866 45108 0
1740970868 45103 0
1740970870 45231 0
1740970872 45195 0
1740970874 45122 0
1740970876 45126 0
1740970878 45091 0
1740970880 45115 0
1740970882 45175 0
1740970884 45170 0
1740970886 45159 0
1740970888 45258 0
1740970891 45226 0
1740970893 45266 0
1740970895 45473 0
1740970897 45744 0
1740970899 46073 0
1740970901 46820 0
1740970903 47252 0
1740970905 47426 0
1740970907 47407 0
1740970909 47354 0
1740970911 47271 0
1740970913 47262 0
1740970915 47325 0
1740970917 47138 0
1740970919 47183 0
1740970921 46465 0
1740970923 45927 0
1740970925 45645 0
1740970927 45692 0
1740970929 45529 0
1740970931 45288 0
1740970933 45223 0
1740970935 45051 0
1740970938 45032 0
1740970940 45022 0
1740970942 45127 0
1740970944 45102 0
1740970946 45028 0
1740970948 45209 0
1740970950 45127 0
1740970952 45171 0
1740970954 45134 0
1740970956 45187 0
1740970958 45219 0
1740970960 45334 0
1740970962 45412 0
1740970964 45598 0
1740970966 45912 0
1740970968 46422 0
1740970970 47118 0
1740970972 47332 0
1740970974 47442 0
1740970976 47319 0
1740970978 47334 0
1740970980 47274 0
1740970982 47237 0
1740970985 47205 0
1740970987 47158 0
1740970989 47046 0
1740970991 46273 0
1740970993 45905 0
1740970995 45666 0
1740970997 45476 0
1740970999 45363 0
1740971001 45271 0
1740971003 45317 0
1740971005 45375 0
1740971007 45280 0
1740971009 45203 0
1740971011 45183 0
1740971013 45241 0
1740971015 45222 0
1740971017 45165 0
1740971019 45210 0
1740971021 45425 0
1740971023 45345 0
1740971025 45298 0
1740971027 45245 0
1740971029 45280 0
1740971032 45287 0
1740971034 45299 0
1740971036 45134 0
1740971038 45073 0
1740971040 45214 0
1740971042 45179 0
1740971044 45256 0
1740971046 45616 0
1740971048 46021 0
1740971050 46511 0
1740971052 46953 0
1740971054 47350 0
1740971056 47494 0
1740971058 46757 0
1740971060 46128 0
1740971062 45786 0
1740971064 45542 0
1740971066 45459 0
1740971068 45310 0
1740971070 45311 0
1740971072 45260 0
1740971074 45193 0
1740971077 45152 0
1740971079 45210 0
1740971081 45332 0
1740971083 45259 0
1740971085 45192 0
1740971087 45060 0
1740971089 45169 0
1740971091 45172 0
1740971093 45161 0
1740971095 45163 0
1740971097 45114 0
1740971099 45154 0
1740971101 45180 0
1740971103 45194 0
1740971105 45137 0
1740971107 45318 0
1740971109 45382 0
1740971111 45384 0
1740971113 45543 0
1740971115 46008 0
1740971117 46507 0
1740971119 46877 0
1740971121 47187 0
1740971124 47368 0
1740971126 47258 0
1740971128 46490 0
1740971130 46025 0
1740971132 45690 0
1740971134 45600 0
1740971136 45404 0
1740971138 45384 0
1740971140 45409 0
1740971142 45364 0
1740971144 45223 0
1740971146 45172 0
1740971148 45117 0
1740971150 45165 0
1740971152 45082 0
1740971154 45052 0
1740971156 45161 0
1740971158 45116 0
1740971160 45109 0
1740971162 45120 0
1740971164 45161 0
1740971166 45096 0
1740971168 45361 0
1740971171 45593 0
1740971173 45908 0
1740971175 46548 0
1740971177 47126 0
1740971179 47289 0
1740971181 47321 0
1740971183 47359 0
1740971185 47223 0
1740971187 47332 0
1740971189 47273 0
1740971191 47254 0
1740971193 47144 0
1740971195 46773 0
1740971197 46171 0
1740971199 45726 0
1740971201 45724 0
1740971203 45351 0
1740971205 45370 0
1740971207 45314 0
1740971209 45237 0
1740971211 45171 0
1740971213 45116 0
1740971216 45192 0
1740971218 45175 0
1740971220 45161 0
1740971222 45198 0
1740971224 45282 0
1740971226 45223 0
1740971228 45420 0
1740971230 45378 0
1740971232 45338 0
1740971234 45239 0
1740971236 45393 0
1740971238 45423 0
1740971240 45582 0
1740971242 46033 0
1740971244 46640 0
1740971246 47057 0
1740971248 47336 0
1740971250 47325 0
1740971252 47264 0
1740971254 47191 0
1740971256 47209 0
1740971258 47167 0
1740971260 47384 0
1740971263 47268 0
1740971265 46479 0
1740971267 45863 0
1740971269 45662 0
1740971271 45538 0
1740971273 45398 0
1740971275 45378 0
1740971277 45294 0
1740971279 45255 0
1740971281 45192 0
1740971283 45232 0
1740971285 45237 0
1740971287 45250 0
1740971289 45283 0
1740971291 45258 0
1740971293 45238 0
1740971295 45300 0
1740971297 45228 0
1740971299 45300 0
1740971301 45210 0
1740971303 45236 0
1740971305 45268 0
1740971307 45374 0
1740971310 45262 0
1740971312 45278 0
1740971314 45368 0
1740971316 45419 0
1740971318 45581 0
1740971320 45898 0
1740971322 46301 0
1740971324 46741 0
1740971326 47217 0
1740971328 47563 0
1740971330 47519 0
1740971332 47171 0
1740971334 46368 0
1740971336 45784 0
1740971338 45498 0
1740971340 45389 0
1740971342 45206 0
1740971344 45215 0
1740971346 45168 0
1740971348 45362 0
1740971350 45305 0
1740971352 45198 0
1740971354 45241 0
1740971357 45282 0
1740971359 45341 0
1740971361 45243 0
1740971363 45283 0
1740971365 45255 0
1740971367 45389 0
1740971369 45275 0
1740971371 45223 0
1740971373 45276 0
1740971375 45302 0
1740971377 45303 0
1740971379 45254 0
1740971381 45391 0
1740971383 45438 0
1740971385 45522 0
1740971387 45820 0
1740971389 46233 0
1740971391 46721 0
1740971393 47168 0
1740971395 47341 0
1740971397 47301 0
1740971399 47336 0
1740971402 46562 0
1740971404 46105 0
1740971406 45794 0
1740971408 45633 0
1740971410 45523 0
1740971412 45339 0
1740971414 45286 0
1740971416 45336 0
1740971418 45195 0
1740971420 45140 0
1740971422 45120 0
1740971424 45223 0
1740971426 45259 0
1740971428 45384 0
1740971430 45280 0
1740971432 45271 0
1740971434 45351 0
1740971436 45250 0
1740971438 45184 0
1740971440 45409 0
1740971442 45615 0
1740971444 45796 0
1740971446 46201 0
1740971449 46867 0
1740971451 47251 0
1740971453 47373 0
1740971455 47342 0
1740971457 47236 0
1740971459 47202 0
1740971461 47312 0
1740971463 47191 0
1740971465 47207 0
1740971467 47199 0
1740971469 47075 0
1740971471 46335 0
1740971473 45940 0
1740971475 45752 0
1740971477 45523 0
1740971479 45421 0
1740971481 45359 0
1740971483 45420 0
1740971485 45343 0
1740971487 45356 0
1740971489 45276 0
1740971491 45211 0
1740971494 45351 0
1740971496 45247 0
1740971498 45103 0
1740971500 45300 0
1740971502 45304 0
1740971504 45209 0
1740971506 45165 0
1740971508 45200 0
1740971510 45342 0
1740971512 45438 0
1740971514 45856 0
1740971516 46364 0
1740971518 46873 0
1740971520 47228 0
1740971522 47303 0
1740971524 47318 0
1740971526 47298 0
1740971528 47445 0
1740971530 47305 0
1740971532 47114 0
1740971534 47128 0
1740971536 47102 0
1740971539 46516 0
1740971541 46071 0
1740971543 45783 0
1740971545 45639 0
1740971547 45525 0
1740971549 45483 0
1740971551 45394 0
1740971553 45441 0
1740971555 45356 0
1740971557 45289 0
1740971559 45294 0
1740971561 45435 0
1740971563 45466 0
1740971565 45467 0
1740971567 45347 0
1740971569 45304 0
1740971571 45223 0
1740971573 45194 0
1740971575 45248 0
1740971577 45212 0
1740971579 45131 0
1740971581 45166 0
1740971583 45204 0
1740971586 45148 0
1740971588 45284 0
1740971590 45443 0
1740971592 45584 0
1740971594 45860 0
1740971596 46338 0
1740971598 46887 0
1740971600 47217 0
1740971602 47327 0
1740971604 47479 0
1740971606 47268 0
1740971608 46516 0
1740971610 45912 0
1740971612 45600 0
1740971614 45485 0
1740971616 45455 0
1740971618 45297 0
1740971620 45505 0
1740971622 45413 0
1740971624 45329 0
1740971626 45246 0
1740971628 45206 0
1740971630 45246 0
1740971633 45258 0
1740971635 45408 0
1740971637 45337 0
1740971639 45259 0
1740971641 45400 0
1740971643 45484 0
1740971645 45390 0
1740971647 45466 0
1740971649 45508 0
1740971651 45404 0
1740971653 45403 0
1740971655 45434 0
1740971657 45523 0
1740971659 45738 0
1740971661 45863 0
1740971663 46399 0
1740971665 46959 0
1740971667 47523 0
1740971669 47504 0
1740971671 47544 0
1740971673 47552 0
1740971675 47078 0
1740971678 46287 0
1740971680 45887 0
1740971682 45806 0
1740971684 45472 0
1740971686 45398 0
1740971688 45266 0
1740971690 45274 0
1740971692 45124 0
1740971694 45117 0
1740971696 45137 0
1740971698 45230 0
1740971700 45252 0
1740971702 45057 0
1740971704 45000 0
1740971706 45024 0
1740971708 45228 0
1740971710 45195 0
1740971712 45124 0
1740971714 45158 0
1740971716 45287 0
1740971718 45330 0
1740971720 45615 0
1740971722 46134 0
1740971725 46679 0
1740971727 47155 0
1740971729 47265 0
1740971731 47151 0
1740971733 47111 0
1740971735 47110 0
1740971737 47041 0
1740971739 47034 0
1740971741 47225 0
1740971743 47109 0
1740971745 46387 0
1740971747 45805 0
1740971749 45496 0
1740971751 45358 0
1740971753 45268 0
1740971755 45179 0
1740971757 45223 0
1740971759 45167 0
1740971761 45185 0
1740971763 45099 0
1740971765 45112 0
1740971767 45087 0
1740971770 45179 0
1740971772 45136 0
1740971774 45265 0
1740971776 45274 0
1740971778 45292 0
1740971780 45159 0
1740971782 45076 0
1740971784 45245 0
1740971786 45320 0
1740971788 45569 0
1740971790 45923 0
1740971792 46720 0
1740971794 47191 0
1740971796 47379 0
1740971798 47385 0
1740971800 47422 0
1740971802 47470 0
1740971804 47350 0
1740971806 47264 0
1740971808 47264 0
1740971810 47255 0
1740971812 47096 0
1740971814 46418 0
1740971817 45944 0
1740971819 45594 0
1740971821 45448 0
1740971823 45401 0
1740971825 45378 0
1740971827 45449 0
1740971829 45339 0
1740971831 45430 0
1740971833 45334 0
1740971835 45397 0
1740971837 45354 0
1740971839 45343 0
1740971841 45190 0
1740971843 45236 0
1740971845 45206 0
1740971847 45282 0
1740971849 45249 0
1740971851 45202 0
1740971853 45181 0
1740971855 45109 0
1740971857 45202 0
1740971859 45173 0
1740971862 45270 0
1740971864 45357 0
1740971866 45482 0
1740971868 45654 0
1740971870 45974 0
1740971872 46336 0
1740971874 46793 0
1740971876 47104 0
1740971878 47280 0
1740971880 47278 0
1740971882 46706 0
1740971884 46132 0
1740971886 45819 0
1740971888 45627 0
1740971890 45489 0
1740971892 45364 0
1740971894 45212 0
1740971896 45230 0
1740971898 45234 0
1740971900 45182 0
1740971902 45246 0
1740971904 45303 0
1740971906 45264 0
1740971909 45237 0
1740971911 45151 0
1740971913 45163 0
1740971915 45156 0
1740971917 45130 0
1740971919 45084 0
1740971921 45285 0
1740971923 45258 0
1740971925 45255 0
1740971927 45150 0
1740971929 45160 0
1740971931 45197 0
1740971933 45285 0
1740971935 45330 0
1740971937 45627 0
1740971939 45983 0
1740971941 46625 0
1740971943 46951 0
1740971945 47264 0
1740971947 47376 0
1740971949 47394 0
1740971951 46575 0
1740971953 45997 0
1740971956 45715 0
1740971958 45573 0
1740971960 45551 0
1740971962 45443 0
1740971964 45430 0
1740971966 45425 0
1740971968 45410 0
1740971970 45351 0
1740971972 45412 0
1740971974 45438 0
1740971976 45368 0
1740971978 45379 0
1740971980 45582 0
1740971982 45581 0
1740971984 45495 0
1740971986 45434 0
1740971988 45366 0
1740971990 45489 0
1740971992 45672 0
1740971994 46105 0
1740971996 46705 0
1740971998 47235 0
1740972001 47352 0
1740972003 47434 0
1740972005 47478 0
1740972007 47426 0
1740972009 47470 0
1740972011 47336 0
1740972013 47227 0
1740972015 47256 0
1740972017 47136 0
1740972019 46601 0
1740972021 46169 0
1740972023 45735 0
1740972025 45536 0
1740972027 45479 0
1740972029 45394 0
1740972031 45312 0
1740972033 45365 0
1740972035 45238 0
1740972037 45144 0
1740972039 45269 0
1740972041 45477 0
1740972043 45355 0
1740972045 45312 0
1740972048 45239 0
1740972050 45267 0
1740972052 45199 0
1740972054 45278 0
1740972056 45286 0
1740972058 45353 0
1740972060 45383 0
1740972062 45475 0
1740972064 45879 0
1740972066 46348 0
1740972068 47008 0
1740972070 47262 0
1740972072 47261 0
1740972074 47220 0
1740972076 47340 0
1740972078 47350 0
1740972080 47214 0
1740972082 47095 0
1740972084 46978 0
1740972086 46956 0
1740972088 46285 0
1740972090 45791 0
1740972093 45492 0
1740972095 45370 0
1740972097 45352 0
1740972099 45308 0
1740972101 45574 0
1740972103 45402 0
1740972105 45242 0
1740972107 45182 0
1740972109 45163 0
1740972111 45252 0
1740972113 45205 0
1740972115 45265 0
1740972117 45256 0
1740972119 45295 0
1740972121 45282 0
1740972123 45227 0
1740972125 45355 0
1740972127 45423 0
1740972129 45415 0
1740972131 45302 0
1740972133 45371 0
1740972135 45419 0
1740972137 45301 0
1740972140 45402 0
1740972142 45499 0
1740972144 46001 0
1740972146 46457 0
1740972148 47037 0
1740972150 47366 0
1740972152 47589 0
1740972154 47583 0
1740972156 47038 0
1740972158 46423 0
1740972160 46127 0
1740972162 45835 0
1740972164 45548 0
1740972166 45420 0
1740972168 45247 0
1740972170 45234 0
1740972172 45154 0
1740972174 45088 0
1740972176 45119 0
1740972178 45104 0
1740972180 45188 0
1740972182 45262 0
1740972184 45292 0
1740972187 45203 0
1740972189 45266 0
1740972191 45228 0
1740972193 45171 0
1740972195 45165 0
1740972197 45246 0
1740972199 45256 0
1740972201 45149 0
1740972203 45178 0
1740972205 45120 0
1740972207 45264 0
1740972209 45295 0
1740972211 45387 0
1740972213 45890 0
1740972215 46480 0
1740972217 47022 0
1740972219 47331 0
1740972221 47694 0
1740972223 47431 0
1740972225 46492 0
1740972227 45967 0
1740972229 45714 0
1740972231 45598 0
1740972234 45469 0
1740972236 45365 0
1740972238 45285 0
1740972240 45266 0
1740972242 45217 0
1740972244 45136 0
1740972246 45146 0
1740972248 45259 0
1740972250 45308 0
1740972252 45357 0
1740972254 45276 0
1740972256 45144 0
1740972258 45127 0
1740972260 45224 0
1740972262 45292 0
1740972264 45236 0
1740972266 45318 0
1740972268 45647 0
1740972270 45994 0
1740972272 46631 0
1740972274 47159 0
1740972276 47312 0
1740972279 47243 0
1740972281 47454 0
1740972283 47409 0
1740972285 47319 0
1740972287 47274 0
1740972289 47183 0
1740972291 47100 0
1740972293 46826 0
1740972295 46137 0
1740972297 45792 0
1740972299 45621 0
1740972301 45433 0
1740972303 45284 0
1740972305 45266 0
1740972307 45237 0
1740972309 45317 0
1740972311 45212 0
1740972313 45293 0
1740972315 45402 0
1740972317 45419 0
1740972319 45305 0
1740972321 45280 0
1740972323 45233 0
1740972326 45247 0
1740972328 45359 0
1740972330 45328 0
1740972332 45323 0
1740972334 45441 0
1740972336 45560 0
1740972338 45901 0
1740972340 46615 0
1740972342 47106 0
1740972344 47362 0
1740972346 47538 0
1740972348 47397 0
1740972350 47434 0
1740972352 47185 0
1740972354 47224 0
1740972356 47222 0
1740972358 47156 0
1740972360 47138 0
1740972362 46544 0
1740972364 45973 0
1740972366 45792 0
1740972368 45623 0
1740972370 45536 0
1740972373 45390 0
1740972375 45426 0
1740972377 45433 0
1740972379 45362 0
1740972381 45266 0
1740972383 45289 0
1740972385 45254 0
1740972387 45393 0
1740972389 45355 0
1740972391 45258 0
1740972393 45209 0
1740972395 45289 0
1740972397 45179 0
1740972399 45152 0
1740972401 45279 0
1740972403 45236 0
1740972405 45226 0
1740972407 45228 0
1740972409 45279 0
1740972411 45432 0
1740972413 45422 0
1740972415 45674 0
1740972418 45986 0
1740972420 46539 0
1740972422 47046 0
1740972424 47321 0
1740972426 47438 0
1740972428 47486 0
1740972430 47300 0
1740972432 46513 0
1740972434 45878 0
1740972436 45708 0
1740972438 45497 0
1740972440 45380 0
1740972442 45347 0
1740972444 45314 0
1740972446 45315 0
1740972448 45234 0
1740972450 45323 0
1740972452 45291 0
1740972454 45325 0
1740972456 45358 0
1740972458 45327 0
1740972460 45446 0
1740972462 45354 0
1740972465 45382 0
1740972467 45308 0
1740972469 45263 0
1740972471 45300 0
1740972473 45219 0
1740972475 45284 0
1740972477 45283 0
1740972479 45212 0
1740972481 45202 0
1740972483 45376 0
1740972485 45658 0
1740972487 46021 0
1740972489 46530 0
1740972491 46976 0
1740972493 47240 0
1740972495 47459 0
1740972497 47461 0
1740972499 46883 0
1740972501 46318 0
1740972503 45912 0
1740972505 45626 0
1740972507 45550 0
1740972509 45356 0
1740972512 45376 0
1740972514 45251 0
1740972516 45223 0
1740972518 45267 0
1740972520 45404 0
1740972522 45430 0
1740972524 45334 0
1740972526 45295 0
1740972528 45225 0
1740972530 45331 0
1740972532 45306 0
1740972534 45218 0
1740972536 45171 0
1740972538 45237 0
1740972540 45332 0
1740972542 45453 0
1740972544 45749 0
1740972546 46358 0
1740972548 47014 0
1740972550 47263 0
1740972552 47349 0
1740972554 47415 0
1740972557 47335 0
1740972559 47314 0
1740972561 47277 0
1740972563 47270 0
1740972565 47231 0
1740972567 47269 0
1740972569 46578 0
1740972571 46174 0
1740972573 45772 0
1740972575 45539 0
1740972577 45394 0
1740972579 45398 0
1740972581 45475 0
1740972583 45450 0
1740972585 45379 0
1740972587 45258 0
1740972589 45288 0
1740972591 45434 0
1740972593 45375 0
1740972595 45350 0
1740972597 45355 0
1740972599 45322 0
1740972601 45382 0
1740972604 45285 0
1740972606 45213 0
1740972608 45368 0
1740972610 45729 0
1740972612 45949 0
1740972614 46571 0
1740972616 47158 0
1740972618 47441 0
1740972620 47607 0
1740972622 47589 0
1740972624 47566 0
1740972626 47409 0
1740972628 47431 0
1740972630 47316 0
1740972632 47245 0
1740972634 47240 0
1740972636 46888 0
1740972638 46278 0
1740972640 46076 0
1740972642 45738 0
1740972644 45555 0
1740972646 45359 0
1740972649 45252 0
1740972651 45385 0
1740972653 45343 0
1740972655 45399 0
1740972657 45310 0
1740972659 45162 0
1740972661 45224 0
1740972663 45218 0
1740972665 45386 0
1740972667 45360 0
1740972669 45497 0
1740972671 45413 0
1740972673 45420 0
1740972675 45407 0
1740972677 45263 0
1740972679 45301 0
1740972681 45234 0
1740972683 45234 0
1740972685 45336 0
1740972687 45566 0
1740972689 45548 0
1740972691 45810 0
1740972693 46268 0
1740972696 46914 0
1740972698 47273 0
1740972700 47510 0
1740972702 47738 0
1740972704 47533 0
1740972706 46870 0
1740972708 46221 0
1740972710 45841 0
1740972712 45566 0
1740972714 45528 0
1740972716 45421 0
1740972718 45319 0
1740972720 45227 0
1740972722 45287 0
1740972724 45221 0
1740972726 45284 0
1740972728 45426 0
1740972730 45306 0
1740972732 45283 0
1740972734 45184 0
1740972736 45219 0
1740972738 45233 0
1740972740 45275 0
1740972743 45340 0
1740972745 45349 0
1740972747 45427 0
1740972749 45449 0
1740972751 45386 0
1740972753 45445 0
1740972755 45368 0
1740972757 45336 0
1740972759 45556 0
1740972761 45985 0
1740972763 46469 0
1740972765 46992 0
1740972767 47386 0
1740972769 47429 0
1740972771 47392 0
1740972773 47259 0
1740972775 46206 0
1740972777 45800 0
1740972779 45644 0
1740972781 45436 0
1740972783 45221 0
1740972785 45216 0
1740972788 45365 0
1740972790 45444 0
1740972792 45338 0
1740972794 45221 0
1740972796 45360 0
1740972798 45133 0
1740972800 45222 0
1740972802 45237 0
1740972804 45267 0
1740972806 45205 0
1740972808 45267 0
1740972810 45308 0
1740972812 45312 0
1740972814 45388 0
1740972816 45554 0
1740972818 45887 0
1740972820 46601 0
1740972822 47076 0
1740972824 47390 0
1740972826 47350 0
1740972828 47467 0
1740972830 47390 0
1740972832 47292 0
1740972835 47241 0
1740972837 47201 0
1740972839 47106 0
1740972841 46978 0
1740972843 46554 0
1740972845 45967 0
1740972847 45724 0
1740972849 45647 0
1740972851 45348 0
1740972853 45306 0
1740972855 45283 0
1740972857 45087 0
1740972859 45223 0
1740972861 45236 0
1740972863 45221 0
1740972865 45219 0
1740972867 45280 0
1740972869 45223 0
1740972871 45241 0
1740972873 45296 0
1740972875 45400 0
1740972877 45442 0
1740972880 45539 0
1740972882 45514 0
1740972884 45633 0
1740972886 45748 0
1740972888 46114 0
1740972890 46836 0
1740972892 47203 0
1740972894 47518 0
1740972896 47570 0
1740972898 47459 0
1740972900 47361 0
1740972902 47307 0
1740972904 47234 0
1740972906 47171 0
1740972908 47241 0
1740972910 47150 0
1740972912 46422 0
1740972914 46054 0
1740972916 45779 0
1740972918 45615 0
1740972920 45433 0
1740972922 45407 0
1740972924 45386 0
1740972927 45298 0
1740972929 45245 0
1740972931 45250 0
1740972933 45269 0
1740972935 45324 0
1740972937 45263 0
1740972939 45263 0
1740972941 45363 0
1740972943 45360 0
1740972945 45372 0
1740972947 45305 0
1740972949 45235 0
1740972951 45171 0
1740972953 45186 0
1740972955 45266 0
1740972957 45363 0
1740972959 45379 0
1740972961 45336 0
1740972963 45418 0
1740972965 45635 0
1740972967 46163 0
1740972969 46749 0
1740972971 47306 0
1740972974 47511 0
1740972976 47491 0
1740972978 47321 0
1740972980 46940 0
1740972982 46209 0
1740972984 45831 0
1740972986 45594 0
1740972988 45559 0
1740972990 45484 0
1740972992 45437 0
1740972994 45480 0
1740972996 45402 0
1740972998 45426 0
1740973000 45363 0
1740973002 45464 0
1740973004 45350 0
1740973006 45196 0
1740973008 45237 0
1740973010 45203 0
1740973012 45226 0
1740973014 45253 0
1740973016 45216 0
1740973019 45151 0
1740973021 45221 0
1740973023 45304 0
1740973025 45258 0
1740973027 45515 0
1740973029 45717 0
1740973031 45675 0
1740973033 45748 0
1740973035 46014 0
1740973037 46386 0
1740973039 47127 0
1740973041 47422 0
1740973043 47525 0
1740973045 47529 0
1740973047 47403 0
1740973049 46788 0
1740973051 46131 0
1740973053 45924 0
1740973055 45580 0
1740973057 45515 0
1740973059 45443 0
1740973061 45550 0
1740973063 45431 0
1740973066 45335 0
1740973068 45321 0
1740973070 45403 0
1740973072 45267 0
1740973074 45318 0
1740973076 45303 0
1740973078 45324 0
1740973080 45296 0
1740973082 45319 0
1740973084 45295 0
1740973086 45232 0
1740973088 45536 0
1740973090 45640 0
1740973092 45791 0
1740973094 46140 0
1740973096 46717 0
1740973098 47172 0
1740973100 47430 0
1740973102 47541 0
1740973104 47491 0
1740973106 47478 0
1740973108 47329 0
1740973110 47221 0
1740973113 47125 0
1740973115 47181 0
1740973117 47025 0
1740973119 46465 0
1740973121 46337 0
1740973123 45929 0
1740973125 45609 0
1740973127 45464 0
1740973129 45397 0
1740973131 45354 0
1740973133 45404 0
1740973135 45368 0
1740973137 45356 0
1740973139 45206 0
1740973141 45085 0
1740973143 45199 0
1740973145 45286 0
1740973147 45381 0
1740973149 45473 0
1740973151 45381 0
1740973153 45463 0
1740973155 45464 0
1740973158 45429 0
1740973160 45447 0
1740973162 45643 0
1740973164 46123 0
1740973166 46634 0
1740973168 47239 0
1740973170 47354 0
1740973172 47248 0
1740973174 47260 0
1740973176 47343 0
1740973178 47284 0
1740973180 47543 0
1740973182 47422 0
1740973184 47324 0
1740973186 46741 0
1740973188 46088 0
1740973190 45771 0
1740973192 45608 0
1740973194 45547 0
1740973196 45386 0
1740973198 45380 0
1740973200 45390 0
1740973202 45407 0
1740973205 45469 0
1740973207 45542 0
1740973209 45610 0
1740973211 45467 0
1740973213 45276 0
1740973215 45258 0
1740973217 45357 0
1740973219 45319 0
1740973221 45265 0
1740973223 45404 0
1740973225 45337 0
1740973227 45452 0
1740973229 45318 0
1740973231 45342 0
1740973233 45255 0
1740973235 45209 0
1740973237 45410 0
1740973239 45463 0
1740973241 45827 0
1740973243 46267 0
1740973245 46918 0
1740973247 47341 0
1740973249 47600 0
1740973252 47562 0
1740973254 47436 0
1740973256 46576 0
1740973258 46057 0
1740973260 45694 0
1740973262 45440 0
1740973264 45344 0
1740973266 45338 0
1740973268 45299 0
1740973270 45281 0
1740973272 45186 0
1740973274 45211 0
1740973276 45303 0
1740973278 45459 0
1740973280 45367 0
1740973282 45331 0
1740973284 45376 0
1740973286 45380 0
1740973288 45401 0
1740973290 45382 0
1740973292 45316 0
1740973294 45444 0
1740973297 45505 0
1740973299 45418 0
1740973301 45707 0
1740973303 45618 0
1740973305 45755 0
1740973307 45797 0
1740973309 46024 0
1740973311 46634 0
1740973313 47006 0
1740973315 47417 0
1740973317 47467 0
1740973319 47603 0
1740973321 47642 0
1740973323 47105 0
1740973325 46474 0
1740973327 46216 0
1740973329 46023 0
1740973331 45742 0
1740973333 45483 0
1740973335 45492 0
1740973337 45368 0
1740973339 45249 0
1740973341 45233 0
1740973344 45295 0
1740973346 45368 0
1740973348 45398 0
1740973350 45418 0
1740973352 45439 0
1740973354 45432 0
1740973356 45330 0
1740973358 45350 0
1740973360 45462 0
1740973362 45657 0
1740973364 45689 0
1740973366 45845 0
1740973368 46202 0
1740973370 46783 0
1740973372 47184 0
1740973374 47340 0
1740973376 47489 0
1740973378 47421 0
1740973380 47453 0
1740973382 47383 0
1740973384 47299 0
1740973386 47356 0
1740973388 47397 0
1740973391 47342 0
1740973393 46723 0
1740973395 46355 0
1740973397 46011 0
1740973399 45635 0
1740973401 45517 0
1740973403 45466 0
1740973405 45358 0
1740973407 45301 0
1740973409 45322 0
1740973411 45378 0
1740973413 45419 0
1740973415 45449 0
1740973417 45425 0
1740973419 45512 0
1740973421 45765 0
1740973423 45539 0
1740973425 45447 0
1740973427 45349 0
1740973429 45342 0
1740973431 45522 0
1740973434 45614 0
1740973436 45910 0
1740973438 46471 0
1740973440 46975 0
1740973442 47410 0
1740973444 47531 0
1740973446 47512 0
1740973448 47487 0
1740973450 47427 0
1740973452 47492 0
1740973454 47410 0
1740973456 47343 0
1740973458 47339 0
1740973460 47101 0
1740973462 46424 0
1740973464 45854 0
1740973466 45660 0
1740973468 45562 0
1740973470 45439 0
1740973472 45243 0
1740973474 45287 0
1740973476 45353 0
1740973478 45320 0
1740973481 45462 0
1740973483 45451 0
1740973485 45365 0
1740973487 45330 0
1740973489 45236 0
1740973491 45263 0
1740973493 45287 0
1740973495 45223 0
1740973497 45377 0
1740973499 45523 0
1740973501 45451 0
1740973503 45360 0
1740973505 45356 0
1740973507 45420 0
1740973509 45643 0
1740973511 45622 0
1740973513 45657 0
1740973515 45965 0
1740973517 46418 0
1740973519 46826 0
1740973521 47261 0
1740973523 47562 0
1740973526 47508 0
1740973528 47503 0
1740973530 46730 0
1740973532 46124 0
1740973534 45902 0
1740973536 45660 0
1740973538 45574 0
1740973540 45672 0
1740973542 45744 0
1740973544 45496 0
1740973546 45429 0
1740973548 45343 0
1740973550 45351 0
1740973552 45423 0
1740973554 45387 0
1740973556 45468 0
1740973558 45427 0
1740973560 45396 0
1740973562 45426 0
1740973564 45373 0
1740973566 45383 0
1740973568 45622 0
1740973570 45630 0
1740973573 45560 0
1740973575 45594 0
1740973577 45586 0
1740973579 45580 0
1740973581 45638 0
1740973583 45951 0
1740973585 46264 0
1740973587 46869 0
1740973589 47312 0
1740973591 47456 0
1740973593 47561 0
1740973595 47478 0
1740973597 47052 0
1740973599 46360 0
1740973601 46115 0
1740973603 45663 0
1740973605 45562 0
1740973607 45362 0
1740973609 45416 0
1740973611 45342 0
1740973613 45267 0
1740973615 45256 0
1740973617 45274 0
1740973620 45256 0
1740973622 45276 0
1740973624 45215 0
1740973626 45317 0
1740973628 45377 0
1740973630 45392 0
1740973632 45194 0
1740973634 45236 0
1740973636 45288 0
1740973638 45370 0
1740973640 45716 0
1740973642 46101 0
1740973644 46666 0
1740973646 47131 0
1740973648 47418 0
1740973650 47535 0
1740973652 47467 0
1740973654 47437 0
1740973656 47298 0
1740973658 47225 0
1740973660 47292 0
1740973662 47226 0
1740973665 47175 0
1740973667 46662 0
1740973669 46165 0
1740973671 45809 0
1740973673 45500 0
1740973675 45491 0
1740973677 45310 0
1740973679 45271 0
1740973681 45228 0
1740973683 45311 0
1740973685 45446 0
1740973687 45530 0
1740973689 45553 0
1740973691 45477 0
1740973693 45324 0
1740973695 45308 0
1740973697 45291 0
1740973699 45210 0
1740973701 45177 0
1740973703 45262 0
1740973705 45285 0
1740973707 45487 0
1740973709 45686 0
1740973712 46122 0
1740973714 46793 0
1740973716 47238 0
1740973718 47459 0
1740973720 47530 0
1740973722 47723 0
1740973724 47537 0
1740973726 47347 0
1740973728 47277 0
1740973730 47232 0
1740973732 47091 0
1740973734 47057 0
1740973736 46339 0
1740973738 45928 0
1740973740 45644 0
1740973742 45525 0
1740973744 45464 0
1740973746 45382 0
1740973748 45546 0
1740973750 45416 0
1740973753 45408 0
1740973755 45322 0
1740973757 45287 0
1740973759 45385 0
1740973761 45354 0
1740973763 45511 0
1740973765 45497 0
1740973767 45486 0
1740973769 45383 0
1740973771 45352 0
1740973773 45377 0
1740973775 45473 0
1740973777 45525 0
1740973779 45544 0
1740973781 45793 0
1740973783 45620 0
1740973785 45528 0
1740973787 45657 0
1740973789 46016 0
1740973791 46544 0
1740973793 47026 0
1740973795 47394 0
1740973797 47566 0
1740973800 47718 0
1740973802 47654 0
1740973804 47168 0
1740973806 46550 0
1740973808 46179 0
1740973810 46032 0
1740973812 45763 0
1740973814 45580 0
1740973816 45619 0
1740973818 45534 0
1740973820 45519 0
1740973822 45625 0
1740973824 45611 0
1740973826 45590 0
1740973828 45451 0
1740973830 45355 0
1740973832 45411 0
1740973834 45508 0
1740973836 45471 0
1740973838 45565 0
1740973840 45705 0
1740973842 45587 0
1740973844 45481 0
1740973847 45420 0
1740973849 45412 0
1740973851 45448 0
1740973853 45321 0
1740973855 45384 0
1740973857 45506 0
1740973859 45827 0
1740973861 46232 0
1740973863 46910 0
1740973865 47340 0
1740973867 47623 0
1740973869 47637 0
1740973871 47542 0
1740973873 46758 0
1740973875 46289 0
1740973877 45892 0
1740973879 45645 0
1740973881 45609 0
1740973883 45505 0
1740973885 45412 0
1740973887 45547 0
1740973889 45417 0
1740973892 45377 0
1740973894 45458 0
1740973896 45469 0
1740973898 45421 0
1740973900 45493 0
1740973902 45577 0
1740973904 45512 0
1740973906 45420 0
1740973908 45281 0
1740973910 45428 0
1740973912 45524 0
1740973914 45596 0
1740973916 45738 0
1740973918 46213 0
1740973920 46790 0
1740973922 47218 0
1740973924 47436 0
1740973926 47400 0
1740973928 47654 0
1740973930 47420 0
1740973932 47404 0
1740973934 47219 0
1740973936 47275 0
1740973939 47325 0
1740973941 47106 0
1740973943 46341 0
1740973945 45942 0
1740973947 45661 0
1740973949 45622 0
1740973951 45497 0
1740973953 45363 0
1740973955 45422 0
1740973957 45397 0
1740973959 45372 0
1740973961 45479 0
1740973963 45397 0
1740973965 45373 0
1740973967 45234 0
1740973969 45257 0
1740973971 45363 0
1740973973 45385 0
1740973975 45437 0
1740973977 45551 0
1740973979 45592 0
1740973981 45673 0
1740973984 45802 0
1740973986 46253 0
1740973988 46796 0
1740973990 47373 0
1740973992 47482 0
1740973994 47499 0
1740973996 47580 0
1740973998 47489 0
1740974000 47299 0
1740974002 47199 0
1740974004 47248 0
1740974006 47122 0
1740974008 47276 0
1740974010 46800 0
1740974012 46107 0
1740974014 45838 0
1740974016 45632 0
1740974018 45512 0
1740974020 45686 0
1740974022 45656 0
1740974024 45679 0
1740974026 45558 0
1740974028 45581 0
1740974031 45462 0
1740974033 45437 0
1740974035 45437 0
1740974037 45362 0
1740974039 45266 0
1740974041 45339 0
1740974043 45410 0
1740974045 45495 0
1740974047 45717 0
1740974049 45691 0
1740974051 45562 0
1740974053 45534 0
1740974055 45565 0
1740974057 45552 0
1740974059 45628 0
1740974061 45814 0
1740974063 46077 0
1740974065 46423 0
1740974067 46999 0
1740974069 47387 0
1740974071 47460 0
1740974073 47542 0
1740974075 47586 0
1740974078 47432 0
1740974080 46719 0
1740974082 46277 0
1740974084 45954 0
1740974086 45807 0
1740974088 45562 0
1740974090 45501 0
1740974092 45445 0
1740974094 45439 0
1740974096 45340 0
1740974098 45294 0
1740974100 45256 0
1740974102 45260 0
1740974104 45191 0
1740974106 45225 0
1740974108 45496 0
1740974110 45581 0
1740974112 45429 0
1740974114 45368 0
1740974116 45325 0
1740974118 45453 0
1740974120 45377 0
1740974122 45390 0
1740974125 45374 0
1740974127 45528 0
1740974129 45597 0
1740974131 45781 0
1740974133 46108 0
1740974135 46715 0
1740974137 47216 0
1740974139 47559 0
1740974141 47812 0
1740974143 47679 0
1740974145 47444 0
1740974147 46918 0
1740974149 46277 0
1740974151 45898 0
1740974153 45579 0
1740974155 45657 0
1740974157 45535 0
1740974159 45550 0
1740974161 45507 0
1740974163 45419 0
1740974165 45309 0
1740974167 45450 0
1740974170 45436 0
1740974172 45435 0
1740974174 45535 0
1740974176 45642 0
1740974178 45422 0
1740974180 45526 0
1740974182 45489 0
1740974184 45454 0
1740974186 45455 0
1740974188 45619 0
1740974190 45781 0
1740974192 46175 0
1740974194 46959 0
1740974196 47390 0
1740974198 47559 0
1740974200 47747 0
1740974202 47658 0
1740974204 47547 0
1740974206 47500 0
1740974208 47378 0
1740974210 47359 0
1740974212 47282 0
1740974214 47291 0
1740974217 46669 0
1740974219 46142 0
1740974221 45848 0
1740974223 45654 0
1740974225 45574 0
1740974227 45710 0
1740974229 45612 0
1740974231 45585 0
1740974233 45504 0
1740974235 45484 0
1740974237 45464 0
1740974239 45563 0
1740974241 45555 0
1740974243 45439 0
1740974245 45384 0
1740974247 45406 0
1740974249 45438 0
1740974251 45484 0
1740974253 45601 0
1740974255 45621 0
1740974257 45766 0
1740974259 46261 0
1740974261 46965 0
1740974264 47389 0
1740974266 47549 0
1740974268 47600 0
1740974270 47641 0
1740974272 47648 0
1740974274 47610 0
1740974276 47448 0
1740974278 47337 0
1740974280 47403 0
1740974282 47208 0
1740974284 46784 0
1740974286 46256 0
1740974288 46128 0
1740974290 45751 0
1740974292 45748 0
1740974294 45596 0
1740974296 45666 0
1740974298 45627 0
1740974300 45533 0
1740974302 45598 0
1740974304 45536 0
1740974306 45428 0
1740974309 45542 0
1740974311 45398 0
1740974313 45393 0
1740974315 45528 0
1740974317 45541 0
1740974319 45511 0
1740974321 45680 0
1740974323 45510 0
1740974325 45521 0
1740974327 45436 0
1740974329 45436 0
1740974331 45413 0
1740974333 45593 0
1740974335 45663 0
1740974337 45920 0
1740974339 46307 0
1740974341 46797 0
1740974343 47276 0
1740974345 47528 0
1740974347 47772 0
1740974349 47720 0
1740974351 47602 0
1740974353 46866 0
1740974356 46336 0
1740974358 45997 0
1740974360 45656 0
1740974362 45603 0
1740974364 45576 0
1740974366 45467 0
1740974368 45406 0
1740974370 45457 0
1740974372 45444 0
1740974374 45377 0
1740974376 45395 0
1740974378 45404 0
1740974380 45682 0
1740974382 45568 0
1740974384 45582 0
1740974386 45508 0
1740974388 45585 0
1740974390 45548 0
1740974392 45510 0
1740974394 45424 0
1740974396 45363 0
1740974398 45305 0
1740974400 45291 0
1740974403 45429 0
1740974405 45627 0
1740974407 45907 0
1740974409 46408 0
1740974411 46831 0
1740974413 47284 0
1740974415 47485 0
1740974417 47487 0
1740974419 47548 0
1740974421 47124 0
1740974423 46507 0
1740974425 46083 0
1740974427 45871 0
1740974429 45835 0
1740974431 45633 0
1740974433 45526 0
1740974435 45429 0
1740974437 45379 0
1740974439 45365 0
1740974441 45541 0
1740974443 45559 0
1740974445 45549 0
1740974448 45435 0
1740974450 45494 0
1740974452 45521 0
1740974454 45449 0
1740974456 45385 0
1740974458 45412 0
1740974460 45429 0
1740974462 45570 0
1740974464 45775 0
1740974466 46209 0
1740974468 46858 0
1740974470 47423 0
1740974472 47527 0
1740974474 47707 0
1740974476 47742 0
1740974478 47577 0
1740974480 47485 0
1740974482 47399 0
1740974484 47299 0
1740974486 47245 0
1740974488 47241 0
1740974490 46751 0
1740974492 46055 0
1740974495 45878 0
1740974497 45640 0
1740974499 45518 0
1740974501 45766 0
1740974503 45651 0
1740974505 45471 0
1740974507 45394 0
1740974509 45325 0
1740974511 45267 0
1740974513 45371 0
1740974515 45385 0
1740974517 45403 0
1740974519 45398 0
1740974521 45413 0
1740974523 45492 0
1740974525 45451 0
1740974527 45666 0
1740974529 45705 0
1740974531 45704 0
1740974533 45807 0
1740974535 46241 0
1740974537 46987 0
1740974540 47286 0
1740974542 47479 0
1740974544 47398 0
1740974546 47345 0
1740974548 47429 0
1740974550 47324 0
1740974552 47254 0
1740974554 47238 0
1740974556 47185 0
1740974558 47111 0
1740974560 46623 0
1740974562 46161 0
1740974564 45815 0
1740974566 45637 0
1740974568 45462 0
1740974570 45363 0
1740974572 45366 0
1740974574 45417 0
1740974576 45428 0
1740974578 45415 0
1740974580 45330 0
1740974582 45399 0
1740974584 45319 0
1740974587 45402 0
1740974589 45480 0
1740974591 45400 0
1740974593 45459 0
1740974595 45432 0
1740974597 45470 0
1740974599 45493 0
1740974601 45426 0
1740974603 45419 0
1740974605 45355 0
1740974607 45535 0
1740974609 45661 0
1740974611 45849 0
1740974613 46236 0
1740974615 46747 0
1740974617 47109 0
1740974619 47525 0
1740974621 47796 0
1740974623 47704 0
1740974625 47638 0
1740974627 47128 0
1740974629 46472 0
1740974632 46086 0
1740974634 45902 0
1740974636 45602 0
1740974638 45702 0
1740974640 45620 0
1740974642 45582 0
1740974644 45470 0
1740974646 45512 0
1740974648 45561 0
1740974650 45643 0
1740974652 45523 0
1740974654 45457 0
1740974656 45513 0
1740974658 45560 0
1740974660 45428 0
1740974662 45550 0
1740974664 45597 0
1740974666 45567 0
1740974668 45463 0
1740974670 45475 0
1740974672 45406 0
1740974674 45509 0
1740974676 45554 0
1740974679 45636 0
1740974681 46004 0
1740974683 46297 0
1740974685 46766 0
1740974687 47295 0
1740974689 47503 0
1740974691 47582 0
1740974693 47711 0
1740974695 47680 0
1740974697 46912 0
1740974699 46327 0
1740974701 45989 0
1740974703 45782 0
1740974705 45640 0
1740974707 45682 0
1740974709 45682 0
1740974711 45520 0
1740974713 45465 0
1740974715 45592 0
1740974717 45483 0
1740974719 45594 0
1740974721 45589 0
1740974723 45583 0
1740974726 45610 0
1740974728 45553 0
1740974730 45569 0
1740974732 45513 0
1740974734 45602 0
1740974736 45713 0
1740974738 45777 0
1740974740 46337 0
1740974742 47047 0
1740974744 47441 0
1740974746 47628 0
1740974748 47611 0
1740974750 47610 0
1740974752 47422 0
1740974754 47387 0
1740974756 47442 0
1740974758 47339 0
1740974760 47207 0
1740974762 47133 0
1740974764 47017 0
1740974766 46383 0
1740974768 46042 0
1740974770 45943 0
1740974773 45723 0
1740974775 45655 0
1740974777 45505 0
1740974779 45556 0
1740974781 45560 0
1740974783 45528 0
1740974785 45541 0
1740974787 45549 0
1740974789 45549 0
1740974791 45528 0
1740974793 45537 0
1740974795 45424 0
1740974797 45476 0
1740974799 45526 0
1740974801 45631 0
1740974803 45633 0
1740974805 45768 0
1740974807 45936 0
1740974809 46373 0
1740974811 46834 0
1740974813 47240 0
1740974815 47511 0
1740974818 47567 0
1740974820 47563 0
1740974822 47463 0
1740974824 47340 0
1740974826 47364 0
1740974828 47267 0
1740974830 47247 0
1740974832 47173 0
1740974834 46638 0
1740974836 46174 0
1740974838 45812 0
1740974840 45686 0
1740974842 45526 0
1740974844 45412 0
1740974846 45286 0
1740974848 45399 0
1740974850 45416 0
1740974852 45402 0
1740974854 45432 0
1740974856 45322 0
1740974858 45324 0
1740974860 45599 0
1740974863 45546 0
1740974865 45429 0
1740974867 45428 0
1740974869 45323 0
1740974871 45366 0
1740974873 45357 0
1740974875 45412 0
1740974877 45395 0
1740974879 45412 0
1740974881 45333 0
1740974883 45445 0
1740974885 45408 0
1740974887 45840 0
1740974889 46205 0
1740974891 46697 0
1740974893 47349 0
1740974895 47585 0
1740974897 47620 0
1740974899 47456 0
1740974901 47255 0
1740974903 46542 0
1740974905 46189 0
1740974907 45814 0
1740974910 45701 0
1740974912 45546 0
1740974914 45583 0
1740974916 45507 0
1740974918 45383 0
1740974920 45537 0
1740974922 45525 0
1740974924 45530 0
1740974926 45472 0
1740974928 45555 0
1740974930 45387 0
1740974932 45399 0
1740974934 45569 0
1740974936 45530 0
1740974938 45616 0
1740974940 45461 0
1740974942 45429 0
1740974944 45476 0
1740974946 45618 0
1740974948 45769 0
1740974950 45694 0
1740974952 45833 0
1740974955 46082 0
1740974957 46571 0
1740974959 47237 0
1740974961 47534 0
1740974963 47683 0
1740974965 47535 0
1740974967 47671 0
1740974969 47639 0
1740974971 47070 0
1740974973 46545 0
1740974975 46239 0
1740974977 45892 0
1740974979 45731 0
1740974981 45829 0
1740974983 45677 0
1740974985 45570 0
1740974987 45482 0
1740974989 45550 0
1740974991 45354 0
1740974993 45406 0
1740974995 45403 0
1740974997 45455 0
1740974999 45313 0
1740975002 45260 0
1740975004 45383 0
1740975006 45399 0
1740975008 45570 0
1740975010 45815 0
1740975012 45932 0
1740975014 46388 0
1740975016 46937 0
1740975018 47408 0
1740975020 47566 0
1740975022 47587 0
1740975024 47466 0
1740975026 47395 0
1740975028 47478 0
1740975030 47444 0
1740975032 47389 0
1740975034 47272 0
1740975036 47125 0
1740975038 47225 0
1740975040 46744 0
1740975042 46248 0
1740975044 45890 0
1740975046 45538 0
1740975049 45371 0
1740975051 45365 0
1740975053 45377 0
1740975055 45379 0
1740975057 45385 0
1740975059 45380 0
1740975061 45200 0
1740975063 45206 0
1740975065 45249 0
1740975067 45442 0
1740975069 45492 0
1740975071 45527 0
1740975073 45473 0
1740975075 45468 0
1740975077 45442 0
1740975079 45468 0
1740975081 45630 0
1740975083 46108 0
1740975085 46579 0
1740975087 47164 0
1740975089 47464 0
1740975091 47482 0
1740975094 47515 0
1740975096 47542 0
1740975098 47463 0
1740975100 47525 0
1740975102 47421 0
1740975104 47379 0
1740975106 47320 0
1740975108 46917 0
1740975110 46414 0
1740975112 46042 0
1740975114 45870 0
1740975116 45601 0
1740975118 45405 0
1740975120 45327 0
1740975122 45205 0
1740975124 45290 0
1740975126 45481 0
1740975128 45559 0
1740975130 45501 0
1740975132 45358 0
1740975134 45570 0
1740975136 45495 0
1740975138 45464 0
1740975141 45328 0
1740975143 45418 0
1740975145 45365 0
1740975147 45332 0
1740975149 45311 0
1740975151 45354 0
1740975153 45291 0
1740975155 45399 0
1740975157 45516 0
1740975159 45828 0
1740975161 46325 0
1740975163 46817 0
1740975165 47254 0
1740975167 47497 0
1740975169 47567 0
1740975171 47612 0
1740975173 47575 0
1740975175 47654 0
1740975177 47041 0
1740975179 46414 0
1740975181 45960 0
1740975183 45728 0
1740975186 45602 0
1740975188 45660 0
1740975190 45650 0
1740975192 45521 0
1740975194 45506 0
1740975196 45492 0
1740975198 45439 0
1740975200 45393 0
1740975202 45413 0
1740975204 45323 0
1740975206 45324 0
1740975208 45318 0
1740975210 45319 0
1740975212 45295 0
1740975214 45388 0
1740975216 45288 0
1740975218 45372 0
1740975220 45647 0
1740975222 45620 0
1740975224 45576 0
1740975226 45705 0
1740975228 45713 0
1740975230 46190 0
1740975233 46779 0
1740975235 47149 0
1740975237 47380 0
1740975239 47453 0
1740975241 47505 0
1740975243 47558 0
1740975245 47309 0
1740975247 46616 0
1740975249 46313 0
1740975251 45875 0
1740975253 45721 0
1740975255 45630 0
1740975257 45483 0
1740975259 45537 0
1740975261 45588 0
1740975263 45540 0
1740975265 45564 0
1740975267 45588 0
1740975269 45531 0
1740975271 45539 0
1740975273 45603 0
1740975275 45521 0
1740975277 45424 0
1740975280 45541 0
1740975282 45664 0
1740975284 45761 0
1740975286 45916 0
1740975288 46480 0
1740975290 47112 0
1740975292 47376 0
1740975294 47442 0
1740975296 47555 0
1740975298 47628 0
1740975300 47469 0
1740975302 47453 0
1740975304 47437 0
1740975306 47425 0
1740975308 47459 0
1740975310 47446 0
1740975312 47251 0
1740975314 46911 0
1740975316 46236 0
1740975318 45838 0
1740975320 45639 0
1740975322 45560 0
1740975325 45442 0
1740975327 45506 0
1740975329 45404 0
1740975331 45402 0
1740975333 45478 0
1740975335 45417 0
1740975337 45299 0
1740975339 45510 0
1740975341 45810 0
1740975343 45603 0
1740975345 45552 0
1740975347 45514 0
1740975349 45495 0
1740975351 45577 0
1740975353 45609 0
1740975355 45953 0
1740975357 46262 0
1740975359 46893 0
1740975361 47246 0
1740975363 47426 0
1740975365 47537 0
1740975367 47713 0
1740975369 47680 0
1740975372 47473 0
1740975374 47403 0
1740975376 47345 0
1740975378 47217 0
1740975380 47111 0
1740975382 47086 0
1740975384 46600 0
1740975386 46039 0
1740975388 45930 0
1740975390 45848 0
1740975392 45743 0
1740975394 45625 0
1740975396 45447 0
1740975398 45489 0
1740975400 45608 0
1740975402 45546 0
1740975404 45496 0
1740975406 45461 0
1740975408 45418 0
1740975410 45575 0
1740975412 45506 0
1740975414 45472 0
1740975416 45482 0
1740975419 45447 0
1740975421 45459 0
1740975423 45499 0
1740975425 45436 0
1740975427 45613 0
1740975429 45780 0
1740975431 45779 0
1740975433 45907 0
1740975435 46302 0
1740975437 46671 0
1740975439 47116 0
1740975441 47423 0
1740975443 47597 0
1740975445 47663 0
1740975447 47642 0
1740975449 47533 0
1740975451 47019 0
1740975453 46474 0
1740975455 46096 0
1740975457 45804 0
1740975459 45681 0
1740975461 45810 0
1740975464 45621 0
1740975466 45420 0
1740975468 45328 0
1740975470 45370 0
1740975472 45454 0
1740975474 45352 0
1740975476 45495 0
1740975478 45512 0
1740975480 45475 0
1740975482 45477 0
1740975484 45431 0
1740975486 45482 0
1740975488 45578 0
1740975490 45564 0
1740975492 45527 0
1740975494 45613 0
1740975496 45577 0
1740975498 45638 0
1740975500 45679 0
1740975502 45902 0
1740975504 46257 0
1740975506 46799 0
1740975509 47430 0
1740975511 47507 0
1740975513 47599 0
1740975515 47687 0
1740975517 47738 0
1740975519 47568 0
1740975521 46975 0
1740975523 46313 0
1740975525 45930 0
1740975527 45775 0
1740975529 45638 0
1740975531 45635 0
1740975533 45549 0
1740975535 45659 0
1740975537 45555 0
1740975539 45466 0
1740975541 45531 0
1740975543 45537 0
1740975545 45437 0
1740975547 45554 0
1740975549 45618 0
1740975551 45463 0
1740975553 45470 0
1740975556 45507 0
1740975558 45440 0
1740975560 45696 0
1740975562 45945 0
1740975564 46476 0
1740975566 47069 0
1740975568 47649 0
1740975570 47782 0
1740975572 47723 0
1740975574 47581 0
1740975576 47546 0
1740975578 47441 0
1740975580 47615 0
1740975582 47540 0
1740975584 47436 0
1740975586 47496 0
1740975588 47043 0
1740975590 46432 0
1740975592 46173 0
1740975594 45951 0
1740975596 45770 0
1740975598 45524 0
1740975601 45540 0
1740975603 45533 0
1740975605 45439 0
1740975607 45409 0
1740975609 45561 0
1740975611 45481 0
1740975613 45468 0
1740975615 45416 0
1740975617 45311 0
1740975619 45339 0
1740975621 45337 0
1740975623 45382 0
1740975625 45524 0
1740975627 45655 0
1740975629 45967 0
1740975631 46229 0
1740975633 46855 0
1740975635 47281 0
1740975637 47610 0
1740975639 47693 0
1740975641 47762 0
1740975643 47718 0
1740975645 47594 0
1740975648 47518 0
1740975650 47354 0
1740975652 47322 0
1740975654 47374 0
1740975656 47257 0
1740975658 46643 0
1740975660 46101 0
1740975662 45758 0
1740975664 45481 0
1740975666 45452 0
1740975668 45477 0
1740975670 45408 0
1740975672 45436 0
1740975674 45402 0
1740975676 45495 0
1740975678 45530 0
1740975680 45551 0
1740975682 45515 0
1740975684 45536 0
1740975686 45622 0
1740975688 45564 0
1740975690 45452 0
1740975692 45481 0
1740975695 45490 0
1740975697 45420 0
1740975699 45430 0
1740975701 45737 0
1740975703 45655 0
1740975705 45711 0
1740975707 45779 0
1740975709 46095 0
1740975711 46579 0
1740975713 47280 0
1740975715 47551 0
1740975717 47718 0
1740975719 47662 0
1740975721 47642 0
1740975723 47527 0
1740975725 47345 0
1740975727 46685 0
1740975729 46244 0
1740975731 45813 0
1740975733 45631 0
1740975735 45699 0
1740975737 45617 0
1740975740 45535 0
1740975742 45439 0
1740975744 45327 0
1740975746 45368 0
1740975748 45453 0
1740975750 45338 0
1740975752 45309 0
1740975754 45356 0
1740975756 45376 0
1740975758 45405 0
1740975760 45530 0
1740975762 45659 0
1740975764 45604 0
1740975766 45503 0
1740975768 45412 0
1740975770 45467 0
1740975772 45354 0
1740975774 45417 0
1740975776 45699 0
1740975778 45959 0
1740975780 46347 0
1740975782 47081 0
1740975784 47533 0
1740975787 47825 0
1740975789 47841 0
1740975791 47725 0
1740975793 47623 0
1740975795 47240 0
1740975797 46589 0
1740975799 46238 0
1740975801 45952 0
1740975803 45828 0
1740975805 45729 0
1740975807 45653 0
1740975809 45568 0
1740975811 45549 0
1740975813 45565 0
1740975815 45470 0
1740975817 45488 0
1740975819 45577 0
1740975821 45776 0
1740975823 45732 0
1740975825 45596 0
1740975827 45653 0
1740975829 45569 0
1740975831 45645 0
1740975834 45724 0
1740975836 45918 0
1740975838 46322 0
1740975840 46909 0
1740975842 47250 0
1740975844 47546 0
1740975846 47457 0
1740975848 47590 0
1740975850 47460 0
1740975852 47524 0
1740975854 47536 0
1740975856 47573 0
1740975858 47462 0
1740975860 47328 0
1740975862 47384 0
1740975864 46621 0
1740975866 46172 0
1740975868 45963 0
1740975870 45720 0
1740975872 45589 0
1740975874 45631 0
1740975876 45509 0
1740975878 45399 0
1740975881 45545 0
1740975883 45485 0
1740975885 45483 0
1740975887 45544 0
1740975889 45512 0
1740975891 45535 0
1740975893 45515 0
1740975895 45591 0
1740975897 45645 0
1740975899 45698 0
1740975901 45816 0
1740975903 46037 0
1740975905 46437 0
1740975907 47081 0
1740975909 47594 0
1740975911 47724 0
1740975913 47807 0
1740975915 47801 0
1740975917 47671 0
1740975919 47597 0
1740975921 47424 0
1740975923 47568 0
1740975926 47457 0
1740975928 47394 0
1740975930 47422 0
1740975932 47094 0
1740975934 46519 0
1740975936 46125 0
1740975938 45855 0
1740975940 45851 0
1740975942 45818 0
1740975944 45520 0
1740975946 45494 0
1740975948 45445 0
1740975950 45429 0
1740975952 45404 0
1740975954 45414 0
1740975956 45459 0
1740975958 45444 0
1740975960 45445 0
1740975962 45448 0
1740975964 45529 0
1740975966 45475 0
1740975968 45556 0
1740975970 45563 0
1740975973 45528 0
1740975975 45522 0
1740975977 45565 0
1740975979 45598 0
1740975981 45662 0
1740975983 45798 0
1740975985 45959 0
1740975987 46468 0
1740975989 46997 0
1740975991 47343 0
1740975993 47505 0
1740975995 47548 0
1740975997 47519 0
1740975999 47387 0
1740976001 47037 0
1740976003 46311 0
1740976005 45961 0
1740976007 45715 0
1740976009 45571 0
1740976011 45445 0
1740976013 45406 0
1740976015 45306 0
1740976017 45379 0
1740976020 45398 0
1740976022 45355 0
1740976024 45368 0
1740976026 45374 0
1740976028 45463 0
1740976030 45472 0
1740976032 45509 0
1740976034 45418 0
1740976036 45394 0
1740976038 45453 0
1740976040 45364 0
1740976042 45554 0
1740976044 45614 0
1740976046 45585 0
1740976048 45644 0
1740976050 45838 0
1740976052 45974 0
1740976054 46437 0
1740976056 46867 0
1740976058 47372 0
1740976060 47756 0
1740976062 47721 0
1740976065 47602 0
1740976067 47583 0
1740976069 47212 0
1740976071 46482 0
1740976073 46153 0
1740976075 45819 0
1740976077 45688 0
1740976079 45609 0
1740976081 45591 0
1740976083 45405 0
1740976085 45405 0
1740976087 45483 0
1740976089 45468 0
1740976091 45511 0
1740976093 45523 0
1740976095 45597 0
1740976097 45619 0
1740976099 45509 0
1740976101 45552 0
1740976103 45559 0
1740976105 45442 0
1740976107 45665 0
1740976110 45821 0
1740976112 46079 0
1740976114 46596 0
1740976116 47157 0
1740976118 47631 0
1740976120 47674 0
1740976122 47747 0
1740976124 47671 0
1740976126 47585 0
1740976128 47473 0
1740976130 47375 0
1740976132 47189 0
1740976134 47296 0
1740976136 47323 0
1740976138 46682 0
1740976140 46224 0
1740976142 45825 0
1740976144 45759 0
1740976146 45654 0
1740976148 45664 0
1740976150 45576 0
1740976152 45509 0
1740976154 45463 0
1740976157 45402 0
1740976159 45493 0
1740976161 45530 0
1740976163 45489 0
1740976165 45401 0
1740976167 45463 0
1740976169 45463 0
1740976171 45418 0
1740976173 45406 0
1740976175 45524 0
1740976177 45645 0
1740976179 45905 0
1740976181 46507 0
1740976183 47069 0
1740976185 47377 0
1740976187 47416 0
1740976189 47504 0
1740976191 47553 0
1740976193 47514 0
1740976195 47456 0
1740976197 47398 0
1740976199 47318 0
1740976201 47440 0
1740976204 47337 0
1740976206 47384 0
1740976208 46562 0
1740976210 46178 0
1740976212 45916 0
1740976214 45721 0
1740976216 45670 0
1740976218 45645 0
1740976220 45642 0
1740976222 45572 0
1740976224 45530 0
1740976226 45398 0
1740976228 45486 0
1740976230 45560 0
1740976232 45496 0
1740976234 45489 0
1740976236 45465 0
1740976238 45485 0
1740976240 45749 0
1740976242 45577 0
1740976244 45459 0
1740976246 45322 0
1740976248 45363 0
1740976251 45301 0
1740976253 45316 0
1740976255 45423 0
1740976257 45502 0
1740976259 45718 0
1740976261 46049 0
1740976263 46443 0
1740976265 46979 0
1740976267 47442 0
1740976269 47540 0
1740976271 47623 0
1740976273 47524 0
1740976275 46987 0
1740976277 46337 0
1740976279 46047 0
1740976281 45790 0
1740976283 45654 0
1740976285 45545 0
1740976287 45582 0
1740976289 45563 0
1740976291 45537 0
1740976293 45437 0
1740976296 45382 0
1740976298 45177 0
1740976300 45289 0
1740976302 45596 0
1740976304 45399 0
1740976306 45512 0
1740976308 45532 0
1740976310 45493 0
1740976312 45537 0
1740976314 45502 0
1740976316 45438 0
1740976318 45451 0
1740976320 45482 0
1740976322 45576 0
1740976324 45695 0
1740976326 45931 0
1740976328 46522 0
1740976330 47117 0
1740976332 47459 0
1740976334 47641 0
1740976336 47774 0
1740976338 47829 0
1740976340 47710 0
1740976343 47635 0
1740976345 46817 0
1740976347 46328 0
1740976349 45964 0
1740976351 45753 0
1740976353 45682 0
1740976355 45443 0
1740976357 45511 0
1740976359 45488 0
1740976361 45705 0
1740976363 45658 0
1740976365 45582 0
1740976367 45486 0
1740976369 45575 0
1740976371 45609 0
1740976373 45631 0
1740976375 45579 0
1740976377 45550 0
1740976379 45520 0
1740976381 45624 0
1740976383 45785 0
1740976385 46008 0
1740976388 46496 0
1740976390 47159 0
1740976392 47529 0
1740976394 47509 0
1740976396 47584 0
1740976398 47495 0
1740976400 47407 0
1740976402 47475 0
1740976404 47505 0
1740976406 47405 0
1740976408 47361 0
1740976410 47315 0
1740976412 46857 0
1740976414 46283 0
1740976416 45943 0
1740976418 45790 0
1740976420 45836 0
1740976422 45796 0
1740976424 45667 0
1740976426 45563 0
1740976428 45437 0
1740976430 45494 0
1740976432 45375 0
1740976435 45448 0
1740976437 45388 0
1740976439 45355 0
1740976441 45396 0
1740976443 45425 0
1740976445 45514 0
1740976447 45543 0
1740976449 45688 0
1740976451 45817 0
1740976453 45952 0
1740976455 46503 0
1740976457 46922 0
1740976459 47349 0
1740976461 47564 0
1740976463 47595 0
1740976465 47475 0
1740976467 47578 0
1740976469 47529 0
1740976471 47469 0
1740976473 47483 0
1740976475 47458 0
1740976477 47382 0
1740976479 47351 0
1740976482 46894 0
1740976484 46391 0
1740976486 46068 0
1740976488 45781 0
1740976490 45610 0
1740976492 45533 0
1740976494 45496 0
1740976496 45519 0
1740976498 45403 0
1740976500 45537 0
1740976502 45556 0
1740976504 45552 0
1740976506 45502 0
1740976508 45801 0
1740976510 45659 0
1740976512 45648 0
1740976514 45664 0
1740976516 45522 0
1740976518 45497 0
1740976520 45351 0
1740976522 45275 0
1740976524 45433 0
1740976527 45460 0
1740976529 45465 0
1740976531 45544 0
1740976533 45701 0
1740976535 46280 0
1740976537 46761 0
1740976539 47302 0
1740976541 47688 0
1740976543 47832 0
1740976545 47796 0
1740976547 47797 0
1740976549 47480 0
1740976551 46785 0
1740976553 46341 0
1740976555 46039 0
1740976557 45808 0
1740976559 45600 0
1740976561 45613 0
1740976563 45579 0
1740976565 45459 0
1740976567 45561 0
1740976569 45565 0
1740976571 45414 0
1740976574 45406 0
1740976576 45500 0
1740976578 45409 0
1740976580 45547 0
1740976582 45704 0
1740976584 45677 0
1740976586 45616 0
1740976588 45678 0
1740976590 45604 0
1740976592 45508 0
1740976594 45493 0
1740976596 45552 0
1740976598 45519 0
1740976600 45851 0
1740976602 46020 0
1740976604 46404 0
1740976606 46865 0
1740976608 47240 0
1740976610 47511 0
1740976612 47541 0
1740976614 47619 0
1740976616 47472 0
1740976618 46902 0
1740976621 46359 0
1740976623 46080 0
1740976625 45820 0
1740976627 45749 0
1740976629 45830 0
1740976631 45588 0
1740976633 45519 0
1740976635 45468 0
1740976637 45417 0
1740976639 45406 0
1740976641 45414 0
1740976643 45483 0
1740976645 45447 0
1740976647 45460 0
1740976649 45433 0
1740976651 45373 0
1740976653 45430 0
1740976655 45498 0
1740976657 45557 0
1740976659 45680 0
1740976661 46340 0
1740976663 46855 0
1740976665 47343 0
1740976668 47547 0
1740976670 47599 0
1740976672 47641 0
1740976674 47538 0
1740976676 47398 0
1740976678 47392 0
1740976680 47373 0
1740976682 47168 0
1740976684 47202 0
1740976686 47132 0
1740976688 46556 0
1740976690 46211 0
1740976692 46018 0
1740976694 45950 0
1740976696 45820 0
1740976698 45716 0
1740976700 45718 0
1740976702 45621 0
1740976704 45485 0
1740976706 45516 0
1740976708 45564 0
1740976710 45436 0
1740976713 45441 0
1740976715 45669 0
1740976717 45633 0
1740976719 45731 0
1740976721 45983 0
1740976723 46021 0
1740976725 45979 0
1740976727 46279 0
1740976729 46510 0
1740976731 47294 0
1740976733 47689 0
1740976735 47727 0
1740976737 47767 0
1740976739 47718 0
1740976741 47639 0
1740976743 47562 0
1740976745 47540 0
1740976747 47558 0
1740976749 47521 0
1740976751 47386 0
1740976753 47401 0
1740976755 47232 0
1740976757 46544 0
1740976760 46146 0
1740976762 45864 0
1740976764 45801 0
1740976766 45678 0
1740976768 45732 0
1740976770 45741 0
1740976772 45832 0
1740976774 45890 0
1740976776 45729 0
1740976778 45621 0
1740976780 45712 0
1740976782 45742 0
1740976784 45768 0
1740976786 45736 0
1740976788 45788 0
1740976790 45808 0
1740976792 45777 0
1740976794 45630 0
1740976796 45621 0
1740976798 45696 0
1740976800 45701 0
1740976802 45755 0
1740976805 45756 0
1740976807 46004 0
1740976809 46634 0
1740976811 47365 0
1740976813 47749 0
1740976815 47804 0
1740976817 47836 0
1740976819 47814 0
1740976821 47834 0
1740976823 47850 0
1740976825 46994 0
1740976827 46424 0
1740976829 46097 0
1740976831 45862 0
1740976833 45790 0
1740976835 45666 0
1740976837 45577 0
1740976839 45611 0
1740976841 45728 0
1740976843 45599 0
1740976845 45438 0
1740976847 45487 0
1740976849 45503 0
1740976852 45543 0
1740976854 45465 0
1740976856 45493 0
1740976858 45500 0
1740976860 45503 0
1740976862 45506 0
1740976864 45567 0
1740976866 45510 0
1740976868 45512 0
1740976870 45468 0
1740976872 45534 0
1740976874 45626 0
1740976876 45895 0
1740976878 46241 0
1740976880 46771 0
1740976882 47211 0
1740976884 47510 0
1740976886 47508 0
1740976888 47518 0
1740976890 47499 0
1740976892 47288 0
1740976894 46583 0
1740976896 46047 0
1740976899 45754 0
1740976901 45723 0
1740976903 45581 0
1740976905 45488 0
1740976907 45465 0
1740976909 45488 0
1740976911 45367 0
1740976913 45271 0
1740976915 45373 0
1740976917 45316 0
1740976919 45355 0
1740976921 45361 0
1740976923 45362 0
1740976925 45458 0
1740976927 45512 0
1740976929 45659 0
1740976931 45720 0
1740976933 45980 0
1740976935 46420 0
1740976937 47026 0
1740976939 47540 0
1740976941 47599 0
1740976943 47722 0
1740976946 47702 0
1740976948 47734 0
1740976950 47645 0
1740976952 47580 0
1740976954 47550 0
1740976956 47456 0
1740976958 47411 0
1740976960 47547 0
1740976962 46881 0
1740976964 46357 0
1740976966 45973 0
1740976968 45884 0
1740976970 45809 0
1740976972 45693 0
1740976974 45582 0
1740976976 45596 0
1740976978 45487 0
1740976980 45554 0
1740976982 45431 0
1740976984 45585 0
1740976986 45537 0
1740976988 45737 0
1740976991 45702 0
1740976993 45573 0
1740976995 45602 0
1740976997 45569 0
1740976999 45731 0
1740977001 45914 0
1740977003 46331 0
1740977005 46932 0
1740977007 47578 0
1740977009 47707 0
1740977011 47758 0
1740977013 47785 0
1740977015 47774 0
1740977017 47589 0
1740977019 47579 0
1740977021 47804 0
1740977023 47656 0
1740977025 47447 0
1740977027 47521 0
1740977029 47424 0
1740977031 46676 0
1740977033 46257 0
1740977035 45902 0
1740977038 45728 0
1740977040 45593 0
1740977042 45621 0
1740977044 45504 0
1740977046 45564 0
1740977048 45553 0
1740977050 45631 0
1740977052 45565 0
1740977054 45598 0
1740977056 45577 0
1740977058 45619 0
1740977060 45564 0
1740977062 45539 0
1740977064 45626 0
1740977066 45641 0
1740977068 45635 0
1740977070 45642 0
1740977072 45604 0
1740977074 45587 0
1740977076 45649 0
1740977078 45754 0
1740977080 46183 0
1740977083 46543 0
1740977085 46946 0
1740977087 47333 0
1740977089 47599 0
1740977091 47723 0
1740977093 47715 0
1740977095 47770 0
1740977097 47598 0
1740977099 46920 0
1740977101 46385 0
1740977103 45987 0
1740977105 45835 0
1740977107 45923 0
1740977109 45875 0
1740977111 45785 0
1740977113 45708 0
1740977115 45658 0
1740977117 45593 0
1740977119 45487 0
1740977121 45362 0
1740977123 45450 0
1740977125 45470 0
1740977127 45541 0
1740977130 45524 0
1740977132 45548 0
1740977134 45551 0
1740977136 45435 0
1740977138 45369 0
1740977140 45454 0
1740977142 45505 0
1740977144 45623 0
1740977146 45594 0
1740977148 45633 0
1740977150 45772 0
1740977152 46180 0
1740977154 46687 0
1740977156 47294 0
1740977158 47646 0
1740977160 47708 0
1740977162 47657 0
1740977164 47581 0
1740977166 47494 0
1740977168 46834 0
1740977170 46323 0
1740977172 45999 0
1740977174 45853 0
1740977177 45598 0
1740977179 45585 0
1740977181 45545 0
1740977183 45635 0
1740977185 45494 0
1740977187 45430 0
1740977189 45410 0
1740977191 45399 0
1740977193 45507 0
1740977195 45620 0
1740977197 45506 0
1740977199 45575 0
1740977201 45834 0
1740977203 45776 0
1740977205 45802 0
1740977207 45871 0
1740977209 46252 0
1740977211 46747 0
1740977213 47234 0
1740977215 47504 0
1740977217 47686 0
1740977219 47617 0
1740977222 47623 0
1740977224 47421 0
1740977226 47462 0
1740977228 47489 0
1740977230 47445 0
1740977232 47391 0
1740977234 47437 0
1740977236 47145 0
1740977238 46564 0
1740977240 46204 0
1740977242 45784 0
1740977244 45701 0
1740977246 45655 0
1740977248 45658 0
1740977250 45612 0
1740977252 45549 0
1740977254 45603 0
1740977256 45637 0
1740977258 45565 0
1740977260 45900 0
1740977262 45983 0
1740977264 45867 0
1740977266 45768 0
1740977269 45692 0
1740977271 45685 0
1740977273 45682 0
1740977275 45759 0
1740977277 46131 0
1740977279 46597 0
1740977281 47248 0
1740977283 47587 0
1740977285 47742 0
1740977287 47775 0
1740977289 47839 0
1740977291 47638 0
1740977293 47541 0
1740977295 47570 0
1740977297 47591 0
1740977299 47511 0
1740977301 47291 0
1740977303 47504 0
1740977305 46801 0
1740977307 46304 0
1740977309 46020 0
1740977311 45839 0
1740977313 45853 0
1740977316 45723 0
1740977318 45606 0
1740977320 45642 0
1740977322 45827 0
1740977324 45634 0
1740977326 45527 0
1740977328 45517 0
1740977330 45584 0
1740977332 45569 0
1740977334 45651 0
1740977336 45500 0
1740977338 45489 0
1740977340 45455 0
1740977342 45526 0
1740977344 45479 0
1740977346 45550 0
1740977348 45595 0
1740977350 45624 0
1740977352 45742 0
1740977354 45749 0
1740977356 46094 0
1740977358 46564 0
1740977361 47145 0
1740977363 47547 0
1740977365 47638 0
1740977367 47759 0
1740977369 47753 0
1740977371 47727 0
1740977373 47518 0
1740977375 46950 0
1740977377 46375 0
1740977379 45943 0
1740977381 45951 0
1740977383 45769 0
1740977385 45755 0
1740977387 45659 0
1740977389 45544 0
1740977391 45477 0
1740977393 45580 0
1740977395 45498 0
1740977397 45494 0
1740977399 45472 0
1740977401 45511 0
1740977403 45503 0
1740977405 45520 0
1740977408 45561 0
1740977410 45639 0
1740977412 45554 0
1740977414 45485 0
1740977416 45426 0
1740977418 45398 0
1740977420 45413 0
1740977422 45503 0
1740977424 45707 0
1740977426 45919 0
1740977428 46507 0
1740977430 47027 0
1740977432 47285 0
1740977434 47584 0
1740977436 47814 0
1740977438 47719 0
1740977440 47873 0
1740977442 47254 0
1740977444 46481 0
1740977446 46069 0
1740977448 45801 0
1740977450 45683 0
1740977453 45589 0
1740977455 45594 0
1740977457 45480 0
1740977459 45484 0
1740977461 45433 0
1740977463 45486 0
1740977465 45439 0
1740977467 45554 0
1740977469 45635 0
1740977471 45509 0
1740977473 45560 0
1740977475 45592 0
1740977477 45634 0
1740977479 45741 0
1740977481 45809 0
1740977483 46118 0
1740977485 46762 0
1740977487 47373 0
1740977489 47612 0
1740977491 47662 0
1740977493 47642 0
1740977495 47596 0
1740977497 47515 0
1740977500 47604 0
1740977502 47626 0
1740977504 47450 0
1740977506 47314 0
1740977508 47183 0
1740977510 47225 0
1740977512 46670 0
1740977514 46219 0
1740977516 45966 0
1740977518 45675 0
1740977520 45539 0
1740977522 45543 0
1740977524 45446 0
1740977526 45612 0
1740977528 45753 0
1740977530 45701 0
1740977532 45672 0
1740977534 45642 0
1740977536 45663 0
1740977538 45623 0
1740977540 45604 0
1740977542 45653 0
1740977544 45717 0
1740977547 45738 0
1740977549 45928 0
1740977551 46346 0
1740977553 46859 0
1740977555 47338 0
1740977557 47577 0
1740977559 47680 0
1740977561 48019 0
1740977563 47883 0
1740977565 47709 0
1740977567 47722 0
1740977569 47675 0
1740977571 47669 0
1740977573 47482 0
1740977575 47443 0
1740977577 47495 0
1740977579 47215 0
1740977581 46623 0
1740977583 46178 0
1740977585 45915 0
1740977587 45852 0
1740977589 45826 0
1740977592 45653 0
1740977594 45598 0
1740977596 45608 0
1740977598 45513 0
1740977600 45419 0
1740977602 45415 0
1740977604 45471 0
1740977606 45544 0
1740977608 45609 0
1740977610 45590 0
1740977612 45609 0
1740977614 45658 0
1740977616 45668 0
1740977618 45585 0
1740977620 45826 0
1740977622 45680 0
1740977624 45676 0
1740977626 45765 0
1740977628 45871 0
1740977630 45942 0
1740977632 46370 0
1740977634 46889 0
1740977636 47311 0
1740977639 47689 0
1740977641 47666 0
1740977643 47573 0
1740977645 47486 0
1740977647 47592 0
1740977649 46807 0
1740977651 46322 0
1740977653 46023 0
1740977655 45907 0
1740977657 45634 0
1740977659 45623 0
1740977661 45682 0
1740977663 45607 0
1740977665 45588 0
1740977667 45705 0
1740977669 45575 0
1740977671 45463 0
1740977673 45487 0
1740977675 45365 0
1740977677 45371 0
1740977679 45347 0
1740977681 45551 0
1740977683 45546 0
1740977686 45551 0
1740977688 45548 0
1740977690 45592 0
1740977692 45532 0
1740977694 45550 0
1740977696 45704 0
1740977698 45779 0
1740977700 46032 0
1740977702 46352 0
1740977704 46938 0
1740977706 47342 0
1740977708 47563 0
1740977710 47733 0
1740977712 47656 0
1740977714 47558 0
1740977716 47223 0
1740977718 46616 0
1740977720 46095 0
1740977722 45855 0
1740977724 45612 0
1740977726 45592 0
1740977728 45570 0
1740977731 45414 0
1740977733 45553 0
1740977735 45451 0
1740977737 45427 0
1740977739 45383 0
1740977741 45579 0
1740977743 45506 0
1740977745 45466 0
1740977747 45340 0
1740977749 45377 0
1740977751 45492 0
1740977753 45375 0
1740977755 45432 0
1740977757 45662 0
1740977759 45867 0
1740977761 46394 0
1740977763 46996 0
1740977765 47342 0
1740977767 47504 0
1740977769 47567 0
1740977771 47474 0
1740977773 47424 0
1740977775 47433 0
1740977778 47397 0
1740977780 47369 0
1740977782 47219 0
1740977784 47172 0
1740977786 46536 0
1740977788 46110 0
1740977790 45884 0
1740977792 45694 0
1740977794 45681 0
1740977796 45622 0
1740977798 45532 0
1740977800 45630 0
1740977802 45682 0
1740977804 45645 0
1740977806 45563 0
1740977808 45613 0
1740977810 45594 0
1740977812 45556 0
1740977814 45532 0
1740977816 45566 0
1740977818 45504 0
1740977820 45477 0
1740977822 45643 0
1740977825 45800 0
1740977827 46070 0
1740977829 46618 0
1740977831 47080 0
1740977833 47440 0
1740977835 47628 0
1740977837 47544 0
1740977839 47608 0
1740977841 47553 0
1740977843 47455 0
1740977845 47439 0
1740977847 47432 0
1740977849 47439 0
1740977851 47334 0
1740977853 47226 0
1740977855 46576 0
1740977857 46160 0
1740977859 45946 0
1740977861 45901 0
1740977863 45817 0
1740977865 45689 0
1740977867 45621 0
1740977870 45599 0
1740977872 45611 0
1740977874 45642 0
1740977876 45552 0
1740977878 45535 0
1740977880 45502 0
1740977882 45482 0
1740977884 45489 0
1740977886 45531 0
1740977888 45636 0
1740977890 45638 0
1740977892 45602 0
1740977894 45635 0
1740977896 45634 0
1740977898 45600 0
1740977900 45699 0
1740977902 45738 0
1740977904 45869 0
1740977906 46069 0
1740977908 46522 0
1740977910 47203 0
1740977912 47603 0
1740977915 47701 0
1740977917 47710 0
1740977919 47697 0
1740977921 47892 0
1740977923 47246 0
1740977925 46628 0
1740977927 46087 0
1740977929 45924 0
1740977931 45868 0
1740977933 45774 0
1740977935 45752 0
1740977937 45701 0
1740977939 45588 0
1740977941 45617 0
1740977943 45669 0
1740977945 45584 0
1740977947 45666 0
1740977949 45734 0
1740977951 45682 0
1740977953 45602 0
1740977955 45585 0
1740977958 45575 0
1740977960 45665 0
1740977962 45620 0
1740977964 45617 0
1740977966 45543 0
1740977968 45598 0
1740977970 45682 0
1740977972 45695 0
1740977974 45944 0
1740977976 46398 0
1740977978 46986 0
1740977980 47606 0
1740977982 47784 0
1740977984 47698 0
1740977986 47565 0
1740977988 47575 0
1740977990 47623 0
1740977992 46727 0
1740977994 46487 0
1740977996 46106 0
1740977998 45888 0
1740978000 45677 0
1740978003 45754 0
1740978005 45643 0
1740978007 45687 0
1740978009 45672 0
1740978011 45732 0
1740978013 45844 0
1740978015 45809 0
1740978017 45738 0
1740978019 45762 0
1740978021 45655 0
1740978023 45698 0
1740978025 45746 0
1740978027 45899 0
1740978029 45970 0
1740978031 46242 0
1740978033 46656 0
1740978035 47238 0
1740978037 47598 0
1740978039 47860 0
1740978041 48000 0
1740978043 47835 0
1740978045 47741 0
1740978048 47675 0
1740978050 47753 0
1740978052 47666 0
1740978054 47643 0
1740978056 47588 0
1740978058 47583 0
1740978060 47312 0
1740978062 46703 0
1740978064 46243 0
1740978066 45940 0
1740978068 46031 0
1740978070 45894 0
1740978072 45808 0
1740978074 45802 0
1740978076 45725 0
1740978078 45696 0
1740978080 45750 0
1740978082 45716 0
1740978084 45687 0
1740978086 45691 0
1740978088 45694 0
1740978090 45665 0
1740978093 45641 0
1740978095 45789 0
1740978097 45875 0
1740978099 46069 0
1740978101 46608 0
1740978103 46983 0
1740978105 47380 0
1740978107 47690 0
1740978109 47751 0
1740978111 47800 0
1740978113 47797 0
1740978115 47661 0
1740978117 47505 0
1740978119 47475 0
1740978121 47374 0
1740978123 47402 0
1740978125 47197 0
1740978127 47299 0
1740978129 46839 0
1740978131 46280 0
1740978133 45951 0
1740978135 45689 0
1740978137 45617 0
1740978140 45651 0
1740978142 45746 0
1740978144 45589 0
1740978146 45659 0
1740978148 45763 0
1740978150 45553 0
1740978152 45610 0
1740978154 45706 0
1740978156 45714 0
1740978158 45720 0
1740978160 45683 0
1740978162 45808 0
1740978164 45697 0
1740978166 45699 0
1740978168 45661 0
1740978170 45814 0
1740978172 45777 0
1740978174 45776 0
1740978176 45814 0
1740978178 45927 0
1740978180 46095 0
1740978182 46510 0
1740978184 46956 0
1740978187 47519 0
1740978189 47952 0
1740978191 47871 0
1740978193 47835 0
1740978195 47783 0
1740978197 47244 0
1740978199 46660 0
1740978201 46362 0
1740978203 46082 0
1740978205 45900 0
1740978207 45975 0
1740978209 45757 0
1740978211 45765 0
1740978213 45785 0
1740978215 45780 0
1740978217 45796 0
1740978219 45850 0
1740978221 45904 0
1740978223 45789 0
1740978225 45797 0
1740978227 45860 0
1740978229 45859 0
1740978232 45778 0
1740978234 45912 0
1740978236 45832 0
1740978238 45906 0
1740978240 45894 0
1740978242 45972 0
1740978244 46000 0
1740978246 46315 0
1740978248 46589 0
1740978250 47055 0
1740978252 47417 0
1740978254 47758 0
1740978256 47876 0
1740978258 47864 0
1740978260 47626 0
1740978262 47736 0
1740978264 47709 0
1740978266 47068 0
1740978268 46582 0
1740978270 46126 0
1740978272 45938 0
1740978274 45830 0
1740978276 45716 0
1740978279 45671 0
1740978281 45938 0
1740978283 45910 0
1740978285 45829 0
1740978287 45760 0
1740978289 45749 0
1740978291 45725 0
1740978293 45716 0
1740978295 45644 0
1740978297 45785 0
1740978299 45816 0
1740978301 45828 0
1740978303 45888 0
1740978305 45946 0
1740978307 46372 0
1740978309 47006 0
1740978311 47550 0
1740978313 47843 0
1740978315 47869 0
1740978317 47769 0
1740978319 47744 0
1740978321 47699 0
1740978324 47620 0
1740978326 47515 0
1740978328 47536 0
1740978330 47611 0
1740978332 47513 0
1740978334 47311 0
1740978336 46640 0
1740978338 46322 0
1740978340 46080 0
1740978342 46071 0
1740978344 45835 0
1740978346 45778 0
1740978348 45700 0
1740978350 45661 0
1740978352 45642 0
1740978354 45589 0
1740978356 45580 0
1740978358 45588 0
1740978360 45544 0
1740978362 45591 0
1740978364 45571 0
1740978366 45632 0
1740978369 45680 0
1740978371 45651 0
1740978373 45759 0
1740978375 46055 0
1740978377 46396 0
1740978379 46951 0
1740978381 47404 0
1740978383 47643 0
1740978385 47686 0
1740978387 47739 0
1740978389 47627 0
1740978391 47637 0
1740978393 47550 0
1740978395 47346 0
1740978397 47408 0
1740978399 47496 0
1740978401 47620 0
1740978403 47046 0
1740978405 46510 0
1740978407 46186 0
1740978409 45924 0
1740978411 45826 0
1740978413 45717 0
1740978416 45704 0
1740978418 45658 0
1740978420 45630 0
1740978422 45681 0
1740978424 45644 0
1740978426 45594 0
1740978428 45650 0
1740978430 45661 0
1740978432 45677 0
1740978434 45505 0
1740978436 45556 0
1740978438 45600 0
1740978440 45774 0
1740978442 45836 0
1740978444 45728 0
1740978446 45631 0
1740978448 45676 0
1740978450 45616 0
1740978452 45849 0
1740978454 46027 0
1740978456 46452 0
1740978458 47033 0
1740978460 47787 0
1740978463 47854 0
1740978465 48021 0
1740978467 47755 0
1740978469 47755 0
1740978471 47814 0
1740978473 47085 0
1740978475 46498 0
1740978477 46124 0
1740978479 45865 0
1740978481 45815 0
1740978483 45755 0
1740978485 45659 0
1740978487 45733 0
1740978489 45786 0
1740978491 45778 0
1740978493 45746 0
1740978495 45684 0
1740978497 45630 0
1740978499 45711 0
1740978501 45635 0
1740978503 45796 0
1740978505 45797 0
1740978507 45971 0
1740978510 45820 0
1740978512 45662 0
1740978514 45745 0
1740978516 45746 0
1740978518 45772 0
1740978520 45791 0
1740978522 46184 0
1740978524 46578 0
1740978526 46741 0
1740978528 47176 0
1740978530 47634 0
1740978532 47999 0
1740978534 48045 0
1740978536 48021 0
1740978538 47962 0
1740978540 47552 0
1740978542 46840 0
1740978544 46350 0
1740978546 46101 0
1740978548 46186 0
1740978550 46012 0
1740978552 45899 0
1740978555 45819 0
1740978557 45763 0
1740978559 45644 0
1740978561 45655 0
1740978563 45655 0
1740978565 45578 0
1740978567 45636 0
1740978569 45622 0
1740978571 45629 0
1740978573 45597 0
1740978575 45692 0
1740978577 45645 0
1740978579 45845 0
1740978581 46091 0
1740978583 46267 0
1740978585 46565 0
1740978587 47177 0
1740978589 47605 0
1740978591 47779 0
1740978593 47737 0
1740978595 47699 0
1740978597 47659 0
1740978599 47628 0
1740978602 47619 0
1740978604 47556 0
1740978606 47710 0
1740978608 47652 0
1740978610 47143 0
1740978612 46581 0
1740978614 46223 0
1740978616 45903 0
1740978618 45751 0
1740978620 45607 0
1740978622 45684 0
1740978624 45679 0
1740978626 45708 0
1740978628 45802 0
1740978630 45737 0
1740978632 45733 0
1740978634 45639 0
1740978636 45647 0
1740978638 45590 0
1740978640 45784 0
1740978642 45856 0
1740978644 45758 0
1740978646 45639 0
1740978649 45710 0
1740978651 45749 0
1740978653 45874 0
1740978655 46224 0
1740978657 46743 0
1740978659 47373 0
1740978661 47647 0
1740978663 47646 0
1740978665 47606 0
1740978667 47690 0
1740978669 47761 0
1740978671 47597 0
1740978673 47581 0
1740978675 47457 0
1740978677 47336 0
1740978679 46724 0
1740978681 46291 0
1740978683 46098 0
1740978685 45875 0
1740978687 45831 0
1740978689 45819 0
1740978691 45802 0
1740978694 45819 0
1740978696 45681 0
1740978698 45676 0
1740978700 45834 0
1740978702 45864 0
1740978704 45717 0
1740978706 45643 0
1740978708 45627 0
1740978710 45777 0
1740978712 45647 0
1740978714 45760 0
1740978716 45687 0
1740978718 45685 0
1740978720 45601 0
1740978722 45625 0
1740978724 45695 0
1740978726 45717 0
1740978728 45933 0
1740978730 46060 0
1740978732 46236 0
1740978734 46723 0
1740978736 47171 0
1740978738 47636 0
1740978741 47955 0
1740978743 47996 0
1740978745 47909 0
1740978747 47409 0
1740978749 46823 0
1740978751 46319 0
1740978753 46096 0
1740978755 45882 0
1740978757 45784 0
1740978759 45710 0
1740978761 45922 0
1740978763 45844 0
1740978765 45793 0
1740978767 45846 0
1740978769 45776 0
1740978771 45736 0
1740978773 45753 0
1740978775 45726 0
1740978777 45764 0
1740978779 45685 0
1740978781 45655 0
1740978783 45642 0
1740978785 45670 0
1740978788 45799 0
1740978790 45871 0
1740978792 45703 0
1740978794 45735 0
1740978796 45908 0
1740978798 46011 0
1740978800 46282 0
1740978802 46609 0
1740978804 47120 0
1740978806 47614 0
1740978808 47949 0
1740978810 47969 0
1740978812 47916 0
1740978814 47710 0
1740978816 47063 0
1740978818 46569 0
1740978820 46530 0
1740978822 46246 0
1740978824 46145 0
1740978826 46064 0
1740978828 45912 0
1740978830 45789 0
1740978833 45689 0
1740978835 45708 0
1740978837 45639 0
1740978839 45594 0
1740978841 45633 0
1740978843 45641 0
1740978845 45611 0
1740978847 45892 0
1740978849 45805 0
1740978851 45801 0
1740978853 45774 0
1740978855 45934 0
1740978857 46047 0
1740978859 46431 0
1740978861 46796 0
1740978863 47305 0
1740978865 47673 0
1740978867 47886 0
1740978869 47758 0
1740978871 47710 0
1740978873 47714 0
1740978875 47711 0
1740978878 47687 0
1740978880 47623 0
1740978882 47879 0
1740978884 47234 0
1740978886 46573 0
1740978888 46365 0
1740978890 46185 0
1740978892 46034 0
1740978894 45840 0
1740978896 45836 0
1740978898 45712 0
1740978900 45687 0
1740978902 45729 0
1740978904 45628 0
1740978906 45563 0
1740978908 45713 0
1740978910 45726 0
1740978912 45574 0
1740978914 45608 0
1740978916 45600 0
1740978918 45639 0
1740978920 45674 0
1740978922 45861 0
1740978925 45880 0
1740978927 46195 0
1740978929 46580 0
1740978931 47138 0
1740978933 47606 0
1740978935 47783 0
1740978937 47725 0
1740978939 47813 0
1740978941 48008 0
1740978943 47896 0
1740978945 47669 0
1740978947 47667 0
1740978949 47488 0
1740978951 47579 0
1740978953 46896 0
1740978955 46485 0
1740978957 46249 0
1740978959 45968 0
1740978961 45933 0
1740978963 45786 0
1740978965 45631 0
1740978967 45692 0
1740978969 45719 0
1740978972 45764 0
1740978974 45724 0
1740978976 45696 0
1740978978 45719 0
1740978980 45629 0
1740978982 45639 0
1740978984 45726 0
1740978986 45659 0
1740978988 45726 0
1740978990 45789 0
1740978992 45715 0
1740978994 45757 0
1740978996 45567 0
1740978998 45671 0
1740979000 45773 0
1740979002 45917 0
1740979004 46020 0
1740979006 46183 0
1740979008 46562 0
1740979010 47184 0
1740979012 47686 0
1740979014 47908 0
1740979017 47867 0
1740979019 47790 0
1740979021 47404 0
1740979023 46721 0
1740979025 46315 0
1740979027 46162 0
1740979029 46114 0
1740979031 46008 0
1740979033 45929 0
1740979035 45841 0
1740979037 45663 0
1740979039 45769 0
1740979041 45739 0
1740979043 45765 0
1740979045 45601 0
1740979047 45599 0
1740979049 45599 0
1740979051 45567 0
1740979053 45619 0
1740979055 45538 0
1740979057 45523 0
1740979059 45608 0
1740979061 45845 0
1740979064 45594 0
1740979066 45576 0
1740979068 45544 0
1740979070 45646 0
1740979072 45690 0
1740979074 45780 0
1740979076 46158 0
1740979078 46672 0
1740979080 47293 0
1740979082 47660 0
1740979084 47804 0
1740979086 47902 0
1740979088 48107 0
1740979090 47358 0
1740979092 46705 0
1740979094 46310 0
1740979096 46114 0
1740979098 46051 0
1740979100 45961 0
1740979102 45919 0
1740979104 45721 0
1740979107 45798 0
1740979109 45650 0
1740979111 45684 0
1740979113 45743 0
1740979115 45778 0
1740979117 45679 0
1740979119 45758 0
1740979121 45905 0
1740979123 45888 0
1740979125 45781 0
1740979127 45747 0
1740979129 45774 0
1740979131 45874 0
1740979133 46240 0
1740979135 46678 0
1740979137 47378 0
1740979139 47713 0
1740979141 47806 0
1740979143 47831 0
1740979145 47789 0
1740979147 47781 0
1740979149 47858 0
1740979152 47839 0
1740979154 47600 0
1740979156 47716 0
1740979158 47485 0
1740979160 46868 0
1740979162 46418 0
1740979164 46266 0
1740979166 45991 0
1740979168 45951 0
1740979170 45834 0
1740979172 45830 0
1740979174 45801 0
1740979176 45856 0
1740979178 45768 0
1740979180 45959 0
1740979182 45832 0
1740979184 45717 0
1740979186 45705 0
1740979188 45574 0
1740979190 45626 0
1740979192 45752 0
1740979194 45816 0
1740979196 45780 0
1740979199 45982 0
1740979201 46050 0
1740979203 46415 0
1740979205 46969 0
1740979207 47588 0
1740979209 47882 0
1740979211 47966 0
1740979213 47831 0
1740979215 47816 0
1740979217 47826 0
1740979219 47702 0
1740979221 47676 0
1740979223 47686 0
1740979225 47695 0
1740979227 47396 0
1740979229 46696 0
1740979231 46317 0
1740979233 46020 0
1740979235 45893 0
1740979237 45811 0
1740979239 45881 0
1740979241 45984 0
1740979243 45726 0
1740979246 45680 0
1740979248 45755 0
1740979250 45799 0
1740979252 45739 0
1740979254 45729 0
1740979256 45730 0
1740979258 45710 0
1740979260 45612 0
1740979262 45766 0
1740979264 45610 0
1740979266 45652 0
1740979268 45885 0
1740979270 45776 0
1740979272 45712 0
1740979274 45771 0
1740979276 45838 0
1740979278 45988 0
1740979280 46179 0
1740979282 46613 0
1740979284 47098 0
1740979286 47590 0
1740979288 47863 0
1740979291 47983 0
1740979293 47893 0
1740979295 47862 0
1740979297 47000 0
1740979299 46652 0
1740979301 46462 0
1740979303 46044 0
1740979305 45822 0
1740979307 45762 0
1740979309 45734 0
1740979311 45723 0
1740979313 45718 0
1740979315 45816 0
1740979317 45868 0
1740979319 45796 0
1740979321 45744 0
1740979323 45721 0
1740979325 45655 0
1740979327 45768 0
1740979329 45853 0
1740979331 45809 0
1740979333 45738 0
1740979335 45870 0
1740979338 45762 0
1740979340 45745 0
1740979342 45823 0
1740979344 45866 0
1740979346 45901 0
1740979348 46143 0
1740979350 46325 0
1740979352 46704 0
1740979354 47320 0
1740979356 47691 0
1740979358 47852 0
1740979360 48149 0
1740979362 48166 0
1740979364 47748 0
1740979366 47037 0
1740979368 46367 0
1740979370 46271 0
1740979372 46143 0
1740979374 46022 0
1740979376 45991 0
1740979378 45876 0
1740979380 45861 0
1740979382 45787 0
1740979385 45772 0
1740979387 45768 0
1740979389 45949 0
1740979391 45871 0
1740979393 45811 0
1740979395 45907 0
1740979397 45853 0
1740979399 45869 0
1740979401 45851 0
1740979403 45943 0
1740979405 46066 0
1740979407 46353 0
1740979409 46726 0
1740979411 47284 0
1740979413 47738 0
1740979415 47971 0
1740979417 47982 0
1740979419 47883 0
1740979421 47927 0
1740979423 47912 0
1740979425 47867 0
1740979427 47816 0
1740979430 47839 0
1740979432 47667 0
1740979434 46895 0
1740979436 46426 0
1740979438 46184 0
1740979440 46039 0
1740979442 45893 0
1740979444 45892 0
1740979446 45840 0
1740979448 45816 0
1740979450 45863 0
1740979452 45827 0
1740979454 45792 0
1740979456 45769 0
1740979458 45753 0
1740979460 45722 0
1740979462 45672 0
1740979464 45768 0
1740979466 45806 0
1740979468 45830 0
1740979470 45778 0
1740979472 45924 0
1740979475 46104 0
1740979477 46314 0
1740979479 46777 0
1740979481 47502 0
1740979483 47701 0
1740979485 47736 0
1740979487 47814 0
1740979489 47935 0
1740979491 47865 0
1740979493 47863 0
1740979495 47785 0
1740979497 47635 0
1740979499 47620 0
1740979501 47376 0
1740979503 46683 0
1740979505 46318 0
1740979507 46152 0
1740979509 46063 0
1740979511 45898 0
1740979513 45831 0
1740979515 45728 0
1740979517 45751 0
1740979519 45686 0
1740979522 45696 0
1740979524 45736 0
1740979526 45849 0
1740979528 45823 0
1740979530 45770 0
1740979532 45838 0
1740979534 45747 0
1740979536 45732 0
1740979538 45671 0
1740979540 45734 0
1740979542 45831 0
1740979544 45754 0
1740979546 45794 0
1740979548 45677 0
1740979550 45781 0
1740979552 45783 0
1740979554 45984 0
1740979556 46214 0
1740979558 46725 0
1740979560 47222 0
1740979562 47496 0
1740979564 47750 0
1740979566 48016 0
1740979569 48089 0
1740979571 47303 0
1740979573 46653 0
1740979575 46363 0
1740979577 46036 0
1740979579 45878 0
1740979581 45780 0
1740979583 45789 0
1740979585 45755 0
1740979587 45833 0
1740979589 45826 0
1740979591 45776 0
1740979593 45818 0
1740979595 45828 0
1740979597 45854 0
1740979599 45878 0
1740979601 46039 0
1740979603 45832 0
1740979605 45674 0
1740979607 45711 0
1740979609 45818 0
1740979611 45813 0
1740979614 45752 0
1740979616 45810 0
1740979618 45797 0
1740979620 45892 0
1740979622 45893 0
1740979624 46034 0
1740979626 46364 0
1740979628 47051 0
1740979630 47570 0
1740979632 47770 0
1740979634 47868 0
1740979636 47943 0
1740979638 47656 0
1740979640 47030 0
1740979642 46596 0
1740979644 46202 0
1740979646 45948 0
1740979648 45859 0
1740979650 45704 0
1740979652 45659 0
1740979654 45766 0
1740979656 45703 0
1740979658 45716 0
1740979661 45980 0
1740979663 45830 0
1740979665 45806 0
1740979667 45921 0
1740979669 45854 0
1740979671 45935 0
1740979673 45719 0
1740979675 45676 0
1740979677 45583 0
1740979679 45849 0
1740979681 46034 0
1740979683 46502 0
1740979685 46955 0
1740979687 47607 0
1740979689 47763 0
1740979691 47890 0
1740979693 47933 0
1740979695 47898 0
1740979697 47804 0
1740979699 47791 0
1740979702 47676 0
1740979704 47687 0
1740979706 47710 0
1740979708 47324 0
1740979710 46853 0
1740979712 46418 0
1740979714 46109 0
1740979716 46069 0
1740979718 45904 0
1740979720 46065 0
1740979722 46100 0
1740979724 45956 0
1740979726 45861 0
1740979728 45907 0
1740979730 45991 0
1740979732 45975 0
1740979734 45955 0
1740979736 45896 0
1740979738 45788 0
1740979740 45873 0
1740979742 46488 0
1740979744 46356 0
1740979746 46380 0
1740979749 46815 0
1740979751 47209 0
1740979753 47681 0
1740979755 48010 0
1740979757 48114 0
1740979759 48100 0
1740979761 48054 0
1740979763 48085 0
1740979765 48065 0
1740979767 48053 0
1740979769 47909 0
1740979771 47923 0
1740979773 47803 0
1740979775 47849 0
1740979777 47172 0
1740979779 46740 0
1740979781 46565 0
1740979783 46202 0
1740979785 46134 0
1740979787 45994 0
1740979789 45833 0
1740979791 45859 0
1740979793 45924 0
1740979796 45942 0
1740979798 46061 0
1740979800 45947 0
1740979802 45959 0
1740979804 45973 0
1740979806 45931 0
1740979808 46075 0
1740979810 46045 0
1740979812 45948 0
1740979814 45880 0
1740979816 45938 0
1740979818 45970 0
1740979820 46026 0
1740979822 46047 0
1740979824 46068 0
1740979826 46127 0
1740979828 46308 0
1740979830 46753 0
1740979832 47247 0
1740979834 47786 0
1740979836 48017 0
1740979838 48113 0
1740979841 48339 0
1740979843 48328 0
1740979845 47866 0
1740979847 47152 0
1740979849 46587 0
1740979851 46282 0
1740979853 46193 0
1740979855 46215 0
1740979857 46146 0
1740979859 46080 0
1740979861 45919 0
1740979863 45973 0
1740979865 45928 0
1740979867 46090 0
1740979869 46182 0
1740979871 46220 0
1740979873 46212 0
1740979875 46213 0
1740979877 46146 0
1740979879 46043 0
1740979881 46074 0
1740979883 45985 0
1740979885 45945 0
1740979888 46016 0
1740979890 46031 0
1740979892 46022 0
1740979894 46099 0
1740979896 46257 0
1740979898 46614 0
1740979900 47257 0
1740979902 47871 0
1740979904 48092 0
1740979906 48155 0
1740979908 48074 0
1740979910 48064 0
1740979912 47984 0
1740979914 47332 0
1740979916 46801 0
1740979918 46398 0
1740979920 46240 0
1740979922 46128 0
1740979924 46050 0
1740979926 46103 0
1740979928 46192 0
1740979930 46147 0
1740979933 46035 0
1740979935 46033 0
1740979937 46035 0
1740979939 45966 0
1740979941 45980 0
1740979943 46094 0
1740979945 46029 0
1740979947 46073 0
1740979949 46063 0
1740979951 46146 0
1740979953 46308 0
1740979955 46511 0
1740979957 46985 0
1740979959 47885 0
1740979961 48299 0
1740979963 48286 0
1740979965 48291 0
1740979967 48262 0
1740979969 48167 0
1740979971 48122 0
1740979973 48059 0
1740979975 48076 0
1740979977 47935 0
1740979980 47903 0
1740979982 47421 0
1740979984 46883 0
1740979986 46434 0
1740979988 46300 0
1740979990 46367 0
1740979992 46172 0
1740979994 46215 0
1740979996 46139 0
1740979998 46033 0
1740980000 46080 0
1740980002 46181 0
1740980004 46235 0
1740980006 46147 0
1740980008 46200 0
1740980010 46378 0
1740980012 46111 0
1740980014 46228 0
1740980016 46276 0
1740980018 46422 0
1740980020 46758 0
1740980022 47048 0
1740980025 47521 0
1740980027 47994 0
1740980029 48277 0
1740980031 48314 0
1740980033 48471 0
1740980035 48523 0
1740980037 48374 0
1740980039 48270 0
1740980041 48213 0
1740980043 48217 0
1740980045 48158 0
1740980047 48288 0
1740980049 48388 0
1740980051 47730 0
1740980053 47195 0
1740980055 46963 0
1740980057 46659 0
1740980059 46538 0
1740980061 46439 0
1740980063 46324 0
1740980065 46339 0
1740980067 46406 0
1740980069 46302 0
1740980072 46384 0
1740980074 46440 0
1740980076 46365 0
1740980078 46262 0
1740980080 46385 0
1740980082 46372 0
1740980084 46319 0
1740980086 46337 0
1740980088 46351 0
1740980090 46313 0
1740980092 46401 0
1740980094 46349 0
1740980096 46300 0
1740980098 46422 0
1740980100 46470 0
1740980102 46741 0
1740980104 47232 0
1740980106 47789 0
1740980108 48408 0
1740980110 48551 0
1740980112 48591 0
1740980114 48413 0
1740980116 48406 0
1740980119 48244 0
1740980121 47446 0
1740980123 47055 0
1740980125 46681 0
1740980127 46706 0
1740980129 46647 0
1740980131 46532 0
1740980133 46529 0
1740980135 46479 0
1740980137 46366 0
1740980139 46430 0
1740980141 46539 0
1740980143 46502 0
1740980145 46541 0
1740980147 46454 0
1740980149 46427 0
1740980151 46368 0
1740980153 46365 0
1740980155 46414 0
1740980157 46476 0
1740980159 46385 0
1740980161 46499 0
1740980163 46463 0
1740980166 46465 0
1740980168 46630 0
1740980170 46868 0
1740980172 47219 0
1740980174 47733 0
1740980176 48217 0
1740980178 48456 0
1740980180 48491 0
1740980182 48564 0
1740980184 48552 0
1740980186 48459 0
1740980188 48044 0
1740980190 47389 0
1740980192 46920 0
1740980194 46769 0
1740980196 46535 0
1740980198 46533 0
1740980200 46807 0
1740980202 46692 0
1740980204 46612 0
1740980206 46554 0
1740980209 46524 0
1740980211 46559 0
1740980213 46435 0
1740980215 46355 0
1740980217 46282 0
1740980219 46266 0
1740980221 46972 0
1740980223 46720 0
1740980225 46782 0
1740980227 47195 0
1740980229 47780 0
1740980231 48273 0
1740980233 48380 0
1740980235 48483 0
1740980237 48600 0
1740980239 48602 0
1740980241 48494 0
1740980243 48390 0
1740980245 48368 0
1740980247 48243 0
1740980249 48136 0
1740980251 48037 0
1740980253 48109 0
1740980256 48041 0
1740980258 47422 0
1740980260 47094 0
1740980262 46920 0
1740980264 46620 0
1740980266 46516 0
1740980268 46427 0
1740980270 46412 0
1740980272 46446 0
1740980274 46537 0
1740980276 46483 0
1740980278 46338 0
1740980280 46389 0
1740980282 46216 0
1740980284 46281 0
1740980286 46270 0
1740980288 46547 0
1740980290 46475 0
1740980292 46466 0
1740980294 46493 0
1740980296 46453 0
1740980298 46488 0
1740980301 46783 0
1740980303 47358 0
1740980305 47834 0
1740980307 48315 0
1740980309 48375 0
1740980311 48362 0
1740980313 48382 0
1740980315 48343 0
1740980317 48303 0
1740980319 48325 0
1740980321 48478 0
1740980323 48391 0
1740980325 47997 0
1740980327 47371 0
1740980329 46858 0
1740980331 46682 0
1740980333 46546 0
1740980335 46474 0
1740980337 46344 0
1740980339 46374 0
1740980341 46288 0
1740980343 46309 0
1740980345 46398 0
1740980348 46447 0
1740980350 46504 0
1740980352 46389 0
1740980354 46501 0
1740980356 46472 0
1740980358 46416 0
1740980360 46423 0
1740980362 46371 0
1740980364 46400 0
1740980366 46348 0
1740980368 46472 0
1740980370 46626 0
1740980372 46740 0
1740980374 46945 0
1740980376 47335 0
1740980378 47745 0
1740980380 48293 0
1740980382 48641 0
1740980384 48635 0
1740980386 48529 0
1740980388 48539 0
1740980390 48411 0
1740980393 48310 0
1740980395 47711 0
1740980397 47286 0
1740980399 46968 0
1740980401 46687 0
1740980403 46584 0
1740980405 46391 0
1740980407 46545 0
1740980409 47613 0
1740980411 47213 0
1740980413 47014 0
1740980415 46820 0
1740980417 46570 0
1740980419 46548 0
1740980421 46358 0
1740980423 46380 0
1740980425 46446 0
1740980427 46358 0
1740980429 46444 0
1740980431 46322 0
1740980433 46382 0
1740980435 46532 0
1740980437 46488 0
1740980440 46552 0
1740980442 46792 0
1740980444 47056 0
1740980446 47331 0
1740980448 47718 0
1740980450 48339 0
1740980452 48452 0
1740980454 48545 0
1740980456 48525 0
1740980458 48488 0
1740980460 48448 0
1740980462 48288 0
1740980464 47488 0
1740980466 47043 0
1740980468 46957 0
1740980470 46786 0
1740980472 46725 0
1740980474 46550 0
1740980476 46595 0
1740980478 46589 0
1740980480 46469 0
1740980482 46432 0
1740980484 46409 0
1740980487 46393 0
1740980489 46445 0
1740980491 46454 0
1740980493 47072 0
1740980495 46817 0
1740980497 46709 0
1740980499 46512 0
1740980501 46875 0
1740980503 47251 0
1740980505 47793 0
1740980507 48155 0
1740980509 48413 0
1740980511 48475 0
1740980513 48495 0
1740980515 48492 0
1740980517 48424 0
1740980519 48478 0
1740980521 48330 0
1740980523 48517 0
1740980525 48469 0
1740980527 48307 0
1740980529 48338 0
1740980532 47853 0
1740980534 47415 0
1740980536 46962 0
1740980538 46680 0
1740980540 46550 0
1740980542 46564 0
1740980544 46495 0
1740980546 46468 0
1740980548 46429 0
1740980550 46452 0
1740980552 46444 0
1740980554 46419 0
1740980556 46478 0
1740980558 46432 0
1740980560 46717 0
1740980562 46685 0
1740980564 46541 0
1740980566 46501 0
1740980568 46621 0
1740980570 46946 0
1740980572 47325 0
1740980574 47887 0
1740980576 48268 0
1740980579 48477 0
1740980581 48496 0
1740980583 48589 0
1740980585 48617 0
1740980587 48692 0
1740980589 48563 0
1740980591 48542 0
1740980593 48455 0
1740980595 48404 0
1740980597 48376 0
1740980599 48368 0
1740980601 47749 0
1740980603 47225 0
1740980605 46994 0
1740980607 46731 0
1740980609 46567 0
1740980611 46511 0
1740980613 46564 0
1740980615 46524 0
1740980617 46525 0
1740980619 46494 0
1740980621 46744 0
1740980623 46626 0
1740980626 46478 0
1740980628 46415 0
1740980630 46472 0
1740980632 46496 0
1740980634 46530 0
1740980636 46482 0
1740980638 46366 0
1740980640 46439 0
1740980642 46441 0
1740980644 46381 0
1740980646 46363 0
1740980648 46574 0
1740980650 46866 0
1740980652 47166 0
1740980654 47718 0
1740980656 48187 0
1740980658 48654 0
1740980660 48678 0
1740980662 48575 0
1740980664 48596 0
1740980666 48633 0
1740980668 47954 0
1740980670 47404 0
1740980673 47024 0
1740980675 46768 0
1740980677 46631 0
1740980679 46506 0
1740980681 46797 0
1740980683 46617 0
1740980685 46364 0
1740980687 46410 0
1740980689 46394 0
1740980691 46381 0
1740980693 46362 0
1740980695 46387 0
1740980697 46376 0
1740980699 46394 0
1740980701 46384 0
1740980703 46356 0
1740980705 46334 0
1740980707 46443 0
1740980709 46567 0
1740980711 46522 0
1740980713 46470 0
1740980716 46536 0
1740980718 46615 0
1740980720 46881 0
1740980722 47171 0
1740980724 47758 0
1740980726 48193 0
1740980728 48452 0
1740980730 48503 0
1740980732 48305 0
1740980734 48335 0
1740980736 48263 0
1740980738 47420 0
1740980740 47246 0
1740980742 46975 0
1740980744 46697 0
1740980746 46647 0
1740980748 46557 0
1740980750 46536 0
1740980752 46498 0
1740980754 46467 0
1740980756 46324 0
1740980758 46256 0
1740980760 46186 0
1740980763 46305 0
1740980765 46202 0
1740980767 46350 0
1740980769 46419 0
1740980771 46468 0
1740980773 46429 0
1740980775 46600 0
1740980777 46818 0
1740980779 47100 0
1740980781 47532 0
1740980783 47974 0
1740980785 48232 0
1740980787 48443 0
1740980789 48399 0
1740980791 48364 0
1740980793 48233 0
1740980795 48278 0
1740980797 48269 0
1740980799 48130 0
1740980801 48300 0
1740980803 48144 0
1740980805 47950 0
1740980807 47274 0
1740980810 46865 0
1740980812 46626 0
1740980814 46481 0
1740980816 46381 0
1740980818 46315 0
1740980820 46276 0
1740980822 46335 0
1740980824 46341 0
1740980826 46240 0
1740980828 46481 0
1740980830 46292 0
1740980832 46222 0
1740980834 46033 0
1740980836 46224 0
1740980838 46281 0
1740980840 46306 0
1740980842 46479 0
1740980844 46547 0
1740980846 46741 0
1740980848 47135 0
1740980850 47698 0
1740980852 48128 0
1740980855 48370 0
1740980857 48386 0
1740980859 48461 0
1740980861 48870 0
1740980863 48759 0
1740980865 48518 0
1740980867 48387 0
1740980869 48267 0
1740980871 48166 0
1740980873 48137 0
1740980875 47629 0
1740980877 47201 0
1740980879 46767 0
1740980881 46652 0
1740980883 46618 0
1740980885 46467 0
1740980887 46562 0
1740980889 46649 0
1740980891 46433 0
1740980893 46358 0
1740980895 46400 0
1740980897 46429 0
1740980899 46325 0
1740980902 46229 0
1740980904 46396 0
1740980906 46396 0
1740980908 46536 0
1740980910 46479 0
1740980912 46283 0
1740980914 46313 0
1740980916 46276 0
1740980918 46431 0
1740980920 46492 0
1740980922 46666 0
1740980924 46750 0
1740980926 47260 0
1740980928 47630 0
1740980930 48172 0
1740980932 48465 0
1740980934 48591 0
1740980936 48528 0
1740980938 48503 0
1740980940 48492 0
1740980942 48260 0
1740980944 47654 0
1740980946 47289 0
1740980949 47119 0
1740980951 46790 0
1740980953 46670 0
1740980955 46638 0
1740980957 46600 0
1740980959 46555 0
1740980961 46529 0
1740980963 46388 0
1740980965 46391 0
1740980967 46429 0
1740980969 46496 0
1740980971 47491 0
1740980973 47182 0
1740980975 46906 0
1740980977 46605 0
1740980979 46537 0
1740980981 46559 0
1740980983 46465 0
1740980985 46382 0
1740980987 46260 0
1740980989 46280 0
1740980991 46385 0
1740980994 46563 0
1740980996 46978 0
1740980998 47544 0
1740981000 48091 0
1740981002 48341 0
1740981004 48413 0
1740981006 48455 0
1740981008 48557 0
1740981010 48400 0
1740981012 47961 0
1740981014 47376 0
1740981016 47062 0
1740981018 46730 0
1740981020 46497 0
1740981022 46583 0
1740981024 46483 0
1740981026 46443 0
1740981028 46531 0
1740981030 46544 0
1740981032 46520 0
1740981034 46547 0
1740981036 46510 0
1740981038 46503 0
1740981041 46648 0
1740981043 46538 0
1740981045 46473 0
1740981047 46481 0
1740981049 46558 0
1740981051 46757 0
1740981053 46996 0
1740981055 47511 0
1740981057 48054 0
1740981059 48355 0
1740981061 48434 0
1740981063 48284 0
1740981065 48288 0
1740981067 48310 0
1740981069 48343 0
1740981071 48250 0
1740981073 48266 0
1740981075 48325 0
1740981077 48225 0
1740981079 48170 0
1740981081 47443 0
1740981083 46951 0
1740981086 46683 0
1740981088 46578 0
1740981090 46490 0
1740981092 46468 0
1740981094 46423 0
1740981096 46373 0
1740981098 46276 0
1740981100 46407 0
1740981102 46396 0
1740981104 46314 0
1740981106 46223 0
1740981108 46263 0
1740981110 46277 0
1740981112 46435 0
1740981114 46390 0
1740981116 46463 0
1740981118 46538 0
1740981120 46835 0
1740981122 47260 0
1740981124 47772 0
1740981126 48148 0
1740981128 48476 0
1740981130 48439 0
1740981133 48380 0
1740981135 48298 0
1740981137 48232 0
1740981139 48305 0
1740981141 48287 0
1740981143 48232 0
1740981145 48170 0
1740981147 48227 0
1740981149 47832 0
1740981151 47177 0
1740981153 46914 0
1740981155 46636 0
1740981157 46556 0
1740981159 46483 0
1740981161 46619 0
1740981163 46428 0
1740981165 46388 0
1740981167 46343 0
1740981169 46301 0
1740981171 46275 0
1740981173 46344 0
1740981175 46307 0
1740981178 46199 0
1740981180 46301 0
1740981182 46291 0
1740981184 46172 0
1740981186 46116 0
1740981188 46324 0
1740981190 46339 0
1740981192 46344 0
1740981194 46547 0
1740981196 46612 0
1740981198 46618 0
1740981200 46756 0
1740981202 47095 0
1740981204 47698 0
1740981206 48058 0
1740981208 48350 0
1740981210 48334 0
1740981212 48347 0
1740981214 48387 0
1740981216 48406 0
1740981218 47864 0
1740981220 47507 0
1740981222 46933 0
1740981225 46788 0
1740981227 46574 0
1740981229 46464 0
1740981231 46513 0
1740981233 46414 0
1740981235 46378 0
1740981237 46342 0
1740981239 46286 0
1740981241 46340 0
1740981243 46370 0
1740981245 46281 0
1740981247 46332 0
1740981249 46366 0
1740981251 46323 0
1740981253 46332 0
1740981255 46351 0
1740981257 46420 0
1740981259 46360 0
1740981261 46408 0
1740981263 46472 0
1740981265 46502 0
1740981267 46712 0
1740981270 46997 0
1740981272 47542 0
1740981274 48054 0
1740981276 48389 0
1740981278 48535 0
1740981280 48610 0
1740981282 48770 0
1740981284 48609 0
1740981286 48168 0
1740981288 47430 0
1740981290 46967 0
1740981292 46800 0
1740981294 46594 0
1740981296 46520 0
1740981298 46310 0
1740981300 46340 0
1740981302 46359 0
1740981304 46261 0
1740981306 46286 0
1740981308 46413 0
1740981310 46563 0
1740981312 46367 0
1740981314 46280 0
1740981317 46290 0
1740981319 46329 0
1740981321 46409 0
1740981323 46642 0
1740981325 46750 0
1740981327 46924 0
1740981329 47339 0
1740981331 47950 0
1740981333 48309 0
1740981335 48419 0
1740981337 48355 0
1740981339 48447 0
1740981341 48509 0
1740981343 48339 0
1740981345 48194 0
1740981347 48183 0
1740981349 48076 0
1740981351 48137 0
1740981353 48065 0
1740981355 47448 0
1740981357 46967 0
1740981359 46710 0
1740981361 46469 0
1740981364 46481 0
1740981366 46453 0
1740981368 46438 0
1740981370 46534 0
1740981372 46431 0
1740981374 46365 0
1740981376 46422 0
1740981378 46348 0
1740981380 46210 0
1740981382 46414 0
1740981384 46427 0
1740981386 46265 0
1740981388 46353 0
1740981390 46301 0
1740981392 46406 0
1740981394 46562 0
1740981396 47124 0
1740981398 47678 0
1740981400 48332 0
1740981402 48401 0
1740981404 48467 0
1740981406 48369 0
1740981409 48175 0
1740981411 48293 0
1740981413 48369 0
1740981415 48227 0
1740981417 48057 0
1740981419 48066 0
1740981421 48129 0
1740981423 47984 0
1740981425 47257 0
1740981427 46977 0
1740981429 46761 0
1740981431 46508 0
1740981433 46512 0
1740981435 46478 0
1740981437 46462 0
1740981439 46366 0
1740981441 46336 0
1740981443 46315 0
1740981445 46279 0
1740981447 46414 0
1740981449 46473 0
1740981451 47185 0
1740981453 47063 0
1740981456 46809 0
1740981458 46521 0
1740981460 46457 0
1740981462 46500 0
1740981464 46361 0
1740981466 46370 0
1740981468 46389 0
1740981470 46328 0
1740981472 46427 0
1740981474 46741 0
1740981476 47216 0
1740981478 47707 0
1740981480 48166 0
1740981482 48332 0
1740981484 48346 0
1740981486 48338 0
1740981488 48499 0
1740981490 48320 0
1740981492 47962 0
1740981494 47390 0
1740981496 46831 0
1740981498 46554 0
1740981501 46367 0
1740981503 46375 0
1740981505 46234 0
1740981507 46161 0
1740981509 46162 0
1740981511 46143 0
1740981513 46269 0
1740981515 46185 0
1740981517 46152 0
1740981519 46154 0
1740981521 46241 0
1740981523 46105 0
1740981525 46087 0
1740981527 46051 0
1740981529 46218 0
1740981531 46204 0
1740981533 46166 0
1740981535 46145 0
1740981537 46089 0
1740981539 46068 0
1740981541 46062 0
1740981543 46229 0
1740981546 46439 0
1740981548 46985 0
1740981550 47781 0
1740981552 48095 0
1740981554 48213 0
1740981556 48144 0
1740981558 48183 0
1740981560 48258 0
1740981562 47494 0
1740981564 46946 0
1740981566 46622 0
1740981568 46579 0
1740981570 46385 0
1740981572 46268 0
1740981574 46208 0
1740981576 46171 0
1740981578 46144 0
1740981580 46267 0
1740981582 46049 0
1740981584 45979 0
1740981586 46004 0
1740981588 46060 0
1740981590 46138 0
1740981593 46148 0
1740981595 46127 0
1740981597 46108 0
1740981599 46095 0
1740981601 46244 0
1740981603 46588 0
1740981605 46999 0
1740981607 47602 0
1740981609 48136 0
1740981611 48249 0
1740981613 48267 0
1740981615 48258 0
1740981617 48080 0
1740981619 48055 0
1740981621 48010 0
1740981623 47951 0
1740981625 47922 0
1740981627 48085 0
1740981629 47740 0
1740981631 47209 0
1740981633 46875 0
1740981635 46630 0
1740981637 46587 0
1740981640 46508 0
1740981642 46415 0
1740981644 46180 0
1740981646 46198 0
1740981648 46255 0
1740981650 46341 0
1740981652 46321 0
1740981654 46400 0
1740981656 46250 0
1740981658 46233 0
1740981660 46189 0
1740981662 46186 0
1740981664 46219 0
1740981666 46274 0
1740981668 46467 0
1740981670 46682 0
1740981672 47160 0
1740981674 47566 0
1740981676 48094 0
1740981678 48231 0
1740981680 48282 0
1740981682 48299 0
1740981685 48211 0
1740981687 48187 0
1740981689 48109 0
1740981691 48151 0
1740981693 48103 0
1740981695 48073 0
1740981697 48203 0
1740981699 47630 0
1740981701 47186 0
1740981703 46721 0
1740981705 46452 0
1740981707 46339 0
1740981709 46170 0
1740981711 46159 0
1740981713 46201 0
1740981715 46284 0
1740981717 46348 0
1740981719 46202 0
1740981721 46047 0
1740981723 46115 0
1740981725 46157 0
1740981727 46125 0
1740981729 46147 0
1740981732 46198 0
1740981734 46268 0
1740981736 46489 0
1740981738 46437 0
1740981740 46389 0
1740981742 46353 0
1740981744 46314 0
1740981746 46433 0
1740981748 46643 0
1740981750 46921 0
1740981752 47314 0
1740981754 47945 0
1740981756 48206 0
1740981758 48245 0
1740981760 48606 0
1740981762 48359 0
1740981764 48204 0
1740981766 48089 0
1740981768 47403 0
1740981770 47023 0
1740981772 46827 0
1740981774 46590 0
1740981776 46492 0
1740981779 46326 0
1740981781 46296 0
1740981783 46177 0
1740981785 46140 0
1740981787 46296 0
1740981789 46416 0
1740981791 46374 0
1740981793 46394 0
1740981795 46500 0
1740981797 46388 0
1740981799 46556 0
1740981801 46363 0
1740981803 46247 0
1740981805 46388 0
1740981807 46441 0
1740981809 46315 0
1740981811 46349 0
1740981813 46336 0
1740981815 46467 0
1740981817 46596 0
1740981819 47061 0
1740981821 47683 0
1740981824 48236 0
1740981826 48357 0
1740981828 48328 0
1740981830 48476 0
1740981832 48333 0
1740981834 48242 0
1740981836 47906 0
1740981838 47224 0
1740981840 46828 0
1740981842 46574 0
1740981844 46505 0
1740981846 46402 0
1740981848 46530 0
1740981850 46363 0
1740981852 46313 0
1740981854 46189 0
1740981856 46109 0
1740981858 46045 0
1740981860 46168 0
1740981862 46277 0
1740981864 46270 0
1740981866 46265 0
1740981868 46375 0
1740981871 46290 0
1740981873 46371 0
1740981875 46425 0
1740981877 46625 0
1740981879 47162 0
1740981881 47943 0
1740981883 48272 0
1740981885 48322 0
1740981887 48367 0
1740981889 48403 0
1740981891 48288 0
1740981893 48268 0
1740981895 48279 0
1740981897 48142 0
1740981899 48075 0
1740981901 48150 0
1740981903 48136 0
1740981905 47611 0
1740981907 47111 0
1740981909 46923 0
1740981911 46644 0
1740981913 46432 0
1740981916 46581 0
1740981918 46497 0
1740981920 46436 0
1740981922 46323 0
1740981924 46330 0
1740981926 46394 0
1740981928 46445 0
1740981930 46375 0
1740981932 46434 0
1740981934 46394 0
1740981936 46357 0
1740981938 46405 0
1740981940 46598 0
1740981942 46655 0
1740981944 46814 0
1740981946 47166 0
1740981948 47774 0
1740981950 48113 0
1740981952 48288 0
1740981954 48454 0
1740981956 48416 0
1740981958 48408 0
1740981960 48280 0
1740981963 48338 0
1740981965 48287 0
1740981967 48278 0
1740981969 48498 0
1740981971 48210 0
1740981973 47782 0
1740981975 47180 0
1740981977 46848 0
1740981979 46557 0
1740981981 46520 0
1740981983 46367 0
1740981985 46329 0
1740981987 46460 0
1740981989 46268 0
1740981991 46247 0
1740981993 46435 0
1740981995 46438 0
1740981997 46431 0
1740981999 46402 0
1740982001 46497 0
1740982003 46351 0
1740982005 46224 0
1740982007 46242 0
1740982010 46284 0
1740982012 46327 0
1740982014 46217 0
1740982016 46227 0
1740982018 46366 0
1740982020 46430 0
1740982022 46585 0
1740982024 46822 0
1740982026 47331 0
1740982028 47991 0
1740982030 48344 0
1740982032 48403 0
1740982034 48398 0
1740982036 48450 0
1740982038 48489 0
1740982040 48426 0
1740982042 47791 0
1740982044 47231 0
1740982046 46931 0
1740982048 46782 0
1740982050 46555 0
1740982052 46428 0
1740982054 46488 0
1740982057 46430 0
1740982059 46275 0
1740982061 46600 0
1740982063 46549 0
1740982065 46506 0
1740982067 46379 0
1740982069 46490 0
1740982071 46486 0
1740982073 46354 0
1740982075 46409 0
1740982077 46381 0
1740982079 46457 0
1740982081 46406 0
1740982083 46387 0
1740982085 46260 0
1740982087 46336 0
1740982089 46475 0
1740982091 46648 0
1740982093 47008 0
1740982095 47458 0
1740982097 48031 0
1740982099 48345 0
1740982101 48472 0
1740982104 48508 0
1740982106 48477 0
1740982108 48500 0
1740982110 48062 0
1740982112 47351 0
1740982114 46958 0
1740982116 46678 0
1740982118 46549 0
1740982120 46609 0
1740982122 46551 0
1740982124 46634 0
1740982126 46638 0
1740982128 46516 0
1740982130 46416 0
1740982132 46307 0
1740982134 46218 0
1740982136 46410 0
1740982138 46407 0
1740982140 46424 0
1740982142 46545 0
1740982144 46486 0
1740982146 46570 0
1740982149 46923 0
1740982151 47249 0
1740982153 47658 0
1740982155 48141 0
1740982157 48374 0
1740982159 48381 0
1740982161 48409 0
1740982163 48500 0
1740982165 48376 0
1740982167 48490 0
1740982169 48410 0
1740982171 48352 0
1740982173 48333 0
1740982175 48316 0
1740982177 48240 0
1740982179 47823 0
1740982181 47530 0
1740982183 46959 0
1740982185 46536 0
1740982187 46465 0
1740982189 46463 0
1740982191 46269 0
1740982193 46217 0
1740982196 46339 0
1740982198 46275 0
1740982200 46231 0
1740982202 46200 0
1740982204 46264 0
1740982206 46460 0
1740982208 46493 0
1740982210 46595 0
1740982212 46426 0
1740982214 46544 0
1740982216 46607 0
1740982218 46750 0
1740982220 47258 0
1740982222 47857 0
1740982224 48257 0
1740982226 48604 0
1740982228 48541 0
1740982230 48363 0
1740982232 48465 0
1740982234 48493 0
1740982236 48394 0
1740982238 48298 0
1740982240 48472 0
1740982243 48422 0
1740982245 48350 0
1740982247 48215 0
1740982249 47496 0
1740982251 47001 0
1740982253 46710 0
1740982255 46438 0
1740982257 46360 0
1740982259 46376 0
1740982261 46188 0
1740982263 46263 0
1740982265 46139 0
1740982267 46275 0
1740982269 46297 0
1740982271 46723 0
1740982273 47486 0
1740982275 47830 0
1740982277 47454 0
1740982279 46993 0
1740982281 46767 0
1740982283 46567 0
1740982285 46366 0
1740982288 46332 0
1740982290 46292 0
1740982292 46352 0
1740982294 46428 0
1740982296 46379 0
1740982298 46529 0
1740982300 47237 0
1740982302 47652 0
1740982304 48377 0
1740982306 48423 0
1740982308 48487 0
1740982310 48387 0
1740982312 48341 0
1740982314 48353 0
1740982316 47660 0
1740982318 47062 0
1740982320 46914 0
1740982322 46640 0
1740982324 46459 0
1740982326 46279 0
1740982328 46471 0
1740982330 46387 0
1740982332 46276 0
1740982335 46269 0
1740982337 46282 0
1740982339 46326 0
1740982341 46242 0
1740982343 46287 0
1740982345 46205 0
1740982347 46323 0
1740982349 46367 0
1740982351 46199 0
1740982353 46117 0
1740982355 46085 0
1740982357 46124 0
1740982359 46152 0
1740982361 46368 0
1740982363 46370 0
1740982365 46596 0
1740982367 46791 0
1740982369 47520 0
1740982371 48191 0
1740982373 48314 0
1740982375 48376 0
1740982377 48369 0
1740982379 48398 0
1740982382 48255 0
1740982384 48260 0
1740982386 47433 0
1740982388 46909 0
1740982390 46686 0
1740982392 46531 0
1740982394 46516 0
1740982396 46622 0
1740982398 46492 0
1740982400 46396 0
1740982402 46479 0
1740982404 46266 0
1740982406 46307 0
1740982408 46456 0
1740982410 46388 0
1740982412 46220 0
1740982414 46205 0
1740982416 46244 0
1740982418 46259 0
1740982420 46501 0
1740982422 46702 0
1740982424 46966 0
1740982427 47273 0
1740982429 47833 0
1740982431 48136 0
1740982433 48268 0
1740982435 48301 0
1740982437 48192 0
1740982439 48208 0
1740982441 48123 0
1740982443 48162 0
1740982445 48144 0
1740982447 48311 0
1740982449 48280 0
1740982451 48147 0
1740982453 47921 0
1740982455 47405 0
1740982457 46957 0
1740982459 46694 0
1740982461 46480 0
1740982463 46500 0
1740982465 46535 0
1740982467 46354 0
1740982469 46274 0
1740982471 46209 0
1740982474 46218 0
1740982476 46204 0
1740982478 46281 0
1740982480 46372 0
1740982482 46367 0
1740982484 46288 0
1740982486 46259 0
1740982488 46349 0
1740982490 46267 0
1740982492 46440 0
1740982494 46774 0
1740982496 47185 0
1740982498 47991 0
1740982500 48248 0
1740982502 48305 0
1740982504 48260 0
1740982506 48141 0
1740982508 48290 0
1740982510 48238 0
1740982512 48152 0
1740982514 48081 0
1740982516 48146 0
1740982518 48197 0
1740982521 48335 0
1740982523 47761 0
1740982525 47022 0
1740982527 46780 0
1740982529 46602 0
1740982531 46542 0
1740982533 46441 0
1740982535 46411 0
1740982537 46238 0
1740982539 46367 0
1740982541 46414 0
1740982543 46341 0
1740982545 46288 0
1740982547 46217 0
1740982549 46286 0
1740982551 46330 0
1740982553 46366 0
1740982555 46454 0
1740982557 46324 0
1740982559 46347 0
1740982561 46304 0
1740982563 46365 0
1740982566 46321 0
1740982568 46430 0
1740982570 46470 0
1740982572 46800 0
1740982574 47213 0
1740982576 47776 0
1740982578 48142 0
1740982580 48342 0
1740982582 48377 0
1740982584 48413 0
1740982586 48463 0
1740982588 48345 0
1740982590 48246 0
1740982592 47486 0
1740982594 47111 0
1740982596 46741 0
1740982598 46384 0
1740982600 46483 0
1740982602 46414 0
1740982604 46297 0
1740982606 46281 0
1740982608 46406 0
1740982610 46320 0
1740982613 46257 0
1740982615 46293 0
1740982617 46210 0
1740982619 46211 0
1740982621 46202 0
1740982623 46459 0
1740982625 46271 0
1740982627 46362 0
1740982629 46259 0
1740982631 46395 0
1740982633 46326 0
1740982635 46289 0
1740982637 46262 0
1740982639 46413 0
1740982641 46673 0
1740982643 47196 0
1740982645 47770 0
1740982647 48097 0
1740982649 48389 0
1740982651 48474 0
1740982653 48422 0
1740982655 48303 0
1740982658 48285 0
1740982660 47799 0
1740982662 47334 0
1740982664 46821 0
1740982666 46570 0
1740982668 46438 0
1740982670 46266 0
1740982672 46382 0
1740982674 46567 0
1740982676 46538 0
1740982678 46503 0
1740982680 46570 0
1740982682 46461 0
1740982684 46299 0
1740982686 46340 0
1740982688 46395 0
1740982690 46526 0
1740982692 46539 0
1740982694 46575 0
1740982696 46583 0
1740982698 46846 0
1740982700 47240 0
1740982702 47768 0
1740982705 48086 0
1740982707 48415 0
1740982709 48398 0
1740982711 48457 0
1740982713 48486 0
1740982715 48436 0
1740982717 48396 0
1740982719 48267 0
1740982721 48500 0
1740982723 48492 0
1740982725 48265 0
1740982727 48198 0
1740982729 47446 0
1740982731 47029 0
1740982733 46686 0
1740982735 46530 0
1740982737 46448 0
1740982739 46463 0
1740982741 46459 0
1740982743 46423 0
1740982745 46613 0
1740982747 46859 0
1740982749 46859 0
1740982752 46803 0
1740982754 46727 0
1740982756 46722 0
1740982758 46681 0
1740982760 46757 0
1740982762 46748 0
1740982764 46872 0
1740982766 47107 0
1740982768 47626 0
1740982770 48195 0
1740982772 48656 0
1740982774 48807 0
1740982776 48764 0
1740982778 48754 0
1740982780 48771 0
1740982782 48713 0
1740982784 48693 0
1740982786 48599 0
1740982788 48527 0
1740982790 48490 0
1740982792 48439 0
1740982794 48402 0
1740982797 47951 0
1740982799 47334 0
1740982801 47001 0
1740982803 46878 0
1740982805 46937 0
1740982807 46856 0
1740982809 46798 0
1740982811 46708 0
1740982813 46633 0
1740982815 46619 0
1740982817 46476 0
1740982819 46490 0
1740982821 46469 0
1740982823 46625 0
1740982825 46557 0
1740982827 46435 0
1740982829 46303 0
1740982831 46442 0
1740982833 46537 0
1740982835 46528 0
1740982838 46557 0
1740982840 46607 0
1740982842 46900 0
1740982844 46939 0
1740982846 47083 0
1740982848 47493 0
1740982850 48001 0
1740982852 48380 0
1740982854 48600 0
1740982856 48838 0
1740982858 48665 0
1740982860 48742 0
1740982862 48743 0
1740982864 48710 0
1740982866 47858 0
1740982868 47530 0
1740982870 47152 0
1740982872 46993 0
1740982874 46750 0
1740982876 46547 0
1740982878 46438 0
1740982880 46576 0
1740982882 46565 0
1740982885 46622 0
1740982887 46574 0
1740982889 46557 0
1740982891 46910 0
1740982893 47015 0
1740982895 46885 0
1740982897 46705 0
1740982899 46678 0
1740982901 46823 0
1740982903 46840 0
1740982905 46754 0
1740982907 46702 0
1740982909 46629 0
1740982911 46783 0
1740982913 47013 0
1740982915 47257 0
1740982917 47816 0
1740982919 48252 0
1740982921 48520 0
1740982923 48617 0
1740982926 48664 0
1740982928 48821 0
1740982930 48948 0
1740982932 48725 0
1740982934 48234 0
1740982936 47592 0
1740982938 47220 0
1740982940 46970 0
1740982942 46710 0
1740982944 46567 0
1740982946 46481 0
1740982948 46579 0
1740982950 46611 0
1740982952 46747 0
1740982954 46755 0
1740982956 46687 0
1740982958 46609 0
1740982960 47132 0
1740982962 47210 0
1740982964 47081 0
1740982966 46962 0
1740982968 47079 0
1740982970 47286 0
1740982973 47635 0
1740982975 48143 0
1740982977 48486 0
1740982979 48710 0
1740982981 48689 0
1740982983 48612 0
1740982985 48680 0
1740982987 48851 0
1740982989 48826 0
1740982991 48704 0
1740982993 48620 0
1740982995 48537 0
1740982997 48534 0
1740982999 48531 0
1740983001 48547 0
1740983003 48036 0
1740983005 47574 0
1740983007 47176 0
1740983009 46890 0
1740983011 46795 0
1740983013 46777 0
1740983015 46782 0
1740983018 46566 0
1740983020 46682 0
1740983022 46739 0
1740983024 46823 0
1740983026 46719 0
1740983028 46708 0
1740983030 46624 0
1740983032 46544 0
1740983034 46625 0
1740983036 46596 0
1740983038 46686 0
1740983040 46963 0
1740983042 47210 0
1740983044 47812 0
1740983046 48293 0
1740983048 48822 0
1740983050 48905 0
1740983052 48986 0
1740983054 48937 0
1740983056 48727 0
1740983058 48647 0
1740983060 48674 0
1740983062 48706 0
1740983065 48737 0
1740983067 48617 0
1740983069 48467 0
1740983071 48428 0
1740983073 47890 0
1740983075 47353 0
1740983077 47132 0
1740983079 46999 0
1740983081 47065 0
1740983083 47078 0
1740983085 46839 0
1740983087 46831 0
1740983089 46845 0
1740983091 46767 0
1740983093 46843 0
1740983095 46850 0
1740983097 47125 0
1740983099 46919 0
1740983101 47678 0
1740983103 47244 0
1740983105 47646 0
1740983107 47434 0
1740983109 47700 0
1740983112 47615 0
1740983114 47558 0
1740983116 47465 0
1740983118 47728 0
1740983120 48124 0
1740983122 48568 0
1740983124 49035 0
1740983126 48940 0
1740983128 48995 0
1740983130 48951 0
1740983132 48764 0
1740983134 48726 0
1740983136 48723 0
1740983138 48668 0
1740983140 48191 0
1740983142 47546 0
1740983144 47314 0
1740983146 47134 0
1740983148 46934 0
1740983150 46811 0
1740983152 46838 0
1740983154 46827 0
1740983157 46772 0
1740983159 46861 0
1740983161 46861 0
1740983163 46825 0
1740983165 46858 0
1740983167 47128 0
1740983169 47533 0
1740983171 47672 0
1740983173 47287 0
1740983175 47120 0
1740983177 46858 0
1740983179 46710 0
1740983181 46746 0
1740983183 46790 0
1740983185 46955 0
1740983187 47143 0
1740983189 47525 0
1740983191 48146 0
1740983193 48576 0
1740983195 48754 0
1740983197 48718 0
1740983199 48879 0
1740983201 49058 0
1740983204 49114 0
1740983206 48990 0
1740983208 48713 0
1740983210 48118 0
1740983212 47632 0
1740983214 47364 0
1740983216 47247 0
1740983218 47032 0
1740983220 46945 0
1740983222 46862 0
1740983224 46814 0
1740983226 46726 0
1740983228 46966 0
1740983230 46981 0
1740983232 46965 0
1740983234 46808 0
1740983236 46964 0
1740983238 46878 0
1740983240 46933 0
1740983242 47009 0
1740983244 47128 0
1740983246 47522 0
1740983248 48029 0
1740983251 48402 0
1740983253 48807 0
1740983255 48899 0
1740983257 48931 0
1740983259 48920 0
1740983261 49244 0
1740983263 49069 0
1740983265 48937 0
1740983267 48855 0
1740983269 48660 0
1740983271 48900 0
1740983273 48954 0
1740983275 48821 0
1740983277 48400 0
1740983279 47720 0
1740983281 47426 0
1740983283 47352 0
1740983285 47231 0
1740983287 47184 0
1740983289 47124 0
1740983291 46996 0
1740983293 47081 0
1740983296 47065 0
1740983298 47013 0
1740983300 47128 0
1740983302 47064 0
1740983304 47029 0
1740983306 46967 0
1740983308 47049 0
1740983310 47059 0
1740983312 47301 0
1740983314 47796 0
1740983316 48316 0
1740983318 48747 0
1740983320 49150 0
1740983322 49153 0
1740983324 49117 0
1740983326 49032 0
1740983328 48976 0
1740983330 48930 0
1740983332 48798 0
1740983334 48777 0
1740983336 48751 0
1740983338 48607 0
1740983340 48589 0
1740983343 48639 0
1740983345 48599 0
1740983347 48029 0
1740983349 47852 0
1740983351 47538 0
1740983353 47331 0
1740983355 47261 0
1740983357 47100 0
1740983359 47068 0
1740983361 46969 0
1740983363 46851 0
1740983365 46805 0
1740983367 46895 0
1740983369 46915 0
1740983371 46923 0
1740983373 46913 0
1740983375 46935 0
1740983377 46741 0
1740983379 46869 0
1740983381 46919 0
1740983383 47113 0
1740983385 47224 0
1740983387 47069 0
1740983390 47205 0
1740983392 47399 0
1740983394 47714 0
1740983396 48221 0
1740983398 48686 0
1740983400 49030 0
1740983402 49094 0
1740983404 48939 0
1740983406 48929 0
1740983408 49040 0
1740983410 49045 0
1740983412 49026 0
1740983414 48646 0
1740983416 48021 0
1740983418 47640 0
1740983420 47470 0
1740983422 47330 0
1740983424 47322 0
1740983426 47225 0
1740983428 47284 0
1740983430 47302 0
1740983432 47208 0
1740983435 47252 0
1740983437 47254 0
1740983439 47199 0
1740983441 47446 0
1740983443 47367 0
1740983445 47235 0
1740983447 47189 0
1740983449 46975 0
1740983451 46972 0
1740983453 47184 0
1740983455 47126 0
1740983457 47174 0
1740983459 47364 0
1740983461 47597 0
1740983463 48035 0
1740983465 48530 0
1740983467 49045 0
1740983469 49266 0
1740983471 49191 0
1740983473 49108 0
1740983475 49162 0
1740983477 49258 0
1740983479 49327 0
1740983482 49281 0
1740983484 48840 0
1740983486 48187 0
1740983488 47962 0
1740983490 47669 0
1740983492 47551 0
1740983494 47440 0
1740983496 47238 0
1740983498 47077 0
1740983500 47258 0
1740983502 47186 0
1740983504 47087 0
1740983506 47042 0
1740983508 47121 0
1740983510 47159 0
1740983512 46967 0
1740983514 47099 0
1740983516 47229 0
1740983518 47440 0
1740983520 47751 0
1740983522 48256 0
1740983524 48826 0
1740983527 49053 0
1740983529 49521 0
1740983531 49469 0
1740983533 49282 0
1740983535 49280 0
1740983537 49190 0
1740983539 49051 0
1740983541 48897 0
1740983543 48899 0
1740983545 48883 0
1740983547 48916 0
1740983549 48857 0
1740983551 48746 0
1740983553 48030 0
1740983555 47686 0
1740983557 47523 0
1740983559 47601 0
1740983561 47690 0
1740983563 47424 0
1740983565 47171 0
1740983567 47172 0
1740983569 47051 0
1740983571 46900 0
1740983574 46911 0
1740983576 47002 0
1740983578 47001 0
1740983580 47029 0
1740983582 47005 0
1740983584 47067 0
1740983586 47271 0
1740983588 47430 0
1740983590 47948 0
1740983592 48469 0
1740983594 48707 0
1740983596 49044 0
1740983598 49280 0
1740983600 49213 0
1740983602 49037 0
1740983604 49080 0
1740983606 48914 0
1740983608 48808 0
1740983610 48852 0
1740983612 49015 0
1740983614 49040 0
1740983616 48990 0
1740983619 49225 0
1740983621 48997 0
1740983623 48363 0
1740983625 47885 0
1740983627 47566 0
1740983629 47368 0
1740983631 47334 0
1740983633 47318 0
1740983635 47113 0
1740983637 47051 0
1740983639 46864 0
1740983641 47734 0
1740983643 47471 0
1740983645 47303 0
1740983647 47326 0
1740983649 47255 0
1740983651 47162 0
1740983653 47030 0
1740983655 47163 0
1740983657 47211 0
1740983659 47563 0
1740983661 47721 0
1740983663 47950 0
1740983666 48162 0
1740983668 48648 0
1740983670 49031 0
1740983672 49295 0
1740983674 49402 0
1740983676 49412 0
1740983678 49356 0
1740983680 49531 0
1740983682 49574 0
1740983684 49489 0
1740983686 49289 0
1740983688 49112 0
1740983690 48508 0
1740983692 47983 0
1740983694 47805 0
1740983696 47702 0
1740983698 47513 0
1740983700 47436 0
1740983702 47314 0
1740983704 47249 0
1740983706 47320 0
1740983708 47193 0
1740983710 47159 0
1740983713 47141 0
1740983715 47177 0
1740983717 47080 0
1740983719 47090 0
1740983721 47124 0
1740983723 47205 0
1740983725 47244 0
1740983727 47273 0
1740983729 47292 0
1740983731 47217 0
1740983733 47280 0
1740983735 47477 0
1740983737 47831 0
1740983739 48373 0
1740983741 49025 0
1740983743 49276 0
1740983745 49298 0
1740983747 49239 0
1740983749 49129 0
1740983751 49200 0
1740983753 49135 0
1740983755 49166 0
1740983757 48899 0
1740983760 48189 0
1740983762 47841 0
1740983764 47514 0
1740983766 47338 0
1740983768 47306 0
1740983770 47236 0
1740983772 47113 0
1740983774 47071 0
1740983776 47070 0
1740983778 47015 0
1740983780 46996 0
1740983782 47015 0
1740983784 46950 0
1740983786 46913 0
1740983788 47090 0
1740983790 47001 0
1740983792 47096 0
1740983794 47838 0
1740983796 48206 0
1740983798 48857 0
1740983800 49429 0
1740983802 49261 0
1740983805 49236 0
1740983807 49255 0
1740983809 49139 0
1740983811 49088 0
1740983813 48977 0
1740983815 48921 0
1740983817 48860 0
1740983819 48864 0
1740983821 48855 0
1740983823 48807 0
1740983825 49046 0
1740983827 48584 0
1740983829 48100 0
1740983831 47722 0
1740983833 47537 0
1740983835 47634 0
1740983837 47319 0
1740983839 47144 0
1740983841 46938 0
1740983843 47138 0
1740983845 47193 0
1740983847 47305 0
1740983849 47174 0
1740983852 47276 0
1740983854 47272 0
1740983856 47298 0
1740983858 47094 0
1740983860 47332 0
1740983862 47570 0
1740983864 47762 0
1740983866 48134 0
1740983868 48549 0
1740983870 48769 0
1740983872 48942 0
1740983874 49030 0
1740983876 49465 0
1740983878 49347 0
1740983880 49190 0
1740983882 49191 0
1740983884 49202 0
1740983886 49123 0
1740983888 49288 0
1740983890 49271 0
1740983892 49180 0
1740983894 49020 0
1740983896 48536 0
1740983899 48134 0
1740983901 47812 0
1740983903 47682 0
1740983905 47444 0
1740983907 47512 0
1740983909 47342 0
1740983911 47324 0
1740983913 47253 0
1740983915 47269 0
1740983917 47375 0
1740983919 47311 0
1740983921 47643 0
1740983923 47504 0
1740983925 47425 0
1740983927 47116 0
1740983929 47087 0
1740983931 46948 0
1740983933 46896 0
1740983935 47001 0
1740983937 47071 0
1740983939 47212 0
1740983941 47380 0
1740983944 47903 0
1740983946 48622 0
1740983948 49174 0
1740983950 49326 0
1740983952 49299 0
1740983954 49240 0
1740983956 49261 0
1740983958 49201 0
1740983960 49323 0
1740983962 49223 0
1740983964 48624 0
1740983966 48076 0
1740983968 47870 0
1740983970 47800 0
1740983972 47545 0
1740983974 47327 0
1740983976 47235 0
1740983978 47271 0
1740983980 47484 0
1740983982 47313 0
1740983984 47375 0
1740983986 47366 0
1740983988 47414 0
1740983991 47467 0
1740983993 47342 0
1740983995 47388 0
1740983997 47338 0
1740983999 47360 0
1740984001 47382 0
1740984003 47187 0
1740984005 47312 0
1740984007 47560 0
1740984009 48197 0
1740984011 48671 0
1740984013 49256 0
1740984015 49496 0
1740984017 49558 0
1740984019 49479 0
1740984021 49619 0
1740984023 49598 0
1740984025 49503 0
1740984027 49623 0
1740984029 49702 0
1740984031 49391 0
1740984034 48792 0
1740984036 48288 0
1740984038 47889 0
1740984040 47725 0
1740984042 47792 0
1740984044 47745 0
1740984046 47567 0
1740984048 47523 0
1740984050 47547 0
1740984052 47695 0
1740984054 47895 0
1740984056 47716 0
1740984058 47573 0
1740984060 47486 0
1740984062 47981 0
1740984064 48083 0
1740984066 48162 0
1740984068 48881 0
1740984070 49291 0
1740984072 49566 0
1740984075 49562 0
1740984077 49533 0
1740984079 49555 0
1740984081 49628 0
1740984083 49469 0
1740984085 49305 0
1740984087 49381 0
1740984089 49346 0
1740984091 49349 0
1740984093 49366 0
1740984095 49526 0
1740984097 49596 0
1740984099 49648 0
1740984101 49543 0
1740984103 48865 0
1740984105 48458 0
1740984107 48054 0
1740984109 47875 0
1740984111 47608 0
1740984113 47626 0
1740984115 47570 0
1740984117 47559 0
1740984119 47506 0
1740984122 48271 0
1740984124 48036 0
1740984126 47708 0
1740984128 47623 0
1740984130 47847 0
1740984132 47781 0
1740984134 47953 0
1740984136 48280 0
1740984138 48991 0
1740984140 49355 0
1740984142 49528 0
1740984144 49673 0
1740984146 49658 0
1740984148 49932 0
1740984150 49736 0
1740984152 49919 0
1740984154 49771 0
1740984156 49591 0
1740984158 49496 0
1740984160 49983 0
1740984163 49700 0
1740984165 49592 0
1740984167 49476 0
1740984169 49318 0
1740984171 48890 0
1740984173 48292 0
1740984175 48083 0
1740984177 47773 0
1740984179 47695 0
1740984181 47463 0
1740984183 47467 0
1740984185 47487 0
1740984187 47618 0
1740984189 47560 0
1740984191 47539 0
1740984193 47447 0
1740984195 47479 0
1740984197 47441 0
1740984199 47458 0
1740984201 47350 0
1740984203 47540 0
1740984205 47425 0
1740984208 47568 0
1740984210 47556 0
1740984212 47641 0
1740984214 47870 0
1740984216 48392 0
1740984218 48979 0
1740984220 49403 0
1740984222 49664 0
1740984224 49683 0
1740984226 49704 0
1740984228 49627 0
1740984230 49596 0
1740984232 49509 0
1740984234 49429 0
1740984236 49377 0
1740984238 49095 0
1740984240 48539 0
1740984242 48339 0
1740984244 48026 0
1740984246 47902 0
1740984248 47941 0
1740984250 47892 0
1740984252 47839 0
1740984255 47852 0
1740984257 47782 0
1740984259 47776 0
1740984261 47855 0
1740984263 47737 0
1740984265 47632 0
1740984267 47516 0
1740984269 47679 0
1740984271 47536 0
1740984273 47708 0
1740984275 47720 0
1740984277 47668 0
1740984279 47813 0
1740984281 48079 0
1740984283 48520 0
1740984285 48851 0
1740984287 49309 0
1740984289 49708 0
1740984291 49761 0
1740984293 50152 0
1740984295 49989 0
1740984297 49768 0
1740984299 49669 0
1740984302 49668 0
1740984304 49683 0
1740984306 49493 0
1740984308 48922 0
1740984310 48376 0
1740984312 48354 0
1740984314 48085 0
1740984316 47921 0
1740984318 47692 0
1740984320 47656 0
1740984322 47778 0
1740984324 47954 0
1740984326 47948 0
1740984328 47927 0
1740984330 47796 0
1740984332 47886 0
1740984334 47971 0
1740984336 48097 0
1740984338 48394 0
1740984340 49264 0
1740984342 49639 0
1740984344 49942 0
1740984347 50023 0
1740984349 50042 0
1740984351 49815 0
1740984353 49814 0
1740984355 49762 0
1740984357 49648 0
1740984359 49496 0
1740984361 49387 0
1740984363 49390 0
1740984365 49475 0
1740984367 49522 0
1740984369 49577 0
1740984371 49585 0
1740984373 49692 0
1740984375 49601 0
1740984377 48959 0
1740984379 48569 0
1740984381 48334 0
1740984383 48051 0
1740984385 47796 0
1740984387 47712 0
1740984389 47650 0
1740984391 47653 0
1740984394 47581 0
1740984396 47598 0
1740984398 47763 0
1740984400 47781 0
1740984402 47689 0
1740984404 47695 0
1740984406 47777 0
1740984408 48001 0
1740984410 48477 0
1740984412 49044 0
1740984414 49419 0
1740984416 49626 0
1740984418 49683 0
1740984420 49695 0
1740984422 49553 0
1740984424 49436 0
1740984426 49642 0
1740984428 49706 0
1740984430 49503 0
1740984432 49567 0
1740984434 49605 0
1740984436 49340 0
1740984438 49605 0
1740984441 49625 0
1740984443 49896 0
1740984445 49288 0
1740984447 48834 0
1740984449 48558 0
1740984451 48218 0
1740984453 48255 0
1740984455 48040 0
1740984457 47724 0
1740984459 47640 0
1740984461 47859 0
1740984463 47781 0
1740984465 47699 0
1740984467 47599 0
1740984469 47667 0
1740984471 47646 0
1740984473 47738 0
1740984475 47885 0
1740984477 48031 0
1740984479 47809 0
1740984481 47841 0
1740984483 47728 0
1740984486 48122 0
1740984488 48602 0
1740984490 49383 0
1740984492 49699 0
1740984494 49944 0
1740984496 49978 0
1740984498 49929 0
1740984500 49874 0
1740984502 49872 0
1740984504 49805 0
1740984506 49785 0
1740984508 49780 0
1740984510 49675 0
1740984512 49593 0
1740984514 48998 0
1740984516 48591 0
1740984518 48324 0
1740984520 48283 0
1740984522 48151 0
1740984524 47983 0
1740984526 47966 0
1740984528 48121 0
1740984530 48042 0
1740984533 48026 0
1740984535 47833 0
1740984537 47841 0
1740984539 47826 0
1740984541 47668 0
1740984543 47751 0
1740984545 47811 0
1740984547 47784 0
1740984549 48187 0
1740984551 48292 0
1740984553 48283 0
1740984555 48564 0
1740984557 49072 0
1740984559 49522 0
1740984561 49975 0
1740984563 50002 0
1740984565 49977 0
1740984567 49959 0
1740984569 49969 0
1740984571 49820 0
1740984573 49823 0
1740984575 49727 0
1740984578 49679 0
1740984580 49641 0
1740984582 49324 0
1740984584 48806 0
1740984586 48570 0
1740984588 48511 0
1740984590 48222 0
1740984592 48497 0
1740984594 48311 0
1740984596 48298 0
1740984598 48114 0
1740984600 48025 0
1740984602 48805 0
1740984604 48490 0
1740984606 48326 0
1740984608 48353 0
1740984610 48447 0
1740984612 48506 0
1740984614 49076 0
1740984616 49549 0
1740984618 49965 0
1740984620 50165 0
1740984622 50159 0
1740984625 50351 0
1740984627 50186 0
1740984629 50047 0
1740984631 50102 0
1740984633 50023 0
1740984635 50036 0
1740984637 49971 0
1740984639 49966 0
1740984641 50102 0
1740984643 50284 0
1740984645 50169 0
1740984647 50270 0
1740984649 50258 0
1740984651 49587 0
1740984653 48887 0
1740984655 48660 0
1740984657 48335 0
1740984659 48162 0
1740984661 47998 0
1740984663 47861 0
1740984665 47915 0
1740984667 47809 0
1740984669 47973 0
1740984672 47906 0
1740984674 47942 0
1740984676 47919 0
1740984678 47915 0
1740984680 48165 0
1740984682 48469 0
1740984684 49042 0
1740984686 49673 0
1740984688 50285 0
1740984690 50430 0
1740984692 50421 0
1740984694 50387 0
1740984696 50341 0
1740984698 50416 0
1740984700 50505 0
1740984702 51300 0
1740984704 51024 0
1740984706 51678 0
1740984708 53138 0
1740984710 53258 0
1740984712 53415 0
1740984714 53510 0
1740984717 53390 0
1740984719 52614 0
1740984721 52612 0
1740984723 51298 0
1740984725 50902 0
1740984727 51089 0
1740984729 50362 0
1740984731 50218 0
1740984733 50321 0
1740984735 49896 0
1740984737 50070 0
1740984739 50912 0
1740984741 51309 0
1740984743 50707 0
1740984745 51098 0
1740984747 50736 0
1740984749 50888 0
1740984751 51279 0
1740984753 52248 0
1740984755 52386 0
1740984757 54305 0
1740984759 55027 0
1740984761 54230 0
1740984764 54773 0
1740984766 53982 0
1740984768 55980 0
1740984770 56435 0
1740984772 57394 0
1740984774 58091 0
1740984776 56403 0
1740984778 56213 0
1740984780 56133 0
1740984782 57677 0
1740984784 56063 0
1740984786 55427 0
1740984788 54544 0
1740984790 53761 0
1740984792 52644 0
1740984794 52170 0
1740984796 52057 0
1740984798 51263 0
1740984800 50551 0
1740984802 50137 0
1740984804 50317 0
1740984806 50943 0
1740984809 50931 0
1740984811 50514 0
1740984813 51824 0
1740984815 51839 0
1740984817 51490 0
1740984819 52662 0
1740984821 53614 0
1740984823 53276 0
1740984825 53033 0
1740984827 52598 0
1740984829 53129 0
1740984831 52819 0
1740984833 52270 0
1740984835 52036 0
1740984837 51515 0
1740984839 51529 0
1740984841 51928 0
1740984843 51640 0
1740984845 51298 0
1740984847 51540 0
1740984849 51539 0
1740984851 52535 0
1740984853 52882 0
1740984856 52756 0
1740984858 52960 0
1740984860 51894 0
1740984862 51228 0
1740984864 50608 0
1740984866 50348 0
1740984868 49778 0
1740984870 49089 0
1740984872 48766 0
1740984874 48380 0
1740984876 48146 0
1740984878 48190 0
1740984880 48204 0
1740984882 48213 0
1740984884 48062 0
1740984886 48062 0
1740984888 48327 0
1740984890 48856 0
1740984892 49321 0
1740984894 49702 0
1740984896 49771 0
1740984898 49997 0
1740984901 49829 0
1740984903 49696 0
1740984905 49674 0
1740984907 49792 0
1740984909 49785 0
1740984911 49748 0
1740984913 49622 0
1740984915 49763 0
1740984917 49631 0
1740984919 49547 0
1740984921 49522 0
1740984923 49641 0
1740984925 49145 0
1740984927 50229 0
1740984929 49383 0
1740984931 49861 0
1740984933 50003 0
1740984935 49508 0
1740984937 50068 0
1740984939 52483 0
1740984941 52542 0
1740984943 53403 0
1740984945 53458 0
1740984948 54106 0
1740984950 52876 0
1740984952 52650 0
1740984954 53438 0
1740984956 53632 0
1740984958 53833 0
1740984960 52746 0
1740984962 51934 0
1740984964 51229 0
1740984966 50778 0
1740984968 50554 0
1740984970 50337 0
1740984972 49990 0
1740984974 49979 0
1740984976 49806 0
1740984978 49747 0
1740984980 49689 0
1740984982 49709 0
1740984984 49811 0
1740984986 49795 0
1740984988 49996 0
1740984990 50061 0
1740984992 50054 0
1740984995 49450 0
1740984997 48995 0
1740984999 48645 0
1740985001 48576 0
1740985003 48336 0
1740985005 48203 0
1740985007 48094 0
1740985009 48071 0
1740985011 47994 0
1740985013 47923 0
1740985015 48034 0
1740985017 48063 0
1740985019 48011 0
1740985021 48027 0
1740985023 47963 0
1740985025 47963 0
1740985027 47948 0
1740985029 48088 0
1740985031 48132 0
1740985033 48241 0
1740985035 48599 0
1740985037 48983 0
1740985039 49600 0
1740985042 49733 0
1740985044 49951 0
1740985046 50028 0
1740985048 50084 0
1740985050 50122 0
1740985052 49913 0
1740985054 49834 0
1740985056 49630 0
1740985058 49658 0
1740985060 49988 0
1740985062 49468 0
1740985064 48685 0
1740985066 48405 0
1740985068 48108 0
1740985070 47948 0
1740985072 47929 0
1740985074 47897 0
1740985076 47844 0
1740985078 47856 0
1740985080 47998 0
1740985082 48340 0
1740985084 48139 0
1740985087 48106 0
1740985089 48113 0
1740985091 47973 0
1740985093 47855 0
1740985095 47976 0
1740985097 48041 0
1740985099 47891 0
1740985101 48025 0
1740985103 48094 0
1740985105 48351 0
1740985107 48925 0
1740985109 49605 0
1740985111 49911 0
1740985113 50202 0
1740985115 50261 0
1740985117 50117 0
1740985119 49987 0
1740985121 50022 0
1740985123 49932 0
1740985125 49720 0
1740985127 49732 0
1740985129 49697 0
1740985131 48995 0
1740985134 48564 0
1740985136 48237 0
1740985138 48075 0
1740985140 47966 0
1740985142 47996 0
1740985144 47993 0
1740985146 47919 0
1740985148 47914 0
1740985150 47950 0
1740985152 47781 0
1740985154 47823 0
1740985156 48055 0
1740985158 47937 0
1740985160 48177 0
1740985162 48257 0
1740985164 48553 0
1740985166 49110 0
1740985168 49620 0
1740985170 49901 0
1740985172 49870 0
1740985174 49905 0
1740985176 49807 0
1740985179 49785 0
1740985181 50014 0
1740985183 49886 0
1740985185 49830 0
1740985187 49808 0
1740985189 49764 0
1740985191 49731 0
1740985193 49667 0
1740985195 49630 0
1740985197 49816 0
1740985199 49629 0
1740985201 49011 0
1740985203 48744 0
1740985205 48435 0
1740985207 48383 0
1740985209 48234 0
1740985211 48115 0
1740985213 48175 0
1740985215 48030 0
1740985217 47872 0
1740985219 47888 0
1740985221 47900 0
1740985223 47975 0
1740985226 47879 0
1740985228 47938 0
1740985230 48037 0
1740985232 48266 0
1740985234 48749 0
1740985236 49314 0
1740985238 49738 0
1740985240 49981 0
1740985242 50032 0
1740985244 49936 0
1740985246 49789 0
1740985248 49797 0
1740985250 49808 0
1740985252 49896 0
1740985254 49951 0
1740985256 49915 0
1740985258 49688 0
1740985260 49751 0
1740985262 49766 0
1740985264 49836 0
1740985266 49896 0
1740985268 49559 0
1740985271 48856 0
1740985273 48547 0
1740985275 48215 0
1740985277 48122 0
1740985279 47972 0
1740985281 48197 0
1740985283 48107 0
1740985285 48025 0
1740985287 47816 0
1740985289 47737 0
1740985291 47711 0
1740985293 47817 0
1740985295 47867 0
1740985297 47786 0
1740985299 47802 0
1740985301 48044 0
1740985303 47980 0
1740985305 47892 0
1740985307 47894 0
1740985309 48149 0
1740985311 48510 0
1740985313 49113 0
1740985315 49690 0
1740985318 49821 0
1740985320 49834 0
1740985322 50018 0
1740985324 50009 0
1740985326 50003 0
1740985328 49970 0
1740985330 49975 0
1740985332 49885 0
1740985334 49788 0
1740985336 49661 0
1740985338 49077 0
1740985340 48573 0
1740985342 48205 0
1740985344 48020 0
1740985346 47946 0
1740985348 47781 0
1740985350 47663 0
1740985352 47612 0
1740985354 47683 0
1740985356 47752 0
1740985358 47819 0
1740985360 48224 0
1740985362 48043 0
1740985365 47950 0
1740985367 47938 0
1740985369 47924 0
1740985371 47977 0
1740985373 47916 0
1740985375 48013 0
1740985377 48111 0
1740985379 48415 0
1740985381 48976 0
1740985383 49517 0
1740985385 49931 0
1740985387 50044 0
1740985389 49952 0
1740985391 49914 0
1740985393 49888 0
1740985395 49942 0
1740985397 50039 0
1740985399 50045 0
1740985401 50004 0
1740985403 50011 0
1740985405 49605 0
1740985407 49065 0
1740985410 48659 0
1740985412 48399 0
1740985414 48179 0
1740985416 48030 0
1740985418 47890 0
1740985420 47913 0
1740985422 47889 0
1740985424 47823 0
1740985426 47687 0
1740985428 47640 0
1740985430 47815 0
1740985432 47694 0
1740985434 47679 0
1740985436 47591 0
1740985438 47801 0
1740985440 48154 0
1740985442 48827 0
1740985444 49259 0
1740985446 49633 0
1740985448 49914 0
1740985450 49947 0
1740985452 49858 0
1740985454 49733 0
1740985457 49747 0
1740985459 49671 0
1740985461 49735 0
1740985463 49678 0
1740985465 49682 0
1740985467 49802 0
1740985469 49632 0
1740985471 49603 0
1740985473 49829 0
1740985475 49169 0
1740985477 48722 0
1740985479 48353 0
1740985481 48265 0
1740985483 48003 0
1740985485 47911 0
1740985487 47675 0
1740985489 47643 0
1740985491 47542 0
1740985493 47527 0
1740985495 47443 0
1740985497 47531 0
1740985499 47481 0
1740985501 47639 0
1740985504 47539 0
1740985506 47705 0
1740985508 48186 0
1740985510 48842 0
1740985512 49332 0
1740985514 49501 0
1740985516 49732 0
1740985518 49680 0
1740985520 49878 0
1740985522 49741 0
1740985524 49838 0
1740985526 49747 0
1740985528 49685 0
1740985530 49570 0
1740985532 49517 0
1740985534 49521 0
1740985536 49589 0
1740985538 49594 0
1740985540 49726 0
1740985542 49387 0
1740985544 48822 0
1740985546 48401 0
1740985549 47990 0
1740985551 47887 0
1740985553 47609 0
1740985555 47614 0
1740985557 47748 0
1740985559 48095 0
1740985561 48996 0
1740985563 49027 0
1740985565 48823 0
1740985567 48638 0
1740985569 48406 0
1740985571 48138 0
1740985573 47938 0
1740985575 47920 0
1740985577 47898 0
1740985579 47935 0
1740985581 48110 0
1740985583 48200 0
1740985585 48507 0
1740985587 48994 0
1740985589 49485 0
1740985592 49703 0
1740985594 49857 0
1740985596 49794 0
1740985598 49703 0
1740985600 49916 0
1740985602 50154 0
1740985604 50012 0
1740985606 49944 0
1740985608 49743 0
1740985610 49663 0
1740985612 48924 0
1740985614 48475 0
1740985616 48251 0
1740985618 48075 0
1740985620 47927 0
1740985622 47880 0
1740985624 47774 0
1740985626 47845 0
1740985628 47721 0
1740985630 47717 0
1740985632 47680 0
1740985634 47810 0
1740985637 47876 0
1740985639 47841 0
1740985641 47766 0
1740985643 47706 0
1740985645 47730 0
1740985647 47891 0
1740985649 47776 0
1740985651 47800 0
1740985653 48209 0
1740985655 48546 0
1740985657 49148 0
1740985659 49500 0
1740985661 49998 0
1740985663 49995 0
1740985665 49949 0
1740985667 50058 0
1740985669 49957 0
1740985671 49995 0
1740985673 49973 0
1740985675 49828 0
1740985677 49867 0
1740985680 49574 0
1740985682 49373 0
1740985684 49271 0
1740985686 49109 0
1740985688 49083 0
1740985690 49118 0
1740985692 48997 0
1740985694 49041 0
1740985696 48709 0
1740985698 48230 0
1740985700 48064 0
1740985702 48171 0
1740985704 47973 0
1740985706 48058 0
1740985708 48211 0
1740985710 48413 0
1740985712 49378 0
1740985714 49870 0
1740985716 50270 0
1740985718 50383 0
1740985720 50787 0
1740985722 50717 0
1740985724 50954 0
1740985727 51142 0
1740985729 51105 0
1740985731 50817 0
1740985733 50480 0
1740985735 50404 0
1740985737 50125 0
1740985739 50188 0
1740985741 50647 0
1740985743 50876 0
1740985745 51574 0
1740985747 52251 0
1740985749 51417 0
1740985751 50226 0
1740985753 49446 0
1740985755 49117 0
1740985757 48627 0
1740985759 48422 0
1740985761 48654 0
1740985763 48282 0
1740985765 48226 0
1740985767 48189 0
1740985769 47995 0
1740985771 47996 0
1740985774 47997 0
1740985776 47981 0
1740985778 48161 0
1740985780 48442 0
1740985782 48942 0
1740985784 49527 0
1740985786 49846 0
1740985788 49963 0
1740985790 50010 0
1740985792 49761 0
1740985794 49796 0
1740985796 49773 0
1740985798 49715 0
1740985800 49551 0
1740985802 49443 0
1740985804 49417 0
1740985806 49315 0
1740985808 49646 0
1740985810 49881 0
1740985812 49744 0
1740985814 49749 0
1740985816 49664 0
1740985819 49214 0
1740985821 48630 0
1740985823 48370 0
1740985825 48156 0
1740985827 48120 0
1740985829 48224 0
1740985831 48198 0
1740985833 48254 0
1740985835 48243 0
1740985837 48119 0
1740985839 48033 0
1740985841 48052 0
1740985843 47875 0
1740985845 47882 0
1740985847 47804 0
1740985849 47693 0
1740985851 47830 0
1740985853 47793 0
1740985855 47893 0
1740985857 48112 0
1740985859 48434 0
1740985861 49082 0
1740985863 49623 0
1740985866 49687 0
1740985868 50023 0
1740985870 50092 0
1740985872 50100 0
1740985874 49928 0
1740985876 49921 0
1740985878 49690 0
1740985880 49708 0
1740985882 49588 0
1740985884 49743 0
1740985886 49640 0
1740985888 49222 0
1740985890 48840 0
1740985892 49057 0
1740985894 48976 0
1740985896 48747 0
1740985898 48794 0
1740985900 48641 0
1740985902 48586 0
1740985904 48281 0
1740985906 48109 0
1740985908 47980 0
1740985910 47847 0
1740985913 47843 0
1740985915 47872 0
1740985917 47868 0
1740985919 47785 0
1740985921 47965 0
1740985923 47957 0
1740985925 48255 0
1740985927 48496 0
1740985929 49275 0
1740985931 49701 0
1740985933 49995 0
1740985935 50005 0
1740985937 50159 0
1740985939 49978 0
1740985941 50012 0
1740985943 49734 0
1740985945 49725 0
1740985947 49676 0
1740985949 49769 0
1740985951 49601 0
1740985953 49643 0
1740985955 48891 0
1740985957 48448 0
1740985960 48266 0
1740985962 48487 0
1740985964 48211 0
1740985966 48295 0
1740985968 48317 0
1740985970 48274 0
1740985972 48357 0
1740985974 48343 0
1740985976 48224 0
1740985978 48174 0
1740985980 48146 0
1740985982 48269 0
1740985984 48622 0
1740985986 49105 0
1740985988 49780 0
1740985990 50153 0
1740985992 50250 0
1740985994 50408 0
1740985996 50283 0
1740985998 50250 0
1740986000 50218 0
1740986002 50249 0
1740986005 50094 0
1740986007 50159 0
1740986009 50103 0
1740986011 49976 0
1740986013 49933 0
1740986015 49954 0
1740986017 49932 0
1740986019 50035 0
1740986021 50447 0
1740986023 50399 0
1740986025 49545 0
1740986027 48853 0
1740986029 48783 0
1740986031 48612 0
1740986033 48483 0
1740986035 48549 0
1740986037 48545 0
1740986039 48459 0
1740986041 48384 0
1740986043 48457 0
1740986045 48356 0
1740986047 48593 0
1740986049 48746 0
1740986052 49172 0
1740986054 49803 0
1740986056 50550 0
1740986058 50680 0
1740986060 51064 0
1740986062 51105 0
1740986064 50966 0
1740986066 50917 0
1740986068 50948 0
1740986070 50891 0
1740986072 50688 0
1740986074 50766 0
1740986076 50764 0
1740986078 50834 0
1740986080 50955 0
1740986082 50890 0
1740986084 51126 0
1740986086 51341 0
1740986088 51709 0
1740986090 52299 0
1740986092 51280 0
1740986094 50542 0
1740986096 50055 0
1740986099 49497 0
1740986101 49301 0
1740986103 48873 0
1740986105 48834 0
1740986107 48838 0
1740986109 48741 0
1740986111 48745 0
1740986113 48516 0
1740986115 48452 0
1740986117 48270 0
1740986119 48237 0
1740986121 48168 0
1740986123 48114 0
1740986125 48050 0
1740986127 48150 0
1740986129 48396 0
1740986131 48580 0
1740986133 49050 0
1740986135 49660 0
1740986137 50001 0
1740986139 50386 0
1740986141 50451 0
1740986144 50396 0
1740986146 50378 0
1740986148 50359 0
1740986150 50269 0
1740986152 50216 0
1740986154 50307 0
1740986156 50343 0
1740986158 50325 0
1740986160 49866 0
1740986162 49182 0
1740986164 48855 0
1740986166 48851 0
1740986168 48758 0
1740986170 48445 0
1740986172 48360 0
1740986174 48223 0
1740986176 48199 0
1740986178 48073 0
1740986180 47967 0
1740986182 48021 0
1740986184 48015 0
1740986186 47968 0
1740986188 47969 0
1740986191 47966 0
1740986193 47919 0
1740986195 47961 0
1740986197 47932 0
1740986199 47973 0
1740986201 48425 0
1740986203 48770 0
1740986205 49192 0
1740986207 49541 0
1740986209 49916 0
1740986211 50365 0
1740986213 50618 0
1740986215 50561 0
1740986217 50603 0
1740986219 50664 0
1740986221 50329 0
1740986223 50172 0
1740986225 50042 0
1740986227 50067 0
1740986229 49538 0
1740986231 49110 0
1740986234 48546 0
1740986236 48269 0
1740986238 48180 0
1740986240 48035 0
1740986242 47964 0
1740986244 47899 0
1740986246 47953 0
1740986248 47950 0
1740986250 47854 0
1740986252 47911 0
1740986254 48212 0
1740986256 48225 0
1740986258 48445 0
1740986260 49907 0
1740986262 50153 0
1740986264 50407 0
1740986266 50306 0
1740986268 50419 0
1740986270 50454 0
1740986272 50386 0
1740986274 50170 0
1740986276 50008 0
1740986279 49781 0
1740986281 49736 0
1740986283 49830 0
1740986285 49899 0
1740986287 49966 0
1740986289 50133 0
1740986291 50086 0
1740986293 50122 0
1740986295 50178 0
1740986297 50108 0
1740986299 49422 0
1740986301 49002 0
1740986303 48682 0
1740986305 48237 0
1740986307 48072 0
1740986309 48244 0
1740986311 48223 0
1740986313 48240 0
1740986315 48113 0
1740986317 48112 0
1740986319 48138 0
1740986321 48264 0
1740986324 48316 0
1740986326 48654 0
1740986328 49151 0
1740986330 49451 0
1740986332 49612 0
1740986334 49867 0
1740986336 50026 0
1740986338 50123 0
1740986340 50051 0
1740986342 49896 0
1740986344 49953 0
1740986346 49637 0
1740986348 49856 0
1740986350 49779 0
1740986352 49738 0
1740986354 49878 0
1740986356 50021 0
1740986358 50116 0
1740986360 50400 0
1740986362 50504 0
1740986364 50997 0
1740986366 50621 0
1740986368 49815 0
1740986371 49251 0
1740986373 48846 0
1740986375 48631 0
1740986377 48527 0
1740986379 48386 0
1740986381 48348 0
1740986383 48322 0
1740986385 48217 0
1740986387 48223 0
1740986389 48179 0
1740986391 48292 0
1740986393 48192 0
1740986395 48216 0
1740986397 48108 0
1740986399 47958 0
1740986401 48123 0
1740986403 48102 0
1740986405 48161 0
1740986407 48591 0
1740986409 49029 0
1740986411 49661 0
1740986413 49891 0
1740986415 50096 0
1740986418 49964 0
1740986420 49905 0
1740986422 49810 0
1740986424 49868 0
1740986426 49867 0
1740986428 49874 0
1740986430 49795 0
1740986432 50015 0
1740986434 49922 0
1740986436 49206 0
1740986438 48771 0
1740986440 48629 0
1740986442 48657 0
1740986444 48503 0
1740986446 48268 0
1740986448 48083 0
1740986450 47888 0
1740986452 47657 0
1740986454 47570 0
1740986456 47491 0
1740986458 47413 0
1740986460 47439 0
1740986463 47383 0
1740986465 47484 0
1740986467 47597 0
1740986469 47642 0
1740986471 47546 0
1740986473 47657 0
1740986475 47911 0
1740986477 48347 0
1740986479 49155 0
1740986481 49663 0
1740986483 49881 0
1740986485 49976 0
1740986487 49934 0
1740986489 49971 0
1740986491 50004 0
1740986493 49986 0
1740986495 49825 0
1740986497 49818 0
1740986499 49917 0
1740986501 50054 0
1740986503 49748 0
1740986505 49152 0
1740986507 48712 0
1740986510 48464 0
1740986512 48484 0
1740986514 48366 0
1740986516 48295 0
1740986518 48221 0
1740986520 47954 0
1740986522 48033 0
1740986524 48260 0
1740986526 48500 0
1740986528 48899 0
1740986530 49389 0
1740986532 49784 0
1740986534 50196 0
1740986536 50685 0
1740986538 50816 0
1740986540 50567 0
1740986542 50508 0
1740986544 50544 0
1740986546 50398 0
1740986548 50261 0
1740986550 50133 0
1740986552 49777 0
1740986555 49673 0
1740986557 49655 0
1740986559 49632 0
1740986561 49946 0
1740986563 49956 0
1740986565 49961 0
1740986567 49830 0
1740986569 49863 0
1740986571 49987 0
1740986573 49420 0
1740986575 48772 0
1740986577 48663 0
1740986579 48364 0
1740986581 48113 0
1740986583 47998 0
1740986585 47900 0
1740986587 47969 0
1740986589 47987 0
1740986591 47910 0
1740986593 47723 0
1740986595 47824 0
1740986597 47833 0
1740986600 47898 0
1740986602 47939 0
1740986604 47961 0
1740986606 48382 0
1740986608 48975 0
1740986610 49350 0
1740986612 49624 0
1740986614 49719 0
1740986616 49817 0
1740986618 49741 0
1740986620 49841 0
1740986622 49697 0
1740986624 49553 0
1740986626 49567 0
1740986628 49593 0
1740986630 49619 0
1740986632 49659 0
1740986634 49759 0
1740986636 49888 0
1740986638 49954 0
1740986640 49763 0
1740986642 49159 0
1740986645 48939 0
1740986647 48801 0
1740986649 48723 0
1740986651 48500 0
1740986653 48405 0
1740986655 48403 0
1740986657 48214 0
1740986659 48250 0
1740986661 48448 0
1740986663 48349 0
1740986665 48226 0
1740986667 48240 0
1740986669 48155 0
1740986671 47956 0
1740986673 47777 0
1740986675 47807 0
1740986677 47853 0
1740986679 47957 0
1740986681 48517 0
1740986683 49142 0
1740986685 49535 0
1740986687 49765 0
1740986689 49794 0
1740986692 49903 0
1740986694 49853 0
1740986696 49872 0
1740986698 49672 0
1740986700 49649 0
1740986702 49656 0
1740986704 49612 0
1740986706 49566 0
1740986708 49786 0
1740986710 49794 0
1740986712 49201 0
1740986714 48643 0
1740986716 48517 0
1740986718 48438 0
1740986720 48341 0
1740986722 48360 0
1740986724 48114 0
1740986726 47970 0
1740986728 47928 0
1740986730 47892 0
1740986732 47809 0
1740986734 48095 0
1740986736 47967 0
1740986739 47918 0
1740986741 48338 0
1740986743 48171 0
1740986745 48006 0
1740986747 48025 0
1740986749 48085 0
1740986751 48479 0
1740986753 49061 0
1740986755 49400 0
1740986757 49797 0
1740986759 50007 0
1740986761 50339 0
1740986763 50517 0
1740986765 50228 0
1740986767 50312 0
1740986769 50213 0
1740986771 49944 0
1740986773 49756 0
1740986775 49686 0
1740986777 49641 0
1740986779 48819 0
1740986781 48462 0
1740986784 48644 0
1740986786 48268 0
1740986788 48188 0
1740986790 47960 0
1740986792 47880 0
1740986794 48121 0
1740986796 47945 0
1740986798 47855 0
1740986800 47910 0
1740986802 48053 0
1740986804 47929 0
1740986806 47942 0
1740986808 48002 0
1740986810 48297 0
1740986812 48912 0
1740986814 49651 0
1740986816 49992 0
1740986818 50143 0
1740986820 50189 0
1740986822 50173 0
1740986824 50148 0
1740986826 50129 0
1740986828 50384 0
1740986831 50310 0
1740986833 50192 0
1740986835 50043 0
1740986837 50107 0
1740986839 50162 0
1740986841 50243 0
1740986843 50474 0
1740986845 50982 0
1740986847 50859 0
1740986849 50372 0
1740986851 49732 0
1740986853 49328 0
1740986855 48999 0
1740986857 48659 0
1740986859 48394 0
1740986861 48371 0
1740986863 48148 0
1740986865 47929 0
1740986867 47903 0
1740986869 47957 0
1740986871 47981 0
1740986873 47878 0
1740986875 48055 0
1740986878 48153 0
1740986880 48532 0
1740986882 49522 0
1740986884 49885 0
1740986886 50020 0
1740986888 50146 0
1740986890 50658 0
1740986892 50426 0
1740986894 50580 0
1740986896 50417 0
1740986898 50272 0
1740986900 50293 0
1740986902 50405 0
1740986904 50455 0
1740986906 50458 0
1740986908 50849 0
1740986910 51618 0
1740986912 52411 0
1740986914 52845 0
1740986916 51510 0
1740986918 51170 0
1740986920 50808 0
1740986923 50373 0
1740986925 49739 0
1740986927 49104 0
1740986929 48962 0
1740986931 48755 0
1740986933 48550 0
1740986935 48338 0
1740986937 48449 0
1740986939 48506 0
1740986941 48254 0
1740986943 48256 0
1740986945 48393 0
1740986947 49141 0
1740986949 50381 0
1740986951 50290 0
1740986953 50517 0
1740986955 50858 0
1740986957 50847 0
1740986959 50743 0
1740986961 50931 0
1740986963 50787 0
1740986965 51557 0
1740986967 51739 0
1740986970 52554 0
1740986972 53313 0
1740986974 52936 0
1740986976 52281 0
1740986978 51697 0
1740986980 51232 0
1740986982 51035 0
1740986984 51505 0
1740986986 50667 0
1740986988 49638 0
1740986990 49015 0
1740986992 48641 0
1740986994 48679 0
1740986996 48306 0
1740986998 48087 0
1740987000 47975 0
1740987002 48287 0
1740987004 48392 0
1740987006 48624 0
1740987008 48513 0
1740987010 48293 0
1740987012 47951 0
1740987014 47851 0
1740987017 47719 0
1740987019 47732 0
1740987021 48228 0
1740987023 48372 0
1740987025 48600 0
1740987027 49229 0
1740987029 49819 0
1740987031 50085 0
1740987033 50427 0
1740987035 50312 0
1740987037 50359 0
1740987039 50288 0
1740987041 50425 0
1740987043 50299 0
1740987045 50016 0
1740987047 50334 0
1740987049 50156 0
1740987051 49959 0
1740987053 49265 0
1740987055 49033 0
1740987057 48680 0
1740987059 48341 0
1740987062 48196 0
1740987064 48073 0
1740987066 48287 0
1740987068 48307 0
1740987070 48229 0
1740987072 48034 0
1740987074 48104 0
1740987076 48047 0
1740987078 47894 0
1740987080 47953 0
1740987082 48467 0
1740987084 49211 0
1740987086 49819 0
1740987088 50309 0
1740987090 50253 0
1740987092 50443 0
1740987094 50231 0
1740987096 50007 0
1740987098 49996 0
1740987100 50461 0
1740987102 50216 0
1740987104 50087 0
1740987106 50087 0
1740987109 50096 0
1740987111 50426 0
1740987113 50475 0
1740987115 50622 0
1740987117 50768 0
1740987119 51109 0
1740987121 51318 0
1740987123 50232 0
1740987125 49517 0
1740987127 49255 0
1740987129 49035 0
1740987131 48741 0
1740987133 48411 0
1740987135 48413 0
1740987137 48484 0
1740987139 48290 0
1740987141 48133 0
1740987143 48130 0
1740987145 48415 0
1740987147 48358 0
1740987149 48439 0
1740987151 48794 0
1740987153 49483 0
1740987156 49883 0
1740987158 50135 0
1740987160 50411 0
1740987162 50458 0
1740987164 50644 0
1740987166 50399 0
1740987168 50225 0
1740987170 50198 0
1740987172 50306 0
1740987174 50137 0
1740987176 50060 0
1740987178 49793 0
1740987180 49875 0
1740987182 50962 0
1740987184 50966 0
1740987186 51110 0
1740987188 51696 0
1740987190 51323 0
1740987192 50355 0
1740987194 49495 0
1740987196 48927 0
1740987198 48767 0
1740987201 48502 0
1740987203 48286 0
1740987205 48113 0
1740987207 47982 0
1740987209 48064 0
1740987211 47965 0
1740987213 48105 0
1740987215 47995 0
1740987217 48441 0
1740987219 48283 0
1740987221 48339 0
1740987223 48258 0
1740987225 48239 0
1740987227 48503 0
1740987229 48705 0
1740987231 49058 0
1740987233 49721 0
1740987235 50143 0
1740987237 50145 0
1740987239 50355 0
1740987241 50591 0
1740987243 50535 0
1740987245 50458 0
1740987248 50360 0
1740987250 50330 0
1740987252 50204 0
1740987254 50271 0
1740987256 50344 0
1740987258 50236 0
1740987260 49491 0
1740987262 49541 0
1740987264 49020 0
1740987266 48867 0
1740987268 48787 0
1740987270 48617 0
1740987272 48605 0
1740987274 48615 0
1740987276 48436 0
1740987278 48227 0
1740987280 48549 0
1740987282 48399 0
1740987284 48304 0
1740987286 48098 0
1740987288 48266 0
1740987290 48398 0
1740987292 48256 0
1740987295 48218 0
1740987297 48179 0
1740987299 48517 0
1740987301 48803 0
1740987303 49308 0
1740987305 49845 0
1740987307 50243 0
1740987309 50293 0
1740987311 50192 0
1740987313 50168 0
1740987315 50085 0
1740987317 50149 0
1740987319 49975 0
1740987321 49871 0
1740987323 49759 0
1740987325 49858 0
1740987327 49425 0
1740987329 48961 0
1740987331 48481 0
1740987333 48645 0
1740987335 48474 0
1740987337 48245 0
1740987339 48199 0
1740987342 48314 0
1740987344 48299 0
1740987346 48290 0
1740987348 48164 0
1740987350 48104 0
1740987352 48348 0
1740987354 48401 0
1740987356 48430 0
1740987358 48644 0
1740987360 49184 0
1740987362 49901 0
1740987364 49898 0
1740987366 49973 0
1740987368 50102 0
1740987370 49980 0
1740987372 49958 0
1740987374 49849 0
1740987376 49862 0
1740987378 50278 0
1740987380 50566 0
1740987382 50398 0
1740987384 50069 0
1740987386 49965 0
1740987389 50142 0
1740987391 50022 0
1740987393 50019 0
1740987395 50056 0
1740987397 49674 0
1740987399 49248 0
1740987401 48948 0
1740987403 48583 0
1740987405 48447 0
1740987407 48193 0
1740987409 48289 0
1740987411 48230 0
1740987413 48228 0
1740987415 48235 0
1740987417 48290 0
1740987419 48873 0
1740987421 48757 0
1740987423 48738 0
1740987425 49063 0
1740987427 49504 0
1740987429 50205 0
1740987431 50339 0
1740987434 50435 0
1740987436 50348 0
1740987438 50250 0
1740987440 50185 0
1740987442 50238 0
1740987444 50205 0
1740987446 50120 0
1740987448 50168 0
1740987450 50120 0
1740987452 50124 0
1740987454 50332 0
1740987456 50186 0
1740987458 50167 0
1740987460 50391 0
1740987462 50809 0
1740987464 50335 0
1740987466 49522 0
1740987468 49119 0
1740987470 48653 0
1740987472 48311 0
1740987474 48237 0
1740987476 48068 0
1740987478 48064 0
1740987480 47983 0
1740987483 47992 0
1740987485 48014 0
1740987487 48216 0
1740987489 48136 0
1740987491 48100 0
1740987493 47962 0
1740987495 48089 0
1740987497 47891 0
1740987499 47918 0
1740987501 47972 0
1740987503 48197 0
1740987505 48405 0
1740987507 48957 0
1740987509 49380 0
1740987511 49772 0
1740987513 50039 0
1740987515 50179 0
1740987517 50191 0
1740987519 49984 0
1740987521 50114 0
1740987523 50087 0
1740987525 49950 0
1740987528 49911 0
1740987530 49897 0
1740987532 50065 0
1740987534 49492 0
1740987536 49009 0
1740987538 48671 0
1740987540 48533 0
1740987542 48479 0
1740987544 48310 0
1740987546 48246 0
1740987548 48245 0
1740987550 48159 0
1740987552 48060 0
1740987554 47989 0
1740987556 47998 0
1740987558 47906 0
1740987560 47974 0
1740987562 47939 0
1740987564 47812 0
1740987566 48020 0
1740987568 48182 0
1740987570 48231 0
1740987572 48524 0
1740987575 49076 0
1740987577 49579 0
1740987579 49971 0
1740987581 50259 0
1740987583 50213 0
1740987585 50139 0
1740987587 50023 0
1740987589 50037 0
1740987591 50256 0
1740987593 50184 0
1740987595 50703 0
1740987597 50529 0
1740987599 50482 0
1740987601 50253 0
1740987603 49556 0
1740987605 48945 0
1740987607 48681 0
1740987609 48959 0
1740987611 48624 0
1740987613 48494 0
1740987615 48383 0
1740987617 48215 0
1740987619 48385 0
1740987622 48514 0
1740987624 48567 0
1740987626 48642 0
1740987628 48578 0
1740987630 48730 0
1740987632 49104 0
1740987634 49579 0
1740987636 50087 0
1740987638 50216 0
1740987640 50453 0
1740987642 50534 0
1740987644 50748 0
1740987646 50681 0
1740987648 50654 0
1740987650 50467 0
1740987652 50225 0
1740987654 50093 0
1740987656 50143 0
1740987658 50145 0
1740987660 50257 0
1740987662 50258 0
1740987664 50369 0
1740987667 50636 0
1740987669 51269 0
1740987671 50727 0
1740987673 49941 0
1740987675 49182 0
1740987677 48690 0
1740987679 48441 0
1740987681 48246 0
1740987683 48284 0
1740987685 48214 0
1740987687 48232 0
1740987689 48247 0
1740987691 48210 0
1740987693 48337 0
1740987695 48097 0
1740987697 47996 0
1740987699 48073 0
1740987701 48601 0
1740987703 49153 0
1740987705 49711 0
1740987707 50007 0
1740987709 50150 0
1740987712 50197 0
1740987714 49966 0
1740987716 49900 0
1740987718 49874 0
1740987720 49706 0
1740987722 50670 0
1740987724 50615 0
1740987726 50235 0
1740987728 50133 0
1740987730 50018 0
1740987732 50002 0
1740987734 50022 0
1740987736 50185 0
1740987738 50337 0
1740987740 49668 0
1740987742 49051 0
1740987744 48744 0
1740987746 48493 0
1740987748 48280 0
1740987750 48181 0
1740987752 48108 0
1740987754 48141 0
1740987756 48142 0
1740987759 48124 0
1740987761 48124 0
1740987763 47981 0
1740987765 47843 0
1740987767 47924 0
1740987769 47889 0
1740987771 47882 0
1740987773 47827 0
1740987775 48192 0
1740987777 48435 0
1740987779 48645 0
1740987781 49209 0
1740987783 49830 0
1740987785 50034 0
1740987787 50382 0
1740987789 50455 0
1740987791 50342 0
1740987793 50275 0
1740987795 50253 0
1740987797 50111 0
1740987799 50059 0
1740987801 50185 0
1740987803 50021 0
1740987806 50124 0
1740987808 49846 0
1740987810 49355 0
1740987812 48944 0
1740987814 48638 0
1740987816 48373 0
1740987818 48170 0
1740987820 48244 0
1740987822 48401 0
1740987824 48364 0
1740987826 48452 0
1740987828 48426 0
1740987830 48327 0
1740987832 48340 0
1740987834 48203 0
1740987836 48104 0
1740987838 48134 0
1740987840 48023 0
1740987842 48130 0
1740987844 48039 0
1740987846 48416 0
1740987848 48837 0
1740987851 49304 0
1740987853 49770 0
1740987855 50219 0
1740987857 50206 0
1740987859 50228 0
1740987861 50313 0
1740987863 50274 0
1740987865 50106 0
1740987867 50113 0
1740987869 50043 0
1740987871 49879 0
1740987873 50047 0
1740987875 50006 0
1740987877 49514 0
1740987879 49031 0
1740987881 49077 0
1740987883 48677 0
1740987885 48500 0
1740987887 48343 0
1740987889 48264 0
1740987891 48279 0
1740987893 48170 0
1740987895 48175 0
1740987898 48057 0
1740987900 48015 0
1740987902 47887 0
1740987904 47987 0
1740987906 48159 0
1740987908 48706 0
1740987910 49426 0
1740987912 49867 0
1740987914 50054 0
1740987916 50305 0
1740987918 50343 0
1740987920 50568 0
1740987922 50811 0
1740987924 50754 0
1740987926 50809 0
1740987928 50844 0
1740987930 50675 0
1740987932 50748 0
1740987934 51659 0
1740987936 52278 0
1740987938 53288 0
1740987940 54652 0
1740987943 53589 0
1740987945 53920 0
1740987947 52590 0
1740987949 52252 0
1740987951 52251 0
1740987953 52443 0
1740987955 52728 0
1740987957 53278 0
1740987959 53740 0
1740987961 53459 0
1740987963 53093 0
1740987965 52613 0
1740987967 52918 0
1740987969 52691 0
1740987971 52367 0
1740987973 52318 0
1740987975 52210 0
1740987977 52926 0
1740987979 52779 0
1740987981 53171 0
1740987983 52817 0
1740987985 52408 0
1740987987 52179 0
1740987990 51922 0
1740987992 52609 0
1740987994 53707 0
1740987996 54555 0
1740987998 54598 0
1740988000 54754 0
1740988002 54463 0
1740988004 54908 0
1740988006 54374 0
1740988008 53808 0
1740988010 53442 0
1740988012 53158 0
1740988014 52338 0
1740988016 50965 0
1740988018 50394 0
1740988020 49891 0
1740988022 49435 0
1740988024 49086 0
1740988026 48866 0
1740988028 48905 0
1740988030 48725 0
1740988032 48532 0
1740988035 48554 0
1740988037 48575 0
1740988039 48618 0
1740988041 48684 0
1740988043 48748 0
1740988045 48821 0
1740988047 49194 0
1740988049 49672 0
1740988051 50252 0
1740988053 50842 0
1740988055 51038 0
1740988057 51185 0
1740988059 52290 0
1740988061 52165 0
1740988063 51740 0
1740988065 51412 0
1740988067 51093 0
1740988069 51176 0
1740988071 51134 0
1740988073 51023 0
1740988075 51087 0
1740988077 50866 0
1740988079 50841 0
1740988082 50638 0
1740988084 50146 0
1740988086 50417 0
1740988088 50143 0
1740988090 49805 0
1740988092 49562 0
1740988094 49364 0
1740988096 49224 0
1740988098 49122 0
1740988100 49120 0
1740988102 48964 0
1740988104 49146 0
1740988106 49470 0
1740988108 49625 0
1740988110 49304 0
1740988112 49329 0
1740988114 49606 0
1740988116 50092 0
1740988118 50644 0
1740988120 51286 0
1740988122 51427 0
1740988124 51575 0
1740988127 51630 0
1740988129 51656 0
1740988131 51545 0
1740988133 51479 0
1740988135 52352 0
1740988137 52114 0
1740988139 51920 0
1740988141 52828 0
1740988143 52577 0
1740988145 53158 0
1740988147 54632 0
1740988149 54797 0
1740988151 53616 0
1740988153 52251 0
1740988155 51393 0
1740988157 50809 0
1740988159 50391 0
1740988161 50290 0
1740988163 49820 0
1740988165 49651 0
1740988167 49554 0
1740988169 49467 0
1740988171 49395 0
1740988174 49578 0
1740988176 49771 0
1740988178 50459 0
1740988180 51053 0
1740988182 51419 0
1740988184 51383 0
1740988186 51420 0
1740988188 51362 0
1740988190 51125 0
1740988192 51080 0
1740988194 51016 0
1740988196 51016 0
1740988198 50970 0
1740988200 50895 0
1740988202 51043 0
1740988204 51296 0
1740988206 51252 0
1740988208 51543 0
1740988210 52096 0
1740988212 53792 0
1740988214 53571 0
1740988216 53360 0
1740988218 53068 0
1740988221 51853 0
1740988223 51078 0
1740988225 55094 0
1740988227 54303 0
1740988229 53541 0
1740988231 52777 0
1740988233 52297 0
1740988235 51847 0
1740988237 51464 0
1740988239 51291 0
1740988241 51603 0
1740988243 51778 0
1740988245 51833 0
1740988247 51992 0
1740988249 51975 0
1740988251 52140 0
1740988253 51928 0
1740988255 51881 0
1740988257 51601 0
1740988259 51404 0
1740988261 51436 0
1740988263 51186 0
1740988266 51274 0
1740988268 51630 0
1740988270 52250 0
1740988272 51983 0
1740988274 51911 0
1740988276 51891 0
1740988278 51969 0
1740988280 52217 0
1740988282 52993 0
1740988284 53422 0
1740988286 53304 0
1740988288 52768 0
1740988290 51549 0
1740988292 50936 0
1740988294 50523 0
1740988296 50023 0
1740988298 49857 0
1740988300 49770 0
1740988302 49596 0
1740988304 49475 0
1740988306 49464 0
1740988308 49351 0
1740988310 49218 0
1740988313 49274 0
1740988315 49196 0
1740988317 49074 0
1740988319 49086 0
1740988321 49506 0
1740988323 49938 0
1740988325 50363 0
1740988327 51011 0
1740988329 51476 0
1740988331 51519 0
1740988333 51346 0
1740988335 51110 0
1740988337 51120 0
1740988339 51058 0
1740988341 51141 0
1740988343 51323 0
1740988345 51177 0
1740988347 51308 0
1740988349 51104 0
1740988351 51134 0
1740988353 51222 0
1740988355 51096 0
1740988358 50550 0
1740988360 50031 0
1740988362 49876 0
1740988364 49591 0
1740988366 49440 0
1740988368 49222 0
1740988370 49215 0
1740988372 49088 0
1740988374 49168 0
1740988376 49160 0
1740988378 49028 0
1740988380 48743 0
1740988382 48933 0
1740988384 49009 0
1740988386 49199 0
1740988388 49701 0
1740988390 49756 0
1740988392 50300 0
1740988394 50813 0
1740988396 51312 0
1740988398 51462 0
1740988400 51426 0
1740988402 51493 0
1740988405 51424 0
1740988407 51240 0
1740988409 50995 0
1740988411 50962 0
1740988413 50804 0
1740988415 50920 0
1740988417 50896 0
1740988419 51141 0
1740988421 51344 0
1740988423 51453 0
1740988425 51111 0
1740988427 51007 0
1740988429 51906 0
1740988431 51514 0
1740988433 50742 0
1740988435 50252 0
1740988437 49708 0
1740988439 49371 0
1740988441 49294 0
1740988443 49130 0
1740988445 49265 0
1740988447 49539 0
1740988449 49738 0
1740988452 49960 0
1740988454 50352 0
1740988456 50902 0
1740988458 51115 0
1740988460 51286 0
1740988462 51283 0
1740988464 51410 0
1740988466 51250 0
1740988468 51386 0
1740988470 51162 0
1740988472 51187 0
1740988474 51374 0
1740988476 51433 0
1740988478 51583 0
1740988480 51914 0
1740988482 52029 0
1740988484 52352 0
1740988486 52898 0
1740988488 53501 0
1740988490 53414 0
1740988492 53254 0
1740988494 52287 0
1740988496 51194 0
1740988499 50485 0
1740988501 50069 0
1740988503 49812 0
1740988505 49745 0
1740988507 49682 0
1740988509 49589 0
1740988511 50012 0
1740988513 49802 0
1740988515 49845 0
1740988517 50035 0
1740988519 50459 0
1740988521 51074 0
1740988523 51279 0
1740988525 51312 0
1740988527 51349 0
1740988529 51482 0
1740988531 52658 0
1740988533 52216 0
1740988535 52094 0
1740988537 52005 0
1740988539 51870 0
1740988541 51801 0
1740988544 51656 0
1740988546 51632 0
1740988548 51557 0
1740988550 51630 0
1740988552 51885 0
1740988554 52269 0
1740988556 52899 0
1740988558 53407 0
1740988560 53377 0
1740988562 53105 0
1740988564 52087 0
1740988566 51406 0
1740988568 50783 0
1740988570 50279 0
1740988572 49952 0
1740988574 49798 0
1740988576 49797 0
1740988578 49724 0
1740988580 49570 0
1740988582 49654 0
1740988584 49567 0
1740988586 49484 0
1740988588 49476 0
1740988591 49417 0
1740988593 49673 0
1740988595 49902 0
1740988597 50387 0
1740988599 50884 0
1740988601 51520 0
1740988603 51587 0
1740988605 51593 0
1740988607 51527 0
1740988609 51515 0
1740988611 51479 0
1740988613 51849 0
1740988615 51776 0
1740988617 51853 0
1740988619 51839 0
1740988621 51651 0
1740988623 51468 0
1740988625 51317 0
1740988627 51451 0
1740988629 51671 0
1740988631 51342 0
1740988633 50776 0
1740988635 50466 0
1740988638 50246 0
1740988640 49856 0
1740988642 49782 0
1740988644 49831 0
1740988646 49716 0
1740988648 49721 0
1740988650 49726 0
1740988652 49715 0
1740988654 49659 0
1740988656 49599 0
1740988658 49635 0
1740988660 49771 0
1740988662 50100 0
1740988664 50504 0
1740988666 50833 0
1740988668 51304 0
1740988670 51626 0
1740988672 51724 0
1740988674 51707 0
1740988676 51601 0
1740988678 51490 0
1740988680 51410 0
1740988683 51563 0
1740988685 51634 0
1740988687 51692 0
1740988689 51710 0
1740988691 51491 0
1740988693 51602 0
1740988695 51567 0
1740988697 51444 0
1740988699 51527 0
1740988701 50931 0
1740988703 50345 0
1740988705 50094 0
1740988707 49819 0
1740988709 49711 0
1740988711 49677 0
1740988713 49774 0
1740988715 49577 0
1740988717 49499 0
1740988719 49649 0
1740988721 49989 0
1740988723 50310 0
1740988725 50642 0
1740988727 51179 0
1740988730 51410 0
1740988732 51404 0
1740988734 51400 0
1740988736 51403 0
1740988738 51478 0
1740988740 51313 0
1740988742 51327 0
1740988744 51248 0
1740988746 51281 0
1740988748 51297 0
1740988750 51331 0
1740988752 51427 0
1740988754 51526 0
1740988756 51703 0
1740988758 51920 0
1740988760 52680 0
1740988762 53439 0
1740988764 53638 0
1740988766 53396 0
1740988768 53042 0
1740988770 51895 0
1740988772 50919 0
1740988774 50441 0
1740988777 50122 0
1740988779 50023 0
1740988781 50044 0
1740988783 49885 0
1740988785 49774 0
1740988787 49783 0
1740988789 49804 0
1740988791 50160 0
1740988793 50407 0
1740988795 50916 0
1740988797 51251 0
1740988799 51465 0
1740988801 51493 0
1740988803 51581 0
1740988805 51453 0
1740988807 51682 0
1740988809 51839 0
1740988811 51757 0
1740988813 51597 0
1740988815 51707 0
1740988817 51637 0
1740988819 51624 0
1740988822 51545 0
1740988824 51659 0
1740988826 51638 0
1740988828 52003 0
1740988830 52590 0
1740988832 53321 0
1740988834 53507 0
1740988836 53353 0
1740988838 52322 0
1740988840 51700 0
1740988842 51085 0
1740988844 50701 0
1740988846 50327 0
1740988848 50180 0
1740988850 49934 0
1740988852 49761 0
1740988854 49657 0
1740988856 49614 0
1740988858 49719 0
1740988860 49609 0
1740988862 49436 0
1740988864 49364 0
1740988866 49441 0
1740988869 49898 0
1740988871 50210 0
1740988873 50702 0
1740988875 51196 0
1740988877 51479 0
1740988879 51438 0
1740988881 51589 0
1740988883 51707 0
1740988885 51602 0
1740988887 51684 0
1740988889 51809 0
1740988891 51642 0
1740988893 51593 0
1740988895 51654 0
1740988897 51583 0
1740988899 51613 0
1740988901 51924 0
1740988903 51989 0
1740988905 51905 0
1740988907 51223 0
1740988909 51031 0
1740988911 50651 0
1740988914 50425 0
1740988916 50297 0
1740988918 50189 0
1740988920 50061 0
1740988922 49864 0
1740988924 49842 0
1740988926 49938 0
1740988928 49995 0
1740988930 49985 0
1740988932 49793 0
1740988934 50061 0
1740988936 50294 0
1740988938 50581 0
1740988940 51175 0
1740988942 51654 0
1740988944 51887 0
1740988946 51907 0
1740988948 51932 0
1740988950 52066 0
1740988952 51903 0
1740988954 51837 0
1740988956 51782 0
1740988958 51667 0
1740988961 51953 0
1740988963 51734 0
1740988965 51680 0
1740988967 51579 0
1740988969 51548 0
1740988971 51663 0
1740988973 51785 0
1740988975 51298 0
1740988977 50720 0
1740988979 50317 0
1740988981 50219 0
1740988983 49924 0
1740988985 49736 0
1740988987 49726 0
1740988989 49775 0
1740988991 49627 0
1740988993 49661 0
1740988995 49726 0
1740988997 49999 0
1740988999 50919 0
1740989001 51493 0
1740989003 51970 0
1740989006 51985 0
1740989008 51973 0
1740989010 51904 0
1740989012 52617 0
1740989014 52319 0
1740989016 52026 0
1740989018 51694 0
1740989020 51702 0
1740989022 51808 0
1740989024 51799 0
1740989026 51801 0
1740989028 51888 0
1740989030 52094 0
1740989032 52463 0
1740989034 53192 0
1740989036 53636 0
1740989038 53599 0
1740989040 53487 0
1740989042 53360 0
1740989044 52435 0
1740989046 51899 0
1740989048 51454 0
1740989050 51045 0
1740989053 50662 0
1740989055 50402 0
1740989057 50304 0
1740989059 50206 0
1740989061 50471 0
1740989063 50445 0
1740989065 50675 0
1740989067 51078 0
1740989069 51411 0
1740989071 51589 0
1740989073 51801 0
1740989075 51819 0
1740989077 51790 0
1740989079 51921 0
1740989081 52202 0
1740989083 52164 0
1740989085 52280 0
1740989087 52266 0
1740989089 52253 0
1740989091 52149 0
1740989093 52153 0
1740989095 52561 0
1740989098 52816 0
1740989100 53877 0
1740989102 54306 0
1740989104 54404 0
1740989106 53943 0
1740989108 53872 0
1740989110 53457 0
1740989112 52922 0
1740989114 52283 0
1740989116 51844 0
1740989118 51586 0
1740989120 51111 0
1740989122 50883 0
1740989124 50641 0
1740989126 50390 0
1740989128 50301 0
1740989130 50119 0
1740989132 50220 0
1740989134 50097 0
1740989136 50174 0
1740989138 50205 0
1740989140 50673 0
1740989142 50876 0
1740989145 51254 0
1740989147 51739 0
1740989149 52143 0
1740989151 52033 0
1740989153 52121 0
1740989155 52056 0
1740989157 52101 0
1740989159 52089 0
1740989161 52105 0
1740989163 52010 0
1740989165 52143 0
1740989167 52268 0
1740989169 52476 0
1740989171 52457 0
1740989173 52273 0
1740989175 52473 0
1740989177 52773 0
1740989179 53210 0
1740989181 52493 0
1740989183 51720 0
1740989185 51149 0
1740989187 50928 0
1740989189 50601 0
1740989192 50486 0
1740989194 50471 0
1740989196 50410 0
1740989198 50205 0
1740989200 50220 0
1740989202 50301 0
1740989204 50375 0
1740989206 50351 0
1740989208 50437 0
1740989210 50779 0
1740989212 51499 0
1740989214 51855 0
1740989216 52124 0
1740989218 52164 0
1740989220 52177 0
1740989222 52021 0
1740989224 51944 0
1740989226 52101 0
1740989228 52275 0
1740989230 52350 0
1740989232 52182 0
1740989234 52195 0
1740989236 52098 0
1740989239 52222 0
1740989241 52439 0
1740989243 52632 0
1740989245 52922 0
1740989247 53431 0
1740989249 53582 0
1740989251 52509 0
1740989253 51585 0
1740989255 51205 0
1740989257 50741 0
1740989259 50393 0
1740989261 50671 0
1740989263 50506 0
1740989265 50451 0
1740989267 50556 0
1740989269 51137 0
1740989271 51568 0
1740989273 52016 0
1740989275 52287 0
1740989277 52242 0
1740989279 52097 0
1740989281 52035 0
1740989283 51896 0
1740989286 52052 0
1740989288 52073 0
1740989290 52159 0
1740989292 52080 0
1740989294 52041 0
1740989296 52059 0
1740989298 52161 0
1740989300 52304 0
1740989302 52615 0
1740989304 53204 0
1740989306 53789 0
1740989308 54136 0
1740989310 53939 0
1740989312 53728 0
1740989314 53385 0
1740989316 53307 0
1740989318 52688 0
1740989320 52234 0
1740989322 51783 0
1740989324 51341 0
1740989326 51157 0
1740989328 51046 0
1740989331 50938 0
1740989333 50903 0
1740989335 50846 0
1740989337 50962 0
1740989339 51212 0
1740989341 51881 0
1740989343 52088 0
1740989345 52185 0
1740989347 52369 0
1740989349 52474 0
1740989351 52580 0
1740989353 52473 0
1740989355 52484 0
1740989357 52467 0
1740989359 52334 0
1740989361 52604 0
1740989363 52637 0
1740989365 52706 0
1740989367 52872 0
1740989369 53232 0
1740989371 53872 0
1740989373 54358 0
1740989375 54302 0
1740989378 54073 0
1740989380 53861 0
1740989382 53718 0
1740989384 53354 0
1740989386 53161 0
1740989388 52297 0
1740989390 51638 0
1740989392 51192 0
1740989394 50774 0
1740989396 50430 0
1740989398 50276 0
1740989400 50135 0
1740989402 50140 0
1740989404 50201 0
1740989406 50189 0
1740989408 50266 0
1740989410 50840 0
1740989412 50866 0
1740989414 51104 0
1740989416 51521 0
1740989418 51889 0
1740989420 52117 0
1740989422 52248 0
1740989425 52222 0
1740989427 52111 0
1740989429 51886 0
1740989431 51897 0
1740989433 51943 0
1740989435 51742 0
1740989437 51732 0
1740989439 51655 0
1740989441 51786 0
1740989443 51753 0
1740989445 51777 0
1740989447 51705 0
1740989449 51887 0
1740989451 52043 0
1740989453 52432 0
1740989455 52245 0
1740989457 51608 0
1740989459 51060 0
1740989461 50861 0
1740989463 50660 0
1740989465 50413 0
1740989467 50459 0
1740989470 50409 0
1740989472 50315 0
1740989474 50166 0
1740989476 50187 0
1740989478 50022 0
1740989480 49893 0
1740989482 50089 0
1740989484 50300 0
1740989486 50701 0
1740989488 51256 0
1740989490 51721 0
1740989492 52299 0
1740989494 52314 0
1740989496 52215 0
1740989498 52240 0
1740989500 52364 0
1740989502 52161 0
1740989504 52104 0
1740989506 51987 0
1740989508 51870 0
1740989510 51785 0
1740989512 51845 0
1740989514 52061 0
1740989517 52016 0
1740989519 52150 0
1740989521 52410 0
1740989523 52715 0
1740989525 52022 0
1740989527 51332 0
1740989529 50958 0
1740989531 50476 0
1740989533 50265 0
1740989535 50196 0
1740989537 50078 0
1740989539 50027 0
1740989541 50072 0
1740989543 50278 0
1740989545 50628 0
1740989547 51177 0
1740989549 51530 0
1740989551 51746 0
1740989553 51896 0
1740989555 51914 0
1740989557 52020 0
1740989559 52060 0
1740989562 52252 0
1740989564 52063 0
1740989566 51902 0
1740989568 51663 0
1740989570 51657 0
1740989572 51782 0
1740989574 51934 0
1740989576 52002 0
1740989578 52479 0
1740989580 53026 0
1740989582 53794 0
1740989584 54012 0
1740989586 53888 0
1740989588 53692 0
1740989590 53361 0
1740989592 52986 0
1740989594 52085 0
1740989596 51390 0
1740989598 50893 0
1740989600 50686 0
1740989602 50505 0
1740989604 50403 0
1740989606 50472 0
1740989609 50670 0
1740989611 50828 0
1740989613 51294 0
1740989615 51891 0
1740989617 52227 0
1740989619 52280 0
1740989621 52556 0
1740989623 52539 0
1740989625 52524 0
1740989627 52378 0
1740989629 52418 0
1740989631 52272 0
1740989633 52123 0
1740989635 52150 0
1740989637 52209 0
1740989639 52288 0
1740989641 52353 0
1740989643 52588 0
1740989645 53183 0
1740989647 54047 0
1740989649 54403 0
1740989651 54244 0
1740989654 53910 0
1740989656 53693 0
1740989658 53270 0
1740989660 53503 0
1740989662 52749 0
1740989664 51906 0
1740989666 51373 0
1740989668 51060 0
1740989670 50742 0
1740989672 50599 0
1740989674 50520 0
1740989676 50516 0
1740989678 50374 0
1740989680 50491 0
1740989682 50511 0
1740989684 50443 0
1740989686 50460 0
1740989688 50688 0
1740989690 51222 0
1740989692 51888 0
1740989694 52129 0
1740989696 52274 0
1740989698 52271 0
1740989701 52236 0
1740989703 52291 0
1740989705 52208 0
1740989707 52512 0
1740989709 52425 0
1740989711 52209 0
1740989713 52106 0
1740989715 52284 0
1740989717 52242 0
1740989719 52457 0
1740989721 52493 0
1740989723 52989 0
1740989725 53694 0
1740989727 54478 0
1740989729 54335 0
1740989731 53389 0
1740989733 52720 0
1740989735 52164 0
1740989737 51634 0
1740989739 51278 0
1740989741 51257 0
1740989743 51091 0
1740989745 50946 0
1740989748 50732 0
1740989750 50589 0
1740989752 50516 0
1740989754 50537 0
1740989756 50855 0
1740989758 51120 0
1740989760 51777 0
1740989762 52179 0
1740989764 52217 0
1740989766 52254 0
1740989768 52433 0
1740989770 52399 0
1740989772 52429 0
1740989774 52551 0
1740989776 52445 0
1740989778 52542 0
1740989780 52720 0
1740989782 52611 0
1740989784 52610 0
1740989786 52737 0
1740989788 52940 0
1740989790 53414 0
1740989793 53956 0
1740989795 54591 0
1740989797 54686 0
1740989799 53946 0
1740989801 53202 0
1740989803 52522 0
1740989805 52013 0
1740989807 51588 0
1740989809 51421 0
1740989811 51294 0
1740989813 51475 0
1740989815 51859 0
1740989817 52354 0
1740989819 52634 0
1740989821 52998 0
1740989823 52865 0
1740989825 52899 0
1740989827 52895 0
1740989829 52968 0
1740989831 52872 0
1740989833 52873 0
1740989835 52867 0
1740989837 52716 0
1740989840 52849 0
1740989842 53161 0
1740989844 53314 0
1740989846 53350 0
1740989848 53698 0
1740989850 54594 0
1740989852 55010 0
1740989854 54745 0
1740989856 54520 0
1740989858 54245 0
1740989860 54352 0
1740989862 53985 0
1740989864 53758 0
1740989866 53529 0
1740989868 52967 0
1740989870 52475 0
1740989872 52038 0
1740989874 51790 0
1740989876 51503 0
1740989878 51489 0
1740989880 51532 0
1740989883 51894 0
1740989885 52787 0
1740989887 53126 0
1740989889 53229 0
1740989891 53073 0
1740989893 53100 0
1740989895 53431 0
1740989897 53599 0
1740989899 53630 0
1740989901 53375 0
1740989903 53216 0
1740989905 53001 0
1740989907 52978 0
1740989909 52944 0
1740989911 52828 0
1740989913 53239 0
1740989915 53470 0
1740989917 53955 0
1740989919 54688 0
1740989921 54821 0
1740989923 54586 0
1740989926 54410 0
1740989928 54125 0
1740989930 54275 0
1740989932 53678 0
1740989934 53354 0
1740989936 52878 0
1740989938 52199 0
1740989940 51789 0
1740989942 51409 0
1740989944 50972 0
1740989946 50795 0
1740989948 51148 0
1740989950 51038 0
1740989952 51074 0
1740989954 51114 0
1740989956 51549 0
1740989958 51722 0
1740989960 52430 0
1740989962 52892 0
1740989964 52977 0
1740989966 53137 0
1740989969 53082 0
1740989971 53831 0
1740989973 53376 0
1740989975 53134 0
1740989977 52981 0
1740989979 53065 0
1740989981 53028 0
1740989983 52888 0
1740989985 52839 0
1740989987 52749 0
1740989989 52944 0
1740989991 53043 0
1740989993 53060 0
1740989995 53448 0
1740989997 53824 0
1740989999 54557 0
1740990001 54986 0
1740990003 54837 0
1740990005 53529 0
1740990007 52703 0
1740990009 52182 0
1740990011 51879 0
1740990014 51716 0
1740990016 51464 0
1740990018 51065 0
1740990020 50891 0
1740990022 50814 0
1740990024 50846 0
1740990026 51109 0
1740990028 51282 0
1740990030 51606 0
1740990032 52225 0
1740990034 52843 0
1740990036 52924 0
1740990038 52931 0
1740990040 53028 0
1740990042 52940 0
1740990044 53113 0
1740990046 52907 0
1740990048 52768 0
1740990050 52556 0
1740990052 52682 0
1740990054 52545 0
1740990056 52900 0
1740990058 52897 0
1740990061 52966 0
1740990063 53525 0
1740990065 53891 0
1740990067 54654 0
1740990069 55159 0
1740990071 55034 0
1740990073 54511 0
1740990075 53682 0
1740990077 52787 0
1740990079 52281 0
1740990081 52334 0
1740990083 51920 0
1740990085 51607 0
1740990087 51864 0
1740990089 52461 0
1740990091 52868 0
1740990093 53027 0
1740990095 52958 0
1740990097 52910 0
1740990099 52988 0
1740990101 53034 0
1740990103 52787 0
1740990105 52708 0
1740990108 52565 0
1740990110 52691 0
1740990112 53035 0
1740990114 52998 0
1740990116 53034 0
1740990118 53146 0
1740990120 53308 0
1740990122 53936 0
1740990124 54613 0
1740990126 54939 0
1740990128 54833 0
1740990130 55171 0
1740990132 54534 0
1740990134 54171 0
1740990136 53832 0
1740990138 53577 0
1740990140 54099 0
1740990142 53571 0
1740990144 52944 0
1740990146 52426 0
1740990148 52587 0
1740990150 52221 0
1740990153 52144 0
1740990155 52441 0
1740990157 52801 0
1740990159 53141 0
1740990161 54061 0
1740990163 53917 0
1740990165 53723 0
1740990167 53366 0
1740990169 53319 0
1740990171 53355 0
1740990173 53878 0
1740990175 53728 0
1740990177 53559 0
1740990179 53327 0
1740990181 53367 0
1740990183 53354 0
1740990185 54006 0
1740990187 54333 0
1740990189 54933 0
1740990191 55408 0
1740990193 55341 0
1740990195 55157 0
1740990197 54734 0
1740990200 54566 0
1740990202 54272 0
1740990204 54043 0
1740990206 53997 0
1740990208 53628 0
1740990210 53385 0
1740990212 52863 0
1740990214 52497 0
1740990216 52272 0
1740990218 52006 0
1740990220 52248 0
1740990222 52213 0
1740990224 51884 0
1740990226 51779 0
1740990228 51626 0
1740990230 51554 0
1740990232 51751 0
1740990234 52240 0
1740990236 52923 0
1740990238 53346 0
1740990240 53472 0
1740990242 53606 0
1740990244 53616 0
1740990247 53640 0
1740990249 53635 0
1740990251 53648 0
1740990253 53717 0
1740990255 53654 0
1740990257 53603 0
1740990259 53465 0
1740990261 53826 0
1740990263 53955 0
1740990265 54510 0
1740990267 55412 0
1740990269 55781 0
1740990271 55656 0
1740990273 55734 0
1740990275 55250 0
1740990277 54982 0
1740990279 54374 0
1740990281 53834 0
1740990283 53139 0
1740990285 52715 0
1740990287 52384 0
1740990289 52165 0
1740990292 52100 0
1740990294 52011 0
1740990296 51957 0
1740990298 51934 0
1740990300 52217 0
1740990302 52571 0
1740990304 52957 0
1740990306 53208 0
1740990308 53570 0
1740990310 54358 0
1740990312 54090 0
1740990314 53946 0
1740990316 53857 0
1740990318 54592 0
1740990320 54228 0
1740990322 53899 0
1740990324 55543 0
1740990326 56537 0
1740990328 56942 0
1740990330 56861 0
1740990332 56603 0
1740990334 56351 0
1740990336 55991 0
1740990339 55900 0
1740990341 55876 0
1740990343 55355 0
1740990345 55082 0
1740990347 54996 0
1740990349 54491 0
1740990351 53953 0
1740990353 53529 0
1740990355 53612 0
1740990357 54056 0
1740990359 54089 0
1740990361 54070 0
1740990363 54293 0
1740990365 54043 0
1740990367 53876 0
1740990369 53880 0
1740990371 54152 0
1740990373 53995 0
1740990375 53889 0
1740990377 53633 0
1740990379 53640 0
1740990381 53720 0
1740990383 53801 0
1740990386 53766 0
1740990388 53761 0
1740990390 53848 0
1740990392 54192 0
1740990394 54712 0
1740990396 55359 0
1740990398 55550 0
1740990400 55378 0
1740990402 55083 0
1740990404 54808 0
1740990406 54583 0
1740990408 54246 0
1740990410 54235 0
1740990412 54099 0
1740990414 53579 0
1740990416 53211 0
1740990418 52760 0
1740990420 52731 0
1740990422 52725 0
1740990424 52618 0
1740990426 52680 0
1740990428 53147 0
1740990431 53367 0
1740990433 53520 0
1740990435 53446 0
1740990437 53576 0
1740990439 53489 0
1740990441 53259 0
1740990443 53374 0
1740990445 53277 0
1740990447 53444 0
1740990449 53335 0
1740990451 54046 0
1740990453 54189 0
1740990455 54203 0
1740990457 54084 0
1740990459 54346 0
1740990461 55002 0
1740990463 55802 0
1740990465 55664 0
1740990467 55363 0
1740990469 55365 0
1740990471 54908 0
1740990473 54726 0
1740990475 54340 0
1740990478 54129 0
1740990480 53797 0
1740990482 53900 0
1740990484 53537 0
1740990486 52927 0
1740990488 52774 0
1740990490 52577 0
1740990492 52297 0
1740990494 52010 0
1740990496 51737 0
1740990498 51528 0
1740990500 51822 0
1740990502 51699 0
1740990504 51951 0
1740990506 52037 0
1740990508 52779 0
1740990510 53059 0
1740990512 53247 0
1740990514 53197 0
1740990516 53217 0
1740990518 53482 0
1740990520 53539 0
1740990522 53331 0
1740990525 53194 0
1740990527 53390 0
1740990529 53119 0
1740990531 52988 0
1740990533 52881 0
1740990535 53185 0
1740990537 53139 0
1740990539 52942 0
1740990541 53031 0
1740990543 53192 0
1740990545 54233 0
1740990547 54973 0
1740990549 55110 0
1740990551 54888 0
1740990553 54943 0
1740990555 53850 0
1740990557 52942 0
1740990559 52223 0
1740990561 52148 0
1740990563 51929 0
1740990565 51570 0
1740990567 51410 0
1740990570 51143 0
1740990572 51388 0
1740990574 51373 0
1740990576 51649 0
1740990578 52001 0
1740990580 52584 0
1740990582 53213 0
1740990584 53105 0
1740990586 53083 0
1740990588 53182 0
1740990590 53226 0
1740990592 52960 0
1740990594 52785 0
1740990596 52902 0
1740990598 53153 0
1740990600 52848 0
1740990602 52774 0
1740990604 52829 0
1740990606 53334 0
1740990608 53860 0
1740990610 54358 0
1740990612 55112 0
1740990614 55442 0
1740990617 55464 0
1740990619 55177 0
1740990621 55262 0
1740990623 55077 0
1740990625 54548 0
1740990627 53988 0
1740990629 53527 0
1740990631 53190 0
1740990633 57602 0
1740990635 61037 0
1740990637 61759 0
1740990639 62378 0
1740990641 61445 0
1740990643 60889 0
1740990645 60318 0
1740990647 59276 0
1740990649 58780 0
1740990651 58387 0
1740990653 58240 0
1740990655 57842 0
1740990657 57538 0
1740990659 57228 0
1740990661 57000 0
1740990664 56709 0
1740990666 56315 0
1740990668 56121 0
1740990670 56129 0
1740990672 55581 0
1740990674 55156 0
1740990676 54947 0
1740990678 54755 0
1740990680 54533 0
1740990682 54239 0
1740990684 54110 0
1740990686 54001 0
1740990688 53788 0
1740990690 53483 0
1740990692 52912 0
1740990694 52232 0
1740990696 52081 0
1740990698 51784 0
1740990700 51844 0
1740990702 51741 0
1740990704 51796 0
1740990706 52334 0
1740990709 52634 0
1740990711 52903 0
1740990713 53116 0
1740990715 53660 0
1740990717 53333 0
1740990719 53001 0
1740990721 52820 0
1740990723 52588 0
1740990725 52517 0
1740990727 52466 0
1740990729 52647 0
1740990731 52657 0
1740990733 53009 0
1740990735 52936 0
1740990737 53043 0
1740990739 53373 0
1740990741 53838 0
1740990743 54553 0
1740990745 54712 0
1740990747 54589 0
1740990749 54207 0
1740990751 54137 0
1740990753 53905 0
1740990756 53463 0
1740990758 53242 0
1740990760 53025 0
1740990762 52653 0
1740990764 52086 0
1740990766 51865 0
1740990768 51511 0
1740990770 51442 0
1740990772 51195 0
1740990774 51104 0
1740990776 50867 0
1740990778 51094 0
1740990780 50994 0
1740990782 51511 0
1740990784 51697 0
1740990786 52181 0
1740990788 52565 0
1740990790 53111 0
1740990792 53141 0
1740990794 53077 0
1740990796 52884 0
1740990798 52777 0
1740990801 52690 0
1740990803 52698 0
1740990805 52793 0
1740990807 52590 0
1740990809 52391 0
1740990811 52301 0
1740990813 52242 0
1740990815 52352 0
1740990817 52291 0
1740990819 52541 0
1740990821 52861 0
1740990823 53649 0
1740990825 54327 0
1740990827 54411 0
1740990829 53234 0
1740990831 52425 0
1740990833 51946 0
1740990835 51637 0
1740990837 51274 0
1740990839 51071 0
1740990841 50989 0
1740990843 50828 0
1740990845 50748 0
1740990848 50816 0
1740990850 50986 0
1740990852 50994 0
1740990854 51228 0
1740990856 51979 0
1740990858 52296 0
1740990860 52804 0
1740990862 52848 0
1740990864 52868 0
1740990866 53067 0
1740990868 53138 0
1740990870 52978 0
1740990872 52856 0
1740990874 52886 0
1740990876 53008 0
1740990878 52871 0
1740990880 53156 0
1740990882 53097 0
1740990884 53122 0
1740990886 53285 0
1740990888 53639 0
1740990890 54428 0
1740990892 54824 0
1740990895 54757 0
1740990897 54324 0
1740990899 53614 0
1740990901 52902 0
1740990903 52420 0
1740990905 52165 0
1740990907 52158 0
1740990909 52732 0
1740990911 53189 0
1740990913 53354 0
1740990915 53341 0
1740990917 53203 0
1740990919 53516 0
1740990921 53203 0
1740990923 53383 0
1740990925 53438 0
1740990927 53868 0
1740990929 53562 0
1740990931 54000 0
1740990933 53845 0
1740990935 53617 0
1740990937 53379 0
1740990940 53701 0
1740990942 53737 0
1740990944 54273 0
1740990946 54741 0
1740990948 55247 0
1740990950 54976 0
1740990952 54756 0
1740990954 54695 0
1740990956 54285 0
1740990958 54037 0
1740990960 53638 0
1740990962 53551 0
1740990964 53318 0
1740990966 52657 0
1740990968 52357 0
1740990970 51800 0
1740990972 51385 0
1740990974 51241 0
1740990976 51059 0
1740990978 51071 0
1740990980 51240 0
1740990982 51532 0
1740990984 51916 0
1740990987 52322 0
1740990989 52687 0
1740990991 52658 0
1740990993 52569 0
1740990995 52552 0
1740990997 52494 0
1740990999 52520 0
1740991001 52827 0
1740991003 52682 0
1740991005 52648 0
1740991007 52581 0
1740991009 52502 0
1740991011 52549 0
1740991013 52744 0
1740991015 53274 0
1740991017 53758 0
1740991019 54607 0
1740991021 54540 0
1740991023 54311 0
1740991025 53954 0
1740991027 53852 0
1740991029 53657 0
1740991031 53304 0
1740991034 52826 0
1740991036 52212 0
1740991038 51684 0
1740991040 51373 0
1740991042 51093 0
1740991044 51141 0
1740991046 50914 0
1740991048 52038 0
1740991050 52029 0
1740991052 51832 0
1740991054 51628 0
1740991056 51386 0
1740991058 51415 0
1740991060 51804 0
1740991062 52291 0
1740991064 52462 0
1740991066 52712 0
1740991068 52491 0
1740991070 52348 0
1740991072 52279 0
1740991074 52293 0
1740991077 52318 0
1740991079 52127 0
1740991081 52035 0
1740991083 52122 0
1740991085 51948 0
1740991087 52240 0
1740991089 52233 0
1740991091 52247 0
1740991093 52231 0
1740991095 52546 0
1740991097 53095 0
1740991099 53713 0
1740991101 54421 0
1740991103 53833 0
1740991105 52627 0
1740991107 51872 0
1740991109 51382 0
1740991111 51072 0
1740991113 50933 0
1740991115 50583 0
1740991117 50482 0
1740991120 50557 0
1740991122 50560 0
1740991124 50567 0
1740991126 50586 0
1740991128 50943 0
1740991130 51081 0
1740991132 51364 0
1740991134 51741 0
1740991136 51954 0
1740991138 52278 0
1740991140 52124 0
1740991142 52046 0
1740991144 52051 0
1740991146 52113 0
1740991148 52165 0
1740991150 52174 0
1740991152 52065 0
1740991154 52026 0
1740991156 51981 0
1740991158 51916 0
1740991161 52360 0
1740991163 52422 0
1740991165 52456 0
1740991167 52629 0
1740991169 53184 0
1740991171 53498 0
1740991173 52637 0
1740991175 52082 0
1740991177 51412 0
1740991179 50895 0
1740991181 50845 0
1740991183 50624 0
1740991185 50432 0
1740991187 50221 0
1740991189 50292 0
1740991191 50725 0
1740991193 51323 0
1740991195 51721 0
1740991197 51886 0
1740991199 52059 0
1740991201 52045 0
1740991203 52055 0
1740991205 52011 0
1740991208 52098 0
1740991210 52433 0
1740991212 52123 0
1740991214 51977 0
1740991216 51826 0
1740991218 52023 0
1740991220 52090 0
1740991222 52224 0
1740991224 52314 0
1740991226 52605 0
1740991228 53433 0
1740991230 53935 0
1740991232 53911 0
1740991234 53772 0
1740991236 53530 0
1740991238 53142 0
1740991240 52895 0
1740991242 52093 0
1740991244 51484 0
1740991246 51164 0
1740991248 50940 0
1740991250 50754 0
1740991252 50871 0
1740991255 50839 0
1740991257 50848 0
1740991259 50949 0
1740991261 51166 0
1740991263 51977 0
1740991265 52273 0
1740991267 52276 0
1740991269 52259 0
1740991271 52205 0
1740991273 52074 0
1740991275 51926 0
1740991277 51953 0
1740991279 51934 0
1740991281 52016 0
1740991283 52013 0
1740991285 51931 0
1740991287 52031 0
1740991289 52216 0
1740991291 52339 0
1740991293 52520 0
1740991295 53029 0
1740991297 53662 0
1740991300 53972 0
1740991302 53742 0
1740991304 53461 0
1740991306 53326 0
1740991308 53096 0
1740991310 52176 0
1740991312 51426 0
1740991314 50950 0
1740991316 50708 0
1740991318 50454 0
1740991320 50229 0
1740991322 50127 0
1740991324 50006 0
1740991326 49840 0
1740991328 49990 0
1740991330 50256 0
1740991332 50200 0
1740991334 50535 0
1740991336 50746 0
1740991338 51104 0
1740991340 51465 0
1740991342 51932 0
1740991344 51886 0
1740991347 51955 0
1740991349 52031 0
1740991351 51943 0
1740991353 51985 0
1740991355 51919 0
1740991357 52022 0
1740991359 51964 0
1740991361 52025 0
1740991363 51950 0
1740991365 51778 0
1740991367 51643 0
1740991369 51843 0
1740991371 52052 0
1740991373 52145 0
1740991375 52717 0
1740991377 52301 0
1740991379 51650 0
1740991381 51157 0
1740991383 50731 0
1740991385 50459 0
1740991387 50731 0
1740991389 50866 0
1740991392 50828 0
1740991394 50776 0
1740991396 50750 0
1740991398 50659 0
1740991400 50800 0
1740991402 50837 0
1740991404 51033 0
1740991406 51453 0
1740991408 51981 0
1740991410 52378 0
1740991412 53501 0
1740991414 53328 0
1740991416 53213 0
1740991418 52822 0
1740991420 52938 0
1740991422 53004 0
1740991424 52594 0
1740991426 52419 0
1740991428 52329 0
1740991430 52287 0
1740991432 52341 0
1740991434 52549 0
1740991436 52728 0
1740991439 52860 0
1740991441 53177 0
1740991443 53904 0
1740991445 54579 0
1740991447 53525 0
1740991449 52833 0
1740991451 52245 0
1740991453 51706 0
1740991455 51441 0
1740991457 51133 0
1740991459 50899 0
1740991461 51382 0
1740991463 51949 0
1740991465 52368 0
1740991467 52709 0
1740991469 52733 0
1740991471 52563 0
1740991473 52369 0
1740991476 52191 0
1740991478 51988 0
1740991480 52079 0
1740991482 52129 0
1740991484 52203 0
1740991486 52029 0
1740991488 52142 0
1740991490 52128 0
1740991492 52202 0
1740991494 52180 0
1740991496 52418 0
1740991498 52644 0
1740991500 52878 0
1740991502 53661 0
1740991504 54289 0
1740991506 54054 0
1740991508 53933 0
1740991510 53429 0
1740991512 53209 0
1740991514 53253 0
1740991516 52450 0
1740991518 51686 0
1740991521 51109 0
1740991523 50950 0
1740991525 50723 0
1740991527 50630 0
1740991529 50584 0
1740991531 50932 0
1740991533 51017 0
1740991535 51313 0
1740991537 51820 0
1740991539 52050 0
1740991541 52802 0
1740991543 52803 0
1740991545 52897 0
1740991547 52704 0
1740991549 52698 0
1740991551 52824 0
1740991553 52641 0
1740991555 52473 0
1740991557 52459 0
1740991559 52474 0
1740991561 52515 0
1740991563 52367 0
1740991565 52418 0
1740991568 53105 0
1740991570 54019 0
1740991572 54322 0
1740991574 53983 0
1740991576 53965 0
1740991578 53990 0
1740991580 53569 0
1740991582 53289 0
1740991584 52514 0
1740991586 51997 0
1740991588 51300 0
1740991590 50780 0
1740991592 50703 0
1740991594 50689 0
1740991596 50597 0
1740991598 50322 0
1740991600 50458 0
1740991602 50552 0
1740991604 50624 0
1740991606 50508 0
1740991608 50519 0
1740991611 50693 0
1740991613 51016 0
1740991615 51636 0
1740991617 51755 0
1740991619 51722 0
1740991621 51764 0
1740991623 51854 0
1740991625 51713 0
1740991627 51638 0
1740991629 51572 0
1740991631 51639 0
1740991633 51573 0
1740991635 51647 0
1740991637 51523 0
1740991639 51638 0
1740991641 52388 0
1740991643 52452 0
1740991645 52537 0
1740991647 52796 0
1740991649 53794 0
1740991651 53890 0
1740991653 53416 0
1740991655 52338 0
1740991658 51564 0
1740991660 51439 0
1740991662 51597 0
1740991664 51349 0
1740991666 50975 0
1740991668 51030 0
1740991670 50735 0
1740991672 50494 0
1740991674 50643 0
1740991676 51268 0
1740991678 52008 0
1740991680 52440 0
1740991682 52478 0
1740991684 52436 0
1740991686 52434 0
1740991688 52447 0
1740991690 52624 0
1740991692 52562 0
1740991694 52519 0
1740991696 52758 0
1740991698 52835 0
1740991700 52623 0
1740991703 52455 0
1740991705 52412 0
1740991707 52677 0
1740991709 52731 0
1740991711 52790 0
1740991713 53061 0
1740991715 53415 0
1740991717 54337 0
1740991719 54816 0
1740991721 54624 0
1740991723 53717 0
1740991725 53271 0
1740991727 52694 0
1740991729 52970 0
1740991731 53566 0
1740991733 53589 0
1740991735 53752 0
1740991737 53788 0
1740991739 54341 0
1740991741 54265 0
1740991743 53998 0
1740991745 53798 0
1740991748 53819 0
1740991750 54401 0
1740991752 54050 0
1740991754 54552 0
1740991756 54833 0
1740991758 55472 0
1740991760 55855 0
1740991762 56395 0
1740991764 56514 0
1740991766 56484 0
1740991768 55832 0
1740991770 55436 0
1740991772 55095 0
1740991774 54885 0
1740991776 54643 0
1740991778 54319 0
1740991780 54509 0
1740991782 53970 0
1740991784 53664 0
1740991786 53274 0
1740991788 53266 0
1740991790 52772 0
1740991792 52126 0
1740991795 51837 0
1740991797 51637 0
1740991799 51156 0
1740991801 51006 0
1740991803 51586 0
1740991805 52523 0
1740991807 52990 0
1740991809 52958 0
1740991811 53986 0
1740991813 54200 0
1740991815 53857 0
1740991817 53390 0
1740991819 53371 0
1740991821 53855 0
1740991823 53864 0
1740991825 53179 0
1740991827 52780 0
1740991829 52623 0
1740991831 52630 0
1740991833 52611 0
1740991835 52702 0
1740991837 52561 0
1740991839 53565 0
1740991842 54274 0
1740991844 54520 0
1740991846 54361 0
1740991848 54141 0
1740991850 53848 0
1740991852 53705 0
1740991854 53376 0
1740991856 53494 0
1740991858 52730 0
1740991860 51571 0
1740991862 50856 0
1740991864 50409 0
1740991866 50548 0
1740991868 50183 0
1740991870 50089 0
1740991872 50036 0
1740991874 50639 0
1740991876 50148 0
1740991878 49880 0
1740991880 49611 0
1740991882 49857 0
1740991884 50141 0
1740991887 50020 0
1740991889 50052 0
1740991891 50265 0
1740991893 51820 0
1740991895 51901 0
1740991897 51747 0
1740991899 51884 0
1740991901 51963 0
1740991903 52361 0
1740991905 52312 0
1740991907 52211 0
1740991909 51994 0
1740991911 51920 0
1740991913 51733 0
1740991915 51651 0
1740991917 51702 0
1740991919 52090 0
1740991921 52177 0
1740991923 52538 0
1740991925 52955 0
1740991927 52143 0
1740991929 52713 0
1740991931 51847 0
1740991934 51204 0
1740991936 51031 0
1740991938 50878 0
1740991940 50845 0
1740991942 50333 0
1740991944 50168 0
1740991946 50350 0
1740991948 50749 0
1740991950 50436 0
1740991952 50406 0
1740991954 50893 0
1740991956 51545 0
1740991958 51793 0
1740991960 52069 0
1740991962 52192 0
1740991964 52539 0
1740991966 52100 0
1740991968 51934 0
1740991970 52121 0
1740991972 52380 0
1740991974 52298 0
1740991976 52949 0
1740991978 52636 0
1740991981 52314 0
1740991983 52592 0
1740991985 52470 0
1740991987 52843 0
1740991989 52867 0
1740991991 53162 0
1740991993 53572 0
1740991995 53272 0
1740991997 52258 0
1740991999 51382 0
1740992001 51086 0
1740992003 50569 0
1740992005 50563 0
1740992007 50584 0
1740992009 50676 0
1740992011 50423 0
1740992013 50519 0
1740992015 50864 0
1740992017 51224 0
1740992019 51624 0
1740992021 51864 0
1740992023 51601 0
1740992025 51524 0
1740992028 51599 0
1740992030 51376 0
1740992032 51413 0
1740992034 51323 0
1740992036 51666 0
1740992038 51568 0
1740992040 51724 0
1740992042 51672 0
1740992044 51860 0
1740992046 52224 0
1740992048 52429 0
1740992050 52690 0
1740992052 53513 0
1740992054 53939 0
1740992056 53809 0
1740992058 53663 0
1740992060 53813 0
1740992062 53151 0
1740992064 52363 0
1740992066 51325 0
1740992068 50703 0
1740992070 49967 0
1740992073 50191 0
1740992075 50458 0
1740992077 50400 0
1740992079 50326 0
1740992081 50625 0
1740992083 51228 0
1740992085 51817 0
1740992087 52282 0
1740992089 52240 0
1740992091 52500 0
1740992093 52265 0
1740992095 52049 0
1740992097 51911 0
1740992099 51853 0
1740992101 52123 0
1740992103 51814 0
1740992105 51406 0
1740992107 51257 0
1740992109 51595 0
1740992111 51357 0
1740992113 51152 0
1740992115 51171 0
1740992117 51632 0
1740992120 51710 0
1740992122 51930 0
1740992124 52623 0
1740992126 53459 0
1740992128 53478 0
1740992130 53222 0
1740992132 52808 0
1740992134 51284 0
1740992136 50899 0
1740992138 50376 0
1740992140 50227 0
1740992142 49933 0
1740992144 49670 0
1740992146 49481 0
1740992148 49500 0
1740992150 49621 0
1740992152 49499 0
1740992154 49353 0
1740992156 49468 0
1740992158 49501 0
1740992160 49547 0
1740992162 49456 0
1740992165 49543 0
1740992167 50232 0
1740992169 50902 0
1740992171 51117 0
1740992173 51290 0
1740992175 51573 0
1740992177 51629 0
1740992179 51748 0
1740992181 51672 0
1740992183 51573 0
1740992185 51352 0
1740992187 51463 0
1740992189 51494 0
1740992191 51418 0
1740992193 51346 0
1740992195 51425 0
1740992197 51659 0
1740992199 51838 0
1740992201 51604 0
1740992203 50761 0
1740992205 50073 0
1740992207 49808 0
1740992209 49825 0
1740992212 49647 0
1740992214 49506 0
1740992216 50377 0
1740992218 50427 0
1740992220 50506 0
1740992222 51372 0
1740992224 50802 0
1740992226 50630 0
1740992228 51109 0
1740992230 52250 0
1740992232 52116 0
1740992234 52194 0
1740992236 52031 0
1740992238 51905 0
1740992240 51851 0
1740992242 51748 0
1740992244 51592 0
1740992246 51594 0
1740992248 51657 0
1740992250 51606 0
1740992252 51580 0
1740992254 51400 0
1740992256 51338 0
1740992259 51234 0
1740992261 51468 0
1740992263 51698 0
1740992265 51722 0
1740992267 51787 0
1740992269 51663 0
1740992271 51347 0
1740992273 51008 0
1740992275 50858 0
1740992277 50435 0
1740992279 49946 0
1740992281 49915 0
1740992283 49593 0
1740992285 49397 0
1740992287 49367 0
1740992289 49476 0
1740992291 49496 0
1740992293 49590 0
1740992295 50189 0
1740992297 50779 0
1740992299 51147 0
1740992301 51478 0
1740992304 51519 0
1740992306 51452 0
1740992308 51657 0
1740992310 51518 0
1740992312 51513 0
1740992314 51903 0
1740992316 51979 0
1740992318 52091 0
1740992320 52084 0
1740992322 52553 0
1740992324 52864 0
1740992326 53448 0
1740992328 53882 0
1740992330 53931 0
1740992332 53664 0
1740992334 53580 0
1740992336 53263 0
1740992338 52549 0
1740992340 51746 0
1740992342 50787 0
1740992344 50363 0
1740992346 50129 0
1740992348 49999 0
1740992351 50056 0
1740992353 50089 0
1740992355 50045 0
1740992357 50273 0
1740992359 50069 0
1740992361 50907 0
1740992363 51154 0
1740992365 51307 0
1740992367 51392 0
1740992369 51381 0
1740992371 52050 0
1740992373 51823 0
1740992375 51501 0
1740992377 51313 0
1740992379 51254 0
1740992381 51345 0
1740992383 51265 0
1740992385 51362 0
1740992387 51308 0
1740992389 51508 0
1740992391 51401 0
1740992393 51625 0
1740992395 51971 0
1740992398 52529 0
1740992400 53227 0
1740992402 53551 0
1740992404 53370 0
1740992406 52989 0
1740992408 52183 0
1740992410 51892 0
1740992412 51120 0
1740992414 50764 0
1740992416 50425 0
1740992418 49986 0
1740992420 49911 0
1740992422 49765 0
1740992424 49738 0
1740992426 49899 0
1740992428 49808 0
1740992430 49847 0
1740992432 49830 0
1740992434 49884 0
1740992436 49942 0
1740992438 50350 0
1740992440 51002 0
1740992443 51313 0
1740992445 51640 0
1740992447 51796 0
1740992449 51693 0
1740992451 51983 0
1740992453 51720 0
1740992455 51751 0
1740992457 51510 0
1740992459 51421 0
1740992461 51310 0
1740992463 51372 0
1740992465 51414 0
1740992467 51372 0
1740992469 51593 0
1740992471 51602 0
1740992473 51738 0
1740992475 51614 0
1740992477 51098 0
1740992479 50578 0
1740992481 50429 0
1740992483 50147 0
1740992485 49768 0
1740992488 49586 0
1740992490 49460 0
1740992492 49420 0
1740992494 49480 0
1740992496 49286 0
1740992498 49209 0
1740992500 49504 0
1740992502 49619 0
1740992504 49593 0
1740992506 49774 0
1740992508 50066 0
1740992510 50737 0
1740992512 51167 0
1740992514 51580 0
1740992516 51851 0
1740992518 51834 0
1740992520 51731 0
1740992522 51791 0
1740992524 51816 0
1740992526 51929 0
1740992528 51839 0
1740992530 51726 0
1740992532 51584 0
1740992535 51551 0
1740992537 51732 0
1740992539 51674 0
1740992541 51905 0
1740992543 52188 0
1740992545 51593 0
1740992547 51132 0
1740992549 50593 0
1740992551 50222 0
1740992553 50055 0
1740992555 49980 0
1740992557 49821 0
1740992559 50294 0
1740992561 50675 0
1740992563 50717 0
1740992565 50990 0
1740992567 51304 0
1740992569 52020 0
1740992571 52056 0
1740992573 52022 0
1740992575 52087 0
1740992577 52103 0
1740992579 52292 0
1740992582 52164 0
1740992584 52120 0
1740992586 51971 0
1740992588 52315 0
1740992590 52284 0
1740992592 52219 0
1740992594 52239 0
1740992596 52580 0
1740992598 52999 0
1740992600 53440 0
1740992602 53983 0
1740992604 54021 0
1740992606 53842 0
1740992608 53464 0
1740992610 53293 0
1740992612 53036 0
1740992614 52318 0
1740992616 51357 0
1740992618 50779 0
1740992620 50795 0
1740992622 50760 0
1740992624 50526 0
1740992627 50395 0
1740992629 50174 0
1740992631 50172 0
1740992633 50745 0
1740992635 51313 0
1740992637 51663 0
1740992639 51913 0
1740992641 52372 0
1740992643 52233 0
1740992645 52182 0
1740992647 52068 0
1740992649 52203 0
1740992651 52457 0
1740992653 52283 0
1740992655 52379 0
1740992657 52347 0
1740992659 52572 0
1740992661 53361 0
1740992663 53557 0
1740992665 54043 0
1740992667 54660 0
1740992669 54315 0
1740992671 54123 0
1740992674 53890 0
1740992676 53723 0
1740992678 53619 0
1740992680 53440 0
1740992682 53146 0
1740992684 52494 0
1740992686 52786 0
1740992688 52524 0
1740992690 52498 0
1740992692 52252 0
1740992694 52345 0
1740992696 52270 0
1740992698 52100 0
1740992700 52077 0
1740992702 52124 0
1740992704 52544 0
1740992706 52799 0
1740992708 53038 0
1740992710 52976 0
1740992712 53228 0
1740992714 53154 0
1740992716 53068 0
1740992718 52694 0
1740992721 52601 0
1740992723 53050 0
1740992725 52646 0
1740992727 52505 0
1740992729 52451 0
1740992731 52855 0
1740992733 52696 0
1740992735 52677 0
1740992737 52448 0
1740992739 52595 0
1740992741 53488 0
1740992743 53809 0
1740992745 54246 0
1740992747 54643 0
1740992749 54897 0
1740992751 53727 0
1740992753 52536 0
1740992755 51842 0
1740992757 51673 0
1740992759 51691 0
1740992761 51195 0
1740992763 50655 0
1740992765 50568 0
1740992768 50969 0
1740992770 50817 0
1740992772 50613 0
1740992774 50371 0
1740992776 50801 0
1740992778 51041 0
1740992780 51509 0
1740992782 51813 0
1740992784 52003 0
1740992786 52392 0
1740992788 52389 0
1740992790 52263 0
1740992792 52409 0
1740992794 52763 0
1740992796 52571 0
1740992798 52449 0
1740992800 52568 0
1740992802 52943 0
1740992804 52927 0
1740992806 52894 0
1740992808 52865 0
1740992810 52671 0
1740992812 53250 0
1740992815 53453 0
1740992817 53814 0
1740992819 53640 0
1740992821 53140 0
1740992823 52371 0
1740992825 51492 0
1740992827 51163 0
1740992829 51120 0
1740992831 50929 0
1740992833 50700 0
1740992835 50523 0
1740992837 50494 0
1740992839 50967 0
1740992841 51347 0
1740992843 51727 0
1740992845 52437 0
1740992847 52601 0
1740992849 52766 0
1740992851 53640 0
1740992853 53392 0
1740992855 53173 0
1740992857 52993 0
1740992859 52911 0
1740992862 52761 0
1740992864 52640 0
1740992866 53517 0
1740992868 53896 0
1740992870 54293 0
1740992872 54668 0
1740992874 54992 0
1740992876 55005 0
1740992878 54856 0
1740992880 54426 0
1740992882 54159 0
1740992884 54344 0
1740992886 53920 0
1740992888 53419 0
1740992890 52752 0
1740992892 52216 0
1740992894 51614 0
1740992896 51177 0
1740992898 51003 0
1740992900 50680 0
1740992902 50894 0
1740992904 50884 0
1740992906 50859 0
1740992909 51202 0
1740992911 51794 0
1740992913 52240 0
1740992915 52418 0
1740992917 52483 0
1740992919 52530 0
1740992921 52893 0
1740992923 52839 0
1740992925 52699 0
1740992927 52593 0
1740992929 52825 0
1740992931 52848 0
1740992933 52919 0
1740992935 53068 0
1740992937 53415 0
1740992939 53745 0
1740992941 54525 0
1740992943 54968 0
1740992945 54806 0
1740992947 55043 0
1740992949 54648 0
1740992951 54387 0
1740992954 54020 0
1740992956 54320 0
1740992958 53212 0
1740992960 53212 0
1740992962 52475 0
1740992964 52175 0
1740992966 51894 0
1740992968 51634 0
1740992970 51311 0
1740992972 51138 0
1740992974 51298 0
1740992976 51084 0
1740992978 51139 0
1740992980 51314 0
1740992982 51883 0
1740992984 52396 0
1740992986 53050 0
1740992988 53274 0
1740992990 53281 0
1740992992 53249 0
1740992994 53194 0
1740992996 52981 0
1740992998 52927 0
1740993001 53305 0
1740993003 53066 0
1740993005 52996 0
1740993007 52910 0
1740993009 52982 0
1740993011 53189 0
1740993013 52979 0
1740993015 52902 0
1740993017 52733 0
1740993019 53186 0
1740993021 53362 0
1740993023 54019 0
1740993025 53380 0
1740993027 52822 0
1740993029 52218 0
1740993031 51520 0
1740993033 51296 0
1740993035 50929 0
1740993037 50829 0
1740993039 50636 0
1740993041 50669 0
1740993043 50472 0
1740993045 50770 0
1740993048 50753 0
1740993050 50681 0
1740993052 50784 0
1740993054 51195 0
1740993056 52060 0
1740993058 52541 0
1740993060 52746 0
1740993062 52806 0
1740993064 53183 0
1740993066 52990 0
1740993068 53174 0
1740993070 53172 0
1740993072 53420 0
1740993074 53393 0
1740993076 53577 0
1740993078 53386 0
1740993080 53477 0
1740993082 53676 0
1740993084 53724 0
1740993086 53878 0
1740993088 54597 0
1740993090 55230 0
1740993092 54995 0
1740993095 53918 0
1740993097 52958 0
1740993099 52773 0
1740993101 52548 0
1740993103 51868 0
1740993105 51693 0
1740993107 51575 0
1740993109 51948 0
1740993111 52114 0
1740993113 52562 0
1740993115 53168 0
1740993117 53399 0
1740993119 53352 0
1740993121 53073 0
1740993123 53103 0
1740993125 52993 0
1740993127 52876 0
1740993129 52864 0
1740993131 52707 0
1740993133 52667 0
1740993135 52718 0
1740993137 52833 0
1740993140 52950 0
1740993142 52995 0
1740993144 53777 0
1740993146 54679 0
1740993148 55264 0
1740993150 55031 0
1740993152 54865 0
1740993154 54710 0
1740993156 54402 0
1740993158 54206 0
1740993160 54109 0
1740993162 53789 0
1740993164 52844 0
1740993166 52181 0
1740993168 51841 0
1740993170 51393 0
1740993172 51581 0
1740993174 51538 0
1740993176 51360 0
1740993178 51493 0
1740993180 51724 0
1740993182 52188 0
1740993184 52643 0
1740993187 52886 0
1740993189 53299 0
1740993191 53175 0
1740993193 53224 0
1740993195 53065 0
1740993197 53115 0
1740993199 53013 0
1740993201 53037 0
1740993203 53045 0
1740993205 52833 0
1740993207 53117 0
1740993209 53317 0
1740993211 53381 0
1740993213 53960 0
1740993215 54736 0
1740993217 55120 0
1740993219 54940 0
1740993221 54797 0
1740993223 54333 0
1740993225 54327 0
1740993227 54009 0
1740993229 53824 0
1740993232 53248 0
1740993234 53018 0
1740993236 52379 0
1740993238 52063 0
1740993240 51617 0
1740993242 51372 0
1740993244 51437 0
1740993246 51424 0
1740993248 51531 0
1740993250 51566 0
1740993252 51639 0
1740993254 52011 0
1740993256 52564 0
1740993258 53134 0
1740993260 54109 0
1740993262 54002 0
1740993264 53913 0
1740993266 53863 0
1740993268 53880 0
1740993270 53913 0
1740993272 53719 0
1740993274 53679 0
1740993277 53586 0
1740993279 53796 0
1740993281 53892 0
1740993283 53753 0
1740993285 53817 0
1740993287 53760 0
1740993289 54044 0
1740993291 54382 0
1740993293 54854 0
1740993295 55338 0
1740993297 55591 0
1740993299 55051 0
1740993301 54123 0
1740993303 53586 0
1740993305 53038 0
1740993307 52968 0
1740993309 52694 0
1740993311 52645 0
1740993313 52248 0
1740993315 52025 0
1740993317 51702 0
1740993319 51608 0
1740993321 51798 0
1740993324 52655 0
1740993326 53085 0
1740993328 53635 0
1740993330 53424 0
1740993332 53693 0
1740993334 53975 0
1740993336 53874 0
1740993338 53775 0
1740993340 53827 0
1740993342 53951 0
1740993344 54006 0
1740993346 53809 0
1740993348 53817 0
1740993350 53996 0
1740993352 53959 0
1740993354 54157 0
1740993356 54710 0
1740993358 55377 0
1740993360 55937 0
1740993362 55866 0
1740993364 55852 0
1740993366 55640 0
1740993369 55661 0
1740993371 55302 0
1740993373 55323 0
1740993375 55268 0
1740993377 55121 0
1740993379 55363 0
1740993381 55312 0
1740993383 54973 0
1740993385 54755 0
1740993387 54619 0
1740993389 54447 0
1740993391 54447 0
1740993393 54317 0
1740993395 54562 0
1740993397 54664 0
1740993399 54523 0
1740993401 54950 0
1740993403 55019 0
1740993405 55550 0
1740993407 55700 0
1740993409 56343 0
1740993411 56816 0
1740993413 57026 0
1740993416 56588 0
1740993418 56285 0
1740993420 55991 0
1740993422 55911 0
1740993424 55498 0
1740993426 55178 0
1740993428 55111 0
1740993430 54960 0
1740993432 54777 0
1740993434 54453 0
1740993436 54333 0
1740993438 53742 0
1740993440 53483 0
1740993442 53172 0
1740993444 53216 0
1740993446 53146 0
1740993448 53500 0
1740993450 53998 0
1740993452 54518 0
1740993454 54553 0
1740993456 54285 0
1740993458 54242 0
1740993461 54380 0
1740993463 54097 0
1740993465 53995 0
1740993467 53629 0
1740993469 53771 0
1740993471 53610 0
1740993473 53621 0
1740993475 53530 0
1740993477 53747 0
1740993479 53936 0
1740993481 54364 0
1740993483 54709 0
1740993485 55641 0
1740993487 55856 0
1740993489 55809 0
1740993491 55524 0
1740993493 55305 0
1740993495 55167 0
1740993497 54779 0
1740993499 54618 0
1740993501 54375 0
1740993503 54194 0
1740993505 54020 0
1740993508 53482 0
1740993510 53230 0
1740993512 52905 0
1740993514 53051 0
1740993516 52485 0
1740993518 52206 0
1740993520 52500 0
1740993522 52515 0
1740993524 52672 0
1740993526 52544 0
1740993528 52835 0
1740993530 53504 0
1740993532 53766 0
1740993534 53717 0
1740993536 53844 0
1740993538 54115 0
1740993540 54361 0
1740993542 54510 0
1740993544 54366 0
1740993546 54216 0
1740993548 54476 0
1740993550 54325 0
1740993552 54088 0
1740993555 54275 0
1740993557 54932 0
1740993559 55197 0
1740993561 55968 0
1740993563 56265 0
1740993565 56284 0
1740993567 56279 0
1740993569 55883 0
1740993571 55722 0
1740993573 55330 0
1740993575 54746 0
1740993577 53830 0
1740993579 53153 0
1740993581 52817 0
1740993583 52449 0
1740993585 52198 0
1740993587 52183 0
1740993589 52251 0
1740993591 52019 0
1740993593 52151 0
1740993595 51971 0
1740993597 52152 0
1740993600 52493 0
1740993602 53476 0
1740993604 53843 0
1740993606 53885 0
1740993608 54457 0
1740993610 54467 0
1740993612 54678 0
1740993614 54411 0
1740993616 54430 0
1740993618 54222 0
1740993620 54246 0
1740993622 54306 0
1740993624 54390 0
1740993626 54603 0
1740993628 55063 0
1740993630 55644 0
1740993632 56206 0
1740993634 56260 0
1740993636 56066 0
1740993638 56263 0
1740993640 56077 0
1740993642 55473 0
1740993644 54635 0
1740993647 54022 0
1740993649 53482 0
1740993651 53152 0
1740993653 53050 0
1740993655 53139 0
1740993657 53592 0
1740993659 53898 0
1740993661 53930 0
1740993663 53988 0
1740993665 54092 0
1740993667 54058 0
1740993669 53945 0
1740993671 53863 0
1740993673 53994 0
1740993675 53922 0
1740993677 53789 0
1740993679 54676 0
1740993681 55188 0
1740993683 55405 0
1740993685 56660 0
1740993687 56756 0
1740993689 57707 0
1740993691 57462 0
1740993694 56504 0
1740993696 56603 0
1740993698 56282 0
1740993700 56929 0
1740993702 56877 0
1740993704 55570 0
1740993706 54820 0
1740993708 54844 0
1740993710 54359 0
1740993712 53926 0
1740993714 53526 0
1740993716 53503 0
1740993718 53330 0
1740993720 53409 0
1740993722 54174 0
1740993724 54246 0
1740993726 54349 0
1740993728 54817 0
1740993730 54702 0
1740993732 54493 0
1740993734 54492 0
1740993736 54796 0
1740993738 54816 0
1740993741 54837 0
1740993743 54870 0
1740993745 54886 0
1740993747 55031 0
1740993749 54916 0
1740993751 55004 0
1740993753 55526 0
1740993755 56267 0
1740993757 56686 0
1740993759 56349 0
1740993761 56654 0
1740993763 55987 0
1740993765 55702 0
1740993767 55428 0
1740993769 55176 0
1740993771 54866 0
1740993773 54768 0
1740993775 54506 0
1740993777 54210 0
1740993779 53919 0
1740993781 53697 0
1740993783 53172 0
1740993786 53049 0
1740993788 52982 0
1740993790 52955 0
1740993792 52700 0
1740993794 52418 0
1740993796 52460 0
1740993798 52329 0
1740993800 52851 0
1740993802 53270 0
1740993804 53810 0
1740993806 54169 0
1740993808 54390 0
1740993810 54563 0
1740993812 54509 0
1740993814 54422 0
1740993816 54386 0
1740993818 54546 0
1740993820 54564 0
1740993822 54566 0
1740993824 54357 0
1740993826 54347 0
1740993828 54333 0
1740993830 54443 0
1740993833 54753 0
1740993835 55203 0
1740993837 55923 0
1740993839 56386 0
1740993841 56483 0
1740993843 56126 0
1740993845 55762 0
1740993847 55551 0
1740993849 55127 0
1740993851 54187 0
1740993853 53822 0
1740993855 53695 0
1740993857 53262 0
1740993859 53052 0
1740993861 53276 0
1740993863 53246 0
1740993865 53295 0
1740993867 53478 0
1740993869 53762 0
1740993871 54051 0
1740993873 54251 0
1740993875 54338 0
1740993878 54278 0
1740993880 54366 0
1740993882 54516 0
1740993884 54423 0
1740993886 54441 0
1740993888 54360 0
1740993890 54521 0
1740993892 54277 0
1740993894 54185 0
1740993896 54339 0
1740993898 54546 0
1740993900 54969 0
1740993902 55349 0
1740993904 56060 0
1740993906 56549 0
1740993908 56548 0
1740993910 56149 0
1740993912 55880 0
1740993914 55772 0
1740993916 55652 0
1740993918 55182 0
1740993920 54763 0
1740993922 54530 0
1740993925 54221 0
1740993927 54461 0
1740993929 54540 0
1740993931 54574 0
1740993933 54584 0
1740993935 54700 0
1740993937 54655 0
1740993939 54603 0
1740993941 54413 0
1740993943 54255 0
1740993945 54147 0
1740993947 53994 0
1740993949 53794 0
1740993951 53937 0
1740993953 53919 0
1740993955 53952 0
1740993957 53953 0
1740993959 54183 0
1740993961 54346 0
1740993963 54798 0
1740993965 55489 0
1740993967 55962 0
1740993969 55876 0
1740993972 55612 0
1740993974 55295 0
1740993976 55066 0
1740993978 54810 0
1740993980 54834 0
1740993982 54510 0
1740993984 54226 0
1740993986 54151 0
1740993988 53786 0
1740993990 53408 0
1740993992 53131 0
1740993994 52938 0
1740993996 52891 0
1740993998 53179 0
1740994000 53754 0
1740994002 54419 0
1740994004 54589 0
1740994006 54560 0
1740994008 54424 0
1740994010 54460 0
1740994012 54244 0
1740994014 54245 0
1740994017 54372 0
1740994019 54254 0
1740994021 54304 0
1740994023 54072 0
1740994025 54024 0
1740994027 54107 0
1740994029 54588 0
1740994031 54911 0
1740994033 55378 0
1740994035 55999 0
1740994037 56057 0
1740994039 55654 0
1740994041 55676 0
1740994043 55216 0
1740994045 54988 0
1740994047 54881 0
1740994049 54517 0
1740994051 54497 0
1740994053 54373 0
1740994055 53866 0
1740994057 53315 0
1740994059 53399 0
1740994061 53374 0
1740994064 53025 0
1740994066 52961 0
1740994068 52662 0
1740994070 52644 0
1740994072 52439 0
1740994074 52540 0
1740994076 52595 0
1740994078 52889 0
1740994080 53215 0
1740994082 53566 0
1740994084 53689 0
1740994086 53744 0
1740994088 54036 0
1740994090 53869 0
1740994092 53818 0
1740994094 53714 0
1740994096 53848 0
1740994098 54003 0
1740994100 54036 0
1740994102 54084 0
1740994104 54360 0
1740994106 54519 0
1740994108 54836 0
1740994111 55148 0
1740994113 55816 0
1740994115 56283 0
1740994117 56104 0
1740994119 55879 0
1740994121 55830 0
1740994123 55491 0
1740994125 54779 0
1740994127 54180 0
1740994129 53754 0
1740994131 53309 0
1740994133 53234 0
1740994135 52908 0
1740994137 52779 0
1740994139 52457 0
1740994141 52575 0
1740994143 52542 0
1740994145 52900 0
1740994147 53247 0
1740994149 53864 0
1740994151 54077 0
1740994153 54263 0
1740994156 54515 0
1740994158 54431 0
1740994160 54517 0
1740994162 54745 0
1740994164 54852 0
1740994166 54397 0
1740994168 54256 0
1740994170 54162 0
1740994172 54112 0
1740994174 54187 0
1740994176 54150 0
1740994178 54423 0
1740994180 54938 0
1740994182 55627 0
1740994184 55983 0
1740994186 55909 0
1740994188 55774 0
1740994190 55542 0
1740994192 54992 0
1740994194 54390 0
1740994196 53814 0
1740994198 53377 0
1740994200 53441 0
1740994203 53355 0
1740994205 53769 0
1740994207 54092 0
1740994209 54356 0
1740994211 54375 0
1740994213 54280 0
1740994215 54071 0
1740994217 54052 0
1740994219 53925 0
1740994221 53923 0
1740994223 53968 0
1740994225 53991 0
1740994227 54035 0
1740994229 54065 0
1740994231 54156 0
1740994233 54655 0
1740994235 54650 0
1740994237 55251 0
1740994239 55935 0
1740994241 56192 0
1740994243 55931 0
1740994245 55555 0
1740994247 55374 0
1740994250 55180 0
1740994252 54874 0
1740994254 54872 0
1740994256 54534 0
1740994258 54290 0
1740994260 54197 0
1740994262 53662 0
1740994264 53079 0
1740994266 52883 0
1740994268 52755 0
1740994270 52487 0
1740994272 52546 0
1740994274 52904 0
1740994276 53712 0
1740994278 53972 0
1740994280 54162 0
1740994282 54222 0
1740994284 54430 0
1740994286 54292 0
1740994288 54240 0
1740994290 54148 0
1740994292 54459 0
1740994294 54561 0
1740994297 54824 0
1740994299 54804 0
1740994301 55210 0
1740994303 55795 0
1740994305 56480 0
1740994307 56508 0
1740994309 56395 0
1740994311 55980 0
1740994313 55718 0
1740994315 55624 0
1740994317 55379 0
1740994319 55091 0
1740994321 54950 0
1740994323 54638 0
1740994325 54525 0
1740994327 54394 0
1740994329 54209 0
1740994331 53749 0
1740994333 53368 0
1740994335 53438 0
1740994337 53117 0
1740994339 52819 0
1740994342 52745 0
1740994344 52620 0
1740994346 52828 0
1740994348 53140 0
1740994350 53565 0
1740994352 54330 0
1740994354 54688 0
1740994356 54852 0
1740994358 54887 0
1740994360 55374 0
1740994362 55320 0
1740994364 55367 0
1740994366 55175 0
1740994368 55076 0
1740994370 55339 0
1740994372 55347 0
1740994374 55256 0
1740994376 55244 0
1740994378 55199 0
1740994380 55612 0
1740994382 56103 0
1740994384 56549 0
1740994386 56674 0
1740994389 56627 0
1740994391 56204 0
1740994393 55990 0
1740994395 55604 0
1740994397 55488 0
1740994399 54716 0
1740994401 53829 0
1740994403 53363 0
1740994405 52964 0
1740994407 52787 0
1740994409 52687 0
1740994411 52487 0
1740994413 52810 0
1740994415 52557 0
1740994417 52566 0
1740994419 52964 0
1740994421 53608 0
1740994423 54128 0
1740994425 54268 0
1740994427 54506 0
1740994429 54728 0
1740994431 54791 0
1740994434 54814 0
1740994436 55086 0
1740994438 55060 0
1740994440 54973 0
1740994442 54654 0
1740994444 54298 0
1740994446 54379 0
1740994448 54486 0
1740994450 54808 0
1740994452 55402 0
1740994454 56260 0
1740994456 56596 0
1740994458 56438 0
1740994460 56557 0
1740994462 56056 0
1740994464 55663 0
1740994466 55270 0
1740994468 54766 0
1740994470 54104 0
1740994472 53993 0
1740994474 53730 0
1740994476 53644 0
1740994478 53896 0
1740994481 54461 0
1740994483 54474 0
1740994485 54494 0
1740994487 54408 0
1740994489 54389 0
1740994491 54457 0
1740994493 54294 0
1740994495 54113 0
1740994497 54318 0
1740994499 54379 0
1740994501 54481 0
1740994503 54444 0
1740994505 54458 0
1740994507 54739 0
1740994509 55275 0
1740994511 55949 0
1740994513 56428 0
1740994515 56415 0
1740994517 56069 0
1740994519 55867 0
1740994521 55551 0
1740994523 55326 0
1740994526 55032 0
1740994528 54859 0
1740994530 54476 0
1740994532 54052 0
1740994534 54123 0
1740994536 53625 0
1740994538 53079 0
1740994540 52992 0
1740994542 52797 0
1740994544 52790 0
1740994546 52955 0
1740994548 53041 0
1740994550 53425 0
1740994552 53925 0
1740994554 54349 0
1740994556 54351 0
1740994558 54353 0
1740994560 54590 0
1740994562 54866 0
1740994564 54885 0
1740994566 55182 0
1740994568 55149 0
1740994570 55192 0
1740994573 55136 0
1740994575 55090 0
1740994577 55417 0
1740994579 55963 0
1740994581 56819 0
1740994583 56883 0
1740994585 56679 0
1740994587 56525 0
1740994589 56158 0
1740994591 55873 0
1740994593 55363 0
1740994595 54969 0
1740994597 54696 0
1740994599 54515 0
1740994601 54500 0
1740994603 54356 0
1740994605 53734 0
1740994607 53323 0
1740994610 53058 0
1740994612 52767 0
1740994614 52533 0
1740994616 52713 0
1740994618 52483 0
1740994620 52614 0
1740994622 52655 0
1740994624 52913 0
1740994626 53324 0
1740994628 53900 0
1740994630 54234 0
1740994632 54335 0
1740994634 54421 0
1740994636 54481 0
1740994638 54416 0
1740994640 54470 0
1740994642 54342 0
1740994644 54342 0
1740994646 54316 0
1740994648 54407 0
1740994650 54386 0
1740994652 54271 0
1740994654 54478 0
1740994657 54812 0
1740994659 55192 0
1740994661 56074 0
1740994663 56543 0
1740994665 56346 0
1740994667 56193 0
1740994669 55799 0
1740994671 55666 0
1740994673 55070 0
1740994675 54447 0
1740994677 53954 0
1740994679 53552 0
1740994681 53074 0
1740994683 52873 0
1740994685 52609 0
1740994687 52528 0
1740994689 52704 0
1740994691 52643 0
1740994693 53017 0
1740994695 53224 0
1740994697 53646 0
1740994699 53862 0
1740994702 53915 0
1740994704 53943 0
1740994706 53915 0
1740994708 53877 0
1740994710 53919 0
1740994712 53870 0
1740994714 53998 0
1740994716 53967 0
1740994718 54220 0
1740994720 54348 0
1740994722 54551 0
1740994724 54617 0
1740994726 54953 0
1740994728 55430 0
1740994730 56000 0
1740994732 56210 0
1740994734 56111 0
1740994736 55846 0
1740994738 55648 0
1740994740 55224 0
1740994742 54316 0
1740994744 53842 0
1740994746 53434 0
1740994749 53112 0
1740994751 52916 0
1740994753 52969 0
1740994755 53205 0
1740994757 53612 0
1740994759 54006 0
1740994761 54388 0
1740994763 54491 0
1740994765 54316 0
1740994767 54112 0
1740994769 53974 0
1740994771 53845 0
1740994773 53803 0
1740994775 53702 0
1740994777 53607 0
1740994779 53755 0
1740994781 53895 0
1740994783 53946 0
1740994785 54273 0
1740994787 54774 0
1740994789 55604 0
1740994791 55850 0
1740994793 55746 0
1740994796 55411 0
1740994798 55182 0
1740994800 55017 0
1740994802 54699 0
1740994804 54441 0
1740994806 54251 0
1740994808 54027 0
1740994810 53911 0
1740994812 53555 0
1740994814 53196 0
1740994816 53001 0
1740994818 52972 0
1740994820 52930 0
1740994822 52904 0
1740994824 52922 0
1740994826 53104 0
1740994828 53585 0
1740994830 53607 0
1740994832 54059 0
1740994834 54045 0
1740994836 53858 0
1740994838 53681 0
1740994840 54211 0
1740994843 53951 0
1740994845 53925 0
1740994847 53882 0
1740994849 53877 0
1740994851 53738 0
1740994853 53631 0
1740994855 53818 0
1740994857 54250 0
1740994859 54683 0
1740994861 55388 0
1740994863 55377 0
1740994865 55318 0
1740994867 55248 0
1740994869 55049 0
1740994871 54688 0
1740994873 54314 0
1740994875 54157 0
1740994877 54018 0
1740994879 53376 0
1740994881 52728 0
1740994883 52586 0
1740994885 52573 0
1740994888 52628 0
1740994890 52459 0
1740994892 52396 0
1740994894 52405 0
1740994896 52393 0
1740994898 52470 0
1740994900 52736 0
1740994902 53145 0
1740994904 53571 0
1740994906 53883 0
1740994908 54063 0
1740994910 54221 0
1740994912 54127 0
1740994914 54104 0
1740994916 54095 0
1740994918 54039 0
1740994920 54194 0
1740994922 53954 0
1740994924 53798 0
1740994926 53698 0
1740994928 53822 0
1740994930 53982 0
1740994932 54299 0
1740994935 54589 0
1740994937 55213 0
1740994939 55855 0
1740994941 56032 0
1740994943 55953 0
1740994945 55629 0
1740994947 54956 0
1740994949 54061 0
1740994951 53482 0
1740994953 53065 0
1740994955 52747 0
1740994957 52434 0
1740994959 52304 0
1740994961 52246 0
1740994963 52252 0
1740994965 52407 0
1740994967 52511 0
1740994969 52659 0
1740994971 53072 0
1740994973 54166 0
1740994975 54755 0
1740994977 54558 0
1740994979 57950 0
1740994982 58632 0
1740994984 58354 0
1740994986 59746 0
1740994988 62700 0
1740994990 60898 0
1740994992 58919 0
1740994994 61373 0
1740994996 61598 0
1740994998 59020 0
1740995000 60668 0
1740995002 65535 0
1740995004 63135 0
1740995006 60318 0
1740995008 58800 0
1740995010 58467 0
1740995012 56792 0
1740995014 56496 0
1740995016 56245 0
1740995018 55592 0
1740995020 55617 0
1740995022 56993 0
1740995024 56269 0
1740995027 55598 0
1740995029 55446 0
1740995031 55590 0
1740995033 55174 0
1740995035 54973 0
1740995037 54608 0
1740995039 54473 0
1740995041 54158 0
1740995043 53758 0
1740995045 53623 0
1740995047 53684 0
1740995049 53711 0
1740995051 53296 0
1740995053 53170 0
1740995055 53753 0
1740995057 53715 0
1740995059 53953 0
1740995061 54627 0
1740995063 55086 0
1740995065 55612 0
1740995067 55804 0
1740995069 55426 0
1740995071 55094 0
1740995074 54907 0
1740995076 54599 0
1740995078 54503 0
1740995080 54462 0
1740995082 54192 0
1740995084 53653 0
1740995086 53001 0
1740995088 52837 0
1740995090 52353 0
1740995092 52141 0
1740995094 51906 0
1740995096 51901 0
1740995098 51942 0
1740995100 52090 0
1740995102 52526 0
1740995104 53043 0
1740995106 53368 0
1740995108 53683 0
1740995110 53536 0
1740995112 53431 0
1740995114 53430 0
1740995116 53317 0
1740995118 53618 0
1740995121 53483 0
1740995123 53414 0
1740995125 53441 0
1740995127 53643 0
1740995129 54017 0
1740995131 54311 0
1740995133 54978 0
1740995135 55740 0
1740995137 55435 0
1740995139 55280 0
1740995141 55234 0
1740995143 54965 0
1740995145 54841 0
1740995147 54629 0
1740995149 54174 0
1740995151 53862 0
1740995153 53292 0
1740995155 52752 0
1740995157 52245 0
1740995159 51929 0
1740995161 51639 0
1740995163 51335 0
1740995166 51631 0
1740995168 51719 0
1740995170 51624 0
1740995172 51469 0
1740995174 51274 0
1740995176 51283 0
1740995178 51661 0
1740995180 52232 0
1740995182 52702 0
1740995184 53124 0
1740995186 53067 0
1740995188 53274 0
1740995190 53522 0
1740995192 53587 0
1740995194 53517 0
1740995196 53230 0
1740995198 53205 0
1740995200 53496 0
1740995202 53350 0
1740995204 53301 0
1740995206 53331 0
1740995208 53348 0
1740995210 53511 0
1740995213 53862 0
1740995215 54125 0
1740995217 54755 0
1740995219 55133 0
1740995221 54877 0
1740995223 53750 0
1740995225 52852 0
1740995227 52568 0
1740995229 52413 0
1740995231 52186 0
1740995233 51904 0
1740995235 51786 0
1740995237 51610 0
1740995239 51638 0
1740995241 51468 0
1740995243 51141 0
1740995245 51045 0
1740995247 51220 0
1740995249 51681 0
1740995252 52215 0
1740995254 52712 0
1740995256 53035 0
1740995258 53300 0
1740995260 53336 0
1740995262 53499 0
1740995264 53433 0
1740995266 53563 0
1740995268 53249 0
1740995270 53357 0
1740995272 53437 0
1740995274 53499 0
1740995276 53603 0
1740995278 53826 0
1740995280 54076 0
1740995282 54578 0
1740995284 55163 0
1740995286 55526 0
1740995288 55623 0
1740995290 54965 0
1740995292 54289 0
1740995294 53425 0
1740995296 52658 0
1740995299 52543 0
1740995301 52314 0
1740995303 52339 0
1740995305 52526 0
1740995307 52803 0
1740995309 53061 0
1740995311 53633 0
1740995313 53484 0
1740995315 53441 0
1740995317 53578 0
1740995319 53563 0
1740995321 53756 0
1740995323 53575 0
1740995325 53335 0
1740995327 53291 0
1740995329 53187 0
1740995331 53101 0
1740995333 53108 0
1740995335 53147 0
1740995337 53261 0
1740995339 53597 0
1740995341 54082 0
1740995344 54772 0
1740995346 55090 0
1740995348 55060 0
1740995350 54738 0
1740995352 54459 0
1740995354 54354 0
1740995356 54205 0
1740995358 54161 0
1740995360 53562 0
1740995362 52949 0
1740995364 52422 0
1740995366 52070 0
1740995368 51828 0
1740995370 51722 0
1740995372 51595 0
1740995374 51490 0
1740995376 51872 0
1740995378 52502 0
1740995380 52987 0
1740995382 53220 0
1740995384 53251 0
1740995386 53278 0
1740995388 53153 0
1740995391 53088 0
1740995393 53035 0
1740995395 52983 0
1740995397 53076 0
1740995399 52972 0
1740995401 53026 0
1740995403 53148 0
1740995405 53235 0
1740995407 53779 0
1740995409 54559 0
1740995411 55296 0
1740995413 55314 0
1740995415 55017 0
1740995417 54749 0
1740995419 54770 0
1740995421 54381 0
1740995423 54084 0
1740995425 53845 0
1740995427 53597 0
1740995429 52834 0
1740995431 52401 0
1740995433 52153 0
1740995435 51814 0
1740995438 51731 0
1740995440 51569 0
1740995442 51928 0
1740995444 51951 0
1740995446 52079 0
1740995448 52144 0
1740995450 52293 0
1740995452 52524 0
1740995454 53014 0
1740995456 53308 0
1740995458 53396 0
1740995460 53229 0
1740995462 53002 0
1740995464 53014 0
1740995466 53061 0
1740995468 53169 0
1740995470 53006 0
1740995472 53002 0
1740995474 53210 0
1740995476 53135 0
1740995478 53079 0
1740995480 53050 0
1740995482 53112 0
1740995485 53034 0
1740995487 53230 0
1740995489 53551 0
1740995491 54139 0
1740995493 54799 0
1740995495 55220 0
1740995497 54117 0
1740995499 53338 0
1740995501 52820 0
1740995503 52296 0
1740995505 51931 0
1740995507 51629 0
1740995509 51447 0
1740995511 51271 0
1740995513 51146 0
1740995515 51096 0
1740995517 51073 0
1740995519 51340 0
1740995521 51422 0
1740995523 51546 0
1740995525 51891 0
1740995527 52510 0
1740995530 52794 0
1740995532 52703 0
1740995534 52789 0
1740995536 52745 0
1740995538 52680 0
1740995540 52628 0
1740995542 52601 0
1740995544 52464 0
1740995546 52402 0
1740995548 52526 0
1740995550 52404 0
1740995552 52510 0
1740995554 52507 0
1740995556 52703 0
1740995558 52740 0
1740995560 53426 0
1740995562 53931 0
1740995564 53731 0
1740995566 52937 0
1740995568 52373 0
1740995570 51915 0
1740995572 51531 0
1740995574 51271 0
1740995577 51268 0
1740995579 51131 0
1740995581 51408 0
1740995583 51645 0
1740995585 51927 0
1740995587 52349 0
1740995589 52834 0
1740995591 52827 0
1740995593 52836 0
1740995595 52769 0
1740995597 52740 0
1740995599 52741 0
1740995601 52823 0
1740995603 52738 0
1740995605 52749 0
1740995607 52909 0
1740995609 53030 0
1740995611 53112 0
1740995613 53204 0
1740995615 53582 0
1740995617 54095 0
1740995619 54884 0
1740995621 55118 0
1740995624 55002 0
1740995626 54534 0
1740995628 54322 0
1740995630 53967 0
1740995632 53749 0
1740995634 53030 0
1740995636 52461 0
1740995638 52113 0
1740995640 51801 0
1740995642 51602 0
1740995644 51410 0
1740995646 51261 0
1740995648 51287 0
1740995650 51531 0
1740995652 52065 0
1740995654 52458 0
1740995656 53267 0
1740995658 53252 0
1740995660 53461 0
1740995662 53289 0
1740995664 53330 0
1740995666 53617 0
1740995668 53280 0
1740995671 53145 0
1740995673 53157 0
1740995675 53314 0
1740995677 53435 0
1740995679 53589 0
1740995681 53979 0
1740995683 54569 0
1740995685 55259 0
1740995687 55685 0
1740995689 55382 0
1740995691 54902 0
1740995693 54845 0
1740995695 54551 0
1740995697 54277 0
1740995699 54563 0
1740995701 53993 0
1740995703 53430 0
1740995705 52989 0
1740995707 52721 0
1740995709 52413 0
1740995711 52171 0
1740995713 51830 0
1740995716 51644 0
1740995718 51757 0
1740995720 51740 0
1740995722 51735 0
1740995724 51619 0
1740995726 51739 0
1740995728 52531 0
1740995730 52925 0
1740995732 53367 0
1740995734 53390 0
1740995736 53278 0
1740995738 53191 0
1740995740 53314 0
1740995742 53298 0
1740995744 53086 0
1740995746 53102 0
1740995748 53132 0
1740995750 53826 0
1740995752 53635 0
1740995754 53528 0
1740995756 53518 0
1740995758 53692 0
1740995760 54156 0
1740995763 54981 0
1740995765 55558 0
1740995767 55760 0
1740995769 55502 0
1740995771 55073 0
1740995773 54281 0
1740995775 53743 0
1740995777 53218 0
1740995779 52735 0
1740995781 52390 0
1740995783 52440 0
1740995785 52349 0
1740995787 52920 0
1740995789 52864 0
1740995791 53338 0
1740995793 53798 0
1740995795 54095 0
1740995797 54077 0
1740995799 54129 0
1740995801 54387 0
1740995803 54292 0
1740995805 54187 0
1740995807 54187 0
1740995810 53893 0
1740995812 53956 0
1740995814 54059 0
1740995816 53994 0
1740995818 53839 0
1740995820 53755 0
1740995822 54332 0
1740995824 54567 0
1740995826 54755 0
1740995828 55961 0
1740995830 56196 0
1740995832 56044 0
1740995834 56012 0
1740995836 55807 0
1740995838 55501 0
1740995840 55282 0
1740995842 54807 0
1740995844 54332 0
1740995846 54164 0
1740995848 54153 0
1740995850 54103 0
1740995852 54251 0
1740995854 54467 0
1740995857 54441 0
1740995859 55107 0
1740995861 55026 0
1740995863 54779 0
1740995865 54443 0
1740995867 54287 0
1740995869 54279 0
1740995871 53928 0
1740995873 53759 0
1740995875 53727 0
1740995877 53565 0
1740995879 54098 0
1740995881 54134 0
1740995883 54262 0
1740995885 54469 0
1740995887 54987 0
1740995889 55848 0
1740995891 55804 0
1740995893 55514 0
1740995895 55212 0
1740995897 55206 0
1740995899 54862 0
1740995902 54431 0
1740995904 54234 0
1740995906 54107 0
1740995908 53666 0
1740995910 53005 0
1740995912 52668 0
1740995914 52336 0
1740995916 51933 0
1740995918 51725 0
1740995920 52217 0
1740995922 52371 0
1740995924 52566 0
1740995926 52903 0
1740995928 53179 0
1740995930 53293 0
1740995932 53117 0
1740995934 53219 0
1740995936 53711 0
1740995938 53394 0
1740995940 53382 0
1740995942 53306 0
1740995944 53396 0
1740995946 53500 0
1740995949 53569 0
1740995951 53616 0
1740995953 53755 0
1740995955 54394 0
1740995957 55382 0
1740995959 55745 0
1740995961 55766 0
1740995963 55367 0
1740995965 55059 0
1740995967 54687 0
1740995969 54493 0
1740995971 54125 0
1740995973 54129 0
1740995975 53972 0
1740995977 53280 0
1740995979 52661 0
1740995981 52179 0
1740995983 51833 0
1740995985 51487 0
1740995987 51330 0
1740995989 51103 0
1740995991 51242 0
1740995993 51552 0
1740995996 51268 0
1740995998 51098 0
1740996000 51224 0
1740996002 51325 0
1740996004 51470 0
1740996006 51659 0
1740996008 52253 0
1740996010 52670 0
1740996012 52977 0
1740996014 52997 0
1740996016 52842 0
1740996018 53051 0
1740996020 52978 0
1740996022 53181 0
1740996024 53034 0
1740996026 53078 0
1740996028 52968 0
1740996030 52817 0
1740996032 52810 0
1740996034 52680 0
1740996036 52751 0
1740996038 52880 0
1740996041 53259 0
1740996043 54202 0
1740996045 54329 0
1740996047 53184 0
1740996049 52553 0
1740996051 52024 0
1740996053 51602 0
1740996055 51416 0
1740996057 51631 0
1740996059 51495 0
1740996061 51282 0
1740996063 50926 0
1740996065 50810 0
1740996067 50930 0
1740996069 51112 0
1740996071 51285 0
1740996073 51460 0
1740996075 51850 0
1740996077 52293 0
1740996079 52234 0
1740996081 52346 0
1740996083 52416 0
1740996085 52642 0
1740996088 52649 0
1740996090 52506 0
1740996092 52408 0
1740996094 52581 0
1740996096 52497 0
1740996098 52440 0
1740996100 52620 0
1740996102 52675 0
1740996104 52595 0
1740996106 52678 0
1740996108 52795 0
1740996110 52975 0
1740996112 53398 0
1740996114 53004 0
1740996116 52374 0
1740996118 51804 0
1740996120 51400 0
1740996122 51064 0
1740996124 50944 0
1740996126 50759 0
1740996128 50693 0
1740996130 50525 0
1740996132 50410 0
1740996135 51081 0
1740996137 51483 0
1740996139 51816 0
1740996141 52145 0
1740996143 52317 0
1740996145 52075 0
1740996147 51934 0
1740996149 51991 0
1740996151 51957 0
1740996153 52533 0
1740996155 52412 0
1740996157 52289 0
1740996159 51965 0
1740996161 51982 0
1740996163 51889 0
1740996165 51939 0
1740996167 52822 0
1740996169 53229 0
1740996171 53930 0
1740996173 54366 0
1740996175 54257 0
1740996177 53936 0
1740996180 53769 0
1740996182 53436 0
1740996184 52360 0
1740996186 51347 0
1740996188 51007 0
1740996190 50633 0
1740996192 50566 0
1740996194 50443 0
1740996196 50394 0
1740996198 50467 0
1740996200 50262 0
1740996202 50306 0
1740996204 50533 0
1740996206 50944 0
1740996208 51543 0
1740996210 52122 0
1740996212 52023 0
1740996214 52239 0
1740996216 52124 0
1740996218 52104 0
1740996220 52129 0
1740996222 51870 0
1740996224 52224 0
1740996227 51987 0
1740996229 52071 0
1740996231 51866 0
1740996233 51823 0
1740996235 51837 0
1740996237 51877 0
1740996239 52866 0
1740996241 53366 0
1740996243 54070 0
1740996245 54098 0
1740996247 53853 0
1740996249 53822 0
1740996251 53228 0
1740996253 52043 0
1740996255 51576 0
1740996257 51521 0
1740996259 50858 0
1740996261 50614 0
1740996263 50238 0
1740996265 49997 0
1740996267 49881 0
1740996269 49712 0
1740996272 50318 0
1740996274 50072 0
1740996276 49776 0
1740996278 49808 0
1740996280 49732 0
1740996282 50058 0
1740996284 50344 0
1740996286 50810 0
1740996288 51593 0
1740996290 51672 0
1740996292 51569 0
1740996294 51497 0
1740996296 51264 0
1740996298 51177 0
1740996300 51073 0
1740996302 51615 0
1740996304 51389 0
1740996306 51209 0
1740996308 51505 0
1740996310 51240 0
1740996312 51216 0
1740996314 51315 0
1740996316 51255 0
1740996319 51190 0
1740996321 50625 0
1740996323 50864 0
1740996325 50385 0
1740996327 49938 0
1740996329 49718 0
1740996331 49434 0
1740996333 49472 0
1740996335 49401 0
1740996337 49193 0
1740996339 49292 0
1740996341 49870 0
1740996343 49612 0
1740996345 49402 0
1740996347 49253 0
1740996349 49249 0
1740996351 49283 0
1740996353 49458 0
1740996355 50548 0
1740996357 50993 0
1740996359 51159 0
1740996361 51287 0
1740996363 51346 0
1740996366 51372 0
1740996368 51594 0
1740996370 51639 0
1740996372 51498 0
1740996374 51387 0
1740996376 51514 0
1740996378 51661 0
1740996380 51542 0
1740996382 51305 0
1740996384 51141 0
1740996386 51116 0
1740996388 50834 0
1740996390 50319 0
1740996392 49924 0
1740996394 49752 0
1740996396 49429 0
1740996398 49680 0
1740996400 49639 0
1740996402 49344 0
1740996404 49302 0
1740996406 49224 0
1740996408 49161 0
1740996411 49612 0
1740996413 49674 0
1740996415 50685 0
1740996417 51110 0
1740996419 51130 0
1740996421 51244 0
1740996423 51228 0
1740996425 51112 0
1740996427 50996 0
1740996429 51664 0
1740996431 51440 0
1740996433 51294 0
1740996435 51217 0
1740996437 50968 0
1740996439 50992 0
1740996441 50909 0
1740996443 50925 0
1740996445 50875 0
1740996447 51508 0
1740996449 51715 0
1740996451 52155 0
1740996453 52833 0
1740996455 53146 0
1740996458 52427 0
1740996460 51560 0
1740996462 50870 0
1740996464 50252 0
1740996466 49706 0
1740996468 49261 0
1740996470 49632 0
1740996472 49355 0
1740996474 49229 0
1740996476 49147 0
1740996478 48916 0
1740996480 48939 0
1740996482 49083 0
1740996484 49258 0
1740996486 50232 0
1740996488 50804 0
1740996490 50822 0
1740996492 50832 0
1740996494 50944 0
1740996496 50915 0
1740996498 50818 0
1740996500 50723 0
1740996502 50658 0
1740996505 50576 0
1740996507 51179 0
1740996509 50961 0
1740996511 50811 0
1740996513 50917 0
1740996515 50839 0
1740996517 50875 0
1740996519 51081 0
1740996521 51604 0
1740996523 52629 0
1740996525 52523 0
1740996527 51191 0
1740996529 50319 0
1740996531 49920 0
1740996533 49539 0
1740996535 49303 0
1740996537 49103 0
1740996539 48898 0
1740996541 49088 0
1740996543 48831 0
1740996545 48736 0
1740996547 48772 0
1740996549 49045 0
1740996552 48897 0
1740996554 48551 0
1740996556 48730 0
1740996558 48561 0
1740996560 49286 0
1740996562 49341 0
1740996564 49708 0
1740996566 50644 0
1740996568 50912 0
1740996570 50957 0
1740996572 50935 0
1740996574 51126 0
1740996576 51043 0
1740996578 51006 0
1740996580 50960 0
1740996582 50823 0
1740996584 50772 0
1740996586 50805 0
1740996588 50797 0
1740996590 51037 0
1740996592 50958 0
1740996594 50390 0
1740996597 49830 0
1740996599 49550 0
1740996601 49236 0
1740996603 49009 0
1740996605 48770 0
1740996607 48718 0
1740996609 49516 0
1740996611 49790 0
1740996613 50293 0
1740996615 49906 0
1740996617 49882 0
1740996619 49619 0
1740996621 49700 0
1740996623 49498 0
1740996625 49220 0
1740996627 49349 0
1740996629 50472 0
1740996631 50765 0
1740996633 51067 0
1740996635 51172 0
1740996637 51179 0
1740996639 51120 0
1740996641 51212 0
1740996644 51560 0
1740996646 51189 0
1740996648 51560 0
1740996650 51977 0
1740996652 51787 0
1740996654 51760 0
1740996656 51503 0
1740996658 51723 0
1740996660 51354 0
1740996662 51090 0
1740996664 50180 0
1740996666 49620 0
1740996668 49495 0
1740996670 49223 0
1740996672 49102 0
1740996674 48957 0
1740996676 49625 0
1740996678 49243 0
1740996680 49090 0
1740996682 48931 0
1740996684 48866 0
1740996686 49042 0
1740996688 49205 0
1740996691 50043 0
1740996693 50524 0
1740996695 50778 0
1740996697 50942 0
1740996699 50998 0
1740996701 51178 0
1740996703 50967 0
1740996705 50991 0
1740996707 51157 0
1740996709 51034 0
1740996711 50889 0
1740996713 50933 0
1740996715 50853 0
1740996717 50915 0
1740996719 51295 0
1740996721 51349 0
1740996723 51514 0
1740996725 51748 0
1740996727 52368 0
1740996729 52977 0
1740996731 52491 0
1740996733 51292 0
1740996736 51198 0
1740996738 50441 0
1740996740 49952 0
1740996742 49578 0
1740996744 49202 0
1740996746 48891 0
1740996748 48936 0
1740996750 49267 0
1740996752 49684 0
1740996754 49458 0
1740996756 49404 0
1740996758 49575 0
1740996760 50024 0
1740996762 50464 0
1740996764 51243 0
1740996766 51062 0
1740996768 50994 0
1740996770 50948 0
1740996772 50815 0
1740996774 50725 0
1740996776 50610 0
1740996778 50547 0
1740996780 50473 0
1740996783 50826 0
1740996785 50727 0
1740996787 50754 0
1740996789 50748 0
1740996791 50700 0
1740996793 50823 0
1740996795 51127 0
1740996797 51517 0
1740996799 52661 0
1740996801 51528 0
1740996803 50619 0
1740996805 49885 0
1740996807 49605 0
1740996809 49284 0
1740996811 49004 0
1740996813 49029 0
1740996815 49433 0
1740996817 48998 0
1740996819 48901 0
1740996821 49022 0
1740996823 48911 0
1740996825 48786 0
1740996827 48836 0
1740996830 48725 0
1740996832 48733 0
1740996834 49048 0
1740996836 49219 0
1740996838 49285 0
1740996840 49585 0
1740996842 49963 0
1740996844 50298 0
1740996846 50405 0
1740996848 50990 0
1740996850 50814 0
1740996852 50586 0
1740996854 50547 0
1740996856 50665 0
1740996858 50620 0
1740996860 50816 0
1740996862 51150 0
1740996864 50947 0
1740996866 50786 0
1740996868 50499 0
1740996870 49765 0
1740996872 49222 0
1740996874 49671 0
1740996877 49230 0
1740996879 48947 0
1740996881 48900 0
1740996883 48796 0
1740996885 48595 0
1740996887 48488 0
1740996889 48425 0
1740996891 48895 0
1740996893 48590 0
1740996895 48520 0
1740996897 48504 0
1740996899 48432 0
1740996901 48437 0
1740996903 48668 0
1740996905 48794 0
1740996907 49296 0
1740996909 50411 0
1740996911 50487 0
1740996913 50696 0
1740996915 50904 0
1740996917 50814 0
1740996919 50720 0
1740996922 50484 0
1740996924 50517 0
1740996926 50578 0
1740996928 50593 0
1740996930 50874 0
1740996932 50767 0
1740996934 50661 0
1740996936 50837 0
1740996938 50594 0
1740996940 50076 0
1740996942 49766 0
1740996944 49250 0
1740996946 49551 0
1740996948 49237 0
1740996950 49083 0
1740996952 48983 0
1740996954 48841 0
1740996956 48839 0
1740996958 48788 0
1740996960 48787 0
1740996962 49566 0
1740996964 49711 0
1740996966 50066 0
1740996969 50442 0
1740996971 50476 0
1740996973 50587 0
1740996975 50696 0
1740996977 50587 0
1740996979 50923 0
1740996981 50844 0
1740996983 50726 0
1740996985 50565 0
1740996987 50560 0
1740996989 50388 0
1740996991 50210 0
1740996993 50197 0
1740996995 50329 0
1740996997 50345 0
1740996999 50372 0
1740997001 50729 0
1740997003 50935 0
1740997005 51178 0
1740997007 50380 0
1740997009 49673 0
1740997011 49170 0
1740997014 49030 0
1740997016 48686 0
1740997018 48539 0
1740997020 48466 0
1740997022 48347 0
1740997024 48496 0
1740997026 48547 0
1740997028 49003 0
1740997030 48808 0
1740997032 48814 0
1740997034 48998 0
1740997036 49365 0
1740997038 49923 0
1740997040 50397 0
1740997042 50670 0
1740997044 51357 0
1740997046 51130 0
1740997048 50916 0
1740997050 50920 0
1740997052 50664 0
1740997054 50542 0
1740997056 50272 0
1740997058 50395 0
1740997061 51316 0
1740997063 51086 0
1740997065 50870 0
1740997067 50942 0
1740997069 51167 0
1740997071 51526 0
1740997073 52240 0
1740997075 52741 0
1740997077 51120 0
1740997079 50286 0
1740997081 49721 0
1740997083 49125 0
1740997085 48630 0
1740997087 48554 0
1740997089 48653 0
1740997091 48707 0
1740997093 49350 0
1740997095 49050 0
1740997097 48880 0
1740997099 48799 0
1740997101 48605 0
1740997103 48619 0
1740997106 48515 0
1740997108 48420 0
1740997110 49070 0
1740997112 49100 0
1740997114 49343 0
1740997116 49797 0
1740997118 50163 0
1740997120 50574 0
1740997122 50868 0
1740997124 51549 0
1740997126 51071 0
1740997128 50725 0
1740997130 50669 0
1740997132 50699 0
1740997134 50636 0
1740997136 50501 0
1740997138 51314 0
1740997140 51254 0
1740997142 51077 0
1740997144 50071 0
1740997146 49942 0
1740997148 49678 0
1740997150 49371 0
1740997153 49114 0
1740997155 49052 0
1740997157 49140 0
1740997159 49099 0
1740997161 49277 0
1740997163 48976 0
1740997165 49385 0
1740997167 49145 0
1740997169 49000 0
1740997171 48704 0
1740997173 48748 0
1740997175 48680 0
1740997177 48752 0
1740997179 49878 0
1740997181 50248 0
1740997183 50583 0
1740997185 50797 0
1740997187 50889 0
1740997189 50956 0
1740997191 50940 0
1740997193 50838 0
1740997195 50725 0
1740997197 50506 0
1740997200 50483 0
1740997202 50524 0
1740997204 50886 0
1740997206 50733 0
1740997208 50579 0
1740997210 50643 0
1740997212 50267 0
1740997214 49623 0
1740997216 49246 0
1740997218 48990 0
1740997220 48923 0
1740997222 48825 0
1740997224 48621 0
1740997226 48441 0
1740997228 48426 0
1740997230 49437 0
1740997232 49199 0
1740997234 49185 0
1740997236 49359 0
1740997238 50456 0
1740997240 50957 0
1740997242 51117 0
1740997244 51095 0
1740997247 50927 0
1740997249 51316 0
1740997251 51195 0
1740997253 50833 0
1740997255 50714 0
1740997257 50689 0
1740997259 50773 0
1740997261 50631 0
1740997263 50538 0
1740997265 51053 0
1740997267 51280 0
1740997269 51325 0
1740997271 51445 0
1740997273 51364 0
1740997275 51741 0
1740997277 52219 0
1740997279 52774 0
1740997281 51666 0
1740997283 50693 0
1740997285 49974 0
1740997287 49431 0
1740997289 49197 0
1740997292 49726 0
1740997294 49263 0
1740997296 48909 0
1740997298 48641 0
1740997300 48699 0
1740997302 48780 0
1740997304 48635 0
1740997306 49601 0
1740997308 49757 0
1740997310 50028 0
1740997312 50400 0
1740997314 50509 0
1740997316 50640 0
1740997318 50636 0
1740997320 50493 0
1740997322 50467 0
1740997324 51158 0
1740997326 51079 0
1740997328 51062 0
1740997330 50858 0
1740997332 50767 0
1740997334 50693 0
1740997336 50570 0
1740997339 50380 0
1740997341 51047 0
1740997343 51124 0
1740997345 50988 0
1740997347 51273 0
1740997349 51033 0
1740997351 50203 0
1740997353 50159 0
1740997355 49406 0
1740997357 48883 0
1740997359 48674 0
1740997361 48535 0
1740997363 48259 0
1740997365 47998 0
1740997367 47812 0
1740997369 47918 0
1740997371 48745 0
1740997373 48465 0
1740997375 48412 0
1740997377 48219 0
1740997379 47966 0
1740997381 47919 0
1740997384 47919 0
1740997386 47944 0
1740997388 48259 0
1740997390 49333 0
1740997392 49838 0
1740997394 50135 0
1740997396 50536 0
1740997398 50261 0
1740997400 50026 0
1740997402 49976 0
1740997404 50559 0
1740997406 50356 0
1740997408 50063 0
1740997410 49884 0
1740997412 49815 0
1740997414 49823 0
1740997416 49691 0
1740997418 50066 0
1740997420 49686 0
1740997422 49003 0
1740997424 48650 0
1740997426 48319 0
1740997428 48147 0
1740997431 48389 0
1740997433 48926 0
1740997435 48693 0
1740997437 48351 0
1740997439 48262 0
1740997441 48144 0
1740997443 48046 0
1740997445 48033 0
1740997447 48134 0
1740997449 48089 0
1740997451 48560 0
1740997453 48797 0
1740997455 48969 0
1740997457 48969 0
1740997459 49164 0
1740997461 49602 0
1740997463 49913 0
1740997465 50068 0
1740997467 50062 0
1740997469 50023 0
1740997471 50539 0
1740997474 50285 0
1740997476 50011 0
1740997478 49823 0
1740997480 49903 0
1740997482 50081 0
1740997484 49975 0
1740997486 50801 0
1740997488 49792 0
1740997490 49197 0
1740997492 48694 0
1740997494 48395 0
1740997496 47947 0
1740997498 47792 0
1740997500 47765 0
1740997502 48315 0
1740997504 48252 0
1740997506 48136 0
1740997508 48115 0
1740997510 47920 0
1740997512 48025 0
1740997514 48074 0
1740997516 49006 0
1740997519 49271 0
1740997521 49698 0
1740997523 50096 0
1740997525 50193 0
1740997527 50156 0
1740997529 50124 0
1740997531 50426 0
1740997533 50336 0
1740997535 50247 0
1740997537 50180 0
1740997539 50040 0
1740997541 50083 0
1740997543 49984 0
1740997545 49899 0
1740997547 49848 0
1740997549 49901 0
1740997551 50617 0
1740997553 50824 0
1740997555 50383 0
1740997557 49421 0
1740997559 48764 0
1740997561 48520 0
1740997563 48703 0
1740997566 48379 0
1740997568 48096 0
1740997570 47996 0
1740997572 47716 0
1740997574 47650 0
1740997576 47683 0
1740997578 47608 0
1740997580 47934 0
1740997582 47930 0
1740997584 47963 0
1740997586 48048 0
1740997588 48453 0
1740997590 48984 0
1740997592 49829 0
1740997594 49899 0
1740997596 49852 0
1740997598 49880 0
1740997600 50044 0
1740997602 49809 0
1740997604 49582 0
1740997606 49471 0
1740997608 49454 0
1740997610 49833 0
1740997613 49751 0
1740997615 49594 0
1740997617 49473 0
1740997619 49579 0
1740997621 49537 0
1740997623 49611 0
1740997625 49293 0
1740997627 48786 0
1740997629 48668 0
1740997631 48545 0
1740997633 48601 0
1740997635 48582 0
1740997637 49367 0
1740997639 48801 0
1740997641 48388 0
1740997643 48322 0
1740997645 48131 0
1740997647 48050 0
1740997649 48224 0
1740997651 48066 0
1740997653 48000 0
1740997655 47774 0
1740997658 47616 0
1740997660 47716 0
1740997662 47898 0
1740997664 48198 0
1740997666 48509 0
1740997668 48883 0
1740997670 49380 0
1740997672 49541 0
1740997674 49562 0
1740997676 49502 0
1740997678 49831 0
1740997680 49789 0
1740997682 49736 0
1740997684 49813 0
1740997686 50257 0
1740997688 50464 0
1740997690 50305 0
1740997692 50097 0
1740997694 49399 0
1740997696 48680 0
1740997698 48182 0
1740997700 47910 0
1740997702 47833 0
1740997705 47837 0
1740997707 47782 0
1740997709 47741 0
1740997711 48384 0
1740997713 48144 0
1740997715 48044 0
1740997717 47885 0
1740997719 47726 0
1740997721 47795 0
1740997723 47695 0
1740997725 47646 0
1740997727 48075 0
1740997729 48010 0
1740997731 48082 0
1740997733 48120 0
1740997735 48305 0
1740997737 48592 0
1740997739 49002 0
1740997741 49630 0
1740997743 49808 0
1740997745 49698 0
1740997747 49769 0
1740997749 49762 0
1740997752 49589 0
1740997754 49556 0
1740997756 50090 0
1740997758 49819 0
1740997760 50137 0
1740997762 49363 0
1740997764 48858 0
1740997766 48357 0
1740997768 48478 0
1740997770 48106 0
1740997772 47869 0
1740997774 47820 0
1740997776 47861 0
1740997778 47873 0
1740997780 47837 0
1740997782 48151 0
1740997784 47843 0
1740997786 47798 0
1740997788 47969 0
1740997790 47993 0
1740997792 48048 0
1740997794 48535 0
1740997797 49339 0
1740997799 49379 0
1740997801 49394 0
1740997803 49452 0
1740997805 49573 0
1740997807 49886 0
1740997809 50031 0
1740997811 50405 0
1740997813 50206 0
1740997815 50277 0
1740997817 50026 0
1740997819 49900 0
1740997821 49858 0
1740997823 49718 0
1740997825 49811 0
1740997827 50525 0
1740997829 50180 0
1740997831 49083 0
1740997833 48641 0
1740997835 48313 0
1740997837 48018 0
1740997839 47992 0
1740997841 48248 0
1740997844 48018 0
1740997846 47937 0
1740997848 47798 0
1740997850 47688 0
1740997852 47815 0
1740997854 47838 0
1740997856 47605 0
1740997858 47673 0
1740997860 47641 0
1740997862 47867 0
1740997864 48131 0
1740997866 48813 0
1740997868 49506 0
1740997870 49922 0
1740997872 50045 0
1740997874 50057 0
1740997876 50141 0
1740997878 50033 0
1740997880 49979 0
1740997882 49703 0
1740997884 49660 0
1740997886 49466 0
1740997888 49492 0
1740997891 49638 0
1740997893 49763 0
1740997895 49794 0
1740997897 49902 0
1740997899 49689 0
1740997901 49340 0
1740997903 48756 0
1740997905 48142 0
1740997907 47876 0
1740997909 47834 0
1740997911 47735 0
1740997913 47899 0
1740997915 48038 0
1740997917 47925 0
1740997919 47965 0
1740997921 47916 0
1740997923 47971 0
1740997925 48053 0
1740997927 48042 0
1740997929 47982 0
1740997931 48112 0
1740997933 48300 0
1740997936 48266 0
1740997938 48385 0
1740997940 48615 0
1740997942 49174 0
1740997944 49740 0
1740997946 49907 0
1740997948 50063 0
1740997950 50018 0
1740997952 49777 0
1740997954 49821 0
1740997956 49846 0
1740997958 49763 0
1740997960 49860 0
1740997962 49756 0
1740997964 49669 0
1740997966 49543 0
1740997968 49138 0
1740997970 49029 0
1740997972 48988 0
1740997974 48530 0
1740997976 48377 0
1740997978 48181 0
1740997980 48165 0
1740997983 48073 0
1740997985 47946 0
1740997987 48139 0
1740997989 48128 0
1740997991 48105 0
1740997993 48024 0
1740997995 47830 0
1740997997 47711 0
1740997999 47788 0
1740998001 47699 0
1740998003 47950 0
1740998005 47915 0
1740998007 47996 0
1740998009 48288 0
1740998011 48636 0
1740998013 49249 0
1740998015 49732 0
1740998017 49980 0
1740998019 50033 0
1740998021 50101 0
1740998023 49974 0
1740998025 49918 0
1740998028 49778 0
1740998030 49659 0
1740998032 49669 0
1740998034 49735 0
1740998036 49336 0
1740998038 48716 0
1740998040 48383 0
1740998042 48291 0
1740998044 48215 0
1740998046 48054 0
1740998048 47989 0
1740998050 47804 0
1740998052 47757 0
1740998054 47818 0
1740998056 47885 0
1740998058 47695 0
1740998060 48196 0
1740998062 48284 0
1740998064 48292 0
1740998066 48398 0
1740998068 48588 0
1740998070 48987 0
1740998073 49457 0
1740998075 49827 0
1740998077 49673 0
1740998079 49581 0
1740998081 49798 0
1740998083 49738 0
1740998085 49959 0
1740998087 49819 0
1740998089 49725 0
1740998091 49454 0
1740998093 49415 0
1740998095 49362 0
1740998097 49314 0
1740998099 49387 0
1740998101 49328 0
1740998103 49414 0
1740998105 48777 0
1740998107 48436 0
1740998109 48170 0
1740998112 47908 0
1740998114 47833 0
1740998116 47662 0
1740998118 47522 0
1740998120 47498 0
1740998122 47488 0
1740998124 47517 0
1740998126 47460 0
1740998128 47597 0
1740998130 47524 0
1740998132 47532 0
1740998134 47562 0
1740998136 47661 0
1740998138 47964 0
1740998140 48274 0
1740998142 48770 0
1740998144 49179 0
1740998146 49493 0
1740998148 49792 0
1740998150 49927 0
1740998152 49892 0
1740998154 49818 0
1740998156 49564 0
1740998159 49534 0
1740998161 49535 0
1740998163 49370 0
1740998165 49585 0
1740998167 49533 0
1740998169 49531 0
1740998171 49572 0
1740998173 49154 0
1740998175 48708 0
1740998177 48295 0
1740998179 48037 0
1740998181 47945 0
1740998183 47829 0
1740998185 47511 0
1740998187 47466 0
1740998189 47485 0
1740998191 47384 0
1740998193 47454 0
1740998195 47443 0
1740998197 47391 0
1740998199 47384 0
1740998201 47554 0
1740998204 47581 0
1740998206 47656 0
1740998208 47672 0
1740998210 47773 0
1740998212 47647 0
1740998214 47737 0
1740998216 47850 0
1740998218 48298 0
1740998220 48989 0
1740998222 49377 0
1740998224 49577 0
1740998226 49564 0
1740998228 49853 0
1740998230 49650 0
1740998232 49569 0
1740998234 49521 0
1740998236 49514 0
1740998238 49517 0
1740998240 49458 0
1740998242 48804 0
1740998245 48453 0
1740998247 48221 0
1740998249 48048 0
1740998251 47764 0
1740998253 47665 0
1740998255 47688 0
1740998257 47506 0
1740998259 47559 0
1740998261 47612 0
1740998263 47429 0
1740998265 47335 0
1740998267 47368 0
1740998269 47563 0
1740998271 47540 0
1740998273 47446 0
1740998275 47400 0
1740998277 47336 0
1740998279 47172 0
1740998281 47169 0
1740998283 47346 0
1740998285 47569 0
1740998287 48151 0
1740998290 48979 0
1740998292 49250 0
1740998294 49451 0
1740998296 49600 0
1740998298 49803 0
1740998300 49637 0
1740998302 49619 0
1740998304 49451 0
1740998306 49328 0
1740998308 49402 0
1740998310 49105 0
1740998312 48499 0
1740998314 48046 0
1740998316 47781 0
1740998318 47555 0
1740998320 47685 0
1740998322 47703 0
1740998324 47648 0
1740998326 47877 0
1740998328 47870 0
1740998330 47595 0
1740998332 47438 0
1740998334 47415 0
1740998337 47259 0
1740998339 47345 0
1740998341 47445 0
1740998343 47620 0
1740998345 47884 0
1740998347 48526 0
1740998349 49071 0
1740998351 49256 0
1740998353 49396 0
1740998355 49650 0
1740998357 49721 0
1740998359 49657 0
1740998361 49834 0
1740998363 49833 0
1740998365 49547 0
1740998367 49518 0
1740998369 49459 0
1740998371 49496 0
1740998373 49631 0
1740998375 49570 0
1740998377 49471 0
1740998379 48932 0
1740998381 48574 0
1740998384 48117 0
1740998386 48052 0
1740998388 47827 0
1740998390 47759 0
1740998392 47668 0
1740998394 47656 0
1740998396 47656 0
1740998398 47581 0
1740998400 47485 0
1740998402 47377 0
1740998404 47338 0
1740998406 47391 0
1740998408 47720 0
1740998410 47943 0
1740998412 48122 0
1740998414 48668 0
1740998416 49272 0
1740998418 49826 0
1740998420 49798 0
1740998422 49859 0
1740998424 49785 0
1740998426 49825 0
1740998428 49887 0
1740998431 49683 0
1740998433 49498 0
1740998435 49428 0
1740998437 49490 0
1740998439 49569 0
1740998441 49642 0
1740998443 49609 0
1740998445 49454 0
1740998447 49517 0
1740998449 48869 0
1740998451 48555 0
1740998453 48371 0
1740998455 48210 0
1740998457 47963 0
1740998459 47887 0
1740998461 47714 0
1740998463 47621 0
1740998465 47420 0
1740998467 47590 0
1740998469 47595 0
1740998471 47440 0
1740998473 47294 0
1740998476 47169 0
1740998478 47249 0
1740998480 47237 0
1740998482 47247 0
1740998484 47356 0
1740998486 47412 0
1740998488 47496 0
1740998490 47583 0
1740998492 47815 0
1740998494 48272 0
1740998496 48862 0
1740998498 49133 0
1740998500 49435 0
1740998502 49485 0
1740998504 49479 0
1740998506 49368 0
1740998508 49312 0
1740998510 49292 0
1740998512 49091 0
1740998514 49203 0
1740998516 48767 0
1740998518 48132 0
1740998520 47680 0
1740998523 47533 0
1740998525 47433 0
1740998527 47556 0
1740998529 47690 0
1740998531 47730 0
1740998533 47568 0
1740998535 47524 0
1740998537 47525 0
1740998539 47461 0
1740998541 47416 0
1740998543 47421 0
1740998545 47391 0
1740998547 47474 0
1740998549 47301 0
1740998551 47249 0
1740998553 47368 0
1740998555 47377 0
1740998557 47303 0
1740998559 47515 0
1740998561 48111 0
1740998563 48643 0
1740998565 49054 0
1740998567 49348 0
1740998570 49428 0
1740998572 49455 0
1740998574 49319 0
1740998576 49327 0
1740998578 49240 0
1740998580 49121 0
1740998582 49134 0
1740998584 49289 0
1740998586 48673 0
1740998588 48280 0
1740998590 47912 0
1740998592 47556 0
1740998594 47442 0
1740998596 47462 0
1740998598 47497 0
1740998600 47385 0
1740998602 47216 0
1740998604 47313 0
1740998606 47307 0
1740998608 47278 0
1740998610 47146 0
1740998612 47048 0
1740998615 47338 0
1740998617 47386 0
1740998619 47532 0
1740998621 48211 0
1740998623 48868 0
1740998625 49194 0
1740998627 49223 0
1740998629 49472 0
1740998631 49426 0
1740998633 49365 0
1740998635 49260 0
1740998637 49179 0
1740998639 49201 0
1740998641 49248 0
1740998643 49175 0
1740998645 49090 0
1740998647 49378 0
1740998649 49526 0
1740998651 49303 0
1740998653 48952 0
1740998655 48286 0
1740998657 47905 0
1740998659 47638 0
1740998662 47523 0
1740998664 47483 0
1740998666 47386 0
1740998668 47298 0
1740998670 47362 0
1740998672 47463 0
1740998674 47380 0
1740998676 47356 0
1740998678 47309 0
1740998680 47413 0
1740998682 47519 0
1740998684 47633 0
1740998686 47838 0
1740998688 48214 0
1740998690 48671 0
1740998692 49123 0
1740998694 49236 0
1740998696 49398 0
1740998698 49318 0
1740998700 49298 0
1740998702 49207 0
1740998704 49032 0
1740998706 49148 0
1740998709 49261 0
1740998711 49102 0
1740998713 49085 0
1740998715 49074 0
1740998717 48973 0
1740998719 49083 0
1740998721 49005 0
1740998723 48490 0
1740998725 48019 0
1740998727 47911 0
1740998729 47636 0
1740998731 47366 0
1740998733 47410 0
1740998735 47320 0
1740998737 47272 0
1740998739 47298 0
1740998741 47531 0
1740998743 47412 0
1740998745 47265 0
1740998747 47282 0
1740998749 47302 0
1740998751 47243 0
1740998754 47117 0
1740998756 47142 0
1740998758 47088 0
1740998760 47097 0
1740998762 47157 0
1740998764 47223 0
1740998766 47459 0
1740998768 47888 0
1740998770 48452 0
1740998772 48982 0
1740998774 49223 0
1740998776 49286 0
1740998778 49313 0
1740998780 49291 0
1740998782 49185 0
1740998784 49054 0
1740998786 49115 0
1740998788 49074 0
1740998790 48721 0
1740998792 48227 0
1740998795 47785 0
1740998797 47491 0
1740998799 47338 0
1740998801 47399 0
1740998803 47272 0
1740998805 47193 0
1740998807 47154 0
1740998809 47048 0
1740998811 47073 0
1740998813 47008 0
1740998815 47086 0
1740998817 47085 0
1740998819 47105 0
1740998821 47166 0
1740998823 47261 0
1740998825 47186 0
1740998827 47233 0
1740998829 47435 0
1740998831 47429 0
1740998833 47533 0
1740998835 47837 0
1740998837 48179 0
1740998839 48689 0
1740998842 49110 0
1740998844 49270 0
1740998846 49354 0
1740998848 49374 0
1740998850 49342 0
1740998852 49104 0
1740998854 49106 0
1740998856 49121 0
1740998858 49049 0
1740998860 48592 0
1740998862 48200 0
1740998864 47841 0
1740998866 47669 0
1740998868 47472 0
1740998870 47482 0
1740998872 47281 0
1740998874 47250 0
1740998876 47355 0
1740998878 47399 0
1740998880 47456 0
1740998882 47769 0
1740998885 47839 0
1740998887 47926 0
1740998889 47963 0
1740998891 47985 0
1740998893 48278 0
1740998895 48872 0
1740998897 49226 0
1740998899 49506 0
1740998901 49490 0
1740998903 49558 0
1740998905 49474 0
1740998907 49465 0
1740998909 49447 0
1740998911 49393 0
1740998913 49342 0
1740998915 49199 0
1740998917 49050 0
1740998919 49114 0
1740998921 49319 0
1740998923 49311 0
1740998925 49355 0
1740998927 49227 0
1740998929 48686 0
1740998932 48250 0
1740998934 47928 0
1740998936 47799 0
1740998938 47538 0
1740998940 47303 0
1740998942 47258 0
1740998944 47181 0
1740998946 47244 0
1740998948 47361 0
1740998950 47332 0
1740998952 47488 0
1740998954 47440 0
1740998956 47595 0
1740998958 47762 0
1740998960 48600 0
1740998962 49093 0
1740998964 49522 0
1740998966 49738 0
1740998968 49739 0
1740998970 49657 0
1740998972 49593 0
1740998974 49562 0
1740998976 49625 0
1740998979 49559 0
1740998981 49745 0
1740998983 49883 0
1740998985 49847 0
1740998987 49861 0
1740998989 49731 0
1740998991 49605 0
1740998993 49505 0
1740998995 49654 0
1740998997 49316 0
1740998999 48685 0
1740999001 48238 0
1740999003 47981 0
1740999005 47881 0
1740999007 47813 0
1740999009 47771 0
1740999011 47623 0
1740999013 47383 0
1740999015 47402 0
1740999017 47402 0
1740999019 47326 0
1740999021 47532 0
1740999024 47524 0
1740999026 47504 0
1740999028 47398 0
1740999030 47358 0
1740999032 47225 0
1740999034 47352 0
1740999036 47424 0
1740999038 47331 0
1740999040 47676 0
1740999042 48204 0
1740999044 48768 0
1740999046 49246 0
1740999048 49345 0
1740999050 49470 0
1740999052 49603 0
1740999054 49707 0
1740999056 49577 0
1740999058 49489 0
1740999060 49306 0
1740999062 49291 0
1740999064 49292 0
1740999066 48752 0
1740999068 48436 0
1740999071 48070 0
1740999073 47833 0
1740999075 47647 0
1740999077 47575 0
1740999079 47561 0
1740999081 47510 0
1740999083 47578 0
1740999085 47486 0
1740999087 47546 0
1740999089 47399 0
1740999091 47374 0
1740999093 47416 0
1740999095 47470 0
1740999097 47496 0
1740999099 47418 0
1740999101 47600 0
1740999103 47417 0
1740999105 47298 0
1740999107 47510 0
1740999109 47778 0
1740999111 48282 0
1740999113 48783 0
1740999115 49351 0
1740999118 49433 0
1740999120 49425 0
1740999122 49358 0
1740999124 49286 0
1740999126 49301 0
1740999128 49342 0
1740999130 49340 0
1740999132 49396 0
1740999134 49057 0
1740999136 48717 0
1740999138 48296 0
1740999140 47970 0
1740999142 47752 0
1740999144 47718 0
1740999146 47649 0
1740999148 47645 0
1740999150 47629 0
1740999152 47692 0
1740999154 47830 0
1740999156 47631 0
1740999158 47573 0
1740999160 47640 0
1740999163 47733 0
1740999165 47710 0
1740999167 47924 0
1740999169 48336 0
1740999171 49157 0
1740999173 49520 0
1740999175 49556 0
1740999177 49600 0
1740999179 49472 0
1740999181 49360 0
1740999183 49320 0
1740999185 49320 0
1740999187 49460 0
1740999189 49631 0
1740999191 49550 0
1740999193 49533 0
1740999195 49561 0
1740999197 49464 0
1740999199 49638 0
1740999201 49685 0
1740999203 48914 0
1740999205 48435 0
1740999207 48200 0
1740999210 47970 0
1740999212 47742 0
1740999214 47814 0
1740999216 47740 0
1740999218 47667 0
1740999220 47652 0
1740999222 47599 0
1740999224 47507 0
1740999226 47657 0
1740999228 47715 0
1740999230 47734 0
1740999232 47684 0
1740999234 47690 0
1740999236 47993 0
1740999238 48517 0
1740999240 49111 0
1740999242 49562 0
1740999244 49877 0
1740999246 49942 0
1740999248 49907 0
1740999250 49747 0
1740999252 49665 0
1740999255 49523 0
1740999257 49766 0
1740999259 49790 0
1740999261 50237 0
1740999263 50009 0
1740999265 50008 0
1740999267 50032 0
1740999269 50009 0
1740999271 49866 0
1740999273 49272 0
1740999275 48822 0
1740999277 48414 0
1740999279 48159 0
1740999281 48210 0
1740999283 48086 0
1740999285 47883 0
1740999287 47733 0
1740999289 47620 0
1740999291 47700 0
1740999293 47662 0
1740999295 47585 0
1740999297 47652 0
1740999299 47820 0
1740999302 47770 0
1740999304 47733 0
1740999306 47723 0
1740999308 47954 0
1740999310 48163 0
1740999312 48497 0
1740999314 48834 0
1740999316 49438 0
1740999318 49704 0
1740999320 49939 0
1740999322 50090 0
1740999324 50087 0
1740999326 50032 0
1740999328 50091 0
1740999330 49926 0
1740999332 49915 0
1740999334 50067 0
1740999336 49970 0
1740999338 49936 0
1740999340 49674 0
1740999342 49077 0
1740999344 48835 0
1740999346 48375 0
1740999349 48284 0
1740999351 48259 0
1740999353 48166 0
1740999355 48167 0
1740999357 48086 0
1740999359 48093 0
1740999361 48069 0
1740999363 48122 0
1740999365 48027 0
1740999367 48126 0
1740999369 48189 0
1740999371 47947 0
1740999373 47872 0
1740999375 47883 0
1740999377 48064 0
1740999379 48413 0
1740999381 48785 0
1740999383 49331 0
1740999385 49979 0
1740999387 50230 0
1740999389 50245 0
1740999391 50265 0
1740999394 50254 0
1740999396 50119 0
1740999398 50011 0
1740999400 50038 0
1740999402 50145 0
1740999404 49977 0
1740999406 50096 0
1740999408 49778 0
1740999410 49293 0
1740999412 48867 0
1740999414 48513 0
1740999416 48542 0
1740999418 48380 0
1740999420 48308 0
1740999422 48187 0
1740999424 48082 0
1740999426 47986 0
1740999428 48262 0
1740999430 48151 0
1740999432 48114 0
1740999434 48062 0
1740999436 48133 0
1740999439 48151 0
1740999441 48409 0
1740999443 49014 0
1740999445 49576 0
1740999447 50050 0
1740999449 50066 0
1740999451 50163 0
1740999453 50181 0
1740999455 50296 0
1740999457 50199 0
1740999459 50183 0
1740999461 50228 0
1740999463 49987 0
1740999465 49926 0
1740999467 49841 0
1740999469 49759 0
1740999471 49767 0
1740999473 49784 0
1740999475 50114 0
1740999477 49850 0
1740999479 49309 0
1740999481 48862 0
1740999484 48594 0
1740999486 48515 0
1740999488 48610 0
1740999490 48570 0
1740999492 48353 0
1740999494 48405 0
1740999496 48457 0
1740999498 48326 0
1740999500 48384 0
1740999502 48465 0
1740999504 48552 0
1740999506 48625 0
1740999508 49122 0
1740999510 49556 0
1740999512 49979 0
1740999514 50235 0
1740999516 50244 0
1740999518 50388 0
1740999520 50539 0
1740999522 50574 0
1740999524 51209 0
1740999526 51074 0
1740999528 51316 0
1740999531 51213 0
1740999533 50958 0
1740999535 50733 0
1740999537 50696 0
1740999539 50859 0
1740999541 50860 0
1740999543 51027 0
1740999545 51251 0
1740999547 50370 0
1740999549 49827 0
1740999551 49276 0
1740999553 48917 0
1740999555 49012 0
1740999557 48848 0
1740999559 48848 0
1740999561 49155 0
1740999563 48908 0
1740999565 48809 0
1740999567 48598 0
1740999569 48488 0
1740999571 48318 0
1740999573 48291 0
1740999575 48267 0
1740999578 48167 0
1740999580 48371 0
1740999582 48524 0
1740999584 48680 0
1740999586 48909 0
1740999588 49500 0
1740999590 50136 0
1740999592 50392 0
1740999594 50618 0
1740999596 50598 0
1740999598 50626 0
1740999600 50769 0
1740999602 50602 0
1740999604 50597 0
1740999606 50623 0
1740999608 50960 0
1740999610 50855 0
1740999612 50762 0
1740999614 50358 0
1740999616 49785 0
1740999618 49238 0
1740999620 48952 0
1740999623 48922 0
1740999625 48694 0
1740999627 48477 0
1740999629 48477 0
1740999631 48539 0
1740999633 48568 0
1740999635 48663 0
1740999637 48590 0
1740999639 48539 0
1740999641 48742 0
1740999643 48649 0
1740999645 48603 0
1740999647 48683 0
1740999649 48807 0
1740999651 48782 0
1740999653 48918 0
1740999655 49203 0
1740999657 49577 0
1740999659 50179 0
1740999661 50488 0
1740999663 50774 0
1740999665 50805 0
1740999667 50712 0
1740999670 50629 0
1740999672 50665 0
1740999674 50825 0
1740999676 50932 0
1740999678 50898 0
1740999680 50844 0
1740999682 50849 0
1740999684 50449 0
1740999686 50052 0
1740999688 49757 0
1740999690 49221 0
1740999692 48945 0
1740999694 48848 0
1740999696 48731 0
1740999698 48624 0
1740999700 48771 0
1740999702 48892 0
1740999704 48719 0
1740999706 48738 0
1740999708 48762 0
1740999710 48839 0
1740999712 49207 0
1740999714 49830 0
1740999717 50446 0
1740999719 50672 0
1740999721 50683 0
1740999723 50685 0
1740999725 50690 0
1740999727 50743 0
1740999729 50905 0
1740999731 50892 0
1740999733 51027 0
1740999735 50911 0
1740999737 50820 0
1740999739 50834 0
1740999741 50767 0
1740999743 50852 0
1740999745 50942 0
1740999747 51364 0
1740999749 52095 0
1740999751 52515 0
1740999753 51925 0
1740999755 51014 0
1740999757 50534 0
1740999759 50255 0
1740999762 50307 0
1740999764 51265 0
1740999766 50975 0
1740999768 50891 0
1740999770 51882 0
1740999772 52401 0
1740999774 52816 0
1740999776 52802 0
1740999778 52747 0
1740999780 53151 0
1740999782 52610 0
1740999784 52408 0
1740999786 53016 0
1740999788 52927 0
1740999790 53232 0
1740999792 53205 0
1740999794 52821 0
1740999796 52791 0
1740999798 52635 0
1740999800 52410 0
1740999802 52308 0
1740999804 52466 0
1740999806 52561 0
1740999809 53345 0
1740999811 54089 0
1740999813 54075 0
1740999815 53800 0
1740999817 53589 0
1740999819 53458 0
1740999821 52975 0
1740999823 52199 0
1740999825 51889 0
1740999827 52036 0
1740999829 51871 0
1740999831 51142 0
1740999833 50612 0
1740999835 50783 0
1740999837 51754 0
1740999839 51908 0
1740999841 51660 0
1740999843 51097 0
1740999845 50910 0
1740999847 50728 0
1740999849 50728 0
1740999851 50897 0
1740999854 51244 0
1740999856 51608 0
1740999858 51712 0
1740999860 52236 0
1740999862 51896 0
1740999864 51613 0
1740999866 51622 0
1740999868 51740 0
1740999870 51555 0
1740999872 51432 0
1740999874 51554 0
1740999876 51576 0
1740999878 52018 0
1740999880 52244 0
1740999882 52013 0
1740999884 51726 0
1740999886 51543 0
1740999888 51306 0
1740999890 50684 0
1740999892 50282 0
1740999894 49906 0
1740999896 49532 0
1740999898 49254 0
1740999901 49144 0
1740999903 49004 0
1740999905 49138 0
1740999907 49093 0
1740999909 49298 0
1740999911 49131 0
1740999913 49192 0
1740999915 49071 0
1740999917 49126 0
1740999919 49124 0
1740999921 49241 0
1740999923 49292 0
1740999925 49472 0
1740999927 50141 0
1740999929 50436 0
1740999931 50747 0
1740999933 50864 0
1740999935 50977 0
1740999937 50959 0
1740999939 50920 0
1740999941 51074 0
1740999943 50923 0
1740999945 50922 0
1740999948 50878 0
1740999950 50860 0
1740999952 50807 0
1740999954 51026 0
1740999956 51596 0
1740999958 51723 0
1740999960 51045 0
1740999962 50346 0
1740999964 50132 0
1740999966 50102 0
1740999968 49887 0
1740999970 49640 0
1740999972 49597 0
1740999974 49603 0
1740999976 49647 0
1740999978 49755 0
1740999980 50206 0
1740999982 50778 0
1740999984 51277 0
1740999986 51428 0
1740999988 51438 0
1740999990 51615 0
1740999992 51554 0
1740999995 51551 0
1740999997 51537 0
1740999999 51478 0
1741000001 51632 0
1741000003 51619 0
1741000005 51444 0
1741000007 51416 0
1741000009 51448 0
1741000011 51412 0
1741000013 51434 0
1741000015 51444 0
1741000017 52193 0
1741000019 52903 0
1741000021 53340 0
1741000023 53299 0
1741000025 53040 0
1741000027 52105 0
1741000029 51247 0
1741000031 50505 0
1741000033 50046 0
1741000035 49766 0
1741000038 49706 0
1741000040 49566 0
1741000042 49479 0
1741000044 49371 0
1741000046 49435 0
1741000048 49608 0
1741000050 49984 0
1741000052 50483 0
1741000054 50920 0
1741000056 51232 0
1741000058 51366 0
1741000060 51643 0
1741000062 51583 0
1741000064 51607 0
1741000066 51667 0
1741000068 51509 0
1741000070 51338 0
1741000072 51305 0
1741000074 51240 0
1741000076 51199 0
1741000078 51067 0
1741000080 51119 0
1741000082 51236 0
1741000085 51651 0
1741000087 52268 0
1741000089 53239 0
1741000091 53454 0
1741000093 53342 0
1741000095 52899 0
1741000097 51917 0
1741000099 50966 0
1741000101 50476 0
1741000103 50089 0
1741000105 49807 0
1741000107 49772 0
1741000109 49713 0
1741000111 49511 0
1741000113 49360 0
1741000115 49221 0
1741000117 49221 0
1741000119 49365 0
1741000121 49501 0
1741000123 49405 0
1741000125 49649 0
1741000127 49940 0
1741000130 50296 0
1741000132 50851 0
1741000134 51048 0
1741000136 51325 0
1741000138 51406 0
1741000140 51360 0
1741000142 51208 0
1741000144 51246 0
1741000146 51176 0
1741000148 51249 0
1741000150 51310 0
1741000152 51289 0
1741000154 51189 0
1741000156 51243 0
1741000158 51384 0
1741000160 51919 0
1741000162 51962 0
1741000164 51235 0
1741000166 50444 0
1741000168 49976 0
1741000170 49635 0
1741000172 49398 0
1741000174 49355 0
1741000177 49214 0
1741000179 49356 0
1741000181 49566 0
1741000183 49621 0
1741000185 49545 0
1741000187 49538 0
1741000189 49451 0
1741000191 49391 0
1741000193 49535 0
1741000195 49688 0
1741000197 49964 0
1741000199 50460 0
1741000201 50976 0
1741000203 51345 0
1741000205 51313 0
1741000207 51341 0
1741000209 51250 0
1741000211 51127 0
1741000213 51044 0
1741000215 50958 0
1741000217 50910 0
1741000219 50856 0
1741000221 50894 0
1741000224 50833 0
1741000226 50845 0
1741000228 50954 0
1741000230 51144 0
1741000232 51187 0
1741000234 50532 0
1741000236 50039 0
1741000238 49721 0
1741000240 49660 0
1741000242 49680 0
1741000244 49489 0
1741000246 49548 0
1741000248 49566 0
1741000250 49599 0
1741000252 49652 0
1741000254 49805 0
1741000256 50024 0
1741000258 50683 0
1741000260 51240 0
1741000262 51366 0
1741000264 51432 0
1741000266 51476 0
1741000269 51520 0
1741000271 51439 0
1741000273 51467 0
1741000275 51382 0
1741000277 51363 0
1741000279 51230 0
1741000281 51278 0
1741000283 51418 0
1741000285 51384 0
1741000287 51542 0
1741000289 51724 0
1741000291 52062 0
1741000293 52394 0
1741000295 53100 0
1741000297 53345 0
1741000299 53254 0
1741000301 52832 0
1741000303 51861 0
1741000305 50937 0
1741000307 50413 0
1741000309 50137 0
1741000311 50038 0
1741000313 49738 0
1741000316 49651 0
1741000318 49781 0
1741000320 49678 0
1741000322 49925 0
1741000324 50045 0
1741000326 50418 0
1741000328 50799 0
1741000330 51339 0
1741000332 51517 0
1741000334 51444 0
1741000336 51505 0
1741000338 51478 0
1741000340 51201 0
1741000342 51174 0
1741000344 51088 0
1741000346 50997 0
1741000348 51039 0
1741000350 51180 0
1741000352 51324 0
1741000354 51427 0
1741000356 51556 0
1741000358 51918 0
1741000361 52709 0
1741000363 53475 0
1741000365 53550 0
1741000367 53399 0
1741000369 53220 0
1741000371 52248 0
1741000373 51450 0
1741000375 50505 0
1741000377 49986 0
1741000379 49689 0
1741000381 49582 0
1741000383 49504 0
1741000385 49476 0
1741000387 49318 0
1741000389 49428 0
1741000391 49570 0
1741000393 49567 0
1741000395 49564 0
1741000397 49641 0
1741000399 49559 0
1741000401 49607 0
1741000403 50109 0
1741000405 50604 0
1741000408 51045 0
1741000410 51284 0
1741000412 51343 0
1741000414 51244 0
1741000416 51260 0
1741000418 51370 0
1741000420 51508 0
1741000422 51380 0
1741000424 51220 0
1741000426 51216 0
1741000428 51090 0
1741000430 51219 0
1741000432 51392 0
1741000434 51298 0
1741000436 51284 0
1741000438 51081 0
1741000440 50717 0
1741000442 50588 0
1741000444 50322 0
1741000446 50122 0
1741000448 49794 0
1741000450 49562 0
1741000453 49361 0
1741000455 49255 0
1741000457 49366 0
1741000459 49356 0
1741000461 49903 0
1741000463 49790 0
1741000465 49630 0
1741000467 49599 0
1741000469 49492 0
1741000471 49663 0
1741000473 50084 0
1741000475 50506 0
1741000477 50851 0
1741000479 51076 0
1741000481 51320 0
1741000483 51191 0
1741000485 51006 0
1741000487 51045 0
1741000489 51017 0
1741000491 51116 0
1741000493 51123 0
1741000495 51091 0
1741000497 51075 0
1741000500 50941 0
1741000502 50855 0
1741000504 50953 0
1741000506 51290 0
1741000508 50708 0
1741000510 50338 0
1741000512 49931 0
1741000514 49569 0
1741000516 49310 0
1741000518 49166 0
1741000520 49113 0
1741000522 49284 0
1741000524 49340 0
1741000526 49320 0
1741000528 49422 0
1741000530 49609 0
1741000532 49906 0
1741000534 50503 0
1741000536 50960 0
1741000538 51377 0
1741000540 51713 0
1741000542 51568 0
1741000544 51272 0
1741000547 51189 0
1741000549 51252 0
1741000551 51254 0
1741000553 51106 0
1741000555 51116 0
1741000557 50961 0
1741000559 50879 0
1741000561 50872 0
1741000563 51055 0
1741000565 51206 0
1741000567 51906 0
1741000569 52467 0
1741000571 53128 0
1741000573 53177 0
1741000575 52551 0
1741000577 51461 0
1741000579 50974 0
1741000581 50337 0
1741000583 50276 0
1741000585 50154 0
1741000587 49971 0
1741000589 49875 0
1741000592 49704 0
1741000594 49697 0
1741000596 49642 0
1741000598 49572 0
1741000600 49615 0
1741000602 50316 0
1741000604 50948 0
1741000606 51216 0
1741000608 51412 0
1741000610 51514 0
1741000612 51358 0
1741000614 51515 0
1741000616 51434 0
1741000618 51268 0
1741000620 51052 0
1741000622 51010 0
1741000624 50994 0
1741000626 50958 0
1741000628 51293 0
1741000630 51122 0
1741000632 51246 0
1741000634 51612 0
1741000636 52020 0
1741000639 52971 0
1741000641 53221 0
1741000643 53079 0
1741000645 52108 0
1741000647 51149 0
1741000649 50459 0
1741000651 50190 0
1741000653 50208 0
1741000655 49850 0
1741000657 49589 0
1741000659 49400 0
1741000661 49624 0
1741000663 49418 0
1741000665 49345 0
1741000667 49251 0
1741000669 49333 0
1741000671 49551 0
1741000673 49493 0
1741000675 49696 0
1741000677 50021 0
1741000679 50380 0
1741000681 50754 0
1741000684 51049 0
1741000686 51246 0
1741000688 51452 0
1741000690 51523 0
1741000692 51515 0
1741000694 51320 0
1741000696 51218 0
1741000698 51086 0
1741000700 51066 0
1741000702 50947 0
1741000704 50901 0
1741000706 50808 0
1741000708 50809 0
1741000710 50895 0
1741000712 50776 0
1741000714 50382 0
1741000716 50101 0
1741000718 49825 0
1741000720 49806 0
1741000722 49569 0
1741000724 49567 0
1741000726 49448 0
1741000728 49265 0
1741000731 49295 0
1741000733 49232 0
1741000735 49180 0
1741000737 49057 0
1741000739 49101 0
1741000741 49100 0
1741000743 49267 0
1741000745 49363 0
1741000747 49793 0
1741000749 50333 0
1741000751 50839 0
1741000753 51094 0
1741000755 51446 0
1741000757 51430 0
1741000759 51384 0
1741000761 52049 0
1741000763 51783 0
1741000765 51536 0
1741000767 51412 0
1741000769 51176 0
1741000771 51068 0
1741000773 50981 0
1741000775 51119 0
1741000778 51120 0
1741000780 51245 0
1741000782 50945 0
1741000784 50246 0
1741000786 49837 0
1741000788 49595 0
1741000790 49394 0
1741000792 49279 0
1741000794 49170 0
1741000796 49109 0
1741000798 49085 0
1741000800 49196 0
1741000802 49437 0
1741000804 49486 0
1741000806 49792 0
1741000808 50277 0
1741000810 50710 0
1741000812 51133 0
1741000814 51306 0
1741000816 51423 0
1741000818 51308 0
1741000820 51295 0
1741000823 51277 0
1741000825 51293 0
1741000827 51258 0
1741000829 51079 0
1741000831 50993 0
1741000833 51189 0
1741000835 51440 0
1741000837 51577 0
1741000839 52066 0
1741000841 52783 0
1741000843 53463 0
1741000845 53472 0
1741000847 53253 0
1741000849 53166 0
1741000851 52289 0
1741000853 51407 0
1741000855 50901 0
1741000857 50536 0
1741000859 50173 0
1741000861 49973 0
1741000864 49843 0
1741000866 49770 0
1741000868 49817 0
1741000870 49823 0
1741000872 49961 0
1741000874 50372 0
1741000876 50754 0
1741000878 51121 0
1741000880 51284 0
1741000882 51329 0
1741000884 51297 0
1741000886 51440 0
1741000888 51500 0
1741000890 51367 0
1741000892 51408 0
1741000894 51520 0
1741000896 51472 0
1741000898 51454 0
1741000900 51701 0
1741000902 51841 0
1741000904 52028 0
1741000906 52461 0
1741000908 52897 0
1741000911 53600 0
1741000913 53610 0
1741000915 53579 0
1741000917 53338 0
1741000919 52845 0
1741000921 51959 0
1741000923 51166 0
1741000925 50469 0
1741000927 50174 0
1741000929 50041 0
1741000931 49763 0
1741000933 49610 0
1741000935 49566 0
1741000937 49780 0
1741000939 49867 0
1741000941 49699 0
1741000943 49546 0
1741000945 49512 0
1741000947 49640 0
1741000949 49542 0
1741000951 49948 0
1741000953 50553 0
1741000956 51242 0
1741000958 51346 0
1741000960 51534 0
1741000962 51635 0
1741000964 51665 0
1741000966 51533 0
1741000968 51577 0
1741000970 51534 0
1741000972 51587 0
1741000974 51348 0
1741000976 51314 0
1741000978 51243 0
1741000980 51312 0
1741000982 51211 0
1741000984 51399 0
1741000986 51439 0
1741000988 50974 0
1741000990 50536 0
1741000992 50106 0
1741000994 49956 0
1741000996 49895 0
1741000998 50008 0
1741001001 49961 0
1741001003 49979 0
1741001005 49952 0
1741001007 50082 0
1741001009 49907 0
1741001011 49917 0
1741001013 49909 0
1741001015 49861 0
1741001017 50038 0
1741001019 50249 0
1741001021 50871 0
1741001023 51441 0
1741001025 51678 0
1741001027 51699 0
1741001029 52029 0
1741001031 52012 0
1741001033 51816 0
1741001035 52066 0
1741001037 52239 0
1741001039 52075 0
1741001041 51835 0
1741001043 52437 0
1741001045 52996 0
1741001048 52813 0
1741001050 53441 0
1741001052 54083 0
1741001054 54582 0
1741001056 54141 0
1741001058 53215 0
1741001060 53100 0
1741001062 52164 0
1741001064 51669 0
1741001066 51140 0
1741001068 50909 0
1741001070 50689 0
1741001072 50777 0
1741001074 50805 0
1741001076 50946 0
1741001078 51252 0
1741001080 51811 0
1741001082 51896 0
1741001084 51920 0
1741001086 51786 0
1741001088 51639 0
1741001090 51663 0
1741001092 51931 0
1741001095 51901 0
1741001097 51851 0
1741001099 51705 0
1741001101 51701 0
1741001103 51710 0
1741001105 51834 0
1741001107 51861 0
1741001109 52201 0
1741001111 52529 0
1741001113 53301 0
1741001115 53977 0
1741001117 53908 0
1741001119 53642 0
1741001121 53517 0
1741001123 53348 0
1741001125 52722 0
1741001127 52052 0
1741001129 51477 0
1741001131 50894 0
1741001133 50797 0
1741001135 50527 0
1741001137 50221 0
1741001140 49970 0
1741001142 50219 0
1741001144 50237 0
1741001146 50333 0
1741001148 50658 0
1741001150 51314 0
1741001152 51799 0
1741001154 51924 0
1741001156 52049 0
1741001158 52288 0
1741001160 51957 0
1741001162 51742 0
1741001164 51744 0
1741001166 51593 0
1741001168 51853 0
1741001170 51879 0
1741001172 51912 0
1741001174 51933 0
1741001176 51916 0
1741001178 52158 0
1741001180 52685 0
1741001182 53466 0
1741001184 53959 0
1741001187 53894 0
1741001189 53618 0
1741001191 53403 0
1741001193 53229 0
1741001195 52577 0
1741001197 51777 0
1741001199 51193 0
1741001201 51034 0
1741001203 50589 0
1741001205 50438 0
1741001207 50275 0
1741001209 50177 0
1741001211 50267 0
1741001213 50155 0
1741001215 49967 0
1741001217 50035 0
1741001219 49928 0
1741001221 50050 0
1741001223 50602 0
1741001225 51154 0
1741001227 51684 0
1741001229 51907 0
1741001232 52064 0
1741001234 52015 0
1741001236 51968 0
1741001238 51936 0
1741001240 52031 0
1741001242 51916 0
1741001244 51930 0
1741001246 52048 0
1741001248 51907 0
1741001250 51864 0
1741001252 51858 0
1741001254 52207 0
1741001256 52289 0
1741001258 52530 0
1741001260 52797 0
1741001262 52414 0
1741001264 51685 0
1741001266 51332 0
1741001268 51135 0
1741001270 50841 0
1741001272 50704 0
1741001274 50512 0
1741001276 50391 0
1741001279 50451 0
1741001281 50408 0
1741001283 50312 0
1741001285 50244 0
1741001287 50377 0
1741001289 50749 0
1741001291 51284 0
1741001293 51618 0
1741001295 51919 0
1741001297 52023 0
1741001299 52252 0
1741001301 52269 0
1741001303 52467 0
1741001305 52323 0
1741001307 52185 0
1741001309 52126 0
1741001311 52198 0
1741001313 52135 0
1741001315 52204 0
1741001317 52126 0
1741001319 52025 0
1741001321 52331 0
1741001323 52407 0
1741001326 52639 0
1741001328 53009 0
1741001330 53398 0
1741001332 52438 0
1741001334 51628 0
1741001336 51107 0
1741001338 50700 0
1741001340 50589 0
1741001342 50346 0
1741001344 50253 0
1741001346 50305 0
1741001348 50575 0
1741001350 50855 0
1741001352 51309 0
1741001354 51577 0
1741001356 51899 0
1741001358 51904 0
1741001360 52632 0
1741001362 52434 0
1741001364 52221 0
1741001366 51932 0
1741001368 51879 0
1741001371 52015 0
1741001373 52144 0
1741001375 52108 0
1741001377 52163 0
1741001379 52092 0
1741001381 52270 0
1741001383 52383 0
1741001385 52839 0
1741001387 53533 0
1741001389 54150 0
1741001391 54112 0
1741001393 53836 0
1741001395 53689 0
1741001397 53328 0
1741001399 52827 0
1741001401 51866 0
1741001403 51212 0
1741001405 50838 0
1741001407 50735 0
1741001409 50399 0
1741001411 50270 0
1741001413 50228 0
1741001415 50094 0
1741001418 50218 0
1741001420 50633 0
1741001422 51022 0
1741001424 51566 0
1741001426 51802 0
1741001428 51982 0
1741001430 51829 0
1741001432 51836 0
1741001434 52011 0
1741001436 52106 0
1741001438 52067 0
1741001440 52154 0
1741001442 52183 0
1741001444 52100 0
1741001446 52181 0
1741001448 52294 0
1741001450 52395 0
1741001452 52911 0
1741001454 53384 0
1741001456 54145 0
1741001458 54227 0
1741001460 54057 0
1741001462 53814 0
1741001465 53552 0
1741001467 53470 0
1741001469 52797 0
1741001471 51937 0
1741001473 51405 0
1741001475 51164 0
1741001477 50934 0
1741001479 50831 0
1741001481 50682 0
1741001483 50518 0
1741001485 50297 0
1741001487 50176 0
1741001489 50165 0
1741001491 50216 0
1741001493 50339 0
1741001495 50473 0
1741001497 51038 0
1741001499 51722 0
1741001501 52556 0
1741001503 52767 0
1741001505 52700 0
1741001507 52549 0
1741001510 52434 0
1741001512 52342 0
1741001514 52262 0
1741001516 52184 0
1741001518 52204 0
1741001520 52089 0
1741001522 51975 0
1741001524 52022 0
1741001526 52151 0
1741001528 52168 0
1741001530 52330 0
1741001532 52581 0
1741001534 52921 0
1741001536 53215 0
1741001538 52293 0
1741001540 51595 0
1741001542 51191 0
1741001544 50804 0
1741001546 50628 0
1741001548 50416 0
1741001550 50264 0
1741001552 50438 0
1741001555 50341 0
1741001557 50201 0
1741001559 50242 0
1741001561 50484 0
1741001563 50535 0
1741001565 50702 0
1741001567 50978 0
1741001569 51432 0
1741001571 51910 0
1741001573 52133 0
1741001575 52216 0
1741001577 52247 0
1741001579 52221 0
1741001581 51966 0
1741001583 51950 0
1741001585 52047 0
1741001587 52122 0
1741001589 52146 0
1741001591 52325 0
1741001593 52399 0
1741001595 52934 0
1741001597 53047 0
1741001600 53230 0
1741001602 53452 0
1741001604 53802 0
1741001606 52872 0
1741001608 52078 0
1741001610 51359 0
1741001612 50877 0
1741001614 50696 0
1741001616 50613 0
1741001618 50520 0
1741001620 50516 0
1741001622 50482 0
1741001624 50594 0
1741001626 50879 0
1741001628 51455 0
1741001630 51727 0
1741001632 51904 0
1741001634 51884 0
1741001636 51942 0
1741001638 51987 0
1741001640 51909 0
1741001642 51904 0
1741001644 51897 0
1741001647 52086 0
1741001649 52049 0
1741001651 51975 0
1741001653 51929 0
1741001655 52239 0
1741001657 52291 0
1741001659 52531 0
1741001661 53876 0
1741001663 54289 0
1741001665 54078 0
1741001667 53864 0
1741001669 53617 0
1741001671 53369 0
1741001673 53080 0
1741001675 52356 0
1741001677 51787 0
1741001679 51284 0
1741001681 51014 0
1741001683 50627 0
1741001685 50427 0
1741001687 50392 0
1741001689 50341 0
1741001691 50312 0
1741001694 50420 0
1741001696 50738 0
1741001698 51172 0
1741001700 51731 0
1741001702 51878 0
1741001704 51964 0
1741001706 51850 0
1741001708 51992 0
1741001710 51943 0
1741001712 51820 0
1741001714 51756 0
1741001716 51800 0
1741001718 51784 0
1741001720 52052 0
1741001722 52222 0
1741001724 52287 0
1741001726 52320 0
1741001728 52391 0
1741001730 52613 0
1741001732 53253 0
1741001734 53861 0
1741001736 53798 0
1741001739 53511 0
1741001741 53615 0
1741001743 53051 0
1741001745 52147 0
1741001747 51397 0
1741001749 50844 0
1741001751 50395 0
1741001753 50078 0
1741001755 49982 0
1741001757 49858 0
1741001759 49640 0
1741001761 49691 0
1741001763 49631 0
1741001765 49710 0
1741001767 49808 0
1741001769 49898 0
1741001771 49839 0
1741001773 50198 0
1741001775 50861 0
1741001777 51222 0
1741001779 51571 0
1741001781 51762 0
1741001783 51901 0
1741001786 52024 0
1741001788 52277 0
1741001790 52129 0
1741001792 52275 0
1741001794 52161 0
1741001796 52132 0
1741001798 52137 0
1741001800 52281 0
1741001802 52432 0
1741001804 52488 0
1741001806 52612 0
1741001808 52833 0
1741001810 53192 0
1741001812 52260 0
1741001814 51632 0
1741001816 51203 0
1741001818 51505 0
1741001820 50992 0
1741001822 50754 0
1741001824 50500 0
1741001826 50450 0
1741001828 50513 0
1741001830 50294 0
1741001833 50055 0
1741001835 50255 0
1741001837 50266 0
1741001839 50243 0
1741001841 50626 0
1741001843 51190 0
1741001845 51543 0
1741001847 51959 0
1741001849 52009 0
1741001851 52300 0
1741001853 52511 0
1741001855 52603 0
1741001857 52413 0
1741001859 52256 0
1741001861 52195 0
1741001863 52035 0
1741001865 51910 0
1741001867 51989 0
1741001869 51894 0
1741001871 51949 0
1741001873 52457 0
1741001875 52806 0
1741001877 53128 0
1741001880 52958 0
1741001882 52094 0
1741001884 51692 0
1741001886 51188 0
1741001888 51097 0
1741001890 51049 0
1741001892 50849 0
1741001894 50706 0
1741001896 50870 0
1741001898 51044 0
1741001900 51334 0
1741001902 51939 0
1741001904 52132 0
1741001906 52545 0
1741001908 52548 0
1741001910 52508 0
1741001912 52415 0
1741001914 52345 0
1741001916 52288 0
1741001918 52761 0
1741001920 52807 0
1741001922 52589 0
1741001924 52517 0
1741001927 52363 0
1741001929 52480 0
1741001931 52561 0
1741001933 53158 0
1741001935 54213 0
1741001937 54518 0
1741001939 54199 0
1741001941 53964 0
1741001943 53900 0
1741001945 53591 0
1741001947 53593 0
1741001949 53021 0
1741001951 52215 0
1741001953 51721 0
1741001955 51551 0
1741001957 51125 0
1741001959 50969 0
1741001961 51562 0
1741001963 51538 0
1741001965 51662 0
1741001967 51903 0
1741001969 52328 0
1741001972 52831 0
1741001974 53008 0
1741001976 52878 0
1741001978 52797 0
1741001980 52822 0
1741001982 52822 0
1741001984 52629 0
1741001986 52477 0
1741001988 52528 0
1741001990 52472 0
1741001992 52523 0
1741001994 52713 0
1741001996 53050 0
1741001998 53455 0
1741002000 54236 0
1741002002 54963 0
1741002004 54844 0
1741002006 54686 0
1741002008 54529 0
1741002010 54267 0
1741002012 54084 0
1741002014 53674 0
1741002016 53500 0
1741002019 52820 0
1741002021 52421 0
1741002023 52069 0
1741002025 51735 0
1741002027 51580 0
1741002029 51410 0
1741002031 51278 0
1741002033 51300 0
1741002035 51493 0
1741002037 51366 0
1741002039 51405 0
1741002041 51846 0
1741002043 52261 0
1741002045 52728 0
1741002047 53105 0
1741002049 53310 0
1741002051 53391 0
1741002053 53308 0
1741002055 53418 0
1741002057 53549 0
1741002059 53743 0
1741002061 53945 0
1741002063 53970 0
1741002066 54020 0
1741002068 54271 0
1741002070 54479 0
1741002072 54849 0
1741002074 55774 0
1741002076 55928 0
1741002078 55803 0
1741002080 55572 0
1741002082 55368 0
1741002084 55244 0
1741002086 54639 0
1741002088 53789 0
1741002090 53097 0
1741002092 52452 0
1741002094 52164 0
1741002096 52002 0
1741002098 51828 0
1741002100 51948 0
1741002102 51806 0
1741002104 51971 0
1741002106 52213 0
1741002108 52465 0
1741002111 52905 0
1741002113 53344 0
1741002115 53409 0
1741002117 53462 0
1741002119 53614 0
1741002121 53667 0
1741002123 53604 0
1741002125 53637 0
1741002127 53772 0
1741002129 53828 0
1741002131 53637 0
1741002133 53641 0
1741002135 53686 0
1741002137 53733 0
1741002139 54002 0
1741002141 54122 0
1741002143 54524 0
1741002145 55161 0
1741002147 55616 0
1741002149 55494 0
1741002151 55312 0
1741002153 55322 0
1741002155 54846 0
1741002158 54310 0
1741002160 53692 0
1741002162 53732 0
1741002164 53761 0
1741002166 54162 0
1741002168 54351 0
1741002170 54293 0
1741002172 54282 0
1741002174 54244 0
1741002176 54409 0
1741002178 54466 0
1741002180 54408 0
1741002182 54469 0
1741002184 54540 0
1741002186 54918 0
1741002188 54890 0
1741002190 54851 0
1741002192 54909 0
1741002194 54964 0
1741002196 55362 0
1741002198 56107 0
1741002200 56063 0
1741002203 55834 0
1741002205 55609 0
1741002207 55467 0
1741002209 55026 0
1741002211 54816 0
1741002213 54628 0
1741002215 54313 0
1741002217 54133 0
1741002219 53918 0
1741002221 53817 0
1741002223 53424 0
1741002225 52839 0
1741002227 52461 0
1741002229 52226 0
1741002231 51929 0
1741002233 51731 0
1741002235 51774 0
1741002237 51768 0
1741002239 52042 0
1741002241 52597 0
1741002243 53063 0
1741002245 53133 0
1741002247 53408 0
1741002250 53670 0
1741002252 53518 0
1741002254 53677 0
1741002256 53757 0
1741002258 53582 0
1741002260 53410 0
1741002262 54857 0
1741002264 55442 0
1741002266 55916 0
1741002268 56073 0
1741002270 56089 0
1741002272 55890 0
1741002274 55616 0
1741002276 55221 0
1741002278 55008 0
1741002280 54885 0
1741002282 54549 0
1741002284 54248 0
1741002286 53879 0
1741002288 53850 0
1741002290 53638 0
1741002292 53168 0
1741002295 52450 0
1741002297 52168 0
1741002299 51716 0
1741002301 51520 0
1741002303 51468 0
1741002305 51323 0
1741002307 51544 0
1741002309 51590 0
1741002311 51782 0
1741002313 51879 0
1741002315 52170 0
1741002317 52664 0
1741002319 53111 0
1741002321 53368 0
1741002323 53433 0
1741002325 53471 0
1741002327 53477 0
1741002329 53371 0
1741002331 53441 0
1741002333 53446 0
1741002335 53333 0
1741002337 53254 0
1741002339 53305 0
1741002342 53654 0
1741002344 53485 0
1741002346 53519 0
1741002348 53752 0
1741002350 54131 0
1741002352 54678 0
1741002354 55277 0
1741002356 55391 0
1741002358 55181 0
1741002360 54979 0
1741002362 53880 0
1741002364 53162 0
1741002366 52386 0
1741002368 52123 0
1741002370 51807 0
1741002372 51619 0
1741002374 51442 0
1741002376 51213 0
1741002378 51130 0
1741002380 51027 0
1741002382 51134 0
1741002384 51266 0
1741002387 51639 0
1741002389 52166 0
1741002391 52563 0
1741002393 52931 0
1741002395 53209 0
1741002397 53205 0
1741002399 53105 0
1741002401 53177 0
1741002403 53055 0
1741002405 52967 0
1741002407 53122 0
1741002409 53254 0
1741002411 53293 0
1741002413 53287 0
1741002415 53317 0
1741002417 53527 0
1741002419 53785 0
1741002421 54163 0
1741002423 54913 0
1741002425 55225 0
1741002427 55045 0
1741002429 54315 0
1741002431 53518 0
1741002434 52855 0
1741002436 52634 0
1741002438 52451 0
1741002440 52355 0
1741002442 52433 0
1741002444 52784 0
1741002446 53199 0
1741002448 53530 0
1741002450 53506 0
1741002452 53535 0
1741002454 53486 0
1741002456 53458 0
1741002458 53487 0
1741002460 53603 0
1741002462 53743 0
1741002464 53802 0
1741002466 53804 0
1741002468 53725 0
1741002470 53907 0
1741002472 54225 0
1741002474 54798 0
1741002476 55556 0
1741002479 55759 0
1741002481 55536 0
1741002483 55244 0
1741002485 54915 0
1741002487 54745 0
1741002489 54574 0
1741002491 54253 0
1741002493 54002 0
1741002495 53934 0
1741002497 53537 0
1741002499 52961 0
1741002501 52384 0
1741002503 51926 0
1741002505 51707 0
1741002507 51666 0
1741002509 51585 0
1741002511 51508 0
1741002513 51747 0
1741002515 51962 0
1741002517 52553 0
1741002519 52834 0
1741002521 53207 0
1741002523 53123 0
1741002526 53068 0
1741002528 53003 0
1741002530 53092 0
1741002532 53089 0
1741002534 53027 0
1741002536 53051 0
1741002538 52925 0
1741002540 52860 0
1741002542 52954 0
1741002544 53084 0
1741002546 53370 0
1741002548 53959 0
1741002550 54817 0
1741002552 54906 0
1741002554 54778 0
1741002556 54582 0
1741002558 54293 0
1741002560 54571 0
1741002562 53892 0
1741002564 53496 0
1741002566 53162 0
1741002568 52399 0
1741002570 51852 0
1741002573 51556 0
1741002575 51426 0
1741002577 51347 0
1741002579 51070 0
1741002581 51392 0
1741002583 51629 0
1741002585 51546 0
1741002587 51466 0
1741002589 51652 0
1741002591 51896 0
1741002593 52599 0
1741002595 52836 0
1741002597 52862 0
1741002599 52870 0
1741002601 52944 0
1741002603 52908 0
1741002605 52880 0
1741002607 53024 0
1741002609 53161 0
1741002611 53071 0
1741002613 53058 0
1741002615 53070 0
1741002618 53131 0
1741002620 53247 0
1741002622 53249 0
1741002624 53412 0
1741002626 53880 0
1741002628 54498 0
1741002630 55183 0
1741002632 55157 0
1741002634 54872 0
1741002636 53844 0
1741002638 52892 0
1741002640 52586 0
1741002642 52336 0
1741002644 51947 0
1741002646 51768 0
1741002648 51501 0
1741002650 51374 0
1741002652 51289 0
1741002654 51366 0
1741002656 51379 0
1741002658 51742 0
1741002660 52100 0
1741002662 52587 0
1741002665 52909 0
1741002667 53088 0
1741002669 53118 0
1741002671 53053 0
1741002673 52976 0
1741002675 52880 0
1741002677 52765 0
1741002679 52652 0
1741002681 52750 0
1741002683 53144 0
1741002685 53268 0
1741002687 53516 0
1741002689 53747 0
1741002691 54209 0
1741002693 54725 0
1741002695 55380 0
1741002697 55679 0
1741002699 55508 0
1741002701 55478 0
1741002703 54807 0
1741002705 54291 0
1741002707 53647 0
1741002709 53267 0
1741002712 53134 0
1741002714 52837 0
1741002716 52716 0
1741002718 52808 0
1741002720 52984 0
1741002722 53339 0
1741002724 53331 0
1741002726 53316 0
1741002728 53606 0
1741002730 53598 0
1741002732 53219 0
1741002734 53012 0
1741002736 52902 0
1741002738 52835 0
1741002740 52796 0
1741002742 52865 0
1741002744 53135 0
1741002746 53284 0
1741002748 53451 0
1741002750 53840 0
1741002752 54412 0
1741002754 55402 0
1741002756 55325 0
1741002759 54881 0
1741002761 54823 0
1741002763 54483 0
1741002765 54214 0
1741002767 53937 0
1741002769 53716 0
1741002771 53571 0
1741002773 53004 0
1741002775 52411 0
1741002777 52256 0
1741002779 52001 0
1741002781 51780 0
1741002783 51588 0
1741002785 51766 0
1741002787 52120 0
1741002789 53215 0
1741002791 53872 0
1741002793 53923 0
1741002795 53784 0
1741002797 53692 0
1741002799 53476 0
1741002801 53401 0
1741002804 53408 0
1741002806 53220 0
1741002808 53125 0
1741002810 52902 0
1741002812 52769 0
1741002814 52756 0
1741002816 52737 0
1741002818 52894 0
1741002820 53114 0
1741002822 53724 0
1741002824 54332 0
1741002826 54846 0
1741002828 54753 0
1741002830 54448 0
1741002832 54304 0
1741002834 54111 0
1741002836 53865 0
1741002838 53807 0
1741002840 53768 0
1741002842 53342 0
1741002844 52668 0
1741002846 52300 0
1741002848 52040 0
1741002851 51770 0
1741002853 51457 0
1741002855 51373 0
1741002857 51127 0
1741002859 51058 0
1741002861 51758 0
1741002863 51784 0
1741002865 51880 0
1741002867 52427 0
1741002869 52884 0
1741002871 53166 0
1741002873 53242 0
1741002875 53273 0
1741002877 53282 0
1741002879 53220 0
1741002881 53272 0
1741002883 52966 0
1741002885 52944 0
1741002887 52852 0
1741002889 52789 0
1741002891 53060 0
1741002893 53352 0
1741002895 53512 0
1741002898 53561 0
1741002900 53809 0
1741002902 54256 0
1741002904 55094 0
1741002906 55242 0
1741002908 55197 0
1741002910 54606 0
1741002912 53635 0
1741002914 52991 0
1741002916 52337 0
1741002918 51939 0
1741002920 51784 0
1741002922 51759 0
1741002924 52067 0
1741002926 52023 0
1741002928 51885 0
1741002930 52034 0
1741002932 52837 0
1741002934 53394 0
1741002936 53639 0
1741002938 53821 0
1741002940 53749 0
1741002942 53605 0
1741002945 53456 0
1741002947 53270 0
1741002949 53094 0
1741002951 52988 0
1741002953 53007 0
1741002955 53056 0
1741002957 53009 0
1741002959 52852 0
1741002961 52808 0
1741002963 52706 0
1741002965 52723 0
1741002967 52908 0
1741002969 53224 0
1741002971 53636 0
1741002973 54404 0
1741002975 54909 0
1741002977 54933 0
1741002979 54308 0
1741002981 54014 0
1741002983 53459 0
1741002985 52857 0
1741002987 52259 0
1741002990 51978 0
1741002992 52003 0
1741002994 52276 0
1741002996 52529 0
1741002998 52919 0
1741003000 53122 0
1741003002 53488 0
1741003004 53341 0
1741003006 53060 0
1741003008 53120 0
1741003010 52928 0
1741003012 52751 0
1741003014 52869 0
1741003016 52699 0
1741003018 52688 0
1741003020 52893 0
1741003022 53203 0
1741003024 53320 0
1741003026 54141 0
1741003028 55390 0
1741003030 55423 0
1741003032 55237 0
1741003035 54932 0
1741003037 54506 0
1741003039 54395 0
1741003041 54272 0
1741003043 53871 0
1741003045 53551 0
1741003047 53323 0
1741003049 52895 0
1741003051 52456 0
1741003053 52086 0
1741003055 51844 0
1741003057 51607 0
1741003059 51522 0
1741003061 51548 0
1741003063 51578 0
1741003065 51791 0
1741003067 52303 0
1741003069 52766 0
1741003071 53167 0
1741003073 53298 0
1741003075 53396 0
1741003077 53127 0
1741003079 53134 0
1741003082 53025 0
1741003084 53074 0
1741003086 53121 0
1741003088 53260 0
1741003090 53761 0
1741003092 54294 0
1741003094 54951 0
1741003096 55562 0
1741003098 55499 0
1741003100 55215 0
1741003102 54896 0
1741003104 54625 0
1741003106 54392 0
1741003108 54270 0
1741003110 54070 0
1741003112 53771 0
1741003114 53527 0
1741003116 52810 0
1741003118 52162 0
1741003120 52177 0
1741003122 52084 0
1741003124 51748 0
1741003126 51569 0
1741003129 51474 0
1741003131 51276 0
1741003133 51052 0
1741003135 50827 0
1741003137 50728 0
1741003139 50706 0
1741003141 50804 0
1741003143 51019 0
1741003145 51501 0
1741003147 52121 0
1741003149 52588 0
1741003151 52541 0
1741003153 52741 0
1741003155 53049 0
1741003157 52942 0
1741003159 52796 0
1741003161 53324 0
1741003163 53253 0
1741003165 53144 0
1741003167 52951 0
1741003169 52759 0
1741003171 52703 0
1741003174 52729 0
1741003176 52790 0
1741003178 53069 0
1741003180 53479 0
1741003182 54459 0
1741003184 54077 0
1741003186 52930 0
1741003188 52218 0
1741003190 51739 0
1741003192 51567 0
1741003194 51450 0
1741003196 51315 0
1741003198 51219 0
1741003200 51511 0
1741003202 51491 0
1741003204 51180 0
1741003206 51448 0
1741003208 52282 0
1741003210 52733 0
1741003212 53055 0
1741003214 53069 0
1741003216 52883 0
1741003218 52912 0
1741003221 52678 0
1741003223 52539 0
1741003225 52346 0
1741003227 52391 0
1741003229 52681 0
1741003231 52912 0
1741003233 52727 0
1741003235 52714 0
1741003237 52626 0
1741003239 52612 0
1741003241 52794 0
1741003243 52917 0
1741003245 53080 0
1741003247 53592 0
1741003249 54591 0
1741003251 54901 0
1741003253 53956 0
1741003255 52967 0
1741003257 52272 0
1741003259 52243 0
1741003261 52078 0
1741003263 52156 0
1741003265 52164 0
1741003268 52140 0
1741003270 52314 0
1741003272 52651 0
1741003274 52974 0
1741003276 53181 0
1741003278 53207 0
1741003280 53056 0
1741003282 52737 0
1741003284 52571 0
1741003286 52551 0
1741003288 52461 0
1741003290 52315 0
1741003292 52352 0
1741003294 52373 0
1741003296 52224 0
1741003298 52140 0
1741003300 52390 0
1741003302 52593 0
1741003304 52745 0
1741003306 53126 0
1741003308 53771 0
1741003310 54255 0
1741003313 54259 0
1741003315 53949 0
1741003317 53652 0
1741003319 53469 0
1741003321 53242 0
1741003323 52556 0
1741003325 51950 0
1741003327 51424 0
1741003329 51144 0
1741003331 50974 0
1741003333 50976 0
1741003335 50977 0
1741003337 50902 0
1741003339 51078 0
1741003341 51445 0
1741003343 51808 0
1741003345 52088 0
1741003347 52325 0
1741003349 52350 0
1741003351 52365 0
1741003353 52558 0
1741003355 52461 0
1741003357 52607 0
1741003360 52654 0
1741003362 52567 0
1741003364 52531 0
1741003366 52392 0
1741003368 52341 0
1741003370 52385 0
1741003372 52551 0
1741003374 52700 0
1741003376 53177 0
1741003378 53922 0
1741003380 54416 0
1741003382 54115 0
1741003384 53930 0
1741003386 53690 0
1741003388 53657 0
1741003390 53239 0
1741003392 52497 0
1741003394 52023 0
1741003396 51806 0
1741003398 51399 0
1741003400 50970 0
1741003402 51034 0
1741003404 50873 0
1741003407 50888 0
1741003409 50706 0
1741003411 50761 0
1741003413 50936 0
1741003415 51364 0
1741003417 51808 0
1741003419 52232 0
1741003421 52571 0
1741003423 52539 0
1741003425 52585 0
1741003427 52654 0
1741003429 52398 0
1741003431 52307 0
1741003433 52338 0
1741003435 52367 0
1741003437 52393 0
1741003439 52204 0
1741003441 52280 0
1741003443 52241 0
1741003445 52225 0
1741003447 52560 0
1741003449 52637 0
1741003452 52792 0
1741003454 53081 0
1741003456 53559 0
1741003458 53812 0
1741003460 53422 0
1741003462 52432 0
1741003464 51768 0
1741003467 51247 0
1741003469 50981 0
1741003471 50831 0
1741003473 50679 0
1741003475 50480 0
1741003477 50265 0
1741003479 50177 0
1741003481 50301 0
1741003483 50453 0
1741003485 50615 0
1741003487 51087 0
1741003490 51663 0
1741003492 52074 0
1741003494 52206 0
1741003496 52111 0
1741003498 52033 0
1741003500 52079 0
1741003502 52099 0
1741003504 52088 0
1741003506 52117 0
1741003508 52310 0
1741003510 52447 0
1741003512 52476 0
1741003514 52386 0
1741003516 52246 0
1741003518 52114 0
1741003520 52266 0
1741003522 52309 0
1741003524 52560 0
1741003526 52901 0
1741003528 52090 0
1741003530 51178 0
1741003532 50925 0
1741003534 50624 0
1741003537 50334 0
1741003539 50215 0
1741003541 50373 0
1741003543 50280 0
1741003545 50367 0
1741003547 50650 0
1741003549 51183 0
1741003551 51752 0
1741003553 52031 0
1741003555 52402 0
1741003557 52430 0
1741003559 52264 0
1741003561 52080 0
1741003563 52073 0
1741003565 52029 0
1741003567 52065 0
1741003569 52112 0
1741003571 52076 0
1741003573 52091 0
1741003575 52156 0
1741003577 52574 0
1741003579 53103 0
1741003582 53697 0
1741003584 54338 0
1741003586 54331 0
1741003588 53930 0
1741003590 53708 0
1741003592 53391 0
1741003594 53258 0
1741003596 52943 0
1741003598 52372 0
1741003600 51928 0
1741003602 51304 0
1741003604 50831 0
1741003606 50497 0
1741003608 50278 0
1741003610 50170 0
1741003612 50221 0
1741003614 50397 0
1741003616 50886 0
1741003618 51656 0
1741003620 52171 0
1741003622 52184 0
1741003624 52142 0
1741003626 52123 0
1741003629 52154 0
1741003631 51952 0
1741003633 51806 0
1741003635 51812 0
1741003637 51753 0
1741003639 51858 0
1741003641 52120 0
1741003643 52781 0
1741003645 52985 0
1741003647 53402 0
1741003649 53931 0
1741003651 54332 0
1741003653 54282 0
1741003655 53888 0
1741003657 53859 0
1741003659 53515 0
1741003661 53457 0
1741003663 53131 0
1741003665 52330 0
1741003667 51658 0
1741003669 51249 0
1741003671 50874 0
1741003673 50706 0
1741003676 50545 0
1741003678 50197 0
1741003680 50143 0
1741003682 50003 0
1741003684 49886 0
1741003686 49899 0
1741003688 49971 0
1741003690 50486 0
1741003692 50591 0
1741003694 50864 0
1741003696 51786 0
1741003698 52085 0
1741003700 52022 0
1741003702 51952 0
1741003704 51931 0
1741003706 51890 0
1741003708 52136 0
1741003710 52133 0
1741003712 52072 0
1741003714 51933 0
1741003716 51838 0
1741003718 51821 0
1741003721 51842 0
1741003723 51760 0
1741003725 51888 0
1741003727 51868 0
1741003729 52209 0
1741003731 52776 0
1741003733 52607 0
1741003735 51688 0
1741003737 51085 0
1741003739 50751 0
1741003741 50495 0
1741003743 50217 0
1741003745 50226 0
1741003747 50351 0
1741003749 50504 0
1741003751 50176 0
1741003753 49972 0
1741003755 50229 0
1741003757 50145 0
1741003759 50226 0
1741003761 51196 0
1741003763 51722 0
1741003766 52495 0
1741003768 52528 0
1741003770 52325 0
1741003772 52152 0
1741003774 52179 0
1741003776 52140 0
1741003778 52115 0
1741003780 52204 0
1741003782 52312 0
1741003784 52146 0
1741003786 51981 0
1741003788 52013 0
1741003790 51911 0
1741003792 51848 0
1741003794 51776 0
1741003796 51950 0
1741003798 52414 0
1741003800 52950 0
1741003802 52254 0
1741003804 51603 0
1741003806 51334 0
1741003808 51040 0
1741003810 50626 0
1741003813 50399 0
1741003815 50217 0
1741003817 50353 0
1741003819 50711 0
1741003821 50938 0
1741003823 51074 0
1741003825 51400 0
1741003827 51895 0
1741003829 52141 0
1741003831 52104 0
1741003833 52088 0
1741003835 52143 0
1741003837 52165 0
1741003839 51965 0
1741003841 52006 0
1741003843 51889 0
1741003845 51985 0
1741003847 52035 0
1741003849 52348 0
1741003851 52648 0
1741003853 53242 0
1741003855 53901 0
1741003857 54221 0
1741003860 54356 0
1741003862 53971 0
1741003864 53794 0
1741003866 53435 0
1741003868 53421 0
1741003870 53211 0
1741003872 52366 0
1741003874 51752 0
1741003876 51369 0
1741003878 50934 0
1741003880 50552 0
1741003882 50532 0
1741003884 50393 0
1741003886 50205 0
1741003888 50223 0
1741003890 50315 0
1741003892 50604 0
1741003894 51349 0
1741003896 51840 0
1741003898 51990 0
1741003900 52540 0
1741003902 52714 0
1741003904 52638 0
1741003907 52387 0
1741003909 52312 0
1741003911 52269 0
1741003913 52072 0
1741003915 51994 0
1741003917 52277 0
1741003919 52669 0
1741003921 53135 0
1741003923 53865 0
1741003925 54511 0
1741003927 54740 0
1741003929 54325 0
1741003931 53972 0
1741003933 53718 0
1741003935 53480 0
1741003937 53268 0
1741003939 52877 0
1741003941 52448 0
1741003943 51849 0
1741003945 51278 0
1741003947 50994 0
1741003949 50854 0
1741003952 50623 0
1741003954 50779 0
1741003956 50906 0
1741003958 50860 0
1741003960 50978 0
1741003962 51014 0
1741003964 51105 0
1741003966 51385 0
1741003968 51842 0
1741003970 52264 0
1741003972 52616 0
1741003974 52719 0
1741003976 52676 0
1741003978 52731 0
1741003980 52713 0
1741003982 52703 0
1741003984 52530 0
1741003986 52632 0
1741003988 52798 0
1741003990 52707 0
1741003992 52723 0
1741003994 52888 0
1741003996 52961 0
1741003999 53238 0
1741004001 53768 0
1741004003 54317 0
1741004005 54841 0
1741004007 54864 0
1741004009 53798 0
1741004011 52894 0
1741004013 52318 0
1741004015 51920 0
1741004017 51540 0
1741004019 51716 0
1741004021 51775 0
1741004023 51434 0
1741004025 51292 0
1741004027 51045 0
1741004029 51026 0
1741004031 51101 0
1741004033 51295 0
1741004035 51738 0
1741004037 52316 0
1741004039 52663 0
1741004041 52795 0
1741004043 52852 0
1741004046 52909 0
1741004048 52764 0
1741004050 52591 0
1741004052 52636 0
1741004054 52505 0
1741004056 52674 0
1741004058 52655 0
1741004060 53218 0
1741004062 53122 0
1741004064 53060 0
1741004066 53189 0
1741004068 53738 0
1741004070 54365 0
1741004072 54865 0
1741004074 54897 0
1741004076 54452 0
1741004078 53668 0
1741004080 53070 0
1741004082 52901 0
1741004084 52370 0
1741004086 51896 0
1741004088 51580 0
1741004090 51528 0
1741004093 52170 0
1741004095 52417 0
1741004097 52654 0
1741004099 52690 0
1741004101 52824 0
1741004103 52969 0
1741004105 52763 0
1741004107 52934 0
1741004109 53200 0
1741004111 53077 0
1741004113 52916 0
1741004115 52719 0
1741004117 52609 0
1741004119 52526 0
1741004121 52596 0
1741004123 52811 0
1741004125 53342 0
1741004127 53946 0
1741004129 54474 0
1741004131 54617 0
1741004133 54555 0
1741004135 54104 0
1741004138 53887 0
1741004140 53805 0
1741004142 53805 0
1741004144 53288 0
1741004146 52671 0
1741004148 52059 0
1741004150 51731 0
1741004152 51407 0
1741004154 51297 0
1741004156 51297 0
1741004158 51190 0
1741004160 51207 0
1741004162 51546 0
1741004164 52039 0
1741004166 52461 0
1741004168 52823 0
1741004170 53005 0
1741004172 53134 0
1741004174 52961 0
1741004176 52940 0
1741004178 52933 0
1741004180 52791 0
1741004182 52908 0
1741004185 52803 0
1741004187 52798 0
1741004189 52840 0
1741004191 52834 0
1741004193 53155 0
1741004195 53787 0
1741004197 54380 0
1741004199 54878 0
1741004201 54802 0
1741004203 54430 0
1741004205 54108 0
1741004207 53815 0
1741004209 53560 0
1741004211 53473 0
1741004213 53305 0
1741004215 52514 0
1741004217 51882 0
1741004219 51293 0
1741004221 51098 0
1741004223 51058 0
1741004225 50994 0
1741004227 51042 0
1741004229 50963 0
1741004232 50848 0
1741004234 51073 0
1741004236 51382 0
1741004238 51512 0
1741004240 51982 0
1741004242 52383 0
1741004244 52985 0
1741004246 53108 0
1741004248 53116 0
1741004250 53087 0
1741004252 53046 0
1741004254 53219 0
1741004256 52992 0
1741004258 52926 0
1741004260 52979 0
1741004262 53014 0
1741004264 53008 0
1741004266 53132 0
1741004268 53221 0
1741004270 53720 0
1741004272 54411 0
1741004274 55083 0
1741004277 55382 0
1741004279 55385 0
1741004281 55201 0
1741004283 54530 0
1741004285 53655 0
1741004287 53404 0
1741004289 52832 0
1741004291 52375 0
1741004293 52059 0
1741004295 52049 0
1741004297 51741 0
1741004299 51562 0
1741004301 51425 0
1741004303 51637 0
1741004305 51966 0
1741004307 52310 0
1741004309 52785 0
1741004312 53204 0
1741004314 53316 0
1741004316 53427 0
1741004318 53521 0
1741004320 53483 0
1741004322 53305 0
1741004324 53193 0
1741004326 53132 0
1741004328 53086 0
1741004330 53127 0
1741004332 53176 0
1741004334 53097 0
1741004336 53177 0
1741004338 53173 0
1741004340 53371 0
1741004342 53604 0
1741004344 54634 0
1741004346 55119 0
1741004348 55137 0
1741004350 54826 0
1741004352 54246 0
1741004354 53745 0
1741004357 53507 0
1741004359 53138 0
1741004361 53531 0
1741004363 53749 0
1741004365 53793 0
1741004367 53835 0
1741004369 53834 0
1741004371 53900 0
1741004373 54059 0
1741004375 53838 0
1741004377 53583 0
1741004379 53324 0
1741004381 53550 0
1741004383 53498 0
1741004385 53373 0
1741004387 53233 0
1741004389 53307 0
1741004391 53279 0
1741004393 53416 0
1741004395 53696 0
1741004397 53957 0
1741004399 54713 0
1741004401 55239 0
1741004404 55053 0
1741004406 54765 0
1741004408 54503 0
1741004410 54405 0
1741004412 54109 0
1741004414 53764 0
1741004416 53624 0
1741004418 53377 0
1741004420 53106 0
1741004422 52522 0
1741004424 52183 0
1741004426 51971 0
1741004428 51765 0
1741004430 51617 0
1741004432 51883 0
1741004434 52076 0
1741004436 52545 0
1741004438 52970 0
1741004440 53248 0
1741004442 53465 0
1741004444 53327 0
1741004446 53094 0
1741004448 53046 0
1741004451 52842 0
1741004453 52881 0
1741004455 53004 0
1741004457 53428 0
1741004459 53106 0
1741004461 53011 0
1741004463 53113 0
1741004465 53184 0
1741004467 53948 0
1741004469 54790 0
1741004471 55262 0
1741004473 55204 0
1741004475 54909 0
1741004477 54480 0
1741004479 54294 0
1741004481 53898 0
1741004483 53718 0
1741004485 53840 0
1741004487 53351 0
1741004489 52409 0
1741004491 51934 0
1741004493 51717 0
1741004495 51853 0
1741004498 51524 0
1741004500 51274 0
1741004502 51115 0
1741004504 50980 0
1741004506 51052 0
1741004508 51085 0
1741004510 51045 0
1741004512 51178 0
1741004514 51656 0
1741004516 51919 0
1741004518 52277 0
1741004520 52803 0
1741004522 53019 0
1741004524 53760 0
1741004526 53289 0
1741004528 53176 0
1741004530 53083 0
1741004532 53154 0
1741004534 52960 0
1741004536 53083 0
1741004538 53051 0
1741004540 52902 0
1741004543 53109 0
1741004545 52964 0
1741004547 53140 0
1741004549 53469 0
1741004551 54369 0
1741004553 54981 0
1741004555 54825 0
1741004557 54341 0
1741004559 53166 0
1741004561 52801 0
1741004563 52266 0
1741004565 51653 0
1741004567 51578 0
1741004569 51159 0
1741004571 51326 0
1741004573 51290 0
1741004575 50980 0
1741004577 51034 0
1741004579 51157 0
1741004581 51675 0
1741004583 52028 0
1741004585 52478 0
1741004587 52782 0
1741004590 53111 0
1741004592 53147 0
1741004594 52897 0
1741004596 52986 0
1741004598 52849 0
1741004600 52736 0
1741004602 53108 0
1741004604 53101 0
1741004606 53138 0
1741004608 53154 0
1741004610 53390 0
1741004612 53349 0
1741004614 53500 0
1741004616 53746 0
1741004618 54356 0
1741004620 55584 0
1741004622 55160 0
1741004624 55086 0
1741004626 54855 0
1741004628 54464 0
1741004630 54418 0
1741004632 53737 0
1741004635 53387 0
1741004637 53208 0
1741004639 53127 0
1741004641 53416 0
1741004643 53392 0
1741004645 53163 0
1741004647 53062 0
1741004649 53246 0
1741004651 52924 0
1741004653 52822 0
1741004655 53030 0
1741004657 52966 0
1741004659 53079 0
1741004661 53653 0
1741004663 53557 0
1741004665 53084 0
1741004667 53196 0
1741004669 53502 0
1741004671 53702 0
1741004673 53797 0
1741004675 54169 0
1741004677 54700 0
1741004680 54936 0
1741004682 54606 0
1741004684 54315 0
1741004686 54125 0
1741004688 53882 0
1741004690 53636 0
1741004692 53357 0
1741004694 53040 0
1741004696 52274 0
1741004698 51573 0
1741004700 51739 0
1741004702 51517 0
1741004704 51406 0
1741004706 51420 0
1741004708 52334 0
1741004710 52867 0
1741004712 52896 0
1741004714 52824 0
1741004716 52665 0
1741004718 52847 0
1741004720 52672 0
1741004722 52523 0
1741004724 52230 0
1741004727 52581 0
1741004729 52842 0
1741004731 52491 0
1741004733 52346 0
1741004735 52419 0
1741004737 52404 0
1741004739 52539 0
1741004741 52733 0
1741004743 52785 0
1741004745 53054 0
1741004747 53927 0
1741004749 54365 0
1741004751 54596 0
1741004753 54292 0
1741004755 53971 0
1741004757 53883 0
1741004759 53456 0
1741004761 53177 0
1741004763 52446 0
1741004765 51929 0
1741004767 51423 0
1741004769 52143 0
1741004772 51585 0
1741004774 51090 0
1741004776 50709 0
1741004778 50540 0
1741004780 50910 0
1741004782 50669 0
1741004784 50312 0
1741004786 50251 0
1741004788 50334 0
1741004790 50709 0
1741004792 51175 0
1741004794 51783 0
1741004796 52173 0
1741004798 52419 0
1741004800 52683 0
1741004802 52737 0
1741004804 52403 0
1741004806 52192 0
1741004808 52019 0
1741004810 52152 0
1741004812 52078 0
1741004814 52104 0
1741004816 52229 0
1741004819 52124 0
1741004821 52274 0
1741004823 52210 0
1741004825 52508 0
1741004827 52947 0
1741004829 53839 0
1741004831 53984 0
1741004833 52949 0
1741004835 52233 0
1741004837 51560 0
1741004839 51070 0
1741004841 50922 0
1741004843 50960 0
1741004845 50791 0
1741004847 50732 0
1741004849 50567 0
1741004851 50620 0
1741004853 50772 0
1741004855 51298 0
1741004857 51623 0
1741004859 52088 0
1741004861 52485 0
1741004864 52436 0
1741004866 52647 0
1741004868 52598 0
1741004870 52532 0
1741004872 52454 0
1741004874 52558 0
1741004876 52631 0
1741004878 52487 0
1741004880 52259 0
1741004882 52327 0
1741004884 52569 0
1741004886 52316 0
1741004888 52279 0
1741004890 52470 0
1741004892 52632 0
1741004894 52793 0
1741004896 53121 0
1741004898 53775 0
1741004900 53183 0
1741004902 52670 0
1741004904 52122 0
1741004906 51530 0
1741004908 51100 0
1741004911 50795 0
1741004913 50689 0
1741004915 50616 0
1741004917 51281 0
1741004919 51634 0
1741004921 52258 0
1741004923 52523 0
1741004925 52686 0
1741004927 52754 0
1741004929 52588 0
1741004931 52504 0
1741004933 52519 0
1741004935 52877 0
1741004937 52560 0
1741004939 52513 0
1741004941 52584 0
1741004943 52678 0
1741004945 53249 0
1741004947 53367 0
1741004949 53621 0
1741004951 54255 0
1741004953 54759 0
1741004955 55083 0
1741004958 54417 0
1741004960 54682 0
1741004962 53896 0
1741004964 53578 0
1741004966 53585 0
1741004968 53348 0
1741004970 52569 0
1741004972 51801 0
1741004974 51422 0
1741004976 51345 0
1741004978 50971 0
1741004980 50782 0
1741004982 50777 0
1741004984 50678 0
1741004986 50970 0
1741004988 51358 0
1741004990 51990 0
1741004992 52321 0
1741004994 52270 0
1741004996 52902 0
1741004998 52669 0
1741005000 52568 0
1741005003 52383 0
1741005005 52247 0
1741005007 52443 0
1741005009 52560 0
1741005011 52405 0
1741005013 52304 0
1741005015 52247 0
1741005017 52621 0
1741005019 53101 0
1741005021 53969 0
1741005023 54697 0
1741005025 54560 0
1741005027 54403 0
1741005029 54060 0
1741005031 53870 0
1741005033 53555 0
1741005035 53204 0
1741005037 52778 0
1741005039 52097 0
1741005041 51625 0
1741005043 51273 0
1741005045 50944 0
1741005047 50941 0
1741005050 50929 0
1741005052 50707 0
1741005054 50740 0
1741005056 50528 0
1741005058 50521 0
1741005060 50674 0
1741005062 51050 0
1741005064 51804 0
1741005066 52622 0
1741005068 52905 0
1741005070 53168 0
1741005072 53252 0
1741005074 53428 0
1741005076 53770 0
1741005078 53535 0
1741005080 53718 0
1741005082 53914 0
1741005084 54314 0
1741005086 54583 0
1741005088 54596 0
1741005090 54541 0
1741005092 54988 0
1741005094 55901 0
1741005097 55916 0
1741005099 55624 0
1741005101 55394 0
1741005103 55178 0
1741005105 54813 0
1741005107 53887 0
1741005109 53246 0
1741005111 52477 0
1741005113 52232 0
1741005115 51906 0
1741005117 51793 0
1741005119 51192 0
1741005121 51021 0
1741005123 50910 0
1741005125 50700 0
1741005127 50595 0
1741005129 50501 0
1741005131 50469 0
1741005133 50619 0
1741005135 50967 0
1741005137 51630 0
1741005139 52023 0
1741005142 52176 0
1741005144 52403 0
1741005146 52379 0
1741005148 52421 0
1741005150 52675 0
1741005152 52726 0
1741005154 52931 0
1741005156 52669 0
1741005158 52442 0
1741005160 52637 0
1741005162 52630 0
1741005164 52777 0
1741005166 52731 0
1741005168 53220 0
1741005170 53974 0
1741005172 54531 0
1741005174 54247 0
1741005176 53070 0
1741005178 52285 0
1741005180 51915 0
1741005182 51731 0
1741005184 51440 0
1741005187 51488 0
1741005189 51501 0
1741005191 51556 0
1741005193 51775 0
1741005195 52240 0
1741005197 53188 0
1741005199 53459 0
1741005201 52990 0
1741005203 52947 0
1741005205 52789 0
1741005207 52663 0
1741005209 52511 0
1741005211 52616 0
1741005213 52726 0
1741005215 52693 0
1741005217 52668 0
1741005219 52660 0
1741005221 52895 0
1741005223 53005 0
1741005225 53343 0
1741005227 53947 0
1741005229 54403 0
1741005232 54441 0
1741005234 54355 0
1741005236 53942 0
1741005238 53635 0
1741005240 53375 0
1741005242 53215 0
1741005244 52664 0
1741005246 51831 0
1741005248 51276 0
1741005250 50713 0
1741005252 50410 0
1741005254 50269 0
1741005256 50566 0
1741005258 50529 0
1741005260 51193 0
1741005262 51561 0
1741005264 52084 0
1741005266 52231 0
1741005268 52337 0
1741005270 52300 0
1741005272 52344 0
1741005274 52293 0
1741005276 52184 0
1741005279 52063 0
1741005281 52442 0
1741005283 52629 0
1741005285 52845 0
1741005287 52697 0
1741005289 52445 0
1741005291 52599 0
1741005293 52681 0
1741005295 53044 0
1741005297 53630 0
1741005299 54293 0
1741005301 54231 0
1741005303 54084 0
1741005305 53751 0
1741005307 53681 0
1741005309 53283 0
1741005311 53121 0
1741005313 52284 0
1741005315 51480 0
1741005317 51009 0
1741005319 50821 0
1741005321 50440 0
1741005323 50345 0
1741005326 50327 0
1741005328 50259 0
1741005330 50269 0
1741005332 50168 0
1741005334 50218 0
1741005336 50338 0
1741005338 50368 0
1741005340 50758 0
1741005342 51415 0
1741005344 51878 0
1741005346 52061 0
1741005348 51981 0
1741005350 52036 0
1741005352 52126 0
1741005354 52181 0
1741005356 52127 0
1741005358 52111 0
1741005360 51992 0
1741005362 51933 0
1741005364 52155 0
1741005366 52141 0
1741005368 52223 0
1741005370 52317 0
1741005373 52594 0
1741005375 52998 0
1741005377 53446 0
1741005379 54276 0
1741005381 53712 0
1741005383 52578 0
1741005385 51722 0
1741005387 51222 0
1741005389 50711 0
1741005391 50330 0
1741005393 50218 0
1741005395 50025 0
1741005397 49882 0
1741005399 50122 0
1741005401 50096 0
1741005403 49908 0
1741005405 49741 0
1741005407 49757 0
1741005409 49754 0
1741005411 50277 0
1741005413 50610 0
1741005415 51284 0
1741005418 51456 0
1741005420 51587 0
1741005422 51773 0
1741005424 52077 0
1741005426 52039 0
1741005428 52121 0
1741005430 52079 0
1741005432 52002 0
1741005434 51789 0
1741005436 51694 0
1741005438 51855 0
1741005440 51771 0
1741005442 51572 0
1741005444 51637 0
1741005446 52261 0
1741005448 52483 0
1741005450 51690 0
1741005452 51185 0
1741005454 50761 0
1741005456 50549 0
1741005458 50271 0
1741005460 50193 0
1741005462 50004 0
1741005465 49772 0
1741005467 49815 0
1741005469 49894 0
1741005471 50348 0
1741005473 50623 0
1741005475 51084 0
1741005477 51477 0
1741005479 51417 0
1741005481 51629 0
1741005483 52049 0
1741005485 52093 0
1741005487 51990 0
1741005489 51990 0
1741005491 51892 0
1741005493 51755 0
1741005495 51841 0
1741005497 52073 0
1741005499 52369 0
1741005501 52575 0
1741005503 52856 0
1741005505 53266 0
1741005507 53807 0
1741005509 53842 0
1741005512 53583 0
1741005514 53345 0
1741005516 53131 0
1741005518 52459 0
1741005520 51498 0
1741005522 50816 0
1741005524 50379 0
1741005526 49904 0
1741005528 49767 0
1741005530 49690 0
1741005532 49733 0
1741005534 49518 0
1741005536 49485 0
1741005538 49479 0
1741005540 49680 0
1741005542 50103 0
1741005544 50537 0
1741005546 51036 0
1741005548 51286 0
1741005550 51471 0
1741005552 51369 0
1741005554 51337 0
1741005556 51524 0
1741005559 51369 0
1741005561 51804 0
1741005563 51815 0
1741005565 51627 0
1741005567 51644 0
1741005569 51520 0
1741005571 51364 0
1741005573 51503 0
1741005575 51794 0
1741005577 52370 0
1741005579 53117 0
1741005581 53451 0
1741005583 53168 0
1741005585 52870 0
1741005587 52042 0
1741005589 51056 0
1741005591 50427 0
1741005593 50103 0
1741005595 49780 0
1741005597 49469 0
1741005599 49417 0
1741005601 49302 0
1741005603 49371 0
1741005606 49309 0
1741005608 49221 0
1741005610 49209 0
1741005612 49089 0
1741005614 49036 0
1741005616 49213 0
1741005618 49377 0
1741005620 49707 0
1741005622 50284 0
1741005624 50920 0
1741005626 51267 0
1741005628 51594 0
1741005630 51637 0
1741005632 51520 0
1741005634 51480 0
1741005636 51319 0
1741005638 51267 0
1741005640 51306 0
1741005642 51230 0
1741005644 50980 0
1741005646 50910 0
1741005648 50735 0
1741005651 50806 0
1741005653 50884 0
1741005655 50695 0
1741005657 50211 0
1741005659 49851 0
1741005661 49610 0
1741005663 49385 0
1741005665 49352 0
1741005667 49577 0
1741005669 49719 0
1741005671 49500 0
1741005673 49424 0
1741005675 49422 0
1741005677 49345 0
1741005679 49267 0
1741005681 49316 0
1741005683 49381 0
1741005685 49618 0
1741005687 50078 0
1741005689 50463 0
1741005691 50892 0
1741005693 51250 0
1741005696 51294 0
1741005698 51269 0
1741005700 51205 0
1741005702 51353 0
1741005704 51169 0
1741005706 51029 0
1741005708 51045 0
1741005710 51055 0
1741005712 50971 0
1741005714 50973 0
1741005716 50991 0
1741005718 51029 0
1741005720 51232 0
1741005722 51499 0
1741005724 51152 0
1741005726 50710 0
1741005728 50552 0
1741005730 50175 0
1741005732 49817 0
1741005734 49588 0
1741005736 49179 0
1741005738 49067 0
1741005740 48895 0
1741005743 48975 0
1741005745 48907 0
1741005747 49012 0
1741005749 49314 0
1741005751 49987 0
1741005753 50543 0
1741005755 50917 0
1741005757 51047 0
1741005759 51127 0
1741005761 51253 0
1741005763 51151 0
1741005765 50971 0
1741005767 50951 0
1741005769 51012 0
1741005771 50970 0
1741005773 50921 0
1741005775 50804 0
1741005777 50797 0
1741005779 51077 0
1741005781 51411 0
1741005783 51879 0
1741005785 52724 0
1741005787 53431 0
1741005790 53476 0
1741005792 53135 0
1741005794 52142 0
1741005796 51359 0
1741005798 50685 0
1741005800 49966 0
1741005802 49636 0
1741005804 49597 0
1741005806 49497 0
1741005808 49542 0
1741005810 49545 0
1741005812 49563 0
1741005814 49689 0
1741005816 50020 0
1741005818 50346 0
1741005820 50973 0
1741005822 51106 0
1741005824 51141 0
1741005826 51096 0
1741005828 51058 0
1741005830 51029 0
1741005832 50981 0
1741005835 51010 0
1741005837 51001 0
1741005839 51073 0
1741005841 51138 0
1741005843 51235 0
1741005845 51586 0
1741005847 52015 0
1741005849 52724 0
1741005851 53550 0
1741005853 53635 0
1741005855 53621 0
1741005857 53396 0
1741005859 53015 0
1741005861 52508 0
1741005863 51304 0
1741005865 50617 0
1741005867 50079 0
1741005869 49687 0
1741005871 49417 0
1741005873 49390 0
1741005875 49157 0
1741005877 49185 0
1741005879 49048 0
1741005882 49118 0
1741005884 48975 0
1741005886 48915 0
1741005888 48823 0
1741005890 48690 0
1741005892 48697 0
1741005894 48753 0
1741005896 49013 0
1741005898 49318 0
1741005900 49748 0
1741005902 50190 0
1741005904 50464 0
1741005906 50560 0
1741005908 50734 0
1741005910 50613 0
1741005912 50576 0
1741005914 50654 0
1741005916 50564 0
1741005918 50532 0
1741005920 50563 0
1741005922 50551 0
1741005924 50466 0
1741005926 50404 0
1741005929 50484 0
1741005931 49796 0
1741005933 49241 0
1741005935 48933 0
1741005937 48714 0
1741005939 48624 0
1741005941 48768 0
1741005943 48565 0
1741005945 48505 0
1741005947 48504 0
1741005949 48479 0
1741005951 48487 0
1741005953 48727 0
1741005955 48701 0
1741005957 48574 0
1741005959 48380 0
1741005961 48518 0
1741005963 48655 0
1741005965 48862 0
1741005967 49208 0
1741005969 49740 0
1741005971 50175 0
1741005974 50419 0
1741005976 50464 0
1741005978 50518 0
1741005980 50477 0
1741005982 50477 0
1741005984 50470 0
1741005986 50360 0
1741005988 50345 0
1741005990 50137 0
1741005992 50106 0
1741005994 50149 0
1741005996 50192 0
1741005998 49960 0
1741006000 49515 0
1741006002 49311 0
1741006004 49125 0
1741006006 48879 0
1741006008 48731 0
1741006010 48822 0
1741006012 48559 0
1741006014 48531 0
1741006016 48538 0
1741006018 48484 0
1741006021 48459 0
1741006023 48594 0
1741006025 48841 0
1741006027 49275 0
1741006029 49855 0
1741006031 50286 0
1741006033 50422 0
1741006035 50552 0
1741006037 50475 0
1741006039 50462 0
1741006041 50403 0
1741006043 50338 0
1741006045 50400 0
1741006047 50425 0
1741006049 50355 0
1741006051 50436 0
1741006053 50593 0
1741006055 50728 0
1741006057 50750 0
1741006059 50975 0
1741006061 51389 0
1741006063 51892 0
1741006065 52450 0
1741006068 51691 0
1741006070 50650 0
1741006072 49969 0
1741006074 49298 0
1741006076 48883 0
1741006078 48674 0
1741006080 48718 0
1741006082 48666 0
1741006084 48576 0
1741006086 48439 0
1741006088 48505 0
1741006090 48547 0
1741006092 48604 0
1741006094 48826 0
1741006096 49304 0
1741006098 50049 0
1741006100 50533 0
1741006102 50479 0
1741006104 50593 0
1741006106 50724 0
1741006108 50819 0
1741006110 50612 0
1741006113 50663 0
1741006115 50591 0
1741006117 50643 0
1741006119 50607 0
1741006121 50688 0
1741006123 50629 0
1741006125 50666 0
1741006127 50774 0
1741006129 50961 0
1741006131 51355 0
1741006133 52153 0
1741006135 52413 0
1741006137 51234 0
1741006139 50075 0
1741006141 49511 0
1741006143 49037 0
1741006145 48853 0
1741006147 48810 0
1741006149 48766 0
1741006151 48663 0
1741006153 48754 0
1741006155 48864 0
1741006157 48768 0
1741006160 48858 0
1741006162 48954 0
1741006164 48744 0
1741006166 48654 0
1741006168 48828 0
1741006170 48935 0
1741006172 49432 0
1741006174 50090 0
1741006176 50493 0
1741006178 50688 0
1741006180 50774 0
1741006182 50734 0
1741006184 50629 0
1741006186 50505 0
1741006188 50393 0
1741006190 50368 0
1741006192 50309 0
1741006194 50327 0
1741006196 50400 0
1741006198 50254 0
1741006200 50253 0
1741006202 50133 0
1741006205 49696 0
1741006207 49338 0
1741006209 49035 0
1741006211 48684 0
1741006213 48590 0
1741006215 48638 0
1741006217 48578 0
1741006219 48625 0
1741006221 48538 0
1741006223 48555 0
1741006225 48666 0
1741006227 48604 0
1741006229 48586 0
1741006231 48579 0
1741006233 48571 0
1741006235 48793 0
1741006237 48867 0
1741006239 49177 0
1741006241 49825 0
1741006243 50253 0
1741006245 50604 0
1741006247 50864 0
1741006249 50780 0
1741006252 50781 0
1741006254 50651 0
1741006256 50583 0
1741006258 50730 0
1741006260 50765 0
1741006262 50697 0
1741006264 50746 0
1741006266 50813 0
1741006268 50847 0
1741006270 51036 0
1741006272 50997 0
1741006274 50391 0
1741006276 49878 0
1741006278 49519 0
1741006280 49185 0
1741006282 49170 0
1741006284 48801 0
1741006286 48784 0
1741006288 48702 0
1741006290 48616 0
1741006292 48455 0
1741006294 48529 0
1741006296 48723 0
1741006299 48757 0
1741006301 49115 0
1741006303 49641 0
1741006305 50083 0
1741006307 50306 0
1741006309 50287 0
1741006311 50355 0
1741006313 50383 0
1741006315 50382 0
1741006317 50248 0
1741006319 50132 0
1741006321 50199 0
1741006323 50232 0
1741006325 50244 0
1741006327 50321 0
1741006329 50328 0
1741006331 50323 0
1741006333 50409 0
1741006335 50619 0
1741006337 51219 0
1741006339 52073 0
1741006341 51713 0
1741006344 50571 0
1741006346 49840 0
1741006348 49386 0
1741006350 49010 0
1741006352 48754 0
1741006354 48729 0
1741006356 48664 0
1741006358 48604 0
1741006360 48643 0
1741006362 48772 0
1741006364 48747 0
1741006366 48928 0
1741006368 49299 0
1741006370 49763 0
1741006372 50137 0
1741006374 50367 0
1741006376 50369 0
1741006378 50442 0
1741006380 50493 0
1741006382 50331 0
1741006384 50221 0
1741006386 50199 0
1741006388 50354 0
1741006391 50248 0
1741006393 50214 0
1741006395 50259 0
1741006397 50449 0
1741006399 50533 0
1741006401 50865 0
1741006403 51061 0
1741006405 51638 0
1741006407 52269 0
1741006409 52625 0
1741006411 51242 0
1741006413 50369 0
1741006415 49628 0
1741006417 49263 0
1741006419 48910 0
1741006421 48865 0
1741006423 48579 0
1741006425 48392 0
1741006427 48274 0
1741006429 48339 0
1741006431 48409 0
1741006433 48357 0
1741006435 48393 0
1741006438 48376 0
1741006440 48299 0
1741006442 48309 0
1741006444 48652 0
1741006446 48848 0
1741006448 49215 0
1741006450 49741 0
1741006452 50107 0
1741006454 50443 0
1741006456 50644 0
1741006458 50580 0
1741006460 50851 0
1741006462 50795 0
1741006464 50580 0
1741006466 50533 0
1741006468 50426 0
1741006470 50336 0
1741006472 50437 0
1741006474 50589 0
1741006476 50538 0
1741006478 50398 0
1741006480 49844 0
1741006483 49482 0
1741006485 48984 0
1741006487 48862 0
1741006489 48653 0
1741006491 48605 0
1741006493 48583 0
1741006495 48490 0
1741006497 48410 0
1741006499 48458 0
1741006501 48545 0
1741006503 48860 0
1741006505 48904 0
1741006507 48845 0
1741006509 48813 0
1741006511 48829 0
1741006513 49051 0
1741006515 49511 0
1741006517 50139 0
1741006519 50421 0
1741006521 50739 0
1741006523 50766 0
1741006525 50813 0
1741006527 50997 0
1741006530 51708 0
1741006532 51336 0
1741006534 50980 0
1741006536 50618 0
1741006538 50361 0
1741006540 50476 0
1741006542 50423 0
1741006544 50234 0
1741006546 50087 0
1741006548 49626 0
1741006550 49296 0
1741006552 48791 0
1741006554 48655 0
1741006556 48526 0
1741006558 48373 0
1741006560 48416 0
1741006562 48402 0
1741006564 48287 0
1741006566 48312 0
1741006568 48509 0
1741006570 48472 0
1741006572 48666 0
1741006574 49002 0
1741006577 49340 0
1741006579 49770 0
1741006581 50144 0
1741006583 50322 0
1741006585 50423 0
1741006587 50476 0
1741006589 50314 0
1741006591 50166 0
1741006593 49987 0
1741006595 50059 0
1741006597 50029 0
1741006599 49918 0
1741006601 50189 0
1741006603 49976 0
1741006605 49848 0
1741006607 49939 0
1741006609 50105 0
1741006611 50384 0
1741006613 50788 0
1741006615 51232 0
1741006617 50344 0
1741006619 49737 0
1741006621 49421 0
1741006624 49233 0
1741006626 49002 0
1741006628 48894 0
1741006630 48654 0
1741006632 48549 0
1741006634 48534 0
1741006636 48840 0
1741006638 48727 0
1741006640 48938 0
1741006642 49173 0
1741006644 49549 0
1741006646 49978 0
1741006648 50286 0
1741006650 50610 0
1741006652 50752 0
1741006654 50942 0
1741006656 50813 0
1741006658 50926 0
1741006660 50787 0
1741006662 50534 0
1741006664 50524 0
1741006666 50563 0
1741006669 50496 0
1741006671 50405 0
1741006673 50404 0
1741006675 50628 0
1741006677 50741 0
1741006679 51034 0
1741006681 51599 0
1741006683 52406 0
1741006685 51904 0
1741006687 50909 0
1741006689 50073 0
1741006691 49550 0
1741006693 49225 0
1741006695 49006 0
1741006697 48854 0
1741006699 48864 0
1741006701 48733 0
1741006703 48654 0
1741006705 48549 0
1741006707 48501 0
1741006709 48560 0
1741006711 48419 0
1741006713 48464 0
1741006716 48363 0
1741006718 48460 0
1741006720 48630 0
1741006722 49067 0
1741006724 49398 0
1741006726 49835 0
1741006728 50177 0
1741006730 50324 0
1741006732 50347 0
1741006734 50374 0
1741006736 50293 0
1741006738 50247 0
1741006740 50115 0
1741006742 50196 0
1741006744 50061 0
1741006746 50087 0
1741006748 50314 0
1741006750 50230 0
1741006752 50235 0
1741006754 49736 0
1741006756 49329 0
1741006758 48894 0
1741006760 49017 0
1741006763 48721 0
1741006765 48588 0
1741006767 48503 0
1741006769 48375 0
1741006771 48186 0
1741006773 48184 0
1741006775 48045 0
1741006777 48111 0
1741006779 48144 0
1741006781 48363 0
1741006783 48294 0
1741006785 48281 0
1741006787 48281 0
1741006789 48473 0
1741006791 48848 0
1741006793 49243 0
1741006795 49836 0
1741006797 50128 0
1741006799 50245 0
1741006801 50330 0
1741006803 50307 0
1741006805 50269 0
1741006807 50345 0
1741006810 50441 0
1741006812 50292 0
1741006814 50256 0
1741006816 50184 0
1741006818 50177 0
1741006820 50322 0
1741006822 50172 0
1741006824 49689 0
1741006826 49245 0
1741006828 49024 0
1741006830 48902 0
1741006832 48755 0
1741006834 48589 0
1741006836 48565 0
1741006838 48607 0
1741006840 48884 0
1741006842 48822 0
1741006844 49033 0
1741006846 49169 0
1741006848 49483 0
1741006850 50076 0
1741006852 50557 0
1741006855 50646 0
1741006857 50712 0
1741006859 50751 0
1741006861 50652 0
1741006863 50562 0
1741006865 50506 0
1741006867 50576 0
1741006869 50681 0
1741006871 50602 0
1741006873 50363 0
1741006875 50351 0
1741006877 50370 0
1741006879 50399 0
1741006881 50421 0
1741006883 50624 0
1741006885 51030 0
1741006887 51636 0
1741006889 52460 0
1741006891 51602 0
1741006893 50858 0
1741006895 49922 0
1741006897 49347 0
1741006899 49132 0
1741006902 49186 0
1741006904 49139 0
1741006906 49002 0
1741006908 48971 0
1741006910 49051 0
1741006912 49066 0
1741006914 49115 0
1741006916 49472 0
1741006918 49800 0
1741006920 50259 0
1741006922 50549 0
1741006924 50691 0
1741006926 50864 0
1741006928 50996 0
1741006930 51021 0
1741006932 50983 0
1741006934 50879 0
1741006936 50831 0
1741006938 50737 0
1741006940 51123 0
1741006942 51154 0
1741006944 51020 0
1741006947 51158 0
1741006949 51444 0
1741006951 51658 0
1741006953 52441 0
1741006955 53063 0
1741006957 53198 0
1741006959 53076 0
1741006961 52203 0
1741006963 51169 0
1741006965 50441 0
1741006967 50095 0
1741006969 50064 0
1741006971 50043 0
1741006973 49676 0
1741006975 49246 0
1741006977 48916 0
1741006979 48721 0
1741006981 48632 0
1741006983 48535 0
1741006985 48527 0
1741006987 48842 0
1741006989 49468 0
1741006991 49936 0
1741006994 50341 0
1741006996 50990 0
1741006998 51515 0
1741007000 51695 0
1741007002 51492 0
1741007004 51241 0
1741007006 51116 0
1741007008 51015 0
1741007010 51044 0
1741007012 50944 0
1741007014 51016 0
1741007016 50719 0
1741007018 50661 0
1741007020 50787 0
1741007022 51031 0
1741007024 51045 0
1741007026 50748 0
1741007028 50076 0
1741007030 49483 0
1741007032 48950 0
1741007034 48793 0
1741007036 48919 0
1741007039 48914 0
1741007041 48829 0
1741007043 48840 0
1741007045 48572 0
1741007047 48713 0
1741007049 48652 0
1741007051 48600 0
1741007053 48493 0
1741007055 48712 0
1741007057 48608 0
1741007059 48722 0
1741007061 49404 0
1741007063 49756 0
1741007065 50079 0
1741007067 50613 0
1741007069 50561 0
1741007071 50458 0
1741007073 50519 0
1741007075 50499 0
1741007077 50446 0
1741007079 50802 0
1741007081 50965 0
1741007083 50866 0
1741007086 50944 0
1741007088 51002 0
1741007090 50918 0
1741007092 50990 0
1741007094 50976 0
1741007096 50699 0
1741007098 49878 0
1741007100 49288 0
1741007102 48976 0
1741007104 48752 0
1741007106 48646 0
1741007108 48617 0
1741007110 48606 0
1741007112 48524 0
1741007114 48518 0
1741007116 48385 0
1741007118 48363 0
1741007120 48450 0
1741007122 48456 0
1741007124 48380 0
1741007126 48898 0
1741007128 49429 0
1741007130 49938 0
1741007133 50375 0
1741007135 50577 0
1741007137 50471 0
1741007139 50411 0
1741007141 50528 0
1741007143 50397 0
1741007145 50490 0
1741007147 50430 0
1741007149 50288 0
1741007151 50214 0
1741007153 50183 0
1741007155 50260 0
1741007157 50376 0
1741007159 50549 0
1741007161 50776 0
1741007163 51058 0
1741007165 50994 0
1741007167 50193 0
1741007169 49748 0
1741007171 49328 0
1741007173 49205 0
1741007175 49057 0
1741007177 48811 0
1741007180 48811 0
1741007182 48685 0
1741007184 48687 0
1741007186 48624 0
1741007188 48714 0
1741007190 48667 0
1741007192 48724 0
1741007194 48982 0
1741007196 49570 0
1741007198 50204 0
1741007200 50865 0
1741007202 50822 0
1741007204 50712 0
1741007206 50601 0
1741007208 50584 0
1741007210 50511 0
1741007212 50535 0
1741007214 50648 0
1741007216 50593 0
1741007218 50546 0
1741007220 50463 0
1741007222 50539 0
1741007225 50730 0
1741007227 50937 0
1741007229 51164 0
1741007231 51549 0
1741007233 52086 0
1741007235 51074 0
1741007237 50203 0
1741007239 49787 0
1741007241 49351 0
1741007243 49080 0
1741007245 48948 0
1741007247 49251 0
1741007249 49184 0
1741007251 49311 0
1741007253 49142 0
1741007255 48942 0
1741007257 48847 0
1741007259 48921 0
1741007261 49156 0
1741007263 49106 0
1741007265 48991 0
1741007267 48954 0
1741007269 48940 0
1741007272 48952 0
1741007274 49141 0
1741007276 49688 0
1741007278 50053 0
1741007280 50338 0
1741007282 50440 0
1741007284 50634 0
1741007286 50646 0
1741007288 50836 0
1741007290 50512 0
1741007292 50526 0
1741007294 50788 0
1741007296 50730 0
1741007298 50801 0
1741007300 50717 0
1741007302 50746 0
1741007304 50152 0
1741007306 49699 0
1741007308 49395 0
1741007310 49232 0
1741007312 49064 0
1741007314 48950 0
1741007316 48773 0
1741007319 48687 0
1741007321 48758 0
1741007323 48719 0
1741007325 48725 0
1741007327 48578 0
1741007329 48451 0
1741007331 48536 0
1741007333 48413 0
1741007335 48374 0
1741007337 48322 0
1741007339 48462 0
1741007341 48655 0
1741007343 49010 0
1741007345 49305 0
1741007347 50009 0
1741007349 50477 0
1741007351 50561 0
1741007353 50689 0
1741007355 50587 0
1741007357 50462 0
1741007359 50391 0
1741007361 50362 0
1741007364 50359 0
1741007366 50340 0
1741007368 50314 0
1741007370 50081 0
1741007372 49721 0
1741007374 49208 0
1741007376 48951 0
1741007378 48754 0
1741007380 48759 0
1741007382 48673 0
1741007384 48503 0
1741007386 48534 0
1741007388 48446 0
1741007390 48495 0
1741007392 48359 0
1741007394 48334 0
1741007396 48463 0
1741007398 48538 0
1741007400 48762 0
1741007402 49275 0
1741007404 49802 0
1741007406 50164 0
1741007408 50650 0
1741007411 50633 0
1741007413 50508 0
1741007415 50615 0
1741007417 50511 0
1741007419 50470 0
1741007421 50379 0
1741007423 50508 0
1741007425 50476 0
1741007427 50518 0
1741007429 50676 0
1741007431 50613 0
1741007433 50663 0
1741007435 50861 0
1741007437 51548 0
1741007439 52200 0
1741007441 51520 0
1741007443 50657 0
1741007445 50269 0
1741007447 49983 0
1741007449 49550 0
1741007451 49402 0
1741007453 49409 0
1741007455 48977 0
1741007458 48901 0
1741007460 48871 0
1741007462 48877 0
1741007464 48713 0
1741007466 48730 0
1741007468 49225 0
1741007470 49681 0
1741007472 50087 0
1741007474 50438 0
1741007476 50672 0
1741007478 50571 0
1741007480 50708 0
1741007482 50587 0
1741007484 50594 0
1741007486 51084 0
1741007488 50964 0
1741007490 50773 0
1741007492 50646 0
1741007494 50494 0
1741007496 50570 0
1741007498 50744 0
1741007500 51381 0
1741007503 51607 0
1741007505 51917 0
1741007507 52557 0
1741007509 52175 0
1741007511 51024 0
1741007513 50260 0
1741007515 49817 0
1741007517 49466 0
1741007519 49204 0
1741007521 49228 0
1741007523 49080 0
1741007525 49260 0
1741007527 49684 0
1741007529 49770 0
1741007531 49544 0
1741007533 49373 0
1741007535 49323 0
1741007537 49232 0
1741007539 49022 0
1741007541 49084 0
1741007543 49180 0
1741007545 49120 0
1741007547 49704 0
1741007550 50234 0
1741007552 50623 0
1741007554 50866 0
1741007556 50895 0
1741007558 50712 0
1741007560 50761 0
1741007562 50969 0
1741007564 51143 0
1741007566 51092 0
1741007568 50862 0
1741007570 50989 0
1741007572 51076 0
1741007574 51160 0
1741007576 51247 0
1741007578 50827 0
1741007580 50176 0
1741007582 49669 0
1741007584 49383 0
1741007586 49288 0
1741007588 49305 0
1741007590 49146 0
1741007592 49122 0
1741007595 48972 0
1741007597 48922 0
1741007599 49019 0
1741007601 49120 0
1741007603 49121 0
1741007605 49062 0
1741007607 49170 0
1741007609 49185 0
1741007611 49369 0
1741007613 49560 0
1741007615 49913 0
1741007617 50502 0
1741007619 50825 0
1741007621 50995 0
1741007623 51221 0
1741007625 51275 0
1741007627 51253 0
1741007629 51215 0
1741007631 51223 0
1741007633 51030 0
1741007635 50958 0
1741007637 50926 0
1741007639 50815 0
1741007642 50687 0
1741007644 50762 0
1741007646 50721 0
1741007648 50348 0
1741007650 49954 0
1741007652 49602 0
1741007654 49387 0
1741007656 49156 0
1741007658 49122 0
1741007660 49178 0
1741007662 48980 0
1741007664 49263 0
1741007666 49209 0
1741007668 49330 0
1741007670 49091 0
1741007672 49121 0
1741007674 49590 0
1741007676 50113 0
1741007678 50545 0
1741007680 50843 0
1741007682 50836 0
1741007684 50792 0
1741007686 50869 0
1741007689 50726 0
1741007691 50639 0
1741007693 50633 0
1741007695 50521 0
1741007697 50405 0
1741007699 50379 0
1741007701 50489 0
1741007703 50491 0
1741007705 50518 0
1741007707 50610 0
1741007709 50816 0
1741007711 51009 0
1741007713 51359 0
1741007715 50735 0
1741007717 49947 0
1741007719 49525 0
1741007721 49268 0
1741007723 49228 0
1741007725 49024 0
1741007727 49056 0
1741007729 49139 0
1741007731 49002 0
1741007733 48855 0
1741007736 48696 0
1741007738 48821 0
1741007740 48952 0
1741007742 49445 0
1741007744 49694 0
1741007746 50159 0
1741007748 50539 0
1741007750 50769 0
1741007752 50779 0
1741007754 50808 0
1741007756 50804 0
1741007758 50701 0
1741007760 50582 0
1741007762 50469 0
1741007764 50499 0
1741007766 50720 0
1741007768 50835 0
1741007770 50807 0
1741007772 50772 0
1741007774 50951 0
1741007776 51124 0
1741007778 51519 0
1741007781 51853 0
1741007783 52117 0
1741007785 51133 0
1741007787 50466 0
1741007789 49980 0
1741007791 49626 0
1741007793 49405 0
1741007795 49240 0
1741007797 49226 0
1741007799 49112 0
1741007801 49351 0
1741007803 49243 0
1741007805 49052 0
1741007807 49135 0
1741007809 49080 0
1741007811 49147 0
1741007813 49334 0
1741007815 49337 0
1741007817 49482 0
1741007819 49691 0
1741007821 50241 0
1741007823 50711 0
1741007825 50953 0
1741007828 51320 0
1741007830 51304 0
1741007832 51137 0
1741007834 51087 0
1741007836 51119 0
1741007838 51063 0
1741007840 51000 0
1741007842 50941 0
1741007844 51041 0
1741007846 51165 0
1741007848 51106 0
1741007850 51036 0
1741007852 50660 0
1741007854 50258 0
1741007856 49898 0
1741007858 49704 0
1741007860 49625 0
1741007862 49563 0
1741007864 49427 0
1741007866 49326 0
1741007868 49193 0
1741007870 49134 0
1741007873 49073 0
1741007875 49161 0
1741007877 49354 0
1741007879 49423 0
1741007881 49450 0
1741007883 49493 0
1741007885 49733 0
1741007887 49970 0
1741007889 50432 0
1741007891 50858 0
1741007893 51212 0
1741007895 51391 0
1741007897 51525 0
1741007899 51611 0
1741007901 51542 0
1741007903 51461 0
1741007905 51293 0
1741007907 51438 0
1741007909 51319 0
1741007911 51245 0
1741007913 51263 0
1741007915 51287 0
1741007917 51310 0
1741007920 51346 0
1741007922 51071 0
1741007924 50638 0
1741007926 50455 0
1741007928 50121 0
1741007930 49932 0
1741007932 49789 0
1741007934 49661 0
1741007936 49514 0
1741007938 49600 0
1741007940 49504 0
1741007942 49531 0
1741007944 49594 0
1741007946 50033 0
1741007948 50678 0
1741007950 51236 0
1741007952 51536 0
1741007954 51559 0
1741007956 51629 0
1741007958 51591 0
1741007960 51924 0
1741007962 51801 0
1741007964 51781 0
1741007967 51715 0
1741007969 51628 0
1741007971 51555 0
1741007973 51599 0
1741007975 51655 0
1741007977 51705 0
1741007979 52149 0
1741007981 52858 0
1741007983 53453 0
1741007985 53821 0
1741007987 53683 0
1741007989 53134 0
1741007991 51897 0
1741007993 51084 0
1741007995 50611 0
1741007997 50315 0
1741007999 50038 0
1741008001 49925 0
1741008003 49924 0
1741008005 49936 0
1741008007 49979 0
1741008009 50005 0
1741008012 49964 0
1741008014 50351 0
1741008016 50840 0
1741008018 51280 0
1741008020 51490 0
1741008022 51613 0
1741008024 51682 0
1741008026 51708 0
1741008028 51826 0
1741008030 51884 0
1741008032 51784 0
1741008034 51745 0
1741008036 51663 0
1741008038 51665 0
1741008040 51933 0
1741008042 51915 0
1741008044 52145 0
1741008046 52571 0
1741008048 53068 0
1741008050 53766 0
1741008052 54081 0
1741008055 53912 0
1741008057 53576 0
1741008059 52593 0
1741008061 51676 0
1741008063 51024 0
1741008065 50697 0
1741008067 50737 0
1741008069 50607 0
1741008071 50319 0
1741008073 50063 0
1741008075 49814 0
1741008077 49708 0
1741008079 49637 0
1741008081 49690 0
1741008083 49728 0
1741008085 49771 0
1741008087 50009 0
1741008089 50090 0
1741008091 50351 0
1741008093 50683 0
1741008095 51252 0
1741008097 51593 0
1741008099 51995 0
1741008102 52128 0
1741008104 51929 0
1741008106 51856 0
1741008108 51675 0
1741008110 51643 0
1741008112 51476 0
1741008114 51445 0
1741008116 51459 0
1741008118 51386 0
1741008120 51406 0
1741008122 51363 0
1741008124 51416 0
1741008126 51436 0
1741008128 50950 0
1741008130 50558 0
1741008132 50160 0
1741008134 49984 0
1741008136 49901 0
1741008138 49725 0
1741008140 49774 0
1741008142 49920 0
1741008144 50165 0
1741008147 50317 0
1741008149 50288 0
1741008151 50152 0
1741008153 49963 0
1741008155 49990 0
1741008157 50041 0
1741008159 50052 0
1741008161 50438 0
1741008163 50886 0
1741008165 51422 0
1741008167 51675 0
1741008169 51515 0
1741008171 51516 0
1741008173 51473 0
1741008175 51461 0
1741008177 51501 0
1741008179 51435 0
1741008181 51375 0
1741008183 51332 0
1741008185 51231 0
1741008187 51317 0
1741008189 51488 0
1741008191 51460 0
1741008194 51401 0
1741008196 50890 0
1741008198 50346 0
1741008200 49941 0
1741008202 49661 0
1741008204 49570 0
1741008206 49504 0
1741008208 49551 0
1741008210 49255 0
1741008212 49171 0
1741008214 49160 0
1741008216 49159 0
1741008218 49167 0
1741008220 49276 0
1741008222 49519 0
1741008224 49795 0
1741008226 50352 0
1741008228 50676 0
1741008230 50798 0
1741008232 50854 0
1741008234 50835 0
1741008236 50799 0
1741008238 50838 0
1741008241 50988 0
1741008243 50896 0
1741008245 50761 0
1741008247 50901 0
1741008249 51018 0
1741008251 51118 0
1741008253 51071 0
1741008255 51404 0
1741008257 51682 0
1741008259 52118 0
1741008261 53239 0
1741008263 53367 0
1741008265 52071 0
1741008267 51315 0
1741008269 50401 0
1741008271 50068 0
1741008273 49761 0
1741008275 49559 0
1741008277 49456 0
1741008279 49359 0
1741008281 49374 0
1741008283 49177 0
1741008285 49190 0
1741008288 49282 0
1741008290 49563 0
1741008292 49936 0
1741008294 50319 0
1741008296 50723 0
1741008298 50888 0
1741008300 51131 0
1741008302 51214 0
1741008304 51180 0
1741008306 51226 0
1741008308 51317 0
1741008310 51297 0
1741008312 51324 0
1741008314 51042 0
1741008316 51233 0
1741008318 51167 0
1741008320 51074 0
1741008322 51211 0
1741008324 51319 0
1741008326 51667 0
1741008328 52316 0
1741008330 53182 0
1741008333 53057 0
1741008335 51790 0
1741008337 51128 0
1741008339 50510 0
1741008341 50201 0
1741008343 49917 0
1741008345 49501 0
1741008347 49268 0
1741008349 49123 0
1741008351 49051 0
1741008353 49079 0
1741008355 49217 0
1741008357 49110 0
1741008359 49053 0
1741008361 49096 0
1741008363 49045 0
1741008365 49103 0
1741008367 49472 0
1741008369 49915 0
1741008371 50486 0
1741008373 50800 0
1741008375 51116 0
1741008377 51109 0
1741008380 51185 0
1741008382 51183 0
1741008384 51201 0
1741008386 51032 0
1741008388 50965 0
1741008390 51014 0
1741008392 50976 0
1741008394 50877 0
1741008396 50926 0
1741008398 50964 0
1741008400 51178 0
1741008402 50594 0
1741008404 50213 0
1741008406 49864 0
1741008408 49587 0
1741008410 49523 0
1741008412 49469 0
1741008414 49325 0
1741008416 49404 0
1741008418 49363 0
1741008420 49305 0
1741008422 49224 0
1741008424 49164 0
1741008427 49150 0
1741008429 49234 0
1741008431 49249 0
1741008433 49141 0
1741008435 49251 0
1741008437 49536 0
1741008439 50061 0
1741008441 50670 0
1741008443 51057 0
1741008445 51144 0
1741008447 51327 0
1741008449 51331 0
1741008451 51359 0
1741008453 51428 0
1741008455 51417 0
1741008457 51441 0
1741008459 51422 0
1741008461 51667 0
1741008463 51684 0
1741008465 51718 0
1741008467 51752 0
1741008469 51560 0
1741008472 51099 0
1741008474 50850 0
1741008476 50879 0
1741008478 50623 0
1741008480 50376 0
1741008482 50054 0
1741008484 49897 0
1741008486 49577 0
1741008488 49503 0
1741008490 49611 0
1741008492 49674 0
1741008494 49769 0
1741008496 50084 0
1741008498 50728 0
1741008500 51220 0
1741008502 51368 0
1741008504 51309 0
1741008506 51350 0
1741008508 51260 0
1741008510 51177 0
1741008512 51202 0
1741008514 51146 0
1741008516 50985 0
1741008519 50962 0
1741008521 51141 0
1741008523 51015 0
1741008525 51005 0
1741008527 51116 0
1741008529 51003 0
1741008531 51380 0
1741008533 51700 0
1741008535 52429 0
1741008537 53001 0
1741008539 51963 0
1741008541 50945 0
1741008543 50312 0
1741008545 49922 0
1741008547 49704 0
1741008549 49714 0
1741008551 49488 0
1741008553 49447 0
1741008555 49547 0
1741008557 49390 0
1741008559 49368 0
1741008561 50154 0
1741008563 50512 0
1741008566 51016 0
1741008568 51409 0
1741008570 51538 0
1741008572 51530 0
1741008574 51643 0
1741008576 51588 0
1741008578 51515 0
1741008580 51400 0
1741008582 51386 0
1741008584 51373 0
1741008586 51319 0
1741008588 51281 0
1741008590 51377 0
1741008592 51379 0
1741008594 51382 0
1741008596 51311 0
1741008598 51538 0
1741008600 51827 0
1741008602 52601 0
1741008604 53262 0
1741008606 53169 0
1741008608 52060 0
1741008611 51207 0
1741008613 50567 0
1741008615 50203 0
1741008617 49902 0
1741008619 49742 0
1741008621 49543 0
1741008623 49696 0
1741008625 49583 0
1741008627 49580 0
1741008629 49346 0
1741008631 49397 0
1741008633 49422 0
1741008635 49374 0
1741008637 49387 0
1741008639 49387 0
1741008641 49838 0
1741008643 50240 0
1741008645 50721 0
1741008647 50979 0
1741008649 51226 0
1741008651 51217 0
1741008653 51238 0
1741008656 51214 0
1741008658 51335 0
1741008660 51281 0
1741008662 51216 0
1741008664 51244 0
1741008666 51155 0
1741008668 51214 0
1741008670 51283 0
1741008672 51324 0
1741008674 51482 0
1741008676 51046 0
1741008678 50662 0
1741008680 50309 0
1741008682 50191 0
1741008684 50051 0
1741008686 49870 0
1741008688 49811 0
1741008690 49715 0
1741008692 49672 0
1741008694 49639 0
1741008696 49660 0
1741008698 49581 0
1741008700 49935 0
1741008703 49787 0
1741008705 49856 0
1741008707 49944 0
1741008709 50130 0
1741008711 50515 0
1741008713 51142 0
1741008715 51579 0
1741008717 51667 0
1741008719 51751 0
1741008721 51825 0
1741008723 51795 0
1741008725 51669 0
1741008727 51696 0
1741008729 51805 0
1741008731 51607 0
1741008733 51661 0
1741008735 51786 0
1741008737 51726 0
1741008739 51719 0
1741008741 51651 0
1741008743 51753 0
1741008745 51165 0
1741008747 50983 0
1741008750 50655 0
1741008752 50522 0
1741008754 50313 0
1741008756 50260 0
1741008758 50174 0
1741008760 50115 0
1741008762 50134 0
1741008764 50251 0
1741008766 50398 0
1741008768 50725 0
1741008770 51183 0
1741008772 51682 0
1741008774 52130 0
1741008776 52038 0
1741008778 52063 0
1741008780 52164 0
1741008782 52199 0
1741008784 52061 0
1741008786 52043 0
1741008788 52261 0
1741008790 52273 0
1741008792 52339 0
1741008795 52631 0
1741008797 52861 0
1741008799 53201 0
1741008801 54041 0
1741008803 54549 0
1741008805 54415 0
1741008807 54439 0
1741008809 54008 0
1741008811 53891 0
1741008813 53493 0
1741008815 53069 0
1741008817 52421 0
1741008819 51978 0
1741008821 51905 0
1741008823 51720 0
1741008825 51434 0
1741008827 51322 0
1741008829 51120 0
1741008831 51009 0
1741008833 51080 0
1741008835 51305 0
1741008837 51694 0
1741008839 52273 0
1741008842 52553 0
1741008844 52579 0
1741008846 52697 0
1741008848 52974 0
1741008850 53073 0
1741008852 52843 0
1741008854 52704 0
1741008856 52795 0
1741008858 52836 0
1741008860 53542 0
1741008862 53672 0
1741008864 53797 0
1741008866 54145 0
1741008868 54534 0
1741008870 54878 0
1741008872 54655 0
1741008874 54559 0
1741008876 54461 0
1741008878 54061 0
1741008880 54093 0
1741008882 53593 0
1741008884 52895 0
1741008887 52390 0
1741008889 51861 0
1741008891 51660 0
1741008893 51486 0
1741008895 51404 0
1741008897 51272 0
1741008899 51318 0
1741008901 51212 0
1741008903 51360 0
1741008905 51455 0
1741008907 52166 0
1741008909 52605 0
1741008911 52899 0
1741008913 53064 0
1741008915 53228 0
1741008917 53273 0
1741008919 53341 0
1741008921 53326 0
1741008923 53346 0
1741008925 53241 0
1741008927 53538 0
1741008929 53537 0
1741008932 53569 0
1741008934 53530 0
1741008936 53589 0
1741008938 53556 0
1741008940 53734 0
1741008942 54324 0
1741008944 54908 0
1741008946 55541 0
1741008948 55612 0
1741008950 55126 0
1741008952 53918 0
1741008954 53086 0
1741008956 52598 0
1741008958 52247 0
1741008960 51956 0
1741008962 51940 0
1741008964 51820 0
1741008966 51767 0
1741008968 51867 0
1741008970 51794 0
1741008972 51836 0
1741008974 52017 0
1741008977 52306 0
1741008979 52872 0
1741008981 53104 0
1741008983 53381 0
1741008985 53322 0
1741008987 53331 0
1741008989 53318 0
1741008991 53318 0
1741008993 53934 0
1741008995 53847 0
1741008997 53603 0
1741008999 53569 0
1741009001 53611 0
1741009003 53480 0
1741009005 53597 0
1741009007 53724 0
1741009009 53877 0
1741009011 54010 0
1741009013 54288 0
1741009015 55100 0
1741009017 55467 0
1741009019 54864 0
1741009022 54300 0
1741009024 53836 0
1741009026 53317 0
1741009028 52972 0
1741009030 52703 0
1741009032 52765 0
1741009034 52869 0
1741009036 53185 0
1741009038 53496 0
1741009040 53768 0
1741009042 53806 0
1741009044 53929 0
1741009046 53963 0
1741009048 53990 0
1741009050 53861 0
1741009052 53827 0
1741009054 53995 0
1741009056 53958 0
1741009058 53904 0
1741009060 54192 0
1741009062 54405 0
1741009064 54461 0
1741009066 54655 0
1741009069 55273 0
1741009071 55819 0
1741009073 55687 0
1741009075 55474 0
1741009077 55243 0
1741009079 54882 0
1741009081 54799 0
1741009083 54584 0
1741009085 54396 0
1741009087 54322 0
1741009089 53812 0
1741009091 53222 0
1741009093 52878 0
1741009095 52621 0
1741009097 52528 0
1741009099 52655 0
1741009101 53105 0
1741009103 53773 0
1741009105 54182 0
1741009107 54227 0
1741009109 54281 0
1741009111 54319 0
1741009113 54261 0
1741009116 54149 0
1741009118 54272 0
1741009120 54246 0
1741009122 54369 0
1741009124 54416 0
1741009126 54357 0
1741009128 54455 0
1741009130 54563 0
1741009132 55110 0
1741009134 55849 0
1741009136 56195 0
1741009138 56187 0
1741009140 55973 0
1741009142 55612 0
1741009144 55278 0
1741009146 55091 0
1741009148 54983 0
1741009150 54530 0
1741009152 54309 0
1741009154 54121 0
1741009156 53932 0
1741009158 53398 0
1741009160 53667 0
1741009163 53294 0
1741009165 52843 0
1741009167 52728 0
1741009169 52440 0
1741009171 52272 0
1741009173 52187 0
1741009175 52131 0
1741009177 52302 0
1741009179 52483 0
1741009181 52836 0
1741009183 53588 0
1741009185 53916 0
1741009187 53985 0
1741009189 54120 0
1741009191 54065 0
1741009193 54034 0
1741009195 53988 0
1741009197 53998 0
1741009199 53976 0
1741009201 53941 0
1741009203 53976 0
1741009205 54119 0
1741009208 54447 0
1741009210 54772 0
1741009212 55142 0
1741009214 55925 0
1741009216 56379 0
1741009218 56136 0
1741009220 56067 0
1741009222 55863 0
1741009224 55586 0
1741009226 54729 0
1741009228 54036 0
1741009230 53388 0
1741009232 53041 0
1741009234 52812 0
1741009236 52701 0
1741009238 52595 0
1741009240 52841 0
1741009242 52914 0
1741009244 53112 0
1741009246 53515 0
1741009248 53914 0
1741009251 54300 0
1741009253 54464 0
1741009255 54401 0
1741009257 54360 0
1741009259 54248 0
1741009261 54273 0
1741009263 54351 0
1741009265 54415 0
1741009267 54366 0
1741009269 54451 0
1741009271 54376 0
1741009273 54387 0
1741009275 54478 0
1741009277 54600 0
1741009279 54764 0
1741009281 55018 0
1741009283 55776 0
1741009285 56281 0
1741009287 56308 0
1741009289 56143 0
1741009292 55732 0
1741009294 55271 0
1741009296 54560 0
1741009298 53911 0
1741009300 53622 0
1741009302 53508 0
1741009304 53456 0
1741009306 53579 0
1741009308 53843 0
1741009310 54209 0
1741009312 54265 0
1741009314 54224 0
1741009316 54110 0
1741009318 54000 0
1741009320 53987 0
1741009322 53862 0
1741009324 53689 0
1741009326 53706 0
1741009328 53881 0
1741009330 53826 0
1741009332 53819 0
1741009334 53902 0
1741009336 54070 0
1741009339 54252 0
1741009341 54810 0
1741009343 55294 0
1741009345 55762 0
1741009347 55739 0
1741009349 55370 0
1741009351 55239 0
1741009353 55073 0
1741009355 54755 0
1741009357 54406 0
1741009359 54358 0
1741009361 54165 0
1741009363 53619 0
1741009365 53079 0
1741009367 52826 0
1741009369 52697 0
1741009371 52381 0
1741009373 52292 0
1741009375 52295 0
1741009377 52507 0
1741009379 52878 0
1741009381 53332 0
1741009383 53476 0
1741009386 53702 0
1741009388 53846 0
1741009390 53851 0
1741009392 53726 0
1741009394 53597 0
1741009396 53613 0
1741009398 53525 0
1741009400 53496 0
1741009402 53433 0
1741009404 53430 0
1741009406 53614 0
1741009408 53890 0
1741009410 54094 0
1741009412 54851 0
1741009414 55559 0
1741009416 55542 0
1741009418 55397 0
1741009420 55478 0
1741009422 55017 0
1741009424 54678 0
1741009426 54488 0
1741009428 54230 0
1741009431 54141 0
1741009433 53544 0
1741009435 53078 0
1741009437 52825 0
1741009439 52773 0
1741009441 52633 0
1741009443 52581 0
1741009445 52698 0
1741009447 52761 0
1741009449 52837 0
1741009451 52677 0
1741009453 52498 0
1741009455 53087 0
1741009457 53399 0
1741009459 53605 0
1741009461 54139 0
1741009463 54177 0
1741009465 54040 0
1741009467 53890 0
1741009469 53804 0
1741009471 53787 0
1741009473 53801 0
1741009475 53760 0
1741009478 53681 0
1741009480 53598 0
1741009482 53819 0
1741009484 53875 0
1741009486 53986 0
1741009488 54043 0
1741009490 54476 0
1741009492 55129 0
1741009494 55982 0
1741009496 55704 0
1741009498 55533 0
1741009500 54698 0
1741009502 53865 0
1741009504 53144 0
1741009506 52577 0
1741009508 52265 0
1741009510 51903 0
1741009512 51554 0
1741009514 51505 0
1741009516 51519 0
1741009518 51449 0
1741009520 51411 0
1741009522 51372 0
1741009525 51462 0
1741009527 51764 0
1741009529 52156 0
1741009531 52710 0
1741009533 52916 0
1741009535 53012 0
1741009537 53154 0
1741009539 53227 0
1741009541 53185 0
1741009543 52781 0
1741009545 52510 0
1741009547 52458 0
1741009549 52371 0
1741009551 52313 0
1741009553 52275 0
1741009555 52272 0
1741009557 52146 0
1741009559 52208 0
1741009561 52263 0
1741009563 52333 0
1741009565 52495 0
1741009567 52621 0
1741009570 51962 0
1741009572 51372 0
1741009574 50925 0
1741009576 50772 0
1741009578 50550 0
1741009580 50459 0
1741009582 50328 0
1741009584 50221 0
1741009586 50159 0
1741009588 50425 0
1741009590 50653 0
1741009592 51085 0
1741009594 51724 0
1741009596 52301 0
1741009598 52179 0
1741009600 52497 0
1741009602 52555 0
1741009604 52497 0
1741009606 52337 0
1741009608 52265 0
1741009610 52203 0
1741009612 52048 0
1741009614 51914 0
1741009617 51928 0
1741009619 52017 0
1741009621 52135 0
1741009623 52150 0
1741009625 52416 0
1741009627 52969 0
1741009629 53839 0
1741009631 54132 0
1741009633 53910 0
1741009635 53717 0
1741009637 53010 0
1741009639 52127 0
1741009641 51446 0
1741009643 51053 0
1741009645 50907 0
1741009647 50774 0
1741009649 51225 0
1741009651 50960 0
1741009653 50835 0
1741009655 50714 0
1741009657 50877 0
1741009659 50986 0
1741009662 51659 0
1741009664 52181 0
1741009666 52191 0
1741009668 52156 0
1741009670 52099 0
1741009672 52093 0
1741009674 52042 0
1741009676 51967 0
1741009678 51799 0
1741009680 51816 0
1741009682 51650 0
1741009684 51469 0
1741009686 51548 0
1741009688 51644 0
1741009690 51665 0
1741009692 51776 0
1741009694 52199 0
1741009696 52730 0
1741009698 53271 0
1741009700 53827 0
1741009703 53793 0
1741009705 53468 0
1741009707 52522 0
1741009709 51825 0
1741009711 51147 0
1741009713 50749 0
1741009715 50367 0
1741009717 50270 0
1741009719 50149 0
1741009721 50153 0
1741009723 50009 0
1741009725 49974 0
1741009727 49867 0
1741009729 49693 0
1741009731 49513 0
1741009733 49589 0
1741009735 49644 0
1741009737 49715 0
1741009739 49905 0
1741009741 50100 0
1741009743 50613 0
1741009745 51007 0
1741009747 51164 0
1741009750 51315 0
1741009752 51366 0
1741009754 51149 0
1741009756 51347 0
1741009758 51351 0
1741009760 52135 0
1741009762 51872 0
1741009764 51711 0
1741009766 51401 0
1741009768 51354 0
1741009770 51262 0
1741009772 51196 0
1741009774 50952 0
1741009776 50458 0
1741009778 50033 0
1741009780 49991 0
1741009782 49897 0
1741009784 49585 0
1741009786 49348 0
1741009788 49348 0
1741009790 49281 0
1741009792 49363 0
1741009795 49332 0
1741009797 49243 0
1741009799 49181 0
1741009801 49125 0
1741009803 49159 0
1741009805 49274 0
1741009807 49455 0
1741009809 49666 0
1741009811 49940 0
1741009813 50428 0
1741009815 50840 0
1741009817 51066 0
1741009819 51528 0
1741009821 51360 0
1741009823 51288 0
1741009825 51181 0
1741009827 51201 0
1741009829 51019 0
1741009831 51007 0
1741009833 51061 0
1741009835 50949 0
1741009837 50870 0
1741009839 50848 0
1741009842 51173 0
1741009844 50627 0
1741009846 50076 0
1741009848 49774 0
1741009850 49640 0
1741009852 49405 0
1741009854 49410 0
1741009856 49586 0
1741009858 49816 0
1741009860 49636 0
1741009862 49546 0
1741009864 49594 0
1741009866 49696 0
1741009868 50026 0
1741009870 50476 0
1741009872 51001 0
1741009874 51213 0
1741009876 51313 0
1741009878 51304 0
1741009880 51278 0
1741009882 51309 0
1741009884 51184 0
1741009886 51149 0
1741009889 51498 0
1741009891 51466 0
1741009893 51276 0
1741009895 51266 0
1741009897 51181 0
1741009899 51188 0
1741009901 51566 0
1741009903 51755 0
1741009905 52333 0
1741009907 53017 0
1741009909 53619 0
1741009911 53106 0
1741009913 51848 0
1741009915 51095 0
1741009917 50489 0
1741009919 49993 0
1741009921 49661 0
1741009923 49648 0
1741009925 49545 0
1741009927 49540 0
1741009929 49567 0
1741009931 49321 0
1741009934 49210 0
1741009936 49470 0
1741009938 49739 0
1741009940 50579 0
1741009942 50936 0
1741009944 51293 0
1741009946 51392 0
1741009948 51311 0
1741009950 51291 0
1741009952 51218 0
1741009954 51216 0
1741009956 51217 0
1741009958 51325 0
1741009960 51314 0
1741009962 51404 0
1741009964 51661 0
1741009966 51555 0
1741009968 51612 0
1741009970 51638 0
1741009972 51818 0
1741009974 52194 0
1741009976 52693 0
1741009978 53163 0
1741009981 52170 0
1741009983 50917 0
1741009985 50305 0
1741009987 49911 0
1741009989 49631 0
1741009991 49395 0
1741009993 49204 0
1741009995 49056 0
1741009997 48886 0
1741009999 48876 0
1741010001 48836 0
1741010003 48765 0
1741010005 48789 0
1741010007 48763 0
1741010009 48694 0
1741010011 48799 0
1741010013 48847 0
1741010015 48881 0
1741010017 49004 0
1741010019 49330 0
1741010021 49948 0
1741010023 50249 0
1741010025 50471 0
1741010028 50466 0
1741010030 50672 0
1741010032 50806 0
1741010034 50618 0
1741010036 50502 0
1741010038 50454 0
1741010040 50330 0
1741010042 50208 0
1741010044 50175 0
1741010046 50121 0
1741010048 50008 0
1741010050 49473 0
1741010052 48937 0
1741010054 48697 0
1741010056 48789 0
1741010058 48520 0
1741010060 49056 0
1741010062 48771 0
1741010064 48598 0
1741010066 48503 0
1741010068 48358 0
1741010070 48317 0
1741010073 48305 0
1741010075 48303 0
1741010077 48181 0
1741010079 48113 0
1741010081 48372 0
1741010083 48354 0
1741010085 48345 0
1741010087 48464 0
1741010089 48622 0
1741010091 49320 0
1741010093 49968 0
1741010095 50157 0
1741010097 50313 0
1741010099 50355 0
1741010101 50250 0
1741010103 50207 0
1741010105 50110 0
1741010107 50123 0
1741010109 50146 0
1741010111 50098 0
1741010113 50079 0
1741010115 50043 0
1741010117 49545 0
1741010120 48977 0
1741010122 48737 0
1741010124 48498 0
1741010126 48345 0
1741010128 48262 0
1741010130 48031 0
1741010132 47972 0
1741010134 48043 0
1741010136 48072 0
1741010138 48098 0
1741010140 48347 0
1741010142 48355 0
1741010144 48214 0
1741010146 48239 0
1741010148 48470 0
1741010150 48802 0
1741010152 49211 0
1741010154 49648 0
1741010156 49816 0
1741010158 49989 0
1741010160 49991 0
1741010162 49925 0
1741010164 49855 0
1741010167 49853 0
1741010169 49947 0
1741010171 49793 0
1741010173 49667 0
1741010175 49716 0
1741010177 49650 0
1741010179 49607 0
1741010181 49558 0
1741010183 49578 0
1741010185 49580 0
1741010187 48963 0
1741010189 48541 0
1741010191 48258 0
1741010193 48141 0
1741010195 47840 0
1741010197 47839 0
1741010199 47858 0
1741010201 47986 0
1741010203 47786 0
1741010205 47748 0
1741010207 47771 0
1741010209 47709 0
1741010211 47632 0
1741010214 47639 0
1741010216 47654 0
1741010218 47671 0
1741010220 48022 0
1741010222 48336 0
1741010224 48892 0
1741010226 49326 0
1741010228 49567 0
1741010230 49606 0
1741010232 49526 0
1741010234 49443 0
1741010236 49550 0
1741010238 49577 0
1741010240 49441 0
1741010242 49360 0
1741010244 49284 0
1741010246 49286 0
1741010248 49397 0
1741010250 49465 0
1741010252 49449 0
1741010254 49132 0
1741010256 48502 0
1741010259 48119 0
1741010261 48143 0
1741010263 47949 0
1741010265 47741 0
1741010267 47688 0
1741010269 47737 0
1741010271 47733 0
1741010273 47662 0
1741010275 47586 0
1741010277 47471 0
1741010279 47404 0
1741010281 47372 0
1741010283 47463 0
1741010285 47444 0
1741010287 47559 0
1741010289 47586 0
1741010291 47577 0
1741010293 47586 0
1741010295 47771 0
1741010297 47917 0
1741010299 48204 0
1741010301 48701 0
1741010303 49270 0
1741010306 49514 0
1741010308 49670 0
1741010310 49648 0
1741010312 49511 0
1741010314 49623 0
1741010316 49508 0
1741010318 49265 0
1741010320 49448 0
1741010322 49442 0
1741010324 48756 0
1741010326 48258 0
1741010328 47817 0
1741010330 47910 0
1741010332 47938 0
1741010334 47812 0
1741010336 47774 0
1741010338 47559 0
1741010340 47570 0
1741010342 47518 0
1741010344 47471 0
1741010346 47615 0
1741010348 47774 0
1741010350 47754 0
1741010353 47664 0
1741010355 47955 0
1741010357 47944 0
1741010359 47859 0
1741010361 48498 0
1741010363 48407 0
1741010365 48457 0
1741010367 48762 0
1741010369 49163 0
1741010371 49495 0
1741010373 49480 0
1741010375 49600 0
1741010377 49519 0
1741010379 49580 0
1741010381 49662 0
1741010383 49478 0
1741010385 49447 0
1741010387 49547 0
1741010389 49558 0
1741010391 49268 0
1741010393 48613 0
1741010395 48258 0
1741010398 47898 0
1741010400 47586 0
1741010402 47509 0
1741010404 47432 0
1741010406 47301 0
1741010408 47411 0
1741010410 47577 0
1741010412 47545 0
1741010414 47632 0
1741010416 47675 0
1741010418 47641 0
1741010420 47703 0
1741010422 47885 0
1741010424 47922 0
1741010426 48043 0
1741010428 48408 0
1741010430 49048 0
1741010432 49256 0
1741010434 49457 0
1741010436 49481 0
1741010438 49425 0
1741010440 49661 0
1741010442 49692 0
1741010445 49607 0
1741010447 49580 0
1741010449 49636 0
1741010451 49641 0
1741010453 49510 0
1741010455 49456 0
1741010457 49484 0
1741010459 49453 0
1741010461 49047 0
1741010463 48601 0
1741010465 48192 0
1741010467 47953 0
1741010469 47885 0
1741010471 47701 0
1741010473 47656 0
1741010475 47579 0
1741010477 47568 0
1741010479 47613 0
1741010481 47587 0
1741010483 47710 0
1741010485 47717 0
1741010487 47820 0
1741010489 47888 0
1741010492 47955 0
1741010494 48124 0
1741010496 48502 0
1741010498 48950 0
1741010500 49446 0
1741010502 49636 0
1741010504 49705 0
1741010506 49739 0
1741010508 49622 0
1741010510 49551 0
1741010512 49489 0
1741010514 49443 0
1741010516 49457 0
1741010518 49388 0
1741010520 49269 0
1741010522 49109 0
1741010524 49121 0
1741010526 49234 0
1741010528 49487 0
1741010530 48723 0
1741010532 48117 0
1741010534 47913 0
1741010536 47662 0
1741010539 47440 0
1741010541 47292 0
1741010543 47199 0
1741010545 47201 0
1741010547 47286 0
1741010549 47289 0
1741010551 47253 0
1741010553 47296 0
1741010555 47157 0
1741010557 47029 0
1741010559 47188 0
1741010561 47310 0
1741010563 47301 0
1741010565 47349 0
1741010567 47272 0
1741010569 47445 0
1741010571 47507 0
1741010573 47594 0
1741010575 47921 0
1741010577 48415 0
1741010579 48948 0
1741010581 49325 0
1741010584 49290 0
1741010586 49328 0
1741010588 49453 0
1741010590 49408 0
1741010592 49308 0
1741010594 49306 0
1741010596 49295 0
1741010598 48888 0
1741010600 48477 0
1741010602 48003 0
1741010604 47813 0
1741010606 47592 0
1741010608 47567 0
1741010610 47275 0
1741010612 47265 0
1741010614 47195 0
1741010616 47225 0
1741010618 47284 0
1741010620 47508 0
1741010622 47420 0
1741010624 47230 0
1741010626 47128 0
1741010628 47108 0
1741010631 47143 0
1741010633 47241 0
1741010635 47185 0
1741010637 47096 0
1741010639 47078 0
1741010641 47075 0
1741010643 47373 0
1741010645 47461 0
1741010647 48009 0
1741010649 48629 0
1741010651 48918 0
1741010653 49050 0
1741010655 49873 0
1741010657 49562 0
1741010659 49315 0
1741010661 49920 0
1741010663 49631 0
1741010665 49364 0
1741010667 48751 0
1741010669 48059 0
1741010671 47616 0
1741010673 47446 0
1741010676 47365 0
1741010678 47322 0
1741010680 47314 0
1741010682 47174 0
1741010684 47203 0
1741010686 47185 0
1741010688 47174 0
1741010690 47131 0
1741010692 47071 0
1741010694 47091 0
1741010696 47122 0
1741010698 47215 0
1741010700 47261 0
1741010702 47627 0
1741010704 48131 0
1741010706 48576 0
1741010708 49092 0
1741010710 49269 0
1741010712 49166 0
1741010714 49165 0
1741010716 49122 0
1741010718 49096 0
1741010720 49030 0
1741010723 48840 0
1741010725 48861 0
1741010727 48918 0
1741010729 48894 0
1741010731 48858 0
1741010733 48873 0
1741010735 48889 0
1741010737 48115 0
1741010739 47821 0
1741010741 47938 0
1741010743 47641 0
1741010745 47399 0
1741010747 47265 0
1741010749 47284 0
1741010751 47199 0
1741010753 47149 0
1741010755 47001 0
1741010757 46994 0
1741010759 46944 0
1741010761 46958 0
1741010763 46859 0
1741010765 47043 0
1741010767 47130 0
1741010770 47457 0
1741010772 47758 0
1741010774 48237 0
1741010776 48954 0
1741010778 49133 0
1741010780 49066 0
1741010782 49104 0
1741010784 49117 0
1741010786 49200 0
1741010788 49202 0
1741010790 49124 0
1741010792 49152 0
1741010794 49069 0
1741010796 49034 0
1741010798 48914 0
1741010800 49049 0
1741010802 49220 0
1741010804 48670 0
1741010806 48169 0
1741010808 47708 0
1741010810 47615 0
1741010812 47507 0
1741010815 47398 0
1741010817 47306 0
1741010819 47146 0
1741010821 47157 0
1741010823 47166 0
1741010825 47024 0
1741010827 47292 0
1741010829 47492 0
1741010831 47346 0
1741010833 47469 0
1741010835 47395 0
1741010837 47353 0
1741010839 47398 0
1741010841 47351 0
1741010843 47285 0
1741010845 47348 0
1741010847 47588 0
1741010849 47799 0
1741010851 48312 0
1741010853 48874 0
1741010855 49139 0
1741010857 49209 0
1741010859 49182 0
1741010862 49275 0
1741010864 49517 0
1741010866 49438 0
1741010868 49375 0
1741010870 49336 0
1741010872 49228 0
1741010874 48541 0
1741010876 48098 0
1741010878 47829 0
1741010880 47608 0
1741010882 47371 0
1741010884 47313 0
1741010886 47200 0
1741010888 47355 0
1741010890 47289 0
1741010892 47286 0
1741010894 47409 0
1741010896 47394 0
1741010898 47391 0
1741010900 47317 0
1741010902 47408 0
1741010904 47398 0
1741010906 47328 0
1741010909 47133 0
1741010911 47204 0
1741010913 47312 0
1741010915 47476 0
1741010917 47664 0
1741010919 48136 0
1741010921 48779 0
1741010923 49162 0
1741010925 49292 0
1741010927 49400 0
1741010929 49232 0
1741010931 49128 0
1741010933 49110 0
1741010935 49080 0
1741010937 48838 0
1741010939 48823 0
1741010941 48284 0
1741010943 47803 0
1741010945 47345 0
1741010947 47249 0
1741010949 47361 0
1741010951 47287 0
1741010954 47158 0
1741010956 48179 0
1741010958 47754 0
1741010960 47488 0
1741010962 48192 0
1741010964 47816 0
1741010966 47456 0
1741010968 47349 0
1741010970 47167 0
1741010972 47152 0
1741010974 47254 0
1741010976 47375 0
1741010978 47683 0
1741010980 48167 0
1741010982 48743 0
1741010984 48889 0
1741010986 48938 0
1741010988 48971 0
1741010990 48877 0
1741010992 48904 0
1741010994 48959 0
1741010996 48909 0
1741010998 48918 0
1741011001 48834 0
1741011003 48731 0
1741011005 48721 0
1741011007 48850 0
1741011009 48928 0
1741011011 48187 0
1741011013 47809 0
1741011015 47475 0
1741011017 47144 0
1741011019 47003 0
1741011021 47032 0
1741011023 46956 0
1741011025 46996 0
1741011027 47086 0
1741011029 47042 0
1741011031 47011 0
1741011033 47061 0
1741011035 47108 0
1741011037 46950 0
1741011039 47184 0
1741011041 47556 0
1741011043 47810 0
1741011046 48216 0
1741011048 48620 0
1741011050 49134 0
1741011052 49161 0
1741011054 49129 0
1741011056 49145 0
1741011058 49104 0
1741011060 49132 0
1741011062 49197 0
1741011064 49077 0
1741011066 48972 0
1741011068 48918 0
1741011070 48858 0
1741011072 48800 0
1741011074 48857 0
1741011076 48958 0
1741011078 48572 0
1741011080 48062 0
1741011082 47879 0
1741011084 47760 0
1741011086 47570 0
1741011088 47486 0
1741011091 47178 0
1741011093 47128 0
1741011095 47239 0
1741011097 47251 0
1741011099 47079 0
1741011101 47328 0
1741011103 47474 0
1741011105 47443 0
1741011107 47434 0
1741011109 47250 0
1741011111 47306 0
1741011113 47374 0
1741011115 47296 0
1741011117 47354 0
1741011119 47389 0
1741011121 47513 0
1741011123 47806 0
1741011125 48296 0
1741011127 48959 0
1741011129 49367 0
1741011131 49502 0
1741011133 49513 0
1741011135 49550 0
1741011138 49451 0
1741011140 49327 0
1741011142 49321 0
1741011144 49248 0
1741011146 49185 0
1741011148 48731 0
1741011150 48206 0
1741011152 47756 0
1741011154 47737 0
1741011156 47534 0
1741011158 47371 0
1741011160 47281 0
1741011162 47352 0
1741011164 47313 0
1741011166 47355 0
1741011168 47332 0
1741011170 47229 0
1741011172 47216 0
1741011174 47233 0
1741011176 47223 0
1741011178 47209 0
1741011180 47201 0
1741011182 47246 0
1741011185 47281 0
1741011187 47366 0
1741011189 47495 0
1741011191 47621 0
1741011193 47818 0
1741011195 48270 0
1741011197 48830 0
1741011199 49386 0
1741011201 49371 0
1741011203 49359 0
1741011205 49293 0
1741011207 49300 0
1741011209 49072 0
1741011211 49039 0
1741011213 49099 0
1741011215 48849 0
1741011217 48331 0
1741011219 47830 0
1741011221 47580 0
1741011223 47351 0
1741011225 47177 0
1741011227 47132 0
1741011229 47106 0
1741011232 46950 0
1741011234 46981 0
1741011236 46979 0
1741011238 46852 0
1741011240 46831 0
1741011242 46937 0
1741011244 47035 0
1741011246 47022 0
1741011248 47091 0
1741011250 47257 0
1741011252 47481 0
1741011254 47994 0
1741011256 49436 0
1741011258 49322 0
1741011260 50770 0
1741011262 50139 0
1741011264 49687 0
1741011266 49497 0
1741011268 49297 0
1741011271 49132 0
1741011273 48916 0
1741011275 48917 0
1741011277 49004 0
1741011279 49074 0
1741011281 49313 0
1741011283 49198 0
1741011285 48771 0
1741011287 48056 0
1741011289 47747 0
1741011291 47506 0
1741011293 47379 0
1741011295 47398 0
1741011297 47286 0
1741011299 47147 0
1741011301 47102 0
1741011303 47142 0
1741011305 47203 0
1741011307 47380 0
1741011309 47557 0
1741011311 47622 0
1741011313 47418 0
1741011315 47526 0
1741011318 47649 0
1741011320 47960 0
1741011322 48475 0
1741011324 48999 0
1741011326 49165 0
1741011328 49322 0
1741011330 49255 0
1741011332 49262 0
1741011334 49236 0
1741011336 49106 0
1741011338 49026 0
1741011340 49113 0
1741011342 49274 0
1741011344 49120 0
1741011346 48986 0
1741011348 49146 0
1741011350 49206 0
1741011352 49234 0
1741011354 48486 0
1741011356 47918 0
1741011358 47549 0
1741011360 47423 0
1741011363 47343 0
1741011365 47249 0
1741011367 47288 0
1741011369 47493 0
1741011371 47517 0
1741011373 47468 0
1741011375 47397 0
1741011377 47247 0
1741011379 47220 0
1741011381 47121 0
1741011383 47099 0
1741011385 47044 0
1741011387 47200 0
1741011389 47223 0
1741011391 47241 0
1741011393 47233 0
1741011395 47283 0
1741011397 47473 0
1741011399 47938 0
1741011401 48714 0
1741011403 49038 0
1741011405 49257 0
1741011407 49287 0
1741011410 49472 0
1741011412 49463 0
1741011414 49568 0
1741011416 49667 0
1741011418 49596 0
1741011420 49544 0
1741011422 48943 0
1741011424 48238 0
1741011426 47619 0
1741011428 47463 0
1741011430 47444 0
1741011432 47307 0
1741011434 47138 0
1741011436 47129 0
1741011438 47059 0
1741011440 47111 0
1741011442 47043 0
1741011444 46927 0
1741011446 46800 0
1741011448 46830 0
1741011450 46858 0
1741011452 46968 0
1741011455 47062 0
1741011457 47095 0
1741011459 47224 0
1741011461 47447 0
1741011463 47270 0
1741011465 47254 0
1741011467 47524 0
1741011469 47733 0
1741011471 48191 0
1741011473 48765 0
1741011475 49077 0
1741011477 49079 0
1741011479 49214 0
1741011481 49137 0
1741011483 49034 0
1741011485 48777 0
1741011487 48891 0
1741011489 48879 0
1741011491 48195 0
1741011493 47786 0
1741011495 47524 0
1741011497 47290 0
1741011499 47199 0
1741011502 47295 0
1741011504 47163 0
1741011506 47042 0
1741011508 47055 0
1741011510 46997 0
1741011512 46922 0
1741011514 46911 0
1741011516 46815 0
1741011518 46816 0
1741011520 47054 0
1741011522 47080 0
1741011524 47168 0
1741011526 47568 0
1741011528 47901 0
1741011530 48433 0
1741011532 48880 0
1741011534 49012 0
1741011536 49255 0
1741011538 49278 0
1741011540 49257 0
1741011542 49034 0
1741011544 48980 0
1741011546 49014 0
1741011549 49262 0
1741011551 49053 0
1741011553 48977 0
1741011555 50154 0
1741011557 49877 0
1741011559 49385 0
1741011561 49889 0
1741011563 48973 0
1741011565 48405 0
1741011567 48062 0
1741011569 47768 0
1741011571 47574 0
1741011573 47490 0
1741011575 47305 0
1741011577 47193 0
1741011579 47199 0
1741011581 47209 0
1741011583 47139 0
1741011585 47100 0
1741011587 47119 0
1741011589 47400 0
1741011591 47544 0
1741011594 47803 0
1741011596 48063 0
1741011598 48659 0
1741011600 49020 0
1741011602 49166 0
1741011604 49120 0
1741011606 49124 0
1741011608 49058 0
1741011610 49053 0
1741011612 49067 0
1741011614 48919 0
1741011616 48837 0
1741011618 48827 0
1741011620 48718 0
1741011622 48525 0
1741011624 48572 0
1741011626 48547 0
1741011628 48033 0
1741011630 47680 0
1741011632 47332 0
1741011634 47294 0
1741011636 47198 0
1741011638 47063 0
1741011641 47174 0
1741011643 47056 0
1741011645 47034 0
1741011647 46996 0
1741011649 47003 0
1741011651 46970 0
1741011653 46909 0
1741011655 46967 0
1741011657 46905 0
1741011659 47028 0
1741011661 46962 0
1741011663 46887 0
1741011665 46925 0
1741011667 47018 0
1741011669 47227 0
1741011671 47224 0
1741011673 47435 0
1741011675 47763 0
1741011677 48176 0
1741011679 48701 0
1741011681 48882 0
1741011683 49076 0
1741011685 49178 0
1741011688 49106 0
1741011690 48981 0
1741011692 48936 0
1741011694 48856 0
1741011696 48789 0
1741011698 48119 0
1741011700 47750 0
1741011702 47552 0
1741011704 47399 0
1741011706 47266 0
1741011708 47077 0
1741011710 47018 0
1741011712 47004 0
1741011714 47050 0
1741011716 47093 0
1741011718 47056 0
1741011720 47092 0
1741011722 47111 0
1741011724 47025 0
1741011726 46971 0
1741011728 47121 0
1741011730 46899 0
1741011732 46907 0
1741011735 46903 0
1741011737 47044 0
1741011739 46971 0
1741011741 47067 0
1741011743 47273 0
1741011745 47563 0
1741011747 47948 0
1741011749 48577 0
1741011751 48793 0
1741011753 48856 0
1741011755 48899 0
1741011757 48802 0
1741011759 48771 0
1741011761 48846 0
1741011763 48717 0
1741011765 48305 0
1741011767 47650 0
1741011769 47311 0
1741011771 47087 0
1741011773 47015 0
1741011775 46877 0
1741011777 46858 0
1741011780 46789 0
1741011782 46649 0
1741011784 46546 0
1741011786 46588 0
1741011788 46726 0
1741011790 46707 0
1741011792 46663 0
1741011794 46645 0
1741011796 46812 0
1741011798 46724 0
1741011800 46778 0
1741011802 46998 0
1741011804 47367 0
1741011806 48054 0
1741011808 48487 0
1741011810 48680 0
1741011812 48700 0
1741011814 48791 0
1741011816 48867 0
1741011818 48935 0
1741011820 49013 0
1741011822 48821 0
1741011824 48794 0
1741011827 48708 0
1741011829 48587 0
1741011831 48551 0
1741011833 48490 0
1741011835 47823 0
1741011837 47497 0
1741011839 47185 0
1741011841 46988 0
1741011843 46840 0
1741011845 46736 0
1741011847 46775 0
1741011849 46850 0
1741011851 46648 0
1741011853 46623 0
1741011855 47868 0
1741011857 47355 0
1741011859 46982 0
1741011861 48062 0
1741011863 47747 0
1741011865 47551 0
1741011867 47573 0
1741011869 47532 0
1741011871 47909 0
1741011874 48423 0
1741011876 48687 0
1741011878 48755 0
1741011880 48791 0
1741011882 48858 0
1741011884 48914 0
1741011886 48714 0
1741011888 48611 0
1741011890 48521 0
1741011892 48444 0
1741011894 48498 0
1741011896 48385 0
1741011898 48439 0
1741011900 48416 0
1741011902 48128 0
1741011904 47542 0
1741011906 47189 0
1741011908 47191 0
1741011910 46978 0
1741011912 46851 0
1741011914 46862 0
1741011916 46746 0
1741011919 46612 0
1741011921 46610 0
1741011923 46746 0
1741011925 46598 0
1741011927 46674 0
1741011929 46589 0
1741011931 46578 0
1741011933 46480 0
1741011935 46467 0
1741011937 46397 0
1741011939 46508 0
1741011941 46674 0
1741011943 46578 0
1741011945 46553 0
1741011947 46816 0
1741011949 46942 0
1741011951 47260 0
1741011953 47743 0
1741011955 48215 0
1741011957 48618 0
1741011959 48721 0
1741011962 48752 0
1741011964 48641 0
1741011966 48650 0
1741011968 48641 0
1741011970 48679 0
1741011972 47823 0
1741011974 47209 0
1741011976 46878 0
1741011978 46746 0
1741011980 46659 0
1741011982 46537 0
1741011984 46645 0
1741011986 46552 0
1741011988 46557 0
1741011990 46421 0
1741011992 46386 0
1741011994 46448 0
1741011996 46492 0
1741011998 46413 0
1741012000 46639 0
1741012002 46576 0
1741012005 46485 0
1741012007 46569 0
1741012009 46553 0
1741012011 46538 0
1741012013 46592 0
1741012015 46616 0
1741012017 46753 0
1741012019 46897 0
1741012021 47229 0
1741012023 47784 0
1741012025 48278 0
1741012027 48590 0
1741012029 48790 0
1741012031 48627 0
1741012033 48547 0
1741012035 48527 0
1741012037 48435 0
1741012039 48024 0
1741012041 47500 0
1741012043 47035 0
1741012045 46783 0
1741012047 46778 0
1741012050 46646 0
1741012052 46514 0
1741012054 46499 0
1741012056 46410 0
1741012058 46395 0
1741012060 46548 0
1741012062 46604 0
1741012064 46555 0
1741012066 46464 0
1741012068 46417 0
1741012070 46403 0
1741012072 46418 0
1741012074 46444 0
1741012076 46451 0
1741012078 46633 0
1741012080 46908 0
1741012082 47436 0
1741012084 48008 0
1741012086 48426 0
1741012088 48778 0
1741012090 48588 0
1741012092 48429 0
1741012094 48405 0
1741012097 48360 0
1741012099 48357 0
1741012101 48231 0
1741012103 48319 0
1741012105 48359 0
1741012107 48329 0
1741012109 47680 0
1741012111 47259 0
1741012113 47013 0
1741012115 46874 0
1741012117 46758 0
1741012119 46580 0
1741012121 46590 0
1741012123 46389 0
1741012125 46421 0
1741012127 46511 0
1741012129 46360 0
1741012131 46410 0
1741012133 46448 0
1741012135 46440 0
1741012137 46312 0
1741012139 46362 0
1741012141 46484 0
1741012144 46537 0
1741012146 46829 0
1741012148 47172 0
1741012150 47847 0
1741012152 48204 0
1741012154 48416 0
1741012156 49452 0
1741012158 49029 0
1741012160 49983 0
1741012162 49500 0
1741012164 49142 0
1741012166 48858 0
1741012168 48674 0
1741012170 48493 0
1741012172 48445 0
1741012174 48431 0
1741012176 48114 0
1741012178 47590 0
1741012180 47342 0
1741012182 46898 0
1741012184 46729 0
1741012186 46617 0
1741012189 46697 0
1741012191 46662 0
1741012193 46465 0
1741012195 46472 0
1741012197 46516 0
1741012199 46619 0
1741012201 46710 0
1741012203 46627 0
1741012205 46552 0
1741012207 46701 0
1741012209 46786 0
1741012211 46672 0
1741012213 46545 0
1741012215 46556 0
1741012217 46599 0
1741012219 46557 0
1741012221 46658 0
1741012223 46705 0
1741012225 46897 0
1741012227 47236 0
1741012229 47718 0
1741012231 48312 0
1741012233 48689 0
1741012236 48733 0
1741012238 48650 0
1741012240 48594 0
1741012242 48830 0
1741012244 48775 0
1741012246 48154 0
1741012248 47656 0
1741012250 47300 0
1741012252 46956 0
1741012254 46817 0
1741012256 46654 0
1741012258 46546 0
1741012260 46600 0
1741012262 46512 0
1741012264 46339 0
1741012266 46461 0
1741012268 46562 0
1741012270 46609 0
1741012272 46565 0
1741012274 46616 0
1741012276 46652 0
1741012278 46612 0
1741012281 46555 0
1741012283 46616 0
1741012285 46519 0
1741012287 46723 0
1741012289 46726 0
1741012291 46715 0
1741012293 46789 0
1741012295 47023 0
1741012297 47438 0
1741012299 47957 0
1741012301 48497 0
1741012303 48656 0
1741012305 48661 0
1741012307 48591 0
1741012309 48513 0
1741012311 48369 0
1741012313 48326 0
1741012315 47653 0
1741012317 47166 0
1741012319 46995 0
1741012321 46847 0
1741012323 46582 0
1741012326 46518 0
1741012328 46563 0
1741012330 46555 0
1741012332 46521 0
1741012334 46541 0
1741012336 46659 0
1741012338 46615 0
1741012340 46467 0
1741012342 46470 0
1741012344 46554 0
1741012346 46473 0
1741012348 46480 0
1741012350 46491 0
1741012352 46617 0
1741012354 46871 0
1741012356 47399 0
1741012358 48031 0
1741012360 48692 0
1741012362 48714 0
1741012364 48608 0
1741012366 48451 0
1741012368 48420 0
1741012370 48317 0
1741012373 48258 0
1741012375 48247 0
1741012377 48222 0
1741012379 48046 0
1741012381 47981 0
1741012383 47770 0
1741012385 47174 0
1741012387 46849 0
1741012389 46746 0
1741012391 46561 0
1741012393 46370 0
1741012395 46304 0
1741012397 46214 0
1741012399 46181 0
1741012401 46311 0
1741012403 46602 0
1741012405 46624 0
1741012407 46468 0
1741012409 46355 0
1741012411 46310 0
1741012413 46530 0
1741012415 46394 0
1741012418 46405 0
1741012420 46423 0
1741012422 46568 0
1741012424 46625 0
1741012426 47141 0
1741012428 47596 0
1741012430 48187 0
1741012432 48468 0
1741012434 48495 0
1741012436 48450 0
1741012438 48344 0
1741012440 48109 0
1741012442 48098 0
1741012444 48083 0
1741012446 48054 0
1741012448 48198 0
1741012450 48301 0
1741012452 47728 0
1741012454 47155 0
1741012456 47498 0
1741012458 47064 0
1741012460 47790 0
1741012462 47227 0
1741012465 46907 0
1741012467 46749 0
1741012469 46475 0
1741012471 46338 0
1741012473 46377 0
1741012475 46268 0
1741012477 46215 0
1741012479 46258 0
1741012481 46410 0
1741012483 46312 0
1741012485 46104 0
1741012487 46135 0
1741012489 46109 0
1741012491 46157 0
1741012493 46102 0
1741012495 46130 0
1741012497 46186 0
1741012499 46267 0
1741012501 46430 0
1741012503 46787 0
1741012505 47409 0
1741012507 48025 0
1741012510 48321 0
1741012512 48332 0
1741012514 48274 0
1741012516 48341 0
1741012518 48280 0
1741012520 48047 0
1741012522 47199 0
1741012524 46866 0
1741012526 46507 0
1741012528 46265 0
1741012530 46218 0
1741012532 46437 0
1741012534 46375 0
1741012536 46348 0
1741012538 46216 0
1741012540 46372 0
1741012542 46337 0
1741012544 46296 0
1741012546 46215 0
1741012548 46294 0
1741012550 46142 0
1741012552 46041 0
1741012554 46198 0
1741012556 46131 0
1741012559 46021 0
1741012561 46039 0
1741012563 46149 0
1741012565 46122 0
1741012567 46180 0
1741012569 46469 0
1741012571 46757 0
1741012573 47090 0
1741012575 47625 0
1741012577 47837 0
1741012579 48052 0
1741012581 48163 0
1741012583 48158 0
1741012585 48149 0
1741012587 48357 0
1741012589 47670 0
1741012591 47077 0
1741012593 46794 0
1741012595 46512 0
1741012597 46368 0
1741012600 46235 0
1741012602 46348 0
1741012604 46280 0
1741012606 46171 0
1741012608 46078 0
1741012610 46030 0
1741012612 46184 0
1741012614 46164 0
1741012616 46196 0
1741012618 46230 0
1741012620 46142 0
1741012622 46202 0
1741012624 46187 0
1741012626 46184 0
1741012628 46488 0
1741012630 46859 0
1741012632 47438 0
1741012634 47894 0
1741012636 48114 0
1741012638 48313 0
1741012640 48326 0
1741012642 48231 0
1741012645 48187 0
1741012647 48235 0
1741012649 48185 0
1741012651 48081 0
1741012653 47962 0
1741012655 47994 0
1741012657 47829 0
1741012659 47212 0
1741012661 46925 0
1741012663 46648 0
1741012665 46452 0
1741012667 46258 0
1741012669 46199 0
1741012671 46160 0
1741012673 46102 0
1741012675 46142 0
1741012677 46104 0
1741012679 46038 0
1741012681 45977 0
1741012683 46069 0
1741012685 45920 0
1741012687 46118 0
1741012689 46283 0
1741012692 46216 0
1741012694 46338 0
1741012696 46363 0
1741012698 46489 0
1741012700 46888 0
1741012702 47571 0
1741012704 48090 0
1741012706 48252 0
1741012708 48275 0
1741012710 48240 0
1741012712 48116 0
1741012714 48174 0
1741012716 48222 0
1741012718 48035 0
1741012720 48334 0
1741012722 48121 0
1741012724 48016 0
1741012726 47484 0
1741012728 47051 0
1741012730 46663 0
1741012732 46425 0
1741012734 46309 0
1741012736 46136 0
1741012739 46118 0
1741012741 46042 0
1741012743 46078 0
1741012745 46113 0
1741012747 46199 0
1741012749 46313 0
1741012751 46107 0
1741012753 46027 0
1741012755 46505 0
1741012757 46363 0
1741012759 46228 0
1741012761 46544 0
1741012763 46500 0
1741012765 46342 0
1741012767 46403 0
1741012769 46282 0
1741012771 46156 0
1741012773 46222 0
1741012775 46332 0
1741012777 46698 0
1741012779 47277 0
1741012781 47962 0
1741012783 48162 0
1741012786 48086 0
1741012788 48160 0
1741012790 48221 0
1741012792 48187 0
1741012794 48119 0
1741012796 47405 0
1741012798 46760 0
1741012800 46548 0
1741012802 46324 0
1741012804 46249 0
1741012806 46120 0
1741012808 46150 0
1741012810 46272 0
1741012812 46180 0
1741012814 46124 0
1741012816 46103 0
1741012818 46047 0
1741012820 46153 0
1741012822 46207 0
1741012824 46173 0
1741012826 46148 0
1741012828 46187 0
1741012831 46030 0
1741012833 46083 0
1741012835 46163 0
1741012837 46076 0
1741012839 46225 0
1741012841 46393 0
1741012843 46494 0
1741012845 46495 0
1741012847 46769 0
1741012849 47152 0
1741012851 47811 0
1741012853 48134 0
1741012855 48272 0
1741012857 48156 0
1741012859 48109 0
1741012861 48087 0
1741012863 47617 0
1741012865 46987 0
1741012867 46841 0
1741012869 46713 0
1741012871 46500 0
1741012873 46348 0
1741012875 46292 0
1741012878 46268 0
1741012880 46107 0
1741012882 46103 0
1741012884 46150 0
1741012886 45986 0
1741012888 46086 0
1741012890 46054 0
1741012892 46155 0
1741012894 46243 0
1741012896 46260 0
1741012898 46131 0
1741012900 46419 0
1741012902 46645 0
1741012904 46878 0
1741012906 47280 0
1741012908 47844 0
1741012910 48298 0
1741012912 48213 0
1741012914 48242 0
1741012916 48241 0
1741012918 48218 0
1741012920 48218 0
1741012922 48135 0
1741012925 48007 0
1741012927 48099 0
1741012929 48098 0
1741012931 47979 0
1741012933 47426 0
1741012935 47099 0
1741012937 46756 0
1741012939 46533 0
1741012941 46359 0
1741012943 46189 0
1741012945 46244 0
1741012947 46304 0
1741012949 46260 0
1741012951 46156 0
1741012953 46234 0
1741012955 46172 0
1741012957 46161 0
1741012959 46142 0
1741012961 46247 0
1741012963 46160 0
1741012965 46195 0
1741012967 46236 0
1741012970 46349 0
1741012972 46451 0
1741012974 46902 0
1741012976 47528 0
1741012978 47941 0
1741012980 48155 0
1741012982 48196 0
1741012984 48084 0
1741012986 48120 0
1741012988 48209 0
1741012990 48279 0
1741012992 48093 0
1741012994 47995 0
1741012996 47954 0
1741012998 47907 0
1741013000 47841 0
1741013002 47243 0
1741013004 46929 0
1741013006 46690 0
1741013008 46499 0
1741013010 46446 0
1741013012 46262 0
1741013014 46229 0
1741013017 46354 0
1741013019 46240 0
1741013021 46307 0
1741013023 46178 0
1741013025 46157 0
1741013027 46096 0
1741013029 46178 0
1741013031 46248 0
1741013033 46289 0
1741013035 46286 0
1741013037 46196 0
1741013039 46211 0
1741013041 46114 0
1741013043 46123 0
1741013045 46082 0
1741013047 46225 0
1741013049 46513 0
1741013051 46819 0
1741013053 47153 0
1741013055 47748 0
1741013057 48008 0
1741013059 48243 0
1741013061 48322 0
1741013064 48309 0
1741013066 48284 0
1741013068 48338 0
1741013070 47757 0
1741013072 47178 0
1741013074 46725 0
1741013076 46401 0
1741013078 46249 0
1741013080 46246 0
1741013082 46259 0
1741013084 46276 0
1741013086 46203 0
1741013088 46139 0
1741013090 46123 0
1741013092 46148 0
1741013094 46009 0
1741013096 46076 0
1741013098 46014 0
1741013100 46000 0
1741013102 46091 0
1741013104 46066 0
1741013106 46061 0
1741013108 46215 0
1741013111 46176 0
1741013113 46050 0
1741013115 46130 0
1741013117 46158 0
1741013119 46277 0
1741013121 46597 0
1741013123 47095 0
1741013125 47605 0
1741013127 48300 0
1741013129 48366 0
1741013131 48285 0
1741013133 48201 0
1741013135 48263 0
1741013137 48103 0
1741013139 47430 0
1741013141 47133 0
1741013143 46730 0
1741013145 46479 0
1741013147 46416 0
1741013149 46345 0
1741013151 46276 0
1741013154 46261 0
1741013156 46212 0
1741013158 46073 0
1741013160 46004 0
1741013162 46029 0
1741013164 46112 0
1741013166 46054 0
1741013168 46070 0
1741013170 46138 0
1741013172 46120 0
1741013174 46186 0
1741013176 46254 0
1741013178 46380 0
1741013180 46801 0
1741013182 47375 0
1741013184 48010 0
1741013186 48200 0
1741013188 48337 0
1741013190 48421 0
1741013192 48281 0
1741013194 48302 0
1741013196 48267 0
1741013198 48155 0
1741013201 48248 0
1741013203 48152 0
1741013205 47957 0
1741013207 47560 0
1741013209 47052 0
1741013211 46695 0
1741013213 46379 0
1741013215 46323 0
1741013217 46230 0
1741013219 46182 0
1741013221 46165 0
1741013223 46176 0
1741013225 46085 0
1741013227 46152 0
1741013229 46427 0
1741013231 46307 0
1741013233 46230 0
1741013235 46205 0
1741013237 46022 0
1741013239 46188 0
1741013241 46229 0
1741013243 46358 0
1741013246 46519 0
1741013248 46871 0
1741013250 47367 0
1741013252 47877 0
1741013254 48124 0
1741013256 48136 0
1741013258 48140 0
1741013260 48183 0
1741013262 48251 0
1741013264 48179 0
1741013266 48082 0
1741013268 48002 0
1741013270 48005 0
1741013272 48037 0
1741013274 47922 0
1741013276 47226 0
1741013278 46741 0
1741013280 46549 0
1741013282 46256 0
1741013284 46111 0
1741013286 46096 0
1741013288 46169 0
1741013290 46055 0
1741013293 46050 0
1741013295 46065 0
1741013297 46011 0
1741013299 46055 0
1741013301 45895 0
1741013303 46130 0
1741013305 46316 0
1741013307 46258 0
1741013309 46065 0
1741013311 46010 0
1741013313 46021 0
1741013315 46054 0
1741013317 46068 0
1741013319 46014 0
1741013321 46130 0
1741013323 46145 0
1741013325 46225 0
1741013327 46414 0
1741013329 46822 0
1741013331 47511 0
1741013333 47863 0
1741013335 48081 0
1741013338 48152 0
1741013340 48091 0
1741013342 48046 0
1741013344 47665 0
1741013346 46989 0
1741013348 46764 0
1741013350 46547 0
1741013352 46229 0
1741013354 46195 0
1741013356 46185 0
1741013358 46052 0
1741013360 46132 0
1741013362 46138 0
1741013364 46104 0
1741013366 46109 0
1741013368 46135 0
1741013370 46076 0
1741013372 46040 0
1741013374 46108 0
1741013376 46080 0
1741013378 46037 0
1741013380 46364 0
1741013382 46266 0
1741013385 46126 0
1741013387 46251 0
1741013389 46214 0
1741013391 46273 0
1741013393 46349 0
1741013395 46679 0
1741013397 46955 0
1741013399 47455 0
1741013401 47972 0
1741013403 48213 0
1741013405 48324 0
1741013407 48375 0
1741013409 48420 0
1741013411 48291 0
1741013413 47573 0
1741013415 47042 0
1741013417 46629 0
1741013419 46406 0
1741013421 46357 0
1741013423 46373 0
1741013425 46370 0
1741013427 46393 0
1741013429 46273 0
1741013432 46196 0
1741013434 46188 0
1741013436 46178 0
1741013438 46127 0
1741013440 46178 0
1741013442 46323 0
1741013444 46201 0
1741013446 46178 0
1741013448 46269 0
1741013450 46351 0
1741013452 46453 0
1741013454 46643 0
1741013456 47139 0
1741013458 47653 0
1741013460 48007 0
1741013462 48154 0
1741013464 48117 0
1741013466 48137 0
1741013468 48329 0
1741013470 48236 0
1741013472 48120 0
1741013474 48109 0
1741013476 48118 0
1741013479 47985 0
1741013481 47798 0
1741013483 47213 0
1741013485 46786 0
1741013487 46648 0
1741013489 46461 0
1741013491 46334 0
1741013493 46152 0
1741013495 46083 0
1741013497 46017 0
1741013499 46166 0
1741013501 46322 0
1741013503 46229 0
1741013505 46241 0
1741013507 46211 0
1741013509 46153 0
1741013511 46102 0
1741013513 46092 0
1741013515 46136 0
1741013517 46128 0
1741013519 46323 0
1741013521 46435 0
1741013523 46716 0
1741013526 47490 0
1741013528 47968 0
1741013530 48229 0
1741013532 48215 0
1741013534 48218 0
1741013536 48280 0
1741013538 48225 0
1741013540 48168 0
1741013542 48207 0
1741013544 47953 0
1741013546 48009 0
1741013548 47977 0
1741013550 47479 0
1741013552 46951 0
1741013554 46601 0
1741013556 46325 0
1741013558 46185 0
1741013560 46378 0
1741013562 46215 0
1741013564 46236 0
1741013566 46142 0
1741013568 46191 0
1741013571 46148 0
1741013573 46007 0
1741013575 46158 0
1741013577 45975 0
1741013579 46023 0
1741013581 46017 0
1741013583 46012 0
1741013585 46009 0
1741013587 46133 0
1741013589 46201 0
1741013591 46137 0
1741013593 46116 0
1741013595 46221 0
1741013597 46208 0
1741013599 46288 0
1741013601 46459 0
1741013603 47039 0
1741013605 47558 0
1741013607 48011 0
1741013609 48180 0
1741013611 48237 0
1741013613 48335 0
1741013615 48227 0
1741013618 48181 0
1741013620 47500 0
1741013622 47195 0
1741013624 46785 0
1741013626 46529 0
1741013628 46295 0
1741013630 46161 0
1741013632 46041 0
1741013634 45977 0
1741013636 45973 0
1741013638 45991 0
1741013640 46056 0
1741013642 46095 0
1741013644 45989 0
1741013646 45933 0
1741013648 46060 0
1741013650 46110 0
1741013652 46112 0
1741013654 46119 0
1741013656 46197 0
1741013658 46185 0
1741013660 46103 0
1741013663 46211 0
1741013665 46177 0
1741013667 46339 0
1741013669 46532 0
1741013671 46910 0
1741013673 47217 0
1741013675 47776 0
1741013677 48064 0
1741013679 48175 0
1741013681 48419 0
1741013683 48334 0
1741013685 48276 0
1741013687 48013 0
1741013689 47361 0
1741013691 46908 0
1741013693 46550 0
1741013695 46286 0
1741013697 46200 0
1741013699 46172 0
1741013701 46164 0
1741013703 46084 0
1741013705 45945 0
1741013707 46062 0
1741013710 46194 0
1741013712 46074 0
1741013714 46031 0
1741013716 46057 0
1741013718 46043 0
1741013720 45939 0
1741013722 46036 0
1741013724 46074 0
1741013726 46256 0
1741013728 46604 0
1741013730 46991 0
1741013732 47448 0
1741013734 47796 0
1741013736 47972 0
1741013738 48092 0
1741013740 48428 0
1741013742 48388 0
1741013744 48087 0
1741013746 48064 0
1741013748 47909 0
1741013750 47963 0
1741013752 47875 0
1741013754 47754 0
1741013757 47317 0
1741013759 46714 0
1741013761 46430 0
1741013763 46413 0
1741013765 46262 0
1741013767 46292 0
1741013769 46224 0
1741013771 46140 0
1741013773 46055 0
1741013775 46094 0
1741013777 46096 0
1741013779 46019 0
1741013781 46085 0
1741013783 46164 0
1741013785 45994 0
1741013787 46035 0
1741013789 46012 0
1741013791 45941 0
1741013793 46097 0
1741013795 46196 0
1741013797 46471 0
1741013799 47081 0
1741013801 47826 0
1741013804 47953 0
1741013806 48076 0
1741013808 48115 0
1741013810 48071 0
1741013812 48025 0
1741013814 47944 0
1741013816 47964 0
1741013818 47987 0
1741013820 47984 0
1741013822 47700 0
1741013824 47688 0
1741013826 46974 0
1741013828 46681 0
1741013830 46380 0
1741013832 46242 0
1741013834 46058 0
1741013836 46082 0
1741013838 45974 0
1741013840 46028 0
1741013842 46140 0
1741013844 46043 0
1741013846 45999 0
1741013849 45918 0
1741013851 45900 0
1741013853 45924 0
1741013855 45999 0
1741013857 45920 0
1741013859 45931 0
1741013861 46156 0
1741013863 46078 0
1741013865 46145 0
1741013867 46108 0
1741013869 46054 0
1741013871 46203 0
1741013873 46250 0
1741013875 46330 0
1741013877 46663 0
1741013879 47118 0
1741013881 47630 0
1741013883 47941 0
1741013885 48116 0
1741013887 48373 0
1741013889 48436 0
1741013891 48218 0
1741013893 47772 0
1741013896 47113 0
1741013898 46750 0
1741013900 46573 0
1741013902 46240 0
1741013904 46269 0
1741013906 46172 0
1741013908 46174 0
1741013910 46159 0
1741013912 46025 0
1741013914 46146 0
1741013916 46044 0
1741013918 45996 0
1741013920 46081 0
1741013922 46154 0
1741013924 46131 0
1741013926 46095 0
1741013928 46163 0
1741013930 46121 0
1741013932 46066 0
1741013934 46044 0
1741013936 46105 0
1741013938 46099 0
1741013941 46242 0
1741013943 46423 0
1741013945 46641 0
1741013947 47155 0
1741013949 47695 0
1741013951 48089 0
1741013953 48178 0
1741013955 48410 0
1741013957 48282 0
1741013959 48354 0
1741013961 48053 0
1741013963 47255 0
1741013965 46802 0
1741013967 46510 0
1741013969 46344 0
1741013971 46233 0
1741013973 46136 0
1741013975 46042 0
1741013977 46123 0
1741013979 46109 0
1741013981 46203 0
1741013983 46219 0
1741013985 46111 0
1741013988 46131 0
1741013990 46122 0
1741013992 46069 0
1741013994 46074 0
1741013996 46040 0
1741013998 46182 0
1741014000 46201 0
1741014002 46431 0
1741014004 46737 0
1741014006 47273 0
1741014008 47886 0
1741014010 48100 0
1741014012 48140 0
1741014014 48179 0
1741014016 48213 0
1741014018 48070 0
1741014020 48020 0
1741014022 47980 0
1741014024 48020 0
1741014026 47939 0
1741014028 47953 0
1741014030 47645 0
1741014033 47012 0
1741014035 46702 0
1741014037 46381 0
1741014039 46187 0
1741014041 46203 0
1741014043 46199 0
1741014045 46167 0
1741014047 46205 0
1741014049 46190 0
1741014051 46123 0
1741014053 46064 0
1741014055 46193 0
1741014057 46162 0
1741014059 46162 0
1741014061 46031 0
1741014063 46056 0
1741014065 46057 0
1741014067 46249 0
1741014069 46467 0
1741014071 46736 0
1741014073 47173 0
1741014075 47702 0
1741014077 47997 0
1741014080 47973 0
1741014082 48014 0
1741014084 48105 0
1741014086 48215 0
1741014088 48208 0
1741014090 48142 0
1741014092 48024 0
1741014094 48025 0
1741014096 48059 0
1741014098 48028 0
1741014100 47640 0
1741014102 47090 0
1741014104 46689 0
1741014106 46404 0
1741014108 46254 0
1741014110 46309 0
1741014112 46329 0
1741014114 46223 0
1741014116 46229 0
1741014118 46255 0
1741014120 46138 0
1741014122 46087 0
1741014124 46090 0
1741014127 46213 0
1741014129 46377 0
1741014131 46291 0
1741014133 46235 0
1741014135 46176 0
1741014137 46139 0
1741014139 46161 0
1741014141 46135 0
1741014143 46158 0
1741014145 46221 0
1741014147 46317 0
1741014149 46481 0
1741014151 46732 0
1741014153 47299 0
1741014155 47809 0
1741014157 48102 0
1741014159 48327 0
1741014161 48471 0
1741014163 48443 0
1741014165 48253 0
1741014167 47787 0
1741014169 47159 0
1741014172 46838 0
1741014174 46415 0
1741014176 46301 0
1741014178 46146 0
1741014180 46064 0
1741014182 46068 0
1741014184 46095 0
1741014186 46042 0
1741014188 46105 0
1741014190 46305 0
1741014192 46286 0
1741014194 46238 0
1741014196 46253 0
1741014198 46068 0
1741014200 45979 0
1741014202 46023 0
1741014204 46021 0
1741014206 46074 0
1741014208 46083 0
1741014210 46002 0
1741014212 45932 0
1741014214 45999 0
1741014216 46196 0
1741014219 46584 0
1741014221 47050 0
1741014223 47656 0
1741014225 47963 0
1741014227 48103 0
1741014229 48222 0
1741014231 48220 0
1741014233 48247 0
1741014235 48197 0
1741014237 47447 0
1741014239 46817 0
1741014241 46405 0
1741014243 46157 0
1741014245 46115 0
1741014247 46191 0
1741014249 46122 0
1741014251 46074 0
1741014253 46048 0
1741014255 46074 0
1741014257 46077 0
1741014259 46110 0
1741014261 46015 0
1741014264 46000 0
1741014266 45941 0
1741014268 45953 0
1741014270 45888 0
1741014272 45979 0
1741014274 46215 0
1741014276 46410 0
1741014278 46843 0
1741014280 47504 0
1741014282 48050 0
1741014284 48088 0
1741014286 48093 0
1741014288 48095 0
1741014290 48184 0
1741014292 48013 0
1741014294 48025 0
1741014296 47976 0
1741014298 47951 0
1741014300 47909 0
1741014302 47799 0
1741014304 47844 0
1741014306 47289 0
1741014308 47017 0
1741014311 46619 0
1741014313 46442 0
1741014315 46275 0
1741014317 46201 0
1741014319 46159 0
1741014321 46022 0
1741014323 46205 0
1741014325 46117 0
1741014327 46153 0
1741014329 46166 0
1741014331 46071 0
1741014333 46029 0
1741014335 46143 0
1741014337 46112 0
1741014339 46031 0
1741014341 46330 0
1741014343 46300 0
1741014345 46549 0
1741014347 47074 0
1741014349 47690 0
1741014351 48049 0
1741014353 48224 0
1741014355 48286 0
1741014358 48201 0
1741014360 48235 0
1741014362 48113 0
1741014364 48131 0
1741014366 47982 0
1741014368 48236 0
1741014370 47991 0
1741014372 47826 0
1741014374 47543 0
1741014376 46931 0
1741014378 46619 0
1741014380 46352 0
1741014382 46182 0
1741014384 46182 0
1741014386 46129 0
1741014388 46085 0
1741014390 46059 0
1741014392 46099 0
1741014394 46085 0
1741014396 46036 0
1741014398 45931 0
1741014400 46167 0
1741014403 46092 0
1741014405 46040 0
1741014407 46063 0
1741014409 46048 0
1741014411 46013 0
1741014413 46010 0
1741014415 46024 0
1741014417 46170 0
1741014419 46155 0
1741014421 46306 0
1741014423 46468 0
1741014425 46786 0
1741014427 47360 0
1741014429 47879 0
1741014431 48085 0
1741014433 48145 0
1741014435 48168 0
1741014437 48140 0
1741014439 48194 0
1741014441 48026 0
1741014443 47372 0
1741014445 46885 0
1741014447 46669 0
1741014450 46356 0
1741014452 46165 0
1741014454 46181 0
1741014456 46070 0
1741014458 46014 0
1741014460 46102 0
1741014462 46183 0
1741014464 46031 0
1741014466 45918 0
1741014468 45982 0
1741014470 46009 0
1741014472 45951 0
1741014474 45936 0
1741014476 45921 0
1741014478 45972 0
1741014480 46000 0
1741014482 46079 0
1741014484 46011 0
1741014486 46130 0
1741014488 46320 0
1741014490 46269 0
1741014492 46650 0
1741014494 47067 0
1741014497 47723 0
1741014499 48183 0
1741014501 48314 0
1741014503 48384 0
1741014505 48599 0
1741014507 48808 0
1741014509 48465 0
1741014511 47809 0
1741014513 47075 0
1741014515 46614 0
1741014517 46327 0
1741014519 46272 0
1741014521 46370 0
1741014523 46175 0
1741014525 46070 0
1741014527 45948 0
1741014529 45919 0
1741014531 45970 0
1741014533 45988 0
1741014535 45962 0
1741014537 45906 0
1741014539 45798 0
1741014541 45876 0
1741014544 45952 0
1741014546 45925 0
1741014548 46129 0
1741014550 46318 0
1741014552 46614 0
1741014554 47085 0
1741014556 47701 0
1741014558 48003 0
1741014560 48074 0
1741014562 48147 0
1741014564 47945 0
1741014566 47921 0
1741014568 47928 0
1741014570 47845 0
1741014572 47758 0
1741014574 47844 0
1741014576 47788 0
1741014578 47834 0
1741014580 47537 0
1741014582 46928 0
1741014584 46406 0
1741014586 46184 0
1741014588 46146 0
1741014591 46057 0
1741014593 45930 0
1741014595 45960 0
1741014597 45952 0
1741014599 45874 0
1741014601 45895 0
1741014603 45809 0
1741014605 45795 0
1741014607 46040 0
1741014609 46025 0
1741014611 45965 0
1741014613 45908 0
1741014615 45984 0
1741014617 46176 0
1741014619 46409 0
1741014621 47024 0
1741014623 47504 0
1741014625 47824 0
1741014627 48012 0
1741014629 48096 0
1741014631 48105 0
1741014633 48102 0
1741014636 47937 0
1741014638 47904 0
1741014640 47984 0
1741014642 48045 0
1741014644 47915 0
1741014646 47826 0
1741014648 47783 0
1741014650 47105 0
1741014652 46478 0
1741014654 46420 0
1741014656 46192 0
1741014658 46050 0
1741014660 45945 0
1741014662 45958 0
1741014664 45985 0
1741014666 45892 0
1741014668 46030 0
1741014670 46035 0
1741014672 46031 0
1741014674 46049 0
1741014676 46094 0
1741014678 46027 0
1741014680 46010 0
1741014683 46145 0
1741014685 46112 0
1741014687 46202 0
1741014689 46113 0
1741014691 46020 0
1741014693 46023 0
1741014695 46019 0
1741014697 46123 0
1741014699 46279 0
1741014701 46856 0
1741014703 47435 0
1741014705 47803 0
1741014707 47936 0
1741014709 48036 0
1741014711 47985 0
1741014713 48035 0
1741014715 48019 0
1741014717 47334 0
1741014719 46772 0
1741014721 46468 0
1741014723 46279 0
1741014725 46194 0
1741014727 46274 0
1741014730 46232 0
1741014732 46161 0
1741014734 46045 0
1741014736 46043 0
1741014738 46126 0
1741014740 46118 0
1741014742 46041 0
1741014744 45997 0
1741014746 45931 0
1741014748 46006 0
1741014750 46030 0
1741014752 45942 0
1741014754 45927 0
1741014756 45885 0
1741014758 45921 0
1741014760 46304 0
1741014762 46228 0
1741014764 46265 0
1741014766 46431 0
1741014768 46679 0
1741014770 47219 0
1741014772 47628 0
1741014775 47991 0
1741014777 48035 0
1741014779 48037 0
1741014781 48056 0
1741014783 47950 0
1741014785 47758 0
1741014787 47226 0
1741014789 46841 0
1741014791 46566 0
1741014793 46378 0
1741014795 46146 0
1741014797 46154 0
1741014799 46095 0
1741014801 46091 0
1741014803 46171 0
1741014805 46149 0
1741014807 46137 0
1741014809 46088 0
1741014811 45905 0
1741014813 46009 0
1741014815 46055 0
1741014817 46033 0
1741014819 46189 0
1741014822 46445 0
1741014824 46547 0
1741014826 46603 0
1741014828 47106 0
1741014830 47695 0
1741014832 48009 0
1741014834 48283 0
1741014836 48278 0
1741014838 48216 0
1741014840 48141 0
1741014842 48114 0
1741014844 47976 0
1741014846 47979 0
1741014848 48050 0
1741014850 47814 0
1741014852 47861 0
1741014854 47624 0
1741014856 47102 0
1741014858 46690 0
1741014860 46495 0
1741014862 46263 0
1741014864 46130 0
1741014866 46121 0
1741014869 46025 0
1741014871 45953 0
1741014873 45973 0
1741014875 45977 0
1741014877 45928 0
1741014879 45961 0
1741014881 46199 0
1741014883 46225 0
1741014885 46091 0
1741014887 46094 0
1741014889 46122 0
1741014891 46237 0
1741014893 46310 0
1741014895 46644 0
1741014897 47088 0
1741014899 47500 0
1741014901 47835 0
1741014903 47949 0
1741014905 48071 0
1741014907 48150 0
1741014909 48192 0
1741014911 48097 0
1741014914 48036 0
1741014916 48001 0
1741014918 47879 0
1741014920 47881 0
1741014922 47823 0
1741014924 47253 0
1741014926 46663 0
1741014928 46428 0
1741014930 46162 0
1741014932 46054 0
1741014934 45999 0
1741014936 46045 0
1741014938 46060 0
1741014940 46092 0
1741014942 46082 0
1741014944 46076 0
1741014946 45937 0
1741014948 45904 0
1741014950 45889 0
1741014952 45943 0
1741014954 45838 0
1741014956 45959 0
1741014958 45903 0
1741014961 45980 0
1741014963 46052 0
1741014965 46029 0
1741014967 46156 0
1741014969 46220 0
1741014971 46267 0
1741014973 46381 0
1741014975 46733 0
1741014977 47237 0
1741014979 47724 0
1741014981 47950 0
1741014983 48171 0
1741014985 48131 0
1741014987 48160 0
1741014989 48030 0
1741014991 47691 0
1741014993 47138 0
1741014995 46827 0
1741014997 46452 0
1741014999 46322 0
1741015001 46341 0
1741015003 46194 0
1741015005 46102 0
1741015008 46068 0
1741015010 45966 0
1741015012 46014 0
1741015014 46030 0
1741015016 45977 0
1741015018 45946 0
1741015020 45899 0
1741015022 46000 0
1741015024 46020 0
1741015026 45974 0
1741015028 46190 0
1741015030 46120 0
1741015032 46051 0
1741015034 45951 0
1741015036 45857 0
1741015038 46004 0
1741015040 46183 0
1741015042 46365 0
1741015044 46865 0
1741015046 47579 0
1741015048 48036 0
1741015050 48124 0
1741015053 48055 0
1741015055 48039 0
1741015057 47986 0
1741015059 47995 0
1741015061 47568 0
1741015063 47005 0
1741015065 46559 0
1741015067 46257 0
1741015069 46151 0
1741015071 46095 0
1741015073 45902 0
1741015075 45883 0
1741015077 46019 0
1741015079 45883 0
1741015081 45815 0
1741015083 46011 0
1741015085 45942 0
1741015087 46037 0
1741015089 46150 0
1741015091 46044 0
1741015093 45991 0
1741015095 45973 0
1741015098 46178 0
1741015100 46403 0
1741015102 46781 0
1741015104 47414 0
1741015106 47816 0
1741015108 48057 0
1741015110 48184 0
1741015112 48092 0
1741015114 48022 0
1741015116 47914 0
1741015118 47859 0
1741015120 48027 0
1741015122 48068 0
1741015124 47875 0
1741015126 47824 0
1741015128 47733 0
1741015130 47119 0
1741015132 46583 0
1741015134 46369 0
1741015136 46190 0
1741015138 45987 0
1741015140 45959 0
1741015142 45928 0
1741015145 45881 0
1741015147 45990 0
1741015149 46011 0
1741015151 45935 0
1741015153 45979 0
1741015155 46036 0
1741015157 46051 0
1741015159 45984 0
1741015161 45990 0
1741015163 45978 0
1741015165 45968 0
1741015167 46247 0
1741015169 46319 0
1741015171 46612 0
1741015173 47329 0
1741015175 47818 0
1741015177 47857 0
1741015179 47982 0
1741015181 48003 0
1741015183 47936 0
1741015185 47986 0
1741015187 47914 0
1741015189 47912 0
1741015192 47923 0
1741015194 47850 0
1741015196 47817 0
1741015198 47525 0
1741015200 46953 0
1741015202 46554 0
1741015204 46381 0
1741015206 46113 0
1741015208 46249 0
1741015210 46173 0
1741015212 45984 0
1741015214 45965 0
1741015216 45995 0
1741015218 45907 0
1741015220 45886 0
1741015222 46020 0
1741015224 46003 0
1741015226 46070 0
1741015228 46031 0
1741015230 45959 0
1741015232 46007 0
1741015234 46052 0
1741015236 45802 0
1741015239 45940 0
1741015241 46171 0
1741015243 46134 0
1741015245 46157 0
1741015247 46255 0
1741015249 46531 0
1741015251 47003 0
1741015253 47368 0
1741015255 47850 0
1741015257 48068 0
1741015259 48082 0
1741015261 48207 0
1741015263 48107 0
1741015265 48026 0
1741015267 47331 0
1741015269 46741 0
1741015271 46387 0
1741015273 46256 0
1741015275 46204 0
1741015277 46071 0
1741015279 45920 0
1741015281 45794 0
1741015284 45857 0
1741015286 45846 0
1741015288 45951 0
1741015290 45828 0
1741015292 45897 0
1741015294 45951 0
1741015296 45961 0
1741015298 45957 0
1741015300 45955 0
1741015302 45875 0
1741015304 45924 0
1741015306 45985 0
1741015308 46021 0
1741015310 45909 0
1741015312 45888 0
1741015314 46051 0
1741015316 46301 0
1741015318 46555 0
1741015320 46968 0
1741015322 47361 0
1741015324 47709 0
1741015326 48009 0
1741015328 48160 0
1741015331 48112 0
1741015333 48032 0
1741015335 47690 0
1741015337 46940 0
1741015339 46622 0
1741015341 46188 0
1741015343 46113 0
1741015345 46022 0
1741015347 46055 0
1741015349 45968 0
1741015351 45894 0
1741015353 45947 0
1741015355 45973 0
1741015357 45956 0
1741015359 45862 0
1741015361 46078 0
1741015363 46095 0
1741015365 45896 0
1741015367 45827 0
1741015369 45814 0
1741015371 45965 0
1741015373 46198 0
1741015375 46467 0
1741015378 47043 0
1741015380 47557 0
1741015382 47801 0
1741015384 48024 0
1741015386 48056 0
1741015388 48091 0
1741015390 47931 0
1741015392 47861 0
1741015394 47769 0
1741015396 47682 0
1741015398 47736 0
1741015400 47697 0
1741015402 47743 0
1741015404 47321 0
1741015406 46736 0
1741015408 46516 0
1741015410 46094 0
1741015412 46112 0
1741015414 46020 0
1741015416 45946 0
1741015418 45922 0
1741015420 46095 0
1741015423 45945 0
1741015425 45861 0
1741015427 45870 0
1741015429 45852 0
1741015431 45874 0
1741015433 45962 0
1741015435 45876 0
1741015437 45801 0
1741015439 45967 0
1741015441 46004 0
1741015443 46250 0
1741015445 46559 0
1741015447 47183 0
1741015449 47684 0
1741015451 47841 0
1741015453 47867 0
1741015455 47874 0
1741015457 47881 0
1741015459 47814 0
1741015461 47784 0
1741015463 47765 0
1741015465 47665 0
1741015467 47714 0
1741015470 47601 0
1741015472 47381 0
1741015474 46706 0
1741015476 46355 0
1741015478 45977 0
1741015480 46006 0
1741015482 45939 0
1741015484 45804 0
1741015486 45845 0
1741015488 45977 0
1741015490 45903 0
1741015492 45877 0
1741015494 45826 0
1741015496 45925 0
1741015498 45878 0
1741015500 45845 0
1741015502 45848 0
1741015504 45922 0
1741015506 46005 0
1741015508 46103 0
1741015510 45909 0
1741015512 45867 0
1741015514 45844 0
1741015517 45862 0
1741015519 45884 0
1741015521 45831 0
1741015523 45986 0
1741015525 46215 0
1741015527 46741 0
1741015529 47295 0
1741015531 47661 0
1741015533 47966 0
1741015535 48049 0
1741015537 47858 0
1741015539 47915 0
1741015541 47442 0
1741015543 46809 0
1741015545 46433 0
1741015547 46236 0
1741015549 46116 0
1741015551 46108 0
1741015553 45967 0
1741015555 45938 0
1741015557 45910 0
1741015559 45852 0
1741015562 45905 0
1741015564 45773 0
1741015566 45843 0
1741015568 45870 0
1741015570 45893 0
1741015572 45848 0
1741015574 45750 0
1741015576 45837 0
1741015578 45817 0
1741015580 45913 0
1741015582 45760 0
1741015584 45779 0
1741015586 45867 0
1741015588 45958 0
1741015590 45981 0
1741015592 46207 0
1741015594 46518 0
1741015596 47099 0
1741015598 47456 0
1741015600 48041 0
1741015602 48076 0
1741015604 47896 0
1741015607 47920 0
1741015609 47746 0
1741015611 46977 0
1741015613 46519 0
1741015615 46171 0
1741015617 46003 0
1741015619 45968 0
1741015621 45814 0
1741015623 45910 0
1741015625 45929 0
1741015627 45913 0
1741015629 45973 0
1741015631 45864 0
1741015633 45784 0
1741015635 45753 0
1741015637 45795 0
1741015639 45868 0
1741015641 45834 0
1741015643 45835 0
1741015645 45783 0
1741015647 45935 0
1741015649 46030 0
1741015651 46353 0
1741015654 46972 0
1741015656 47534 0
1741015658 47830 0
1741015660 47834 0
1741015662 47984 0
1741015664 47872 0
1741015666 47733 0
1741015668 47794 0
1741015670 48050 0
1741015672 47895 0
1741015674 47790 0
1741015676 47592 0
1741015678 47199 0
1741015680 46668 0
1741015682 46259 0
1741015684 45967 0
1741015686 45740 0
1741015688 45955 0
1741015690 45846 0
1741015692 45783 0
1741015694 45816 0
1741015696 45844 0
1741015698 45696 0
1741015701 45604 0
1741015703 45704 0
1741015705 45687 0
1741015707 45830 0
1741015709 45717 0
1741015711 45802 0
1741015713 45922 0
1741015715 45968 0
1741015717 45937 0
1741015719 46099 0
1741015721 46695 0
1741015723 47177 0
1741015725 47484 0
1741015727 47639 0
1741015729 47752 0
1741015731 47694 0
1741015733 47618 0
1741015735 47606 0
1741015737 47509 0
1741015739 47574 0
1741015741 47453 0
1741015743 47439 0
1741015746 47430 0
1741015748 46830 0
1741015750 46491 0
1741015752 46126 0
1741015754 46017 0
1741015756 45955 0
1741015758 45879 0
1741015760 45787 0
1741015762 45853 0
1741015764 45725 0
1741015766 45625 0
1741015768 45637 0
1741015770 45653 0
1741015772 45732 0
1741015774 45691 0
1741015776 45731 0
1741015778 45723 0
1741015780 45921 0
1741015782 45851 0
1741015784 45731 0
1741015786 45733 0
1741015788 45725 0
1741015790 45669 0
1741015793 45629 0
1741015795 45746 0
1741015797 45818 0
1741015799 46005 0
1741015801 46288 0
1741015803 46860 0
1741015805 47266 0
1741015807 47678 0
1741015809 47973 0
1741015811 47804 0
1741015813 47685 0
1741015815 47456 0
1741015817 46725 0
1741015819 46196 0
1741015821 46075 0
1741015823 45912 0
1741015825 45721 0
1741015827 45764 0
1741015829 45596 0
1741015831 45766 0
1741015833 45726 0
1741015835 45652 0
1741015838 45608 0
1741015840 45673 0
1741015842 45854 0
1741015844 45741 0
1741015846 45602 0
1741015848 45465 0
1741015850 45549 0
1741015852 45623 0
1741015854 45581 0
1741015856 45584 0
1741015858 45557 0
1741015860 45481 0
1741015862 45601 0
1741015864 45665 0
1741015866 45876 0
1741015868 46209 0
1741015870 46667 0
1741015872 47226 0
1741015874 47681 0
1741015876 47783 0
1741015878 47800 0
1741015880 47679 0
1741015882 47584 0
1741015885 47048 0
1741015887 46534 0
1741015889 46086 0
1741015891 45836 0
1741015893 45677 0
1741015895 45573 0
1741015897 45533 0
1741015899 45611 0
1741015901 45729 0
1741015903 45685 0
1741015905 45479 0
1741015907 45618 0
1741015909 45528 0
1741015911 45586 0
1741015913 45610 0
1741015915 45606 0
1741015917 45550 0
1741015919 45501 0
1741015921 45577 0
1741015923 45707 0
1741015925 45775 0
1741015927 46212 0
1741015930 46902 0
1741015932 47280 0
1741015934 47628 0
1741015936 47647 0
1741015938 47705 0
1741015940 47674 0
1741015942 47580 0
1741015944 47499 0
1741015946 47496 0
1741015948 47480 0
1741015950 47468 0
1741015952 47414 0
1741015954 46633 0
1741015956 46154 0
1741015958 45818 0
1741015960 45913 0
1741015962 45763 0
1741015964 45753 0
1741015966 45695 0
1741015968 45714 0
1741015970 45618 0
1741015972 45588 0
1741015975 45621 0
1741015977 45675 0
1741015979 45636 0
1741015981 45646 0
1741015983 45645 0
1741015985 45616 0
1741015987 45646 0
1741015989 45661 0
1741015991 45658 0
1741015993 45713 0
1741015995 46028 0
1741015997 46548 0
1741015999 47015 0
1741016001 47559 0
1741016003 47665 0
1741016005 47673 0
1741016008 47744 0
1741016010 47647 0
1741016012 47431 0
1741016014 47542 0
1741016016 47443 0
1741016018 47410 0
1741016020 47470 0
1741016022 47068 0
1741016024 46596 0
1741016026 46139 0
1741016028 45868 0
1741016030 45714 0
1741016032 45680 0
1741016034 45800 0
1741016036 45602 0
1741016038 45694 0
1741016040 45832 0
1741016042 45753 0
1741016044 46097 0
1741016046 45939 0
1741016048 45937 0
1741016050 45798 0
1741016052 45665 0
1741016055 45698 0
1741016057 45592 0
1741016059 45464 0
1741016061 45497 0
1741016063 45509 0
1741016065 45483 0
1741016067 45541 0
1741016069 45662 0
1741016071 45666 0
1741016073 45926 0
1741016075 46259 0
1741016077 46647 0
1741016079 47187 0
1741016081 47557 0
1741016083 47701 0
1741016085 47597 0
1741016087 47645 0
1741016089 47516 0
1741016091 46708 0
1741016093 46285 0
1741016095 45949 0
1741016097 45757 0
1741016100 45775 0
1741016102 45663 0
1741016104 45632 0
1741016106 45566 0
1741016108 45582 0
1741016110 45641 0
1741016112 45499 0
1741016114 45388 0
1741016116 45487 0
1741016118 45505 0
1741016120 45614 0
1741016122 45585 0
1741016124 45696 0
1741016126 45567 0
1741016128 45678 0
1741016130 45588 0
1741016132 45524 0
1741016134 45631 0
1741016136 45567 0
1741016138 45521 0
1741016140 45948 0
1741016142 46137 0
1741016144 46427 0
1741016147 46790 0
1741016149 47159 0
1741016151 47528 0
1741016153 47547 0
1741016155 47548 0
1741016157 47458 0
1741016159 47008 0
1741016161 46268 0
1741016163 46015 0
1741016165 45753 0
1741016167 45737 0
1741016169 45701 0
1741016171 45622 0
1741016173 45590 0
1741016175 45542 0
1741016177 45542 0
1741016179 45488 0
1741016181 45501 0
1741016183 45655 0
1741016185 45611 0
1741016187 45689 0
1741016189 45589 0
1741016191 45516 0
1741016194 45497 0
1741016196 45585 0
1741016198 45540 0
1741016200 45711 0
1741016202 46164 0
1741016204 46624 0
1741016206 47230 0
1741016208 47490 0
1741016210 47562 0
1741016212 47571 0
1741016214 47466 0
1741016216 47356 0
1741016218 47426 0
1741016220 47357 0
1741016222 47249 0
1741016224 47304 0
1741016226 47220 0
1741016228 46754 0
1741016230 46292 0
1741016232 45943 0
1741016234 45752 0
1741016236 45645 0
1741016238 45537 0
1741016241 45530 0
1741016243 45579 0
1741016245 45561 0
1741016247 45603 0
1741016249 45478 0
1741016251 45497 0
1741016253 45461 0
1741016255 45550 0
1741016257 45465 0
1741016259 45546 0
1741016261 45773 0
1741016263 45722 0
1741016265 45709 0
1741016267 45674 0
1741016269 45911 0
1741016271 46366 0
1741016273 47096 0
1741016275 47509 0
1741016277 47609 0
1741016279 47663 0
1741016281 47717 0
1741016283 47775 0
1741016286 47634 0
1741016288 47668 0
1741016290 47564 0
1741016292 47540 0
1741016294 47403 0
1741016296 47280 0
1741016298 46640 0
1741016300 46303 0
1741016302 45930 0
1741016304 45826 0
1741016306 45752 0
1741016308 45679 0
1741016310 45637 0
1741016312 45485 0
1741016314 45419 0
1741016316 45458 0
1741016318 45492 0
1741016320 45809 0
1741016322 45761 0
1741016324 45685 0
1741016326 45637 0
1741016328 45554 0
1741016330 45617 0
1741016333 45556 0
1741016335 45517 0
1741016337 45535 0
1741016339 45511 0
1741016341 45479 0
1741016343 45571 0
1741016345 45685 0
1741016347 45940 0
1741016349 46320 0
1741016351 46828 0
1741016353 47391 0
1741016355 47698 0
1741016357 47736 0
1741016359 47787 0
1741016361 47719 0
1741016363 47644 0
1741016365 47047 0
1741016367 46659 0
1741016369 46107 0
1741016371 46002 0
1741016373 45896 0
1741016375 45777 0
1741016377 45773 0
1741016380 45829 0
1741016382 45820 0
1741016384 45702 0
1741016386 45659 0
1741016388 45698 0
1741016390 45595 0
1741016392 45627 0
1741016394 45551 0
1741016396 45525 0
1741016398 45520 0
1741016400 45509 0
1741016402 45559 0
1741016404 45545 0
1741016406 45571 0
1741016408 45744 0
1741016410 45709 0
1741016412 45685 0
1741016414 45801 0
1741016416 45972 0
1741016418 46176 0
1741016420 46729 0
1741016422 47323 0
1741016424 47646 0
1741016427 47727 0
1741016429 47857 0
1741016431 47723 0
1741016433 47562 0
1741016435 46827 0
1741016437 46191 0
1741016439 46000 0
1741016441 46102 0
1741016443 45872 0
1741016445 45707 0
1741016447 45692 0
1741016449 45616 0
1741016451 45599 0
1741016453 45662 0
1741016455 45630 0
1741016457 45519 0
1741016459 45596 0
1741016461 45543 0
1741016463 45636 0
1741016465 45654 0
1741016467 45709 0
1741016469 46063 0
1741016472 46324 0
1741016474 46848 0
1741016476 47403 0
1741016478 47988 0
1741016480 47868 0
1741016482 47803 0
1741016484 47669 0
1741016486 47778 0
1741016488 47803 0
1741016490 47721 0
1741016492 47719 0
1741016494 47718 0
1741016496 47632 0
1741016498 47587 0
1741016500 47564 0
1741016502 47235 0
1741016504 46582 0
1741016506 46093 0
1741016508 45980 0
1741016510 45838 0
1741016512 45695 0
1741016514 45731 0
1741016516 45707 0
1741016519 45636 0
1741016521 45681 0
1741016523 45643 0
1741016525 45570 0
1741016527 45661 0
1741016529 45702 0
1741016531 45705 0
1741016533 45679 0
1741016535 45687 0
1741016537 45686 0
1741016539 45742 0
1741016541 45715 0
1741016543 45833 0
1741016545 46165 0
1741016547 46726 0
1741016549 47204 0
1741016551 47466 0
1741016553 47543 0
1741016555 47493 0
1741016557 47521 0
1741016559 47522 0
1741016561 47672 0
1741016564 47526 0
1741016566 47400 0
1741016568 47308 0
1741016570 47314 0
1741016572 46749 0
1741016574 46399 0
1741016576 46068 0
1741016578 45873 0
1741016580 45754 0
1741016582 45661 0
1741016584 45565 0
1741016586 45624 0
1741016588 45654 0
1741016590 45723 0
1741016592 45558 0
1741016594 45611 0
1741016596 45561 0
1741016598 45576 0
1741016600 45528 0
1741016602 45560 0
1741016604 45647 0
1741016606 45691 0
1741016608 45641 0
1741016611 45633 0
1741016613 45588 0
1741016615 45667 0
1741016617 45671 0
1741016619 45712 0
1741016621 45999 0
1741016623 46215 0
1741016625 46507 0
1741016627 47075 0
1741016629 47408 0
1741016631 47739 0
1741016633 47811 0
1741016635 47796 0
1741016637 47726 0
1741016639 47209 0
1741016641 46447 0
1741016643 46139 0
1741016645 45853 0
1741016647 45785 0
1741016649 45730 0
1741016651 45604 0
1741016653 45501 0
1741016655 45636 0
1741016658 45658 0
1741016660 45707 0
1741016662 45624 0
1741016664 45533 0
1741016666 45390 0
1741016668 45565 0
1741016670 45578 0
1741016672 45560 0
1741016674 45675 0
1741016676 45536 0
1741016678 45509 0
1741016680 45707 0
1741016682 45649 0
1741016684 45642 0
1741016686 45652 0
1741016688 45728 0
1741016690 45908 0
1741016692 46096 0
1741016694 46459 0
1741016696 47024 0
1741016698 47457 0
1741016700 47626 0
1741016702 47660 0
1741016705 47600 0
1741016707 47752 0
1741016709 47044 0
1741016711 46492 0
1741016713 46092 0
1741016715 45838 0
1741016717 45673 0
1741016719 45691 0
1741016721 45571 0
1741016723 45714 0
1741016725 45750 0
1741016727 45735 0
1741016729 45693 0
1741016731 45613 0
1741016733 45582 0
1741016735 45633 0
1741016737 45668 0
1741016739 45642 0
1741016741 45799 0
1741016743 45643 0
1741016745 45702 0
1741016747 45741 0
1741016750 45994 0
1741016752 46392 0
1741016754 46918 0
1741016756 47411 0
1741016758 47572 0
1741016760 47573 0
1741016762 47616 0
1741016764 47733 0
1741016766 47644 0
1741016768 47782 0
1741016770 47810 0
1741016772 47485 0
1741016774 47346 0
1741016776 47212 0
1741016778 46606 0
1741016780 46286 0
1741016782 46046 0
1741016784 45805 0
1741016786 45765 0
1741016788 45787 0
1741016790 45624 0
1741016792 45568 0
1741016794 45532 0
1741016797 45551 0
1741016799 45511 0
1741016801 45774 0
1741016803 45716 0
1741016805 45685 0
1741016807 45610 0
1741016809 45605 0
1741016811 45618 0
1741016813 45564 0
1741016815 45642 0
1741016817 46019 0
1741016819 46254 0
1741016821 46700 0
1741016823 47232 0
1741016825 47506 0
1741016827 47785 0
1741016829 47846 0
1741016831 47770 0
1741016833 47676 0
1741016835 47604 0
1741016837 47388 0
1741016839 47437 0
1741016841 47370 0
1741016844 47444 0
1741016846 46967 0
1741016848 46462 0
1741016850 46058 0
1741016852 45855 0
1741016854 45843 0
1741016856 45828 0
1741016858 45695 0
1741016860 45704 0
1741016862 45711 0
1741016864 45572 0
1741016866 45578 0
1741016868 45550 0
1741016870 45614 0
1741016872 45529 0
1741016874 45621 0
1741016876 45654 0
1741016878 45651 0
1741016880 45728 0
1741016882 45792 0
1741016884 45661 0
1741016886 45706 0
1741016889 45825 0
1741016891 45801 0
1741016893 45923 0
1741016895 46031 0
1741016897 46214 0
1741016899 46592 0
1741016901 47066 0
1741016903 47449 0
1741016905 47783 0
1741016907 48003 0
1741016909 47946 0
1741016911 47915 0
1741016913 47772 0
1741016915 46974 0
1741016917 46482 0
1741016919 46152 0
1741016921 46024 0
1741016923 45899 0
1741016925 45749 0
1741016927 45588 0
1741016929 45634 0
1741016931 45798 0
1741016933 45693 0
1741016936 45709 0
1741016938 45728 0
1741016940 45731 0
1741016942 45687 0
1741016944 45627 0
1741016946 45620 0
1741016948 45774 0
1741016950 45825 0
1741016952 45743 0
1741016954 45767 0
1741016956 45709 0
1741016958 45729 0
1741016960 45808 0
1741016962 45930 0
1741016964 45899 0
1741016966 46195 0
1741016968 46779 0
1741016970 47371 0
1741016972 47788 0
1741016974 47830 0
1741016976 47813 0
1741016978 47810 0
1741016981 48010 0
1741016983 47536 0
1741016985 46752 0
1741016987 46298 0
1741016989 46035 0
1741016991 45923 0
1741016993 45755 0
1741016995 45683 0
1741016997 45699 0
1741016999 45702 0
1741017001 45701 0
1741017003 45679 0
1741017005 45701 0
1741017007 45843 0
1741017009 45859 0
1741017011 45827 0
1741017013 45834 0
1741017015 45887 0
1741017017 45985 0
1741017019 45941 0
1741017021 46069 0
1741017023 46359 0
1741017025 46874 0
1741017028 47366 0
1741017030 47792 0
1741017032 47824 0
1741017034 47742 0
1741017036 47672 0
1741017038 47744 0
1741017040 47871 0
1741017042 47909 0
1741017044 47811 0
1741017046 47621 0
1741017048 47601 0
1741017050 47496 0
1741017052 46970 0
1741017054 46465 0
1741017056 46230 0
1741017058 46040 0
1741017060 45919 0
1741017062 45801 0
1741017064 45746 0
1741017066 45798 0
1741017068 45941 0
1741017070 45783 0
1741017072 45756 0
1741017075 45712 0
1741017077 45730 0
1741017079 45706 0
1741017081 45745 0
1741017083 45822 0
1741017085 45791 0
1741017087 45844 0
1741017089 45878 0
1741017091 45839 0
1741017093 46255 0
1741017095 46926 0
1741017097 47436 0
1741017099 47824 0
1741017101 47965 0
1741017103 47912 0
1741017105 47874 0
1741017107 47774 0
1741017109 47819 0
1741017111 47749 0
1741017113 47627 0
1741017115 47518 0
1741017117 47424 0
1741017119 47326 0
1741017122 46779 0
1741017124 46340 0
1741017126 46028 0
1741017128 45921 0
1741017130 46003 0
1741017132 45809 0
1741017134 45814 0
1741017136 45753 0
1741017138 45646 0
1741017140 45752 0
1741017142 45778 0
1741017144 45902 0
1741017146 45787 0
1741017148 45724 0
1741017150 45628 0
1741017152 45603 0
1741017154 45729 0
1741017156 45675 0
1741017158 45613 0
1741017160 45792 0
1741017162 45770 0
1741017164 45787 0
1741017167 45847 0
1741017169 45984 0
1741017171 46192 0
1741017173 46333 0
1741017175 46727 0
1741017177 47299 0
1741017179 47711 0
1741017181 47628 0
1741017183 47660 0
1741017185 47615 0
1741017187 47678 0
1741017189 47268 0
1741017191 46699 0
1741017193 46177 0
1741017195 46030 0
1741017197 45795 0
1741017199 45803 0
1741017201 45661 0
1741017203 45826 0
1741017205 45735 0
1741017207 45890 0
1741017209 45765 0
1741017211 45836 0
1741017214 45796 0
1741017216 45771 0
1741017218 45657 0
1741017220 45724 0
1741017222 45725 0
1741017224 45622 0
1741017226 45684 0
1741017228 45757 0
1741017230 45816 0
1741017232 45822 0
1741017234 45839 0
1741017236 45813 0
1741017238 45950 0
1741017240 46123 0
1741017242 46401 0
1741017244 46960 0
1741017246 47356 0
1741017248 47834 0
1741017250 47858 0
1741017252 47886 0
1741017254 47740 0
1741017256 47735 0
1741017258 46994 0
1741017261 46440 0
1741017263 46252 0
1741017265 45974 0
1741017267 45946 0
1741017269 45867 0
1741017271 45799 0
1741017273 45722 0
1741017275 45594 0
1741017277 45580 0
1741017279 45535 0
1741017281 45770 0
1741017283 45696 0
1741017285 45675 0
1741017287 45660 0
1741017289 45554 0
1741017291 45654 0
1741017293 45657 0
1741017295 45786 0
1741017297 45937 0
1741017299 46223 0
1741017301 46660 0
1741017303 47258 0
1741017306 47616 0
1741017308 47923 0
1741017310 47915 0
1741017312 47829 0
1741017314 47889 0
1741017316 47825 0
1741017318 47690 0
1741017320 47532 0
1741017322 47482 0
1741017324 47548 0
1741017326 46991 0
1741017328 46563 0
1741017330 46190 0
1741017332 45973 0
1741017334 45912 0
1741017336 45833 0
1741017338 45778 0
1741017340 45996 0
1741017342 45857 0
1741017344 45862 0
1741017346 45808 0
1741017348 45688 0
1741017350 45655 0
1741017353 45633 0
1741017355 45712 0
1741017357 45727 0
1741017359 45633 0
1741017361 45668 0
1741017363 45698 0
1741017365 45818 0
1741017367 45968 0
1741017369 46406 0
1741017371 47025 0
1741017373 47566 0
1741017375 47785 0
1741017377 47757 0
1741017379 47717 0
1741017381 47621 0
1741017383 47712 0
1741017385 47672 0
1741017387 47651 0
1741017389 47506 0
1741017391 47486 0
1741017393 47462 0
1741017395 46766 0
1741017397 46312 0
1741017400 46137 0
1741017402 45992 0
1741017404 45803 0
1741017406 45654 0
1741017408 45589 0
1741017410 45563 0
1741017412 45706 0
1741017414 45737 0
1741017416 45591 0
1741017418 45416 0
1741017420 45553 0
1741017422 45554 0
1741017424 45581 0
1741017426 45590 0
1741017428 45723 0
1741017430 45706 0
1741017432 45667 0
1741017434 45655 0
1741017436 45634 0
1741017438 45677 0
1741017440 45682 0
1741017442 45765 0
1741017445 45791 0
1741017447 46020 0
1741017449 46417 0
1741017451 46813 0
1741017453 47275 0
1741017455 47561 0
1741017457 47737 0
1741017459 47695 0
1741017461 47870 0
1741017463 47333 0
1741017465 46590 0
1741017467 46236 0
1741017469 45903 0
1741017471 45702 0
1741017473 45673 0
1741017475 45605 0
1741017477 45484 0
1741017479 45414 0
1741017481 45482 0
1741017483 45551 0
1741017485 45562 0
1741017487 45689 0
1741017489 45651 0
1741017492 45657 0
1741017494 45659 0
1741017496 45754 0
1741017498 45698 0
1741017500 45604 0
1741017502 45670 0
1741017504 45623 0
1741017506 45576 0
1741017508 45703 0
1741017510 45801 0
1741017512 45801 0
1741017514 46020 0
1741017516 46156 0
1741017518 46528 0
1741017520 47393 0
1741017522 47660 0
1741017524 47834 0
1741017526 47794 0
1741017528 47716 0
1741017530 47841 0
1741017532 47219 0
1741017534 46558 0
1741017536 46072 0
1741017539 45871 0
1741017541 45611 0
1741017543 45732 0
1741017545 45654 0
1741017547 45765 0
1741017549 45916 0
1741017551 45857 0
1741017553 45861 0
1741017555 45861 0
1741017557 45810 0
1741017559 45767 0
1741017561 45649 0
1741017563 45653 0
1741017565 45680 0
1741017567 45824 0
1741017569 45780 0
1741017571 45872 0
1741017573 46095 0
1741017575 46519 0
1741017577 47095 0
1741017579 47462 0
1741017581 47829 0
1741017584 47749 0
1741017586 47717 0
1741017588 47688 0
1741017590 47640 0
1741017592 47642 0
1741017594 47664 0
1741017596 47577 0
1741017598 47531 0
1741017600 47375 0
1741017602 46775 0
1741017604 46354 0
1741017606 46060 0
1741017608 46019 0
1741017610 46010 0
1741017612 45931 0
1741017614 45901 0
1741017616 45775 0
1741017618 45715 0
1741017620 45669 0
1741017622 45776 0
1741017624 45676 0
1741017626 45745 0
1741017628 45582 0
1741017631 45536 0
1741017633 45534 0
1741017635 45649 0
1741017637 45667 0
1741017639 45752 0
1741017641 46119 0
1741017643 46522 0
1741017645 47078 0
1741017647 47462 0
1741017649 47665 0
1741017651 47636 0
1741017653 47644 0
1741017655 47574 0
1741017657 47615 0
1741017659 47599 0
1741017661 47593 0
1741017663 47530 0
1741017665 47544 0
1741017667 47579 0
1741017669 47166 0
1741017671 46583 0
1741017673 46288 0
1741017676 46139 0
1741017678 46003 0
1741017680 45701 0
1741017682 45549 0
1741017684 45640 0
1741017686 45824 0
1741017688 45758 0
1741017690 45653 0
1741017692 45784 0
1741017694 45770 0
1741017696 45731 0
1741017698 45666 0
1741017700 45830 0
1741017702 45820 0
1741017704 45896 0
1741017706 45803 0
1741017708 45714 0
1741017710 45679 0
1741017712 45704 0
1741017714 45688 0
1741017716 45662 0
1741017718 45615 0
1741017721 45845 0
1741017723 46220 0
1741017725 46875 0
1741017727 47427 0
1741017729 47741 0
1741017731 47787 0
1741017733 47826 0
1741017735 47890 0
1741017737 47720 0
1741017739 47037 0
1741017741 46430 0
1741017743 46132 0
1741017745 45863 0
1741017747 45839 0
1741017749 45675 0
1741017751 45677 0
1741017753 45711 0
1741017755 45594 0
1741017757 45605 0
1741017759 45692 0
1741017762 45823 0
1741017764 45754 0
1741017766 45689 0
1741017768 45644 0
1741017770 45599 0
1741017772 45688 0
1741017774 45700 0
1741017776 45677 0
1741017778 45669 0
1741017780 45774 0
1741017782 45793 0
1741017784 45654 0
1741017786 45667 0
1741017788 45853 0
1741017790 46159 0
1741017792 46753 0
1741017794 47307 0
1741017796 47670 0
1741017798 47806 0
1741017800 47774 0
1741017802 47699 0
1741017804 47642 0
1741017807 47367 0
1741017809 46781 0
1741017811 46432 0
1741017813 46177 0
1741017815 45946 0
1741017817 45852 0
1741017819 45920 0
1741017821 46053 0
1741017823 45916 0
1741017825 45786 0
1741017827 45830 0
1741017829 45822 0
1741017831 45696 0
1741017833 45736 0
1741017835 45687 0
1741017837 45712 0
1741017839 45732 0
1741017841 45701 0
1741017843 45877 0
1741017845 46002 0
1741017847 46429 0
1741017849 47047 0
1741017851 47586 0
1741017854 47773 0
1741017856 47948 0
1741017858 47766 0
1741017860 47779 0
1741017862 47681 0
1741017864 47729 0
1741017866 47728 0
1741017868 47734 0
1741017870 47604 0
1741017872 47542 0
1741017874 47655 0
1741017876 46858 0
1741017878 46332 0
1741017880 46454 0
1741017882 46207 0
1741017884 45926 0
1741017886 45739 0
1741017888 45620 0
1741017890 45671 0
1741017892 45683 0
1741017894 45679 0
1741017896 45713 0
1741017899 45701 0
1741017901 45673 0
1741017903 45757 0
1741017905 45719 0
1741017907 45760 0
1741017909 45856 0
1741017911 45762 0
1741017913 45852 0
1741017915 46057 0
1741017917 46470 0
1741017919 47028 0
1741017921 47477 0
1741017923 47678 0
1741017925 47784 0
1741017927 47850 0
1741017929 47814 0
1741017931 47726 0
1741017933 47646 0
1741017935 47626 0
1741017937 47532 0
1741017939 47464 0
1741017941 47590 0
1741017943 47261 0
1741017946 46618 0
1741017948 46289 0
1741017950 46127 0
1741017952 45966 0
1741017954 45891 0
1741017956 45860 0
1741017958 45716 0
1741017960 45691 0
1741017962 45668 0
1741017964 45713 0
1741017966 45684 0
1741017968 45757 0
1741017970 45869 0
1741017972 45759 0
1741017974 45696 0
1741017976 45630 0
1741017978 45595 0
1741017980 45646 0
1741017982 45698 0
1741017984 45780 0
1741017986 45870 0
1741017988 45927 0
1741017990 46022 0
1741017993 46071 0
1741017995 46350 0
1741017997 46615 0
1741017999 47070 0
1741018001 47768 0
1741018003 47915 0
1741018005 47834 0
1741018007 47815 0
1741018009 47760 0
1741018011 47742 0
1741018013 47198 0
1741018015 46736 0
1741018017 46348 0
1741018019 46178 0
1741018021 45938 0
1741018023 45906 0
1741018025 45892 0
1741018027 45895 0
1741018029 45876 0
1741018031 45728 0
1741018033 45827 0
1741018035 45933 0
1741018037 45925 0
1741018040 45831 0
1741018042 45772 0
1741018044 45807 0
1741018046 45665 0
1741018048 45797 0
1741018050 45749 0
1741018052 45769 0
1741018054 45747 0
1741018056 45822 0
1741018058 45904 0
1741018060 46047 0
1741018062 46154 0
1741018064 46520 0
1741018066 46949 0
1741018068 47472 0
1741018070 47869 0
1741018072 47950 0
1741018074 47925 0
1741018076 47867 0
1741018078 47762 0
1741018080 47551 0
1741018082 46874 0
1741018084 46451 0
1741018087 46297 0
1741018089 46204 0
1741018091 46017 0
1741018093 46008 0
1741018095 45874 0
1741018097 45858 0
1741018099 45707 0
1741018101 45742 0
1741018103 45792 0
1741018105 45715 0
1741018107 45867 0
1741018109 45970 0
1741018111 45854 0
1741018113 45943 0
1741018115 45894 0
1741018117 46020 0
1741018119 46215 0
1741018121 46574 0
1741018123 47029 0
1741018125 47497 0
1741018127 47784 0
1741018129 47917 0
1741018132 47880 0
1741018134 47806 0
1741018136 47717 0
1741018138 47643 0
1741018140 47629 0
1741018142 47593 0
1741018144 47606 0
1741018146 47518 0
1741018148 47597 0
1741018150 47386 0
1741018152 46776 0
1741018154 46383 0
1741018156 46248 0
1741018158 46163 0
1741018160 46005 0
1741018162 45956 0
1741018164 45995 0
1741018166 45883 0
1741018168 45937 0
1741018170 45829 0
1741018172 45860 0
1741018174 45933 0
1741018176 45888 0
1741018179 45903 0
1741018181 46073 0
1741018183 45923 0
1741018185 46001 0
1741018187 46061 0
1741018189 46193 0
1741018191 46622 0
1741018193 47163 0
1741018195 47521 0
1741018197 47687 0
1741018199 47798 0
1741018201 47827 0
1741018203 47870 0
1741018205 47770 0
1741018207 47764 0
1741018209 47689 0
1741018211 47745 0
1741018213 47668 0
1741018215 47652 0
1741018217 47610 0
1741018219 47100 0
1741018221 46617 0
1741018223 46346 0
1741018226 46254 0
1741018228 46196 0
1741018230 46121 0
1741018232 46130 0
1741018234 46213 0
1741018236 45974 0
1741018238 45874 0
1741018240 46105 0
1741018242 46193 0
1741018244 46158 0
1741018246 46006 0
1741018248 45925 0
1741018250 45870 0
1741018252 45886 0
1741018254 45758 0
1741018256 45649 0
1741018258 45664 0
1741018260 45809 0
1741018262 45814 0
1741018264 45769 0
1741018266 45781 0
1741018268 46289 0
1741018270 46705 0
1741018273 47097 0
1741018275 47664 0
1741018277 47963 0
1741018279 47885 0
1741018281 47925 0
1741018283 47836 0
1741018285 47690 0
1741018287 47483 0
1741018289 46734 0
1741018291 46304 0
1741018293 46095 0
1741018295 45956 0
1741018297 45741 0
1741018299 45747 0
1741018301 45899 0
1741018303 45811 0
1741018305 45726 0
1741018307 45818 0
1741018309 45847 0
1741018311 45855 0
1741018313 45799 0
1741018315 45805 0
1741018318 45725 0
1741018320 45749 0
1741018322 45719 0
1741018324 45651 0
1741018326 45660 0
1741018328 45739 0
1741018330 45706 0
1741018332 45807 0
1741018334 45839 0
1741018336 46147 0
1741018338 46424 0
1741018340 46842 0
1741018342 47438 0
1741018344 47875 0
1741018346 47891 0
1741018348 47982 0
1741018350 47937 0
1741018352 47748 0
1741018354 47802 0
1741018356 47127 0
1741018358 46596 0
1741018360 46344 0
1741018362 45997 0
1741018365 45934 0
1741018367 45805 0
1741018369 45765 0
1741018371 45633 0
1741018373 45678 0
1741018375 45680 0
1741018377 45712 0
1741018379 45715 0
1741018381 45877 0
1741018383 45823 0
1741018385 45620 0
1741018387 45700 0
1741018389 45684 0
1741018391 45711 0
1741018393 45840 0
1741018395 45956 0
1741018397 46256 0
1741018399 46892 0
1741018401 47434 0
1741018403 47686 0
1741018405 47735 0
1741018407 47803 0
1741018410 47700 0
1741018412 47690 0
1741018414 47575 0
1741018416 47554 0
1741018418 47456 0
1741018420 47508 0
1741018422 47611 0
1741018424 47476 0
1741018426 46765 0
1741018428 46444 0
1741018430 46055 0
1741018432 45873 0
1741018434 45856 0
1741018436 45755 0
1741018438 45708 0
1741018440 45717 0
1741018442 45717 0
1741018444 45746 0
1741018446 45675 0
1741018448 45861 0
1741018450 45763 0
1741018452 45746 0
1741018454 45730 0
1741018457 45624 0
1741018459 45675 0
1741018461 45718 0
1741018463 45938 0
1741018465 46138 0
1741018467 46724 0
1741018469 47310 0
1741018471 47596 0
1741018473 47638 0
1741018475 47737 0
1741018477 47680 0
1741018479 47713 0
1741018481 47862 0
1741018483 47655 0
1741018485 47552 0
1741018487 47492 0
1741018489 47544 0
1741018491 47439 0
1741018493 47112 0
1741018495 46563 0
1741018497 46131 0
1741018499 45914 0
1741018501 45713 0
1741018504 45666 0
1741018506 45632 0
1741018508 45898 0
1741018510 45810 0
1741018512 45760 0
1741018514 45614 0
1741018516 45635 0
1741018518 45543 0
1741018520 45544 0
1741018522 45667 0
1741018524 45645 0
1741018526 45603 0
1741018528 45644 0
1741018530 45502 0
1741018532 45524 0
1741018534 45644 0
1741018536 45624 0
1741018538 45711 0
1741018540 45888 0
1741018542 45972 0
1741018544 46144 0
1741018546 46554 0
1741018549 47007 0
1741018551 47330 0
1741018553 47547 0
1741018555 47659 0
1741018557 47610 0
1741018559 47472 0
1741018561 47432 0
1741018563 46638 0
1741018565 46270 0
1741018567 46020 0
1741018569 45924 0
1741018571 45831 0
1741018573 45656 0
1741018575 45680 0
1741018577 45508 0
1741018579 45581 0
1741018581 45507 0
1741018583 45609 0
1741018585 45525 0
1741018587 45614 0
1741018589 45558 0
1741018591 45499 0
1741018593 45594 0
1741018596 45652 0
1741018598 45596 0
1741018600 45699 0
1741018602 45718 0
1741018604 45673 0
1741018606 45667 0
1741018608 45689 0
1741018610 45698 0
1741018612 45744 0
1741018614 45929 0
1741018616 46386 0
1741018618 46913 0
1741018620 47364 0
1741018622 47560 0
1741018624 47581 0
1741018626 47597 0
1741018628 47616 0
1741018630 47135 0
1741018632 46478 0
1741018634 46163 0
1741018636 45882 0
1741018638 45702 0
1741018641 45564 0
1741018643 45594 0
1741018645 45563 0
1741018647 45634 0
1741018649 45593 0
1741018651 45423 0
1741018653 45508 0
1741018655 45610 0
1741018657 45669 0
1741018659 45671 0
1741018661 45677 0
1741018663 45616 0
1741018665 45503 0
1741018667 45480 0
1741018669 45732 0
1741018671 45972 0
1741018673 46382 0
1741018675 46967 0
1741018677 47335 0
1741018679 47640 0
1741018681 47593 0
1741018683 47574 0
1741018686 47494 0
1741018688 47511 0
1741018690 47546 0
1741018692 47559 0
1741018694 47503 0
1741018696 47440 0
1741018698 47302 0
1741018700 46628 0
1741018702 46233 0
1741018704 46076 0
1741018706 45821 0
1741018708 45880 0
1741018710 45909 0
1741018712 45770 0
1741018714 45716 0
1741018716 45620 0
1741018718 45556 0
1741018720 45743 0
1741018722 45649 0
1741018724 45710 0
1741018726 45555 0
1741018728 45598 0
1741018730 45572 0
1741018733 45553 0
1741018735 45511 0
1741018737 45541 0
1741018739 45726 0
1741018741 46123 0
1741018743 46631 0
1741018745 46988 0
1741018747 47610 0
1741018749 47595 0
1741018751 47742 0
1741018753 47568 0
1741018755 47471 0
1741018757 47337 0
1741018759 47395 0
1741018761 47367 0
1741018763 47316 0
1741018765 47239 0
1741018767 47122 0
1741018769 46472 0
1741018771 46084 0
1741018773 45947 0
1741018775 45682 0
1741018778 45747 0
1741018780 45719 0
1741018782 45788 0
1741018784 45611 0
1741018786 45598 0
1741018788 45519 0
1741018790 45440 0
1741018792 45435 0
1741018794 45542 0
1741018796 45537 0
1741018798 45584 0
1741018800 45687 0
1741018802 45729 0
1741018804 45660 0
1741018806 45638 0
1741018808 45816 0
1741018810 45779 0
1741018812 45660 0
1741018814 45748 0
1741018816 45828 0
1741018818 45999 0
1741018820 46358 0
1741018822 46808 0
1741018825 47265 0
1741018827 47515 0
1741018829 47662 0
1741018831 47634 0
1741018833 47605 0
1741018835 47667 0
1741018837 47038 0
1741018839 46466 0
1741018841 46366 0
1741018843 46040 0
1741018845 45756 0
1741018847 45655 0
1741018849 45606 0
1741018851 45575 0
1741018853 45549 0
1741018855 45587 0
1741018857 45451 0
1741018859 45561 0
1741018861 45573 0
1741018863 45571 0
1741018865 45465 0
1741018867 45544 0
1741018869 45570 0
1741018872 45527 0
1741018874 45610 0
1741018876 45553 0
1741018878 45576 0
1741018880 45542 0
1741018882 45611 0
1741018884 45609 0
1741018886 45615 0
1741018888 45848 0
1741018890 46389 0
1741018892 46952 0
1741018894 47477 0
1741018896 47495 0
1741018898 47536 0
1741018900 47807 0
1741018902 47856 0
1741018904 47743 0
1741018906 46842 0
1741018908 46339 0
1741018910 46051 0
1741018912 45808 0
1741018914 45754 0
1741018916 45728 0
1741018919 45621 0
1741018921 45525 0
1741018923 45589 0
1741018925 45521 0
1741018927 45605 0
1741018929 45628 0
1741018931 45577 0
1741018933 45660 0
1741018935 45647 0
1741018937 45549 0
1741018939 45577 0
1741018941 45591 0
1741018943 45686 0
1741018945 45861 0
1741018947 46166 0
1741018949 46659 0
1741018951 47158 0
1741018953 47513 0
1741018955 47548 0
1741018957 47588 0
1741018959 47556 0
1741018961 47771 0
1741018964 47700 0
1741018966 47490 0
1741018968 47452 0
1741018970 47382 0
1741018972 47252 0
1741018974 46921 0
1741018976 46420 0
1741018978 45946 0
1741018980 45752 0
1741018982 45641 0
1741018984 45495 0
1741018986 45340 0
1741018988 45585 0
1741018990 45471 0
1741018992 45525 0
1741018994 45568 0
1741018996 45550 0
1741018998 45433 0
1741019000 45541 0
1741019002 45508 0
1741019004 45501 0
1741019006 45518 0
1741019008 45665 0
1741019011 45814 0
1741019013 45862 0
1741019015 46127 0
1741019017 46350 0
1741019019 47114 0
1741019021 47536 0
1741019023 47515 0
1741019025 47600 0
1741019027 47582 0
1741019029 47499 0
1741019031 47400 0
1741019033 47394 0
1741019035 47344 0
1741019037 47286 0
1741019039 47319 0
1741019041 47276 0
1741019043 46833 0
1741019045 46427 0
1741019047 46085 0
1741019049 45886 0
1741019051 45747 0
1741019053 45654 0
1741019056 45582 0
1741019058 45541 0
1741019060 45515 0
1741019062 45505 0
1741019064 45406 0
1741019066 45552 0
1741019068 45543 0
1741019070 45600 0
1741019072 45535 0
1741019074 45516 0
1741019076 45593 0
1741019078 45521 0
1741019080 45628 0
1741019082 45744 0
1741019084 45546 0
1741019086 45459 0
1741019088 45501 0
1741019090 45606 0
1741019092 45717 0
1741019094 45957 0
1741019096 46349 0
1741019098 46951 0
1741019100 47415 0
1741019103 47546 0
1741019105 47653 0
1741019107 47782 0
1741019109 47792 0
1741019111 47341 0
1741019113 46618 0
1741019115 46204 0
1741019117 45843 0
1741019119 45682 0
1741019121 45563 0
1741019123 45610 0
1741019125 45547 0
1741019127 45530 0
1741019129 45489 0
1741019131 45566 0
1741019133 45629 0
1741019135 45563 0
1741019137 45427 0
1741019139 45383 0
1741019141 45505 0
1741019143 45556 0
1741019145 45492 0
1741019147 45492 0
1741019150 45492 0
1741019152 45528 0
1741019154 45524 0
1741019156 45493 0
1741019158 45391 0
1741019160 45539 0
1741019162 45720 0
1741019164 46184 0
1741019166 46673 0
1741019168 47213 0
1741019170 47753 0
1741019172 47780 0
1741019174 47606 0
1741019176 47808 0
1741019178 47934 0
1741019180 47344 0
1741019182 46621 0
1741019184 46260 0
1741019186 45965 0
1741019188 45724 0
1741019190 45525 0
1741019192 45449 0
1741019195 45532 0
1741019197 45435 0
1741019199 45520 0
1741019201 45592 0
1741019203 45611 0
1741019205 45575 0
1741019207 45595 0
1741019209 45543 0
1741019211 45425 0
1741019213 45449 0
1741019215 45480 0
1741019217 45566 0
1741019219 45731 0
1741019221 45972 0
1741019223 46347 0
1741019225 47006 0
1741019227 47452 0
1741019229 47563 0
1741019231 47697 0
1741019233 47671 0
1741019235 47614 0
1741019237 47494 0
1741019240 47456 0
1741019242 47337 0
1741019244 47332 0
1741019246 47270 0
1741019248 47183 0
1741019250 46426 0
1741019252 46045 0
1741019254 45859 0
1741019256 45695 0
1741019258 45559 0
1741019260 45668 0
1741019262 45503 0
1741019264 45362 0
1741019266 45502 0
1741019268 45487 0
1741019270 45615 0
1741019272 45538 0
1741019274 45515 0
1741019276 45535 0
1741019278 45496 0
1741019280 45428 0
1741019282 45489 0
1741019285 45461 0
1741019287 45661 0
1741019289 46044 0
1741019291 46475 0
1741019293 46963 0
1741019295 47366 0
1741019297 47587 0
1741019299 47627 0
1741019301 47511 0
1741019303 47525 0
1741019305 47415 0
1741019307 47481 0
1741019309 47501 0
1741019311 47614 0
1741019313 47544 0
1741019315 47398 0
1741019317 46816 0
1741019319 46355 0
1741019321 46155 0
1741019323 45894 0
1741019325 45824 0
1741019327 45739 0
1741019329 45783 0
1741019332 45716 0
1741019334 45615 0
1741019336 45656 0
1741019338 45565 0
1741019340 45585 0
1741019342 45513 0
1741019344 45506 0
1741019346 45404 0
1741019348 45618 0
1741019350 45602 0
1741019352 45582 0
1741019354 45634 0
1741019356 45639 0
1741019358 45569 0
1741019360 45645 0
1741019362 45560 0
1741019364 45637 0
1741019366 45814 0
1741019368 46033 0
1741019370 46362 0
1741019372 46799 0
1741019374 47307 0
1741019377 47517 0
1741019379 47513 0
1741019381 47726 0
1741019383 47612 0
1741019385 47476 0
1741019387 46794 0
1741019389 46332 0
1741019391 46073 0
1741019393 45752 0
1741019395 45657 0
1741019397 45518 0
1741019399 45588 0
1741019401 45458 0
1741019403 45485 0
1741019405 45514 0
1741019407 45603 0
1741019409 45593 0
1741019411 45505 0
1741019413 45590 0
1741019415 45575 0
1741019417 45450 0
1741019419 45446 0
1741019421 45450 0
1741019424 45504 0
1741019426 45536 0
1741019428 45559 0
1741019430 45553 0
1741019432 45457 0
1741019434 45480 0
1741019436 45571 0
1741019438 45797 0
1741019440 46294 0
1741019442 47013 0
1741019444 47446 0
1741019446 47620 0
1741019448 47583 0
1741019450 47609 0
1741019452 47634 0
1741019454 47286 0
1741019456 46583 0
1741019458 46073 0
1741019460 45832 0
1741019462 45776 0
1741019464 45659 0
1741019466 45510 0
1741019468 45722 0
1741019471 45614 0
1741019473 45456 0
1741019475 45470 0
1741019477 45361 0
1741019479 45299 0
1741019481 45403 0
1741019483 45493 0
1741019485 45466 0
1741019487 45605 0
1741019489 45569 0
1741019491 45634 0
1741019493 45805 0
1741019495 45979 0
1741019497 46378 0
1741019499 46967 0
1741019501 47385 0
1741019503 47531 0
1741019505 47538 0
1741019507 47474 0
1741019509 47428 0
1741019511 47421 0
1741019513 47351 0
1741019516 47338 0
1741019518 47237 0
1741019520 47231 0
1741019522 47245 0
1741019524 46650 0
1741019526 46136 0
1741019528 45869 0
1741019530 45645 0
1741019532 45594 0
1741019534 45461 0
1741019536 45396 0
1741019538 45378 0
1741019540 45393 0
1741019542 45480 0
1741019544 45475 0
1741019546 45532 0
1741019548 45480 0
1741019550 45373 0
1741019552 45399 0
1741019554 45479 0
1741019556 45473 0
1741019558 45463 0
1741019561 45733 0
1741019563 45735 0
1741019565 46069 0
1741019567 46654 0
1741019569 47298 0
1741019571 47463 0
1741019573 47558 0
1741019575 47577 0
1741019577 47627 0
1741019579 47513 0
1741019581 47338 0
1741019583 47218 0
1741019585 47234 0
1741019587 47339 0
1741019589 47454 0
1741019591 47337 0
1741019593 46631 0
1741019595 46235 0
1741019597 45880 0
1741019599 45841 0
1741019601 45677 0
1741019603 45770 0
1741019606 45745 0
1741019608 45759 0
1741019610 45755 0
1741019612 45652 0
1741019614 45667 0
1741019616 45696 0
1741019618 45553 0
1741019620 45609 0
1741019622 45726 0
1741019624 45552 0
1741019626 45488 0
1741019628 45659 0
1741019630 45700 0
1741019632 45587 0
1741019634 45507 0
1741019636 45564 0
1741019638 45678 0
1741019640 45805 0
1741019642 45931 0
1741019644 46241 0
1741019646 46858 0
1741019648 47515 0
1741019650 47688 0
1741019653 47704 0
1741019655 47745 0
1741019657 47651 0
1741019659 47702 0
1741019661 47132 0
1741019663 46613 0
1741019665 46105 0
1741019667 45930 0
1741019669 45821 0
1741019671 45801 0
1741019673 45692 0
1741019675 45665 0
1741019677 45651 0
1741019679 45696 0
1741019681 45901 0
1741019683 45768 0
1741019685 45659 0
1741019687 45624 0
1741019689 45576 0
1741019691 45569 0
1741019693 45569 0
1741019695 45516 0
1741019697 45628 0
1741019700 45663 0
1741019702 45752 0
1741019704 45727 0
1741019706 45610 0
1741019708 45754 0
1741019710 45973 0
1741019712 46351 0
1741019714 46911 0
1741019716 47406 0
1741019718 47710 0
1741019720 47767 0
1741019722 47687 0
1741019724 47747 0
1741019726 47749 0
1741019728 47829 0
1741019730 47036 0
1741019732 46449 0
1741019734 46424 0
1741019736 46801 0
1741019738 46668 0
1741019740 46538 0
1741019742 46195 0
1741019744 45964 0
1741019747 45764 0
1741019749 45870 0
1741019751 45704 0
1741019753 45744 0
1741019755 45783 0
1741019757 45703 0
1741019759 45678 0
1741019761 45635 0
1741019763 45672 0
1741019765 45681 0
1741019767 45863 0
1741019769 46173 0
1741019771 46750 0
1741019773 47314 0
1741019775 47658 0
1741019777 47734 0
1741019779 47781 0
1741019781 47719 0
1741019783 47700 0
1741019785 47687 0
1741019787 47572 0
1741019789 47562 0
1741019792 47512 0
1741019794 47473 0
1741019796 47418 0
1741019798 47239 0
1741019800 46660 0
1741019802 46347 0
1741019804 46198 0
1741019806 46011 0
1741019808 46018 0
1741019810 45822 0
1741019812 45697 0
1741019814 45761 0
1741019816 45691 0
1741019818 45683 0
1741019820 45640 0
1741019822 45642 0
1741019824 45644 0
1741019826 45638 0
1741019828 45960 0
1741019830 45906 0
1741019832 45960 0
1741019834 45914 0
1741019836 46067 0
1741019839 46365 0
1741019841 46903 0
1741019843 47571 0
1741019845 47762 0
1741019847 47920 0
1741019849 47859 0
1741019851 47777 0
1741019853 47730 0
1741019855 47674 0
1741019857 47547 0
1741019859 47578 0
1741019861 47633 0
1741019863 47676 0
1741019865 47566 0
1741019867 46944 0
1741019869 46573 0
1741019871 46217 0
1741019873 46067 0
1741019875 45906 0
1741019877 45802 0
1741019879 45711 0
1741019881 45721 0
1741019883 45676 0
1741019886 45588 0
1741019888 45679 0
1741019890 45834 0
1741019892 45858 0
1741019894 45750 0
1741019896 45861 0
1741019898 45759 0
1741019900 45694 0
1741019902 45584 0
1741019904 45645 0
1741019906 45640 0
1741019908 45738 0
1741019910 45729 0
1741019912 45842 0
1741019914 45962 0
1741019916 46264 0
1741019918 46673 0
1741019920 47365 0
1741019922 47777 0
1741019924 47895 0
1741019926 47907 0
1741019928 47838 0
1741019930 47875 0
1741019933 47702 0
1741019935 47351 0
1741019937 46736 0
1741019939 46356 0
1741019941 46021 0
1741019943 45872 0
1741019945 45833 0
1741019947 45889 0
1741019949 46071 0
1741019951 46047 0
1741019953 45918 0
1741019955 45888 0
1741019957 45843 0
1741019959 45850 0
1741019961 45873 0
1741019963 45817 0
1741019965 45834 0
1741019967 45888 0
1741019969 45904 0
1741019971 45909 0
1741019973 45921 0
1741019975 45852 0
1741019977 45810 0
1741019980 45905 0
1741019982 46077 0
1741019984 46199 0
1741019986 46493 0
1741019988 46914 0
1741019990 47392 0
1741019992 47845 0
1741019994 47967 0
1741019996 47954 0
1741019998 47890 0
1741020000 47919 0
1741020002 47784 0
1741020004 47099 0
1741020006 46573 0
1741020008 46519 0
1741020010 46287 0
1741020012 46098 0
1741020014 45854 0
1741020016 45891 0
1741020018 45758 0
1741020020 45705 0
1741020022 45962 0
1741020025 45780 0
1741020027 45767 0
1741020029 45723 0
1741020031 45751 0
1741020033 45831 0
1741020035 45762 0
1741020037 45791 0
1741020039 45710 0
1741020041 46008 0
1741020043 46114 0
1741020045 46435 0
1741020047 46949 0
1741020049 47331 0
1741020051 47614 0
1741020053 47768 0
1741020055 47807 0
1741020057 47690 0
1741020059 47605 0
1741020061 47559 0
1741020063 47403 0
1741020065 47553 0
1741020067 47596 0
1741020069 47586 0
1741020072 47585 0
1741020074 46935 0
1741020076 46653 0
1741020078 46817 0
1741020080 47369 0
1741020082 47025 0
1741020084 46532 0
1741020086 46215 0
1741020088 46075 0
1741020090 45920 0
1741020092 45915 0
1741020094 45838 0
1741020096 45777 0
1741020098 45744 0
1741020100 45967 0
1741020102 45869 0
1741020104 45835 0
1741020106 45789 0
1741020108 45781 0
1741020110 45995 0
1741020112 46004 0
1741020114 46407 0
1741020116 47100 0
1741020119 47492 0
1741020121 47723 0
1741020123 47696 0
1741020125 47751 0
1741020127 47698 0
1741020129 47654 0
1741020131 47608 0
1741020133 47653 0
1741020135 47570 0
1741020137 47616 0
1741020139 47595 0
1741020141 47246 0
1741020143 46648 0
1741020145 46290 0
1741020147 46126 0
1741020149 45932 0
1741020151 45911 0
1741020153 45847 0
1741020155 45771 0
1741020157 45659 0
1741020159 45670 0
1741020161 45835 0
1741020164 45794 0
1741020166 45691 0
1741020168 45653 0
1741020170 45742 0
1741020172 45700 0
1741020174 45622 0
1741020176 45716 0
1741020178 45662 0
1741020180 45591 0
1741020182 45665 0
1741020184 45634 0
1741020186 45620 0
1741020188 45788 0
1741020190 45942 0
1741020192 46148 0
1741020194 46614 0
1741020196 47219 0
1741020198 47648 0
1741020200 47740 0
1741020202 47766 0
1741020204 47766 0
1741020206 47904 0
1741020208 47790 0
1741020211 47108 0
1741020213 46634 0
1741020215 46241 0
1741020217 46089 0
1741020219 45945 0
1741020221 45913 0
1741020223 45751 0
1741020225 45640 0
1741020227 45706 0
1741020229 45661 0
1741020231 45661 0
1741020233 45647 0
1741020235 45666 0
1741020237 45557 0
1741020239 45608 0
1741020241 45558 0
1741020243 45475 0
1741020245 45520 0
1741020247 45706 0
1741020249 45686 0
1741020251 45568 0
1741020253 45602 0
1741020255 45734 0
1741020258 45694 0
1741020260 45898 0
1741020262 46189 0
1741020264 46748 0
1741020266 47186 0
1741020268 47706 0
1741020270 47660 0
1741020272 47831 0
1741020274 47841 0
1741020276 47654 0
1741020278 47254 0
1741020280 46720 0
1741020282 46272 0
1741020284 46014 0
1741020286 45961 0
1741020288 45921 0
1741020290 45924 0
1741020292 45881 0
1741020294 45836 0
1741020296 45733 0
1741020298 45705 0
1741020300 45754 0
1741020303 45651 0
1741020305 45689 0
1741020307 45793 0
1741020309 45855 0
1741020311 45807 0
1741020313 45749 0
1741020315 45941 0
1741020317 46012 0
1741020319 46261 0
1741020321 46617 0
1741020323 47138 0
1741020325 47509 0
1741020327 47767 0
1741020329 47728 0
1741020331 47808 0
1741020333 47855 0
1741020335 47625 0
1741020337 47598 0
1741020339 47509 0
1741020341 47589 0
1741020343 47382 0
1741020345 47309 0
1741020347 46806 0
1741020350 46389 0
1741020352 46088 0
1741020354 45882 0
1741020356 45764 0
1741020358 45786 0
1741020360 45666 0
1741020362 45638 0
1741020364 45647 0
1741020366 45631 0
1741020368 45801 0
1741020370 45843 0
1741020372 45805 0
1741020374 45716 0
1741020376 45799 0
1741020378 45742 0
1741020380 45789 0
1741020382 45834 0
1741020384 45831 0
1741020386 45955 0
1741020388 46385 0
1741020390 46892 0
1741020392 47321 0
1741020395 47716 0
1741020397 47908 0
1741020399 47795 0
1741020401 47933 0
1741020403 47848 0
1741020405 47635 0
1741020407 47562 0
1741020409 47478 0
1741020411 47553 0
1741020413 47528 0
1741020415 47470 0
1741020417 46799 0
1741020419 46426 0
1741020421 45975 0
1741020423 45872 0
1741020425 45733 0
1741020427 45783 0
1741020429 45862 0
1741020431 45839 0
1741020433 45912 0
1741020435 45757 0
1741020437 45682 0
1741020439 45641 0
1741020442 45686 0
1741020444 45784 0
1741020446 45686 0
1741020448 45748 0
1741020450 45677 0
1741020452 45595 0
1741020454 45700 0
1741020456 45634 0
1741020458 45712 0
1741020460 45909 0
1741020462 45949 0
1741020464 45940 0
1741020466 46006 0
1741020468 46271 0
1741020470 46789 0
1741020472 47370 0
1741020474 47702 0
1741020476 47755 0
1741020478 47796 0
1741020480 47797 0
1741020482 47797 0
1741020484 47273 0
1741020486 46668 0
1741020489 46441 0
1741020491 46086 0
1741020493 45965 0
1741020495 45874 0
1741020497 45804 0
1741020499 45852 0
1741020501 45740 0
1741020503 45813 0
1741020505 45849 0
1741020507 45869 0
1741020509 46050 0
1741020511 45946 0
1741020513 45881 0
1741020515 45896 0
1741020517 45774 0
1741020519 45767 0
1741020521 45920 0
1741020523 45729 0
1741020525 45659 0
1741020527 45679 0
1741020529 45636 0
1741020532 45731 0
1741020534 45726 0
1741020536 45963 0
1741020538 46169 0
1741020540 46728 0
1741020542 47200 0
1741020544 47437 0
1741020546 47573 0
1741020548 47818 0
1741020550 47820 0
1741020552 47771 0
1741020554 46830 0
1741020556 46357 0
1741020558 45932 0
1741020560 45804 0
1741020562 45740 0
1741020564 45718 0
1741020566 45671 0
1741020568 45573 0
1741020570 45555 0
1741020572 45560 0
1741020574 45618 0
1741020576 45648 0
1741020579 45633 0
1741020581 45790 0
1741020583 45846 0
1741020585 45809 0
1741020587 45743 0
1741020589 45760 0
1741020591 45775 0
1741020593 45946 0
1741020595 46400 0
1741020597 46845 0
1741020599 47405 0
1741020601 47566 0
1741020603 47591 0
1741020605 47705 0
1741020607 47794 0
1741020609 47732 0
1741020611 47585 0
1741020613 47599 0
1741020615 47525 0
1741020617 47510 0
1741020620 47393 0
1741020622 46895 0
1741020624 46510 0
1741020626 46120 0
1741020628 45920 0
1741020630 45785 0
1741020632 45652 0
1741020634 45622 0
1741020636 45645 0
1741020638 45606 0
1741020640 45656 0
1741020642 45657 0
1741020644 45624 0
1741020646 45719 0
1741020648 45707 0
1741020650 45747 0
1741020652 45736 0
1741020654 45776 0
1741020656 45884 0
1741020658 45850 0
1741020660 45968 0
1741020662 46217 0
1741020664 46643 0
1741020667 47262 0
1741020669 47767 0
1741020671 47668 0
1741020673 47695 0
1741020675 47572 0
1741020677 47562 0
1741020679 47516 0
1741020681 47548 0
1741020683 47496 0
1741020685 47365 0
1741020687 47384 0
1741020689 47298 0
1741020691 46650 0
1741020693 46238 0
1741020695 45976 0
1741020697 45786 0
1741020699 45800 0
1741020701 45983 0
1741020703 45776 0
1741020705 45657 0
1741020707 45640 0
1741020709 45598 0
1741020711 45611 0
1741020714 45628 0
1741020716 45675 0
1741020718 45568 0
1741020720 45557 0
1741020722 45601 0
1741020724 45614 0
1741020726 45519 0
1741020728 45610 0
1741020730 45653 0
1741020732 45557 0
1741020734 45555 0
1741020736 45645 0
1741020738 45690 0
1741020740 45708 0
1741020742 46135 0
1741020744 46683 0
1741020746 47195 0
1741020748 47550 0
1741020750 47699 0
1741020752 47655 0
1741020754 47691 0
1741020756 47705 0
1741020759 47342 0
1741020761 46957 0
1741020763 46413 0
1741020765 46179 0
1741020767 46042 0
1741020769 45845 0
1741020771 45743 0
1741020773 45711 0
1741020775 45681 0
1741020777 45561 0
1741020779 45513 0
1741020781 45445 0
1741020783 45465 0
1741020785 45482 0
1741020787 45709 0
1741020789 45820 0
1741020791 45715 0
1741020793 45602 0
1741020795 45710 0
1741020797 45601 0
1741020799 45707 0
1741020801 45511 0
1741020803 45600 0
1741020806 45663 0
1741020808 46076 0
1741020810 46725 0
1741020812 47592 0
1741020814 48176 0
1741020816 48375 0
1741020818 48169 0
1741020820 48106 0
1741020822 48063 0
1741020824 47881 0
1741020826 47785 0
1741020828 47221 0
1741020830 46605 0
1741020832 46084 0
1741020834 45963 0
1741020836 45849 0
1741020838 45909 0
1741020840 45883 0
1741020842 45750 0
1741020844 45712 0
1741020846 45725 0
1741020848 45673 0
1741020851 45677 0
1741020853 45550 0
1741020855 45639 0
1741020857 45732 0
1741020859 45605 0
1741020861 45599 0
1741020863 45499 0
1741020865 45619 0
1741020867 45936 0
1741020869 46191 0
1741020871 46647 0
1741020873 47092 0
1741020875 47603 0
1741020877 47670 0
1741020879 47637 0
1741020881 47795 0
1741020883 47661 0
1741020885 47588 0
1741020887 47587 0
1741020889 47652 0
1741020891 47457 0
1741020893 47399 0
1741020895 47238 0
1741020898 46652 0
1741020900 46256 0
1741020902 45960 0
1741020904 45876 0
1741020906 45725 0
1741020908 45801 0
1741020910 45884 0
1741020912 45725 0
1741020914 45650 0
1741020916 45662 0
1741020918 45633 0
1741020920 45585 0
1741020922 45624 0
1741020924 45676 0
1741020926 45674 0
1741020928 45599 0
1741020930 45515 0
1741020932 45646 0
1741020934 45691 0
1741020936 45900 0
1741020938 46267 0
1741020940 47163 0
1741020942 47614 0
1741020945 47608 0
1741020947 47589 0
1741020949 47602 0
1741020951 47713 0
1741020953 47649 0
1741020955 47539 0
1741020957 47455 0
1741020959 47435 0
1741020961 47492 0
1741020963 47450 0
1741020965 47111 0
1741020967 46677 0
1741020969 46333 0
1741020971 46109 0
1741020973 45825 0
1741020975 45630 0
1741020977 45496 0
1741020979 45572 0
1741020981 45622 0
1741020983 45578 0
1741020985 45620 0
1741020987 45646 0
1741020990 45590 0
1741020992 45578 0
1741020994 45695 0
1741020996 45670 0
1741020998 45570 0
1741021000 45628 0
1741021002 45769 0
1741021004 45574 0
1741021006 45630 0
1741021008 45530 0
1741021010 45672 0
1741021012 45658 0
1741021014 45742 0
1741021016 45975 0
1741021018 46297 0
1741021020 46767 0
1741021022 47389 0
1741021024 47466 0
1741021026 47637 0
1741021028 47800 0
1741021030 47735 0
1741021032 47617 0
1741021034 46795 0
1741021037 46317 0
1741021039 46054 0
1741021041 45842 0
1741021043 45730 0
1741021045 45720 0
1741021047 45736 0
1741021049 45709 0
1741021051 45736 0
1741021053 45619 0
1741021055 45548 0
1741021057 45572 0
1741021059 45527 0
1741021061 45643 0
1741021063 45660 0
1741021065 45594 0
1741021067 45576 0
1741021069 45408 0
1741021071 45406 0
1741021073 45438 0
1741021075 45496 0
1741021077 45415 0
1741021079 45431 0
1741021081 45480 0
1741021084 45557 0
1741021086 45739 0
1741021088 46264 0
1741021090 46761 0
1741021092 47336 0
1741021094 47508 0
1741021096 47632 0
1741021098 47554 0
1741021100 47605 0
1741021102 47426 0
1741021104 46528 0
1741021106 46135 0
1741021108 46023 0
1741021110 45687 0
1741021112 45606 0
1741021114 45669 0
1741021116 45589 0
1741021118 45663 0
1741021120 45876 0
1741021122 45808 0
1741021124 45752 0
1741021126 45710 0
1741021128 45611 0
1741021131 45781 0
1741021133 45736 0
1741021135 45570 0
1741021137 45526 0
1741021139 45624 0
1741021141 45700 0
1741021143 45976 0
1741021145 46371 0
1741021147 47028 0
1741021149 47556 0
1741021151 47819 0
1741021153 47714 0
1741021155 47719 0
1741021157 47657 0
1741021159 47657 0
1741021161 47558 0
1741021163 47534 0
1741021165 47459 0
1741021167 47446 0
1741021169 47315 0
1741021171 46729 0
1741021173 46421 0
1741021176 46078 0
1741021178 45935 0
1741021180 45857 0
1741021182 45838 0
1741021184 45866 0
1741021186 45805 0
1741021188 45688 0
1741021190 45721 0
1741021192 45620 0
1741021194 45587 0
1741021196 45520 0
1741021198 45514 0
1741021200 45463 0
1741021202 45409 0
1741021204 45626 0
1741021206 45729 0
1741021208 45920 0
1741021210 46042 0
1741021212 46273 0
1741021214 46694 0
1741021216 47123 0
1741021218 47453 0
1741021221 47586 0
1741021223 47575 0
1741021225 47566 0
1741021227 47650 0
1741021229 47566 0
1741021231 47553 0
1741021233 47492 0
1741021235 47564 0
1741021237 47397 0
1741021239 47340 0
1741021241 46891 0
1741021243 46385 0
1741021245 46099 0
1741021247 45814 0
1741021249 45776 0
1741021251 45943 0
1741021253 45895 0
1741021255 45861 0
1741021257 45871 0
1741021259 45723 0
1741021261 45766 0
1741021263 45628 0
1741021265 45624 0
1741021268 45727 0
1741021270 45777 0
1741021272 45719 0
1741021274 45701 0
1741021276 45614 0
1741021278 45591 0
1741021280 45562 0
1741021282 45568 0
1741021284 45712 0
1741021286 45746 0
1741021288 45828 0
1741021290 45996 0
1741021292 46331 0
1741021294 46823 0
1741021296 47388 0
1741021298 47705 0
1741021300 48059 0
1741021302 47835 0
1741021304 47770 0
1741021306 47630 0
1741021308 47063 0
1741021310 46422 0
1741021312 46092 0
1741021315 45915 0
1741021317 45783 0
1741021319 45767 0
1741021321 45610 0
1741021323 45621 0
1741021325 45581 0
1741021327 45664 0
1741021329 45777 0
1741021331 45741 0
1741021333 45534 0
1741021335 45653 0
1741021337 45710 0
1741021339 45549 0
1741021341 45545 0
1741021343 45419 0
1741021345 45515 0
1741021347 45561 0
1741021349 45548 0
1741021351 45514 0
1741021353 45593 0
1741021355 45671 0
1741021357 45734 0
1741021360 45994 0
1741021362 46527 0
1741021364 47042 0
1741021366 47472 0
1741021368 47747 0
1741021370 47899 0
1741021372 47855 0
1741021374 47827 0
1741021376 47673 0
1741021378 46890 0
1741021380 46371 0
1741021382 45974 0
1741021384 45861 0
1741021386 45744 0
1741021388 45838 0
1741021390 45746 0
1741021392 45668 0
1741021394 45584 0
1741021396 45547 0
1741021398 45605 0
1741021400 45577 0
1741021402 45612 0
1741021404 45557 0
1741021407 45548 0
1741021409 45546 0
1741021411 45577 0
1741021413 45665 0
1741021415 45613 0
1741021417 45664 0
1741021419 45739 0
1741021421 46049 0
1741021423 46498 0
1741021425 47098 0
1741021427 47566 0
1741021429 47671 0
1741021431 47616 0
1741021433 47593 0
1741021435 47521 0
1741021437 47503 0
1741021439 47477 0
1741021441 47434 0
1741021443 47406 0
1741021445 47143 0
1741021447 46656 0
1741021449 46405 0
1741021451 46091 0
1741021454 45858 0
1741021456 45788 0
1741021458 45735 0
1741021460 45637 0
1741021462 45656 0
1741021464 45564 0
1741021466 45584 0
1741021468 45603 0
1741021470 45546 0
1741021472 45584 0
1741021474 45485 0
1741021476 45511 0
1741021478 45507 0
1741021480 45822 0
1741021482 45767 0
1741021484 45654 0
1741021486 45755 0
1741021488 45891 0
1741021490 46252 0
1741021492 46764 0
1741021494 47364 0
1741021496 47690 0
1741021499 47770 0
1741021501 47514 0
1741021503 47592 0
1741021505 47600 0
1741021507 47627 0
1741021509 47719 0
1741021511 47573 0
1741021513 47545 0
1741021515 46979 0
1741021517 46427 0
1741021519 46200 0
1741021521 46038 0
1741021523 45937 0
1741021525 45854 0
1741021527 45815 0
1741021529 45756 0
1741021531 45702 0
1741021533 45769 0
1741021535 45783 0
1741021537 45719 0
1741021539 45702 0
1741021541 45700 0
1741021543 45633 0
1741021546 45631 0
1741021548 45575 0
1741021550 45780 0
1741021552 45795 0
1741021554 45901 0
1741021556 45936 0
1741021558 45924 0
1741021560 45840 0
1741021562 45801 0
1741021564 45770 0
1741021566 45903 0
1741021568 46227 0
1741021570 46629 0
1741021572 47104 0
1741021574 47610 0
1741021576 47901 0
1741021578 47937 0
1741021580 47938 0
1741021582 47787 0
1741021584 47006 0
1741021586 46412 0
1741021588 46217 0
1741021591 46002 0
1741021593 45913 0
1741021595 45915 0
1741021597 45915 0
1741021599 45796 0
1741021601 45721 0
1741021603 45686 0
1741021605 45688 0
1741021607 45635 0
1741021609 45583 0
1741021611 45568 0
1741021613 45626 0
1741021615 45518 0
1741021617 45646 0
1741021619 45707 0
1741021621 45764 0
1741021623 45705 0
1741021625 45699 0
1741021627 45775 0
1741021629 45852 0
1741021631 45758 0
1741021633 45763 0
1741021635 45828 0
1741021638 46064 0
1741021640 46520 0
1741021642 47035 0
1741021644 47514 0
1741021646 47762 0
1741021648 47839 0
1741021650 47784 0
1741021652 47276 0
1741021654 46708 0
1741021656 46380 0
1741021658 46142 0
1741021660 46115 0
1741021662 46021 0
1741021664 45913 0
1741021666 45727 0
1741021668 45597 0
1741021670 45676 0
1741021672 45795 0
1741021674 45768 0
1741021676 45727 0
1741021678 45791 0
1741021680 45757 0
1741021682 45809 0
1741021685 45828 0
1741021687 45823 0
1741021689 45947 0
1741021691 46036 0
1741021693 46211 0
1741021695 46497 0
1741021697 46740 0
1741021699 47407 0
1741021701 47682 0
1741021703 47897 0
1741021705 47819 0
1741021707 47947 0
1741021709 47855 0
1741021711 47845 0
1741021713 47799 0
1741021715 47734 0
1741021717 47542 0
1741021719 47576 0
1741021721 47043 0
1741021723 46571 0
1741021725 46183 0
1741021727 46002 0
1741021729 45993 0
1741021732 45855 0
1741021734 45710 0
1741021736 45572 0
1741021738 45515 0
1741021740 45519 0
1741021742 45639 0
1741021744 45666 0
1741021746 45704 0
1741021748 45725 0
1741021750 45755 0
1741021752 45807 0
1741021754 45859 0
1741021756 45865 0
1741021758 45895 0
1741021760 45881 0
1741021762 46163 0
1741021764 46505 0
1741021766 47100 0
1741021768 47555 0
1741021770 47772 0
1741021772 48008 0
1741021774 47901 0
1741021777 47731 0
1741021779 47670 0
1741021781 47848 0
1741021783 47718 0
1741021785 47624 0
1741021787 47505 0
1741021789 47196 0
1741021791 46675 0
1741021793 46315 0
1741021795 46052 0
1741021797 45955 0
1741021799 45925 0
1741021801 45815 0
1741021803 45655 0
1741021805 45640 0
1741021807 45790 0
1741021809 45843 0
1741021811 45748 0
1741021813 45688 0
1741021815 45745 0
1741021817 45752 0
1741021819 45765 0
1741021821 45818 0
1741021824 45815 0
1741021826 45639 0
1741021828 45703 0
1741021830 45654 0
1741021832 45615 0
1741021834 45728 0
1741021836 45644 0
1741021838 45625 0
1741021840 45859 0
1741021842 46158 0
1741021844 46418 0
1741021846 46857 0
1741021848 47422 0
1741021850 47725 0
1741021852 47760 0
1741021854 47802 0
1741021856 47853 0
1741021858 47178 0
1741021860 46493 0
1741021862 46269 0
1741021864 45979 0
1741021866 45980 0
1741021868 45944 0
1741021871 45839 0
1741021873 45751 0
1741021875 45699 0
1741021877 45611 0
1741021879 45741 0
1741021881 45610 0
1741021883 45677 0
1741021885 45617 0
1741021887 45619 0
1741021889 45664 0
1741021891 45644 0
1741021893 45619 0
1741021895 45694 0
1741021897 45661 0
1741021899 45722 0
1741021901 45861 0
1741021903 45858 0
1741021905 45746 0
1741021907 45771 0
1741021909 45945 0
1741021911 46288 0
1741021913 46513 0
1741021916 46834 0
1741021918 47253 0
1741021920 47612 0
1741021922 47803 0
1741021924 47708 0
1741021926 47383 0
1741021928 46745 0
1741021930 46360 0
1741021932 46029 0
1741021934 45930 0
1741021936 45917 0
1741021938 45794 0
1741021940 45803 0
1741021942 45756 0
1741021944 45784 0
1741021946 45722 0
1741021948 45771 0
1741021950 45769 0
1741021952 45662 0
1741021954 45747 0
1741021956 45702 0
1741021958 45569 0
1741021960 45846 0
1741021963 45784 0
1741021965 45797 0
1741021967 45841 0
1741021969 46025 0
1741021971 46246 0
1741021973 46708 0
1741021975 47307 0
1741021977 47566 0
1741021979 47723 0
1741021981 47675 0
1741021983 47613 0
1741021985 47695 0
1741021987 47675 0
1741021989 47686 0
1741021991 47599 0
1741021993 47446 0
1741021995 46897 0
1741021997 46451 0
1741021999 46092 0
1741022001 45859 0
1741022003 45804 0
1741022005 45773 0
1741022007 45914 0
1741022010 45854 0
1741022012 45820 0
1741022014 45816 0
1741022016 45694 0
1741022018 45758 0
1741022020 45760 0
1741022022 45830 0
1741022024 45802 0
1741022026 45538 0
1741022028 45555 0
1741022030 45637 0
1741022032 45627 0
1741022034 45804 0
1741022036 45820 0
1741022038 46198 0
1741022040 46612 0
1741022042 47129 0
1741022044 47758 0
1741022046 47795 0
1741022048 47970 0
1741022050 47845 0
1741022052 47694 0
1741022055 47688 0
1741022057 47506 0
1741022059 47516 0
1741022061 47451 0
1741022063 47379 0
1741022065 46716 0
1741022067 46443 0
1741022069 46062 0
1741022071 45964 0
1741022073 45837 0
1741022075 45764 0
1741022077 45785 0
1741022079 45665 0
1741022081 45711 0
1741022083 45681 0
1741022085 45689 0
1741022087 45581 0
1741022089 45524 0
1741022091 45524 0
1741022093 45473 0
1741022095 45517 0
1741022097 45598 0
1741022099 45661 0
1741022102 45527 0
1741022104 45551 0
1741022106 45510 0
1741022108 45652 0
1741022110 45700 0
1741022112 45734 0
1741022114 45820 0
1741022116 45955 0
1741022118 46063 0
1741022120 46380 0
1741022122 46832 0
1741022124 47396 0
1741022126 47610 0
1741022128 47802 0
1741022130 47738 0
1741022132 47215 0
1741022134 46649 0
1741022136 46209 0
1741022138 45988 0
1741022140 46017 0
1741022142 45829 0
1741022144 45779 0
1741022146 45782 0
1741022149 45760 0
1741022151 45715 0
1741022153 45685 0
1741022155 45556 0
1741022157 45614 0
1741022159 45641 0
1741022161 45632 0
1741022163 45635 0
1741022165 45703 0
1741022167 45841 0
1741022169 45994 0
1741022171 45828 0
1741022173 45801 0
1741022175 45821 0
1741022177 45753 0
1741022179 45808 0
1741022181 45739 0
1741022183 45859 0
1741022185 46026 0
1741022187 46175 0
1741022189 46680 0
1741022191 47154 0
1741022193 47529 0
1741022196 47675 0
1741022198 47690 0
1741022200 47885 0
1741022202 47094 0
1741022204 46408 0
1741022206 46050 0
1741022208 45913 0
1741022210 45690 0
1741022212 45608 0
1741022214 45604 0
1741022216 45629 0
1741022218 45717 0
1741022220 45605 0
1741022222 45613 0
1741022224 45593 0
1741022226 45496 0
1741022228 45610 0
1741022230 45559 0
1741022232 45371 0
1741022234 45502 0
1741022236 45682 0
1741022238 45652 0
1741022241 45708 0
1741022243 45864 0
1741022245 46124 0
1741022247 46524 0
1741022249 47012 0
1741022251 47357 0
1741022253 47665 0
1741022255 47657 0
1741022257 47634 0
1741022259 47608 0
1741022261 47652 0
1741022263 47488 0
1741022265 47407 0
1741022267 47493 0
1741022269 47135 0
1741022271 46519 0
1741022273 46075 0
1741022275 45880 0
1741022277 45587 0
1741022279 45621 0
1741022281 45650 0
1741022283 45602 0
1741022285 45574 0
1741022288 45586 0
1741022290 45538 0
1741022292 45547 0
1741022294 45517 0
1741022296 45554 0
1741022298 45460 0
1741022300 45375 0
1741022302 45565 0
1741022304 45636 0
1741022306 45689 0
1741022308 45751 0
1741022310 45695 0
1741022312 45853 0
1741022314 46094 0
1741022316 46481 0
1741022318 47112 0
1741022320 47437 0
1741022322 47575 0
1741022324 47625 0
1741022326 47546 0
1741022328 47549 0
1741022330 47550 0
1741022333 47489 0
1741022335 47413 0
1741022337 47384 0
1741022339 46778 0
1741022341 46196 0
1741022343 45895 0
1741022345 45718 0
1741022347 45781 0
1741022349 45823 0
1741022351 45691 0
1741022353 45563 0
1741022355 45505 0
1741022357 45345 0
1741022359 45465 0
1741022361 45484 0
1741022363 45464 0
1741022365 45448 0
1741022367 45544 0
1741022369 45518 0
1741022371 45419 0
1741022373 45462 0
1741022375 45478 0
1741022377 45419 0
1741022380 45581 0
1741022382 45733 0
1741022384 45646 0
1741022386 45463 0
1741022388 45474 0
1741022390 45554 0
1741022392 45567 0
1741022394 45712 0
1741022396 45923 0
1741022398 46521 0
1741022400 46991 0
1741022402 47399 0
1741022404 47491 0
1741022406 47352 0
1741022408 46674 0
1741022410 46270 0
1741022412 45984 0
1741022414 45749 0
1741022416 45676 0
1741022418 45476 0
1741022420 45421 0
1741022422 45515 0
1741022424 45418 0
1741022427 45435 0
1741022429 45447 0
1741022431 45499 0
1741022433 45433 0
1741022435 45446 0
1741022437 45344 0
1741022439 45335 0
1741022441 45565 0
1741022443 45549 0
1741022445 45525 0
1741022447 45522 0
1741022449 45669 0
1741022451 45617 0
1741022453 45538 0
1741022455 45584 0
1741022457 45552 0
1741022459 45511 0
1741022461 45641 0
1741022463 45882 0
1741022465 46300 0
1741022467 46962 0
1741022469 47417 0
1741022472 47564 0
1741022474 47542 0
1741022476 47181 0
1741022478 46416 0
1741022480 46076 0
1741022482 45780 0
1741022484 45566 0
1741022486 45316 0
1741022488 45358 0
1741022490 45354 0
1741022492 45357 0
1741022494 45489 0
1741022496 45356 0
1741022498 45347 0
1741022500 45520 0
1741022502 45530 0
1741022504 45453 0
1741022506 45335 0
1741022508 45429 0
1741022510 45370 0
1741022512 45416 0
1741022514 45251 0
1741022516 45280 0
1741022519 45409 0
1741022521 45739 0
1741022523 46233 0
1741022525 46711 0
1741022527 47297 0
1741022529 47590 0
1741022531 47465 0
1741022533 47580 0
1741022535 47556 0
1741022537 47432 0
1741022539 47358 0
1741022541 47276 0
1741022543 47251 0
1741022545 46591 0
1741022547 46201 0
1741022549 45788 0
1741022551 45546 0
1741022553 45649 0
1741022555 45436 0
1741022557 45375 0
1741022559 45489 0
1741022561 45680 0
1741022563 45566 0
1741022566 45612 0
1741022568 45503 0
1741022570 45477 0
1741022572 45410 0
1741022574 45301 0
1741022576 45245 0
1741022578 45359 0
1741022580 45224 0
1741022582 45445 0
1741022584 45483 0
1741022586 45510 0
1741022588 45919 0
1741022590 46200 0
1741022592 46612 0
1741022594 47193 0
1741022596 47520 0
1741022598 47624 0
1741022600 47521 0
1741022602 47548 0
1741022604 47547 0
1741022606 47529 0
1741022608 47518 0
1741022610 47518 0
1741022613 47550 0
1741022615 46647 0
1741022617 46072 0
1741022619 45705 0
1741022621 45717 0
1741022623 45648 0
1741022625 45647 0
1741022627 45533 0
1741022629 45570 0
1741022631 45633 0
1741022633 45451 0
1741022635 45403 0
1741022637 45320 0
1741022639 45308 0
1741022641 45256 0
1741022643 45410 0
1741022645 45413 0
1741022647 45592 0
1741022649 45584 0
1741022651 45497 0
1741022653 45454 0
1741022655 45446 0
1741022658 45280 0
1741022660 45373 0
1741022662 45278 0
1741022664 45342 0
1741022666 45398 0
1741022668 45640 0
1741022670 45812 0
1741022672 46329 0
1741022674 46877 0
1741022676 47347 0
1741022678 47568 0
1741022680 47678 0
1741022682 46981 0
1741022684 46381 0
1741022686 45935 0
1741022688 45727 0
1741022690 45573 0
1741022692 45563 0
1741022694 45526 0
1741022696 45427 0
1741022698 45417 0
1741022700 45416 0
1741022702 45396 0
1741022705 45377 0
1741022707 45431 0
1741022709 45402 0
1741022711 45261 0
1741022713 45442 0
1741022715 45250 0
1741022717 45313 0
1741022719 45236 0
1741022721 45278 0
1741022723 45394 0
1741022725 45240 0
1741022727 45338 0
1741022729 45356 0
1741022731 45285 0
1741022733 45400 0
1741022735 45649 0
1741022737 45721 0
1741022739 45891 0
1741022741 46548 0
1741022743 47114 0
1741022745 47393 0
1741022747 47589 0
1741022749 47323 0
1741022752 46608 0
1741022754 46169 0
1741022756 45910 0
1741022758 45679 0
1741022760 45549 0
1741022762 45415 0
1741022764 45369 0
1741022766 45338 0
1741022768 45361 0
1741022770 45460 0
1741022772 45448 0
1741022774 45443 0
1741022776 45492 0
1741022778 45537 0
1741022780 45403 0
1741022782 45420 0
1741022784 45436 0
1741022786 45496 0
1741022788 45382 0
1741022790 45421 0
1741022792 45563 0
1741022794 45785 0
1741022797 46042 0
1741022799 46522 0
1741022801 47226 0
1741022803 47438 0
1741022805 47443 0
1741022807 47538 0
1741022809 47442 0
1741022811 47432 0
1741022813 47433 0
1741022815 47262 0
1741022817 47232 0
1741022819 46819 0
1741022821 46223 0
1741022823 45884 0
1741022825 45560 0
1741022827 45580 0
1741022829 45488 0
1741022831 45356 0
1741022833 45363 0
1741022835 45383 0
1741022837 45390 0
1741022839 45287 0
1741022841 45171 0
1741022844 45330 0
1741022846 45374 0
1741022848 45396 0
1741022850 45372 0
1741022852 45505 0
1741022854 45393 0
1741022856 45429 0
1741022858 45372 0
1741022860 45499 0
1741022862 45568 0
1741022864 45682 0
1741022866 46091 0
1741022868 46697 0
1741022870 47254 0
1741022872 47407 0
1741022874 47484 0
1741022876 47449 0
1741022878 47399 0
1741022880 47319 0
1741022882 47251 0
1741022884 47216 0
1741022886 47358 0
1741022889 46736 0
1741022891 46094 0
1741022893 45745 0
1741022895 45716 0
1741022897 45549 0
1741022899 45518 0
1741022901 45360 0
1741022903 45459 0
1741022905 45574 0
1741022907 45471 0
1741022909 45296 0
1741022911 45418 0
1741022913 45533 0
1741022915 45528 0
1741022917 45487 0
1741022919 45436 0
1741022921 45522 0
1741022923 45474 0
1741022925 45402 0
1741022927 45294 0
1741022929 45274 0
1741022931 45314 0
1741022933 45335 0
1741022936 45399 0
1741022938 45348 0
1741022940 45325 0
1741022942 45330 0
1741022944 45436 0
1741022946 45733 0
1741022948 46309 0
1741022950 47006 0
1741022952 47276 0
1741022954 47392 0
1741022956 47046 0
1741022958 46320 0
1741022960 45833 0
1741022962 45597 0
1741022964 45536 0
1741022966 45360 0
1741022968 45309 0
1741022970 45390 0
1741022972 45236 0
1741022974 45170 0
1741022976 45216 0
1741022978 45240 0
1741022980 45501 0
1741022983 45298 0
1741022985 45224 0
1741022987 45229 0
1741022989 45121 0
1741022991 45186 0
1741022993 45222 0
1741022995 45193 0
1741022997 45189 0
1741022999 45180 0
1741023001 45097 0
1741023003 45165 0
1741023005 45153 0
1741023007 45282 0
1741023009 45414 0
1741023011 45618 0
1741023013 45843 0
1741023015 46209 0
1741023017 46715 0
1741023019 47221 0
1741023021 47379 0
1741023023 47572 0
1741023025 46770 0
1741023028 46240 0
1741023030 45833 0
1741023032 45563 0
1741023034 45445 0
1741023036 45425 0
1741023038 45309 0
1741023040 45305 0
1741023042 45469 0
1741023044 45249 0
1741023046 45204 0
1741023048 45152 0
1741023050 45185 0
1741023052 45118 0
1741023054 45145 0
1741023056 45119 0
1741023058 45061 0
1741023060 45067 0
1741023062 45315 0
1741023064 45279 0
1741023066 45321 0
1741023068 45533 0
1741023070 45781 0
1741023072 46136 0
1741023075 46816 0
1741023077 47125 0
1741023079 47303 0
1741023081 47280 0
1741023083 47409 0
1741023085 47270 0
1741023087 47321 0
1741023089 47134 0
1741023091 47025 0
1741023093 47003 0
1741023095 46317 0
1741023097 45793 0
1741023099 45701 0
1741023101 45629 0
1741023103 45403 0
1741023105 45366 0
1741023107 45256 0
1741023109 45257 0
1741023111 45174 0
1741023113 45062 0
1741023115 45108 0
1741023117 45061 0
1741023120 45056 0
1741023122 45191 0
1741023124 45226 0
1741023126 45178 0
1741023128 45267 0
1741023130 45397 0
1741023132 45323 0
1741023134 45266 0
1741023136 45220 0
1741023138 45237 0
1741023140 45410 0
1741023142 45566 0
1741023144 45907 0
1741023146 46464 0
1741023148 47177 0
1741023150 47405 0
1741023152 47313 0
1741023154 47410 0
1741023156 47302 0
1741023158 47257 0
1741023160 47395 0
1741023162 46876 0
1741023164 46130 0
1741023167 45647 0
1741023169 45409 0
1741023171 45409 0
1741023173 45311 0
1741023175 45352 0
1741023177 45302 0
1741023179 45242 0
1741023181 45205 0
1741023183 45115 0
1741023185 45088 0
1741023187 45200 0
1741023189 45188 0
1741023191 45137 0
1741023193 45168 0
1741023195 45169 0
1741023197 45054 0
1741023199 45093 0
1741023201 45193 0
1741023203 45209 0
1741023205 45274 0
1741023207 45229 0
1741023209 45305 0
1741023211 45405 0
1741023214 45588 0
1741023216 45613 0
1741023218 45805 0
1741023220 46197 0
1741023222 46710 0
1741023224 47081 0
1741023226 47219 0
1741023228 47505 0
1741023230 47406 0
1741023232 46655 0
1741023234 46042 0
1741023236 45484 0
1741023238 45254 0
1741023240 45197 0
1741023242 45426 0
1741023244 45368 0
1741023246 45300 0
1741023248 45413 0
1741023250 45317 0
1741023252 45169 0
1741023254 45207 0
1741023256 45218 0
1741023259 45273 0
1741023261 45128 0
1741023263 45233 0
1741023265 45136 0
1741023267 45169 0
1741023269 45124 0
1741023271 45091 0
1741023273 45178 0
1741023275 45188 0
1741023277 45068 0
1741023279 45157 0
1741023281 45494 0
1741023283 45451 0
1741023285 45507 0
1741023287 45625 0
1741023289 45866 0
1741023291 46204 0
1741023293 46744 0
1741023295 47207 0
1741023297 47349 0
1741023299 46899 0
1741023301 46030 0
1741023303 45818 0
1741023306 45410 0
1741023308 45457 0
1741023310 45500 0
1741023312 45359 0
1741023314 45364 0
1741023316 45277 0
1741023318 45222 0
1741023320 45246 0
1741023322 45243 0
1741023324 45227 0
1741023326 45275 0
1741023328 45252 0
1741023330 45248 0
1741023332 45231 0
1741023334 45251 0
1741023336 45252 0
1741023338 45158 0
1741023340 45638 0
1741023342 45656 0
1741023344 45856 0
1741023346 46305 0
1741023348 46888 0
1741023350 47266 0
1741023353 47559 0
1741023355 47473 0
1741023357 47486 0
1741023359 47372 0
1741023361 47202 0
1741023363 47192 0
1741023365 47216 0
1741023367 47319 0
1741023369 46818 0
1741023371 46096 0
1741023373 45755 0
1741023375 45652 0
1741023377 45457 0
1741023379 45435 0
1741023381 45404 0
1741023383 45375 0
1741023385 45374 0
1741023387 45399 0
1741023389 45274 0
1741023391 45213 0
1741023393 45240 0
1741023395 45287 0
1741023398 45221 0
1741023400 45327 0
1741023402 45500 0
1741023404 45443 0
1741023406 45419 0
1741023408 45330 0
1741023410 45486 0
1741023412 45615 0
1741023414 45885 0
1741023416 46379 0
1741023418 46979 0
1741023420 47342 0
1741023422 47420 0
1741023424 47397 0
1741023426 47358 0
1741023428 47498 0
1741023430 47410 0
1741023432 47308 0
1741023434 47204 0
1741023436 47059 0
1741023438 46454 0
1741023440 46039 0
1741023442 45745 0
1741023445 45505 0
1741023447 45420 0
1741023449 45297 0
1741023451 45352 0
1741023453 45326 0
1741023455 45361 0
1741023457 45353 0
1741023459 45279 0
1741023461 45614 0
1741023463 45411 0
1741023465 45490 0
1741023467 45401 0
1741023469 45454 0
1741023471 45421 0
1741023473 45312 0
1741023475 45323 0
1741023477 45351 0
1741023479 45361 0
1741023481 45367 0
1741023483 45275 0
1741023485 45264 0
1741023487 45421 0
1741023489 45580 0
1741023492 45575 0
1741023494 45828 0
1741023496 46313 0
1741023498 46897 0
1741023500 47284 0
1741023502 47433 0
1741023504 47568 0
1741023506 46969 0
1741023508 46422 0
1741023510 46013 0
1741023512 45855 0
1741023514 45727 0
1741023516 45584 0
1741023518 45480 0
1741023520 45600 0
1741023522 45587 0
1741023524 45430 0
1741023526 45326 0
1741023528 45342 0
1741023530 45348 0
1741023532 45431 0
1741023534 45371 0
1741023536 45361 0
1741023539 45307 0
1741023541 45441 0
1741023543 45401 0
1741023545 45311 0
1741023547 45531 0
1741023549 45503 0
1741023551 45490 0
1741023553 45450 0
1741023555 45522 0
1741023557 45495 0
1741023559 45772 0
1741023561 45969 0
1741023563 46362 0
1741023565 46837 0
1741023567 47307 0
1741023569 47532 0
1741023571 47678 0
1741023573 47401 0
1741023575 46570 0
1741023577 46074 0
1741023579 45791 0
1741023581 45801 0
1741023583 45566 0
1741023586 45459 0
1741023588 45483 0
1741023590 45438 0
1741023592 45410 0
1741023594 45473 0
1741023596 45439 0
1741023598 45433 0
1741023600 45272 0
1741023602 45298 0
1741023604 45321 0
1741023606 45339 0
1741023608 45516 0
1741023610 45610 0
1741023612 45611 0
1741023614 45541 0
1741023616 45599 0
1741023618 45848 0
1741023620 46241 0
1741023622 46789 0
1741023624 47300 0
1741023626 47594 0
1741023628 47666 0
1741023630 47583 0
1741023633 47469 0
1741023635 47412 0
1741023637 47213 0
1741023639 47241 0
1741023641 47505 0
1741023643 46967 0
1741023645 46347 0
1741023647 45949 0
1741023649 45891 0
1741023651 45768 0
1741023653 45534 0
1741023655 45505 0
1741023657 45450 0
1741023659 45520 0
1741023661 45447 0
1741023663 45483 0
1741023665 45492 0
1741023667 45545 0
1741023669 45579 0
1741023671 45513 0
1741023673 45465 0
1741023675 45466 0
1741023678 45569 0
1741023680 45595 0
1741023682 45621 0
1741023684 45700 0
1741023686 45904 0
1741023688 46316 0
1741023690 46740 0
1741023692 47248 0
1741023694 47597 0
1741023696 47712 0
1741023698 47716 0
1741023700 47900 0
1741023702 47735 0
1741023704 47644 0
1741023706 47575 0
1741023708 47459 0
1741023710 47611 0
1741023712 46965 0
1741023714 46363 0
1741023716 45914 0
1741023718 45841 0
1741023720 45713 0
1741023722 45557 0
1741023725 45504 0
1741023727 45533 0
1741023729 45685 0
1741023731 45665 0
1741023733 45627 0
1741023735 45667 0
1741023737 45555 0
1741023739 45542 0
1741023741 45391 0
1741023743 45519 0
1741023745 45462 0
1741023747 45482 0
1741023749 45564 0
1741023751 45685 0
1741023753 45707 0
1741023755 45624 0
1741023757 45414 0
1741023759 45562 0
1741023761 45783 0
1741023763 45859 0
1741023765 46040 0
1741023767 46371 0
1741023769 46938 0
1741023772 47431 0
1741023774 47714 0
1741023776 47834 0
1741023778 47757 0
1741023780 47383 0
1741023782 46646 0
1741023784 46107 0
1741023786 45840 0
1741023788 45744 0
1741023790 45665 0
1741023792 45498 0
1741023794 45494 0
1741023796 45461 0
1741023798 45456 0
1741023800 45440 0
1741023802 45443 0
1741023804 45399 0
1741023806 45641 0
1741023808 45704 0
1741023810 45599 0
1741023812 45327 0
1741023814 45523 0
1741023816 45472 0
1741023819 45421 0
1741023821 45691 0
1741023823 45639 0
1741023825 45562 0
1741023827 45497 0
1741023829 45427 0
1741023831 45497 0
1741023833 45623 0
1741023835 45896 0
1741023837 46240 0
1741023839 46684 0
1741023841 47100 0
1741023843 47475 0
1741023845 47486 0
1741023847 47708 0
1741023849 47105 0
1741023851 46566 0
1741023853 46194 0
1741023855 45885 0
1741023857 45747 0
1741023859 45538 0
1741023861 45498 0
1741023864 45564 0
1741023866 45543 0
1741023868 45608 0
1741023870 45490 0
1741023872 45474 0
1741023874 45538 0
1741023876 45585 0
1741023878 45521 0
1741023880 45636 0
1741023882 45658 0
1741023884 45574 0
1741023886 45582 0
1741023888 45688 0
1741023890 45760 0
1741023892 45834 0
1741023894 46070 0
1741023896 46437 0
1741023898 46947 0
1741023900 47466 0
1741023902 47611 0
1741023904 47534 0
1741023906 47692 0
1741023908 47753 0
1741023911 47559 0
1741023913 47553 0
1741023915 47568 0
1741023917 47479 0
1741023919 46761 0
1741023921 46122 0
1741023923 45997 0
1741023925 45871 0
1741023927 45753 0
1741023929 45647 0
1741023931 45624 0
1741023933 45610 0
1741023935 45623 0
1741023937 45593 0
1741023939 45567 0
1741023941 45698 0
1741023943 45713 0
1741023945 45653 0
1741023947 45599 0
1741023949 45624 0
1741023951 45608 0
1741023953 45525 0
1741023955 45569 0
1741023958 45595 0
1741023960 45774 0
1741023962 46130 0
1741023964 46635 0
1741023966 47226 0
1741023968 47776 0
1741023970 47859 0
1741023972 47700 0
1741023974 47719 0
1741023976 47623 0
1741023978 47616 0
1741023980 47531 0
1741023982 47448 0
1741023984 47356 0
1741023986 47095 0
1741023988 46560 0
1741023990 46041 0
1741023992 45883 0
1741023994 45823 0
1741023996 45756 0
1741023998 45603 0
1741024000 45748 0
1741024003 45808 0
1741024005 45740 0
1741024007 45763 0
1741024009 45729 0
1741024011 45751 0
1741024013 45813 0
1741024015 45684 0
1741024017 45510 0
1741024019 45521 0
1741024021 45553 0
1741024023 45644 0
1741024025 45561 0
1741024027 45735 0
1741024029 45750 0
1741024031 45731 0
1741024033 45663 0
1741024035 45639 0
1741024037 45658 0
1741024039 45803 0
1741024041 45990 0
1741024043 46416 0
1741024045 47035 0
1741024047 47474 0
1741024050 47750 0
1741024052 47756 0
1741024054 47694 0
1741024056 47000 0
1741024058 46475 0
1741024060 46111 0
1741024062 45985 0
1741024064 45750 0
1741024066 45705 0
1741024068 45603 0
1741024070 45620 0
1741024072 45712 0
1741024074 45754 0
1741024076 45675 0
1741024078 45653 0
1741024080 45421 0
1741024082 45570 0
1741024084 45445 0
1741024086 45397 0
1741024088 45702 0
1741024090 45606 0
1741024092 45553 0
1741024095 45601 0
1741024097 45586 0
1741024099 45705 0
1741024101 45568 0
1741024103 45545 0
1741024105 45565 0
1741024107 45785 0
1741024109 46086 0
1741024111 46341 0
1741024113 46847 0
1741024115 47265 0
1741024117 47501 0
1741024119 47771 0
1741024121 47940 0
1741024123 47662 0
1741024125 46845 0
1741024127 46361 0
1741024129 46043 0
1741024131 45903 0
1741024133 45708 0
1741024135 45635 0
1741024137 45654 0
1741024139 45618 0
1741024142 45650 0
1741024144 45582 0
1741024146 45607 0
1741024148 45799 0
1741024150 45799 0
1741024152 45776 0
1741024154 45714 0
1741024156 45739 0
1741024158 45639 0
1741024160 45518 0
1741024162 45546 0
1741024164 45754 0
1741024166 45935 0
1741024168 46171 0
1741024170 46602 0
1741024172 47120 0
1741024174 47448 0
1741024176 47523 0
1741024178 47509 0
1741024180 47758 0
1741024182 47691 0
1741024185 47815 0
1741024187 47726 0
1741024189 47663 0
1741024191 47610 0
1741024193 46770 0
1741024195 46360 0
1741024197 45954 0
1741024199 45857 0
1741024201 45828 0
1741024203 45798 0
1741024205 45744 0
1741024207 45747 0
1741024209 45733 0
1741024211 45636 0
1741024213 45581 0
1741024215 45712 0
1741024217 45623 0
1741024219 45614 0
1741024221 45587 0
1741024223 45664 0
1741024225 45687 0
1741024227 45844 0
1741024229 45823 0
1741024232 45735 0
1741024234 45798 0
1741024236 46042 0
1741024238 46482 0
1741024240 46992 0
1741024242 47540 0
1741024244 47723 0
1741024246 47842 0
1741024248 47750 0
1741024250 47875 0
1741024252 47809 0
1741024254 47678 0
1741024256 47578 0
1741024258 47479 0
1741024260 47242 0
1741024262 46619 0
1741024264 46257 0
1741024266 46021 0
1741024268 46162 0
1741024270 46032 0
1741024272 45864 0
1741024274 45904 0
1741024276 45959 0
1741024279 45830 0
1741024281 45882 0
1741024283 45872 0
1741024285 45764 0
1741024287 45861 0
1741024289 45832 0
1741024291 45890 0
1741024293 45845 0
1741024295 45918 0
1741024297 45886 0
1741024299 45836 0
1741024301 46092 0
1741024303 45924 0
1741024305 45879 0
1741024307 45973 0
1741024309 45891 0
1741024311 45866 0
1741024313 46109 0
1741024315 46508 0
1741024317 47130 0
1741024319 47573 0
1741024321 47762 0
1741024324 47902 0
1741024326 47970 0
1741024328 48040 0
1741024330 47587 0
1741024332 46865 0
1741024334 46379 0
1741024336 46258 0
1741024338 46062 0
1741024340 45961 0
1741024342 45945 0
1741024344 45903 0
1741024346 45873 0
1741024348 45947 0
1741024350 45945 0
1741024352 45910 0
1741024354 45989 0
1741024356 45924 0
1741024358 45860 0
1741024360 46210 0
1741024362 46164 0
1741024364 45986 0
1741024366 45998 0
1741024368 45972 0
1741024371 46051 0
1741024373 46061 0
1741024375 46159 0
1741024377 46276 0
1741024379 46284 0
1741024381 46436 0
1741024383 46600 0
1741024385 47052 0
1741024387 47580 0
1741024389 48084 0
1741024391 48094 0
1741024393 48155 0
1741024395 48077 0
1741024397 47984 0
1741024399 47162 0
1741024401 46804 0
1741024403 46635 0
1741024405 46459 0
1741024407 46296 0
1741024409 46153 0
1741024411 46166 0
1741024413 46196 0
1741024415 46187 0
1741024418 46080 0
1741024420 46118 0
1741024422 46172 0
1741024424 46102 0
1741024426 45825 0
1741024428 45787 0
1741024430 45962 0
1741024432 46001 0
1741024434 46034 0
1741024436 46064 0
1741024438 46078 0
1741024440 46391 0
1741024442 46905 0
1741024444 47358 0
1741024446 47737 0
1741024448 48037 0
1741024450 48161 0
1741024452 48076 0
1741024454 48091 0
1741024456 48005 0
1741024458 47973 0
1741024460 47842 0
1741024463 47832 0
1741024465 47829 0
1741024467 47511 0
1741024469 47035 0
1741024471 46529 0
1741024473 46359 0
1741024475 46136 0
1741024477 46007 0
1741024479 46092 0
1741024481 46259 0
1741024483 46060 0
1741024485 46007 0
1741024487 46013 0
1741024489 45953 0
1741024491 45908 0
1741024493 45887 0
1741024495 45871 0
1741024497 45885 0
1741024499 45788 0
1741024502 45732 0
1741024504 45796 0
1741024506 45998 0
1741024508 46172 0
1741024510 46609 0
1741024512 47179 0
1741024514 47687 0
1741024516 48040 0
1741024518 48000 0
1741024520 48032 0
1741024522 48044 0
1741024524 48071 0
1741024526 47902 0
1741024528 47848 0
1741024530 47903 0
1741024532 47823 0
1741024534 47738 0
1741024536 47147 0
1741024538 46535 0
1741024540 46494 0
1741024542 46225 0
1741024544 46063 0
1741024547 45953 0
1741024549 45923 0
1741024551 45918 0
1741024553 45810 0
1741024555 45855 0
1741024557 45890 0
1741024559 45866 0
1741024561 45849 0
1741024563 45862 0
1741024565 45759 0
1741024567 46013 0
1741024569 46138 0
1741024571 46011 0
1741024573 45992 0
1741024575 45973 0
1741024577 45932 0
1741024579 45902 0
1741024581 45887 0
1741024583 45992 0
1741024585 46084 0
1741024587 46095 0
1741024589 46351 0
1741024591 46742 0
1741024594 47399 0
1741024596 47611 0
1741024598 47798 0
1741024600 48041 0
1741024602 48157 0
1741024604 47875 0
1741024606 46961 0
1741024608 46441 0
1741024610 46204 0
1741024612 46075 0
1741024614 46005 0
1741024616 45898 0
1741024618 45887 0
1741024620 45804 0
1741024622 45749 0
1741024624 45681 0
1741024626 45783 0
1741024628 45972 0
1741024630 45826 0
1741024632 45816 0
1741024634 45778 0
1741024636 45789 0
1741024639 45865 0
1741024641 45932 0
1741024643 45960 0
1741024645 45959 0
1741024647 46079 0
1741024649 46013 0
1741024651 46082 0
1741024653 46109 0
1741024655 46194 0
1741024657 46330 0
1741024659 46546 0
1741024661 47200 0
1741024663 47658 0
1741024665 47858 0
1741024667 47863 0
1741024669 47998 0
1741024671 47883 0
1741024673 47235 0
1741024675 46609 0
1741024677 46381 0
1741024679 46218 0
1741024681 46097 0
1741024683 46024 0
1741024686 45936 0
1741024688 46007 0
1741024690 46083 0
1741024692 45985 0
1741024694 45852 0
1741024696 45970 0
1741024698 45935 0
1741024700 45849 0
1741024702 45864 0
1741024704 45984 0
1741024706 45986 0
1741024708 46093 0
1741024710 46090 0
1741024712 46062 0
1741024714 46279 0
1741024716 46560 0
1741024718 47137 0
1741024720 47886 0
1741024722 48035 0
1741024724 48046 0
1741024726 47891 0
1741024728 47930 0
1741024730 47884 0
1741024733 47878 0
1741024735 47861 0
1741024737 47971 0
1741024739 47833 0
1741024741 47624 0
1741024743 46950 0
1741024745 46487 0
1741024747 46389 0
1741024749 46344 0
1741024751 46216 0
1741024753 46156 0
1741024755 46092 0
1741024757 45966 0
1741024759 45982 0
1741024761 46034 0
1741024763 46045 0
1741024765 45963 0
1741024767 46074 0
1741024769 46090 0
1741024771 46089 0
1741024773 46103 0
1741024775 46056 0
1741024778 46047 0
1741024780 46164 0
1741024782 46283 0
1741024784 46476 0
1741024786 46699 0
1741024788 47216 0
1741024790 47690 0
1741024792 47927 0
1741024794 47906 0
1741024796 47891 0
1741024798 47765 0
1741024800 47830 0
1741024802 47758 0
1741024804 47561 0
1741024806 47658 0
1741024808 47826 0
1741024810 47282 0
1741024812 46813 0
1741024814 46363 0
1741024816 46230 0
1741024818 46063 0
1741024820 46010 0
1741024822 45947 0
1741024825 45903 0
1741024827 45943 0
1741024829 45864 0
1741024831 45915 0
1741024833 45981 0
1741024835 45944 0
1741024837 46015 0
1741024839 46052 0
1741024841 46189 0
1741024843 45986 0
1741024845 45859 0
1741024847 45847 0
1741024849 45848 0
1741024851 45888 0
1741024853 45778 0
1741024855 45817 0
1741024857 45877 0
1741024859 45873 0
1741024861 46028 0
1741024863 46114 0
1741024865 46444 0
1741024867 47115 0
1741024869 47741 0
1741024872 47914 0
1741024874 47873 0
1741024876 48036 0
1741024878 47904 0
1741024880 47119 0
1741024882 46589 0
1741024884 46276 0
1741024886 46020 0
1741024888 46044 0
1741024890 45906 0
1741024892 45919 0
1741024894 46006 0
1741024896 45960 0
1741024898 45814 0
1741024900 45986 0
1741024902 46011 0
1741024904 45850 0
1741024906 45875 0
1741024908 45821 0
1741024910 45760 0
1741024912 45939 0
1741024914 45871 0
1741024916 45857 0
1741024919 45788 0
1741024921 45882 0
1741024923 45875 0
1741024925 45831 0
1741024927 46001 0
1741024929 46176 0
1741024931 46277 0
1741024933 46555 0
1741024935 47086 0
1741024937 47544 0
1741024939 47844 0
1741024941 47881 0
1741024943 47907 0
1741024945 47789 0
1741024947 47642 0
1741024949 46878 0
1741024951 46431 0
1741024953 46245 0
1741024955 46071 0
1741024957 45952 0
1741024959 45961 0
1741024961 46122 0
1741024964 45941 0
1741024966 45894 0
1741024968 45960 0
1741024970 45971 0
1741024972 45812 0
1741024974 45788 0
1741024976 45839 0
1741024978 45871 0
1741024980 45887 0
1741024982 45897 0
1741024984 45955 0
1741024986 46019 0
1741024988 46287 0
1741024990 46664 0
1741024992 47138 0
1741024994 47615 0
1741024996 47914 0
1741024998 47918 0
1741025000 47927 0
1741025002 47964 0
1741025004 47858 0
1741025006 47808 0
1741025008 47788 0
1741025011 47773 0
1741025013 47657 0
1741025015 47557 0
1741025017 47115 0
1741025019 46725 0
1741025021 46552 0
1741025023 46277 0
1741025025 46233 0
1741025027 45905 0
1741025029 45870 0
1741025031 45819 0
1741025033 45919 0
1741025035 45946 0
1741025037 45899 0
1741025039 45821 0
1741025041 45859 0
1741025043 45864 0
1741025045 45856 0
1741025047 45969 0
1741025049 46088 0
1741025051 46111 0
1741025053 46185 0
1741025055 46223 0
1741025058 46511 0
1741025060 46878 0
1741025062 47391 0
1741025064 47749 0
1741025066 47975 0
1741025068 48138 0
1741025070 47994 0
1741025072 47997 0
1741025074 47886 0
1741025076 47851 0
1741025078 47770 0
1741025080 47839 0
1741025082 47928 0
1741025084 47797 0
1741025086 47111 0
1741025088 46710 0
1741025090 46485 0
1741025092 46244 0
1741025094 46175 0
1741025096 46192 0
1741025098 46107 0
1741025100 46024 0
1741025103 45984 0
1741025105 45830 0
1741025107 45979 0
1741025109 46109 0
1741025111 45989 0
1741025113 46013 0
1741025115 45950 0
1741025117 46142 0
1741025119 46078 0
1741025121 45987 0
1741025123 46028 0
1741025125 45933 0
1741025127 46010 0
1741025129 45883 0
1741025131 45997 0
1741025133 46114 0
1741025135 46222 0
1741025137 46398 0
1741025139 46890 0
1741025141 47564 0
1741025143 47921 0
1741025145 48140 0
1741025147 48160 0
1741025150 47945 0
1741025152 47831 0
1741025154 47398 0
1741025156 46774 0
1741025158 46468 0
1741025160 46286 0
1741025162 46124 0
1741025164 46030 0
1741025166 45853 0
1741025168 46049 0
1741025170 46038 0
1741025172 46019 0
1741025174 46051 0
1741025176 46027 0
1741025178 45982 0
1741025180 46078 0
1741025182 46162 0
1741025184 46077 0
1741025186 46052 0
1741025188 46084 0
1741025190 46087 0
1741025192 46002 0
1741025194 46075 0
1741025197 46162 0
1741025199 46250 0
1741025201 46470 0
1741025203 46607 0
1741025205 46686 0
1741025207 46925 0
1741025209 47448 0
1741025211 47957 0
1741025213 48042 0
1741025215 48185 0
1741025217 48148 0
1741025219 48099 0
1741025221 48071 0
1741025223 47257 0
1741025225 46745 0
1741025227 46551 0
1741025229 46433 0
1741025231 46278 0
1741025233 46105 0
1741025235 46155 0
1741025237 46120 0
1741025239 46086 0
1741025241 45996 0
1741025244 46150 0
1741025246 46125 0
1741025248 46064 0
1741025250 46014 0
1741025252 46095 0
1741025254 46114 0
1741025256 46181 0
1741025258 46260 0
1741025260 46328 0
1741025262 46605 0
1741025264 46866 0
1741025266 47473 0
1741025268 47895 0
1741025270 48146 0
1741025272 48161 0
1741025274 48171 0
1741025276 48176 0
1741025278 48164 0
1741025280 48030 0
1741025282 48018 0
1741025284 47892 0
1741025286 47903 0
1741025288 48051 0
1741025291 47747 0
1741025293 47163 0
1741025295 46779 0
1741025297 46553 0
1741025299 46419 0
1741025301 46231 0
1741025303 46205 0
1741025305 46096 0
1741025307 46116 0
1741025309 46144 0
1741025311 46141 0
1741025313 46184 0
1741025315 46188 0
1741025317 46187 0
1741025319 46193 0
1741025321 46311 0
1741025323 46239 0
1741025325 46131 0
1741025327 46240 0
1741025329 46325 0
1741025331 46686 0
1741025333 47173 0
1741025335 47604 0
1741025338 48048 0
1741025340 48108 0
1741025342 48165 0
1741025344 48161 0
1741025346 48057 0
1741025348 48137 0
1741025350 48155 0
1741025352 48002 0
1741025354 47953 0
1741025356 47878 0
1741025358 47716 0
1741025360 47285 0
1741025362 46910 0
1741025364 46678 0
1741025366 46528 0
1741025368 46359 0
1741025370 46175 0
1741025372 46105 0
1741025374 46223 0
1741025376 46243 0
1741025378 46181 0
1741025380 46433 0
1741025382 46241 0
1741025385 46248 0
1741025387 46220 0
1741025389 46211 0
1741025391 46117 0
1741025393 46156 0
1741025395 46175 0
1741025397 46071 0
1741025399 46022 0
1741025401 46120 0
1741025403 46114 0
1741025405 46202 0
1741025407 46354 0
1741025409 46502 0
1741025411 46686 0
1741025413 47134 0
1741025415 47700 0
1741025417 47943 0
1741025419 48151 0
1741025421 48239 0
1741025423 48193 0
1741025425 48306 0
1741025427 48228 0
1741025429 47411 0
1741025432 47057 0
1741025434 46669 0
1741025436 46501 0
1741025438 46279 0
1741025440 46411 0
1741025442 46445 0
1741025444 46415 0
1741025446 46244 0
1741025448 46104 0
1741025450 46127 0
1741025452 46119 0
1741025454 46154 0
1741025456 46131 0
1741025458 46020 0
1741025460 46075 0
1741025462 46185 0
1741025464 46277 0
1741025466 46299 0
1741025468 46355 0
1741025470 46156 0
1741025472 46197 0
1741025474 46328 0
1741025476 46373 0
1741025479 46589 0
1741025481 46885 0
1741025483 47321 0
1741025485 47748 0
1741025487 48116 0
1741025489 48245 0
1741025491 48146 0
1741025493 48075 0
1741025495 47992 0
1741025497 47441 0
1741025499 46951 0
1741025501 46691 0
1741025503 46464 0
1741025505 46347 0
1741025507 46363 0
1741025509 46275 0
1741025511 46164 0
1741025513 46146 0
1741025515 46212 0
1741025517 46154 0
1741025519 46207 0
1741025521 46118 0
1741025524 46113 0
1741025526 46158 0
1741025528 46315 0
1741025530 46222 0
1741025532 46173 0
1741025534 46156 0
1741025536 46362 0
1741025538 46592 0
1741025540 47011 0
1741025542 47520 0
1741025544 47967 0
1741025546 48164 0
1741025548 48233 0
1741025550 48075 0
1741025552 47933 0
1741025554 47936 0
1741025556 47926 0
1741025558 47965 0
1741025560 48072 0
1741025562 48072 0
1741025564 48019 0
1741025566 47253 0
1741025568 46814 0
1741025571 46569 0
1741025573 46404 0
1741025575 46245 0
1741025577 46175 0
1741025579 46221 0
1741025581 46086 0
1741025583 46104 0
1741025585 46085 0
1741025587 46168 0
1741025589 46217 0
1741025591 46171 0
1741025593 46076 0
1741025595 46204 0
1741025597 46217 0
1741025599 46175 0
1741025601 46192 0
1741025603 46289 0
1741025605 46457 0
1741025607 46917 0
1741025609 47347 0
1741025611 47823 0
1741025613 48060 0
1741025615 48160 0
1741025618 48207 0
1741025620 48126 0
1741025622 48105 0
1741025624 48011 0
1741025626 47927 0
1741025628 47837 0
1741025630 47732 0
1741025632 47791 0
1741025634 47378 0
1741025636 46923 0
1741025638 46599 0
1741025640 46302 0
1741025642 46264 0
1741025644 46157 0
1741025646 46065 0
1741025648 46241 0
1741025650 46108 0
1741025652 46184 0
1741025654 46218 0
1741025656 46141 0
1741025658 46012 0
1741025660 45988 0
1741025663 45963 0
1741025665 45859 0
1741025667 46052 0
1741025669 46061 0
1741025671 46115 0
1741025673 46172 0
1741025675 46082 0
1741025677 46161 0
1741025679 46046 0
1741025681 46287 0
1741025683 46450 0
1741025685 46741 0
1741025687 47051 0
1741025689 47524 0
1741025691 47869 0
1741025693 48062 0
1741025695 48143 0
1741025697 48155 0
1741025699 48170 0
1741025701 47999 0
1741025703 47351 0
1741025705 46847 0
1741025707 46581 0
1741025710 46393 0
1741025712 46286 0
1741025714 46177 0
1741025716 46102 0
1741025718 46029 0
1741025720 46026 0
1741025722 45910 0
1741025724 45952 0
1741025726 46026 0
1741025728 45986 0
1741025730 45983 0
1741025732 45857 0
1741025734 45911 0
1741025736 45987 0
1741025738 46022 0
1741025740 46242 0
1741025742 46188 0
1741025744 46333 0
1741025746 46266 0
1741025748 46233 0
1741025750 46358 0
1741025752 46455 0
1741025754 46542 0
1741025757 46777 0
1741025759 47268 0
1741025761 47818 0
1741025763 48047 0
1741025765 48116 0
1741025767 48124 0
1741025769 48109 0
1741025771 47931 0
1741025773 47255 0
1741025775 46773 0
1741025777 46520 0
1741025779 46492 0
1741025781 46290 0
1741025783 46131 0
1741025785 46205 0
1741025787 46247 0
1741025789 46193 0
1741025791 46113 0
1741025793 46052 0
1741025795 45986 0
1741025797 46081 0
1741025799 46126 0
1741025801 46348 0
1741025804 46153 0
1741025806 46160 0
1741025808 46119 0
1741025810 46365 0
1741025812 46657 0
1741025814 46994 0
1741025816 47455 0
1741025818 47835 0
1741025820 47962 0
1741025822 48057 0
1741025824 48052 0
1741025826 48059 0
1741025828 48213 0
1741025830 48043 0
1741025832 47981 0
1741025834 47907 0
1741025836 47766 0
1741025838 47807 0
1741025840 47413 0
1741025842 46928 0
1741025844 46531 0
1741025846 46318 0
1741025849 46254 0
1741025851 46191 0
1741025853 46055 0
1741025855 46046 0
1741025857 46158 0
1741025859 46161 0
1741025861 46285 0
1741025863 46207 0
1741025865 46168 0
1741025867 46075 0
1741025869 45999 0
1741025871 46011 0
1741025873 46011 0
1741025875 46068 0
1741025877 46162 0
1741025879 46353 0
1741025881 46478 0
1741025883 46769 0
1741025885 47197 0
1741025887 47745 0
1741025889 47942 0
1741025891 47959 0
1741025893 48053 0
1741025896 48024 0
1741025898 47971 0
1741025900 47930 0
1741025902 47859 0
1741025904 47956 0
1741025906 47822 0
1741025908 47868 0
1741025910 47214 0
1741025912 46733 0
1741025914 46426 0
1741025916 46296 0
1741025918 46284 0
1741025920 46328 0
1741025922 46309 0
1741025924 46256 0
1741025926 46117 0
1741025928 46055 0
1741025930 46157 0
1741025932 46099 0
1741025934 46160 0
1741025936 46063 0
1741025938 46027 0
1741025941 45864 0
1741025943 45841 0
1741025945 45852 0
1741025947 45855 0
1741025949 45973 0
1741025951 45933 0
1741025953 45984 0
1741025955 45961 0
1741025957 46187 0
1741025959 46294 0
1741025961 46462 0
1741025963 46860 0
1741025965 47218 0
1741025967 47749 0
1741025969 47902 0
1741025971 47954 0
1741025973 47993 0
1741025975 47986 0
1741025977 47672 0
1741025979 47095 0
1741025981 47000 0
1741025983 46725 0
1741025985 46472 0
1741025988 46244 0
1741025990 46262 0
1741025992 46245 0
1741025994 46159 0
1741025996 46148 0
1741025998 46140 0
1741026000 45985 0
1741026002 45996 0
1741026004 46014 0
1741026006 46002 0
1741026008 46077 0
1741026010 46135 0
1741026012 46012 0
1741026014 46088 0
1741026016 46018 0
1741026018 46053 0
1741026020 46208 0
1741026022 46234 0
1741026024 46273 0
1741026026 46336 0
1741026028 46422 0
1741026030 46741 0
1741026032 47124 0
1741026035 47638 0
1741026037 47873 0
1741026039 48005 0
1741026041 48151 0
1741026043 48092 0
1741026045 48033 0
1741026047 47433 0
1741026049 46911 0
1741026051 46573 0
1741026053 46379 0
1741026055 46314 0
1741026057 46249 0
1741026059 46318 0
1741026061 46219 0
1741026063 46125 0
1741026065 46123 0
1741026067 46154 0
1741026069 46122 0
1741026071 46040 0
1741026073 46105 0
1741026075 46152 0
1741026077 45964 0
1741026079 46143 0
1741026082 46188 0
1741026084 46338 0
1741026086 46447 0
1741026088 46843 0
1741026090 47458 0
1741026092 47874 0
1741026094 48087 0
1741026096 48222 0
1741026098 48156 0
1741026100 48310 0
1741026102 48132 0
1741026104 47961 0
1741026106 47811 0
1741026108 47765 0
1741026110 47772 0
1741026112 47732 0
1741026114 47668 0
1741026116 47017 0
1741026118 46597 0
1741026120 46431 0
1741026122 46330 0
1741026124 46169 0
1741026127 46200 0
1741026129 46115 0
1741026131 46134 0
1741026133 46106 0
1741026135 46156 0
1741026137 46148 0
1741026139 46138 0
1741026141 46082 0
1741026143 46082 0
1741026145 46038 0
1741026147 46215 0
1741026149 46266 0
1741026151 46259 0
1741026153 46374 0
1741026155 46732 0
1741026157 46859 0
1741026159 47458 0
1741026161 47976 0
1741026163 48182 0
1741026165 48071 0
1741026167 47975 0
1741026169 47979 0
1741026171 47861 0
1741026174 47713 0
1741026176 47824 0
1741026178 47815 0
1741026180 47758 0
1741026182 47704 0
1741026184 47343 0
1741026186 46885 0
1741026188 46683 0
1741026190 46455 0
1741026192 46380 0
1741026194 46252 0
1741026196 46188 0
1741026198 46133 0
1741026200 46040 0
1741026202 45943 0
1741026204 45915 0
1741026206 45882 0
1741026208 45960 0
1741026210 46007 0
1741026212 46019 0
1741026214 46149 0
1741026216 46101 0
1741026219 46095 0
1741026221 46234 0
1741026223 46186 0
1741026225 46138 0
1741026227 46118 0
1741026229 46212 0
1741026231 46252 0
1741026233 46366 0
1741026235 46531 0
1741026237 46793 0
1741026239 47196 0
1741026241 47549 0
1741026243 47768 0
1741026245 47972 0
1741026247 48140 0
1741026249 47983 0
1741026251 47970 0
1741026253 47287 0
1741026255 46746 0
1741026257 46430 0
1741026259 46293 0
1741026261 46186 0
1741026263 46101 0
1741026266 46052 0
1741026268 46029 0
1741026270 46022 0
1741026272 45886 0
1741026274 45871 0
1741026276 45879 0
1741026278 45928 0
1741026280 45944 0
1741026282 46047 0
1741026284 45993 0
1741026286 45929 0
1741026288 45867 0
1741026290 46168 0
1741026292 46061 0
1741026294 46026 0
1741026296 46021 0
1741026298 46122 0
1741026300 46137 0
1741026302 46135 0
1741026304 46421 0
1741026306 46838 0
1741026308 47340 0
1741026310 47784 0
1741026313 47935 0
1741026315 47930 0
1741026317 47832 0
1741026319 47891 0
1741026321 47476 0
1741026323 46989 0
1741026325 46553 0
1741026327 46407 0
1741026329 46213 0
1741026331 46118 0
1741026333 46122 0
1741026335 46158 0
1741026337 46024 0
1741026339 45945 0
1741026341 46057 0
1741026343 45922 0
1741026345 45869 0
1741026347 45882 0
1741026349 45817 0
1741026351 45925 0
1741026353 45856 0
1741026355 45860 0
1741026358 45901 0
1741026360 46035 0
1741026362 46139 0
1741026364 46456 0
1741026366 46901 0
1741026368 47487 0
1741026370 47810 0
1741026372 47798 0
1741026374 47877 0
1741026376 47899 0
1741026378 47795 0
1741026380 47813 0
1741026382 47801 0
1741026384 47773 0
1741026386 47776 0
1741026388 47724 0
1741026390 47115 0
1741026392 46609 0
1741026394 46235 0
1741026396 46067 0
1741026398 46019 0
1741026400 46303 0
1741026402 46176 0
1741026405 46039 0
1741026407 45932 0
1741026409 45932 0
1741026411 45980 0
1741026413 45936 0
1741026415 45908 0
1741026417 46061 0
1741026419 45984 0
1741026421 45914 0
1741026423 45943 0
1741026425 46041 0
1741026427 46200 0
1741026429 46309 0
1741026431 46599 0
1741026433 47014 0
1741026435 47582 0
1741026437 47768 0
1741026439 47869 0
1741026441 47978 0
1741026443 47955 0
1741026445 47905 0
1741026447 47933 0
1741026449 47837 0
1741026452 47705 0
1741026454 47682 0
1741026456 47612 0
1741026458 47309 0
1741026460 46935 0
1741026462 46644 0
1741026464 46363 0
1741026466 46279 0
1741026468 46223 0
1741026470 46246 0
1741026472 46003 0
1741026474 46098 0
1741026476 46139 0
1741026478 45984 0
1741026480 45950 0
1741026482 46021 0
1741026484 46128 0
1741026486 46177 0
1741026488 46227 0
1741026490 46136 0
1741026492 46113 0
1741026495 46044 0
1741026497 46143 0
1741026499 46239 0
1741026501 46071 0
1741026503 46113 0
1741026505 46273 0
1741026507 46283 0
1741026509 46423 0
1741026511 46619 0
1741026513 47063 0
1741026515 47523 0
1741026517 47886 0
1741026519 48019 0
1741026521 48180 0
1741026523 48078 0
1741026525 47983 0
1741026527 47409 0
1741026529 46905 0
1741026531 46592 0
1741026534 46387 0
1741026536 46169 0
1741026538 46070 0
1741026540 46071 0
1741026542 45970 0
1741026544 45942 0
1741026546 46011 0
1741026548 46263 0
1741026550 46185 0
1741026552 46040 0
1741026554 46035 0
1741026556 45984 0
1741026558 46014 0
1741026560 45940 0
1741026562 45877 0
1741026564 46028 0
1741026566 45979 0
1741026568 46118 0
1741026570 46022 0
1741026572 46014 0
1741026574 46110 0
1741026576 46162 0
1741026578 46373 0
1741026581 46918 0
1741026583 47381 0
1741026585 47881 0
1741026587 48132 0
1741026589 48105 0
1741026591 48102 0
1741026593 47999 0
1741026595 47847 0
1741026597 47242 0
1741026599 46841 0
1741026601 46489 0
1741026603 46150 0
1741026605 45990 0
1741026607 46060 0
1741026609 46130 0
1741026611 45994 0
1741026613 45896 0
1741026615 45999 0
1741026617 45965 0
1741026619 45970 0
1741026621 46044 0
1741026623 45956 0
1741026626 46028 0
1741026628 45946 0
1741026630 45943 0
1741026632 46053 0
1741026634 46195 0
1741026636 46326 0
1741026638 46709 0
1741026640 47334 0
1741026642 47874 0
1741026644 47989 0
1741026646 48018 0
1741026648 47997 0
1741026650 47993 0
1741026652 47952 0
1741026654 47922 0
1741026656 47817 0
1741026658 47711 0
1741026660 47699 0
1741026662 47772 0
1741026664 47455 0
1741026666 46761 0
1741026668 46481 0
1741026670 46371 0
1741026673 46322 0
1741026675 46233 0
1741026677 46136 0
1741026679 46171 0
1741026681 46136 0
1741026683 46175 0
1741026685 46047 0
1741026687 46161 0
1741026689 46065 0
1741026691 46168 0
1741026693 46202 0
1741026695 46097 0
1741026697 46002 0
1741026699 46038 0
1741026701 46275 0
1741026703 46271 0
1741026705 46360 0
1741026707 46577 0
1741026709 47139 0
1741026711 47504 0
1741026713 47849 0
1741026715 47994 0
1741026717 47993 0
1741026720 48019 0
1741026722 47920 0
1741026724 47927 0
1741026726 47923 0
1741026728 48001 0
1741026730 47965 0
1741026732 47834 0
1741026734 47117 0
1741026736 46707 0
1741026738 46478 0
1741026740 46344 0
1741026742 46246 0
1741026744 46299 0
1741026746 46154 0
1741026748 46203 0
1741026750 46112 0
1741026752 46216 0
1741026754 46133 0
1741026756 46184 0
1741026758 46157 0
1741026760 46361 0
1741026762 46267 0
1741026765 46227 0
1741026767 46072 0
1741026769 46133 0
1741026771 46161 0
1741026773 46129 0
1741026775 46144 0
1741026777 46166 0
1741026779 46127 0
1741026781 46105 0
1741026783 46232 0
1741026785 46369 0
1741026787 46831 0
1741026789 47401 0
1741026791 47790 0
1741026793 48070 0
1741026795 48074 0
1741026797 48185 0
1741026799 48141 0
1741026801 47573 0
1741026803 46978 0
1741026805 46541 0
1741026807 46411 0
1741026809 46275 0
1741026812 46166 0
1741026814 46155 0
1741026816 46231 0
1741026818 46171 0
1741026820 46105 0
1741026822 46081 0
1741026824 46074 0
1741026826 46127 0
1741026828 46060 0
1741026830 46143 0
1741026832 46131 0
1741026834 46211 0
1741026836 46179 0
1741026838 46081 0
1741026840 46037 0
1741026842 46072 0
1741026844 46066 0
1741026846 46110 0
1741026848 46384 0
1741026850 46355 0
1741026852 46468 0
1741026854 46711 0
1741026857 47116 0
1741026859 47639 0
1741026861 47919 0
1741026863 48209 0
1741026865 48209 0
1741026867 48180 0
1741026869 48043 0
1741026871 47371 0
1741026873 47038 0
1741026875 46783 0
1741026877 46533 0
1741026879 46486 0
1741026881 46531 0
1741026883 46397 0
1741026885 46250 0
1741026887 46378 0
1741026889 46206 0
1741026891 46184 0
1741026893 46201 0
1741026895 46192 0
1741026897 46180 0
1741026899 46250 0
1741026901 46188 0
1741026904 46236 0
1741026906 46214 0
1741026908 46286 0
1741026910 46498 0
1741026912 46839 0
1741026914 47325 0
1741026916 47883 0
1741026918 48168 0
1741026920 48215 0
1741026922 48161 0
1741026924 48104 0
1741026926 47957 0
1741026928 48024 0
1741026930 47955 0
1741026932 47783 0
1741026934 47821 0
1741026936 47788 0
1741026938 47703 0
1741026940 47347 0
1741026942 46872 0
1741026944 46642 0
1741026946 46502 0
1741026948 46259 0
1741026951 46230 0
1741026953 46259 0
1741026955 46352 0
1741026957 46258 0
1741026959 46277 0
1741026961 46328 0
1741026963 46392 0
1741026965 46423 0
1741026967 46504 0
1741026969 46498 0
1741026971 46362 0
1741026973 46271 0
1741026975 46360 0
1741026977 46449 0
1741026979 46663 0
1741026981 47016 0
1741026983 47552 0
1741026985 47940 0
1741026987 48192 0
1741026989 48330 0
1741026991 48324 0
1741026993 48205 0
1741026995 48217 0
1741026998 48048 0
1741027000 47888 0
1741027002 47950 0
1741027004 47926 0
1741027006 47929 0
1741027008 47462 0
1741027010 47156 0
1741027012 46756 0
1741027014 46472 0
1741027016 46307 0
1741027018 46259 0
1741027020 46195 0
1741027022 46081 0
1741027024 46258 0
1741027026 46258 0
1741027028 46437 0
1741027030 46376 0
1741027032 46311 0
1741027034 46217 0
1741027036 46232 0
1741027038 46195 0
1741027040 46078 0
1741027043 46244 0
1741027045 46218 0
1741027047 46329 0
1741027049 46216 0
1741027051 46309 0
1741027053 46257 0
1741027055 46316 0
1741027057 46408 0
1741027059 46511 0
1741027061 46996 0
1741027063 47588 0
1741027065 47821 0
1741027067 48232 0
1741027069 48186 0
1741027071 48232 0
1741027073 48114 0
1741027075 47997 0
1741027077 47366 0
1741027079 47080 0
1741027081 46720 0
1741027083 46459 0
1741027085 46338 0
1741027088 46443 0
1741027090 46449 0
1741027092 46415 0
1741027094 46254 0
1741027096 46301 0
1741027098 46274 0
1741027100 46147 0
1741027102 46148 0
1741027104 46189 0
1741027106 46345 0
1741027108 46410 0
1741027110 46297 0
1741027112 46311 0
1741027114 46245 0
1741027116 46223 0
1741027118 46212 0
1741027120 46290 0
1741027122 46506 0
1741027124 46387 0
1741027126 46417 0
1741027128 46683 0
1741027130 47131 0
1741027132 47506 0
1741027135 47999 0
1741027137 48062 0
1741027139 48131 0
1741027141 48171 0
1741027143 48026 0
1741027145 47538 0
1741027147 47154 0
1741027149 46834 0
1741027151 46577 0
1741027153 46441 0
1741027155 46372 0
1741027157 46272 0
1741027159 46196 0
1741027161 46163 0
1741027163 46196 0
1741027165 46103 0
1741027167 46098 0
1741027169 46125 0
1741027171 46096 0
1741027173 46227 0
1741027175 46266 0
1741027177 46226 0
1741027179 46207 0
1741027182 46367 0
1741027184 46452 0
1741027186 46649 0
1741027188 47032 0
1741027190 47532 0
1741027192 47947 0
1741027194 48068 0
1741027196 48140 0
1741027198 48163 0
1741027200 48027 0
1741027202 47937 0
1741027204 47869 0
1741027206 47832 0
1741027208 47886 0
1741027210 47743 0
1741027212 47813 0
1741027214 47236 0
1741027216 46873 0
1741027218 46706 0
1741027220 46461 0
1741027222 46381 0
1741027224 46258 0
1741027226 46210 0
1741027229 46332 0
1741027231 46237 0
1741027233 46154 0
1741027235 46190 0
1741027237 46140 0
1741027239 46155 0
1741027241 46394 0
1741027243 46344 0
1741027245 46285 0
1741027247 46319 0
1741027249 46374 0
1741027251 46523 0
1741027253 46688 0
1741027255 47021 0
1741027257 47494 0
1741027259 48007 0
1741027261 48114 0
1741027263 48145 0
1741027265 48269 0
1741027267 48287 0
1741027269 48246 0
1741027271 48107 0
1741027274 47904 0
1741027276 47793 0
1741027278 47837 0
1741027280 47808 0
1741027282 47697 0
1741027284 47218 0
1741027286 46717 0
1741027288 46727 0
1741027290 46464 0
1741027292 46359 0
1741027294 46337 0
1741027296 46173 0
1741027298 46123 0
1741027300 46338 0
1741027302 46260 0
1741027304 46211 0
1741027306 46087 0
1741027308 46041 0
1741027310 46126 0
1741027312 46242 0
1741027314 46271 0
1741027316 46220 0
1741027318 46153 0
1741027321 46136 0
1741027323 46155 0
1741027325 46070 0
1741027327 46303 0
1741027329 46181 0
1741027331 46237 0
1741027333 46419 0
1741027335 46718 0
1741027337 47043 0
1741027339 47496 0
1741027341 47901 0
1741027343 48128 0
1741027345 48171 0
1741027347 48189 0
1741027349 48021 0
1741027351 47558 0
1741027353 46990 0
1741027355 46608 0
1741027357 46346 0
1741027359 46295 0
1741027361 46353 0
1741027363 46176 0
1741027366 46104 0
1741027368 46231 0
1741027370 46271 0
1741027372 46306 0
1741027374 46184 0
1741027376 46080 0
1741027378 46193 0
1741027380 46100 0
1741027382 46154 0
1741027384 46327 0
1741027386 46263 0
1741027388 46415 0
1741027390 46387 0
1741027392 46339 0
1741027394 46328 0
1741027396 46368 0
1741027398 46297 0
1741027400 46359 0
1741027402 46614 0
1741027404 47002 0
1741027406 47416 0
1741027408 47829 0
1741027411 48041 0
1741027413 48145 0
1741027415 48067 0
1741027417 48090 0
1741027419 47991 0
1741027421 47455 0
1741027423 46896 0
1741027425 46702 0
1741027427 46469 0
1741027429 46457 0
1741027431 46334 0
1741027433 46344 0
1741027435 46295 0
1741027437 46250 0
1741027439 46180 0
1741027441 46250 0
1741027443 46176 0
1741027445 46101 0
1741027447 46123 0
1741027449 46256 0
1741027451 46095 0
1741027453 46063 0
1741027455 46058 0
1741027458 46254 0
1741027460 46347 0
1741027462 46709 0
1741027464 47224 0
1741027466 47633 0
1741027468 48021 0
1741027470 48101 0
1741027472 48115 0
1741027474 48082 0
1741027476 47980 0
1741027478 47946 0
1741027480 47909 0
1741027482 47889 0
1741027484 47851 0
1741027486 47870 0
1741027488 47437 0
1741027490 46954 0
1741027492 46700 0
1741027494 46552 0
1741027496 46359 0
1741027498 46182 0
1741027500 46192 0
1741027502 46198 0
1741027505 46299 0
1741027507 46405 0
1741027509 46375 0
1741027511 46257 0
1741027513 46295 0
1741027515 46318 0
1741027517 46305 0
1741027519 46277 0
1741027521 46257 0
1741027523 46339 0
1741027525 46239 0
1741027527 46535 0
1741027529 46749 0
1741027531 47166 0
1741027533 47669 0
1741027535 47912 0
1741027537 47996 0
1741027539 48018 0
1741027541 48090 0
1741027543 48060 0
1741027545 48059 0
1741027547 48033 0
1741027550 47999 0
1741027552 47898 0
1741027554 47966 0
1741027556 47939 0
1741027558 47453 0
1741027560 46916 0
1741027562 46617 0
1741027564 46443 0
1741027566 46246 0
1741027568 46270 0
1741027570 46379 0
1741027572 46316 0
1741027574 46323 0
1741027576 46278 0
1741027578 46258 0
1741027580 46278 0
1741027582 46228 0
1741027584 46093 0
1741027586 46139 0
1741027588 46095 0
1741027590 46054 0
1741027592 46154 0
1741027594 46162 0
1741027597 46169 0
1741027599 46228 0
1741027601 46285 0
1741027603 46280 0
1741027605 46345 0
1741027607 46423 0
1741027609 46659 0
1741027611 46972 0
1741027613 47375 0
1741027615 47810 0
1741027617 47875 0
1741027619 48010 0
1741027621 47906 0
1741027623 47906 0
1741027625 47644 0
1741027627 46991 0
1741027629 46672 0
1741027631 46441 0
1741027633 46279 0
1741027635 46106 0
1741027637 46066 0
1741027639 46149 0
1741027641 46147 0
1741027644 46185 0
1741027646 46108 0
1741027648 46178 0
1741027650 46120 0
1741027652 45976 0
1741027654 46031 0
1741027656 46070 0
1741027658 45979 0
1741027660 46100 0
1741027662 46026 0
1741027664 46051 0
1741027666 46045 0
1741027668 46066 0
1741027670 46162 0
1741027672 46114 0
1741027674 46169 0
1741027676 46203 0
1741027678 46414 0
1741027680 46745 0
1741027682 47309 0
1741027684 47613 0
1741027686 47991 0
1741027689 48014 0
1741027691 48022 0
1741027693 47975 0
1741027695 47532 0
1741027697 46918 0
1741027699 46577 0
1741027701 46427 0
1741027703 46289 0
1741027705 46183 0
1741027707 46176 0
1741027709 46015 0
1741027711 45947 0
1741027713 45895 0
1741027715 46062 0
1741027717 46075 0
1741027719 46174 0
1741027721 46284 0
1741027723 46312 0
1741027725 46316 0
1741027727 46284 0
1741027729 46343 0
1741027731 46428 0
1741027734 46629 0
1741027736 46785 0
1741027738 47147 0
1741027740 47704 0
1741027742 47978 0
1741027744 48174 0
1741027746 48123 0
1741027748 48284 0
1741027750 48295 0
1741027752 48172 0
1741027754 48009 0
1741027756 47949 0
1741027758 47853 0
1741027760 47826 0
1741027762 47836 0
1741027764 47321 0
1741027766 46957 0
1741027768 46715 0
1741027770 46547 0
1741027772 46470 0
1741027774 46411 0
1741027776 46266 0
1741027778 46105 0
1741027781 46264 0
1741027783 46276 0
1741027785 46201 0
1741027787 46215 0
1741027789 46187 0
1741027791 46244 0
1741027793 46245 0
1741027795 46330 0
1741027797 46207 0
1741027799 46246 0
1741027801 46339 0
1741027803 46471 0
1741027805 46751 0
1741027807 47366 0
1741027809 47964 0
1741027811 48151 0
1741027813 48076 0
1741027815 48135 0
1741027817 48010 0
1741027819 47945 0
1741027821 47875 0
1741027823 47887 0
1741027826 47851 0
1741027828 47852 0
1741027830 47819 0
1741027832 47560 0
1741027834 47114 0
1741027836 46890 0
1741027838 46651 0
1741027840 46425 0
1741027842 46317 0
1741027844 46266 0
1741027846 46169 0
1741027848 46156 0
1741027850 46074 0
1741027852 46041 0
1741027854 45946 0
1741027856 46160 0
1741027858 46115 0
1741027860 46083 0
1741027862 46123 0
1741027864 46092 0
1741027866 46092 0
1741027868 46201 0
1741027870 46078 0
1741027873 46051 0
1741027875 46130 0
1741027877 46156 0
1741027879 46153 0
1741027881 46191 0
1741027883 46309 0
1741027885 46707 0
1741027887 47220 0
1741027889 47705 0
1741027891 48048 0
1741027893 48243 0
1741027895 48222 0
1741027897 48150 0
1741027899 48071 0
1741027901 47480 0
1741027903 46978 0
1741027905 46618 0
1741027907 46409 0
1741027909 46395 0
1741027911 46376 0
1741027913 46285 0
1741027916 46432 0
1741027918 46398 0
1741027920 46328 0
1741027922 46211 0
1741027924 46199 0
1741027926 46282 0
1741027928 46442 0
1741027930 46472 0
1741027932 46327 0
1741027934 46275 0
1741027936 46380 0
1741027938 46352 0
1741027940 46277 0
1741027942 46334 0
1741027944 46378 0
1741027946 46397 0
1741027948 46456 0
1741027950 46746 0
1741027952 47094 0
1741027954 47569 0
1741027956 47931 0
1741027958 48058 0
1741027960 48420 0
1741027963 48265 0
1741027965 48221 0
1741027967 48070 0
1741027969 47908 0
1741027971 47157 0
1741027973 46742 0
1741027975 46495 0
1741027977 46325 0
1741027979 46395 0
1741027981 46294 0
1741027983 46222 0
1741027985 46168 0
1741027987 46291 0
1741027989 46338 0
1741027991 46213 0
1741027993 46196 0
1741027995 46244 0
1741027997 46306 0
1741027999 46215 0
1741028001 46314 0
1741028003 46415 0
1741028005 46543 0
1741028007 46736 0
1741028010 47041 0
1741028012 47401 0
1741028014 47817 0
1741028016 48087 0
1741028018 48228 0
1741028020 48238 0
1741028022 48336 0
1741028024 48233 0
1741028026 48097 0
1741028028 48013 0
1741028030 48093 0
1741028032 48111 0
1741028034 48024 0
1741028036 47956 0
1741028038 47430 0
1741028040 47009 0
1741028042 46633 0
1741028044 46593 0
1741028046 46487 0
1741028048 46495 0
1741028050 46381 0
1741028052 46317 0
1741028055 46298 0
1741028057 46320 0
1741028059 46304 0
1741028061 46387 0
1741028063 46416 0
1741028065 46318 0
1741028067 46290 0
1741028069 46261 0
1741028071 46297 0
1741028073 46366 0
1741028075 46366 0
1741028077 46477 0
1741028079 46766 0
1741028081 47402 0
1741028083 47902 0
1741028085 48097 0
1741028087 48178 0
1741028089 48159 0
1741028091 48160 0
1741028093 48016 0
1741028095 47938 0
1741028097 47972 0
1741028099 47855 0
1741028102 47810 0
1741028104 47787 0
1741028106 47590 0
1741028108 47054 0
1741028110 46788 0
1741028112 46445 0
1741028114 46318 0
1741028116 46331 0
1741028118 46283 0
1741028120 46259 0
1741028122 46283 0
1741028124 46309 0
1741028126 46300 0
1741028128 46319 0
1741028130 46354 0
1741028132 46507 0
1741028134 46525 0
1741028136 46450 0
1741028138 46385 0
1741028140 46452 0
1741028142 46311 0
1741028144 46277 0
1741028146 46220 0
1741028149 46288 0
1741028151 46284 0
1741028153 46195 0
1741028155 46298 0
1741028157 46507 0
1741028159 46797 0
1741028161 47027 0
1741028163 47569 0
1741028165 47827 0
1741028167 48146 0
1741028169 48064 0
1741028171 48102 0
1741028173 47998 0
1741028175 47625 0
1741028177 47185 0
1741028179 46838 0
1741028181 46606 0
1741028183 46387 0
1741028185 46353 0
1741028187 46381 0
1741028189 46320 0
1741028191 46418 0
1741028193 46451 0
1741028196 46343 0
1741028198 46255 0
1741028200 46373 0
1741028202 46497 0
1741028204 46334 0
1741028206 46419 0
1741028208 46335 0
1741028210 46281 0
1741028212 46197 0
1741028214 46145 0
1741028216 46078 0
1741028218 46052 0
1741028220 46214 0
1741028222 46277 0
1741028224 46443 0
1741028226 46639 0
1741028228 47169 0
1741028230 47658 0
1741028232 47883 0
1741028234 48256 0
1741028236 48164 0
1741028238 48113 0
1741028241 48014 0
1741028243 48032 0
1741028245 47343 0
1741028247 46875 0
1741028249 46419 0
1741028251 46264 0
1741028253 46192 0
1741028255 46166 0
1741028257 46144 0
1741028259 46256 0
1741028261 46355 0
1741028263 46165 0
1741028265 46178 0
1741028267 46077 0
1741028269 46131 0
1741028271 46037 0
1741028273 46130 0
1741028275 46099 0
1741028277 46094 0
1741028279 46133 0
1741028281 46232 0
1741028283 46391 0
1741028286 46698 0
1741028288 47277 0
1741028290 47784 0
1741028292 48020 0
1741028294 48175 0
1741028296 48210 0
1741028298 48130 0
1741028300 48118 0
1741028302 48001 0
1741028304 47924 0
1741028306 47880 0
1741028308 47926 0
1741028310 47736 0
1741028312 47535 0
1741028314 47074 0
1741028316 46754 0
1741028318 46545 0
1741028320 46518 0
1741028322 46328 0
1741028324 46247 0
1741028326 46218 0
1741028328 46128 0
1741028330 46231 0
1741028333 46072 0
1741028335 46188 0
1741028337 46135 0
1741028339 46017 0
1741028341 46152 0
1741028343 46119 0
1741028345 46173 0
1741028347 46189 0
1741028349 46276 0
1741028351 46460 0
1741028353 46611 0
1741028355 47000 0
1741028357 47423 0
1741028359 47778 0
1741028361 48075 0
1741028363 48207 0
1741028365 48124 0
1741028367 48177 0
1741028369 47925 0
1741028371 47880 0
1741028373 47914 0
1741028375 47805 0
1741028377 47870 0
1741028380 47874 0
1741028382 47407 0
1741028384 47054 0
1741028386 46684 0
1741028388 46460 0
1741028390 46336 0
1741028392 46367 0
1741028394 46304 0
1741028396 46180 0
1741028398 46129 0
1741028400 46153 0
1741028402 46062 0
1741028404 45981 0
1741028406 46058 0
1741028408 46290 0
1741028410 46164 0
1741028412 46088 0
1741028414 46141 0
1741028416 46250 0
1741028418 46217 0
1741028420 46140 0
1741028422 46230 0
1741028425 46217 0
1741028427 46376 0
1741028429 46416 0
1741028431 46487 0
1741028433 46781 0
1741028435 47071 0
1741028437 47534 0
1741028439 47892 0
1741028441 48214 0
1741028443 48150 0
1741028445 48053 0
1741028447 47942 0
1741028449 47789 0
1741028451 47178 0
1741028453 46826 0
1741028455 46643 0
1741028457 46386 0
1741028459 46220 0
1741028461 46154 0
1741028463 46145 0
1741028465 46146 0
1741028467 46141 0
1741028469 46129 0
1741028472 46221 0
1741028474 46189 0
1741028476 46114 0
1741028478 46143 0
1741028480 46148 0
1741028482 46137 0
1741028484 46211 0
1741028486 46321 0
1741028488 46295 0
1741028490 46218 0
1741028492 46252 0
1741028494 46193 0
1741028496 46253 0
1741028498 46355 0
1741028500 46610 0
1741028502 46950 0
1741028504 47288 0
1741028506 47652 0
1741028508 47945 0
1741028510 48063 0
1741028512 48032 0
1741028514 48007 0
1741028516 47909 0
1741028519 47545 0
1741028521 47004 0
1741028523 46685 0
1741028525 46514 0
1741028527 46433 0
1741028529 46325 0
1741028531 46256 0
1741028533 46155 0
1741028535 46141 0
1741028537 46019 0
1741028539 45884 0
1741028541 45900 0
1741028543 45990 0
1741028545 45947 0
1741028547 46061 0
1741028549 46033 0
1741028551 46066 0
1741028553 46093 0
1741028555 46185 0
1741028557 46250 0
1741028559 46491 0
1741028561 47236 0
1741028564 47697 0
1741028566 47811 0
1741028568 47848 0
1741028570 47913 0
1741028572 47876 0
1741028574 47906 0
1741028576 47914 0
1741028578 47825 0
1741028580 47762 0
1741028582 47798 0
1741028584 47855 0
1741028586 47696 0
1741028588 47274 0
1741028590 46746 0
1741028592 46532 0
1741028594 46196 0
1741028596 46135 0
1741028598 46111 0
1741028600 46093 0
1741028602 46150 0
1741028604 46140 0
1741028606 46091 0
1741028608 46165 0
1741028611 46139 0
1741028613 46228 0
1741028615 46227 0
1741028617 46250 0
1741028619 46244 0
1741028621 46480 0
1741028623 46289 0
1741028625 46334 0
1741028627 46683 0
1741028629 46950 0
1741028631 47512 0
1741028633 47834 0
1741028635 48009 0
1741028637 47912 0
1741028639 47896 0
1741028641 47904 0
1741028643 47807 0
1741028645 47733 0
1741028647 47911 0
1741028649 47790 0
1741028651 47678 0
1741028653 47616 0
1741028655 47417 0
1741028658 46849 0
1741028660 46372 0
1741028662 46150 0
1741028664 46153 0
1741028666 46055 0
1741028668 46124 0
1741028670 46098 0
1741028672 46019 0
1741028674 45939 0
1741028676 45923 0
1741028678 45960 0
1741028680 46055 0
1741028682 46106 0
1741028684 46013 0
1741028686 45999 0
1741028688 45981 0
1741028690 46036 0
1741028692 45970 0
1741028694 46077 0
1741028696 46066 0
1741028698 46105 0
1741028700 46060 0
1741028703 45999 0
1741028705 46097 0
1741028707 46433 0
1741028709 46827 0
1741028711 47236 0
1741028713 47625 0
1741028715 47906 0
1741028717 47944 0
1741028719 47917 0
1741028721 47957 0
1741028723 47921 0
1741028725 47451 0
1741028727 46833 0
1741028729 46462 0
1741028731 46294 0
1741028733 46151 0
1741028735 45993 0
1741028737 45925 0
1741028739 45956 0
1741028741 46087 0
1741028743 45920 0
1741028745 45935 0
1741028747 45886 0
1741028750 45920 0
1741028752 45953 0
1741028754 45999 0
1741028756 45945 0
1741028758 45859 0
1741028760 46018 0
1741028762 46007 0
1741028764 45937 0
1741028766 45911 0
1741028768 46073 0
1741028770 46020 0
1741028772 45932 0
1741028774 46013 0
1741028776 46216 0
1741028778 46574 0
1741028780 47040 0
1741028782 47517 0
1741028784 47703 0
1741028786 47841 0
1741028788 47928 0
1741028790 47949 0
1741028792 47607 0
1741028794 46995 0
1741028797 46567 0
1741028799 46344 0
1741028801 46490 0
1741028803 46250 0
1741028805 46167 0
1741028807 45991 0
1741028809 45947 0
1741028811 45906 0
1741028813 45938 0
1741028815 45809 0
1741028817 45943 0
1741028819 45902 0
1741028821 45906 0
1741028823 45941 0
1741028825 45860 0
1741028827 45926 0
1741028829 46137 0
1741028831 46155 0
1741028833 46342 0
1741028835 46593 0
1741028837 47087 0
1741028839 47554 0
1741028841 47775 0
1741028844 47806 0
1741028846 47686 0
1741028848 47705 0
1741028850 47599 0
1741028852 47536 0
1741028854 47647 0
1741028856 47654 0
1741028858 47628 0
1741028860 47701 0
1741028862 47327 0
1741028864 46768 0
1741028866 46331 0
1741028868 46200 0
1741028870 45931 0
1741028872 45981 0
1741028874 46037 0
1741028876 45931 0
1741028878 45874 0
1741028880 45915 0
1741028882 45958 0
1741028884 45877 0
1741028886 45986 0
1741028888 46214 0
1741028891 45997 0
1741028893 45999 0
1741028895 45967 0
1741028897 46002 0
1741028899 46193 0
1741028901 46350 0
1741028903 46700 0
1741028905 47188 0
1741028907 47595 0
1741028909 47778 0
1741028911 47834 0
1741028913 47845 0
1741028915 47841 0
1741028917 47589 0
1741028919 47609 0
1741028921 47908 0
1741028923 47737 0
1741028925 47584 0
1741028927 47556 0
1741028929 47483 0
1741028931 46851 0
1741028933 46577 0
1741028935 46352 0
1741028938 46294 0
1741028940 46044 0
1741028942 45944 0
1741028944 45845 0
1741028946 45933 0
1741028948 45971 0
1741028950 46173 0
1741028952 46067 0
1741028954 45960 0
1741028956 45920 0
1741028958 45805 0
1741028960 45808 0
1741028962 45860 0
1741028964 45956 0
1741028966 45853 0
1741028968 45978 0
1741028970 45903 0
1741028972 45919 0
1741028974 45920 0
1741028976 46115 0
1741028978 46088 0
1741028980 46473 0
1741028982 46718 0
1741028985 47104 0
1741028987 47645 0
1741028989 47832 0
1741028991 48077 0
1741028993 47952 0
1741028995 47925 0
1741028997 47772 0
1741028999 47367 0
1741029001 46851 0
1741029003 46473 0
1741029005 46226 0
1741029007 46147 0
1741029009 46149 0
1741029011 45954 0
1741029013 45949 0
1741029015 46037 0
1741029017 45887 0
1741029019 45930 0
1741029021 45986 0
1741029023 46053 0
1741029025 46013 0
1741029027 45834 0
1741029030 45949 0
1741029032 45917 0
1741029034 45998 0
1741029036 46098 0
1741029038 46089 0
1741029040 46049 0
1741029042 46064 0
1741029044 46003 0
1741029046 46050 0
1741029048 46243 0
1741029050 46417 0
1741029052 46800 0
1741029054 47245 0
1741029056 47653 0
1741029058 47880 0
1741029060 47915 0
1741029062 47872 0
1741029064 47894 0
1741029066 47961 0
1741029068 47398 0
1741029070 46826 0
1741029072 46525 0
1741029074 46269 0
1741029077 46046 0
1741029079 45998 0
1741029081 45976 0
1741029083 45995 0
1741029085 45963 0
1741029087 46092 0
1741029089 45970 0
1741029091 45991 0
1741029093 45995 0
1741029095 45976 0
1741029097 45936 0
1741029099 45948 0
1741029101 46000 0
1741029103 45957 0
1741029105 45993 0
1741029107 46222 0
1741029109 46478 0
1741029111 46929 0
1741029113 47465 0
1741029115 47714 0
1741029117 47847 0
1741029119 47869 0
1741029121 47854 0
1741029124 47798 0
1741029126 47684 0
1741029128 47691 0
1741029130 47670 0
1741029132 47627 0
1741029134 47612 0
1741029136 47643 0
1741029138 46961 0
1741029140 46615 0
1741029142 46546 0
1741029144 46443 0
1741029146 46290 0
1741029148 46176 0
1741029150 46106 0
1741029152 46140 0
1741029154 46076 0
1741029156 46065 0
1741029158 45902 0
1741029160 46087 0
1741029162 46082 0
1741029164 46010 0
1741029166 45999 0
1741029169 45965 0
1741029171 45998 0
1741029173 45948 0
1741029175 46085 0
1741029177 46267 0
1741029179 46653 0
1741029181 47222 0
1741029183 47731 0
1741029185 47881 0
1741029187 47905 0
1741029189 47931 0
1741029191 47864 0
1741029193 47856 0
1741029195 47917 0
1741029197 47804 0
1741029199 47822 0
1741029201 47798 0
1741029203 47863 0
1741029205 47398 0
1741029207 46863 0
1741029209 46472 0
1741029211 46225 0
1741029213 46092 0
1741029216 45965 0
1741029218 46072 0
1741029220 46103 0
1741029222 46330 0
1741029224 46113 0
1741029226 46027 0
1741029228 46039 0
1741029230 46169 0
1741029232 46174 0
1741029234 46028 0
1741029236 46032 0
1741029238 46095 0
1741029240 46187 0
1741029242 46160 0
1741029244 46117 0
1741029246 46092 0
1741029248 46234 0
1741029250 46200 0
1741029252 46089 0
1741029254 46209 0
1741029256 46608 0
1741029258 47184 0
1741029260 47662 0
1741029263 47815 0
1741029265 47903 0
1741029267 48122 0
1741029269 48088 0
1741029271 47985 0
1741029273 47862 0
1741029275 47202 0
1741029277 46859 0
1741029279 46591 0
1741029281 46498 0
1741029283 46317 0
1741029285 46212 0
1741029287 46133 0
1741029289 45939 0
1741029291 46018 0
1741029293 45990 0
1741029295 45947 0
1741029297 45969 0
1741029299 45918 0
1741029301 45913 0
1741029303 45906 0
1741029305 45899 0
1741029308 46015 0
1741029310 46048 0
1741029312 45921 0
1741029314 45982 0
1741029316 46001 0
1741029318 46042 0
1741029320 46124 0
1741029322 46144 0
1741029324 46286 0
1741029326 46529 0
1741029328 46896 0
1741029330 47347 0
1741029332 47745 0
1741029334 47921 0
1741029336 47999 0
1741029338 47932 0
1741029340 48166 0
1741029342 47837 0
1741029344 47110 0
1741029346 46806 0
1741029348 46469 0
1741029350 46266 0
1741029352 46205 0
1741029355 46226 0
1741029357 46090 0
1741029359 46035 0
1741029361 46044 0
1741029363 46022 0
1741029365 45935 0
1741029367 46092 0
1741029369 46128 0
1741029371 46116 0
1741029373 46039 0
1741029375 46113 0
1741029377 46114 0
1741029379 46114 0
1741029381 46178 0
1741029383 46570 0
1741029385 47058 0
1741029387 47517 0
1741029389 47788 0
1741029391 48016 0
1741029393 48010 0
1741029396 48025 0
1741029398 47933 0
1741029400 47916 0
1741029402 47865 0
1741029404 47802 0
1741029406 47735 0
1741029408 47688 0
1741029410 47792 0
1741029412 47357 0
1741029414 46768 0
1741029416 46502 0
1741029418 46381 0
1741029420 46292 0
1741029422 46247 0
1741029424 46170 0
1741029426 46127 0
1741029428 46422 0
1741029430 46241 0
1741029432 46143 0
1741029434 46112 0
1741029436 46179 0
1741029438 46188 0
1741029440 46144 0
1741029443 46202 0
1741029445 46224 0
1741029447 46426 0
1741029449 46503 0
1741029451 46589 0
1741029453 46965 0
1741029455 47503 0
1741029457 47800 0
1741029459 47882 0
1741029461 48161 0
1741029463 48035 0
1741029465 47978 0
1741029467 47914 0
1741029469 47887 0
1741029471 47789 0
1741029473 47851 0
1741029475 47878 0
1741029477 47779 0
1741029479 47412 0
1741029481 46883 0
1741029483 46489 0
1741029485 46395 0
1741029488 46319 0
1741029490 46333 0
1741029492 46242 0
1741029494 46157 0
1741029496 46178 0
1741029498 46027 0
1741029500 46008 0
1741029502 46071 0
1741029504 46058 0
1741029506 46071 0
1741029508 46118 0
1741029510 46061 0
1741029512 45901 0
1741029514 45991 0
1741029516 45985 0
1741029518 46076 0
1741029520 46278 0
1741029522 46233 0
1741029524 46182 0
1741029526 46193 0
1741029528 46284 0
1741029530 46619 0
1741029533 46947 0
1741029535 47346 0
1741029537 47790 0
1741029539 47914 0
1741029541 47939 0
1741029543 47956 0
1741029545 47927 0
1741029547 48027 0
1741029549 47555 0
1741029551 46932 0
1741029553 46604 0
1741029555 46442 0
1741029557 46322 0
1741029559 46349 0
1741029561 46325 0
1741029563 46317 0
1741029565 46273 0
1741029567 46274 0
1741029569 46281 0
1741029571 46207 0
1741029573 46303 0
1741029575 46367 0
1741029577 46262 0
1741029580 46262 0
1741029582 46416 0
1741029584 46347 0
1741029586 46306 0
1741029588 46131 0
1741029590 46228 0
1741029592 46227 0
1741029594 46195 0
1741029596 46276 0
1741029598 46461 0
1741029600 46711 0
1741029602 47109 0
1741029604 47613 0
1741029606 47993 0
1741029608 48334 0
1741029610 48147 0
1741029612 48022 0
1741029614 48058 0
1741029616 47922 0
1741029618 47295 0
1741029620 46704 0
1741029622 46668 0
1741029624 46458 0
1741029627 46365 0
1741029629 46275 0
1741029631 46273 0
1741029633 46276 0
1741029635 46299 0
1741029637 46227 0
1741029639 46247 0
1741029641 46470 0
1741029643 46353 0
1741029645 46265 0
1741029647 46249 0
1741029649 46153 0
1741029651 46222 0
1741029653 46223 0
1741029655 46399 0
1741029657 46710 0
1741029659 47089 0
1741029661 47561 0
1741029663 47914 0
1741029665 48063 0
1741029667 48108 0
1741029669 48156 0
1741029672 48140 0
1741029674 48060 0
1741029676 47976 0
1741029678 47815 0
1741029680 47824 0
1741029682 47785 0
1741029684 47830 0
1741029686 47349 0
1741029688 46979 0
1741029690 46587 0
1741029692 46438 0
1741029694 46498 0
1741029696 46497 0
1741029698 46436 0
1741029700 46467 0
1741029702 46420 0
1741029704 46339 0
1741029706 46283 0
1741029708 46209 0
1741029710 46208 0
1741029712 46139 0
1741029714 46318 0
1741029717 46267 0
1741029719 46367 0
1741029721 46375 0
1741029723 46344 0
1741029725 46403 0
1741029727 46680 0
1741029729 47282 0
1741029731 47729 0
1741029733 48015 0
1741029735 48174 0
1741029737 48119 0
1741029739 48104 0
1741029741 47911 0
1741029743 47758 0
1741029745 47692 0
1741029747 47747 0
1741029749 47688 0
1741029751 47670 0
1741029753 47748 0
1741029755 47272 0
1741029757 46871 0
1741029759 46622 0
1741029761 46418 0
1741029764 46334 0
1741029766 46225 0
1741029768 46161 0
1741029770 46000 0
1741029772 45970 0
1741029774 46001 0
1741029776 46075 0
1741029778 46036 0
1741029780 46067 0
1741029782 46142 0
1741029784 46149 0
1741029786 46132 0
1741029788 46291 0
1741029790 46263 0
1741029792 46114 0
1741029794 46124 0
1741029796 46151 0
1741029798 46199 0
1741029800 46315 0
1741029802 46558 0
1741029804 46739 0
1741029806 47091 0
1741029809 47407 0
1741029811 47717 0
1741029813 47998 0
1741029815 48022 0
1741029817 47989 0
1741029819 48010 0
1741029821 48252 0
1741029823 47968 0
1741029825 47150 0
1741029827 46762 0
1741029829 46461 0
1741029831 46264 0
1741029833 46275 0
1741029835 46170 0
1741029837 46089 0
1741029839 46074 0
1741029841 46093 0
1741029843 46027 0
1741029845 46089 0
1741029847 46255 0
1741029849 46345 0
1741029851 46248 0
1741029853 46190 0
1741029856 46279 0
1741029858 46115 0
1741029860 46079 0
1741029862 46001 0
1741029864 46096 0
1741029866 46106 0
1741029868 46274 0
1741029870 46189 0
1741029872 46294 0
1741029874 46448 0
1741029876 46793 0
1741029878 47231 0
1741029880 47672 0
1741029882 47885 0
1741029884 47994 0
1741029886 48015 0
1741029888 47947 0
1741029890 47914 0
1741029892 47340 0
1741029894 46848 0
1741029896 46573 0
1741029898 46277 0
1741029900 46205 0
1741029903 46174 0
1741029905 46076 0
1741029907 46109 0
1741029909 46191 0
1741029911 46190 0
1741029913 46034 0
1741029915 46090 0
1741029917 46080 0
1741029919 46096 0
1741029921 46181 0
1741029923 46226 0
1741029925 46289 0
1741029927 46392 0
1741029929 46325 0
1741029931 46686 0
1741029933 46914 0
1741029935 47452 0
1741029937 47833 0
1741029939 48143 0
1741029941 48249 0
1741029943 48085 0
1741029945 48037 0
1741029948 47887 0
1741029950 47924 0
1741029952 47853 0
1741029954 47817 0
1741029956 47790 0
1741029958 47803 0
1741029960 47637 0
1741029962 46918 0
1741029964 46673 0
1741029966 46440 0
1741029968 46452 0
1741029970 46419 0
1741029972 46282 0
1741029974 46171 0
1741029976 46080 0
1741029978 46047 0
1741029980 46071 0
1741029982 46218 0
1741029984 46107 0
1741029986 46015 0
1741029988 45975 0
1741029991 46033 0
1741029993 46035 0
1741029995 46166 0
1741029997 46144 0
1741029999 46342 0
1741030001 46867 0
1741030003 47324 0
1741030005 47743 0
1741030007 48054 0
1741030009 48202 0
1741030011 48156 0
1741030013 48057 0
1741030015 47965 0
1741030017 47816 0
1741030019 47790 0
1741030021 47707 0
1741030023 47614 0
1741030025 47648 0
1741030027 47682 0
1741030029 47309 0
1741030031 46857 0
1741030033 46638 0
1741030036 46491 0
1741030038 46323 0
1741030040 46181 0
1741030042 46154 0
1741030044 46162 0
1741030046 46139 0
1741030048 46046 0
1741030050 45922 0
1741030052 45969 0
1741030054 45965 0
1741030056 46015 0
1741030058 46010 0
1741030060 46312 0
1741030062 46187 0
1741030064 46215 0
1741030066 46140 0
1741030068 46123 0
1741030070 46065 0
1741030072 46172 0
1741030074 46218 0
1741030076 46160 0
1741030078 46327 0
1741030080 46577 0
1741030083 46851 0
1741030085 47266 0
1741030087 47698 0
1741030089 48057 0
1741030091 48047 0
1741030093 47942 0
1741030095 47890 0
1741030097 47800 0
1741030099 47038 0
1741030101 46750 0
1741030103 46481 0
1741030105 46299 0
1741030107 46239 0
1741030109 46163 0
1741030111 46095 0
1741030113 46085 0
1741030115 46049 0
1741030117 46015 0
1741030119 45990 0
1741030121 46228 0
1741030123 46206 0
1741030125 46176 0
1741030128 46035 0
1741030130 46074 0
1741030132 46109 0
1741030134 45996 0
1741030136 46134 0
1741030138 46065 0
1741030140 46072 0
1741030142 46229 0
1741030144 46219 0
1741030146 46334 0
1741030148 46512 0
1741030150 46981 0
1741030152 47342 0
1741030154 47733 0
1741030156 47973 0
1741030158 48101 0
1741030160 48086 0
1741030162 48126 0
1741030164 48041 0
1741030166 47635 0
1741030168 46986 0
1741030170 46685 0
1741030172 46321 0
1741030175 46306 0
1741030177 46206 0
1741030179 46166 0
1741030181 46304 0
1741030183 46121 0
1741030185 46220 0
1741030187 46203 0
1741030189 46176 0
1741030191 46148 0
1741030193 45976 0
1741030195 45919 0
1741030197 45924 0
1741030199 45914 0
1741030201 45923 0
1741030203 46172 0
1741030205 46347 0
1741030207 46823 0
1741030209 47430 0
1741030211 47859 0
1741030213 47993 0
1741030215 48163 0
1741030217 48026 0
1741030219 47976 0
1741030222 47908 0
1741030224 47833 0
1741030226 47732 0
1741030228 47753 0
1741030230 47791 0
1741030232 47802 0
1741030234 47800 0
1741030236 47058 0
1741030238 46648 0
1741030240 46395 0
1741030242 46314 0
1741030244 46081 0
1741030246 46033 0
1741030248 46004 0
1741030250 46013 0
1741030252 46085 0
1741030254 46143 0
1741030256 46088 0
1741030258 46012 0
1741030260 45990 0
1741030262 46094 0
1741030264 45962 0
1741030267 46174 0
1741030269 46201 0
1741030271 46136 0
1741030273 46143 0
1741030275 46234 0
1741030277 46436 0
1741030279 46803 0
1741030281 47269 0
1741030283 47676 0
1741030285 47915 0
1741030287 48016 0
1741030289 47997 0
1741030291 47862 0
1741030293 47814 0
1741030295 47837 0
1741030297 47888 0
1741030299 47890 0
1741030301 47955 0
1741030303 47647 0
1741030305 46976 0
1741030307 46643 0
1741030309 46492 0
1741030311 46343 0
1741030314 46210 0
1741030316 46191 0
1741030318 46082 0
1741030320 46011 0
1741030322 46030 0
1741030324 46077 0
1741030326 45906 0
1741030328 45957 0
1741030330 46011 0
1741030332 46029 0
1741030334 46052 0
1741030336 46157 0
1741030338 46046 0
1741030340 45994 0
1741030342 46003 0
1741030344 46083 0
1741030346 46116 0
1741030348 46149 0
1741030350 46085 0
1741030352 46101 0
1741030354 46397 0
1741030356 46780 0
1741030359 47245 0
1741030361 47840 0
1741030363 48066 0
1741030365 48010 0
1741030367 48005 0
1741030369 48009 0
1741030371 47965 0
1741030373 47473 0
1741030375 46901 0
1741030377 46628 0
1741030379 46376 0
1741030381 46267 0
1741030383 46086 0
1741030385 46092 0
1741030387 46152 0
1741030389 46226 0
1741030391 46198 0
1741030393 46233 0
1741030395 46124 0
1741030397 46034 0
1741030399 46032 0
1741030401 46044 0
1741030403 46109 0
1741030406 46054 0
1741030408 46064 0
1741030410 46012 0
1741030412 46091 0
1741030414 46144 0
1741030416 46033 0
1741030418 46113 0
1741030420 46288 0
1741030422 46361 0
1741030424 46491 0
1741030426 46908 0
1741030428 47283 0
1741030430 47604 0
1741030432 47851 0
1741030434 47905 0
1741030436 47894 0
1741030438 47774 0
1741030440 47676 0
1741030442 47060 0
1741030444 46584 0
1741030446 46414 0
1741030448 46291 0
1741030451 46248 0
1741030453 46263 0
1741030455 46322 0
1741030457 46191 0
1741030459 46104 0
1741030461 46079 0
1741030463 46101 0
1741030465 46086 0
1741030467 46161 0
1741030469 46252 0
1741030471 46145 0
1741030473 46162 0
1741030475 46129 0
1741030477 46185 0
1741030479 46306 0
1741030481 46810 0
1741030483 47094 0
1741030485 47504 0
1741030487 47823 0
1741030490 47883 0
1741030492 48056 0
1741030494 47994 0
1741030496 47896 0
1741030498 47855 0
1741030500 47835 0
1741030502 47677 0
1741030504 47745 0
1741030506 47729 0
1741030508 47874 0
1741030510 47601 0
1741030512 47072 0
1741030514 46632 0
1741030516 46450 0
1741030518 46310 0
1741030520 46203 0
1741030522 46168 0
1741030524 46189 0
1741030526 46006 0
1741030528 46005 0
1741030530 46039 0
1741030532 45952 0
1741030534 46094 0
1741030537 46145 0
1741030539 46030 0
1741030541 46107 0
1741030543 46073 0
1741030545 46168 0
1741030547 46244 0
1741030549 46401 0
1741030551 46650 0
1741030553 47050 0
1741030555 47483 0
1741030557 47794 0
1741030559 47856 0
1741030561 47902 0
1741030563 47926 0
1741030565 47868 0
1741030567 48009 0
1741030569 47837 0
1741030571 47782 0
1741030573 47760 0
1741030575 47685 0
1741030577 47603 0
1741030579 47069 0
1741030581 46585 0
1741030584 46311 0
1741030586 46093 0
1741030588 46077 0
1741030590 45906 0
1741030592 46058 0
1741030594 46066 0
1741030596 46017 0
1741030598 46107 0
1741030600 46105 0
1741030602 46289 0
1741030604 46105 0
1741030606 46013 0
1741030608 45979 0
1741030610 45915 0
1741030612 45938 0
1741030614 46071 0
1741030616 46064 0
1741030618 45935 0
1741030620 45874 0
1741030622 45914 0
1741030624 45838 0
1741030626 46033 0
1741030629 46396 0
1741030631 46575 0
1741030633 46907 0
1741030635 47386 0
1741030637 47653 0
1741030639 47902 0
1741030641 47762 0
1741030643 47771 0
1741030645 47657 0
1741030647 47473 0
1741030649 46905 0
1741030651 46916 0
1741030653 46584 0
1741030655 46394 0
1741030657 46302 0
1741030659 46116 0
1741030661 46221 0
1741030663 46077 0
1741030665 46093 0
1741030667 45995 0
1741030669 45898 0
1741030671 45920 0
1741030673 45826 0
1741030676 45975 0
1741030678 46070 0
1741030680 45979 0
1741030682 45918 0
1741030684 45819 0
1741030686 45888 0
1741030688 45949 0
1741030690 46127 0
1741030692 46037 0
1741030694 46093 0
1741030696 46230 0
1741030698 46416 0
1741030700 46642 0
1741030702 47140 0
1741030704 47480 0
1741030706 47903 0
1741030708 48060 0
1741030710 47903 0
1741030712 47837 0
1741030714 47764 0
1741030716 47188 0
1741030718 46744 0
1741030720 46632 0
1741030723 46218 0
1741030725 46149 0
1741030727 46063 0
1741030729 46119 0
1741030731 46033 0
1741030733 46009 0
1741030735 45990 0
1741030737 45898 0
1741030739 45859 0
1741030741 45962 0
1741030743 45891 0
1741030745 45910 0
1741030747 46120 0
1741030749 46154 0
1741030751 46160 0
1741030753 46109 0
1741030755 46196 0
1741030757 46376 0
1741030759 46799 0
1741030761 47297 0
1741030763 47636 0
1741030765 47816 0
1741030767 47909 0
1741030770 47958 0
1741030772 47872 0
1741030774 47796 0
1741030776 47631 0
1741030778 47724 0
1741030780 47734 0
1741030782 47642 0
1741030784 47628 0
1741030786 46962 0
1741030788 46508 0
1741030790 46419 0
1741030792 46201 0
1741030794 46134 0
1741030796 45921 0
1741030798 45891 0
1741030800 45906 0
1741030802 45845 0
1741030804 45841 0
1741030806 46032 0
1741030808 46075 0
1741030810 45894 0
1741030812 45913 0
1741030814 45859 0
1741030817 46042 0
1741030819 46061 0
1741030821 46145 0
1741030823 46289 0
1741030825 46350 0
1741030827 46727 0
1741030829 47267 0
1741030831 47670 0
1741030833 47846 0
1741030835 47912 0
1741030837 47747 0
1741030839 47757 0
1741030841 47836 0
1741030843 47758 0
1741030845 47650 0
1741030847 47638 0
1741030849 47582 0
1741030851 47629 0
1741030853 47301 0
1741030855 46819 0
1741030857 46476 0
1741030859 46305 0
1741030862 46099 0
1741030864 45995 0
1741030866 45878 0
1741030868 46014 0
1741030870 46163 0
1741030872 46131 0
1741030874 46039 0
1741030876 46061 0
1741030878 46040 0
1741030880 46005 0
1741030882 46038 0
1741030884 45966 0
1741030886 46011 0
1741030888 46179 0
1741030890 46110 0
1741030892 46066 0
1741030894 45997 0
1741030896 46064 0
1741030898 46102 0
1741030900 46313 0
1741030902 46418 0
1741030904 46620 0
1741030906 46880 0
1741030909 47406 0
1741030911 47812 0
1741030913 47939 0
1741030915 48060 0
1741030917 48091 0
1741030919 48015 0
1741030921 47832 0
1741030923 47161 0
1741030925 46669 0
1741030927 46614 0
1741030929 46446 0
1741030931 46220 0
1741030933 46110 0
1741030935 46033 0
1741030937 46025 0
1741030939 46019 0
1741030941 46031 0
1741030943 45992 0
1741030945 46108 0
1741030947 46225 0
1741030949 46103 0
1741030951 46064 0
1741030953 46070 0
1741030956 45965 0
1741030958 46094 0
1741030960 46202 0
1741030962 46228 0
1741030964 46277 0
1741030966 46137 0
1741030968 46104 0
1741030970 46272 0
1741030972 46315 0
1741030974 46703 0
1741030976 47122 0
1741030978 47540 0
1741030980 47859 0
1741030982 47939 0
1741030984 48057 0
1741030986 47937 0
1741030988 48130 0
1741030990 47841 0
1741030992 47247 0
1741030994 46797 0
1741030996 46502 0
1741030998 46343 0
1741031001 46305 0
1741031003 46325 0
1741031005 46202 0
1741031007 46222 0
1741031009 46099 0
1741031011 46118 0
1741031013 46235 0
1741031015 46167 0
1741031017 46056 0
1741031019 46068 0
1741031021 46293 0
1741031023 46161 0
1741031025 46200 0
1741031027 46109 0
1741031029 46155 0
1741031031 46421 0
1741031033 46717 0
1741031035 47318 0
1741031037 47718 0
1741031039 47984 0
1741031041 48063 0
1741031043 47942 0
1741031045 47943 0
1741031048 47916 0
1741031050 47998 0
1741031052 47813 0
1741031054 47737 0
1741031056 47624 0
1741031058 47602 0
1741031060 47241 0
1741031062 46701 0
1741031064 46459 0
1741031066 46383 0
1741031068 46200 0
1741031070 46198 0
1741031072 46135 0
1741031074 46237 0
1741031076 46191 0
1741031078 46063 0
1741031080 46264 0
1741031082 46152 0
1741031084 46068 0
1741031086 46079 0
1741031088 46035 0
1741031090 46127 0
1741031092 46063 0
1741031095 46066 0
1741031097 46047 0
1741031099 46107 0
1741031101 46401 0
1741031103 46902 0
1741031105 47429 0
1741031107 47907 0
1741031109 47987 0
1741031111 47909 0
1741031113 47943 0
1741031115 47942 0
1741031117 47786 0
1741031119 47606 0
1741031121 47681 0
1741031123 47753 0
1741031125 47614 0
1741031127 47643 0
1741031129 47032 0
1741031131 46462 0
1741031133 46454 0
1741031135 46161 0
1741031137 46110 0
1741031140 46041 0
1741031142 46122 0
1741031144 46098 0
1741031146 46019 0
1741031148 46012 0
1741031150 46060 0
1741031152 46095 0
1741031154 46010 0
1741031156 46097 0
1741031158 46069 0
1741031160 46065 0
1741031162 46030 0
1741031164 45981 0
1741031166 45998 0
1741031168 46171 0
1741031170 46023 0
1741031172 46098 0
1741031174 46064 0
1741031176 46231 0
1741031178 46428 0
1741031180 46660 0
1741031182 47082 0
1741031184 47479 0
1741031187 47805 0
1741031189 47968 0
1741031191 48032 0
1741031193 47887 0
1741031195 47854 0
1741031197 47601 0
1741031199 47082 0
1741031201 46795 0
1741031203 46507 0
1741031205 46292 0
1741031207 46141 0
1741031209 46115 0
1741031211 46216 0
1741031213 46119 0
1741031215 46168 0
1741031217 46067 0
1741031219 45982 0
1741031221 45881 0
1741031223 45880 0
1741031225 45853 0
1741031227 45938 0
1741031229 46047 0
1741031232 46126 0
1741031234 46085 0
1741031236 45959 0
1741031238 45928 0
1741031240 45964 0
1741031242 45924 0
1741031244 46046 0
1741031246 46014 0
1741031248 46219 0
1741031250 46458 0
1741031252 46929 0
1741031254 47476 0
1741031256 47820 0
1741031258 47865 0
1741031260 47922 0
1741031262 47972 0
1741031264 47860 0
1741031266 46982 0
1741031268 46578 0
1741031270 46509 0
1741031272 46231 0
1741031274 46065 0
1741031276 46009 0
1741031279 45963 0
1741031281 46067 0
1741031283 46053 0
1741031285 46046 0
1741031287 46029 0
1741031289 46145 0
1741031291 46255 0
1741031293 46144 0
1741031295 46220 0
1741031297 46183 0
1741031299 46012 0
1741031301 46031 0
1741031303 46228 0
1741031305 46327 0
1741031307 46627 0
1741031309 46970 0
1741031311 47435 0
1741031313 47730 0
1741031315 47946 0
1741031317 47885 0
1741031319 47808 0
1741031321 48023 0
1741031323 47793 0
1741031326 47536 0
1741031328 47476 0
1741031330 47410 0
1741031332 47481 0
1741031334 47224 0
1741031336 46683 0
1741031338 46414 0
1741031340 46102 0
1741031342 46073 0
1741031344 46037 0
1741031346 46046 0
1741031348 46077 0
1741031350 46027 0
1741031352 46031 0
1741031354 46100 0
1741031356 46069 0
1741031358 46032 0
1741031360 46069 0
1741031362 46027 0
1741031364 46067 0
1741031366 46176 0
1741031368 46162 0
1741031371 46106 0
1741031373 46218 0
1741031375 46439 0
1741031377 46738 0
1741031379 47145 0
1741031381 47689 0
1741031383 47780 0
1741031385 47879 0
1741031387 47675 0
1741031389 47696 0
1741031391 47714 0
1741031393 47587 0
1741031395 47516 0
1741031397 47370 0
1741031399 47442 0
1741031401 47412 0
1741031403 47067 0
1741031405 46580 0
1741031407 46470 0
1741031409 46355 0
1741031411 46197 0
1741031413 46071 0
1741031415 46076 0
1741031418 46060 0
1741031420 46071 0
1741031422 46022 0
1741031424 45979 0
1741031426 46060 0
1741031428 46013 0
1741031430 45882 0
1741031432 45864 0
1741031434 45931 0
1741031436 45847 0
1741031438 45947 0
1741031440 46081 0
1741031442 45967 0
1741031444 45949 0
1741031446 45846 0
1741031448 45770 0
1741031450 45950 0
1741031452 46042 0
1741031454 46173 0
1741031456 46525 0
1741031458 47097 0
1741031460 47631 0
1741031462 47679 0
1741031465 47650 0
1741031467 47806 0
1741031469 47833 0
1741031471 47686 0
1741031473 46992 0
1741031475 46663 0
1741031477 46346 0
1741031479 46158 0
1741031481 46064 0
1741031483 46059 0
1741031485 45944 0
1741031487 45915 0
1741031489 45849 0
1741031491 45789 0
1741031493 45823 0
1741031495 45804 0
1741031497 45866 0
1741031499 45869 0
1741031501 45922 0
1741031503 45864 0
1741031505 45893 0
1741031507 45870 0
1741031510 45799 0
1741031512 45882 0
1741031514 45924 0
1741031516 45772 0
1741031518 45747 0
1741031520 45788 0
1741031522 45934 0
1741031524 46095 0
1741031526 46359 0
1741031528 46922 0
1741031530 47463 0
1741031532 47655 0
1741031534 47803 0
1741031536 47685 0
1741031538 47624 0
1741031540 47208 0
1741031542 46634 0
1741031544 46297 0
1741031546 46170 0
1741031548 45993 0
1741031550 45883 0
1741031552 45906 0
1741031554 45991 0
1741031557 45940 0
1741031559 45843 0
1741031561 45884 0
1741031563 45838 0
1741031565 45626 0
1741031567 45651 0
1741031569 45761 0
1741031571 45787 0
1741031573 45758 0
1741031575 45766 0
1741031577 45847 0
1741031579 45913 0
1741031581 46085 0
1741031583 46187 0
1741031585 46531 0
1741031587 47009 0
1741031589 47499 0
1741031591 47752 0
1741031593 47704 0
1741031595 47615 0
1741031597 47654 0
1741031599 47479 0
1741031601 47455 0
1741031604 47476 0
1741031606 47280 0
1741031608 47338 0
1741031610 46821 0
1741031612 46415 0
1741031614 46193 0
1741031616 45997 0
1741031618 45755 0
1741031620 45754 0
1741031622 45774 0
1741031624 45615 0
1741031626 45503 0
1741031628 45506 0
1741031630 45549 0
1741031632 45663 0
1741031634 45657 0
1741031636 45580 0
1741031638 45707 0
1741031640 45686 0
1741031642 45663 0
1741031644 45625 0
1741031646 45729 0
1741031648 45853 0
1741031651 46013 0
1741031653 46273 0
1741031655 46874 0
1741031657 47273 0
1741031659 47465 0
1741031661 47489 0
1741031663 47505 0
1741031665 47315 0
1741031667 47374 0
1741031669 47379 0
1741031671 47370 0
1741031673 47414 0
1741031675 47433 0
1741031677 47113 0
1741031679 46482 0
1741031681 46315 0
1741031683 46033 0
1741031685 45805 0
1741031687 45777 0
1741031689 45747 0
1741031691 45618 0
1741031693 45621 0
1741031696 45633 0
1741031698 45572 0
1741031700 45634 0
1741031702 45588 0
1741031704 45583 0
1741031706 45499 0
1741031708 45612 0
1741031710 45813 0
1741031712 45724 0
1741031714 45665 0
1741031716 45617 0
1741031718 45677 0
1741031720 45590 0
1741031722 45565 0
1741031724 45678 0
1741031726 45600 0
1741031728 45756 0
1741031730 45873 0
1741031732 46118 0
1741031734 46549 0
1741031736 47058 0
1741031738 47348 0
1741031740 47730 0
1741031743 47644 0
1741031745 47652 0
1741031747 47196 0
1741031749 46628 0
1741031751 46147 0
1741031753 45947 0
1741031755 45857 0
1741031757 45829 0
1741031759 45712 0
1741031761 45650 0
1741031763 45598 0
1741031765 45630 0
1741031767 45708 0
1741031769 45732 0
1741031771 45631 0
1741031773 45644 0
1741031775 45666 0
1741031777 45708 0
1741031779 45728 0
1741031781 45689 0
1741031783 45708 0
1741031785 45672 0
1741031787 45782 0
1741031790 45796 0
1741031792 45849 0
1741031794 45911 0
1741031796 45948 0
1741031798 46023 0
1741031800 46301 0
1741031802 46927 0
1741031804 47329 0
1741031806 47563 0
1741031808 47781 0
1741031810 47777 0
1741031812 47762 0
1741031814 47651 0
1741031816 46881 0
1741031818 46287 0
1741031820 46032 0
1741031822 45861 0
1741031824 45821 0
1741031826 45858 0
1741031828 45910 0
1741031830 45956 0
1741031832 45874 0
1741031835 46054 0
1741031837 45964 0
1741031839 45761 0
1741031841 45706 0
1741031843 45741 0
1741031845 45720 0
1741031847 45834 0
1741031849 45800 0
1741031851 45869 0
1741031853 45895 0
1741031855 46007 0
1741031857 46148 0
1741031859 46643 0
1741031861 47320 0
1741031863 47461 0
1741031865 47564 0
1741031867 47504 0
1741031869 47503 0
1741031871 47536 0
1741031873 47437 0
1741031875 47404 0
1741031877 47434 0
1741031879 47394 0
1741031882 47281 0
1741031884 47109 0
1741031886 46593 0
1741031888 46319 0
1741031890 46244 0
1741031892 46004 0
1741031894 45990 0
1741031896 45886 0
1741031898 45838 0
1741031900 45820 0
1741031902 45737 0
1741031904 45732 0
1741031906 45728 0
1741031908 45690 0
1741031910 45589 0
1741031912 45640 0
1741031914 45760 0
1741031916 45798 0
1741031918 45786 0
1741031920 45965 0
1741031922 46012 0
1741031924 46154 0
1741031926 46334 0
1741031929 46764 0
1741031931 47276 0
1741031933 47477 0
1741031935 47672 0
1741031937 47651 0
1741031939 47658 0
1741031941 47552 0
1741031943 47597 0
1741031945 47543 0
1741031947 47577 0
1741031949 47592 0
1741031951 47519 0
1741031953 47022 0
1741031955 46562 0
1741031957 46340 0
1741031959 46102 0
1741031961 45938 0
1741031963 45833 0
1741031965 45732 0
1741031967 45561 0
1741031969 45647 0
1741031971 45806 0
1741031974 45757 0
1741031976 45764 0
1741031978 45727 0
1741031980 45700 0
1741031982 45753 0
1741031984 45798 0
1741031986 45676 0
1741031988 45580 0
1741031990 45575 0
1741031992 45562 0
1741031994 45521 0
1741031996 45581 0
1741031998 45569 0
1741032000 45611 0
1741032002 45730 0
1741032004 45950 0
1741032006 46055 0
1741032008 46676 0
1741032010 47169 0
1741032012 47373 0
1741032014 47611 0
1741032016 47590 0
1741032018 47738 0
1741032021 47319 0
1741032023 46699 0
1741032025 46304 0
1741032027 46246 0
1741032029 45945 0
1741032031 45760 0
1741032033 45688 0
1741032035 45645 0
1741032037 45660 0
1741032039 45635 0
1741032041 45797 0
1741032043 45737 0
1741032045 45675 0
1741032047 45680 0
1741032049 45612 0
1741032051 45594 0
1741032053 45605 0
1741032055 45754 0
1741032057 45635 0
1741032059 45605 0
1741032061 45687 0
1741032063 45673 0
1741032065 45719 0
1741032068 45787 0
1741032070 45809 0
1741032072 45824 0
1741032074 45942 0
1741032076 46205 0
1741032078 46665 0
1741032080 47182 0
1741032082 47327 0
1741032084 47618 0
1741032086 47633 0
1741032088 47611 0
1741032090 47081 0
1741032092 46574 0
1741032094 46243 0
1741032096 45868 0
1741032098 45828 0
1741032100 45982 0
1741032102 45803 0
1741032104 45745 0
1741032106 45632 0
1741032108 45664 0
1741032110 45605 0
1741032113 45675 0
1741032115 45768 0
1741032117 45664 0
1741032119 45680 0
1741032121 45585 0
1741032123 45663 0
1741032125 45773 0
1741032127 45971 0
1741032129 46116 0
1741032131 46417 0
1741032133 46985 0
1741032135 47327 0
1741032137 47511 0
1741032139 47648 0
1741032141 47595 0
1741032144 47614 0
1741032146 47576 0
1741032148 47467 0
1741032150 47342 0
1741032152 47361 0
1741032154 47391 0
1741032156 47303 0
1741032158 47012 0
1741032160 46654 0
1741032162 46271 0
1741032164 46066 0
1741032166 45874 0
1741032168 45796 0
1741032170 45782 0
1741032172 45760 0
1741032174 45791 0
1741032176 45750 0
1741032178 45798 0
1741032180 45926 0
1741032182 45811 0
1741032184 45864 0
1741032187 45776 0
1741032189 45953 0
1741032191 45976 0
1741032193 45733 0
1741032195 45913 0
1741032197 45818 0
1741032199 45975 0
1741032201 46305 0
1741032203 46956 0
1741032205 47404 0
1741032207 47715 0
1741032209 47624 0
1741032211 47611 0
1741032213 47585 0
1741032215 47614 0
1741032217 47417 0
1741032219 47447 0
1741032221 47513 0
1741032223 47331 0
1741032225 47314 0
1741032227 46728 0
1741032229 46391 0
1741032232 46126 0
1741032234 46022 0
1741032236 45900 0
1741032238 45775 0
1741032240 45705 0
1741032242 45753 0
1741032244 45705 0
1741032246 45780 0
1741032248 45804 0
1741032250 45905 0
1741032252 45850 0
1741032254 45722 0
1741032256 45663 0
1741032258 45639 0
1741032260 45651 0
1741032262 45758 0
1741032264 45751 0
1741032266 45778 0
1741032268 45726 0
1741032270 45646 0
1741032272 45572 0
1741032274 45848 0
1741032276 45932 0
1741032279 45976 0
1741032281 46467 0
1741032283 46967 0
1741032285 47396 0
1741032287 47604 0
1741032289 47746 0
1741032291 47741 0
1741032293 47758 0
1741032295 47680 0
1741032297 46924 0
1741032299 46449 0
1741032301 46177 0
1741032303 46020 0
1741032305 45915 0
1741032307 45926 0
1741032309 45766 0
1741032311 45760 0
1741032313 45871 0
1741032315 45856 0
1741032317 45696 0
1741032319 45721 0
1741032321 45704 0
1741032323 45788 0
1741032326 45723 0
1741032328 45728 0
1741032330 45631 0
1741032332 45605 0
1741032334 45606 0
1741032336 45569 0
1741032338 45638 0
1741032340 45762 0
1741032342 45882 0
1741032344 45988 0
1741032346 46022 0
1741032348 46295 0
1741032350 46696 0
1741032352 47103 0
1741032354 47524 0
1741032356 47558 0
1741032358 47570 0
1741032360 47452 0
1741032362 47461 0
1741032364 47001 0
1741032366 46563 0
1741032368 46340 0
1741032370 46089 0
1741032373 46017 0
1741032375 45848 0
1741032377 45687 0
1741032379 45745 0
1741032381 45736 0
1741032383 45745 0
1741032385 45840 0
1741032387 45885 0
1741032389 45799 0
1741032391 45718 0
1741032393 45735 0
1741032395 45681 0
1741032397 45588 0
1741032399 45708 0
1741032401 45848 0
1741032403 45925 0
1741032405 46230 0
1741032407 46673 0
1741032409 47151 0
1741032411 47494 0
1741032413 47574 0
1741032415 47677 0
1741032417 47613 0
1741032420 47623 0
1741032422 47584 0
1741032424 47473 0
1741032426 47430 0
1741032428 47428 0
1741032430 47427 0
1741032432 47286 0
1741032434 46801 0
1741032436 46358 0
1741032438 46029 0
1741032440 45866 0
1741032442 45786 0
1741032444 45714 0
1741032446 45779 0
1741032448 45852 0
1741032450 45782 0
1741032452 45708 0
1741032454 45609 0
1741032456 45565 0
1741032458 45695 0
1741032460 45755 0
1741032462 45815 0
1741032465 45752 0
1741032467 45810 0
1741032469 45760 0
1741032471 45778 0
1741032473 45935 0
1741032475 46237 0
1741032477 46670 0
1741032479 47142 0
1741032481 47488 0
1741032483 47590 0
1741032485 47489 0
1741032487 47586 0
1741032489 47601 0
1741032491 47400 0
1741032493 47397 0
1741032495 47416 0
1741032497 47345 0
1741032499 47253 0
1741032501 47125 0
1741032503 46568 0
1741032505 46085 0
1741032508 45954 0
1741032510 45829 0
1741032512 45738 0
1741032514 45683 0
1741032516 45677 0
1741032518 45701 0
1741032520 45738 0
1741032522 45732 0
1741032524 45615 0
1741032526 45596 0
1741032528 45694 0
1741032530 45638 0
1741032532 45599 0
1741032534 45670 0
1741032536 45545 0
1741032538 45610 0
1741032540 45770 0
1741032542 45616 0
1741032544 45667 0
1741032546 45779 0
1741032548 45921 0
1741032550 46047 0
1741032552 46229 0
1741032555 46605 0
1741032557 46933 0
1741032559 47321 0
1741032561 47593 0
1741032563 47727 0
1741032565 47695 0
1741032567 47696 0
1741032569 47693 0
1741032571 47066 0
1741032573 46519 0
1741032575 46191 0
1741032577 46004 0
1741032579 45832 0
1741032581 45850 0
1741032583 45732 0
1741032585 45663 0
1741032587 45730 0
1741032589 45709 0
1741032591 45679 0
1741032593 45676 0
1741032595 45769 0
1741032597 45663 0
1741032599 45689 0
1741032602 45773 0
1741032604 45671 0
1741032606 45631 0
1741032608 45679 0
1741032610 45683 0
1741032612 45726 0
1741032614 45786 0
1741032616 45705 0
1741032618 45718 0
1741032620 45812 0
1741032622 45852 0
1741032624 46203 0
1741032626 46557 0
1741032628 47204 0
1741032630 47557 0
1741032632 47627 0
1741032634 47607 0
1741032636 47622 0
1741032638 47524 0
1741032640 46970 0
1741032642 46477 0
1741032644 46217 0
1741032646 46019 0
1741032649 45707 0
1741032651 45656 0
1741032653 45593 0
1741032655 45534 0
1741032657 45552 0
1741032659 45526 0
1741032661 45523 0
1741032663 45594 0
1741032665 45627 0
1741032667 45722 0
1741032669 45813 0
1741032671 45780 0
1741032673 45742 0
1741032675 45828 0
1741032677 45890 0
1741032679 46010 0
1741032681 46371 0
1741032683 46840 0
1741032685 47165 0
1741032687 47501 0
1741032689 47545 0
1741032691 47598 0
1741032694 47604 0
1741032696 47570 0
1741032698 47526 0
1741032700 47465 0
1741032702 47474 0
1741032704 47422 0
1741032706 47307 0
1741032708 47088 0
1741032710 46534 0
1741032712 46137 0
1741032714 46013 0
1741032716 45858 0
1741032718 45774 0
1741032720 45697 0
1741032722 45793 0
1741032724 45674 0
1741032726 45650 0
1741032728 45901 0
1741032730 45812 0
1741032732 45816 0
1741032734 45794 0
1741032736 45683 0
1741032738 45749 0
1741032741 45789 0
1741032743 45687 0
1741032745 45736 0
1741032747 45913 0
1741032749 46162 0
1741032751 46520 0
1741032753 47104 0
1741032755 47508 0
1741032757 47538 0
1741032759 47587 0
1741032761 47761 0
1741032763 47586 0
1741032765 47558 0
1741032767 47458 0
1741032769 47443 0
1741032771 47269 0
1741032773 47318 0
1741032775 47309 0
1741032777 46811 0
1741032779 46379 0
1741032781 46047 0
1741032783 45902 0
1741032785 45979 0
1741032788 45920 0
1741032790 45886 0
1741032792 45766 0
1741032794 45836 0
1741032796 45839 0
1741032798 45763 0
1741032800 45754 0
1741032802 45744 0
1741032804 45806 0
1741032806 45783 0
1741032808 45768 0
1741032810 45772 0
1741032812 45654 0
1741032814 45822 0
1741032816 45675 0
1741032818 45673 0
1741032820 45930 0
1741032822 45844 0
1741032824 45769 0
1741032826 45926 0
1741032828 46126 0
1741032830 46347 0
1741032833 46881 0
1741032835 47445 0
1741032837 47729 0
1741032839 47631 0
1741032841 47633 0
1741032843 47538 0
1741032845 47172 0
1741032847 46539 0
1741032849 46222 0
1741032851 45906 0
1741032853 45744 0
1741032855 45826 0
1741032857 45723 0
1741032859 45701 0
1741032861 45741 0
1741032863 45620 0
1741032865 45631 0
1741032867 45702 0
1741032869 45544 0
1741032871 45646 0
1741032873 45657 0
1741032875 45754 0
1741032878 45608 0
1741032880 45719 0
1741032882 45929 0
1741032884 45880 0
1741032886 45757 0
1741032888 45747 0
1741032890 45674 0
1741032892 45732 0
1741032894 45963 0
1741032896 46072 0
1741032898 46299 0
1741032900 46693 0
1741032902 47179 0
1741032904 47484 0
1741032906 47609 0
1741032908 47858 0
1741032910 47805 0
1741032912 47699 0
1741032914 47137 0
1741032916 46703 0
1741032918 46410 0
1741032920 46165 0
1741032922 46029 0
1741032925 45761 0
1741032927 45905 0
1741032929 46016 0
1741032931 46012 0
1741032933 45876 0
1741032935 45986 0
1741032937 45830 0
1741032939 45784 0
1741032941 45972 0
1741032943 45789 0
1741032945 45744 0
1741032947 45737 0
1741032949 45797 0
1741032951 45930 0
1741032953 45994 0
1741032955 46259 0
1741032957 46673 0
1741032959 47194 0
1741032961 47489 0
1741032963 47597 0
1741032965 47696 0
1741032967 47692 0
1741032969 47690 0
1741032972 47672 0
1741032974 47581 0
1741032976 47401 0
1741032978 47515 0
1741032980 47409 0
1741032982 47317 0
1741032984 46761 0
1741032986 46489 0
1741032988 46255 0
1741032990 46076 0
1741032992 46034 0
1741032994 45937 0
1741032996 45940 0
1741032998 46010 0
1741033000 45999 0
1741033002 45967 0
1741033004 45967 0
1741033006 45844 0
1741033008 45860 0
1741033010 45872 0
1741033012 45799 0
1741033014 45971 0
1741033017 45963 0
1741033019 46040 0
1741033021 46105 0
1741033023 46196 0
1741033025 46576 0
1741033027 47069 0
1741033029 47515 0
1741033031 47755 0
1741033033 47710 0
1741033035 47712 0
1741033037 47765 0
1741033039 47648 0
1741033041 47600 0
1741033043 47513 0
1741033045 47440 0
1741033047 47553 0
1741033049 47486 0
1741033051 47076 0
1741033053 46566 0
1741033055 46253 0
1741033057 46008 0
1741033059 45915 0
1741033061 45933 0
1741033064 45774 0
1741033066 45727 0
1741033068 45745 0
1741033070 45697 0
1741033072 45856 0
1741033074 45901 0
1741033076 45871 0
1741033078 45842 0
1741033080 45884 0
1741033082 45886 0
1741033084 45731 0
1741033086 45765 0
1741033088 45856 0
1741033090 45799 0
1741033092 45821 0
1741033094 45816 0
1741033096 45864 0
1741033098 45828 0
1741033100 45892 0
1741033102 46153 0
1741033104 46369 0
1741033106 46941 0
1741033108 47413 0
1741033111 47568 0
1741033113 47691 0
1741033115 47692 0
1741033117 47582 0
1741033119 47647 0
1741033121 47115 0
1741033123 46528 0
1741033125 46128 0
1741033127 45971 0
1741033129 45952 0
1741033131 45806 0
1741033133 45788 0
1741033135 45858 0
1741033137 45805 0
1741033139 45836 0
1741033141 45788 0
1741033143 45835 0
1741033145 45766 0
1741033147 45833 0
1741033149 45897 0
1741033151 45784 0
1741033153 45610 0
1741033156 45741 0
1741033158 45692 0
1741033160 45756 0
1741033162 45753 0
1741033164 45875 0
1741033166 45815 0
1741033168 45933 0
1741033170 46152 0
1741033172 46436 0
1741033174 46832 0
1741033176 47320 0
1741033178 47646 0
1741033180 47797 0
1741033182 47794 0
1741033184 47782 0
1741033186 47721 0
1741033188 47418 0
1741033190 46805 0
1741033192 46328 0
1741033194 46074 0
1741033196 46014 0
1741033198 45895 0
1741033200 45992 0
1741033203 45980 0
1741033205 45876 0
1741033207 45991 0
1741033209 45997 0
1741033211 46001 0
1741033213 45958 0
1741033215 45801 0
1741033217 45894 0
1741033219 45860 0
1741033221 45791 0
1741033223 45860 0
1741033225 45948 0
1741033227 45992 0
1741033229 46257 0
1741033231 46684 0
1741033233 47200 0
1741033235 47604 0
1741033237 47658 0
1741033239 47702 0
1741033241 47690 0
1741033243 47616 0
1741033245 47637 0
1741033247 47522 0
1741033250 47443 0
1741033252 47372 0
1741033254 47327 0
1741033256 47333 0
1741033258 46899 0
1741033260 46483 0
1741033262 46262 0
1741033264 46099 0
1741033266 45895 0
1741033268 45876 0
1741033270 45796 0
1741033272 45726 0
1741033274 45759 0
1741033276 45769 0
1741033278 45802 0
1741033280 45757 0
1741033282 45891 0
1741033284 45853 0
1741033286 45812 0
1741033288 45724 0
1741033290 45765 0
1741033292 45749 0
1741033295 45871 0
1741033297 45898 0
1741033299 46245 0
1741033301 46744 0
1741033303 47178 0
1741033305 47513 0
1741033307 47609 0
1741033309 47610 0
1741033311 47623 0
1741033313 47551 0
1741033315 47442 0
1741033317 47480 0
1741033319 47430 0
1741033321 47418 0
1741033323 47279 0
1741033325 47382 0
1741033327 46978 0
1741033329 46644 0
1741033331 46138 0
1741033333 45901 0
1741033335 45851 0
1741033337 45845 0
1741033340 45852 0
1741033342 45932 0
1741033344 45915 0
1741033346 45885 0
1741033348 45890 0
1741033350 45901 0
1741033352 45883 0
1741033354 45947 0
1741033356 45872 0
1741033358 45920 0
1741033360 45888 0
1741033362 45896 0
1741033364 45855 0
1741033366 45875 0
1741033368 45765 0
1741033370 45779 0
1741033372 45850 0
1741033374 45976 0
1741033376 46118 0
1741033378 46252 0
1741033380 46800 0
1741033382 47263 0
1741033384 47532 0
1741033387 47811 0
1741033389 47992 0
1741033391 47917 0
1741033393 47724 0
1741033395 47399 0
1741033397 46749 0
1741033399 46372 0
1741033401 46144 0
1741033403 46144 0
1741033405 45930 0
1741033407 45955 0
1741033409 45863 0
1741033411 45752 0
1741033413 45857 0
1741033415 45849 0
1741033417 45896 0
1741033419 45951 0
1741033421 46166 0
1741033423 46058 0
1741033425 45990 0
1741033427 45944 0
1741033429 45936 0
1741033432 45912 0
1741033434 46009 0
1741033436 45814 0
1741033438 45863 0
1741033440 45946 0
1741033442 45986 0
1741033444 46048 0
1741033446 46194 0
1741033448 46549 0
1741033450 46887 0
1741033452 47356 0
1741033454 47627 0
1741033456 47755 0
1741033458 47681 0
1741033460 47777 0
1741033462 47654 0
1741033464 46839 0
1741033466 46556 0
1741033468 46181 0
1741033470 46042 0
1741033472 45915 0
1741033474 45810 0
1741033476 45746 0
1741033479 45852 0
1741033481 46041 0
1741033483 45973 0
1741033485 45911 0
1741033487 45860 0
1741033489 45866 0
1741033491 45909 0
1741033493 45942 0
1741033495 45864 0
1741033497 45874 0
1741033499 45848 0
1741033501 45927 0
1741033503 46025 0
1741033505 46360 0
1741033507 46842 0
1741033509 47287 0
1741033511 47469 0
1741033513 47499 0
1741033515 47504 0
1741033517 47510 0
1741033519 47449 0
1741033521 47557 0
1741033523 47528 0
1741033526 47521 0
1741033528 47585 0
1741033530 47377 0
1741033532 47157 0
1741033534 46600 0
1741033536 46219 0
1741033538 45999 0
1741033540 45936 0
1741033542 45939 0
1741033544 45841 0
1741033546 45797 0
1741033548 45809 0
1741033550 45824 0
1741033552 45785 0
1741033554 45773 0
1741033556 45739 0
1741033558 45704 0
1741033560 45656 0
1741033562 45669 0
1741033564 45706 0
1741033566 45791 0
1741033569 45834 0
1741033571 45878 0
1741033573 45998 0
1741033575 46272 0
1741033577 46717 0
1741033579 47230 0
1741033581 47307 0
1741033583 47475 0
1741033585 47472 0
1741033587 47523 0
1741033589 47454 0
1741033591 47403 0
1741033593 47413 0
1741033595 47382 0
1741033597 47368 0
1741033599 47414 0
1741033601 47011 0
1741033603 46643 0
1741033605 46341 0
1741033607 45985 0
1741033609 45884 0
1741033611 45869 0
1741033613 45801 0
1741033616 45757 0
1741033618 45745 0
1741033620 45808 0
1741033622 45702 0
1741033624 45760 0
1741033626 45624 0
1741033628 45690 0
1741033630 45797 0
1741033632 45836 0
1741033634 45712 0
1741033636 45701 0
1741033638 45648 0
1741033640 45735 0
1741033642 45759 0
1741033644 45769 0
1741033646 45814 0
1741033648 45972 0
1741033650 45858 0
1741033652 45994 0
1741033654 46299 0
1741033656 46758 0
1741033658 47262 0
1741033661 47685 0
1741033663 47766 0
1741033665 47764 0
1741033667 47639 0
1741033669 47367 0
1741033671 46688 0
1741033673 46353 0
1741033675 46059 0
1741033677 45961 0
1741033679 45832 0
1741033681 45821 0
1741033683 45687 0
1741033685 45731 0
1741033687 45815 0
1741033689 45830 0
1741033691 45669 0
1741033693 45802 0
1741033695 45859 0
1741033697 45774 0
1741033699 45728 0
1741033701 45798 0
1741033703 45943 0
1741033705 45798 0
1741033708 45918 0
1741033710 45759 0
1741033712 45688 0
1741033714 45594 0
1741033716 45704 0
1741033718 45843 0
1741033720 46118 0
1741033722 46508 0
1741033724 46863 0
1741033726 47404 0
1741033728 47645 0
1741033730 47773 0
1741033732 47703 0
1741033734 47700 0
1741033736 47544 0
1741033738 47047 0
1741033740 46515 0
1741033742 46200 0
1741033744 45986 0
1741033746 45981 0
1741033748 46056 0
1741033750 45955 0
1741033752 45874 0
1741033755 45853 0
1741033757 45813 0
1741033759 45755 0
1741033761 45719 0
1741033763 45705 0
1741033765 45709 0
1741033767 45700 0
1741033769 45706 0
1741033771 45818 0
1741033773 45879 0
1741033775 45904 0
1741033777 45916 0
1741033779 46144 0
1741033781 46704 0
1741033783 47249 0
1741033785 47582 0
1741033787 47671 0
1741033789 47692 0
1741033791 47609 0
1741033793 47583 0
1741033795 47609 0
1741033797 47551 0
1741033800 47438 0
1741033802 47329 0
1741033804 47325 0
1741033806 47270 0
1741033808 46895 0
1741033810 46605 0
1741033812 46338 0
1741033814 46078 0
1741033816 45957 0
1741033818 45796 0
1741033820 45888 0
1741033822 45884 0
1741033824 45760 0
1741033826 45710 0
1741033828 45759 0
1741033830 45793 0
1741033832 45664 0
1741033834 45748 0
1741033836 45660 0
1741033838 45729 0
1741033840 45873 0
1741033843 45873 0
1741033845 45909 0
1741033847 46083 0
1741033849 46383 0
1741033851 46770 0
1741033853 47283 0
1741033855 47488 0
1741033857 47548 0
1741033859 47603 0
1741033861 47557 0
1741033863 47448 0
1741033865 47411 0
1741033867 47609 0
1741033869 47550 0
1741033871 47422 0
1741033873 47425 0
1741033875 47292 0
1741033877 46651 0
1741033879 46304 0
1741033881 46115 0
1741033883 45965 0
1741033885 45838 0
1741033887 45884 0
1741033890 45853 0
1741033892 45853 0
1741033894 45974 0
1741033896 45880 0
1741033898 45821 0
1741033900 45807 0
1741033902 45911 0
1741033904 45880 0
1741033906 45793 0
1741033908 45780 0
1741033910 45834 0
1741033912 45844 0
1741033914 45873 0
1741033916 45763 0
1741033918 45768 0
1741033920 45765 0
1741033922 45860 0
1741033924 46034 0
1741033926 46356 0
1741033928 46737 0
1741033930 47113 0
1741033933 47480 0
1741033935 47640 0
1741033937 47830 0
1741033939 47722 0
1741033941 47696 0
1741033943 47608 0
1741033945 46918 0
1741033947 46504 0
1741033949 46091 0
1741033951 45972 0
1741033953 45901 0
1741033955 45995 0
1741033957 45844 0
1741033959 45861 0
1741033961 45934 0
1741033963 45951 0
1741033965 45786 0
1741033967 45748 0
1741033969 45878 0
1741033971 45832 0
1741033973 45906 0
1741033975 46002 0
1741033978 45834 0
1741033980 45767 0
1741033982 45766 0
1741033984 45842 0
1741033986 45804 0
1741033988 45907 0
1741033990 45989 0
1741033992 46269 0
1741033994 46380 0
1741033996 46558 0
1741033998 46872 0
1741034000 47204 0
1741034002 47567 0
1741034004 47758 0
1741034006 47885 0
1741034008 47828 0
1741034010 47683 0
1741034012 47412 0
1741034014 46917 0
1741034016 46433 0
1741034018 46015 0
1741034020 46268 0
1741034023 46064 0
1741034025 45911 0
1741034027 45861 0
1741034029 45816 0
1741034031 45837 0
1741034033 45851 0
1741034035 45842 0
1741034037 45905 0
1741034039 45855 0
1741034041 45808 0
1741034043 45854 0
1741034045 45822 0
1741034047 45866 0
1741034049 45929 0
1741034051 46120 0
1741034053 46141 0
1741034055 46566 0
1741034057 47097 0
1741034059 47484 0
1741034061 47588 0
1741034063 47698 0
1741034065 47795 0
1741034067 47669 0
1741034070 47582 0
1741034072 47683 0
1741034074 47659 0
1741034076 47647 0
1741034078 47559 0
1741034080 47508 0
1741034082 47208 0
1741034084 46621 0
1741034086 46267 0
1741034088 46047 0
1741034090 45958 0
1741034092 45732 0
1741034094 45613 0
1741034096 45701 0
1741034098 45748 0
1741034100 45816 0
1741034102 45806 0
1741034104 45786 0
1741034106 45868 0
1741034108 45956 0
1741034110 45829 0
1741034112 45744 0
1741034114 45789 0
1741034117 45793 0
1741034119 45785 0
1741034121 45905 0
1741034123 46210 0
1741034125 46505 0
1741034127 47032 0
1741034129 47400 0
1741034131 47641 0
1741034133 47638 0
1741034135 47737 0
1741034137 47692 0
1741034139 47659 0
1741034141 47605 0
1741034143 47556 0
1741034145 47536 0
1741034147 47440 0
1741034149 47445 0
1741034151 46789 0
1741034153 46323 0
1741034155 46108 0
1741034157 45950 0
1741034159 45764 0
1741034161 45762 0
1741034164 45825 0
1741034166 45706 0
1741034168 45866 0
1741034170 45885 0
1741034172 45812 0
1741034174 45797 0
1741034176 45769 0
1741034178 45634 0
1741034180 45605 0
1741034182 45721 0
1741034184 45677 0
1741034186 45690 0
1741034188 45632 0
1741034190 45719 0
1741034192 45762 0
1741034194 45746 0
1741034196 45798 0
1741034198 45856 0
1741034200 45993 0
1741034202 46157 0
1741034204 46544 0
1741034206 46988 0
1741034208 47362 0
1741034211 47524 0
1741034213 47509 0
1741034215 47579 0
1741034217 47503 0
1741034219 46992 0
1741034221 46409 0
1741034223 46022 0
1741034225 45836 0
1741034227 45804 0
1741034229 45888 0
1741034231 45778 0
1741034233 45673 0
1741034235 45655 0
1741034237 45658 0
1741034239 45831 0
1741034241 45759 0
1741034243 45872 0
1741034245 45872 0
1741034247 45865 0
1741034249 45693 0
1741034251 45646 0
1741034253 45677 0
1741034255 45642 0
1741034258 45712 0
1741034260 45669 0
1741034262 45768 0
1741034264 45820 0
1741034266 45799 0
1741034268 45874 0
1741034270 45977 0
1741034272 46283 0
1741034274 46640 0
1741034276 47232 0
1741034278 47553 0
1741034280 47608 0
1741034282 47568 0
1741034284 47542 0
1741034286 47525 0
1741034288 47107 0
1741034290 46593 0
1741034292 46222 0
1741034294 45966 0
1741034296 45841 0
1741034298 45829 0
1741034300 45751 0
1741034303 45797 0
1741034305 45811 0
1741034307 45810 0
1741034309 45785 0
1741034311 45722 0
1741034313 45693 0
1741034315 45683 0
1741034317 45681 0
1741034319 45651 0
1741034321 45849 0
1741034323 45928 0
1741034325 45939 0
1741034327 45944 0
1741034329 46046 0
1741034331 46540 0
1741034333 47101 0
1741034335 47442 0
1741034337 47597 0
1741034339 47533 0
1741034341 47523 0
1741034343 47390 0
1741034345 47295 0
1741034347 47399 0
1741034350 47438 0
1741034352 47430 0
1741034354 47295 0
1741034356 47328 0
1741034358 46632 0
1741034360 46384 0
1741034362 46167 0
1741034364 46050 0
1741034366 45856 0
1741034368 45832 0
1741034370 45839 0
1741034372 45840 0
1741034374 45800 0
1741034376 45736 0
1741034378 45838 0
1741034380 45953 0
1741034382 45884 0
1741034384 45813 0
1741034386 45734 0
1741034388 45791 0
1741034390 45842 0
1741034392 46002 0
1741034394 46066 0
1741034397 46137 0
1741034399 46501 0
1741034401 46990 0
1741034403 47453 0
1741034405 47546 0
1741034407 47855 0
1741034409 47929 0
1741034411 47702 0
1741034413 47583 0
1741034415 47509 0
1741034417 47525 0
1741034419 47534 0
1741034421 47424 0
1741034423 47388 0
1741034425 46983 0
1741034427 46592 0
1741034429 46204 0
1741034431 45895 0
1741034433 45933 0
1741034435 45899 0
1741034437 45883 0
1741034439 45927 0
1741034441 45981 0
1741034444 45867 0
1741034446 45913 0
1741034448 45783 0
1741034450 45718 0
1741034452 45700 0
1741034454 45732 0
1741034456 45743 0
1741034458 45739 0
1741034460 45769 0
1741034462 45847 0
1741034464 45877 0
1741034466 45775 0
1741034468 45868 0
1741034470 46000 0
1741034472 45999 0
1741034474 46222 0
1741034476 46420 0
1741034478 46867 0
1741034480 47288 0
1741034482 47697 0
1741034484 47823 0
1741034487 47919 0
1741034489 47977 0
1741034491 47875 0
1741034493 47691 0
1741034495 46982 0
1741034497 46464 0
1741034499 46111 0
1741034501 46186 0
1741034503 46019 0
1741034505 46029 0
1741034507 45986 0
1741034509 45985 0
1741034511 45825 0
1741034513 45730 0
1741034515 45925 0
1741034517 45898 0
1741034519 45710 0
1741034521 45739 0
1741034523 45709 0
1741034525 45801 0
1741034527 45861 0
1741034529 45849 0
1741034531 45890 0
1741034534 45741 0
1741034536 45781 0
1741034538 45671 0
1741034540 45883 0
1741034542 45917 0
1741034544 46139 0
1741034546 46251 0
1741034548 46608 0
1741034550 47065 0
1741034552 47372 0
1741034554 47642 0
1741034556 47636 0
1741034558 47499 0
1741034560 47686 0
1741034562 47356 0
1741034564 46706 0
1741034566 46290 0
1741034568 46069 0
1741034570 45863 0
1741034572 45796 0
1741034574 45862 0
1741034576 45753 0
1741034578 45788 0
1741034581 45668 0
1741034583 45572 0
1741034585 45623 0
1741034587 45777 0
1741034589 45845 0
1741034591 45865 0
1741034593 45751 0
1741034595 45760 0
1741034597 45728 0
1741034599 45828 0
1741034601 45954 0
1741034603 46369 0
1741034605 46863 0
1741034607 47317 0
1741034609 47501 0
1741034611 47708 0
1741034613 47678 0
1741034615 47660 0
1741034617 47585 0
1741034619 47531 0
1741034621 47641 0
1741034623 47527 0
1741034626 47451 0
1741034628 47411 0
1741034630 47374 0
1741034632 46997 0
1741034634 46418 0
1741034636 46165 0
1741034638 46064 0
1741034640 45974 0
1741034642 45915 0
1741034644 45851 0
1741034646 45911 0
1741034648 46076 0
1741034650 45995 0
1741034652 45935 0
1741034654 45913 0
1741034656 45858 0
1741034658 45876 0
1741034660 45916 0
1741034662 45954 0
1741034664 45848 0
1741034666 45956 0
1741034668 46003 0
1741034670 46023 0
1741034673 46237 0
1741034675 46655 0
1741034677 47093 0
1741034679 47505 0
1741034681 47763 0
1741034683 47689 0
1741034685 47657 0
1741034687 47380 0
1741034689 47440 0
1741034691 47272 0
1741034693 47291 0
1741034695 47330 0
1741034697 47473 0
1741034699 47412 0
1741034701 46631 0
1741034703 46266 0
1741034705 45997 0
1741034707 45936 0
1741034709 45978 0
1741034711 45988 0
1741034713 45912 0
1741034715 45813 0
1741034717 45748 0
1741034720 45805 0
1741034722 45824 0
1741034724 45785 0
1741034726 45726 0
1741034728 45916 0
1741034730 45829 0
1741034732 45697 0
1741034734 45811 0
1741034736 45775 0
1741034738 45732 0
1741034740 45914 0
1741034742 45880 0
1741034744 45907 0
1741034746 45814 0
1741034748 45976 0
1741034750 46153 0
1741034752 46397 0
1741034754 46790 0
1741034756 47261 0
1741034758 47491 0
1741034760 47511 0
1741034762 47516 0
1741034765 47510 0
1741034767 47536 0
1741034769 47135 0
1741034771 46586 0
1741034773 46247 0
1741034775 46057 0
1741034777 45932 0
1741034779 45858 0
1741034781 45778 0
1741034783 45731 0
1741034785 45577 0
1741034787 45745 0
1741034789 45780 0
1741034791 45801 0
1741034793 45828 0
1741034795 45750 0
1741034797 45790 0
1741034799 45874 0
1741034801 45840 0
1741034803 45741 0
1741034805 45742 0
1741034807 45672 0
1741034810 45666 0
1741034812 45614 0
1741034814 45627 0
1741034816 45683 0
1741034818 45787 0
1741034820 45975 0
1741034822 46321 0
1741034824 46888 0
1741034826 47219 0
1741034828 47570 0
1741034830 47549 0
1741034832 47524 0
1741034834 47583 0
1741034836 47496 0
1741034838 46842 0
1741034840 46438 0
1741034842 46143 0
1741034844 46010 0
1741034846 45948 0
1741034848 45834 0
1741034850 45746 0
1741034852 45802 0
1741034855 45699 0
1741034857 45694 0
1741034859 45778 0
1741034861 45791 0
1741034863 45864 0
1741034865 45804 0
1741034867 45886 0
1741034869 45712 0
1741034871 45774 0
1741034873 45873 0
1741034875 46012 0
1741034877 46006 0
1741034879 46424 0
1741034881 46865 0
1741034883 47442 0
1741034885 47644 0
1741034887 47765 0
1741034889 47793 0
1741034891 47712 0
1741034893 47488 0
1741034895 47480 0
1741034897 47399 0
1741034899 47451 0
1741034902 47368 0
1741034904 47391 0
1741034906 47052 0
1741034908 46612 0
1741034910 46329 0
1741034912 46118 0
1741034914 46061 0
1741034916 46002 0
1741034918 45898 0
1741034920 45878 0
1741034922 45937 0
1741034924 45899 0
1741034926 45811 0
1741034928 45787 0
1741034930 45848 0
1741034932 45889 0
1741034934 45820 0
1741034936 45696 0
1741034938 45749 0
1741034940 45743 0
1741034942 45727 0
1741034944 45809 0
1741034946 46046 0
1741034949 46479 0
1741034951 46997 0
1741034953 47430 0
1741034955 47628 0
1741034957 47620 0
1741034959 47641 0
1741034961 47482 0
1741034963 47558 0
1741034965 47484 0
1741034967 47435 0
1741034969 47385 0
1741034971 47336 0
1741034973 47276 0
1741034975 46698 0
1741034977 46210 0
1741034979 45912 0
1741034981 45972 0
1741034983 46010 0
1741034985 45910 0
1741034987 45811 0
1741034989 45795 0
1741034991 45808 0
1741034994 45707 0
1741034996 45786 0
1741034998 45741 0
1741035000 45700 0
1741035002 45642 0
1741035004 45684 0
1741035006 45685 0
1741035008 45763 0
1741035010 45910 0
1741035012 45900 0
1741035014 45743 0
1741035016 45824 0
1741035018 45695 0
1741035020 45731 0
1741035022 45785 0
1741035024 45941 0
1741035026 46143 0
1741035028 46542 0
1741035030 47101 0
1741035032 47518 0
1741035034 47736 0
1741035036 47684 0
1741035038 47688 0
1741035041 47859 0
1741035043 47606 0
1741035045 46846 0
1741035047 46379 0
1741035049 46042 0
1741035051 45864 0
1741035053 45818 0
1741035055 45794 0
1741035057 45622 0
1741035059 45521 0
1741035061 45556 0
1741035063 45620 0
1741035065 45699 0
1741035067 45749 0
1741035069 45812 0
1741035071 45761 0
1741035073 45683 0
1741035075 45734 0
1741035077 45754 0
1741035079 45709 0
1741035081 45672 0
1741035083 45734 0
1741035085 45644 0
1741035088 45725 0
1741035090 45823 0
1741035092 45839 0
1741035094 45976 0
1741035096 46241 0
1741035098 46777 0
1741035100 47314 0
1741035102 47753 0
1741035104 47747 0
1741035106 47813 0
1741035108 47809 0
1741035110 47741 0
1741035112 47187 0
1741035114 46483 0
1741035116 46154 0
1741035118 46014 0
1741035120 45796 0
1741035122 45752 0
1741035124 45663 0
1741035126 45737 0
1741035128 45846 0
1741035130 45762 0
1741035133 45760 0
1741035135 45737 0
1741035137 45813 0
1741035139 45823 0
1741035141 45827 0
1741035143 45858 0
1741035145 45704 0
1741035147 45791 0
1741035149 45744 0
1741035151 45792 0
1741035153 45951 0
1741035155 46402 0
1741035157 46900 0
1741035159 47378 0
1741035161 47745 0
1741035163 47770 0
1741035165 47727 0
1741035167 47586 0
1741035169 47464 0
1741035171 47442 0
1741035173 47474 0
1741035175 47378 0
1741035177 47384 0
1741035180 47276 0
1741035182 46700 0
1741035184 46330 0
1741035186 46158 0
1741035188 46039 0
1741035190 45971 0
1741035192 45891 0
1741035194 45742 0
1741035196 45777 0
1741035198 45780 0
1741035200 45833 0
1741035202 45744 0
1741035204 45725 0
1741035206 45655 0
1741035208 45764 0
1741035210 45757 0
1741035212 45714 0
1741035214 45720 0
1741035216 45755 0
1741035218 45844 0
1741035220 46137 0
1741035222 46478 0
1741035224 46769 0
1741035227 47216 0
1741035229 47495 0
1741035231 47623 0
1741035233 47673 0
1741035235 47575 0
1741035237 47412 0
1741035239 47322 0
1741035241 47340 0
1741035243 47421 0
1741035245 47387 0
1741035247 47413 0
1741035249 47270 0
1741035251 46620 0
1741035253 46210 0
1741035255 46068 0
1741035257 45860 0
1741035259 45846 0
1741035261 45804 0
1741035263 45839 0
1741035265 45772 0
1741035267 45731 0
1741035269 45875 0
1741035271 45814 0
1741035274 45742 0
1741035276 45889 0
1741035278 45616 0
1741035280 45809 0
1741035282 45907 0
1741035284 45823 0
1741035286 45746 0
1741035288 45673 0
1741035290 45713 0
1741035292 45683 0
1741035294 45673 0
1741035296 45806 0
1741035298 45911 0
1741035300 46185 0
1741035302 46489 0
1741035304 46913 0
1741035306 47327 0
1741035308 47748 0
1741035310 47734 0
1741035312 47656 0
1741035314 47662 0
1741035316 47637 0
1741035319 47119 0
1741035321 46582 0
1741035323 46281 0
1741035325 46142 0
1741035327 46213 0
1741035329 46093 0
1741035331 46046 0
1741035333 46016 0
1741035335 45830 0
1741035337 45854 0
1741035339 45824 0
1741035341 45977 0
1741035343 45855 0
1741035345 45793 0
1741035347 45770 0
1741035349 45728 0
1741035351 45664 0
1741035353 45676 0
1741035355 45700 0
1741035357 45681 0
1741035359 45650 0
1741035361 45755 0
1741035363 45793 0
1741035366 45816 0
1741035368 46096 0
1741035370 46340 0
1741035372 46652 0
1741035374 46984 0
1741035376 47304 0
1741035378 47506 0
1741035380 47650 0
1741035382 47694 0
1741035384 47589 0
1741035386 47288 0
1741035388 46876 0
1741035390 46309 0
1741035392 46045 0
1741035394 45997 0
1741035396 45924 0
1741035398 45848 0
1741035400 46018 0
1741035402 45912 0
1741035404 45904 0
1741035406 45738 0
1741035408 45768 0
1741035411 45788 0
1741035413 45827 0
1741035415 45742 0
1741035417 45791 0
1741035419 45836 0
1741035421 45761 0
1741035423 45886 0
1741035425 45870 0
1741035427 46094 0
1741035429 46418 0
1741035431 46914 0
1741035433 47326 0
1741035435 47564 0
1741035437 47587 0
1741035439 47595 0
1741035441 47526 0
1741035443 47638 0
1741035445 47569 0
1741035447 47548 0
1741035449 47467 0
1741035451 47414 0
1741035453 47299 0
1741035455 46843 0
1741035458 46610 0
1741035460 46431 0
1741035462 46181 0
1741035464 45965 0
1741035466 45923 0
1741035468 45801 0
1741035470 45720 0
1741035472 45635 0
1741035474 45697 0
1741035476 45784 0
1741035478 45851 0
1741035480 45718 0
1741035482 45710 0
1741035484 45835 0
1741035486 45796 0
1741035488 45980 0
1741035490 45946 0
1741035492 45920 0
1741035494 45994 0
1741035496 46232 0
1741035498 46633 0
1741035500 47207 0
1741035503 47457 0
1741035505 47637 0
1741035507 47662 0
1741035509 47524 0
1741035511 47452 0
1741035513 47435 0
1741035515 47397 0
1741035517 47464 0
1741035519 47452 0
1741035521 47562 0
1741035523 47426 0
1741035525 46874 0
1741035527 46415 0
1741035529 46148 0
1741035531 45991 0
1741035533 45820 0
1741035535 45746 0
1741035537 45699 0
1741035539 45716 0
1741035541 45738 0
1741035543 45688 0
1741035545 45726 0
1741035547 45951 0
1741035550 45806 0
1741035552 45769 0
1741035554 45752 0
1741035556 45846 0
1741035558 45744 0
1741035560 45744 0
1741035562 45745 0
1741035564 45705 0
1741035566 45576 0
1741035568 45690 0
1741035570 45695 0
1741035572 45812 0
1741035574 45944 0
1741035576 46013 0
1741035578 46354 0
1741035580 46971 0
1741035582 47465 0
1741035584 47684 0
1741035586 47716 0
1741035588 47751 0
1741035590 47593 0
1741035592 47214 0
1741035594 46562 0
1741035597 46315 0
1741035599 46080 0
1741035601 45926 0
1741035603 45772 0
1741035605 45644 0
1741035607 45791 0
1741035609 45939 0
1741035611 45890 0
1741035613 45760 0
1741035615 45751 0
1741035617 45841 0
1741035619 45802 0
1741035621 45770 0
1741035623 45776 0
1741035625 45836 0
1741035627 45919 0
1741035629 45981 0
1741035631 45989 0
1741035633 46000 0
1741035635 46011 0
1741035637 46042 0
1741035639 45965 0
1741035642 46210 0
1741035644 46321 0
1741035646 46746 0
1741035648 47276 0
1741035650 47644 0
1741035652 47703 0
1741035654 47783 0
1741035656 47851 0
1741035658 47827 0
1741035660 47782 0
1741035662 47174 0
1741035664 46705 0
1741035666 46297 0
1741035668 46304 0
1741035670 46056 0
1741035672 45994 0
1741035674 45938 0
1741035676 46016 0
1741035678 45943 0
1741035680 45987 0
1741035682 45939 0
1741035684 45807 0
1741035687 45857 0
1741035689 45875 0
1741035691 45788 0
1741035693 45739 0
1741035695 45726 0
1741035697 45834 0
1741035699 45926 0
1741035701 46224 0
1741035703 46163 0
1741035705 46308 0
1741035707 46423 0
1741035709 46987 0
1741035711 47526 0
1741035713 47694 0
1741035715 47855 0
1741035717 47787 0
1741035719 47712 0
1741035721 47682 0
1741035723 47669 0
1741035725 47779 0
1741035727 47643 0
1741035729 47641 0
1741035731 46943 0
1741035734 46432 0
1741035736 46310 0
1741035738 46144 0
1741035740 46134 0
1741035742 46031 0
1741035744 46140 0
1741035746 46024 0
1741035748 46121 0
1741035750 46054 0
1741035752 45940 0
1741035754 46018 0
1741035756 45929 0
1741035758 45814 0
1741035760 46028 0
1741035762 45841 0
1741035764 45820 0
1741035766 45868 0
1741035768 46008 0
1741035770 46103 0
1741035772 46049 0
1741035774 46297 0
1741035776 46575 0
1741035779 47030 0
1741035781 47417 0
1741035783 47674 0
1741035785 47658 0
1741035787 47602 0
1741035789 47676 0
1741035791 47628 0
1741035793 47545 0
1741035795 47520 0
1741035797 47509 0
1741035799 47106 0
1741035801 46643 0
1741035803 46275 0
1741035805 45956 0
1741035807 45894 0
1741035809 45701 0
1741035811 45762 0
1741035813 45738 0
1741035815 45655 0
1741035817 45620 0
1741035819 45716 0
1741035821 45874 0
1741035823 45764 0
1741035826 45734 0
1741035828 45746 0
1741035830 45785 0
1741035832 45852 0
1741035834 45953 0
1741035836 45788 0
1741035838 45789 0
1741035840 45782 0
1741035842 45792 0
1741035844 45720 0
1741035846 45784 0
1741035848 45968 0
1741035850 46096 0
1741035852 46161 0
1741035854 46382 0
1741035856 46496 0
1741035858 46951 0
1741035860 47455 0
1741035862 47637 0
1741035864 47772 0
1741035866 47693 0
1741035868 47036 0
1741035870 46573 0
1741035873 46302 0
1741035875 46145 0
1741035877 45946 0
1741035879 45929 0
1741035881 45889 0
1741035883 45852 0
1741035885 45814 0
1741035887 45769 0
1741035889 45646 0
1741035891 45731 0
1741035893 45753 0
1741035895 45667 0
1741035897 45641 0
1741035899 45571 0
1741035901 45612 0
1741035903 45718 0
1741035905 45713 0
1741035907 45884 0
1741035909 45846 0
1741035911 45904 0
1741035913 45889 0
1741035915 45888 0
1741035917 45906 0
1741035920 45922 0
1741035922 46024 0
1741035924 46198 0
1741035926 46554 0
1741035928 47030 0
1741035930 47413 0
1741035932 47539 0
1741035934 47596 0
1741035936 47297 0
1741035938 46766 0
1741035940 46380 0
1741035942 46155 0
1741035944 46049 0
1741035946 45876 0
1741035948 45852 0
1741035950 45804 0
1741035952 45732 0
1741035954 45770 0
1741035956 45705 0
1741035958 45711 0
1741035960 45775 0
1741035962 45705 0
1741035965 45665 0
1741035967 45539 0
1741035969 45732 0
1741035971 45761 0
1741035973 45837 0
1741035975 45877 0
1741035977 46074 0
1741035979 46205 0
1741035981 46362 0
1741035983 46865 0
1741035985 47202 0
1741035987 47459 0
1741035989 47602 0
1741035991 47677 0
1741035993 47682 0
1741035995 47590 0
1741035997 47498 0
1741035999 47512 0
1741036001 47630 0
1741036003 47466 0
1741036005 46920 0
1741036007 46518 0
1741036009 46165 0
1741036012 45939 0
1741036014 45838 0
1741036016 45881 0
1741036018 45788 0
1741036020 45784 0
1741036022 45727 0
1741036024 45621 0
1741036026 45742 0
1741036028 45742 0
1741036030 45790 0
1741036032 45711 0
1741036034 45738 0
1741036036 45787 0
1741036038 45777 0
1741036040 45832 0
1741036042 45867 0
1741036044 45854 0
1741036046 45920 0
1741036048 46114 0
1741036050 46459 0
1741036052 46933 0
1741036054 47445 0
1741036056 47597 0
1741036059 47620 0
1741036061 47630 0
1741036063 47685 0
1741036065 47501 0
1741036067 47451 0
1741036069 47402 0
1741036071 47377 0
1741036073 47324 0
1741036075 46735 0
1741036077 46357 0
1741036079 46142 0
1741036081 45964 0
1741036083 45848 0
1741036085 45775 0
1741036087 45774 0
1741036089 45857 0
1741036091 45779 0
1741036093 45717 0
1741036095 45718 0
1741036097 45655 0
1741036099 45697 0
1741036101 45636 0
1741036104 45570 0
1741036106 45531 0
1741036108 45739 0
1741036110 45717 0
1741036112 45633 0
1741036114 45741 0
1741036116 45760 0
1741036118 45719 0
1741036120 45869 0
1741036122 45994 0
1741036124 46050 0
1741036126 45947 0
1741036128 46036 0
1741036130 46473 0
1741036132 46893 0
1741036134 47289 0
1741036136 47539 0
1741036138 47589 0
1741036140 47694 0
1741036142 47164 0
1741036144 46581 0
1741036146 46381 0
1741036148 46240 0
1741036151 46002 0
1741036153 45909 0
1741036155 45783 0
1741036157 45823 0
1741036159 45792 0
1741036161 45789 0
1741036163 45802 0
1741036165 45735 0
1741036167 45756 0
1741036169 45734 0
1741036171 45727 0
1741036173 45842 0
1741036175 45725 0
1741036177 45767 0
1741036179 45670 0
1741036181 45861 0
1741036183 45754 0
1741036185 45718 0
1741036187 45810 0
1741036189 45895 0
1741036191 45820 0
1741036193 45835 0
1741036195 45858 0
1741036198 45957 0
1741036200 46345 0
1741036202 46873 0
1741036204 47316 0
1741036206 47467 0
1741036208 47692 0
1741036210 47626 0
1741036212 46890 0
1741036214 46408 0
1741036216 46156 0
1741036218 45923 0
1741036220 45829 0
1741036222 45704 0
1741036224 45709 0
1741036226 45843 0
1741036228 45781 0
1741036230 45787 0
1741036232 45804 0
1741036234 45780 0
1741036236 45862 0
1741036238 45792 0
1741036240 45966 0
1741036242 45950 0
1741036245 45866 0
1741036247 45777 0
1741036249 45785 0
1741036251 45826 0
1741036253 45886 0
1741036255 46072 0
1741036257 46277 0
1741036259 46786 0
1741036261 47363 0
1741036263 47676 0
1741036265 47642 0
1741036267 47702 0
1741036269 47733 0
1741036271 47574 0
1741036273 47462 0
1741036275 47450 0
1741036277 47344 0
1741036279 47098 0
1741036281 46563 0
1741036283 46272 0
1741036285 46085 0
1741036287 45999 0
1741036290 45819 0
1741036292 45803 0
1741036294 45749 0
1741036296 45701 0
1741036298 45814 0
1741036300 45810 0
1741036302 45875 0
1741036304 45774 0
1741036306 45778 0
1741036308 45629 0
1741036310 45771 0
1741036312 45792 0
1741036314 45831 0
1741036316 45812 0
1741036318 45837 0
1741036320 45874 0
1741036322 45935 0
1741036324 46192 0
1741036326 46578 0
1741036328 47224 0
1741036330 47383 0
1741036332 47565 0
1741036334 47588 0
1741036337 47616 0
1741036339 47633 0
1741036341 47623 0
1741036343 47540 0
1741036345 47474 0
1741036347 47377 0
1741036349 46768 0
1741036351 46276 0
1741036353 46150 0
1741036355 45958 0
1741036357 45854 0
1741036359 45964 0
1741036361 46047 0
1741036363 45948 0
1741036365 45734 0
1741036367 45869 0
1741036369 45822 0
1741036371 45760 0
1741036373 45798 0
1741036375 45765 0
1741036377 45738 0
1741036379 45693 0
1741036381 45658 0
1741036384 45691 0
1741036386 45634 0
1741036388 45814 0
1741036390 45813 0
1741036392 45720 0
1741036394 45757 0
1741036396 45821 0
1741036398 45781 0
1741036400 45889 0
1741036402 45905 0
1741036404 46146 0
1741036406 46538 0
1741036408 47104 0
1741036410 47471 0
1741036412 47636 0
1741036414 47605 0
1741036416 47447 0
1741036418 46682 0
1741036420 46582 0
1741036422 46266 0
1741036424 46083 0
1741036426 45975 0
1741036429 45879 0
1741036431 45795 0
1741036433 45712 0
1741036435 45616 0
1741036437 45579 0
1741036439 45589 0
1741036441 45600 0
1741036443 45727 0
1741036445 45767 0
1741036447 45968 0
1741036449 46044 0
1741036451 45960 0
1741036453 45815 0
1741036455 45835 0
1741036457 45756 0
1741036459 45805 0
1741036461 45805 0
1741036463 45728 0
1741036465 45801 0
1741036467 45986 0
1741036469 46024 0
1741036471 46208 0
1741036473 46515 0
1741036476 46948 0
1741036478 47426 0
1741036480 47706 0
1741036482 47883 0
1741036484 47740 0
1741036486 47203 0
1741036488 46658 0
1741036490 46394 0
1741036492 46218 0
1741036494 45976 0
1741036496 45906 0
1741036498 45866 0
1741036500 45825 0
1741036502 45759 0
1741036504 45809 0
1741036506 45869 0
1741036508 45820 0
1741036510 45773 0
1741036512 45664 0
1741036514 45768 0
1741036516 45792 0
1741036518 45741 0
1741036521 45634 0
1741036523 45736 0
1741036525 45653 0
1741036527 45726 0
1741036529 45858 0
1741036531 46064 0
1741036533 46730 0
1741036535 47273 0
1741036537 47473 0
1741036539 47589 0
1741036541 47799 0
1741036543 47676 0
1741036545 47611 0
1741036547 47593 0
1741036549 47547 0
1741036551 47550 0
1741036553 47452 0
1741036555 46817 0
1741036557 46507 0
1741036559 46145 0
1741036561 46077 0
1741036563 45866 0
1741036565 45782 0
1741036568 45826 0
1741036570 46006 0
1741036572 45927 0
1741036574 45822 0
1741036576 45809 0
1741036578 45797 0
1741036580 45794 0
1741036582 45711 0
1741036584 45759 0
1741036586 45721 0
1741036588 45696 0
1741036590 45839 0
1741036592 45836 0
1741036594 45728 0
1741036596 45840 0
1741036598 46024 0
1741036600 46608 0
1741036602 47122 0
1741036604 47409 0
1741036606 47638 0
1741036608 47625 0
1741036610 47676 0
1741036612 47590 0
1741036615 47467 0
1741036617 47384 0
1741036619 47507 0
1741036621 47324 0
1741036623 47129 0
1741036625 46607 0
1741036627 46289 0
1741036629 46122 0
1741036631 45988 0
1741036633 45815 0
1741036635 45711 0
1741036637 45724 0
1741036639 45761 0
1741036641 45732 0
1741036643 45792 0
1741036645 45735 0
1741036647 45624 0
1741036649 45605 0
1741036651 45660 0
1741036653 45631 0
1741036655 45698 0
1741036657 45726 0
1741036660 45746 0
1741036662 45884 0
1741036664 45856 0
1741036666 45736 0
1741036668 45728 0
1741036670 45753 0
1741036672 45784 0
1741036674 45744 0
1741036676 45757 0
1741036678 45761 0
1741036680 46008 0
1741036682 46420 0
1741036684 46685 0
1741036686 47144 0
1741036688 47470 0
1741036690 47522 0
1741036692 46933 0
1741036694 46471 0
1741036696 46126 0
1741036698 45913 0
1741036700 45848 0
1741036702 45894 0
1741036704 45638 0
1741036707 45692 0
1741036709 45681 0
1741036711 45720 0
1741036713 45606 0
1741036715 45743 0
1741036717 45672 0
1741036719 45664 0
1741036721 45859 0
1741036723 45785 0
1741036725 45571 0
1741036727 45620 0
1741036729 45752 0
1741036731 45922 0
1741036733 45885 0
1741036735 45883 0
1741036737 45832 0
1741036739 45929 0
1741036741 45895 0
1741036743 46010 0
1741036745 46053 0
1741036747 46297 0
1741036749 46710 0
1741036752 47163 0
1741036754 47453 0
1741036756 47660 0
1741036758 47712 0
1741036760 47590 0
1741036762 46714 0
1741036764 46508 0
1741036766 46205 0
1741036768 46092 0
1741036770 45975 0
1741036772 45947 0
1741036774 45871 0
1741036776 45830 0
1741036778 45904 0
1741036780 45998 0
1741036782 45924 0
1741036784 45882 0
1741036786 45843 0
1741036788 45813 0
1741036790 45829 0
1741036792 45738 0
1741036794 45724 0
1741036796 45823 0
1741036799 45975 0
1741036801 45964 0
1741036803 45906 0
1741036805 46150 0
1741036807 46591 0
1741036809 47069 0
1741036811 47372 0
1741036813 47590 0
1741036815 47686 0
1741036817 47552 0
1741036819 47601 0
1741036821 47553 0
1741036823 47563 0
1741036825 47547 0
1741036827 47638 0
1741036829 47058 0
1741036831 46569 0
1741036833 46332 0
1741036835 46120 0
1741036837 45895 0
1741036839 45839 0
1741036841 46018 0
1741036844 46047 0
1741036846 45861 0
1741036848 45905 0
1741036850 45921 0
1741036852 45792 0
1741036854 45693 0
1741036856 45753 0
1741036858 45695 0
1741036860 45656 0
1741036862 45663 0
1741036864 45666 0
1741036866 45665 0
1741036868 45911 0
1741036870 45977 0
1741036872 46127 0
1741036874 46397 0
1741036876 46709 0
1741036878 47138 0
1741036880 47535 0
1741036882 47651 0
1741036884 47564 0
1741036886 47611 0
1741036888 47516 0
1741036891 47528 0
1741036893 47443 0
1741036895 47362 0
1741036897 47328 0
1741036899 46656 0
1741036901 46466 0
1741036903 46020 0
1741036905 45824 0
1741036907 45791 0
1741036909 45710 0
1741036911 45770 0
1741036913 45691 0
1741036915 45799 0
1741036917 45690 0
1741036919 45728 0
1741036921 45731 0
1741036923 45722 0
1741036925 45773 0
1741036927 45799 0
1741036929 45918 0
1741036931 45797 0
1741036933 45763 0
1741036935 45775 0
1741036938 45936 0
1741036940 45830 0
1741036942 45735 0
1741036944 45786 0
1741036946 45751 0
1741036948 45876 0
1741036950 45866 0
1741036952 46042 0
1741036954 46225 0
1741036956 46604 0
1741036958 47095 0
1741036960 47654 0
1741036962 47719 0
1741036964 47710 0
1741036966 47286 0
1741036968 46710 0
1741036970 46287 0
1741036972 46100 0
1741036974 45982 0
1741036976 45812 0
1741036978 45770 0
1741036980 45692 0
1741036983 45676 0
1741036985 45632 0
1741036987 45674 0
1741036989 45676 0
1741036991 45729 0
1741036993 45716 0
1741036995 45791 0
1741036997 45785 0
1741036999 45697 0
1741037001 45626 0
1741037003 45583 0
1741037005 45581 0
1741037007 45674 0
1741037009 45701 0
1741037011 45745 0
1741037013 45766 0
1741037015 45861 0
1741037017 45796 0
1741037019 45908 0
1741037021 46169 0
1741037023 46374 0
1741037025 46924 0
1741037027 47259 0
1741037030 47530 0
1741037032 47591 0
1741037034 47670 0
1741037036 47006 0
1741037038 46435 0
1741037040 46088 0
1741037042 45827 0
1741037044 45774 0
1741037046 45633 0
1741037048 45735 0
1741037050 45850 0
1741037052 45891 0
1741037054 45736 0
1741037056 45657 0
1741037058 45792 0
1741037060 45857 0
1741037062 45776 0
1741037064 45802 0
1741037066 45896 0
1741037068 45894 0
1741037070 45780 0
1741037072 45826 0
1741037074 45870 0
1741037077 45908 0
1741037079 46132 0
1741037081 46655 0
1741037083 47057 0
1741037085 47418 0
1741037087 47707 0
1741037089 47678 0
1741037091 47674 0
1741037093 47689 0
1741037095 47604 0
1741037097 47579 0
1741037099 47477 0
1741037101 47449 0
1741037103 47338 0
1741037105 46737 0
1741037107 46542 0
1741037109 46225 0
1741037111 46021 0
1741037113 45925 0
1741037115 45916 0
1741037117 45857 0
1741037119 45818 0
1741037122 45840 0
1741037124 45861 0
1741037126 45820 0
1741037128 45842 0
1741037130 45809 0
1741037132 45870 0
1741037134 45774 0
1741037136 45658 0
1741037138 45571 0
1741037140 45706 0
1741037142 45822 0
1741037144 45946 0
1741037146 46145 0
1741037148 46179 0
1741037150 46467 0
1741037152 46878 0
1741037154 47349 0
1741037156 47477 0
1741037158 47486 0
1741037160 47438 0
1741037162 47508 0
1741037164 47419 0
1741037166 47512 0
1741037169 47499 0
1741037171 47268 0
1741037173 46818 0
1741037175 46370 0
1741037177 45999 0
1741037179 45925 0
1741037181 45744 0
1741037183 45710 0
1741037185 45650 0
1741037187 45694 0
1741037189 45552 0
1741037191 45576 0
1741037193 45492 0
1741037195 45517 0
1741037197 45535 0
1741037199 45610 0
1741037201 45720 0
1741037203 45608 0
1741037205 45517 0
1741037207 45475 0
1741037209 45543 0
1741037211 45509 0
1741037214 45468 0
1741037216 45598 0
1741037218 45589 0
1741037220 45604 0
1741037222 45600 0
1741037224 45725 0
1741037226 45761 0
1741037228 46056 0
1741037230 46413 0
1741037232 46719 0
1741037234 47112 0
1741037236 47423 0
1741037238 47552 0
1741037240 47604 0
1741037242 47000 0
1741037244 46481 0
1741037246 46050 0
1741037248 45920 0
1741037250 45809 0
1741037252 45827 0
1741037254 45568 0
1741037256 45560 0
1741037258 45532 0
1741037261 45726 0
1741037263 45557 0
1741037265 45602 0
1741037267 45625 0
1741037269 45584 0
1741037271 45664 0
1741037273 45584 0
1741037275 45563 0
1741037277 45621 0
1741037279 45624 0
1741037281 45580 0
1741037283 45677 0
1741037285 45583 0
1741037287 45672 0
1741037289 45567 0
1741037291 45636 0
1741037293 45723 0
1741037295 45827 0
1741037297 46077 0
1741037299 46404 0
1741037301 46804 0
1741037303 47237 0
1741037305 47471 0
1741037308 47607 0
1741037310 47312 0
1741037312 46682 0
1741037314 46286 0
1741037316 46006 0
1741037318 46018 0
1741037320 46108 0
1741037322 45951 0
1741037324 45850 0
1741037326 45743 0
1741037328 45632 0
1741037330 45679 0
1741037332 45687 0
1741037334 45764 0
1741037336 45868 0
1741037338 45703 0
1741037340 45800 0
1741037342 45675 0
1741037344 45775 0
1741037346 45805 0
1741037348 45910 0
1741037350 45872 0
1741037353 45880 0
1741037355 46190 0
1741037357 46735 0
1741037359 47257 0
1741037361 47599 0
1741037363 47727 0
1741037365 47620 0
1741037367 47745 0
1741037369 47628 0
1741037371 47512 0
1741037373 47483 0
1741037375 47392 0
1741037377 47291 0
1741037379 46900 0
1741037381 46545 0
1741037383 46195 0
1741037385 45909 0
1741037387 45810 0
1741037389 45921 0
1741037391 45965 0
1741037393 45748 0
1741037395 45681 0
1741037397 45639 0
1741037400 45553 0
1741037402 45603 0
1741037404 45655 0
1741037406 45637 0
1741037408 45778 0
1741037410 45860 0
1741037412 45812 0
1741037414 45791 0
1741037416 45792 0
1741037418 45693 0
1741037420 45618 0
1741037422 45742 0
1741037424 46003 0
1741037426 46226 0
1741037428 46538 0
1741037430 47014 0
1741037432 47380 0
1741037434 47660 0
1741037436 47733 0
1741037438 47677 0
1741037440 47793 0
1741037442 47618 0
1741037444 47596 0
1741037447 47525 0
1741037449 46867 0
1741037451 46393 0
1741037453 46093 0
1741037455 45945 0
1741037457 45912 0
1741037459 45848 0
1741037461 45821 0
1741037463 45869 0
1741037465 45851 0
1741037467 45839 0
1741037469 45812 0
1741037471 45820 0
1741037473 45832 0
1741037475 45784 0
1741037477 45753 0
1741037479 45702 0
1741037481 45783 0
1741037483 45903 0
1741037485 45839 0
1741037487 45906 0
1741037489 45918 0
1741037492 45827 0
1741037494 45797 0
1741037496 45676 0
1741037498 45721 0
1741037500 45882 0
1741037502 46079 0
1741037504 46261 0
1741037506 46617 0
1741037508 47033 0
1741037510 47557 0
1741037512 47683 0
1741037514 47753 0
1741037516 47393 0
1741037518 46608 0
1741037520 46318 0
1741037522 45992 0
1741037524 45945 0
1741037526 45885 0
1741037528 45957 0
1741037530 45809 0
1741037532 45666 0
1741037534 45646 0
1741037536 45817 0
1741037539 45736 0
1741037541 45624 0
1741037543 45711 0
1741037545 45749 0
1741037547 45678 0
1741037549 45664 0
1741037551 45599 0
1741037553 45607 0
1741037555 45625 0
1741037557 45737 0
1741037559 45748 0
1741037561 45814 0
1741037563 45759 0
1741037565 45844 0
1741037567 45829 0
1741037569 45931 0
1741037571 46156 0
1741037573 46433 0
1741037575 46702 0
1741037577 47101 0
1741037580 47473 0
1741037582 47550 0
1741037584 47621 0
1741037586 46743 0
1741037588 46407 0
1741037590 46231 0
1741037592 45934 0
1741037594 45885 0
1741037596 45745 0
1741037598 45650 0
1741037600 45583 0
1741037602 45576 0
1741037604 45691 0
1741037606 45848 0
1741037608 45779 0
1741037610 45752 0
1741037612 45728 0
1741037614 45774 0
1741037616 45628 0
1741037618 45693 0
1741037620 45828 0
1741037622 45687 0
1741037625 45590 0
1741037627 45617 0
1741037629 45891 0
1741037631 46211 0
1741037633 46595 0
1741037635 47046 0
1741037637 47415 0
1741037639 47576 0
1741037641 47567 0
1741037643 47442 0
1741037645 47375 0
1741037647 47489 0
1741037649 47491 0
1741037651 47427 0
1741037653 47198 0
1741037655 46628 0
1741037657 46308 0
1741037659 46076 0
1741037661 45950 0
1741037663 45908 0
1741037665 45827 0
1741037667 45830 0
1741037669 45785 0
1741037672 45506 0
1741037674 45645 0
1741037676 45653 0
1741037678 45700 0
1741037680 45808 0
1741037682 45898 0
1741037684 45847 0
1741037686 45859 0
1741037688 45640 0
1741037690 45651 0
1741037692 45688 0
1741037694 45692 0
1741037696 45806 0
1741037698 46048 0
1741037700 46409 0
1741037702 46795 0
1741037704 47320 0
1741037706 47577 0
1741037708 47769 0
1741037710 47611 0
1741037712 47549 0
1741037714 47522 0
1741037716 47341 0
1741037719 47262 0
1741037721 47257 0
1741037723 46913 0
1741037725 46384 0
1741037727 46163 0
1741037729 46044 0
1741037731 45913 0
1741037733 45786 0
1741037735 45742 0
1741037737 45704 0
1741037739 45663 0
1741037741 45832 0
1741037743 45762 0
1741037745 45503 0
1741037747 45458 0
1741037749 45480 0
1741037751 45539 0
1741037753 45647 0
1741037755 45599 0
1741037757 45588 0
1741037760 45581 0
1741037762 45659 0
1741037764 45633 0
1741037766 45692 0
1741037768 45747 0
1741037770 45797 0
1741037772 45821 0
1741037774 45904 0
1741037776 46040 0
1741037778 46157 0
1741037780 46486 0
1741037782 46896 0
1741037784 47314 0
1741037786 47622 0
1741037788 47696 0
1741037790 47502 0
1741037792 46741 0
1741037794 46167 0
1741037796 45970 0
1741037798 45883 0
1741037800 45882 0
1741037802 45723 0
1741037804 45657 0
1741037807 45584 0
1741037809 45566 0
1741037811 45468 0
1741037813 45544 0
1741037815 45561 0
1741037817 45642 0
1741037819 45618 0
1741037821 45635 0
1741037823 45602 0
1741037825 45570 0
1741037827 45608 0
1741037829 45695 0
1741037831 45607 0
1741037833 45545 0
1741037835 45530 0
1741037837 45517 0
1741037839 45502 0
1741037841 45549 0
1741037843 45767 0
1741037845 45948 0
1741037847 46127 0
1741037849 46560 0
1741037851 46996 0
1741037854 47377 0
1741037856 47553 0
1741037858 47693 0
1741037860 47118 0
1741037862 46587 0
1741037864 46126 0
1741037866 45876 0
1741037868 45783 0
1741037870 45780 0
1741037872 45800 0
1741037874 45614 0
1741037876 45540 0
1741037878 45547 0
1741037880 45653 0
1741037882 45573 0
1741037884 45675 0
1741037886 45494 0
1741037888 45608 0
1741037890 45614 0
1741037892 45625 0
1741037894 45792 0
1741037896 45788 0
1741037898 45732 0
1741037901 45676 0
1741037903 45863 0
1741037905 45950 0
1741037907 46508 0
1741037909 47006 0
1741037911 47452 0
1741037913 47587 0
1741037915 47545 0
1741037917 47486 0
1741037919 47423 0
1741037921 47677 0
1741037923 47397 0
1741037925 47328 0
1741037927 47197 0
1741037929 46540 0
1741037931 46292 0
1741037933 45901 0
1741037935 45728 0
1741037937 45623 0
1741037939 45602 0
1741037941 45640 0
1741037943 45788 0
1741037945 45626 0
1741037948 45630 0
1741037950 45640 0
1741037952 45581 0
1741037954 45587 0
1741037956 45562 0
1741037958 45575 0
1741037960 45584 0
1741037962 45617 0
1741037964 45607 0
1741037966 45580 0
1741037968 45682 0
1741037970 45826 0
1741037972 46028 0
1741037974 46383 0
1741037976 46841 0
1741037978 47293 0
1741037980 47686 0
1741037982 47760 0
1741037984 47744 0
1741037986 47457 0
1741037988 47377 0
1741037991 47377 0
1741037993 47309 0
1741037995 47224 0
1741037997 46933 0
1741037999 46504 0
1741038001 46179 0
1741038003 46013 0
1741038005 45882 0
1741038007 45822 0
1741038009 45935 0
1741038011 45801 0
1741038013 45800 0
1741038015 45732 0
1741038017 45735 0
1741038019 45759 0
1741038021 45788 0
1741038023 45793 0
1741038025 45812 0
1741038027 45814 0
1741038029 45785 0
1741038031 45811 0
1741038033 45811 0
1741038035 45805 0
1741038038 45744 0
1741038040 45870 0
1741038042 45938 0
1741038044 45867 0
1741038046 45802 0
1741038048 45936 0
1741038050 46112 0
1741038052 46249 0
1741038054 46551 0
1741038056 47048 0
1741038058 47380 0
1741038060 47714 0
1741038062 47762 0
1741038064 47746 0
1741038066 47071 0
1741038068 46836 0
1741038070 46499 0
1741038072 46231 0
1741038074 46048 0
1741038076 45947 0
1741038078 45961 0
1741038080 45947 0
1741038083 45869 0
1741038085 45901 0
1741038087 45943 0
1741038089 45839 0
1741038091 45844 0
1741038093 45915 0
1741038095 45835 0
1741038097 45760 0
1741038099 45796 0
1741038101 45997 0
1741038103 45871 0
1741038105 45820 0
1741038107 45749 0
1741038109 45652 0
1741038111 45678 0
1741038113 45664 0
1741038115 45691 0
1741038117 45628 0
1741038119 45791 0
1741038121 46185 0
1741038123 46483 0
1741038125 46994 0
1741038127 47351 0
1741038130 47529 0
1741038132 47535 0
1741038134 47394 0
1741038136 46842 0
1741038138 46342 0
1741038140 46055 0
1741038142 45806 0
1741038144 45783 0
1741038146 45707 0
1741038148 45758 0
1741038150 45810 0
1741038152 45872 0
1741038154 45764 0
1741038156 45612 0
1741038158 45595 0
1741038160 45882 0
1741038162 45809 0
1741038164 45776 0
1741038166 45758 0
1741038168 45740 0
1741038170 45723 0
1741038172 45734 0
1741038174 45787 0
1741038177 45807 0
1741038179 46008 0
1741038181 46296 0
1741038183 46787 0
1741038185 47262 0
1741038187 47548 0
1741038189 47736 0
1741038191 47638 0
1741038193 47468 0
1741038195 47389 0
1741038197 47351 0
1741038199 47378 0
1741038201 47334 0
1741038203 46937 0
1741038205 46412 0
1741038207 46273 0
1741038209 46157 0
1741038211 46072 0
1741038213 45857 0
1741038215 45812 0
1741038217 45768 0
1741038219 45813 0
1741038222 45998 0
1741038224 45786 0
1741038226 45657 0
1741038228 45679 0
1741038230 45702 0
1741038232 45713 0
1741038234 45636 0
1741038236 45641 0
1741038238 45672 0
1741038240 45743 0
1741038242 45802 0
1741038244 45865 0
1741038246 46000 0
1741038248 46233 0
1741038250 46598 0
1741038252 47134 0
1741038254 47476 0
1741038256 47555 0
1741038258 47551 0
1741038260 47577 0
1741038262 47550 0
1741038264 47502 0
1741038266 47486 0
1741038269 47364 0
1741038271 47312 0
1741038273 46790 0
1741038275 46357 0
1741038277 46000 0
1741038279 45944 0
1741038281 46184 0
1741038283 46045 0
1741038285 45886 0
1741038287 45811 0
1741038289 45791 0
1741038291 45753 0
1741038293 45673 0
1741038295 45769 0
1741038297 45723 0
1741038299 45658 0
1741038301 45663 0
1741038303 45690 0
1741038305 45693 0
1741038307 45677 0
1741038309 45772 0
1741038311 45696 0
1741038313 45585 0
1741038316 45671 0
1741038318 45680 0
1741038320 45781 0
1741038322 45773 0
1741038324 45806 0
1741038326 45884 0
1741038328 46032 0
1741038330 46280 0
1741038332 46820 0
1741038334 47283 0
1741038336 47376 0
1741038338 47479 0
1741038340 47298 0
1741038342 46670 0
1741038344 46344 0
1741038346 46037 0
1741038348 45798 0
1741038350 45877 0
1741038352 45799 0
1741038354 45593 0
1741038356 45648 0
1741038358 45628 0
1741038361 45549 0
1741038363 45639 0
1741038365 45594 0
1741038367 45747 0
1741038369 45796 0
1741038371 45817 0
1741038373 45736 0
1741038375 45733 0
1741038377 45667 0
1741038379 45652 0
1741038381 45612 0
1741038383 45656 0
1741038385 45490 0
1741038387 45610 0
1741038389 45645 0
1741038391 45705 0
1741038393 45846 0
1741038395 45980 0
1741038397 46176 0
1741038399 46633 0
1741038401 47145 0
1741038403 47433 0
1741038406 47505 0
1741038408 47526 0
1741038410 47008 0
1741038412 46445 0
1741038414 46043 0
1741038416 45750 0
1741038418 45621 0
1741038420 45542 0
1741038422 45538 0
1741038424 45520 0
1741038426 45479 0
1741038428 45703 0
1741038430 45675 0
1741038432 45645 0
1741038434 45576 0
1741038436 45648 0
1741038438 45504 0
1741038440 45499 0
1741038442 45595 0
1741038444 45557 0
1741038446 45537 0
1741038448 45583 0
1741038450 45726 0
1741038453 45752 0
1741038455 45929 0
1741038457 46338 0
1741038459 46752 0
1741038461 47282 0
1741038463 47480 0
1741038465 47388 0
1741038467 47383 0
1741038469 47350 0
1741038471 47349 0
1741038473 47346 0
1741038475 47293 0
1741038477 47122 0
1741038479 46413 0
1741038481 46037 0
1741038483 45826 0
1741038485 45731 0
1741038487 45788 0
1741038489 45701 0
1741038491 45587 0
1741038493 45589 0
1741038495 45557 0
1741038498 45604 0
1741038500 45706 0
1741038502 45630 0
1741038504 45663 0
1741038506 45605 0
1741038508 45597 0
1741038510 45500 0
1741038512 45500 0
1741038514 45515 0
1741038516 45543 0
1741038518 45521 0
1741038520 45861 0
1741038522 46135 0
1741038524 46504 0
1741038526 46860 0
1741038528 47148 0
1741038530 47511 0
1741038532 47454 0
1741038534 47473 0
1741038536 47466 0
1741038538 47360 0
1741038540 47245 0
1741038542 47245 0
1741038545 47184 0
1741038547 46824 0
1741038549 46354 0
1741038551 46011 0
1741038553 45783 0
1741038555 45752 0
1741038557 45712 0
1741038559 45777 0
1741038561 45579 0
1741038563 45621 0
1741038565 45628 0
1741038567 45699 0
1741038569 45632 0
1741038571 45694 0
1741038573 45615 0
1741038575 45589 0
1741038577 45631 0
1741038579 45623 0
1741038581 45707 0
1741038583 45673 0
1741038585 45621 0
1741038587 45480 0
1741038589 45585 0
1741038592 45694 0
1741038594 45709 0
1741038596 45668 0
1741038598 45660 0
1741038600 45811 0
1741038602 45756 0
1741038604 46034 0
1741038606 46563 0
1741038608 47138 0
1741038610 47602 0
1741038612 47653 0
1741038614 47581 0
1741038616 46807 0
1741038618 46360 0
1741038620 46129 0
1741038622 45945 0
1741038624 45750 0
1741038626 45669 0
1741038628 45502 0
1741038630 45551 0
1741038632 45570 0
1741038634 45620 0
1741038637 45583 0
1741038639 45615 0
1741038641 45826 0
1741038643 45806 0
1741038645 45759 0
1741038647 45819 0
1741038649 45765 0
1741038651 45779 0
1741038653 45660 0
1741038655 45614 0
1741038657 45594 0
1741038659 45656 0
1741038661 45650 0
1741038663 45558 0
1741038665 45654 0
1741038667 45768 0
1741038669 45903 0
1741038671 45980 0
1741038673 46313 0
1741038675 46803 0
1741038677 47302 0
1741038679 47383 0
1741038681 47565 0
1741038684 47085 0
1741038686 46323 0
1741038688 46150 0
1741038690 45964 0
1741038692 45736 0
1741038694 45717 0
1741038696 45698 0
1741038698 45689 0
1741038700 45703 0
1741038702 45686 0
1741038704 45570 0
1741038706 45507 0
1741038708 45499 0
1741038710 45591 0
1741038712 45615 0
1741038714 45624 0
1741038716 45685 0
1741038718 45602 0
1741038720 45648 0
1741038722 45605 0
1741038724 45530 0
1741038726 45731 0
1741038728 46007 0
1741038731 46267 0
1741038733 46697 0
1741038735 47137 0
1741038737 47343 0
1741038739 47381 0
1741038741 47473 0
1741038743 47371 0
1741038745 47375 0
1741038747 47402 0
1741038749 47250 0
1741038751 47154 0
1741038753 46667 0
1741038755 46269 0
1741038757 45994 0
1741038759 45834 0
1741038761 45878 0
1741038763 45838 0
1741038765 45728 0
1741038767 45717 0
1741038769 45667 0
1741038771 45651 0
1741038773 45602 0
1741038776 45681 0
1741038778 45662 0
1741038780 45637 0
1741038782 45589 0
1741038784 45485 0
1741038786 45461 0
1741038788 45656 0
1741038790 45692 0
1741038792 45603 0
1741038794 45757 0
1741038796 45946 0
1741038798 46138 0
1741038800 46596 0
1741038802 47031 0
1741038804 47263 0
1741038806 47481 0
1741038808 47513 0
1741038810 47406 0
1741038812 47291 0
1741038814 47206 0
1741038816 47171 0
1741038818 47327 0
1741038821 47246 0
1741038823 46579 0
1741038825 46090 0
1741038827 45855 0
1741038829 45709 0
1741038831 45774 0
1741038833 45689 0
1741038835 45559 0
1741038837 45524 0
1741038839 45489 0
1741038841 45461 0
1741038843 45486 0
1741038845 45547 0
1741038847 45655 0
1741038849 45711 0
1741038851 45679 0
1741038853 45576 0
1741038855 45709 0
1741038857 45596 0
1741038859 45670 0
1741038861 45641 0
1741038863 45508 0
1741038865 45503 0
1741038868 45585 0
1741038870 45657 0
1741038872 45755 0
1741038874 45830 0
1741038876 45956 0
1741038878 46076 0
1741038880 46616 0
1741038882 47136 0
1741038884 47397 0
1741038886 47545 0
1741038888 47631 0
1741038890 47080 0
1741038892 46438 0
1741038894 46083 0
1741038896 45853 0
1741038898 45816 0
1741038900 45667 0
1741038902 45709 0
1741038904 45652 0
1741038906 45649 0
1741038908 45751 0
1741038910 45742 0
1741038913 45804 0
1741038915 45855 0
1741038917 45719 0
1741038919 45638 0
1741038921 45605 0
1741038923 45717 0
1741038925 45763 0
1741038927 45724 0
1741038929 45638 0
1741038931 45695 0
1741038933 45699 0
1741038935 45568 0
1741038937 45669 0
1741038939 45689 0
1741038941 45879 0
1741038943 45985 0
1741038945 46072 0
1741038947 46365 0
1741038949 46819 0
1741038951 47194 0
1741038953 47382 0
1741038955 47458 0
1741038957 47535 0
1741038960 46817 0
1741038962 46397 0
1741038964 45928 0
1741038966 45728 0
1741038968 45786 0
1741038970 45851 0
1741038972 45733 0
1741038974 45580 0
1741038976 45619 0
1741038978 45689 0
1741038980 45658 0
1741038982 45632 0
1741038984 45601 0
1741038986 45500 0
1741038988 45711 0
1741038990 45678 0
1741038992 45588 0
1741038994 45684 0
1741038996 45620 0
1741038998 45594 0
1741039000 45826 0
1741039002 45990 0
1741039004 46200 0
1741039007 46722 0
1741039009 47301 0
1741039011 47597 0
1741039013 47585 0
1741039015 47664 0
1741039017 47505 0
1741039019 47411 0
1741039021 47328 0
1741039023 47217 0
1741039025 47177 0
1741039027 47126 0
1741039029 46573 0
1741039031 46162 0
1741039033 45974 0
1741039035 45845 0
1741039037 45624 0
1741039039 45590 0
1741039041 45628 0
1741039043 45621 0
1741039045 45669 0
1741039047 45826 0
1741039049 45871 0
1741039051 45778 0
1741039054 45829 0
1741039056 45687 0
1741039058 45598 0
1741039060 45632 0
1741039062 45700 0
1741039064 45594 0
1741039066 45696 0
1741039068 45700 0
1741039070 45714 0
1741039072 45934 0
1741039074 46330 0
1741039076 46797 0
1741039078 47289 0
1741039080 47379 0
1741039082 47346 0
1741039084 47471 0
1741039086 47375 0
1741039088 47567 0
1741039090 47441 0
1741039092 47265 0
1741039094 47350 0
1741039096 46927 0
1741039099 46410 0
1741039101 46068 0
1741039103 45907 0
1741039105 45685 0
1741039107 45705 0
1741039109 45682 0
1741039111 45564 0
1741039113 45669 0
1741039115 45777 0
1741039117 45663 0
1741039119 45602 0
1741039121 45768 0
1741039123 45756 0
1741039125 45646 0
1741039127 45548 0
1741039129 45458 0
1741039131 45515 0
1741039133 45631 0
1741039135 45638 0
1741039137 45548 0
1741039139 45551 0
1741039141 45761 0
1741039143 45674 0
1741039146 45701 0
1741039148 45813 0
1741039150 45967 0
1741039152 45970 0
1741039154 46216 0
1741039156 46640 0
1741039158 46991 0
1741039160 47322 0
1741039162 47415 0
1741039164 47407 0
1741039166 46717 0
1741039168 46276 0
1741039170 46115 0
1741039172 45731 0
1741039174 45771 0
1741039176 45593 0
1741039178 45588 0
1741039180 45733 0
1741039182 45603 0
1741039184 45601 0
1741039186 45594 0
1741039188 45555 0
1741039190 45602 0
1741039193 45534 0
1741039195 45602 0
1741039197 45672 0
1741039199 45702 0
1741039201 45681 0
1741039203 45604 0
1741039205 45635 0
1741039207 45740 0
1741039209 45897 0
1741039211 45721 0
1741039213 45843 0
1741039215 45846 0
1741039217 45963 0
1741039219 45951 0
1741039221 46258 0
1741039223 46608 0
1741039225 47068 0
1741039227 47443 0
1741039229 47489 0
1741039231 47538 0
1741039233 47095 0
1741039235 46487 0
1741039238 46060 0
1741039240 45927 0
1741039242 45794 0
1741039244 45660 0
1741039246 45570 0
1741039248 45655 0
1741039250 45674 0
1741039252 45653 0
1741039254 45594 0
1741039256 45526 0
1741039258 45457 0
1741039260 45539 0
1741039262 45550 0
1741039264 45480 0
1741039266 45483 0
1741039268 45516 0
1741039270 45578 0
1741039272 45645 0
1741039274 45808 0
1741039276 45958 0
1741039278 46267 0
1741039280 46689 0
1741039282 47104 0
1741039285 47360 0
1741039287 47506 0
1741039289 47483 0
1741039291 47374 0
1741039293 47265 0
1741039295 47332 0
1741039297 47296 0
1741039299 47337 0
1741039301 47450 0
1741039303 46798 0
1741039305 46157 0
1741039307 46002 0
1741039309 45775 0
1741039311 45679 0
1741039313 45620 0
1741039315 45675 0
1741039317 45771 0
1741039319 45631 0
1741039321 45635 0
1741039323 45644 0
1741039325 45648 0
1741039327 45769 0
1741039329 45803 0
1741039332 45680 0
1741039334 45624 0
1741039336 45735 0
1741039338 45852 0
1741039340 45792 0
1741039342 45748 0
1741039344 45839 0
1741039346 45971 0
1741039348 46373 0
1741039350 46923 0
1741039352 47243 0
1741039354 47457 0
1741039356 47465 0
1741039358 47432 0
1741039360 47636 0
1741039362 47562 0
1741039364 47445 0
1741039366 47402 0
1741039368 47336 0
1741039370 47065 0
1741039372 46564 0
1741039374 46082 0
1741039377 45895 0
1741039379 45715 0
1741039381 45664 0
1741039383 45598 0
1741039385 45583 0
1741039387 45608 0
1741039389 45547 0
1741039391 45570 0
1741039393 45610 0
1741039395 45749 0
1741039397 45716 0
1741039399 45680 0
1741039401 45678 0
1741039403 45724 0
1741039405 45663 0
1741039407 45749 0
1741039409 45672 0
1741039411 45568 0
1741039413 45588 0
1741039415 45489 0
1741039417 45465 0
1741039419 45479 0
1741039421 45699 0
1741039424 45746 0
1741039426 45801 0
1741039428 46053 0
1741039430 46383 0
1741039432 47108 0
1741039434 47351 0
1741039436 47503 0
1741039438 47569 0
1741039440 46853 0
1741039442 46267 0
1741039444 45941 0
1741039446 45760 0
1741039448 45839 0
1741039450 45842 0
1741039452 45821 0
1741039454 45784 0
1741039456 45760 0
1741039458 45704 0
1741039460 45609 0
1741039462 45668 0
1741039464 45600 0
1741039467 45642 0
1741039469 45755 0
1741039471 45731 0
1741039473 45684 0
1741039475 45561 0
1741039477 45598 0
1741039479 45578 0
1741039481 45784 0
1741039483 45774 0
1741039485 45655 0
1741039487 45617 0
1741039489 45709 0
1741039491 45799 0
1741039493 45921 0
1741039495 46118 0
1741039497 46542 0
1741039499 47036 0
1741039501 47275 0
1741039503 47457 0
1741039505 47515 0
1741039507 47384 0
1741039509 46798 0
1741039511 46323 0
1741039514 46046 0
1741039516 45811 0
1741039518 45710 0
1741039520 45625 0
1741039522 45507 0
1741039524 45550 0
1741039526 45673 0
1741039528 45647 0
1741039530 45550 0
1741039532 45567 0
1741039534 45630 0
1741039536 45747 0
1741039538 45656 0
1741039540 45676 0
1741039542 45728 0
1741039544 45804 0
1741039546 45635 0
1741039548 45578 0
1741039550 45672 0
1741039552 45855 0
1741039554 46191 0
1741039556 46692 0
1741039558 47175 0
1741039561 47338 0
1741039563 47526 0
1741039565 47423 0
1741039567 47419 0
1741039569 47446 0
1741039571 47201 0
1741039573 47215 0
1741039575 47221 0
1741039577 46785 0
1741039579 46306 0
1741039581 46022 0
1741039583 45814 0
1741039585 45778 0
1741039587 45698 0
1741039589 45597 0
1741039591 45484 0
1741039593 45555 0
1741039595 45520 0
1741039597 45440 0
1741039599 45548 0
1741039601 45592 0
1741039603 45513 0
1741039606 45535 0
1741039608 45434 0
1741039610 45530 0
1741039612 45525 0
1741039614 45375 0
1741039616 45517 0
1741039618 45524 0
1741039620 45668 0
1741039622 45909 0
1741039624 46217 0
1741039626 46637 0
1741039628 47354 0
1741039630 47351 0
1741039632 47331 0
1741039634 47286 0
1741039636 47283 0
1741039638 47262 0
1741039640 47230 0
1741039642 47153 0
1741039644 47204 0
1741039646 46604 0
1741039648 46388 0
1741039650 46126 0
1741039653 45880 0
1741039655 45782 0
1741039657 45644 0
1741039659 45682 0
1741039661 45929 0
1741039663 45897 0
1741039665 45749 0
1741039667 45703 0
1741039669 45666 0
1741039671 45673 0
1741039673 45576 0
1741039675 45583 0
1741039677 45691 0
1741039679 45728 0
1741039681 45700 0
1741039683 45570 0
1741039685 45501 0
1741039687 45546 0
1741039689 45668 0
1741039691 45618 0
1741039693 45655 0
1741039696 45692 0
1741039698 45682 0
1741039700 45878 0
1741039702 45942 0
1741039704 46439 0
1741039706 46951 0
1741039708 47423 0
1741039710 47427 0
1741039712 47497 0
1741039714 47108 0
1741039716 46601 0
1741039718 46208 0
1741039720 46075 0
1741039722 45873 0
1741039724 45653 0
1741039726 45611 0
1741039728 45498 0
1741039730 45418 0
1741039732 45577 0
1741039735 45503 0
1741039737 45410 0
1741039739 45415 0
1741039741 45546 0
1741039743 45507 0
1741039745 45502 0
1741039747 45639 0
1741039749 45743 0
1741039751 45611 0
1741039753 45564 0
1741039755 45727 0
1741039757 45581 0
1741039759 45536 0
1741039761 45541 0
1741039763 45498 0
1741039765 45475 0
1741039767 45762 0
1741039769 46055 0
1741039771 46410 0
1741039773 46984 0
1741039775 47366 0
1741039777 47583 0
1741039779 47746 0
1741039782 47647 0
1741039784 46903 0
1741039786 46461 0
1741039788 46257 0
1741039790 46108 0
1741039792 45920 0
1741039794 45775 0
1741039796 45754 0
1741039798 45591 0
1741039800 45579 0
1741039802 45664 0
1741039804 45594 0
1741039806 45681 0
1741039808 45695 0
1741039810 45727 0
1741039812 45773 0
1741039814 45624 0
1741039816 45536 0
1741039818 45573 0
1741039820 45568 0
1741039822 45715 0
1741039824 45830 0
1741039826 46066 0
1741039829 46370 0
1741039831 46795 0
1741039833 47181 0
1741039835 47459 0
1741039837 47496 0
1741039839 47541 0
1741039841 47624 0
1741039843 47513 0
1741039845 47565 0
1741039847 47478 0
1741039849 47388 0
1741039851 47141 0
1741039853 46559 0
1741039855 46287 0
1741039857 45940 0
1741039859 45770 0
1741039861 45691 0
1741039863 45612 0
1741039865 45607 0
1741039867 45876 0
1741039869 45850 0
1741039871 45791 0
1741039874 45694 0
1741039876 45663 0
1741039878 45577 0
1741039880 45694 0
1741039882 45678 0
1741039884 45685 0
1741039886 45743 0
1741039888 45887 0
1741039890 45830 0
1741039892 45898 0
1741039894 46159 0
1741039896 46529 0
1741039898 46957 0
1741039900 47545 0
1741039902 47762 0
1741039904 47776 0
1741039906 47775 0
1741039908 47596 0
1741039910 47539 0
1741039912 47421 0
1741039914 47454 0
1741039916 47254 0
1741039918 47343 0
1741039921 47010 0
1741039923 46337 0
1741039925 46126 0
1741039927 46021 0
1741039929 46024 0
1741039931 45888 0
1741039933 45764 0
1741039935 45596 0
1741039937 45587 0
1741039939 45574 0
1741039941 45585 0
1741039943 45638 0
1741039945 45618 0
1741039947 45700 0
1741039949 45569 0
1741039951 45518 0
1741039953 45657 0
1741039955 45593 0
1741039957 45671 0
1741039959 45723 0
1741039961 45932 0
1741039963 45784 0
1741039965 45764 0
1741039968 45728 0
1741039970 45715 0
1741039972 45731 0
1741039974 45889 0
1741039976 46318 0
1741039978 46594 0
1741039980 47074 0
1741039982 47389 0
1741039984 47508 0
1741039986 47548 0
1741039988 47605 0
1741039990 46834 0
1741039992 46452 0
1741039994 46063 0
1741039996 45801 0
1741039998 45805 0
1741040000 45756 0
1741040002 45650 0
1741040004 45515 0
1741040006 45623 0
1741040008 45554 0
1741040010 45542 0
1741040012 45447 0
1741040015 45439 0
1741040017 45531 0
1741040019 45608 0
1741040021 45749 0
1741040023 45648 0
1741040025 45509 0
1741040027 45430 0
1741040029 45567 0
1741040031 45628 0
1741040033 45542 0
1741040035 45445 0
1741040037 45545 0
1741040039 45578 0
1741040041 45614 0
1741040043 45710 0
1741040045 45928 0
1741040047 46371 0
1741040049 46836 0
1741040051 47082 0
1741040053 47334 0
1741040055 47298 0
1741040057 46937 0
1741040060 46473 0
1741040062 46086 0
1741040064 45950 0
1741040066 45812 0
1741040068 45779 0
1741040070 45695 0
1741040072 45632 0
1741040074 45599 0
1741040076 45586 0
1741040078 45670 0
1741040080 45842 0
1741040082 45790 0
1741040084 45736 0
1741040086 45631 0
1741040088 45535 0
1741040090 45506 0
1741040092 45557 0
1741040094 45438 0
1741040096 45425 0
1741040098 45498 0
1741040100 45598 0
1741040102 45802 0
1741040104 46379 0
1741040107 46741 0
1741040109 47331 0
1741040111 47354 0
1741040113 47298 0
1741040115 47463 0
1741040117 47273 0
1741040119 47246 0
1741040121 47335 0
1741040123 47330 0
1741040125 47142 0
1741040127 46749 0
1741040129 46299 0
1741040131 45926 0
1741040133 45724 0
1741040135 45695 0
1741040137 45698 0
1741040139 45704 0
1741040141 45816 0
1741040143 45696 0
1741040145 45593 0
1741040147 45608 0
1741040149 45601 0
1741040152 45646 0
1741040154 45821 0
1741040156 45748 0
1741040158 45713 0
1741040160 45781 0
1741040162 45724 0
1741040164 45760 0
1741040166 45736 0
1741040168 46045 0
1741040170 46392 0
1741040172 46584 0
1741040174 46838 0
1741040176 47130 0
1741040178 47508 0
1741040180 47598 0
1741040182 47688 0
1741040184 47603 0
1741040186 47591 0
1741040188 47482 0
1741040190 47400 0
1741040192 47314 0
1741040194 47207 0
1741040196 46652 0
1741040199 46255 0
1741040201 46234 0
1741040203 45963 0
1741040205 45772 0
1741040207 45735 0
1741040209 45637 0
1741040211 45727 0
1741040213 45783 0
1741040215 45670 0
1741040217 45686 0
1741040219 45668 0
1741040221 45626 0
1741040223 45635 0
1741040225 45501 0
1741040227 45778 0
1741040229 45743 0
1741040231 45655 0
1741040233 45529 0
1741040235 45530 0
1741040237 45439 0
1741040239 45528 0
1741040241 45605 0
1741040244 45758 0
1741040246 45783 0
1741040248 45894 0
1741040250 46068 0
1741040252 46330 0
1741040254 46681 0
1741040256 47071 0
1741040258 47405 0
1741040260 47636 0
1741040262 47734 0
1741040264 47234 0
1741040266 46653 0
1741040268 46161 0
1741040270 45877 0
1741040272 45752 0
1741040274 45741 0
1741040276 45714 0
1741040278 45737 0
1741040280 45626 0
1741040282 45535 0
1741040284 45542 0
1741040286 45656 0
1741040288 45726 0
1741040291 45657 0
1741040293 45753 0
1741040295 45754 0
1741040297 45699 0
1741040299 45665 0
1741040301 45589 0
1741040303 45703 0
1741040305 45683 0
1741040307 45696 0
1741040309 45699 0
1741040311 45613 0
1741040313 45689 0
1741040315 45695 0
1741040317 45844 0
1741040319 46060 0
1741040321 46564 0
1741040323 46950 0
1741040325 47231 0
1741040327 47501 0
1741040329 47654 0
1741040331 47439 0
1741040333 46508 0
1741040336 46133 0
1741040338 45951 0
1741040340 45943 0
1741040342 45796 0
1741040344 45634 0
1741040346 45475 0
1741040348 45707 0
1741040350 45585 0
1741040352 45569 0
1741040354 45563 0
1741040356 45620 0
1741040358 45692 0
1741040360 45667 0
1741040362 45695 0
1741040364 45824 0
1741040366 45700 0
1741040368 45781 0
1741040370 45657 0
1741040372 45754 0
1741040374 45982 0
1741040376 46294 0
1741040378 46663 0
1741040380 47364 0
1741040383 47558 0
1741040385 47423 0
1741040387 47446 0
1741040389 47489 0
1741040391 47431 0
1741040393 47372 0
1741040395 47330 0
1741040397 47131 0
1741040399 47040 0
1741040401 47020 0
1741040403 46363 0
1741040405 46062 0
1741040407 45921 0
1741040409 45938 0
1741040411 45842 0
1741040413 45831 0
1741040415 45766 0
1741040417 45659 0
1741040419 45628 0
1741040421 45672 0
1741040424 45724 0
1741040426 45622 0
1741040428 45609 0
1741040430 45622 0
1741040432 45548 0
1741040434 45654 0
1741040436 45627 0
1741040438 45603 0
1741040440 45753 0
1741040442 45812 0
1741040444 45942 0
1741040446 46264 0
1741040448 46568 0
1741040450 47039 0
1741040452 47387 0
1741040454 47554 0
1741040456 47598 0
1741040458 47511 0
1741040460 47535 0
1741040462 47546 0
1741040464 47491 0
1741040466 47490 0
1741040469 47480 0
1741040471 46701 0
1741040473 46234 0
1741040475 46121 0
1741040477 45878 0
1741040479 45827 0
1741040481 45761 0
1741040483 45682 0
1741040485 45784 0
1741040487 45802 0
1741040489 45620 0
1741040491 45547 0
1741040493 45607 0
1741040495 45566 0
1741040497 45686 0
1741040499 45686 0
1741040501 45876 0
1741040503 45781 0
1741040505 45577 0
1741040507 45496 0
1741040509 45693 0
1741040511 45739 0
1741040513 45822 0
1741040516 45772 0
1741040518 45771 0
1741040520 45779 0
1741040522 45752 0
1741040524 45903 0
1741040526 46082 0
1741040528 46666 0
1741040530 47214 0
1741040532 47543 0
1741040534 47605 0
1741040536 47632 0
1741040538 47422 0
1741040540 46678 0
1741040542 46309 0
1741040544 46082 0
1741040546 45909 0
1741040548 45886 0
1741040550 45853 0
1741040552 45743 0
1741040554 45722 0
1741040556 45740 0
1741040558 45707 0
1741040560 45737 0
1741040563 45707 0
1741040565 45659 0
1741040567 45675 0
1741040569 45664 0
1741040571 45599 0
1741040573 45591 0
1741040575 45619 0
1741040577 45639 0
1741040579 45592 0
1741040581 45586 0
1741040583 45584 0
1741040585 45698 0
1741040587 45827 0
1741040589 46071 0
1741040591 46052 0
1741040593 46229 0
1741040595 46591 0
1741040597 47002 0
1741040599 47453 0
1741040601 47550 0
1741040603 47697 0
1741040605 47705 0
1741040608 47222 0
1741040610 46604 0
1741040612 46255 0
1741040614 46052 0
1741040616 45902 0
1741040618 45789 0
1741040620 45909 0
1741040622 45909 0
1741040624 45890 0
1741040626 45778 0
1741040628 45756 0
1741040630 45669 0
1741040632 45709 0
1741040634 45601 0
1741040636 45563 0
1741040638 45604 0
1741040640 45531 0
1741040642 45550 0
1741040644 45611 0
1741040646 45580 0
1741040648 45857 0
1741040650 46096 0
1741040652 46349 0
1741040655 46667 0
1741040657 47108 0
1741040659 47329 0
1741040661 47506 0
1741040663 47556 0
1741040665 47512 0
1741040667 47572 0
1741040669 47351 0
1741040671 47234 0
1741040673 47131 0
1741040675 47105 0
1741040677 46405 0
1741040679 46056 0
1741040681 46061 0
1741040683 45777 0
1741040685 45747 0
1741040687 45823 0
1741040689 45696 0
1741040691 45581 0
1741040693 45484 0
1741040695 45404 0
1741040697 45555 0
1741040699 45554 0
1741040702 45583 0
1741040704 45564 0
1741040706 45567 0
1741040708 45609 0
1741040710 45561 0
1741040712 45660 0
1741040714 45610 0
1741040716 45641 0
1741040718 45651 0
1741040720 45825 0
1741040722 46282 0
1741040724 46812 0
1741040726 47146 0
1741040728 47522 0
1741040730 47504 0
1741040732 47446 0
1741040734 47402 0
1741040736 47270 0
1741040738 47243 0
1741040740 47364 0
1741040742 47399 0
1741040744 47106 0
1741040746 46658 0
1741040749 46269 0
1741040751 46085 0
1741040753 45839 0
1741040755 45739 0
1741040757 45648 0
1741040759 45493 0
1741040761 45560 0
1741040763 45638 0
1741040765 45639 0
1741040767 45740 0
1741040769 45796 0
1741040771 45752 0
1741040773 45773 0
1741040775 45734 0
1741040777 45760 0
1741040779 45702 0
1741040781 45714 0
1741040783 45618 0
1741040785 45614 0
1741040787 45635 0
1741040789 45551 0
1741040791 45540 0
1741040794 45518 0
1741040796 45602 0
1741040798 45705 0
1741040800 45963 0
1741040802 46401 0
1741040804 46780 0
1741040806 47109 0
1741040808 47324 0
1741040810 47456 0
1741040812 47467 0
1741040814 46866 0
1741040816 46359 0
1741040818 45936 0
1741040820 45792 0
1741040822 45672 0
1741040824 45604 0
1741040826 45669 0
1741040828 45900 0
1741040830 45653 0
1741040832 45613 0
1741040834 45721 0
1741040836 45592 0
1741040838 45605 0
1741040841 45557 0
1741040843 45596 0
1741040845 45625 0
1741040847 45641 0
1741040849 45612 0
1741040851 45545 0
1741040853 45674 0
1741040855 45759 0
1741040857 45700 0
1741040859 45724 0
1741040861 45923 0
1741040863 45725 0
1741040865 45658 0
1741040867 45830 0
1741040869 46130 0
1741040871 46537 0
1741040873 46971 0
1741040875 47247 0
1741040877 47527 0
1741040879 47521 0
1741040881 47494 0
1741040883 46766 0
1741040885 46193 0
1741040888 46004 0
1741040890 45915 0
1741040892 45764 0
1741040894 45736 0
1741040896 45727 0
1741040898 45738 0
1741040900 45689 0
1741040902 45671 0
1741040904 45624 0
1741040906 45643 0
1741040908 45685 0
1741040910 45761 0
1741040912 45775 0
1741040914 45746 0
1741040916 45671 0
1741040918 45626 0
1741040920 45890 0
1741040922 45818 0
1741040924 45904 0
1741040926 45964 0
1741040928 46276 0
1741040930 46735 0
1741040933 47162 0
1741040935 47256 0
1741040937 47337 0
1741040939 47341 0
1741040941 47292 0
1741040943 47450 0
1741040945 47439 0
1741040947 47381 0
1741040949 47369 0
1741040951 46908 0
1741040953 46501 0
1741040955 46203 0
1741040957 46068 0
1741040959 45947 0
1741040961 45773 0
1741040963 45800 0
1741040965 45681 0
1741040967 45674 0
1741040969 45724 0
1741040971 45678 0
1741040974 45768 0
1741040976 45785 0
1741040978 45749 0
1741040980 45880 0
1741040982 45962 0
1741040984 45867 0
1741040986 45762 0
1741040988 45791 0
1741040990 45796 0
1741040992 45795 0
1741040994 45938 0
1741040996 45921 0
1741040998 46236 0
1741041000 46676 0
1741041002 47161 0
1741041004 47509 0
1741041006 47584 0
1741041008 47649 0
1741041010 47683 0
1741041012 47599 0
1741041014 47422 0
1741041016 47424 0
1741041018 47276 0
1741041021 46691 0
1741041023 46311 0
1741041025 46080 0
1741041027 46010 0
1741041029 45890 0
1741041031 45767 0
1741041033 45731 0
1741041035 45853 0
1741041037 45955 0
1741041039 45904 0
1741041041 46033 0
1741041043 45957 0
1741041045 45839 0
1741041047 45750 0
1741041049 45825 0
1741041051 45740 0
1741041053 45621 0
1741041055 45651 0
1741041057 45578 0
1741041059 45694 0
1741041061 45673 0
1741041063 45685 0
1741041065 45704 0
1741041068 45777 0
1741041070 45740 0
1741041072 45807 0
1741041074 45933 0
1741041076 46207 0
1741041078 46605 0
1741041080 47011 0
1741041082 47283 0
1741041084 47426 0
1741041086 47413 0
1741041088 47089 0
1741041090 46342 0
1741041092 45985 0
1741041094 45687 0
1741041096 45537 0
1741041098 45573 0
1741041100 45722 0
1741041102 45755 0
1741041104 45700 0
1741041106 45664 0
1741041108 45695 0
1741041110 45716 0
1741041113 45780 0
1741041115 45687 0
1741041117 45686 0
1741041119 45568 0
1741041121 45661 0
1741041123 45746 0
1741041125 45608 0
1741041127 45741 0
1741041129 45780 0
1741041131 45719 0
1741041133 45635 0
1741041135 45696 0
1741041137 45775 0
1741041139 45797 0
1741041141 45828 0
1741041143 46127 0
1741041145 46412 0
1741041147 46693 0
1741041149 46994 0
1741041151 47346 0
1741041153 47468 0
1741041155 47558 0
1741041157 46948 0
1741041160 46521 0
1741041162 46245 0
1741041164 45835 0
1741041166 45669 0
1741041168 45590 0
1741041170 45688 0
1741041172 45585 0
1741041174 45624 0
1741041176 45626 0
1741041178 45587 0
1741041180 45547 0
1741041182 45525 0
1741041184 45508 0
1741041186 45470 0
1741041188 45681 0
1741041190 45706 0
1741041192 45705 0
1741041194 45553 0
1741041196 45619 0
1741041198 45550 0
1741041200 45724 0
1741041202 46210 0
1741041205 46576 0
1741041207 47116 0
1741041209 47236 0
1741041211 47437 0
1741041213 47394 0
1741041215 47499 0
1741041217 47435 0
1741041219 47340 0
1741041221 47252 0
1741041223 47173 0
1741041225 47034 0
1741041227 46427 0
1741041229 46121 0
1741041231 45937 0
1741041233 45719 0
1741041235 45686 0
1741041237 45690 0
1741041239 45617 0
1741041241 45568 0
1741041243 45625 0
1741041245 45534 0
1741041247 45631 0
1741041250 45614 0
1741041252 45627 0
1741041254 45546 0
1741041256 45484 0
1741041258 45412 0
1741041260 45582 0
1741041262 45623 0
1741041264 45739 0
1741041266 45694 0
1741041268 45940 0
1741041270 46222 0
1741041272 46654 0
1741041274 47130 0
1741041276 47429 0
1741041278 47338 0
1741041280 47672 0
1741041282 47488 0
1741041284 47473 0
1741041286 47420 0
1741041288 47262 0
1741041290 47201 0
1741041292 47122 0
1741041294 46859 0
1741041297 46521 0
1741041299 46313 0
1741041301 46034 0
1741041303 45741 0
1741041305 45837 0
1741041307 45908 0
1741041309 45848 0
1741041311 45641 0
1741041313 45699 0
1741041315 45859 0
1741041317 45750 0
1741041319 45739 0
1741041321 45810 0
1741041323 45734 0
1741041325 45693 0
1741041327 45830 0
1741041329 45726 0
1741041331 45704 0
1741041333 45698 0
1741041335 45742 0
1741041337 45627 0
1741041339 45601 0
1741041342 45745 0
1741041344 45785 0
1741041346 45736 0
1741041348 45807 0
1741041350 46022 0
1741041352 46493 0
1741041354 47018 0
1741041356 47351 0
1741041358 47582 0
1741041360 47472 0
1741041362 47514 0
1741041364 46872 0
1741041366 46315 0
1741041368 46145 0
1741041370 45871 0
1741041372 45882 0
1741041374 45828 0
1741041376 45819 0
1741041378 45622 0
1741041380 45564 0
1741041382 45624 0
1741041384 45559 0
1741041386 45654 0
1741041389 45633 0
1741041391 45438 0
1741041393 45531 0
1741041395 45623 0
1741041397 45612 0
1741041399 45791 0
1741041401 45996 0
1741041403 45887 0
1741041405 45791 0
1741041407 45822 0
1741041409 45801 0
1741041411 45842 0
1741041413 45762 0
1741041415 45735 0
1741041417 45825 0
1741041419 45994 0
1741041421 46470 0
1741041423 46963 0
1741041425 47273 0
1741041427 47538 0
1741041429 47627 0
1741041431 47103 0
1741041433 46422 0
1741041436 46147 0
1741041438 45820 0
1741041440 45749 0
1741041442 45698 0
1741041444 45643 0
1741041446 45661 0
1741041448 45581 0
1741041450 45479 0
1741041452 45566 0
1741041454 45637 0
1741041456 45583 0
1741041458 45554 0
1741041460 45630 0
1741041462 45696 0
1741041464 45650 0
1741041466 45760 0
1741041468 45612 0
1741041470 45638 0
1741041472 45706 0
1741041474 45854 0
1741041476 46081 0
1741041478 46441 0
1741041481 46984 0
1741041483 47243 0
1741041485 47392 0
1741041487 47575 0
1741041489 47466 0
1741041491 47305 0
1741041493 47245 0
1741041495 47209 0
1741041497 47139 0
1741041499 47165 0
1741041501 46628 0
1741041503 46276 0
1741041505 45904 0
1741041507 45728 0
1741041509 45694 0
1741041511 45638 0
1741041513 45590 0
1741041515 45600 0
1741041517 45699 0
1741041519 45705 0
1741041521 45786 0
1741041523 45616 0
1741041525 45566 0
1741041528 45524 0
1741041530 45641 0
1741041532 45695 0
1741041534 45664 0
1741041536 45754 0
1741041538 45756 0
1741041540 45819 0
1741041542 45791 0
1741041544 45966 0
1741041546 46290 0
1741041548 46779 0
1741041550 47148 0
1741041552 47330 0
1741041554 47386 0
1741041556 47409 0
1741041558 47408 0
1741041560 47301 0
1741041562 47315 0
1741041564 47188 0
1741041566 47197 0
1741041568 47027 0
1741041570 46466 0
1741041573 46010 0
1741041575 45845 0
1741041577 45705 0
1741041579 45657 0
1741041581 45773 0
1741041583 45633 0
1741041585 45640 0
1741041587 45664 0
1741041589 45649 0
1741041591 45714 0
1741041593 45635 0
1741041595 45588 0
1741041597 45568 0
1741041599 45542 0
1741041601 45606 0
1741041603 45599 0
1741041605 45603 0
1741041607 45597 0
1741041609 45642 0
1741041611 45614 0
1741041613 45586 0
1741041615 45600 0
1741041617 45599 0
1741041620 45569 0
1741041622 45642 0
1741041624 45901 0
1741041626 46062 0
1741041628 46435 0
1741041630 46995 0
1741041632 47319 0
1741041634 47533 0
1741041636 47304 0
1741041638 46935 0
1741041640 46555 0
1741041642 46280 0
1741041644 46057 0
1741041646 45872 0
1741041648 45592 0
1741041650 45631 0
1741041652 45639 0
1741041654 45605 0
1741041656 45620 0
1741041658 45668 0
1741041660 45493 0
1741041662 45478 0
1741041665 45562 0
1741041667 45681 0
1741041669 45724 0
1741041671 45683 0
1741041673 45610 0
1741041675 45613 0
1741041677 45591 0
1741041679 45510 0
1741041681 45494 0
1741041683 45507 0
1741041685 45554 0
1741041687 45692 0
1741041689 45753 0
1741041691 45793 0
1741041693 45892 0
1741041695 46289 0
1741041697 46640 0
1741041699 47219 0
1741041701 47573 0
1741041703 47705 0
1741041705 47679 0
1741041707 46751 0
1741041709 46335 0
1741041712 46058 0
1741041714 45912 0
1741041716 45866 0
1741041718 45807 0
1741041720 45757 0
1741041722 45610 0
1741041724 45693 0
1741041726 45664 0
1741041728 45804 0
1741041730 45657 0
1741041732 45585 0
1741041734 45562 0
1741041736 45581 0
1741041738 45475 0
1741041740 45610 0
1741041742 45659 0
1741041744 45671 0
1741041746 45715 0
1741041748 45746 0
1741041750 45775 0
1741041752 46004 0
1741041754 46508 0
1741041756 47065 0
1741041759 47454 0
1741041761 47532 0
1741041763 47530 0
1741041765 47516 0
1741041767 47369 0
1741041769 47353 0
1741041771 47346 0
1741041773 47204 0
1741041775 46906 0
1741041777 46258 0
1741041779 45981 0
1741041781 45761 0
1741041783 45664 0
1741041785 45706 0
1741041787 45701 0
1741041789 45798 0
1741041791 45728 0
1741041793 45608 0
1741041795 45630 0
1741041797 45620 0
1741041799 45587 0
1741041801 45625 0
1741041804 45659 0
1741041806 45641 0
1741041808 45695 0
1741041810 45641 0
1741041812 45627 0
1741041814 45611 0
1741041816 45539 0
1741041818 45743 0
1741041820 46107 0
1741041822 46477 0
1741041824 47006 0
1741041826 47293 0
1741041828 47440 0
1741041830 47522 0
1741041832 47503 0
1741041834 47587 0
1741041836 47455 0
1741041838 47379 0
1741041840 47274 0
1741041842 47169 0
1741041844 46654 0
1741041846 46305 0
1741041848 46170 0
1741041851 45940 0
1741041853 45747 0
1741041855 45798 0
1741041857 45688 0
1741041859 45678 0
1741041861 45749 0
1741041863 45712 0
1741041865 45634 0
1741041867 45818 0
1741041869 45723 0
1741041871 45668 0
1741041873 45626 0
1741041875 45633 0
1741041877 45546 0
1741041879 45467 0
1741041881 45812 0
1741041883 45762 0
1741041885 45719 0
1741041887 45830 0
1741041889 45707 0
1741041891 45585 0
1741041893 45727 0
1741041896 45620 0
1741041898 45782 0
1741041900 46006 0
1741041902 46267 0
1741041904 46684 0
1741041906 47050 0
1741041908 47494 0
1741041910 47630 0
1741041912 47602 0
1741041914 46899 0
1741041916 46393 0
1741041918 46033 0
1741041920 46037 0
1741041922 45966 0
1741041924 45863 0
1741041926 45888 0
1741041928 45797 0
1741041930 45704 0
1741041932 45818 0
1741041934 45736 0
1741041936 45730 0
1741041938 45711 0
1741041941 45869 0
1741041943 45853 0
1741041945 45717 0
1741041947 45657 0
1741041949 45663 0
1741041951 45694 0
1741041953 45694 0
1741041955 45665 0
1741041957 45601 0
1741041959 45649 0
1741041961 45751 0
1741041963 45909 0
1741041965 45957 0
1741041967 46174 0
1741041969 46562 0
1741041971 47018 0
1741041973 47311 0
1741041975 47579 0
1741041977 47634 0
1741041979 47704 0
1741041981 47289 0
1741041983 46830 0
1741041985 46366 0
1741041988 46124 0
1741041990 45935 0
1741041992 45899 0
1741041994 45835 0
1741041996 45812 0
1741041998 45655 0
1741042000 45741 0
1741042002 45791 0
1741042004 45629 0
1741042006 45661 0
1741042008 45598 0
1741042010 45644 0
1741042012 45676 0
1741042014 45609 0
1741042016 45699 0
1741042018 45656 0
1741042020 45676 0
1741042022 45787 0
1741042024 45953 0
1741042026 46292 0
1741042028 46766 0
1741042030 47147 0
1741042032 47352 0
1741042035 47484 0
1741042037 47602 0
1741042039 47475 0
1741042041 47475 0
1741042043 47433 0
1741042045 47382 0
1741042047 47351 0
1741042049 47272 0
1741042051 46656 0
1741042053 46220 0
1741042055 45988 0
1741042057 45835 0
1741042059 45710 0
1741042061 45776 0
1741042063 45750 0
1741042065 45740 0
1741042067 45718 0
1741042069 45676 0
1741042071 45720 0
1741042073 45652 0
1741042075 45632 0
1741042077 45742 0
1741042080 45610 0
1741042082 45611 0
1741042084 45699 0
1741042086 45630 0
1741042088 45757 0
1741042090 45906 0
1741042092 45979 0
1741042094 46259 0
1741042096 46729 0
1741042098 46959 0
1741042100 47383 0
1741042102 47642 0
1741042104 47715 0
1741042106 47676 0
1741042108 47709 0
1741042110 47508 0
1741042112 47469 0
1741042114 47562 0
1741042116 47458 0
1741042118 46995 0
1741042120 46744 0
1741042122 46350 0
1741042124 46145 0
1741042127 46025 0
1741042129 45836 0
1741042131 45767 0
1741042133 45826 0
1741042135 45748 0
1741042137 45761 0
1741042139 45868 0
1741042141 45676 0
1741042143 45642 0
1741042145 45686 0
1741042147 45723 0
1741042149 45770 0
1741042151 45916 0
1741042153 45769 0
1741042155 45769 0
1741042157 45718 0
1741042159 45631 0
1741042161 45502 0
1741042163 45685 0
1741042165 45687 0
1741042167 45759 0
1741042169 45794 0
1741042171 45879 0
1741042174 46015 0
1741042176 46245 0
1741042178 46594 0
1741042180 46998 0
1741042182 47504 0
1741042184 47531 0
1741042186 47567 0
1741042188 46924 0
1741042190 46410 0
1741042192 46002 0
1741042194 45847 0
1741042196 45814 0
1741042198 45676 0
1741042200 45649 0
1741042202 45605 0
1741042204 45587 0
1741042206 45657 0
1741042208 45768 0
1741042210 45612 0
1741042212 45646 0
1741042214 45554 0
1741042216 45449 0
1741042219 45479 0
1741042221 45501 0
1741042223 45545 0
1741042225 45543 0
1741042227 45629 0
1741042229 45614 0
1741042231 45561 0
1741042233 45539 0
1741042235 45628 0
1741042237 45564 0
1741042239 45651 0
1741042241 45919 0
1741042243 46155 0
1741042245 46485 0
1741042247 46958 0
1741042249 47350 0
1741042251 47373 0
1741042253 47483 0
1741042255 47275 0
1741042257 46658 0
1741042259 46314 0
1741042261 46026 0
1741042263 45876 0
1741042266 45807 0
1741042268 45823 0
1741042270 45898 0
1741042272 45698 0
1741042274 45675 0
1741042276 45603 0
1741042278 45475 0
1741042280 45604 0
1741042282 45568 0
1741042284 45593 0
1741042286 45548 0
1741042288 45665 0
1741042290 45582 0
1741042292 45751 0
1741042294 45821 0
1741042296 45862 0
1741042298 45966 0
1741042300 46435 0
1741042302 46768 0
1741042304 47165 0
1741042306 47326 0
1741042308 47527 0
1741042310 47702 0
1741042313 47533 0
1741042315 47483 0
1741042317 47492 0
1741042319 47452 0
1741042321 47498 0
1741042323 47446 0
1741042325 47110 0
1741042327 46725 0
1741042329 46355 0
1741042331 46008 0
1741042333 45744 0
1741042335 45726 0
1741042337 45710 0
1741042339 45841 0
1741042341 45734 0
1741042343 45843 0
1741042345 45816 0
1741042347 45722 0
1741042349 45773 0
1741042351 45754 0
1741042353 45773 0
1741042355 45876 0
1741042357 45953 0
1741042360 45820 0
1741042362 45898 0
1741042364 45903 0
1741042366 45972 0
1741042368 46015 0
1741042370 46343 0
1741042372 46817 0
1741042374 47260 0
1741042376 47523 0
1741042378 47637 0
1741042380 47626 0
1741042382 47426 0
1741042384 47374 0
1741042386 47410 0
1741042388 47587 0
1741042390 47511 0
1741042392 47369 0
1741042394 46858 0
1741042396 46443 0
1741042399 46295 0
1741042401 46190 0
1741042403 46143 0
1741042405 45932 0
1741042407 45951 0
1741042409 45974 0
1741042411 45889 0
1741042413 45823 0
1741042415 45842 0
1741042417 45664 0
1741042419 45646 0
1741042421 45795 0
1741042423 45741 0
1741042425 45841 0
1741042427 45899 0
1741042429 45907 0
1741042431 45858 0
1741042433 45817 0
1741042435 45738 0
1741042437 45805 0
1741042439 45697 0
1741042441 45672 0
1741042443 45665 0
1741042446 45788 0
1741042448 45940 0
1741042450 46105 0
1741042452 46514 0
1741042454 47019 0
1741042456 47288 0
1741042458 47462 0
1741042460 47529 0
1741042462 47235 0
1741042464 46753 0
1741042466 46345 0
1741042468 46043 0
1741042470 45872 0
1741042472 45832 0
1741042474 45775 0
1741042476 45818 0
1741042478 45766 0
1741042480 45934 0
1741042482 45961 0
1741042484 45785 0
1741042487 45691 0
1741042489 45638 0
1741042491 45583 0
1741042493 45700 0
1741042495 45876 0
1741042497 45821 0
1741042499 45692 0
1741042501 45863 0
1741042503 45885 0
1741042505 45831 0
1741042507 45971 0
1741042509 46095 0
1741042511 46229 0
1741042513 46128 0
1741042515 46368 0
1741042517 46689 0
1741042519 47086 0
1741042521 47540 0
1741042523 47788 0
1741042525 47733 0
1741042527 47715 0
1741042529 47740 0
1741042532 47114 0
1741042534 46572 0
1741042536 46310 0
1741042538 46069 0
1741042540 45969 0
1741042542 46006 0
1741042544 45966 0
1741042546 45876 0
1741042548 45798 0
1741042550 45867 0
1741042552 45905 0
1741042554 45956 0
1741042556 45795 0
1741042558 45738 0
1741042560 45790 0
1741042562 45706 0
1741042564 45760 0
1741042566 45779 0
1741042568 45854 0
1741042570 46057 0
1741042572 46158 0
1741042574 46245 0
1741042576 46613 0
1741042579 47155 0
1741042581 47555 0
1741042583 47601 0
1741042585 47632 0
1741042587 47775 0
1741042589 47739 0
1741042591 47670 0
1741042593 47612 0
1741042595 47564 0
1741042597 47421 0
1741042599 47283 0
1741042601 46913 0
1741042603 46522 0
1741042605 46172 0
1741042607 46037 0
1741042609 46002 0
1741042611 45957 0
1741042613 46030 0
1741042615 45952 0
1741042617 45996 0
1741042619 45847 0
1741042621 45824 0
1741042624 45876 0
1741042626 45883 0
1741042628 45949 0
1741042630 45917 0
1741042632 45838 0
1741042634 45771 0
1741042636 45726 0
1741042638 45677 0
1741042640 45850 0
1741042642 45970 0
1741042644 46304 0
1741042646 46840 0
1741042648 47332 0
1741042650 47692 0
1741042652 47708 0
1741042654 47685 0
1741042656 47565 0
1741042658 47398 0
1741042660 47521 0
1741042662 47349 0
1741042664 47336 0
1741042666 47319 0
1741042669 46889 0
1741042671 46516 0
1741042673 46165 0
1741042675 46099 0
1741042677 45874 0
1741042679 45707 0
1741042681 45581 0
1741042683 45671 0
1741042685 45548 0
1741042687 45577 0
1741042689 45531 0
1741042691 45649 0
1741042693 45570 0
1741042695 45629 0
1741042697 45560 0
1741042699 45547 0
1741042701 45622 0
1741042703 45673 0
1741042705 45596 0
1741042707 45640 0
1741042709 45538 0
1741042711 45554 0
1741042713 45572 0
1741042716 45624 0
1741042718 45697 0
1741042720 45758 0
1741042722 45851 0
1741042724 45995 0
1741042726 46302 0
1741042728 46751 0
1741042730 47189 0
1741042732 47409 0
1741042734 47535 0
1741042736 47544 0
1741042738 46730 0
1741042740 46314 0
1741042742 46025 0
1741042744 45965 0
1741042746 45827 0
1741042748 45878 0
1741042750 45830 0
1741042752 45755 0
1741042754 45611 0
1741042756 45637 0
1741042758 45671 0
1741042760 45666 0
1741042763 45728 0
1741042765 45763 0
1741042767 45747 0
1741042769 45731 0
1741042771 45709 0
1741042773 45633 0
1741042775 45680 0
1741042777 45723 0
1741042779 45712 0
1741042781 45945 0
1741042783 45875 0
1741042785 45848 0
1741042787 45810 0
1741042789 45880 0
1741042791 45981 0
1741042793 46171 0
1741042795 46568 0
1741042797 46981 0
1741042799 47406 0
1741042801 47541 0
1741042803 47475 0
1741042805 47157 0
1741042808 46675 0
1741042810 46433 0
1741042812 46130 0
1741042814 45920 0
1741042816 45798 0
1741042818 45767 0
1741042820 45725 0
1741042822 45696 0
1741042824 45540 0
1741042826 45627 0
1741042828 45642 0
1741042830 45595 0
1741042832 45539 0
1741042834 45501 0
1741042836 45433 0
1741042838 45388 0
1741042840 45665 0
1741042842 45733 0
1741042844 45779 0
1741042846 45800 0
1741042848 46025 0
1741042850 46271 0
1741042852 46625 0
1741042855 47129 0
1741042857 47596 0
1741042859 47598 0
1741042861 47446 0
1741042863 47435 0
1741042865 47374 0
1741042867 47448 0
1741042869 47492 0
1741042871 47398 0
1741042873 47175 0
1741042875 46747 0
1741042877 46275 0
1741042879 45941 0
1741042881 45701 0
1741042883 45654 0
1741042885 45657 0
1741042887 45685 0
1741042889 45680 0
1741042891 45508 0
1741042893 45569 0
1741042895 45687 0
1741042897 45655 0
1741042899 45753 0
1741042902 45909 0
1741042904 45742 0
1741042906 45542 0
1741042908 45452 0
1741042910 45653 0
1741042912 45654 0
1741042914 45881 0
1741042916 46012 0
1741042918 46222 0
1741042920 46586 0
1741042922 47072 0
1741042924 47276 0
1741042926 47517 0
1741042928 47590 0
1741042930 47458 0
1741042932 47354 0
1741042934 47193 0
1741042936 47177 0
1741042938 47082 0
1741042940 47106 0
1741042942 47311 0
1741042944 46624 0
1741042947 46282 0
1741042949 45968 0
1741042951 45818 0
1741042953 45806 0
1741042955 45734 0
1741042957 45781 0
1741042959 45687 0
1741042961 45881 0
1741042963 45757 0
1741042965 45721 0
1741042967 45576 0
1741042969 45588 0
1741042971 45673 0
1741042973 45732 0
1741042975 45661 0
1741042977 45651 0
1741042979 45597 0
1741042981 45673 0
1741042983 45540 0
1741042985 45590 0
1741042987 45690 0
1741042989 45823 0
1741042991 45827 0
1741042994 45913 0
1741042996 46083 0
1741042998 46380 0
1741043000 46763 0
1741043002 47220 0
1741043004 47476 0
1741043006 47544 0
1741043008 47513 0
1741043010 47414 0
1741043012 46952 0
1741043014 46466 0
1741043016 46107 0
1741043018 45774 0
1741043020 45957 0
1741043022 45746 0
1741043024 45685 0
1741043026 45762 0
1741043028 45805 0
1741043030 45770 0
1741043032 45774 0
1741043034 45734 0
1741043036 45758 0
1741043038 45661 0
1741043041 45688 0
1741043043 45681 0
1741043045 45674 0
1741043047 45639 0
1741043049 45855 0
1741043051 45656 0
1741043053 45585 0
1741043055 45722 0
1741043057 45703 0
1741043059 45626 0
1741043061 45695 0
1741043063 45736 0
1741043065 45863 0
1741043067 46146 0
1741043069 46552 0
1741043071 46909 0
1741043073 47335 0
1741043075 47385 0
1741043077 47367 0
1741043079 47375 0
1741043081 46868 0
1741043083 46208 0
1741043086 45886 0
1741043088 45698 0
1741043090 45577 0
1741043092 45558 0
1741043094 45531 0
1741043096 45504 0
1741043098 45492 0
1741043100 45576 0
1741043102 45543 0
1741043104 45543 0
1741043106 45568 0
1741043108 45636 0
1741043110 45584 0
1741043112 45586 0
1741043114 45638 0
1741043116 45706 0
1741043118 45627 0
1741043120 45659 0
1741043122 45944 0
1741043124 46173 0
1741043126 46726 0
1741043128 47140 0
1741043130 47303 0
1741043133 47444 0
1741043135 47373 0
1741043137 47402 0
1741043139 47275 0
1741043141 47396 0
1741043143 47230 0
1741043145 47208 0
1741043147 47232 0
1741043149 47042 0
1741043151 46463 0
1741043153 46113 0
1741043155 45923 0
1741043157 45818 0
1741043159 45653 0
1741043161 45588 0
1741043163 45606 0
1741043165 45681 0
1741043167 45797 0
1741043169 45797 0
1741043171 45724 0
1741043173 45708 0
1741043175 45695 0
1741043177 45701 0
1741043180 45639 0
1741043182 45688 0
1741043184 45638 0
1741043186 45613 0
1741043188 45668 0
1741043190 45755 0
1741043192 45889 0
1741043194 46239 0
1741043196 46612 0
1741043198 47002 0
1741043200 47455 0
1741043202 47601 0
1741043204 47485 0
1741043206 47427 0
1741043208 47337 0
1741043210 47229 0
1741043212 47227 0
1741043214 47170 0
1741043216 47242 0
1741043218 46770 0
1741043220 46282 0
1741043222 46071 0
1741043224 45850 0
1741043227 45889 0
1741043229 45833 0
1741043231 45875 0
1741043233 45770 0
1741043235 45656 0
1741043237 45618 0
1741043239 45639 0
1741043241 45603 0
1741043243 45658 0
1741043245 45632 0
1741043247 45650 0
1741043249 45590 0
1741043251 45586 0
1741043253 45609 0
1741043255 45469 0
1741043257 45501 0
1741043259 45532 0
1741043261 45752 0
1741043263 45699 0
1741043265 45651 0
1741043267 45741 0
1741043269 45812 0
1741043271 45852 0
1741043274 46141 0
1741043276 46601 0
1741043278 47011 0
1741043280 47283 0
1741043282 47454 0
1741043284 47403 0
1741043286 47465 0
1741043288 46747 0
1741043290 46392 0
1741043292 46012 0
1741043294 45808 0
1741043296 45706 0
1741043298 45694 0
1741043300 45688 0
1741043302 45696 0
1741043304 45594 0
1741043306 45503 0
1741043308 45661 0
1741043310 45658 0
1741043312 45655 0
1741043314 45563 0
1741043316 45363 0
1741043318 45422 0
1741043321 45634 0
1741043323 45688 0
1741043325 45710 0
1741043327 45694 0
1741043329 45741 0
1741043331 45692 0
1741043333 45625 0
1741043335 45622 0
1741043337 45639 0
1741043339 45726 0
1741043341 45956 0
1741043343 46306 0
1741043345 46715 0
1741043347 47190 0
1741043349 47535 0
1741043351 47518 0
1741043353 47526 0
1741043355 47003 0
1741043357 46449 0
1741043359 46140 0
1741043361 45816 0
1741043363 45766 0
1741043366 45707 0
1741043368 45736 0
1741043370 45682 0
1741043372 45664 0
1741043374 45649 0
1741043376 45663 0
1741043378 45645 0
1741043380 45667 0
1741043382 45810 0
1741043384 45762 0
1741043386 45618 0
1741043388 45615 0
1741043390 45709 0
1741043392 45693 0
1741043394 45642 0
1741043396 45800 0
1741043398 45967 0
1741043400 46236 0
1741043402 46662 0
1741043404 47022 0
1741043406 47181 0
1741043408 47611 0
1741043410 47500 0
1741043413 47445 0
1741043415 47471 0
1741043417 47300 0
1741043419 47201 0
1741043421 47055 0
1741043423 47022 0
1741043425 46564 0
1741043427 46253 0
1741043429 46013 0
1741043431 45762 0
1741043433 45716 0
1741043435 45668 0
1741043437 45602 0
1741043439 45649 0
1741043441 45878 0
1741043443 45836 0
1741043445 45733 0
1741043447 45678 0
1741043449 45639 0
1741043451 45622 0
1741043453 45761 0
1741043455 45680 0
1741043457 45696 0
1741043460 45684 0
1741043462 45615 0
1741043464 45593 0
1741043466 45610 0
1741043468 45873 0
1741043470 46280 0
1741043472 46771 0
1741043474 47069 0
1741043476 47246 0
1741043478 47431 0
1741043480 47484 0
1741043482 47342 0
1741043484 47390 0
1741043486 47241 0
1741043488 47340 0
1741043490 47230 0
1741043492 47059 0
1741043494 46620 0
1741043496 46123 0
1741043498 45881 0
1741043500 45814 0
1741043502 45746 0
1741043504 45813 0
1741043507 45659 0
1741043509 45525 0
1741043511 45500 0
1741043513 45495 0
1741043515 45556 0
1741043517 45512 0
1741043519 45458 0
1741043521 45508 0
1741043523 45547 0
1741043525 45589 0
1741043527 45657 0
1741043529 45636 0
1741043531 45639 0
1741043533 45508 0
1741043535 45692 0
1741043537 45645 0
1741043539 45533 0
1741043541 45653 0
1741043543 45780 0
1741043545 45795 0
1741043547 46142 0
1741043549 46454 0
1741043552 46829 0
1741043554 47194 0
1741043556 47425 0
1741043558 47431 0
1741043560 47416 0
1741043562 46852 0
1741043564 46421 0
1741043566 46154 0
1741043568 45981 0
1741043570 45806 0
1741043572 45781 0
1741043574 45719 0
1741043576 45582 0
1741043578 45574 0
1741043580 45596 0
1741043582 45634 0
1741043584 45593 0
1741043586 45657 0
1741043588 45755 0
1741043590 45748 0
1741043592 45652 0
1741043594 45748 0
1741043596 45695 0
1741043599 45687 0
1741043601 45615 0
1741043603 45617 0
1741043605 45702 0
1741043607 45816 0
1741043609 45763 0
1741043611 45758 0
1741043613 45774 0
1741043615 45999 0
1741043617 46413 0
1741043619 46847 0
1741043621 47359 0
1741043623 47642 0
1741043625 47490 0
1741043627 47538 0
1741043629 47575 0
1741043631 46878 0
1741043633 46538 0
1741043635 46111 0
1741043637 45930 0
1741043639 45910 0
1741043641 45735 0
1741043643 45646 0
1741043646 45646 0
1741043648 45776 0
1741043650 45792 0
1741043652 45647 0
1741043654 45640 0
1741043656 45665 0
1741043658 45689 0
1741043660 45604 0
1741043662 45678 0
1741043664 45720 0
1741043666 45712 0
1741043668 45722 0
1741043670 45728 0
1741043672 45781 0
1741043674 46112 0
1741043676 46577 0
1741043678 47049 0
1741043680 47540 0
1741043682 47577 0
1741043684 47386 0
1741043686 47306 0
1741043688 47293 0
1741043690 47354 0
1741043693 47295 0
1741043695 47183 0
1741043697 47217 0
1741043699 46892 0
1741043701 46262 0
1741043703 45963 0
1741043705 45825 0
1741043707 45787 0
1741043709 45852 0
1741043711 45750 0
1741043713 45678 0
1741043715 45684 0
1741043717 45561 0
1741043719 45615 0
1741043721 45626 0
1741043723 45590 0
1741043725 45552 0
1741043727 45693 0
1741043729 45719 0
1741043731 45546 0
1741043733 45604 0
1741043735 45573 0
1741043738 45635 0
1741043740 45685 0
1741043742 45990 0
1741043744 46355 0
1741043746 46892 0
1741043748 47251 0
1741043750 47286 0
1741043752 47330 0
1741043754 47230 0
1741043756 47142 0
1741043758 47212 0
1741043760 47229 0
1741043762 47057 0
1741043764 47080 0
1741043766 47093 0
1741043768 46880 0
1741043770 46450 0
1741043772 46089 0
1741043774 45921 0
1741043776 45791 0
1741043778 45740 0
1741043780 45826 0
1741043782 45769 0
1741043785 45619 0
1741043787 45627 0
1741043789 45523 0
1741043791 45543 0
1741043793 45560 0
1741043795 45539 0
1741043797 45596 0
1741043799 45634 0
1741043801 45849 0
1741043803 45756 0
1741043805 45724 0
1741043807 45710 0
1741043809 45697 0
1741043811 45742 0
1741043813 45812 0
1741043815 45715 0
1741043817 45659 0
1741043819 45852 0
1741043821 45874 0
1741043823 46121 0
1741043825 46645 0
1741043827 47161 0
1741043829 47432 0
1741043832 47479 0
1741043834 47565 0
1741043836 47474 0
1741043838 46707 0
1741043840 46364 0
1741043842 46187 0
1741043844 46031 0
1741043846 45954 0
1741043848 45802 0
1741043850 45749 0
1741043852 45650 0
1741043854 45635 0
1741043856 45578 0
1741043858 45567 0
1741043860 45749 0
1741043862 45788 0
1741043864 45742 0
1741043866 45682 0
1741043868 45671 0
1741043870 45568 0
1741043872 45484 0
1741043874 45546 0
1741043877 45528 0
1741043879 45462 0
1741043881 45555 0
1741043883 45630 0
1741043885 45802 0
1741043887 46031 0
1741043889 46194 0
1741043891 46312 0
1741043893 46778 0
1741043895 47222 0
1741043897 47415 0
1741043899 47489 0
1741043901 47384 0
1741043903 47456 0
1741043905 46972 0
1741043907 46466 0
1741043909 46030 0
1741043911 45783 0
1741043913 45652 0
1741043915 45614 0
1741043917 45562 0
1741043919 45688 0
1741043922 45669 0
1741043924 45593 0
1741043926 45485 0
1741043928 45522 0
1741043930 45554 0
1741043932 45612 0
1741043934 45684 0
1741043936 45497 0
1741043938 45458 0
1741043940 45367 0
1741043942 45438 0
1741043944 45658 0
1741043946 45688 0
1741043948 46091 0
1741043950 46368 0
1741043952 46800 0
1741043954 47233 0
1741043956 47548 0
1741043958 47411 0
1741043960 47355 0
1741043962 47457 0
1741043964 47440 0
1741043967 47382 0
1741043969 47347 0
1741043971 47300 0
1741043973 47263 0
1741043975 46419 0
1741043977 46126 0
1741043979 45969 0
1741043981 45955 0
1741043983 45865 0
1741043985 45679 0
1741043987 45545 0
1741043989 45350 0
1741043991 45402 0
1741043993 45449 0
1741043995 45447 0
1741043997 45614 0
1741043999 45540 0
1741044001 45541 0
1741044003 45571 0
1741044005 45575 0
1741044007 45718 0
1741044009 45685 0
1741044011 45751 0
1741044014 45822 0
1741044016 45935 0
1741044018 46074 0
1741044020 46460 0
1741044022 46938 0
1741044024 47423 0
1741044026 47518 0
1741044028 47609 0
1741044030 47515 0
1741044032 47599 0
1741044034 47694 0
1741044036 47511 0
1741044038 47347 0
1741044040 47470 0
1741044042 47095 0
1741044044 46645 0
1741044046 46210 0
1741044048 46022 0
1741044050 46021 0
1741044052 45899 0
1741044054 45776 0
1741044056 45778 0
1741044058 45787 0
1741044061 45817 0
1741044063 45706 0
1741044065 45657 0
1741044067 45695 0
1741044069 45740 0
1741044071 45660 0
1741044073 45708 0
1741044075 45630 0
1741044077 45546 0
1741044079 45611 0
1741044081 45610 0
1741044083 45655 0
1741044085 45745 0
1741044087 45783 0
1741044089 45786 0
1741044091 45705 0
1741044093 45830 0
1741044095 45976 0
1741044097 46066 0
1741044099 46326 0
1741044101 46973 0
1741044103 47276 0
1741044105 47435 0
1741044108 47416 0
1741044110 47361 0
1741044112 46716 0
1741044114 46359 0
1741044116 46083 0
1741044118 45835 0
1741044120 45836 0
1741044122 45910 0
1741044124 45861 0
1741044126 45814 0
1741044128 45933 0
1741044130 46021 0
1741044132 45968 0
1741044134 45875 0
1741044136 45860 0
1741044138 45736 0
1741044140 45586 0
1741044142 45657 0
1741044144 45679 0
1741044146 45676 0
1741044148 45654 0
1741044150 45679 0
1741044153 45599 0
1741044155 45606 0
1741044157 45539 0
1741044159 45606 0
1741044161 45888 0
1741044163 45957 0
1741044165 46067 0
1741044167 46373 0
1741044169 46726 0
1741044171 47215 0
1741044173 47393 0
1741044175 47501 0
1741044177 47484 0
1741044179 47269 0
1741044181 46759 0
1741044183 46233 0
1741044185 45934 0
1741044187 45977 0
1741044189 45921 0
1741044191 45829 0
1741044193 45771 0
1741044195 45706 0
1741044197 45678 0
1741044200 45672 0
1741044202 45606 0
1741044204 45569 0
1741044206 45572 0
1741044208 45685 0
1741044210 45709 0
1741044212 45602 0
1741044214 45642 0
1741044216 45684 0
1741044218 45649 0
1741044220 45772 0
1741044222 45957 0
1741044224 46198 0
1741044226 46542 0
1741044228 46905 0
1741044230 47200 0
1741044232 47226 0
1741044234 47334 0
1741044236 47261 0
1741044238 47222 0
1741044240 47423 0
1741044242 47259 0
1741044244 47179 0
1741044247 47288 0
1741044249 46911 0
1741044251 46313 0
1741044253 45915 0
1741044255 45780 0
1741044257 45631 0
1741044259 45585 0
1741044261 45699 0
1741044263 45596 0
1741044265 45625 0
1741044267 45668 0
1741044269 45571 0
1741044271 45588 0
1741044273 45555 0
1741044275 45467 0
1741044277 45480 0
1741044279 45577 0
1741044281 45648 0
1741044283 45524 0
1741044285 45420 0
1741044287 45496 0
1741044289 45720 0
1741044292 45926 0
1741044294 46085 0
1741044296 46466 0
1741044298 46902 0
1741044300 47121 0
1741044302 47097 0
1741044304 47232 0
1741044306 47195 0
1741044308 47310 0
1741044310 47274 0
1741044312 47072 0
1741044314 47084 0
1741044316 47073 0
1741044318 46341 0
1741044320 46038 0
1741044322 45886 0
1741044324 45870 0
1741044326 45706 0
1741044328 45590 0
1741044330 45501 0
1741044332 45431 0
1741044334 45429 0
1741044336 45353 0
1741044339 45366 0
1741044341 45610 0
1741044343 45469 0
1741044345 45299 0
1741044347 45465 0
1741044349 45490 0
1741044351 45658 0
1741044353 45742 0
1741044355 45691 0
1741044357 45618 0
1741044359 45569 0
1741044361 45540 0
1741044363 45474 0
1741044365 45531 0
1741044367 45728 0
1741044369 45915 0
1741044371 46023 0
1741044373 46304 0
1741044375 46685 0
1741044377 47056 0
1741044379 47370 0
1741044381 47441 0
1741044383 47404 0
1741044386 46964 0
1741044388 46413 0
1741044390 46017 0
1741044392 45858 0
1741044394 45648 0
1741044396 45540 0
1741044398 45549 0
1741044400 45596 0
1741044402 45643 0
1741044404 45596 0
1741044406 45565 0
1741044408 45542 0
1741044410 45428 0
1741044412 45461 0
1741044414 45404 0
1741044416 45555 0
1741044418 45583 0
1741044420 45514 0
1741044422 45549 0
1741044424 45587 0
1741044426 45537 0
1741044428 45683 0
1741044430 45710 0
1741044433 45574 0
1741044435 45691 0
1741044437 45752 0
1741044439 45833 0
1741044441 45923 0
1741044443 46216 0
1741044445 46598 0
1741044447 46998 0
1741044449 47446 0
1741044451 47440 0
1741044453 47447 0
1741044455 46953 0
1741044457 46565 0
1741044459 46216 0
1741044461 46146 0
1741044463 45874 0
1741044465 45715 0
1741044467 45572 0
1741044469 45503 0
1741044471 45540 0
1741044473 45637 0
1741044475 45633 0
1741044478 45499 0
1741044480 45414 0
1741044482 45447 0
1741044484 45480 0
1741044486 45538 0
1741044488 45556 0
1741044490 45681 0
1741044492 45596 0
1741044494 45449 0
1741044496 45571 0
1741044498 45746 0
1741044500 46079 0
1741044502 46485 0
1741044504 46960 0
1741044506 47202 0
1741044508 47380 0
1741044510 47401 0
1741044512 47468 0
1741044514 47309 0
1741044516 47198 0
1741044518 47166 0
1741044520 47420 0
1741044522 47173 0
1741044525 46453 0
1741044527 46193 0
1741044529 45858 0
1741044531 45725 0
1741044533 45620 0
1741044535 45497 0
1741044537 45583 0
1741044539 45600 0
1741044541 45418 0
1741044543 45367 0
1741044545 45433 0
1741044547 45544 0
1741044549 45596 0
1741044551 45574 0
1741044553 45538 0
1741044555 45584 0
1741044557 45534 0
1741044559 45541 0
1741044561 45551 0
1741044563 45745 0
1741044565 45910 0
1741044567 46107 0
1741044569 46464 0
1741044572 46902 0
1741044574 47249 0
1741044576 47476 0
1741044578 47440 0
1741044580 47386 0
1741044582 47385 0
1741044584 47256 0
1741044586 47045 0
1741044588 47063 0
1741044590 47161 0
1741044592 46738 0
1741044594 46231 0
1741044596 46054 0
1741044598 45733 0
1741044600 45655 0
1741044602 45608 0
1741044604 45613 0
1741044606 45737 0
1741044608 45857 0
1741044610 45761 0
1741044612 45608 0
1741044614 45587 0
1741044617 45682 0
1741044619 45697 0
1741044621 45638 0
1741044623 45760 0
1741044625 45740 0
1741044627 45838 0
1741044629 45705 0
1741044631 45616 0
1741044633 45503 0
1741044635 45733 0
1741044637 45799 0
1741044639 45759 0
1741044641 45940 0
1741044643 46068 0
1741044645 46049 0
1741044647 46367 0
1741044649 46667 0
1741044651 47132 0
1741044653 47365 0
1741044655 47463 0
1741044657 47365 0
1741044659 47416 0
1741044661 46775 0
1741044664 46397 0
1741044666 46131 0
1741044668 46019 0
1741044670 45966 0
1741044672 45797 0
1741044674 45675 0
1741044676 45552 0
1741044678 45561 0
1741044680 45635 0
1741044682 45748 0
1741044684 45697 0
1741044686 45532 0
1741044688 45458 0
1741044690 45557 0
1741044692 45551 0
1741044694 45603 0
1741044696 45460 0
1741044698 45601 0
1741044700 45848 0
1741044702 45815 0
1741044704 45692 0
1741044706 45673 0
1741044708 45630 0
1741044711 45705 0
1741044713 45708 0
1741044715 45770 0
1741044717 46084 0
1741044719 46520 0
1741044721 47005 0
1741044723 47286 0
1741044725 47397 0
1741044727 47497 0
1741044729 47299 0
1741044731 46499 0
1741044733 46001 0
1741044735 45833 0
1741044737 45760 0
1741044739 45761 0
1741044741 45607 0
1741044743 45697 0
1741044745 45592 0
1741044747 45575 0
1741044749 45653 0
1741044751 45524 0
1741044753 45654 0
1741044756 45559 0
1741044758 45507 0
1741044760 45470 0
1741044762 45710 0
1741044764 45579 0
1741044766 45571 0
1741044768 45501 0
1741044770 45561 0
1741044772 45651 0
1741044774 45865 0
1741044776 46181 0
1741044778 46777 0
1741044780 47018 0
1741044782 47219 0
1741044784 47334 0
1741044786 47310 0
1741044788 47463 0
1741044790 47445 0
1741044792 47239 0
1741044794 47185 0
1741044796 47180 0
1741044798 46726 0
1741044800 46319 0
1741044803 46083 0
1741044805 45998 0
1741044807 45903 0
1741044809 45796 0
1741044811 45617 0
1741044813 45543 0
1741044815 45637 0
1741044817 45557 0
1741044819 45705 0
1741044821 45749 0
1741044823 45718 0
1741044825 45793 0
1741044827 45734 0
1741044829 45780 0
1741044831 45729 0
1741044833 45623 0
1741044835 45685 0
1741044837 45708 0
1741044839 45746 0
1741044841 46058 0
1741044843 46448 0
1741044845 46829 0
1741044848 47448 0
1741044850 47697 0
1741044852 47751 0
1741044854 47657 0
1741044856 47588 0
1741044858 47529 0
1741044860 47430 0
1741044862 47383 0
1741044864 47385 0
1741044866 47147 0
1741044868 46594 0
1741044870 46247 0
1741044872 46091 0
1741044874 46024 0
1741044876 45781 0
1741044878 45787 0
1741044880 45969 0
1741044882 45840 0
1741044884 45661 0
1741044886 45616 0
1741044888 45640 0
1741044890 45668 0
1741044892 45637 0
1741044895 45553 0
1741044897 45571 0
1741044899 45537 0
1741044901 45509 0
1741044903 45592 0
1741044905 45652 0
1741044907 45740 0
1741044909 45948 0
1741044911 45952 0
1741044913 45938 0
1741044915 45810 0
1741044917 45859 0
1741044919 45996 0
1741044921 45986 0
1741044923 46275 0
1741044925 46768 0
1741044927 47220 0
1741044929 47411 0
1741044931 47416 0
1741044933 47422 0
1741044935 47001 0
1741044937 46439 0
1741044939 46133 0
1741044942 45973 0
1741044944 45850 0
1741044946 45824 0
1741044948 45792 0
1741044950 45783 0
1741044952 45787 0
1741044954 45600 0
1741044956 45614 0
1741044958 45651 0
1741044960 45592 0
1741044962 45583 0
1741044964 45658 0
1741044966 45597 0
1741044968 45901 0
1741044970 45782 0
1741044972 45707 0
1741044974 45693 0
1741044976 45817 0
1741044978 45957 0
1741044980 45890 0
1741044982 45956 0
1741044984 45901 0
1741044987 45987 0
1741044989 46232 0
1741044991 46404 0
1741044993 46925 0
1741044995 47357 0
1741044997 47467 0
1741044999 47624 0
1741045001 47741 0
1741045003 47506 0
1741045005 46717 0
1741045007 46290 0
1741045009 46049 0
1741045011 45940 0
1741045013 45853 0
1741045015 45797 0
1741045017 45774 0
1741045019 45692 0
1741045021 45668 0
1741045023 45757 0
1741045025 45738 0
1741045027 45706 0
1741045029 45687 0
1741045031 45684 0
1741045034 45670 0
1741045036 45632 0
1741045038 45595 0
1741045040 45602 0
1741045042 45621 0
1741045044 45597 0
1741045046 45707 0
1741045048 46006 0
1741045050 46487 0
1741045052 46795 0
1741045054 47143 0
1741045056 47449 0
1741045058 47460 0
1741045060 47565 0
1741045062 47472 0
1741045064 47363 0
1741045066 47252 0
1741045068 47339 0
1741045070 47371 0
1741045072 47089 0
1741045074 46526 0
1741045076 46078 0
1741045078 45863 0
1741045081 45775 0
1741045083 45680 0
1741045085 45622 0
1741045087 45705 0
1741045089 45791 0
1741045091 45684 0
1741045093 45574 0
1741045095 45614 0
1741045097 45742 0
1741045099 45647 0
1741045101 45655 0
1741045103 45571 0
1741045105 45653 0
1741045107 45780 0
1741045109 45629 0
1741045111 45601 0
1741045113 45728 0
1741045115 45914 0
1741045117 45975 0
1741045119 46254 0
1741045121 46930 0
1741045123 47231 0
1741045125 47460 0
1741045128 47375 0
1741045130 47465 0
1741045132 47371 0
1741045134 47195 0
1741045136 47174 0
1741045138 47085 0
1741045140 47065 0
1741045142 46616 0
1741045144 46237 0
1741045146 45916 0
1741045148 45927 0
1741045150 45988 0
1741045152 45759 0
1741045154 45729 0
1741045156 45642 0
1741045158 45703 0
1741045160 45673 0
1741045162 45773 0
1741045164 45765 0
1741045166 45584 0
1741045168 45549 0
1741045170 45613 0
1741045172 45631 0
1741045175 45720 0
1741045177 45744 0
1741045179 45823 0
1741045181 46043 0
1741045183 45884 0
1741045185 45707 0
1741045187 45764 0
1741045189 45778 0
1741045191 45800 0
1741045193 45959 0
1741045195 46028 0
1741045197 46197 0
1741045199 46699 0
1741045201 47131 0
1741045203 47362 0
1741045205 47580 0
1741045207 47615 0
1741045209 47553 0
1741045211 46774 0
1741045213 46226 0
1741045215 45885 0
1741045217 45748 0
1741045220 45694 0
1741045222 45579 0
1741045224 45461 0
1741045226 45502 0
1741045228 45679 0
1741045230 45692 0
1741045232 45603 0
1741045234 45630 0
1741045236 45653 0
1741045238 45619 0
1741045240 45774 0
1741045242 45729 0
1741045244 45685 0
1741045246 45616 0
1741045248 45509 0
1741045250 45619 0
1741045252 45704 0
1741045254 45683 0
1741045256 45774 0
1741045258 45731 0
1741045260 45873 0
1741045262 45791 0
1741045264 45952 0
1741045267 46386 0
1741045269 46850 0
1741045271 47304 0
1741045273 47505 0
1741045275 47619 0
1741045277 47455 0
1741045279 47232 0
1741045281 46619 0
1741045283 46265 0
1741045285 46080 0
1741045287 45985 0
1741045289 45875 0
1741045291 45838 0
1741045293 45864 0
1741045295 45766 0
1741045297 45871 0
1741045299 45987 0
1741045301 46030 0
1741045303 45956 0
1741045305 45884 0
1741045307 45824 0
1741045309 45785 0
1741045312 45683 0
1741045314 45782 0
1741045316 45774 0
1741045318 45818 0
1741045320 45875 0
1741045322 46141 0
1741045324 46426 0
1741045326 46858 0
1741045328 47338 0
1741045330 47439 0
1741045332 47305 0
1741045334 47319 0
1741045336 47385 0
1741045338 47449 0
1741045340 47404 0
1741045342 47376 0
1741045344 47349 0
1741045346 47189 0
1741045348 46752 0
1741045350 46372 0
1741045352 46059 0
1741045354 45864 0
1741045356 45782 0
1741045359 45745 0
1741045361 45959 0
1741045363 45866 0
1741045365 45713 0
1741045367 45701 0
1741045369 45639 0
1741045371 45677 0
1741045373 45688 0
1741045375 45762 0
1741045377 45678 0
1741045379 45724 0
1741045381 45629 0
1741045383 45718 0
1741045385 45793 0
1741045387 45898 0
1741045389 46073 0
1741045391 46324 0
1741045393 46678 0
1741045395 47104 0
1741045397 47391 0
1741045399 47544 0
1741045401 47541 0
1741045404 47586 0
1741045406 47412 0
1741045408 47452 0
1741045410 47469 0
1741045412 47380 0
1741045414 47330 0
1741045416 47327 0
1741045418 46730 0
1741045420 46471 0
1741045422 46127 0
1741045424 45893 0
1741045426 45869 0
1741045428 45846 0
1741045430 45824 0
1741045432 45803 0
1741045434 45671 0
1741045436 45616 0
1741045438 45623 0
1741045440 45660 0
1741045442 45566 0
1741045444 45748 0
1741045446 45621 0
1741045448 45900 0
1741045451 45720 0
1741045453 45818 0
1741045455 45751 0
1741045457 45723 0
1741045459 45725 0
1741045461 45696 0
1741045463 45752 0
1741045465 45771 0
1741045467 45946 0
1741045469 46011 0
1741045471 46182 0
1741045473 46469 0
1741045475 46917 0
1741045477 47227 0
1741045479 47439 0
1741045481 47640 0
1741045483 47600 0
1741045485 47057 0
1741045487 46358 0
1741045489 46064 0
1741045491 45885 0
1741045493 45800 0
1741045495 45716 0
1741045498 45585 0
1741045500 45712 0
1741045502 45669 0
1741045504 45634 0
1741045506 45624 0
1741045508 45843 0
1741045510 45886 0
1741045512 45710 0
1741045514 45687 0
1741045516 45651 0
1741045518 45622 0
1741045520 45708 0
1741045522 45737 0
1741045524 45685 0
1741045526 45616 0
1741045528 45587 0
1741045530 45616 0
1741045532 45686 0
1741045534 45736 0
1741045536 45784 0
1741045538 45922 0
1741045540 46299 0
1741045543 46691 0
1741045545 47090 0
1741045547 47325 0
1741045549 47487 0
1741045551 47601 0
1741045553 47434 0
1741045555 46718 0
1741045557 46284 0
1741045559 46022 0
1741045561 45797 0
1741045563 45841 0
1741045565 45787 0
1741045567 45851 0
1741045569 45870 0
1741045571 45765 0
1741045573 45697 0
1741045575 45669 0
1741045577 45676 0
1741045579 45709 0
1741045581 45685 0
1741045583 45828 0
1741045585 45623 0
1741045587 45573 0
1741045590 45518 0
1741045592 45734 0
1741045594 45828 0
1741045596 46044 0
1741045598 46243 0
1741045600 46687 0
1741045602 47174 0
1741045604 47386 0
1741045606 47516 0
1741045608 47540 0
1741045610 47423 0
1741045612 47368 0
1741045614 47332 0
1741045616 47261 0
1741045618 47233 0
1741045620 47145 0
1741045622 46809 0
1741045624 46414 0
1741045626 46246 0
1741045628 46162 0
1741045630 45979 0
1741045632 45908 0
1741045634 45742 0
1741045637 45665 0
1741045639 45609 0
1741045641 45586 0
1741045643 45664 0
1741045645 45663 0
1741045647 45568 0
1741045649 45592 0
1741045651 45605 0
1741045653 45580 0
1741045655 45567 0
1741045657 45686 0
1741045659 45769 0
1741045661 46020 0
1741045663 46066 0
1741045665 46227 0
1741045667 46497 0
1741045669 46900 0
1741045671 47137 0
1741045673 47431 0
1741045675 47438 0
1741045677 47442 0
1741045679 47425 0
1741045682 47280 0
1741045684 47262 0
1741045686 47321 0
1741045688 47217 0
1741045690 47247 0
1741045692 46706 0
1741045694 46221 0
1741045696 46040 0
1741045698 45829 0
1741045700 45624 0
1741045702 45533 0
1741045704 45584 0
1741045706 45612 0
1741045708 45662 0
1741045710 45655 0
1741045712 45676 0
1741045714 45599 0
1741045716 45645 0
1741045718 45521 0
1741045720 45783 0
1741045722 45736 0
1741045724 45704 0
1741045726 45678 0
1741045729 45679 0
1741045731 45634 0
1741045733 45594 0
1741045735 45621 0
1741045737 45706 0
1741045739 45762 0
1741045741 45784 0
1741045743 45670 0
1741045745 45702 0
1741045747 46067 0
1741045749 46499 0
1741045751 47097 0
1741045753 47478 0
1741045755 47594 0
1741045757 47537 0
1741045759 47367 0
1741045761 46697 0
1741045763 46313 0
1741045765 46059 0
1741045767 45919 0
1741045769 45849 0
1741045771 45778 0
1741045774 45857 0
1741045776 45670 0
1741045778 45685 0
1741045780 45690 0
1741045782 45725 0
1741045784 45567 0
1741045786 45665 0
1741045788 45564 0
1741045790 45542 0
1741045792 45465 0
1741045794 45529 0
1741045796 45512 0
1741045798 45615 0
1741045800 45558 0
1741045802 45549 0
1741045804 45485 0
1741045806 45614 0
1741045808 45818 0
1741045810 45762 0
1741045812 45750 0
1741045814 46258 0
1741045816 46553 0
1741045818 47026 0
1741045821 47295 0
1741045823 47536 0
1741045825 47438 0
1741045827 47493 0
1741045829 46987 0
1741045831 46419 0
1741045833 46041 0
1741045835 46022 0
1741045837 45870 0
1741045839 45787 0
1741045841 45965 0
1741045843 45723 0
1741045845 45652 0
1741045847 45580 0
1741045849 45573 0
1741045851 45589 0
1741045853 45546 0
1741045855 45619 0
1741045857 45558 0
1741045859 45517 0
1741045861 45527 0
1741045863 45540 0
1741045865 45543 0
1741045868 45555 0
1741045870 45743 0
1741045872 46052 0
1741045874 46305 0
1741045876 46775 0
1741045878 47107 0
1741045880 47407 0
1741045882 47552 0
1741045884 47491 0
1741045886 47484 0
1741045888 47503 0
1741045890 47428 0
1741045892 47504 0
1741045894 47233 0
1741045896 47221 0
1741045898 46600 0
1741045900 46440 0
1741045902 46236 0
1741045904 46063 0
1741045906 45890 0
1741045908 45805 0
1741045910 45731 0
1741045913 45669 0
1741045915 45684 0
1741045917 45535 0
1741045919 45597 0
1741045921 45692 0
1741045923 45651 0
1741045925 45667 0
1741045927 45645 0
1741045929 45660 0
1741045931 45736 0
1741045933 45715 0
1741045935 45746 0
1741045937 45762 0
1741045939 45976 0
1741045941 46183 0
1741045943 46574 0
1741045945 47234 0
1741045947 47552 0
1741045949 47651 0
1741045951 47568 0
1741045953 47548 0
1741045955 47315 0
1741045957 47280 0
1741045960 47230 0
1741045962 47383 0
1741045964 47351 0
1741045966 47236 0
1741045968 46699 0
1741045970 46261 0
1741045972 46075 0
1741045974 45848 0
1741045976 45771 0
1741045978 45763 0
1741045980 45693 0
1741045982 45637 0
1741045984 45630 0
1741045986 45732 0
1741045988 45790 0
1741045990 45763 0
1741045992 45723 0
1741045994 45729 0
1741045996 45651 0
1741045998 45754 0
1741046000 45773 0
1741046002 45821 0
1741046004 45708 0
1741046007 45621 0
1741046009 45636 0
1741046011 45668 0
1741046013 45671 0
1741046015 45714 0
1741046017 45781 0
1741046019 45893 0
1741046021 46288 0
1741046023 46546 0
1741046025 47061 0
1741046027 47408 0
1741046029 47580 0
1741046031 47672 0
1741046033 47513 0
1741046035 46853 0
1741046037 46397 0
1741046039 46159 0
1741046041 46051 0
1741046043 45804 0
1741046045 45719 0
1741046047 45612 0
1741046049 45755 0
1741046052 45714 0
1741046054 45729 0
1741046056 45821 0
1741046058 45764 0
1741046060 45731 0
1741046062 45761 0
1741046064 45755 0
1741046066 45611 0
1741046068 45732 0
1741046070 45695 0
1741046072 45565 0
1741046074 45603 0
1741046076 45680 0
1741046078 45614 0
1741046080 45847 0
1741046082 45768 0
1741046084 45824 0
1741046086 45861 0
1741046088 46052 0
1741046090 46178 0
1741046092 46471 0
1741046094 47027 0
1741046097 47260 0
1741046099 47426 0
1741046101 47520 0
1741046103 47457 0
1741046105 46568 0
1741046107 46296 0
1741046109 46133 0
1741046111 45932 0
1741046113 45611 0
1741046115 45625 0
1741046117 45566 0
1741046119 45626 0
1741046121 45765 0
1741046123 45774 0
1741046125 45740 0
1741046127 45730 0
1741046129 45689 0
1741046131 45780 0
1741046133 45771 0
1741046135 45649 0
1741046137 45667 0
1741046139 45800 0
1741046142 45956 0
1741046144 45916 0
1741046146 45911 0
1741046148 46091 0
1741046150 46687 0
1741046152 47112 0
1741046154 47379 0
1741046156 47363 0
1741046158 47380 0
1741046160 47453 0
1741046162 47378 0
1741046164 47263 0
1741046166 47094 0
1741046168 47141 0
1741046170 47303 0
1741046172 46854 0
1741046174 46462 0
1741046176 46111 0
1741046178 45762 0
1741046180 45679 0
1741046182 45726 0
1741046184 45752 0
1741046186 45655 0
1741046189 45655 0
1741046191 45726 0
1741046193 45679 0
1741046195 45710 0
1741046197 45665 0
1741046199 45770 0
1741046201 45793 0
1741046203 45714 0
1741046205 45738 0
1741046207 45683 0
1741046209 45699 0
1741046211 45713 0
1741046213 45801 0
1741046215 45913 0
1741046217 46364 0
1741046219 46765 0
1741046221 47256 0
1741046223 47464 0
1741046225 47372 0
1741046227 47402 0
1741046229 47593 0
1741046231 47554 0
1741046234 47350 0
1741046236 47293 0
1741046238 47402 0
1741046240 47268 0
1741046242 46639 0
1741046244 46186 0
1741046246 45928 0
1741046248 45883 0
1741046250 45819 0
1741046252 45821 0
1741046254 45774 0
1741046256 45799 0
1741046258 45796 0
1741046260 45783 0
1741046262 45760 0
1741046264 45754 0
1741046266 45747 0
1741046268 45752 0
1741046270 45788 0
1741046272 45724 0
1741046274 45735 0
1741046276 45728 0
1741046278 45613 0
1741046281 45769 0
1741046283 45806 0
1741046285 45735 0
1741046287 45823 0
1741046289 45919 0
1741046291 45951 0
1741046293 46041 0
1741046295 46243 0
1741046297 46543 0
1741046299 46971 0
1741046301 47286 0
1741046303 47521 0
1741046305 47584 0
1741046307 47663 0
1741046309 47191 0
1741046311 46604 0
1741046313 46158 0
1741046315 45938 0
1741046317 45776 0
1741046319 45745 0
1741046321 45764 0
1741046323 45706 0
1741046325 45673 0
1741046328 45667 0
1741046330 45566 0
1741046332 45622 0
1741046334 45656 0
1741046336 45758 0
1741046338 45638 0
1741046340 45655 0
1741046342 45720 0
1741046344 45634 0
1741046346 45711 0
1741046348 45848 0
1741046350 45717 0
1741046352 45546 0
1741046354 45581 0
1741046356 45560 0
1741046358 45494 0
1741046360 45554 0
1741046362 45679 0
1741046364 45872 0
1741046366 46327 0
1741046368 47027 0
1741046370 47257 0
1741046373 47463 0
1741046375 47461 0
1741046377 47497 0
1741046379 46998 0
1741046381 46690 0
1741046383 46209 0
1741046385 45977 0
1741046387 45789 0
1741046389 45838 0
1741046391 45646 0
1741046393 45573 0
1741046395 45555 0
1741046397 45671 0
1741046399 45667 0
1741046401 45696 0
1741046403 45816 0
