1740960004 41864 0
1740960006 41867 0
1740960008 41934 0
1740960010 41774 0
1740960012 41835 0
1740960014 41896 0
1740960016 41854 0
1740960018 41837 0
1740960020 41846 0
1740960022 41769 0
1740960024 41880 0
1740960026 41890 0
1740960028 41892 0
1740960030 41898 0
1740960032 41897 0
1740960035 41849 0
1740960037 41906 0
1740960039 41916 0
1740960041 41813 0
1740960043 41852 0
1740960045 41825 0
1740960047 41834 0
1740960049 41768 0
1740960051 41803 0
1740960053 41856 0
1740960055 41972 0
1740960057 41923 0
1740960059 41886 0
1740960061 41945 0
1740960063 41926 0
1740960065 41890 0
1740960067 41889 0
1740960069 41955 0
1740960071 41868 0
1740960073 41857 0
1740960075 41909 0
1740960077 41888 0
1740960080 41965 0
1740960082 41899 0
1740960084 42033 0
1740960086 41957 0
1740960088 41995 0
1740960090 41921 0
1740960092 41941 0
1740960094 41914 0
1740960096 41914 0
1740960098 41963 0
1740960100 41911 0
1740960102 41815 0
1740960104 41908 0
1740960106 41851 0
1740960108 41779 0
1740960110 41867 0
1740960112 41830 0
1740960114 41858 0
1740960116 41910 0
1740960118 41704 0
1740960120 41862 0
1740960122 41908 0
1740960124 41900 0
1740960127 41877 0
1740960129 41927 0
1740960131 41921 0
1740960133 41949 0
1740960135 41885 0
1740960137 41963 0
1740960139 41938 0
1740960141 41875 0
1740960143 42019 0
1740960145 41981 0
1740960147 41899 0
1740960149 41960 0
1740960151 41990 0
1740960153 41920 0
1740960155 41939 0
1740960157 41889 0
1740960159 41910 0
1740960161 41901 0
1740960163 41739 0
1740960165 41848 0
1740960167 41888 0
1740960169 41925 0
1740960172 41822 0
1740960174 41785 0
1740960176 41865 0
1740960178 41771 0
1740960180 41831 0
1740960182 41852 0
1740960184 41949 0
1740960186 41819 0
1740960188 41867 0
1740960190 41879 0
1740960192 41839 0
1740960194 41803 0
1740960196 41893 0
1740960198 41924 0
1740960200 41909 0
1740960202 41763 0
1740960204 41901 0
1740960206 41927 0
1740960208 41803 0
1740960210 41929 0
1740960212 42066 0
1740960214 41944 0
1740960216 41893 0
1740960219 41894 0
1740960221 41863 0
1740960223 41857 0
1740960225 41894 0
1740960227 41853 0
1740960229 41771 0
1740960231 41803 0
1740960233 41855 0
1740960235 41849 0
1740960237 41854 0
1740960239 41761 0
1740960241 41768 0
1740960243 41796 0
1740960245 41789 0
1740960247 41844 0
1740960249 41896 0
1740960251 41844 0
1740960253 41865 0
1740960255 41911 0
1740960257 41828 0
1740960259 41903 0
1740960261 41892 0
1740960263 41786 0
1740960266 41772 0
1740960268 41830 0
1740960270 41931 0
1740960272 41889 0
1740960274 41827 0
1740960276 41927 0
1740960278 41850 0
1740960280 41922 0
1740960282 41905 0
1740960284 41937 0
1740960286 42062 0
1740960288 42002 0
1740960290 41867 0
1740960292 42030 0
1740960294 42017 0
1740960296 42021 0
1740960298 42006 0
1740960300 42055 0
1740960302 41928 0
1740960304 41878 0
1740960306 41941 0
1740960308 41942 0
1740960311 41806 0
1740960313 41894 0
1740960315 41931 0
1740960317 41869 0
1740960319 41849 0
1740960321 41893 0
1740960323 41784 0
1740960325 41839 0
1740960327 41813 0
1740960329 41825 0
1740960331 41704 0
1740960333 41839 0
1740960335 41798 0
1740960337 41774 0
1740960339 41956 0
1740960341 41812 0
1740960343 41803 0
1740960345 41928 0
1740960347 41969 0
1740960349 41943 0
1740960352 41869 0
1740960354 41953 0
1740960356 41996 0
1740960358 41866 0
1740960360 41929 0
1740960362 41991 0
1740960364 41849 0
1740960366 41907 0
1740960368 41917 0
1740960370 41851 0
1740960372 41776 0
1740960374 41906 0
1740960376 41852 0
1740960378 41924 0
1740960380 41701 0
1740960382 41911 0
1740960384 41926 0
1740960386 41803 0
1740960388 41789 0
1740960390 41909 0
1740960392 41664 0
1740960394 41771 0
1740960396 41801 0
1740960399 41945 0
1740960401 41926 0
1740960403 41946 0
1740960405 41870 0
1740960407 41795 0
1740960409 41783 0
1740960411 41869 0
1740960413 41817 0
1740960415 41878 0
1740960417 41875 0
1740960419 41977 0
1740960421 41864 0
1740960423 42078 0
1740960425 42035 0
1740960427 41815 0
1740960429 41960 0
1740960431 41912 0
1740960433 41935 0
1740960435 41867 0
1740960437 41824 0
1740960439 41820 0
1740960441 41942 0
1740960443 41903 0
1740960446 41825 0
1740960448 41944 0
1740960450 41842 0
1740960452 41866 0
1740960454 41809 0
1740960456 41948 0
1740960458 41839 0
1740960460 41825 0
1740960462 41982 0
1740960464 41934 0
1740960466 41974 0
1740960468 41927 0
1740960470 41853 0
1740960472 41922 0
1740960474 41961 0
1740960476 41864 0
1740960478 41873 0
1740960480 41829 0
1740960482 41774 0
1740960484 41983 0
1740960486 41963 0
1740960488 41901 0
1740960491 42059 0
1740960493 41979 0
1740960495 41868 0
1740960497 41881 0
1740960499 41939 0
1740960501 41833 0
1740960503 41793 0
1740960505 41762 0
1740960507 41862 0
1740960509 41938 0
1740960511 41895 0
1740960513 41915 0
1740960515 41811 0
1740960517 41940 0
1740960519 41936 0
1740960521 41774 0
1740960523 41862 0
1740960525 41841 0
1740960527 41803 0
1740960529 41864 0
1740960531 41783 0
1740960533 41840 0
1740960535 41847 0
1740960538 41823 0
1740960540 41823 0
1740960542 41935 0
1740960544 41914 0
1740960546 41827 0
1740960548 41796 0
1740960550 41864 0
1740960552 41885 0
1740960554 41836 0
1740960556 41959 0
1740960558 41953 0
1740960560 41926 0
1740960562 41904 0
1740960564 41864 0
1740960566 42024 0
1740960568 41875 0
1740960570 41845 0
1740960572 41908 0
1740960574 41848 0
1740960576 41825 0
1740960578 41895 0
1740960580 41942 0
1740960582 41916 0
1740960585 41959 0
1740960587 41854 0
1740960589 41848 0
1740960591 41812 0
1740960593 41884 0
1740960595 41876 0
1740960597 41897 0
1740960599 41918 0
1740960601 41907 0
1740960603 41870 0
1740960605 41903 0
1740960607 41815 0
1740960609 41874 0
1740960611 41834 0
1740960613 41744 0
1740960615 41910 0
1740960617 41773 0
1740960619 41939 0
1740960621 41863 0
1740960623 41820 0
1740960625 41844 0
1740960627 41817 0
1740960630 41917 0
1740960632 41871 0
1740960634 41790 0
1740960636 41925 0
1740960638 41908 0
1740960640 41913 0
1740960642 41979 0
1740960644 41977 0
1740960646 41928 0
1740960648 41921 0
1740960650 41978 0
1740960652 41939 0
1740960654 41905 0
1740960656 41924 0
1740960658 41909 0
1740960660 41804 0
1740960662 41934 0
1740960664 41889 0
1740960666 42046 0
1740960668 41905 0
1740960670 41944 0
1740960672 41961 0
1740960674 41853 0
1740960677 41920 0
1740960679 41875 0
1740960681 41914 0
1740960683 41869 0
1740960685 41880 0
1740960687 42003 0
1740960689 41972 0
1740960691 41990 0
1740960693 42120 0
1740960695 41975 0
1740960697 41851 0
1740960699 41969 0
1740960701 41893 0
1740960703 41905 0
1740960705 41897 0
1740960707 41809 0
1740960709 41939 0
1740960711 41909 0
1740960713 41848 0
1740960715 41983 0
1740960717 41760 0
1740960719 41845 0
1740960722 41837 0
1740960724 41892 0
1740960726 41855 0
1740960728 41758 0
1740960730 41768 0
1740960732 41814 0
1740960734 41969 0
1740960736 41788 0
1740960738 41795 0
1740960740 41824 0
1740960742 41884 0
1740960744 41774 0
1740960746 41865 0
1740960748 41881 0
1740960750 41937 0
1740960752 41929 0
1740960754 41910 0
1740960756 41931 0
1740960758 41869 0
1740960760 41960 0
1740960762 41870 0
1740960764 41932 0
1740960767 41917 0
1740960769 41904 0
1740960771 41898 0
1740960773 41910 0
1740960775 42011 0
1740960777 41793 0
1740960779 41859 0
1740960781 41837 0
1740960783 41931 0
1740960785 41903 0
1740960787 41798 0
1740960789 41744 0
1740960791 41930 0
1740960793 41878 0
1740960795 41911 0
1740960797 41853 0
1740960799 41780 0
1740960801 41946 0
1740960803 41857 0
1740960805 41860 0
1740960807 41827 0
1740960809 41786 0
1740960811 41973 0
1740960814 41859 0
1740960816 41943 0
1740960818 41897 0
1740960820 41884 0
1740960822 42005 0
1740960824 41972 0
1740960826 41856 0
1740960828 41931 0
1740960830 42031 0
1740960832 41993 0
1740960834 41972 0
1740960836 42042 0
1740960838 41926 0
1740960840 41945 0
1740960842 41875 0
1740960844 41891 0
1740960846 41925 0
1740960848 41942 0
1740960850 42088 0
1740960852 41917 0
1740960854 41924 0
1740960856 41980 0
1740960858 41955 0
1740960861 41883 0
1740960863 41940 0
1740960865 41992 0
1740960867 41904 0
1740960869 41860 0
1740960871 41905 0
1740960873 41989 0
1740960875 41833 0
1740960877 42013 0
1740960879 41909 0
1740960881 41864 0
1740960883 41924 0
1740960885 41846 0
1740960887 41905 0
1740960889 41831 0
1740960891 41987 0
1740960893 41921 0
1740960895 41900 0
1740960897 41899 0
1740960899 41899 0
1740960901 41927 0
1740960903 42046 0
1740960906 42062 0
1740960908 41893 0
1740960910 41914 0
1740960912 41973 0
1740960914 41995 0
1740960916 41959 0
1740960918 41963 0
1740960920 41834 0
1740960922 41928 0
1740960924 41846 0
1740960926 41913 0
1740960928 41943 0
1740960930 41899 0
1740960932 41948 0
1740960934 41896 0
1740960936 41858 0
1740960938 41892 0
1740960940 41912 0
1740960942 41804 0
1740960944 41925 0
1740960946 41889 0
1740960948 41866 0
1740960950 41860 0
1740960953 41930 0
1740960955 41881 0
1740960957 41923 0
1740960959 41934 0
1740960961 41824 0
1740960963 41763 0
1740960965 41913 0
1740960967 41985 0
1740960969 41939 0
1740960971 41970 0
1740960973 41892 0
1740960975 41870 0
1740960977 41845 0
1740960979 41756 0
1740960981 41954 0
1740960983 41909 0
1740960985 41848 0
1740960987 41876 0
1740960989 41950 0
1740960991 41921 0
1740960993 41868 0
1740960995 41951 0
1740960998 41841 0
1740961000 42072 0
1740961002 41896 0
1740961004 41738 0
1740961006 41871 0
1740961008 41855 0
1740961010 41921 0
1740961012 41882 0
1740961014 41831 0
1740961016 41974 0
1740961018 41870 0
1740961020 41884 0
1740961022 41906 0
1740961024 41986 0
1740961026 41894 0
1740961028 41883 0
1740961030 41886 0
1740961032 41911 0
1740961034 41883 0
1740961036 41904 0
1740961038 41822 0
1740961040 41936 0
1740961042 41997 0
1740961045 41975 0
1740961047 41891 0
1740961049 41959 0
1740961051 41922 0
1740961053 41935 0
1740961055 41692 0
1740961057 41932 0
1740961059 41889 0
1740961061 41793 0
1740961063 41885 0
1740961065 41946 0
1740961067 41887 0
1740961069 41915 0
1740961071 41988 0
1740961073 41838 0
1740961075 41804 0
1740961077 41905 0
1740961079 41831 0
1740961081 41833 0
1740961083 41851 0
1740961085 41849 0
1740961088 41888 0
1740961090 41904 0
1740961092 41987 0
1740961094 41988 0
1740961096 41823 0
1740961098 41861 0
1740961100 41880 0
1740961102 41950 0
1740961104 41900 0
1740961106 42020 0
1740961108 42018 0
1740961110 42032 0
1740961112 41953 0
1740961114 42004 0
1740961116 41965 0
1740961118 41854 0
1740961120 41947 0
1740961122 41985 0
1740961124 41908 0
1740961126 41879 0
1740961128 41875 0
1740961130 41859 0
1740961132 41966 0
1740961135 41981 0
1740961137 41920 0
1740961139 41916 0
1740961141 41857 0
1740961143 41934 0
1740961145 41907 0
1740961147 42073 0
1740961149 41919 0
1740961151 41862 0
1740961153 41898 0
1740961155 41948 0
1740961157 41947 0
1740961159 41887 0
1740961161 41814 0
1740961163 41916 0
1740961165 41920 0
1740961167 41767 0
1740961169 41832 0
1740961171 41879 0
1740961173 41916 0
1740961175 41959 0
1740961177 41965 0
1740961179 41990 0
1740961182 42084 0
1740961184 41986 0
1740961186 41996 0
1740961188 41953 0
1740961190 42008 0
1740961192 41937 0
1740961194 41993 0
1740961196 41927 0
1740961198 41923 0
1740961200 41828 0
1740961202 41833 0
1740961204 41922 0
1740961206 41833 0
1740961208 41853 0
1740961210 41762 0
1740961212 41846 0
1740961214 41856 0
1740961216 41904 0
1740961218 41793 0
1740961220 41970 0
1740961222 41844 0
1740961224 41794 0
1740961227 41826 0
1740961229 41978 0
1740961231 41998 0
1740961233 42058 0
1740961235 41982 0
1740961237 42074 0
1740961239 41992 0
1740961241 41942 0
1740961243 41978 0
1740961245 41922 0
1740961247 42007 0
1740961249 41941 0
1740961251 41938 0
1740961253 41900 0
1740961255 41982 0
1740961257 41991 0
1740961259 42062 0
1740961261 41924 0
1740961263 41945 0
1740961265 41942 0
1740961267 41926 0
1740961269 41990 0
1740961272 41929 0
1740961274 42027 0
1740961276 41954 0
1740961278 42072 0
1740961280 41858 0
1740961282 41844 0
1740961284 41905 0
1740961286 41911 0
1740961288 41990 0
1740961290 41984 0
1740961292 41977 0
1740961294 41963 0
1740961296 41986 0
1740961298 41993 0
1740961300 41913 0
1740961302 41810 0
1740961304 41936 0
1740961306 41896 0
1740961308 41884 0
1740961310 41934 0
1740961312 41937 0
1740961314 41997 0
1740961316 41900 0
1740961319 41846 0
1740961321 41971 0
1740961323 42020 0
1740961325 41785 0
1740961327 42062 0
1740961329 41870 0
1740961331 41880 0
1740961333 41934 0
1740961335 42036 0
1740961337 41930 0
1740961339 41885 0
1740961341 41914 0
1740961343 41873 0
1740961345 41904 0
1740961347 41948 0
1740961349 41873 0
1740961351 41917 0
1740961353 42025 0
1740961355 41899 0
1740961357 41983 0
1740961359 41999 0
1740961361 41890 0
1740961364 41968 0
1740961366 41946 0
1740961368 41926 0
1740961370 41905 0
1740961372 41841 0
1740961374 41927 0
1740961376 42011 0
1740961378 42034 0
1740961380 42120 0
1740961382 41892 0
1740961384 42016 0
1740961386 42089 0
1740961388 41948 0
1740961390 42010 0
1740961392 42034 0
1740961394 41932 0
1740961396 41981 0
1740961398 41819 0
1740961400 41885 0
1740961402 42073 0
1740961404 41864 0
1740961406 41923 0
1740961409 41899 0
1740961411 41958 0
1740961413 41871 0
1740961415 42006 0
1740961417 42021 0
1740961419 41993 0
1740961421 41876 0
1740961423 41895 0
1740961425 41883 0
1740961427 41939 0
1740961429 41959 0
1740961431 41794 0
1740961433 41909 0
1740961435 41817 0
1740961437 41897 0
1740961439 41869 0
1740961441 41801 0
1740961443 41775 0
1740961445 41903 0
1740961447 41886 0
1740961449 41872 0
1740961451 41851 0
1740961453 41868 0
1740961456 41857 0
1740961458 41858 0
1740961460 41929 0
1740961462 41933 0
1740961464 41879 0
1740961466 41880 0
1740961468 41943 0
1740961470 41804 0
1740961472 41906 0
1740961474 41798 0
1740961476 41964 0
1740961478 41770 0
1740961480 41897 0
1740961482 41857 0
1740961484 41850 0
1740961486 41794 0
1740961488 41752 0
1740961490 41903 0
1740961492 41771 0
1740961494 41800 0
1740961496 41814 0
1740961498 41774 0
1740961500 41796 0
1740961503 41918 0
1740961505 41829 0
1740961507 41909 0
1740961509 41915 0
1740961511 41935 0
1740961513 41953 0
1740961515 41932 0
1740961517 41980 0
1740961519 41955 0
1740961521 41983 0
1740961523 41954 0
1740961525 41801 0
1740961527 41815 0
1740961529 41949 0
1740961531 41841 0
1740961533 41857 0
1740961535 41916 0
1740961537 41933 0
1740961539 41846 0
1740961541 41799 0
1740961543 41881 0
1740961545 41874 0
1740961548 41837 0
1740961550 41814 0
1740961552 41844 0
1740961554 41816 0
1740961556 41881 0
1740961558 41760 0
1740961560 41844 0
1740961562 41838 0
1740961564 41872 0
1740961566 41850 0
1740961568 41860 0
1740961570 41913 0
1740961572 41776 0
1740961574 41853 0
1740961576 41826 0
1740961578 41949 0
1740961580 41932 0
1740961582 41774 0
1740961584 41873 0
1740961586 41863 0
1740961588 41942 0
1740961590 41934 0
1740961592 41908 0
1740961595 41998 0
1740961597 42048 0
1740961599 41915 0
1740961601 41940 0
1740961603 41875 0
1740961605 41941 0
1740961607 41767 0
1740961609 41932 0
1740961611 41839 0
1740961613 41885 0
1740961615 41968 0
1740961617 41925 0
1740961619 41829 0
1740961621 41979 0
1740961623 41846 0
1740961625 42002 0
1740961627 41809 0
1740961629 41928 0
1740961631 41826 0
1740961633 41898 0
1740961635 41848 0
1740961637 41985 0
1740961640 41956 0
1740961642 41898 0
1740961644 41881 0
1740961646 41887 0
1740961648 42069 0
1740961650 41841 0
1740961652 41985 0
1740961654 41945 0
1740961656 42112 0
1740961658 42075 0
1740961660 41932 0
1740961662 42022 0
1740961664 41983 0
1740961666 41965 0
1740961668 41990 0
1740961670 41866 0
1740961672 41874 0
1740961674 41873 0
1740961676 41959 0
1740961678 41942 0
1740961680 41968 0
1740961682 41899 0
1740961684 41980 0
1740961687 41941 0
1740961689 41752 0
1740961691 41848 0
1740961693 41825 0
1740961695 41869 0
1740961697 41866 0
1740961699 41898 0
1740961701 41754 0
1740961703 41896 0
1740961705 41910 0
1740961707 42022 0
1740961709 41838 0
1740961711 41840 0
1740961713 41954 0
1740961715 41983 0
1740961717 41966 0
1740961719 41872 0
1740961721 41865 0
1740961723 41943 0
1740961725 41898 0
1740961727 42078 0
1740961729 41908 0
1740961731 41942 0
1740961734 41998 0
1740961736 41905 0
1740961738 42011 0
1740961740 42046 0
1740961742 41933 0
1740961744 41926 0
1740961746 41922 0
1740961748 41997 0
1740961750 41888 0
1740961752 41981 0
1740961754 41915 0
1740961756 41821 0
1740961758 41938 0
1740961760 41963 0
1740961762 41857 0
1740961764 41875 0
1740961766 41904 0
1740961768 41872 0
1740961770 41834 0
1740961772 41871 0
1740961774 41927 0
1740961776 41878 0
1740961778 41898 0
1740961781 41901 0
1740961783 41974 0
1740961785 41783 0
1740961787 41892 0
1740961789 41895 0
1740961791 41968 0
1740961793 41935 0
1740961795 41947 0
1740961797 41976 0
1740961799 41932 0
1740961801 42012 0
1740961803 41953 0
1740961805 41899 0
1740961807 41988 0
1740961809 41874 0
1740961811 41906 0
1740961813 41945 0
1740961815 41817 0
1740961817 42000 0
1740961819 41996 0
1740961821 41874 0
1740961823 41772 0
1740961826 41815 0
1740961828 41852 0
1740961830 41855 0
1740961832 41845 0
1740961834 41880 0
1740961836 41850 0
1740961838 41776 0
1740961840 41924 0
1740961842 41916 0
1740961844 41859 0
1740961846 41933 0
1740961848 41853 0
1740961850 41900 0
1740961852 41894 0
1740961854 41813 0
1740961856 41916 0
1740961858 41957 0
1740961860 41959 0
1740961862 41863 0
1740961864 41959 0
1740961866 41950 0
1740961868 41897 0
1740961870 41905 0
1740961873 41816 0
1740961875 41893 0
1740961877 41959 0
1740961879 41859 0
1740961881 41958 0
1740961883 41832 0
1740961885 41902 0
1740961887 41839 0
1740961889 41899 0
1740961891 41895 0
1740961893 41805 0
1740961895 41782 0
1740961897 41920 0
1740961899 41866 0
1740961901 41893 0
1740961903 41919 0
1740961905 41798 0
1740961907 41899 0
1740961909 41843 0
1740961911 41992 0
1740961913 41854 0
1740961915 41855 0
1740961918 41961 0
1740961920 41871 0
1740961922 42012 0
1740961924 42064 0
1740961926 41851 0
1740961928 42114 0
1740961930 42128 0
1740961932 41976 0
1740961934 41943 0
1740961936 42053 0
1740961938 42027 0
1740961940 41906 0
1740961942 41881 0
1740961944 41903 0
1740961946 41835 0
1740961948 42033 0
1740961950 41856 0
1740961952 41985 0
1740961954 41852 0
1740961956 41930 0
1740961958 41898 0
1740961960 41883 0
1740961962 42014 0
1740961965 41923 0
1740961967 41907 0
1740961969 41894 0
1740961971 41922 0
1740961973 41997 0
1740961975 41926 0
1740961977 41939 0
1740961979 41993 0
1740961981 41984 0
1740961983 41896 0
1740961985 41883 0
1740961987 41915 0
1740961989 41858 0
1740961991 41913 0
1740961993 41887 0
1740961995 41909 0
1740961997 41944 0
1740961999 41911 0
1740962001 42067 0
1740962003 41983 0
1740962005 41854 0
1740962007 42033 0
1740962010 41934 0
1740962012 41929 0
1740962014 41890 0
1740962016 42010 0
1740962018 41890 0
1740962020 41979 0
1740962022 41869 0
1740962024 41779 0
1740962026 41706 0
1740962028 41872 0
1740962030 41870 0
1740962032 41855 0
1740962034 42002 0
1740962036 41873 0
1740962038 41967 0
1740962040 41879 0
1740962042 41935 0
1740962044 41831 0
1740962046 41883 0
1740962048 41754 0
1740962050 41894 0
1740962052 41780 0
1740962054 41814 0
1740962057 41919 0
1740962059 41977 0
1740962061 41945 0
1740962063 41822 0
1740962065 41901 0
1740962067 41992 0
1740962069 41953 0
1740962071 41847 0
1740962073 41936 0
1740962075 42003 0
1740962077 41982 0
1740962079 41943 0
1740962081 41896 0
1740962083 41890 0
1740962085 41959 0
1740962087 42039 0
1740962089 41896 0
1740962091 41970 0
1740962093 41914 0
1740962095 41958 0
1740962097 41944 0
1740962099 41952 0
1740962101 41992 0
1740962104 41924 0
1740962106 41977 0
1740962108 41945 0
1740962110 41998 0
1740962112 41885 0
1740962114 41883 0
1740962116 41951 0
1740962118 41962 0
1740962120 41931 0
1740962122 41992 0
1740962124 41810 0
1740962126 41965 0
1740962128 41911 0
1740962130 41928 0
1740962132 41875 0
1740962134 41928 0
1740962136 41993 0
1740962138 41967 0
1740962140 41986 0
1740962142 41985 0
1740962144 41884 0
1740962146 41859 0
1740962149 41854 0
1740962151 41909 0
1740962153 41951 0
1740962155 41906 0
1740962157 41835 0
1740962159 41905 0
1740962161 41771 0
1740962163 41895 0
1740962165 42007 0
1740962167 41924 0
1740962169 41904 0
1740962171 41876 0
1740962173 41824 0
1740962175 41816 0
1740962177 41831 0
1740962179 41821 0
1740962181 41884 0
1740962183 41801 0
1740962185 41871 0
1740962187 41864 0
1740962189 41887 0
1740962191 41911 0
1740962193 41787 0
1740962196 41913 0
1740962198 41777 0
1740962200 41899 0
1740962202 41853 0
1740962204 41915 0
1740962206 41917 0
1740962208 41839 0
1740962210 41919 0
1740962212 42099 0
1740962214 41947 0
1740962216 41941 0
1740962218 41877 0
1740962220 41905 0
1740962222 41794 0
1740962224 41941 0
1740962226 42032 0
1740962228 41873 0
1740962230 41896 0
1740962232 41894 0
1740962234 41838 0
1740962236 41959 0
1740962238 41908 0
1740962240 41748 0
1740962243 41900 0
1740962245 41888 0
1740962247 41865 0
1740962249 41845 0
1740962251 41879 0
1740962253 42143 0
1740962255 41897 0
1740962257 41876 0
1740962259 41936 0
1740962261 41872 0
1740962263 41868 0
1740962265 41945 0
1740962267 41942 0
1740962269 41951 0
1740962271 41854 0
1740962273 41962 0
1740962275 41960 0
1740962277 41855 0
1740962279 41949 0
1740962281 41868 0
1740962283 41898 0
1740962285 42037 0
1740962288 41929 0
1740962290 41931 0
1740962292 41809 0
1740962294 41955 0
1740962296 41795 0
1740962298 41862 0
1740962300 41895 0
1740962302 41914 0
1740962304 41918 0
1740962306 41905 0
1740962308 41897 0
1740962310 41996 0
1740962312 41922 0
1740962314 41877 0
1740962316 41782 0
1740962318 41990 0
1740962320 41943 0
1740962322 41917 0
1740962324 41911 0
1740962326 41973 0
1740962328 42010 0
1740962330 41923 0
1740962332 41913 0
1740962335 41822 0
1740962337 41952 0
1740962339 41900 0
1740962341 42030 0
1740962343 42010 0
1740962345 41934 0
1740962347 41946 0
1740962349 41957 0
1740962351 42082 0
1740962353 41911 0
1740962355 41871 0
1740962357 41796 0
1740962359 41929 0
1740962361 41831 0
1740962363 41820 0
1740962365 41912 0
1740962367 41774 0
1740962369 41926 0
1740962371 41905 0
1740962373 41835 0
1740962375 41843 0
1740962377 41880 0
1740962379 41892 0
1740962382 41921 0
1740962384 41938 0
1740962386 41900 0
1740962388 41848 0
1740962390 41867 0
1740962392 41899 0
1740962394 41987 0
1740962396 41871 0
1740962398 41939 0
1740962400 41993 0
1740962402 43127 0
1740962404 43947 0
1740962406 43784 0
1740962408 43898 0
1740962410 43929 0
1740962412 43829 0
1740962414 43848 0
1740962416 43881 0
1740962418 43876 0
1740962420 43824 0
1740962422 43825 0
1740962424 43839 0
1740962427 43929 0
1740962429 43878 0
1740962431 43855 0
1740962433 43786 0
1740962435 43794 0
1740962437 43842 0
1740962439 43843 0
1740962441 43773 0
1740962443 43972 0
1740962445 43848 0
1740962447 43888 0
1740962449 44015 0
1740962451 43749 0
1740962453 43945 0
1740962455 43832 0
1740962457 43982 0
1740962459 41870 0
1740962461 41873 0
1740962463 41928 0
1740962465 41962 0
1740962467 41906 0
1740962469 41786 0
1740962472 41945 0
1740962474 41928 0
1740962476 41954 0
1740962478 42016 0
1740962480 41888 0
1740962482 41944 0
1740962484 41992 0
1740962486 42038 0
1740962488 42026 0
1740962490 41986 0
1740962492 41924 0
1740962494 41813 0
1740962496 41937 0
1740962498 41876 0
1740962500 41891 0
1740962502 41804 0
1740962504 41794 0
1740962506 41927 0
1740962508 41806 0
1740962510 41778 0
1740962512 41873 0
1740962514 41906 0
1740962516 41940 0
1740962519 41865 0
1740962521 41877 0
1740962523 41804 0
1740962525 41870 0
1740962527 41861 0
1740962529 41778 0
1740962531 41943 0
1740962533 41761 0
1740962535 41794 0
1740962537 41898 0
1740962539 41905 0
1740962541 41917 0
1740962543 41913 0
1740962545 41894 0
1740962547 41827 0
1740962549 41946 0
1740962551 41916 0
1740962553 41844 0
1740962555 41923 0
1740962557 41933 0
1740962559 41938 0
1740962561 41918 0
1740962563 41878 0
1740962566 41847 0
1740962568 41902 0
1740962570 41854 0
1740962572 41892 0
1740962574 41935 0
1740962576 41837 0
1740962578 41881 0
1740962580 41762 0
1740962582 41803 0
1740962584 41884 0
1740962586 41869 0
1740962588 41832 0
1740962590 41910 0
1740962592 41813 0
1740962594 41762 0
1740962596 41946 0
1740962598 41843 0
1740962600 41867 0
1740962602 41880 0
1740962604 41816 0
1740962606 41963 0
1740962608 41795 0
1740962611 41861 0
1740962613 41816 0
1740962615 41817 0
1740962617 41883 0
1740962619 41937 0
1740962621 41914 0
1740962623 42016 0
1740962625 41888 0
1740962627 41894 0
1740962629 41892 0
1740962631 41834 0
1740962633 41923 0
1740962635 41978 0
1740962637 41833 0
1740962639 41930 0
1740962641 41953 0
1740962643 41992 0
1740962645 41983 0
1740962647 41853 0
1740962649 41859 0
1740962651 41946 0
1740962653 41790 0
1740962655 41872 0
1740962658 41934 0
1740962660 41891 0
1740962662 41828 0
1740962664 41867 0
1740962666 41832 0
1740962668 41987 0
1740962670 41814 0
1740962672 42018 0
1740962674 41892 0
1740962676 42007 0
1740962678 41878 0
1740962680 41867 0
1740962682 41980 0
1740962684 41812 0
1740962686 41856 0
1740962688 42007 0
1740962690 41994 0
1740962692 41951 0
1740962694 41863 0
1740962696 41901 0
1740962698 41836 0
1740962700 41813 0
1740962702 41905 0
1740962705 41824 0
1740962707 41753 0
1740962709 41850 0
1740962711 41873 0
1740962713 41890 0
1740962715 41875 0
1740962717 41852 0
1740962719 41763 0
1740962721 41783 0
1740962723 41913 0
1740962725 41804 0
1740962727 41792 0
1740962729 41918 0
1740962731 41874 0
1740962733 41743 0
1740962735 41871 0
1740962737 41888 0
1740962739 42010 0
1740962741 41957 0
1740962743 41962 0
1740962745 41831 0
1740962747 41904 0
1740962750 41930 0
1740962752 41869 0
1740962754 41934 0
1740962756 41803 0
1740962758 41855 0
1740962760 41886 0
1740962762 41786 0
1740962764 41822 0
1740962766 41777 0
1740962768 41822 0
1740962770 41961 0
1740962772 41816 0
1740962774 41900 0
1740962776 41943 0
1740962778 41904 0
1740962780 41872 0
1740962782 41869 0
1740962784 41847 0
1740962786 41922 0
1740962788 41905 0
1740962790 42012 0
1740962792 42180 0
1740962794 42055 0
1740962797 41970 0
1740962799 41921 0
1740962801 41883 0
1740962803 41860 0
1740962805 41828 0
1740962807 41835 0
1740962809 41838 0
1740962811 41914 0
1740962813 41814 0
1740962815 41921 0
1740962817 41834 0
1740962819 41919 0
1740962821 41882 0
1740962823 41979 0
1740962825 41923 0
1740962827 41878 0
1740962829 41928 0
1740962831 41892 0
1740962833 41917 0
1740962835 41924 0
1740962837 41886 0
1740962839 41922 0
1740962841 41953 0
1740962844 41851 0
1740962846 41782 0
1740962848 41839 0
1740962850 41883 0
1740962852 41885 0
1740962854 41906 0
1740962856 41904 0
1740962858 41785 0
1740962860 41935 0
1740962862 41806 0
1740962864 41786 0
1740962866 41874 0
1740962868 41863 0
1740962870 41940 0
1740962872 41811 0
1740962874 41901 0
1740962876 41992 0
1740962878 41923 0
1740962880 42004 0
1740962882 42058 0
1740962884 41941 0
1740962886 41826 0
1740962889 41908 0
1740962891 41987 0
1740962893 41967 0
1740962895 41911 0
1740962897 42096 0
1740962899 41978 0
1740962901 41973 0
1740962903 41958 0
1740962905 41948 0
1740962907 41945 0
1740962909 41879 0
1740962911 41950 0
1740962913 41909 0
1740962915 41936 0
1740962917 42095 0
1740962919 41992 0
1740962921 41887 0
1740962923 41877 0
1740962925 41901 0
1740962927 41937 0
1740962929 41789 0
1740962931 41828 0
1740962933 41979 0
1740962936 41997 0
1740962938 41844 0
1740962940 41829 0
1740962942 41867 0
1740962944 41847 0
1740962946 41850 0
1740962948 42015 0
1740962950 41828 0
1740962952 41807 0
1740962954 41991 0
1740962956 41891 0
1740962958 41918 0
1740962960 41921 0
1740962962 41828 0
1740962964 41915 0
1740962966 41920 0
1740962968 41970 0
1740962970 41841 0
1740962972 41933 0
1740962974 41796 0
1740962976 41947 0
1740962978 41755 0
1740962980 41889 0
1740962983 41826 0
1740962985 41801 0
1740962987 41972 0
1740962989 41844 0
1740962991 41985 0
1740962993 42009 0
1740962995 41872 0
1740962997 41820 0
1740962999 41828 0
1740963001 41986 0
1740963003 41807 0
1740963005 41972 0
1740963007 41886 0
1740963009 41920 0
1740963011 41775 0
1740963013 41879 0
1740963015 41878 0
1740963017 41815 0
1740963019 41985 0
1740963021 41932 0
1740963023 41932 0
1740963025 41954 0
1740963028 41886 0
1740963030 41994 0
1740963032 41900 0
1740963034 41969 0
1740963036 41990 0
1740963038 41950 0
1740963040 42052 0
1740963042 41887 0
1740963044 41982 0
1740963046 41982 0
1740963048 41968 0
1740963050 41921 0
1740963052 41916 0
1740963054 41832 0
1740963056 41948 0
1740963058 41970 0
1740963060 41936 0
1740963062 41913 0
1740963064 41822 0
1740963066 41794 0
1740963068 41893 0
1740963070 41811 0
1740963073 41845 0
1740963075 41847 0
1740963077 41963 0
1740963079 41984 0
1740963081 42010 0
1740963083 41814 0
1740963085 41909 0
1740963087 41920 0
1740963089 41861 0
1740963091 41970 0
1740963093 41887 0
1740963095 42049 0
1740963097 42001 0
1740963099 41914 0
1740963101 41971 0
1740963103 42072 0
1740963105 41992 0
1740963107 42000 0
1740963109 41925 0
1740963111 42037 0
1740963113 41951 0
1740963115 41939 0
1740963117 42007 0
1740963120 41914 0
1740963122 41951 0
1740963124 41826 0
1740963126 41851 0
1740963128 41823 0
1740963130 41864 0
1740963132 41821 0
1740963134 41804 0
1740963136 41847 0
1740963138 41882 0
1740963140 41761 0
1740963142 41812 0
1740963144 41886 0
1740963146 41884 0
1740963148 41960 0
1740963150 41907 0
1740963152 41818 0
1740963154 41912 0
1740963156 41853 0
1740963158 41788 0
1740963160 41882 0
1740963162 42008 0
1740963165 41890 0
1740963167 41936 0
1740963169 41982 0
1740963171 41971 0
1740963173 42077 0
1740963175 41925 0
1740963177 41930 0
1740963179 41999 0
1740963181 41910 0
1740963183 41766 0
1740963185 41880 0
1740963187 41878 0
1740963189 41815 0
1740963191 41936 0
1740963193 41996 0
1740963195 41957 0
1740963197 41902 0
1740963199 41983 0
1740963201 41901 0
1740963203 41948 0
1740963205 41878 0
1740963207 41789 0
1740963209 41875 0
1740963212 41956 0
1740963214 41962 0
1740963216 42031 0
1740963218 41943 0
1740963220 41908 0
1740963222 41895 0
1740963224 41936 0
1740963226 41972 0
1740963228 41914 0
1740963230 41955 0
1740963232 42055 0
1740963234 41971 0
1740963236 42022 0
1740963238 41948 0
1740963240 41870 0
1740963242 42131 0
1740963244 42093 0
1740963246 42110 0
1740963248 42130 0
1740963250 41972 0
1740963252 41992 0
1740963254 41980 0
1740963256 41940 0
1740963259 42013 0
1740963261 42012 0
1740963263 41959 0
1740963265 42051 0
1740963267 41882 0
1740963269 41839 0
1740963271 41935 0
1740963273 42037 0
1740963275 41918 0
1740963277 41973 0
1740963279 41914 0
1740963281 41972 0
1740963283 41966 0
1740963285 41909 0
1740963287 41918 0
1740963289 42056 0
1740963291 41884 0
1740963293 41899 0
1740963295 41958 0
1740963297 41965 0
1740963299 41969 0
1740963301 42035 0
1740963304 41937 0
1740963306 42003 0
1740963308 42074 0
1740963310 41929 0
1740963312 41957 0
1740963314 41907 0
1740963316 42045 0
1740963318 41915 0
1740963320 42021 0
1740963322 42038 0
1740963324 41875 0
1740963326 41893 0
1740963328 41943 0
1740963330 41957 0
1740963332 41982 0
1740963334 41801 0
1740963336 41869 0
1740963338 41936 0
1740963340 41804 0
1740963342 41914 0
1740963344 41711 0
1740963346 41885 0
1740963348 42025 0
1740963351 41948 0
1740963353 41907 0
1740963355 42049 0
1740963357 42040 0
1740963359 41918 0
1740963361 41954 0
1740963363 42058 0
1740963365 41919 0
1740963367 41799 0
1740963369 41927 0
1740963371 41947 0
1740963373 41926 0
1740963375 42004 0
1740963377 42067 0
1740963379 41926 0
1740963381 41975 0
1740963383 41968 0
1740963385 41854 0
1740963387 41926 0
1740963389 41864 0
1740963391 42026 0
1740963393 41969 0
1740963395 41889 0
1740963398 41897 0
1740963400 41918 0
1740963402 41868 0
1740963404 41854 0
1740963406 41881 0
1740963408 41944 0
1740963410 42008 0
1740963412 41861 0
1740963414 41861 0
1740963416 41938 0
1740963418 42109 0
1740963420 41975 0
1740963422 41910 0
1740963424 42013 0
1740963426 42113 0
1740963428 41995 0
1740963430 41925 0
1740963432 41884 0
1740963434 42061 0
1740963436 41933 0
1740963438 42021 0
1740963440 42046 0
1740963443 41958 0
1740963445 42093 0
1740963447 42172 0
1740963449 42014 0
1740963451 41805 0
1740963453 41971 0
1740963455 41925 0
1740963457 41980 0
1740963459 41945 0
1740963461 41865 0
1740963463 41949 0
1740963465 41774 0
1740963467 41932 0
1740963469 41861 0
1740963471 41837 0
1740963473 41952 0
1740963475 41817 0
1740963477 41831 0
1740963479 41850 0
1740963481 41815 0
1740963483 41920 0
1740963485 41877 0
1740963487 41867 0
1740963490 41951 0
1740963492 41869 0
1740963494 41837 0
1740963496 41796 0
1740963498 41876 0
1740963500 41838 0
1740963502 41968 0
1740963504 41895 0
1740963506 41884 0
1740963508 41976 0
1740963510 42010 0
1740963512 42014 0
1740963514 41867 0
1740963516 42006 0
1740963518 41856 0
1740963520 41897 0
1740963522 41807 0
1740963524 41821 0
1740963526 41881 0
1740963528 41990 0
1740963530 42043 0
1740963532 42067 0
1740963534 41846 0
1740963537 41880 0
1740963539 41849 0
1740963541 41800 0
1740963543 41848 0
1740963545 41815 0
1740963547 41834 0
1740963549 41815 0
1740963551 41789 0
1740963553 41876 0
1740963555 41876 0
1740963557 41839 0
1740963559 41850 0
1740963561 41966 0
1740963563 42027 0
1740963565 41878 0
1740963567 41941 0
1740963569 41948 0
1740963571 41935 0
1740963573 41843 0
1740963575 41857 0
1740963577 41870 0
1740963579 41984 0
1740963582 41943 0
1740963584 41936 0
1740963586 41994 0
1740963588 41894 0
1740963590 42051 0
1740963592 41906 0
1740963594 41935 0
1740963596 41866 0
1740963598 41989 0
1740963600 41958 0
1740963602 41981 0
1740963604 41916 0
1740963606 42022 0
1740963608 42042 0
1740963610 41752 0
1740963612 41931 0
1740963614 41782 0
1740963616 41909 0
1740963618 41932 0
1740963620 41851 0
1740963622 41956 0
1740963624 41923 0
1740963626 41908 0
1740963629 41991 0
1740963631 41897 0
1740963633 41888 0
1740963635 41839 0
1740963637 41896 0
1740963639 41973 0
1740963641 41976 0
1740963643 42024 0
1740963645 42061 0
1740963647 42016 0
1740963649 42053 0
1740963651 42023 0
1740963653 41910 0
1740963655 42015 0
1740963657 41927 0
1740963659 41853 0
1740963661 41948 0
1740963663 42008 0
1740963665 42062 0
1740963667 42084 0
1740963669 41984 0
1740963671 42096 0
1740963674 41934 0
1740963676 41895 0
1740963678 41966 0
1740963680 42049 0
1740963682 41941 0
1740963684 41925 0
1740963686 41818 0
1740963688 41936 0
1740963690 41941 0
1740963692 41826 0
1740963694 41836 0
1740963696 42044 0
1740963698 41805 0
1740963700 41871 0
1740963702 41838 0
1740963704 41899 0
1740963706 42071 0
1740963708 41917 0
1740963710 42183 0
1740963712 41898 0
1740963714 42002 0
1740963716 42017 0
1740963718 41958 0
1740963721 41921 0
1740963723 41845 0
1740963725 41911 0
1740963727 41947 0
1740963729 41861 0
1740963731 41890 0
1740963733 41907 0
1740963735 42019 0
1740963737 41924 0
1740963739 41837 0
1740963741 41886 0
1740963743 41881 0
1740963745 41878 0
1740963747 41874 0
1740963749 41876 0
1740963751 41827 0
1740963753 41845 0
1740963755 41909 0
1740963757 41784 0
1740963759 42043 0
1740963761 41870 0
1740963763 41854 0
1740963766 42011 0
1740963768 41865 0
1740963770 41885 0
1740963772 42114 0
1740963774 41947 0
1740963776 41940 0
1740963778 41979 0
1740963780 41949 0
1740963782 41971 0
1740963784 41898 0
1740963786 41969 0
1740963788 42046 0
1740963790 41878 0
1740963792 42015 0
1740963794 41864 0
1740963796 41877 0
1740963798 41878 0
1740963800 41858 0
1740963802 41888 0
1740963804 41932 0
1740963806 41768 0
1740963808 41846 0
1740963810 41786 0
1740963813 41841 0
1740963815 41914 0
1740963817 41881 0
1740963819 41817 0
1740963821 41953 0
1740963823 41944 0
1740963825 42084 0
1740963827 41912 0
1740963829 41780 0
1740963831 41819 0
1740963833 41992 0
1740963835 41980 0
1740963837 41877 0
1740963839 41818 0
1740963841 41908 0
1740963843 41941 0
1740963845 42029 0
1740963847 42090 0
1740963849 41973 0
1740963851 41917 0
1740963854 42176 0
1740963856 41889 0
1740963858 42090 0
1740963860 41962 0
1740963862 41862 0
1740963864 41936 0
1740963866 42017 0
1740963868 41947 0
1740963870 42053 0
1740963872 41967 0
1740963874 41995 0
1740963876 42018 0
1740963878 41941 0
1740963880 41950 0
1740963882 41891 0
1740963884 41919 0
1740963886 42343 0
1740963888 41974 0
1740963890 41928 0
1740963892 41983 0
1740963894 41912 0
1740963896 41933 0
1740963898 41915 0
1740963901 41940 0
1740963903 41852 0
1740963905 41927 0
1740963907 41806 0
1740963909 41990 0
1740963911 41938 0
1740963913 41975 0
1740963915 41890 0
1740963917 41979 0
1740963919 42023 0
1740963921 42002 0
1740963923 41874 0
1740963925 41960 0
1740963927 42042 0
1740963929 41965 0
1740963931 41938 0
1740963933 42025 0
1740963935 41954 0
1740963937 41889 0
1740963939 41911 0
1740963941 41932 0
1740963943 41848 0
1740963945 42031 0
1740963948 42209 0
1740963950 41965 0
1740963952 42063 0
1740963954 41985 0
1740963956 42048 0
1740963958 42197 0
1740963960 42038 0
1740963962 41997 0
1740963964 41826 0
1740963966 42055 0
1740963968 41880 0
1740963970 41934 0
1740963972 41904 0
1740963974 41892 0
1740963976 41880 0
1740963978 41974 0
1740963980 42356 0
1740963982 41972 0
1740963984 41932 0
1740963986 42133 0
1740963988 41863 0
1740963990 41939 0
1740963993 42142 0
1740963995 41958 0
1740963997 42161 0
1740963999 41913 0
1740964001 42061 0
1740964003 41881 0
1740964005 41990 0
1740964007 41861 0
1740964009 42069 0
1740964011 41826 0
1740964013 41882 0
1740964015 41986 0
1740964017 41826 0
1740964019 41882 0
1740964021 41969 0
1740964023 42069 0
1740964025 41942 0
1740964027 41863 0
1740964029 41904 0
1740964031 41886 0
1740964033 42069 0
1740964035 41957 0
1740964037 42074 0
1740964040 41908 0
1740964042 41952 0
1740964044 42071 0
1740964046 41978 0
1740964048 42051 0
1740964050 41922 0
1740964052 42007 0
1740964054 41960 0
1740964056 42243 0
1740964058 42021 0
1740964060 41830 0
1740964062 41837 0
1740964064 41796 0
1740964066 41898 0
1740964068 41845 0
1740964070 41962 0
1740964072 41931 0
1740964074 41945 0
1740964076 41834 0
1740964078 41879 0
1740964080 41928 0
1740964082 41876 0
1740964084 41860 0
1740964087 41864 0
1740964089 41859 0
1740964091 41869 0
1740964093 41970 0
1740964095 41908 0
1740964097 41858 0
1740964099 41857 0
1740964101 41960 0
1740964103 41973 0
1740964105 41914 0
1740964107 41976 0
1740964109 41923 0
1740964111 41877 0
1740964113 41865 0
1740964115 41964 0
1740964117 41992 0
1740964119 41992 0
1740964121 41884 0
1740964123 41920 0
1740964125 41927 0
1740964127 41964 0
1740964129 42021 0
1740964131 42131 0
1740964134 41928 0
1740964136 41976 0
1740964138 41953 0
1740964140 41854 0
1740964142 41914 0
1740964144 41865 0
1740964146 41873 0
1740964148 41940 0
1740964150 41886 0
1740964152 41841 0
1740964154 41967 0
1740964156 41881 0
1740964158 41988 0
1740964160 41892 0
1740964162 41943 0
1740964164 41946 0
1740964166 41808 0
1740964168 41935 0
1740964170 41805 0
1740964172 41958 0
1740964174 41933 0
1740964176 41820 0
1740964179 42073 0
1740964181 41931 0
1740964183 42112 0
1740964185 41961 0
1740964187 42009 0
1740964189 41919 0
1740964191 42015 0
1740964193 41980 0
1740964195 42014 0
1740964197 42015 0
1740964199 41934 0
1740964201 42037 0
1740964203 42042 0
1740964205 41953 0
1740964207 41880 0
1740964209 41845 0
1740964211 41901 0
1740964213 41935 0
1740964215 42127 0
1740964217 41929 0
1740964219 41926 0
1740964221 41920 0
1740964223 41969 0
1740964226 41832 0
1740964228 41901 0
1740964230 41818 0
1740964232 41833 0
1740964234 41888 0
1740964236 41833 0
1740964238 41910 0
1740964240 41928 0
1740964242 42016 0
1740964244 42034 0
1740964246 42190 0
1740964248 41884 0
1740964250 41853 0
1740964252 41965 0
1740964254 41798 0
1740964256 41919 0
1740964258 41818 0
1740964260 42017 0
1740964262 41855 0
1740964264 41993 0
1740964266 42007 0
1740964268 42136 0
1740964270 41862 0
1740964273 41960 0
1740964275 41901 0
1740964277 42032 0
1740964279 41887 0
1740964281 42074 0
1740964283 42082 0
1740964285 41843 0
1740964287 41932 0
1740964289 41834 0
1740964291 42032 0
1740964293 41909 0
1740964295 41857 0
1740964297 42077 0
1740964299 41992 0
1740964301 41799 0
1740964303 42040 0
1740964305 42090 0
1740964307 41941 0
1740964309 41857 0
1740964311 41968 0
1740964313 41914 0
1740964315 41854 0
1740964318 41889 0
1740964320 41921 0
1740964322 42016 0
1740964324 41883 0
1740964326 41935 0
1740964328 42040 0
1740964330 41995 0
1740964332 41985 0
1740964334 41960 0
1740964336 42117 0
1740964338 42229 0
1740964340 41865 0
1740964342 41919 0
1740964344 41973 0
1740964346 41954 0
1740964348 42000 0
1740964350 41923 0
1740964352 41874 0
1740964354 41958 0
1740964356 41936 0
1740964358 41925 0
1740964360 42096 0
1740964362 41919 0
1740964365 41938 0
1740964367 41883 0
1740964369 41979 0
1740964371 41923 0
1740964373 41821 0
1740964375 41809 0
1740964377 41942 0
1740964379 41862 0
1740964381 41876 0
1740964383 41879 0
1740964385 41821 0
1740964387 41974 0
1740964389 41887 0
1740964391 41924 0
1740964393 41918 0
1740964395 41833 0
1740964397 41901 0
1740964399 41835 0
1740964401 41969 0
1740964403 41936 0
1740964405 42025 0
1740964407 41948 0
1740964409 41886 0
1740964412 42029 0
1740964414 42069 0
1740964416 41943 0
1740964418 42077 0
1740964420 41960 0
1740964422 41928 0
1740964424 41823 0
1740964426 41863 0
1740964428 41910 0
1740964430 41896 0
1740964432 41924 0
1740964434 41970 0
1740964436 41902 0
1740964438 41912 0
1740964440 41874 0
1740964442 41920 0
1740964444 42007 0
1740964446 41967 0
1740964448 41857 0
1740964450 42123 0
1740964452 42209 0
1740964454 41879 0
1740964457 42007 0
1740964459 41869 0
1740964461 42044 0
1740964463 41968 0
1740964465 41908 0
1740964467 41867 0
1740964469 41898 0
1740964471 41892 0
1740964473 41899 0
1740964475 41950 0
1740964477 41911 0
1740964479 42091 0
1740964481 41929 0
1740964483 41996 0
1740964485 41977 0
1740964487 41964 0
1740964489 41882 0
1740964491 41945 0
1740964493 41945 0
1740964495 42134 0
1740964497 41952 0
1740964499 41869 0
1740964501 41847 0
1740964504 41885 0
1740964506 41925 0
1740964508 41914 0
1740964510 41810 0
1740964512 41878 0
1740964514 41838 0
1740964516 41780 0
1740964518 41851 0
1740964520 41901 0
1740964522 41980 0
1740964524 41902 0
1740964526 41791 0
1740964528 41848 0
1740964530 41795 0
1740964532 42004 0
1740964534 41947 0
1740964536 41941 0
1740964538 41894 0
1740964540 41907 0
1740964542 41974 0
1740964544 42014 0
1740964546 41984 0
1740964549 42017 0
1740964551 41930 0
1740964553 42101 0
1740964555 41987 0
1740964557 41921 0
1740964559 41940 0
1740964561 41898 0
1740964563 41952 0
1740964565 41942 0
1740964567 41965 0
1740964569 41948 0
1740964571 41821 0
1740964573 41878 0
1740964575 41858 0
1740964577 41837 0
1740964579 41963 0
1740964581 41998 0
1740964583 41873 0
1740964585 42088 0
1740964587 41872 0
1740964589 41836 0
1740964591 42042 0
1740964593 41989 0
1740964596 41951 0
1740964598 42010 0
1740964600 42149 0
1740964602 42344 0
1740964604 42294 0
1740964606 42203 0
1740964608 42284 0
1740964610 42225 0
1740964612 42260 0
1740964614 42376 0
1740964616 42070 0
1740964618 42023 0
1740964620 41976 0
1740964622 42013 0
1740964624 42077 0
1740964626 42259 0
1740964628 41951 0
1740964631 42011 0
1740964633 41939 0
1740964635 42161 0
1740964637 42078 0
1740964639 41947 0
1740964641 42046 0
1740964643 41918 0
1740964645 41864 0
1740964647 42056 0
1740964650 42036 0
1740964652 42025 0
1740964654 42111 0
1740964656 41999 0
1740964658 41942 0
1740964660 42023 0
1740964662 41907 0
1740964664 41973 0
1740964666 42066 0
1740964668 41966 0
1740964670 41927 0
1740964672 42089 0
1740964674 42029 0
1740964676 42087 0
1740964678 42057 0
1740964680 41950 0
1740964682 42069 0
1740964684 42080 0
1740964686 42118 0
1740964688 42013 0
1740964690 42142 0
1740964692 41979 0
1740964694 42133 0
1740964697 41980 0
1740964699 41855 0
1740964701 41962 0
1740964703 41885 0
1740964705 42003 0
1740964707 42045 0
1740964709 41827 0
1740964711 41952 0
1740964713 41896 0
1740964715 42071 0
1740964717 41991 0
1740964719 41900 0
1740964721 41823 0
1740964723 41950 0
1740964725 41877 0
1740964727 41858 0
1740964729 42013 0
1740964731 42053 0
1740964733 42012 0
1740964735 42065 0
1740964737 41940 0
1740964739 42027 0
1740964742 42095 0
1740964744 42053 0
1740964746 41996 0
1740964748 42005 0
1740964750 42041 0
1740964752 42026 0
1740964754 41873 0
1740964756 42027 0
1740964758 41993 0
1740964760 41988 0
1740964762 41990 0
1740964764 42038 0
1740964766 42043 0
1740964768 42080 0
1740964770 42293 0
1740964772 42172 0
1740964774 42064 0
1740964776 41823 0
1740964778 41899 0
1740964780 41917 0
1740964782 41981 0
1740964784 41926 0
1740964786 41935 0
1740964789 41920 0
1740964791 41984 0
1740964793 41901 0
1740964795 41974 0
1740964797 41937 0
1740964799 42049 0
1740964801 42100 0
1740964803 42015 0
1740964805 41923 0
1740964807 42123 0
1740964809 41979 0
1740964811 42000 0
1740964813 42010 0
1740964815 41983 0
1740964817 42042 0
1740964819 42239 0
1740964821 42064 0
1740964823 42035 0
1740964825 42079 0
1740964827 42019 0
1740964829 41944 0
1740964831 41972 0
1740964833 42084 0
1740964836 42106 0
1740964838 41937 0
1740964840 41969 0
1740964842 41972 0
1740964844 41983 0
1740964846 42143 0
1740964848 41936 0
1740964850 41930 0
1740964852 42023 0
1740964854 41992 0
1740964856 42015 0
1740964858 41927 0
1740964860 41963 0
1740964862 41865 0
1740964864 42074 0
1740964866 41932 0
1740964868 41967 0
1740964870 42078 0
1740964872 41976 0
1740964874 42046 0
1740964876 42154 0
1740964878 42016 0
1740964881 42079 0
1740964883 42001 0
1740964885 41827 0
1740964887 42042 0
1740964889 42023 0
1740964891 42087 0
1740964893 42125 0
1740964895 41986 0
1740964897 42011 0
1740964899 42058 0
1740964901 42207 0
1740964903 41997 0
1740964905 42041 0
1740964907 42018 0
1740964909 41946 0
1740964911 41997 0
1740964913 42098 0
1740964915 41995 0
1740964917 41831 0
1740964919 41936 0
1740964921 41895 0
1740964923 41908 0
1740964926 41941 0
1740964928 42142 0
1740964930 41988 0
1740964932 41944 0
1740964934 42162 0
1740964936 42048 0
1740964938 42026 0
1740964940 41862 0
1740964942 41968 0
1740964944 41922 0
1740964946 42013 0
1740964948 42048 0
1740964950 42065 0
1740964952 42132 0
1740964954 41916 0
1740964956 41885 0
1740964958 41940 0
1740964960 42003 0
1740964962 41937 0
1740964964 41965 0
1740964966 41979 0
1740964968 41908 0
1740964970 41999 0
1740964973 41957 0
1740964975 41951 0
1740964977 41911 0
1740964979 41934 0
1740964981 41995 0
1740964983 41871 0
1740964985 41944 0
1740964987 41868 0
1740964989 41993 0
1740964991 41879 0
1740964993 42004 0
1740964995 42009 0
1740964997 41941 0
1740964999 41971 0
1740965001 42102 0
1740965003 41888 0
1740965005 41926 0
1740965007 41972 0
1740965009 41930 0
1740965011 41904 0
1740965013 41889 0
1740965015 41933 0
1740965017 42096 0
1740965020 42034 0
1740965022 42004 0
1740965024 41921 0
1740965026 41931 0
1740965028 41964 0
1740965030 42023 0
1740965032 41962 0
1740965034 41980 0
1740965036 42002 0
1740965038 41923 0
1740965040 41998 0
1740965042 41893 0
1740965044 41920 0
1740965046 41995 0
1740965048 42069 0
1740965050 41987 0
1740965052 41913 0
1740965054 41886 0
1740965056 41935 0
1740965058 41938 0
1740965060 41924 0
1740965062 42044 0
1740965065 41919 0
1740965067 42074 0
1740965069 41900 0
1740965071 41943 0
1740965073 41903 0
1740965075 41964 0
1740965077 41848 0
1740965079 41921 0
1740965081 41803 0
1740965083 41907 0
1740965085 41901 0
1740965087 41973 0
1740965089 42028 0
1740965091 42037 0
1740965093 41921 0
1740965095 41913 0
1740965097 41903 0
1740965099 42062 0
1740965101 41969 0
1740965103 41863 0
1740965105 41880 0
1740965107 41886 0
1740965109 41922 0
1740965112 41804 0
1740965114 41966 0
1740965116 41930 0
1740965118 41975 0
1740965120 41774 0
1740965122 42041 0
1740965124 41936 0
1740965126 41883 0
1740965128 42018 0
1740965130 41875 0
1740965132 41885 0
1740965134 42002 0
1740965136 41873 0
1740965138 41910 0
1740965140 41885 0
1740965142 41946 0
1740965144 41853 0
1740965146 41860 0
1740965148 42064 0
1740965150 41929 0
1740965152 41983 0
1740965154 42267 0
1740965156 42011 0
1740965159 41976 0
1740965161 41999 0
1740965163 42058 0
1740965165 41841 0
1740965167 42058 0
1740965169 41974 0
1740965171 41971 0
1740965173 42053 0
1740965175 41956 0
1740965177 41887 0
1740965179 41825 0
1740965181 42063 0
1740965183 42255 0
1740965185 41883 0
1740965187 42146 0
1740965189 42154 0
1740965191 41938 0
1740965193 41895 0
1740965195 42003 0
1740965197 42040 0
1740965199 42007 0
1740965201 41947 0
1740965203 41852 0
1740965206 41977 0
1740965208 41916 0
1740965210 41926 0
1740965212 41842 0
1740965214 41958 0
1740965216 42067 0
1740965218 41980 0
1740965220 42145 0
1740965222 41969 0
1740965224 42003 0
1740965226 42035 0
1740965228 42096 0
1740965230 42103 0
1740965232 42067 0
1740965234 42318 0
1740965236 42232 0
1740965238 42124 0
1740965240 42027 0
1740965242 41958 0
1740965244 42029 0
1740965246 41874 0
1740965248 41967 0
1740965251 41997 0
1740965253 41961 0
1740965255 41951 0
1740965257 41865 0
1740965259 42043 0
1740965261 41873 0
1740965263 41917 0
1740965265 42028 0
1740965267 42169 0
1740965269 42134 0
1740965271 41840 0
1740965273 41983 0
1740965275 41975 0
1740965277 41987 0
1740965279 42020 0
1740965281 41921 0
1740965283 42045 0
1740965285 41965 0
1740965287 42053 0
1740965289 41904 0
1740965291 41969 0
1740965293 42111 0
1740965295 42055 0
1740965298 42102 0
1740965300 42250 0
1740965302 42021 0
1740965304 42055 0
1740965306 42037 0
1740965308 41983 0
1740965310 41884 0
1740965312 41873 0
1740965314 41898 0
1740965316 41992 0
1740965318 41964 0
1740965320 41963 0
1740965322 42042 0
1740965324 41905 0
1740965326 42127 0
1740965328 41875 0
1740965330 41918 0
1740965332 42089 0
1740965334 41984 0
1740965336 41846 0
1740965338 41902 0
1740965340 41914 0
1740965343 41822 0
1740965345 41947 0
1740965347 41978 0
1740965349 41957 0
1740965351 42064 0
1740965353 41819 0
1740965355 41915 0
1740965357 41933 0
1740965359 42009 0
1740965361 42041 0
1740965363 42098 0
1740965365 42023 0
1740965367 42105 0
1740965369 41902 0
1740965371 41975 0
1740965373 41974 0
1740965375 41895 0
1740965377 41908 0
1740965379 42020 0
1740965381 42030 0
1740965383 41949 0
1740965385 41946 0
1740965387 41870 0
1740965390 42033 0
1740965392 42018 0
1740965394 41957 0
1740965396 41954 0
1740965398 41807 0
1740965400 41903 0
1740965402 42016 0
1740965404 41883 0
1740965406 41970 0
1740965408 42086 0
1740965410 41922 0
1740965412 41923 0
1740965414 41830 0
1740965416 41893 0
1740965418 41903 0
1740965420 42005 0
1740965422 42038 0
1740965424 41810 0
1740965426 41993 0
1740965428 41952 0
1740965430 41977 0
1740965433 42255 0
1740965435 41960 0
1740965437 42155 0
1740965439 42108 0
1740965441 42044 0
1740965443 41996 0
1740965445 42067 0
1740965447 41944 0
1740965449 41988 0
1740965451 41883 0
1740965453 41961 0
1740965455 41937 0
1740965457 41925 0
1740965459 41802 0
1740965461 42002 0
1740965463 42007 0
1740965465 42020 0
1740965467 41933 0
1740965469 41950 0
1740965471 41854 0
1740965473 41929 0
1740965475 42023 0
1740965477 41888 0
1740965480 41931 0
1740965482 41930 0
1740965484 41989 0
1740965486 41932 0
1740965488 42001 0
1740965490 42019 0
1740965492 42000 0
1740965494 41980 0
1740965496 41933 0
1740965498 42024 0
1740965500 42040 0
1740965502 41955 0
1740965504 42086 0
1740965506 41972 0
1740965508 42220 0
1740965510 42140 0
1740965512 42127 0
1740965514 41943 0
1740965516 41943 0
1740965518 41966 0
1740965520 41968 0
1740965522 42007 0
1740965524 41888 0
1740965527 41860 0
1740965529 41993 0
1740965531 41912 0
1740965533 41887 0
1740965535 41981 0
1740965537 41924 0
1740965539 41952 0
1740965541 41842 0
1740965543 41978 0
1740965545 41902 0
1740965547 41840 0
1740965549 41840 0
1740965551 41939 0
1740965553 41954 0
1740965555 42012 0
1740965557 41952 0
1740965559 42044 0
1740965561 41893 0
1740965563 41919 0
1740965565 41974 0
1740965567 42006 0
1740965569 42188 0
1740965572 42050 0
1740965574 42133 0
1740965576 42072 0
1740965578 41994 0
1740965580 41981 0
1740965582 41988 0
1740965584 41928 0
1740965586 41975 0
1740965588 42000 0
1740965590 41971 0
1740965592 41972 0
1740965594 42004 0
1740965596 41956 0
1740965598 42072 0
1740965600 41986 0
1740965602 41854 0
1740965604 41971 0
1740965606 41940 0
1740965608 41940 0
1740965610 41916 0
1740965612 41882 0
1740965614 41951 0
1740965616 41993 0
1740965619 41968 0
1740965621 41928 0
1740965623 41922 0
1740965625 42124 0
1740965627 42036 0
1740965629 42025 0
1740965631 41936 0
1740965633 41966 0
1740965635 42024 0
1740965637 42136 0
1740965639 42022 0
1740965641 42120 0
1740965643 42093 0
1740965645 41946 0
1740965647 42155 0
1740965649 41890 0
1740965651 41939 0
1740965653 42006 0
1740965655 41980 0
1740965657 41935 0
1740965659 41881 0
1740965661 41932 0
1740965663 41896 0
1740965666 41844 0
1740965668 42072 0
1740965670 41966 0
1740965672 42002 0
1740965674 41930 0
1740965676 42031 0
1740965678 41918 0
1740965680 41985 0
1740965682 41876 0
1740965684 41904 0
1740965686 41913 0
1740965688 41923 0
1740965690 41987 0
1740965692 42144 0
1740965694 42000 0
1740965696 41930 0
1740965698 41919 0
1740965700 41791 0
1740965702 41892 0
1740965704 41973 0
1740965706 42077 0
1740965708 42002 0
1740965711 41897 0
1740965713 42038 0
1740965715 41947 0
1740965717 42106 0
1740965719 42094 0
1740965721 41972 0
1740965723 41924 0
1740965725 41961 0
1740965727 41932 0
1740965729 41855 0
1740965731 41996 0
1740965733 41992 0
1740965735 41895 0
1740965737 41912 0
1740965739 42011 0
1740965741 41885 0
1740965743 41952 0
1740965745 42128 0
1740965747 41974 0
1740965749 42006 0
1740965751 41917 0
1740965753 41835 0
1740965756 41923 0
1740965758 42042 0
1740965760 41996 0
1740965762 41969 0
1740965764 41947 0
1740965766 41869 0
1740965768 42140 0
1740965770 41908 0
1740965772 41962 0
1740965774 41954 0
1740965776 41987 0
1740965778 42039 0
1740965780 41971 0
1740965782 42002 0
1740965784 41992 0
1740965786 41969 0
1740965788 41966 0
1740965790 41978 0
1740965792 42018 0
1740965794 42033 0
1740965796 42045 0
1740965798 41959 0
1740965800 41948 0
1740965803 42090 0
1740965805 41982 0
1740965807 42016 0
1740965809 41955 0
1740965811 41833 0
1740965813 41926 0
1740965815 41870 0
1740965817 42036 0
1740965819 41894 0
1740965821 41997 0
1740965823 41884 0
1740965825 41927 0
1740965827 41983 0
1740965829 41896 0
1740965831 42148 0
1740965833 42087 0
1740965835 41975 0
1740965837 41918 0
1740965839 41908 0
1740965841 41901 0
1740965843 42108 0
1740965845 42010 0
1740965847 41997 0
1740965850 41929 0
1740965852 42017 0
1740965854 41969 0
1740965856 42037 0
1740965858 42030 0
1740965860 41918 0
1740965862 42009 0
1740965864 42059 0
1740965866 41984 0
1740965868 41972 0
1740965870 41970 0
1740965872 41971 0
1740965874 41987 0
1740965876 41897 0
1740965878 41915 0
1740965880 41892 0
1740965882 41961 0
1740965884 42002 0
1740965886 41969 0
1740965888 41868 0
1740965890 41971 0
1740965892 41873 0
1740965894 42014 0
1740965897 42006 0
1740965899 41986 0
1740965901 41996 0
1740965903 41959 0
1740965905 41979 0
1740965907 41922 0
1740965909 41964 0
1740965911 42011 0
1740965913 42023 0
1740965915 42029 0
1740965917 42058 0
1740965919 41969 0
1740965921 42023 0
1740965923 42049 0
1740965925 41970 0
1740965927 42050 0
1740965929 41892 0
1740965931 42003 0
1740965933 41869 0
1740965935 42011 0
1740965937 42010 0
1740965939 41896 0
1740965942 41923 0
1740965944 41957 0
1740965946 42032 0
1740965948 41954 0
1740965950 42004 0
1740965952 42006 0
1740965954 41952 0
1740965956 41960 0
1740965958 42091 0
1740965960 42162 0
1740965962 42101 0
1740965964 41975 0
1740965966 41917 0
1740965968 42027 0
1740965970 42060 0
1740966029 41817 0
1740966031 42006 0
1740966033 42005 0
1740966036 41914 0
1740966038 42030 0
1740966040 41922 0
1740966042 42146 0
1740966044 41930 0
1740966046 42056 0
1740966048 41963 0
1740966050 41962 0
1740966052 42048 0
1740966054 42122 0
1740966056 41978 0
1740966058 42056 0
1740966060 42069 0
1740966062 42184 0
1740966064 42014 0
1740966066 42000 0
1740966068 41932 0
1740966070 42030 0
1740966072 41981 0
1740966074 41959 0
1740966076 41984 0
1740966078 41967 0
1740966081 41930 0
1740966083 41980 0
1740966085 41992 0
1740966087 42042 0
1740966089 42051 0
1740966091 42036 0
1740966093 41873 0
1740966095 41920 0
1740966097 42000 0
1740966099 41931 0
1740966101 41951 0
1740966103 42005 0
1740966105 41981 0
1740966107 41929 0
1740966109 41912 0
1740966111 41871 0
1740966113 42073 0
1740966115 41966 0
1740966117 42029 0
1740966119 42026 0
1740966121 41963 0
1740966123 41858 0
1740966125 41948 0
1740966128 41853 0
1740966130 42047 0
1740966132 41966 0
1740966134 42072 0
1740966136 41889 0
1740966138 41939 0
1740966140 41992 0
1740966142 41981 0
1740966144 41913 0
1740966146 41971 0
1740966148 42074 0
1740966150 42044 0
1740966152 42042 0
1740966154 41902 0
1740966156 41792 0
1740966158 42067 0
1740966160 42018 0
1740966162 41949 0
1740966164 42065 0
1740966166 41911 0
1740966168 42040 0
1740966170 41926 0
1740966172 41772 0
1740966175 42073 0
1740966177 42049 0
1740966179 42014 0
1740966181 41976 0
1740966183 41979 0
1740966185 42023 0
1740966187 42206 0
1740966189 42055 0
1740966191 42008 0
1740966193 42259 0
1740966195 42096 0
1740966197 41965 0
1740966199 42058 0
1740966201 41946 0
1740966203 41988 0
1740966205 41905 0
1740966207 41946 0
1740966209 41959 0
1740966211 41962 0
1740966213 41932 0
1740966215 42085 0
1740966217 42084 0
1740966220 42086 0
1740966222 42147 0
1740966224 41823 0
1740966226 42010 0
1740966228 42061 0
1740966230 41931 0
1740966232 41876 0
1740966234 41947 0
1740966236 41836 0
1740966238 41984 0
1740966240 42048 0
1740966242 41930 0
1740966244 42074 0
1740966246 41999 0
1740966248 41924 0
1740966250 41995 0
1740966252 42099 0
1740966254 42142 0
1740966256 42026 0
1740966258 42254 0
1740966260 42182 0
1740966262 42031 0
1740966264 41967 0
1740966267 41891 0
1740966269 41978 0
1740966271 41935 0
1740966273 41759 0
1740966275 41905 0
1740966277 42027 0
1740966279 41994 0
1740966281 42050 0
1740966283 42069 0
1740966285 42131 0
1740966287 42132 0
1740966289 41934 0
1740966291 42029 0
1740966293 42061 0
1740966295 42064 0
1740966297 42041 0
1740966299 42045 0
1740966301 41985 0
1740966303 42070 0
1740966305 41944 0
1740966307 41937 0
1740966309 42049 0
1740966311 42084 0
1740966314 41915 0
1740966316 41916 0
1740966318 41942 0
1740966320 42010 0
1740966322 41954 0
1740966324 41960 0
1740966326 42035 0
1740966328 42092 0
1740966330 41942 0
1740966332 41961 0
1740966334 42172 0
1740966336 42233 0
1740966338 42023 0
1740966340 41998 0
1740966342 42037 0
1740966344 42002 0
1740966346 41997 0
1740966348 41985 0
1740966350 42112 0
1740966352 42243 0
1740966354 42291 0
1740966356 41921 0
1740966359 42145 0
1740966361 42030 0
1740966363 42068 0
1740966365 42077 0
1740966367 42190 0
1740966369 42192 0
1740966371 42010 0
1740966373 42060 0
1740966375 42191 0
1740966377 42065 0
1740966379 42127 0
1740966381 42225 0
1740966383 42064 0
1740966385 42114 0
1740966387 42144 0
1740966389 42054 0
1740966391 41933 0
1740966393 42074 0
1740966395 42098 0
1740966397 42029 0
1740966399 42326 0
1740966401 42012 0
1740966403 42133 0
1740966406 42168 0
1740966408 41975 0
1740966410 42229 0
1740966412 42134 0
1740966414 42087 0
1740966416 42068 0
1740966418 41935 0
1740966420 41938 0
1740966422 42031 0
1740966424 41907 0
1740966426 42009 0
1740966428 42164 0
1740966430 42066 0
1740966432 41931 0
1740966434 41829 0
1740966436 42053 0
1740966438 41942 0
1740966440 41972 0
1740966442 42135 0
1740966444 42054 0
1740966446 42148 0
1740966448 42169 0
1740966451 42275 0
1740966453 42157 0
1740966455 42041 0
1740966457 41958 0
1740966459 42148 0
1740966461 42144 0
1740966463 42136 0
1740966465 42177 0
1740966467 42276 0
1740966469 42118 0
1740966471 42029 0
1740966473 42056 0
1740966475 42275 0
1740966477 42007 0
1740966479 42009 0
1740966481 41880 0
1740966483 42143 0
1740966485 42093 0
1740966487 41964 0
1740966489 41973 0
1740966491 41935 0
1740966493 42043 0
1740966495 42070 0
1740966498 41892 0
1740966500 41892 0
1740966502 42144 0
1740966504 42102 0
1740966506 42018 0
1740966508 41969 0
1740966510 41934 0
1740966512 41881 0
1740966514 42073 0
1740966516 41906 0
1740966518 41983 0
1740966520 42040 0
1740966522 42178 0
1740966524 42005 0
1740966526 41996 0
1740966528 42065 0
1740966530 42048 0
1740966532 42213 0
1740966534 42099 0
1740966536 42028 0
1740966538 41918 0
1740966540 41979 0
1740966542 42102 0
1740966545 41862 0
1740966547 41908 0
1740966549 41949 0
1740966551 42077 0
1740966553 42028 0
1740966555 42161 0
1740966557 42208 0
1740966559 42275 0
1740966561 42036 0
1740966563 42220 0
1740966565 42032 0
1740966567 41963 0
1740966569 41985 0
1740966571 41916 0
1740966573 42093 0
1740966575 41894 0
1740966577 42075 0
1740966579 42004 0
1740966581 41895 0
1740966583 42115 0
1740966585 41937 0
1740966587 41945 0
1740966590 41962 0
1740966592 41931 0
1740966594 42001 0
1740966596 42083 0
1740966598 41969 0
1740966600 41834 0
1740966602 41909 0
1740966604 41986 0
1740966606 42519 0
1740966608 42253 0
1740966610 42252 0
1740966612 42242 0
1740966614 42098 0
1740966616 41982 0
1740966618 42130 0
1740966620 42013 0
1740966622 42017 0
1740966624 41918 0
1740966626 42033 0
1740966628 42323 0
1740966630 42306 0
1740966632 42109 0
1740966634 42022 0
1740966637 42112 0
1740966639 42005 0
1740966641 42231 0
1740966643 42038 0
1740966645 42263 0
1740966647 42215 0
1740966649 42033 0
1740966651 41944 0
1740966653 42061 0
1740966655 42005 0
1740966657 41919 0
1740966659 42014 0
1740966661 41949 0
1740966663 41951 0
1740966665 42265 0
1740966667 42181 0
1740966669 42165 0
1740966671 42176 0
1740966673 42166 0
1740966675 42052 0
1740966677 42422 0
1740966679 42246 0
1740966681 42097 0
1740966684 42211 0
1740966686 42124 0
1740966688 41967 0
1740966690 42054 0
1740966692 42119 0
1740966694 42109 0
1740966696 42252 0
1740966698 42145 0
1740966700 42008 0
1740966702 42136 0
1740966704 42003 0
1740966706 42050 0
1740966708 42031 0
1740966710 42029 0
1740966712 42120 0
1740966714 42078 0
1740966716 42188 0
1740966718 41999 0
1740966720 42104 0
1740966722 41948 0
1740966724 42013 0
1740966726 41892 0
1740966729 41937 0
1740966731 41916 0
1740966733 42012 0
1740966735 42074 0
1740966737 41944 0
1740966739 42057 0
1740966741 42063 0
1740966743 41976 0
1740966745 42082 0
1740966747 42154 0
1740966749 42164 0
1740966751 42349 0
1740966753 42077 0
1740966755 42059 0
1740966757 42111 0
1740966759 42136 0
1740966761 42158 0
1740966763 42018 0
1740966765 42049 0
1740966767 41899 0
1740966769 42211 0
1740966771 41885 0
1740966773 41975 0
1740966776 42115 0
1740966778 41981 0
1740966780 42045 0
1740966782 42181 0
1740966784 42033 0
1740966786 41831 0
1740966788 42005 0
1740966790 41937 0
1740966792 41955 0
1740966794 42079 0
1740966796 41938 0
1740966798 41914 0
1740966800 42026 0
1740966802 41963 0
1740966804 41980 0
1740966806 42147 0
1740966808 42041 0
1740966810 42094 0
1740966812 41995 0
1740966814 41926 0
1740966816 42090 0
1740966818 41987 0
1740966821 42062 0
1740966823 41863 0
1740966825 41843 0
1740966827 41977 0
1740966829 42031 0
1740966831 42010 0
1740966833 41971 0
1740966835 42036 0
1740966837 42097 0
1740966839 42165 0
1740966841 41982 0
1740966843 42169 0
1740966845 41986 0
1740966847 42130 0
1740966849 42026 0
1740966851 41957 0
1740966853 42024 0
1740966855 42260 0
1740966857 42442 0
1740966859 42030 0
1740966861 41964 0
1740966863 42138 0
1740966865 42195 0
1740966868 42153 0
1740966870 42156 0
1740966872 42192 0
1740966874 42166 0
1740966876 42028 0
1740966878 42138 0
1740966880 42171 0
1740966882 41950 0
1740966884 42110 0
1740966886 41943 0
1740966888 42080 0
1740966890 42132 0
1740966892 42049 0
1740966894 42054 0
1740966896 42210 0
1740966898 42037 0
1740966900 41978 0
1740966902 42022 0
1740966904 42071 0
1740966906 41968 0
1740966908 42096 0
1740966910 42091 0
1740966912 42078 0
1740966915 42070 0
1740966917 42084 0
1740966919 42015 0
1740966921 42022 0
1740966923 41944 0
1740966925 42048 0
1740966927 42053 0
1740966929 42210 0
1740966931 42060 0
1740966933 41955 0
1740966935 42028 0
1740966937 42166 0
1740966939 42022 0
1740966941 42078 0
1740966943 42042 0
1740966945 42051 0
1740966947 42177 0
1740966949 42084 0
1740966951 42081 0
1740966953 42065 0
1740966955 42079 0
1740966957 42152 0
1740966960 42146 0
1740966962 42139 0
1740966964 42061 0
1740966966 42045 0
1740966968 41926 0
1740966970 42031 0
1740966972 41933 0
1740966974 41865 0
1740966976 41970 0
1740966978 41977 0
1740966980 42076 0
1740966982 42020 0
1740966984 42120 0
1740966986 41794 0
1740966988 41831 0
1740966990 41887 0
1740966992 41922 0
1740966994 41954 0
1740966996 42049 0
1740966998 41870 0
1740967000 41949 0
1740967002 41953 0
1740967004 41926 0
1740967007 41976 0
1740967009 42015 0
1740967011 42048 0
1740967013 42108 0
1740967015 42020 0
1740967017 42002 0
1740967019 41956 0
1740967021 42037 0
1740967023 42067 0
1740967025 42215 0
1740967027 41940 0
1740967029 41985 0
1740967031 42206 0
1740967033 42160 0
1740967035 42075 0
1740967037 42146 0
1740967039 42221 0
1740967041 42259 0
1740967043 42167 0
1740967045 42101 0
1740967047 41959 0
1740967049 41970 0
1740967052 42132 0
1740967054 41857 0
1740967056 42052 0
1740967058 41963 0
1740967060 41969 0
1740967062 42154 0
1740967064 41945 0
1740967066 42041 0
1740967068 42106 0
1740967070 42048 0
1740967072 42073 0
1740967074 42036 0
1740967076 42023 0
1740967078 42081 0
1740967080 42120 0
1740967082 42097 0
1740967084 42051 0
1740967086 41997 0
1740967088 42040 0
1740967090 41939 0
1740967092 42055 0
1740967094 42101 0
1740967096 42037 0
1740967099 42039 0
1740967101 42168 0
1740967103 41999 0
1740967105 42110 0
1740967107 41949 0
1740967109 41916 0
1740967111 41966 0
1740967113 42028 0
1740967115 42126 0
1740967117 42074 0
1740967119 42008 0
1740967121 41897 0
1740967123 42029 0
1740967125 42142 0
1740967127 41987 0
1740967129 42076 0
1740967131 42070 0
1740967133 42018 0
1740967135 42114 0
1740967137 42005 0
1740967139 42144 0
1740967141 42017 0
1740967143 41983 0
1740967146 42138 0
1740967148 41975 0
1740967150 42156 0
1740967152 42107 0
1740967154 42069 0
1740967156 42131 0
1740967158 42108 0
1740967160 42175 0
1740967162 42135 0
1740967164 42157 0
1740967166 42094 0
1740967168 42178 0
1740967170 42117 0
1740967172 42108 0
1740967174 42117 0
1740967176 42257 0
1740967178 42019 0
1740967180 42046 0
1740967182 42053 0
1740967184 42146 0
1740967186 41992 0
1740967188 42111 0
1740967190 42011 0
1740967193 42161 0
1740967195 42186 0
1740967197 41993 0
1740967199 42111 0
1740967201 42051 0
1740967203 42127 0
1740967205 42111 0
1740967207 42123 0
1740967209 42091 0
1740967211 41981 0
1740967213 42165 0
1740967215 42142 0
1740967217 42116 0
1740967219 42097 0
1740967221 42111 0
1740967223 42056 0
1740967225 42105 0
1740967227 42057 0
1740967229 42039 0
1740967231 42129 0
1740967233 42047 0
1740967235 42047 0
1740967238 42082 0
1740967240 42031 0
1740967242 42078 0
1740967244 42042 0
1740967246 42031 0
1740967248 42061 0
1740967250 41963 0
1740967252 41999 0
1740967254 41932 0
1740967256 42067 0
1740967258 42057 0
1740967260 42121 0
1740967262 42019 0
1740967264 41971 0
1740967266 41897 0
1740967268 42002 0
1740967270 41978 0
1740967272 42004 0
1740967274 42159 0
1740967276 42076 0
1740967278 41962 0
1740967280 42050 0
1740967282 42105 0
1740967285 42092 0
1740967287 42144 0
1740967289 42136 0
1740967291 42090 0
1740967293 41975 0
1740967295 42166 0
1740967297 42114 0
1740967299 42037 0
1740967301 42167 0
1740967303 41971 0
1740967305 42048 0
1740967307 42055 0
1740967309 42061 0
1740967311 42008 0
1740967313 41982 0
1740967315 41956 0
1740967317 42098 0
1740967319 42147 0
1740967321 42068 0
1740967323 42028 0
1740967325 41992 0
1740967327 41853 0
1740967329 42053 0
1740967332 42002 0
1740967334 41976 0
1740967336 42018 0
1740967338 41999 0
1740967340 42057 0
1740967342 41969 0
1740967344 42077 0
1740967346 42028 0
1740967348 41943 0
1740967350 41934 0
1740967352 42131 0
1740967354 42243 0
1740967356 42059 0
1740967358 42042 0
1740967360 41957 0
1740967362 42089 0
1740967364 42055 0
1740967366 42138 0
1740967368 42039 0
1740967370 42036 0
1740967372 42045 0
1740967374 42105 0
1740967377 42082 0
1740967379 42085 0
1740967381 42043 0
1740967383 41955 0
1740967385 41989 0
1740967387 42117 0
1740967389 42029 0
1740967391 42155 0
1740967393 42057 0
1740967395 42034 0
1740967397 42019 0
1740967399 42059 0
1740967401 42132 0
1740967403 42030 0
1740967405 42106 0
1740967407 42156 0
1740967409 42106 0
1740967411 42105 0
1740967413 42170 0
1740967415 42039 0
1740967417 42118 0
1740967419 42064 0
1740967422 42081 0
1740967424 42199 0
1740967426 42056 0
1740967428 42156 0
1740967430 42106 0
1740967432 42207 0
1740967434 42218 0
1740967436 42165 0
1740967438 42123 0
1740967440 42021 0
1740967442 42111 0
1740967444 42056 0
1740967446 42116 0
1740967448 42100 0
1740967450 42062 0
1740967452 42148 0
1740967454 42082 0
1740967456 42031 0
1740967458 41876 0
1740967460 42016 0
1740967462 42032 0
1740967464 42043 0
1740967466 42038 0
1740967469 42120 0
1740967471 42039 0
1740967473 42055 0
1740967475 41990 0
1740967477 42076 0
1740967479 42058 0
1740967481 42180 0
1740967483 41987 0
1740967485 42089 0
1740967487 42072 0
1740967489 41994 0
1740967491 42155 0
1740967493 42304 0
1740967495 42125 0
1740967497 42102 0
1740967499 42113 0
1740967501 42118 0
1740967503 42092 0
1740967505 41995 0
1740967507 42121 0
1740967509 42239 0
1740967511 42020 0
1740967514 42042 0
1740967516 41990 0
1740967518 42140 0
1740967520 42077 0
1740967522 41997 0
1740967524 42094 0
1740967526 41969 0
1740967528 42051 0
1740967530 42099 0
1740967532 41948 0
1740967534 42044 0
1740967536 41942 0
1740967538 42021 0
1740967540 42016 0
1740967542 42013 0
1740967544 41957 0
1740967546 42046 0
1740967548 41986 0
1740967550 42100 0
1740967552 42034 0
1740967554 42042 0
1740967556 42151 0
1740967558 42156 0
1740967561 42213 0
1740967563 42020 0
1740967565 42148 0
1740967567 42021 0
1740967569 41951 0
1740967571 41982 0
1740967573 42038 0
1740967575 41975 0
1740967577 41938 0
1740967579 42013 0
1740967581 41901 0
1740967583 42057 0
1740967585 42017 0
1740967587 42089 0
1740967589 41952 0
1740967591 41978 0
1740967593 42095 0
1740967595 41927 0
1740967597 42029 0
1740967599 41982 0
1740967601 42103 0
1740967603 41979 0
1740967605 42000 0
1740967608 42017 0
1740967610 42088 0
1740967612 42168 0
1740967614 42064 0
1740967616 41895 0
1740967618 42049 0
1740967620 42147 0
1740967622 42090 0
1740967624 42066 0
1740967626 42073 0
1740967628 42158 0
1740967630 42188 0
1740967632 42109 0
1740967634 42045 0
1740967636 42173 0
1740967638 42110 0
1740967640 42075 0
1740967642 42075 0
1740967644 41925 0
1740967646 42012 0
1740967648 42105 0
1740967650 42066 0
1740967652 42013 0
1740967655 42061 0
1740967657 41916 0
1740967659 42016 0
1740967661 42074 0
1740967663 41974 0
1740967665 41942 0
1740967667 42110 0
1740967669 42079 0
1740967671 42007 0
1740967673 41890 0
1740967675 42059 0
1740967677 42046 0
1740967679 42047 0
1740967681 42083 0
1740967683 42092 0
1740967685 42035 0
1740967687 42117 0
1740967689 42102 0
1740967691 42049 0
1740967693 42032 0
1740967695 42020 0
1740967697 42030 0
1740967700 42101 0
1740967702 42046 0
1740967704 42201 0
1740967706 42198 0
1740967708 42172 0
1740967710 42065 0
1740967712 42009 0
1740967714 42135 0
1740967716 42081 0
1740967718 42000 0
1740967720 41981 0
1740967722 42000 0
1740967724 42050 0
1740967726 42102 0
1740967728 42052 0
1740967730 42172 0
1740967732 42154 0
1740967734 42062 0
1740967736 42025 0
1740967738 42097 0
1740967740 42109 0
1740967742 42006 0
1740967744 42007 0
1740967747 42162 0
1740967749 42085 0
1740967751 42105 0
1740967753 42180 0
1740967755 42030 0
1740967757 42022 0
1740967759 41934 0
1740967761 42075 0
1740967763 42084 0
1740967765 42064 0
1740967767 42138 0
1740967769 42111 0
1740967771 42171 0
1740967773 42142 0
1740967775 42060 0
1740967777 42127 0
1740967779 42068 0
1740967781 42078 0
1740967783 42039 0
1740967785 42074 0
1740967787 42105 0
1740967789 42044 0
1740967791 42045 0
1740967794 42154 0
1740967796 42132 0
1740967798 42048 0
1740967800 42033 0
1740967802 42017 0
1740967804 41985 0
1740967806 42119 0
1740967808 41936 0
1740967810 42005 0
1740967812 42117 0
1740967814 42113 0
1740967816 42105 0
1740967818 42118 0
1740967820 42023 0
1740967822 42144 0
1740967824 42134 0
1740967826 42041 0
1740967828 42128 0
1740967830 42040 0
1740967832 42193 0
1740967834 42187 0
1740967836 42293 0
1740967838 42234 0
1740967841 42150 0
1740967843 42192 0
1740967845 42128 0
1740967847 42126 0
1740967849 42148 0
1740967851 42176 0
1740967853 41972 0
1740967855 42039 0
1740967857 42153 0
1740967859 42231 0
1740967861 41997 0
1740967863 42082 0
1740967865 42080 0
1740967867 42151 0
1740967869 42089 0
1740967871 42010 0
1740967873 42081 0
1740967875 42146 0
1740967877 42068 0
1740967879 41989 0
1740967881 42118 0
1740967883 42004 0
1740967886 42189 0
1740967888 42047 0
1740967890 42080 0
1740967892 42089 0
1740967894 42126 0
1740967896 42058 0
1740967898 42098 0
1740967900 42052 0
1740967902 42059 0
1740967904 42049 0
1740967906 42186 0
1740967908 42067 0
1740967910 42118 0
1740967912 42052 0
1740967914 42143 0
1740967916 41964 0
1740967918 42178 0
1740967920 42120 0
1740967922 42132 0
1740967924 42033 0
1740967926 41995 0
1740967928 42239 0
1740967930 42013 0
1740967933 41944 0
1740967935 42061 0
1740967937 42000 0
1740967939 42087 0
1740967941 42073 0
1740967943 42051 0
1740967945 41971 0
1740967947 42210 0
1740967949 42122 0
1740967951 42182 0
1740967953 42126 0
1740967955 42089 0
1740967957 42119 0
1740967959 42168 0
1740967961 42050 0
1740967963 42035 0
1740967965 42087 0
1740967967 41989 0
1740967969 42181 0
1740967971 42134 0
1740967973 42082 0
1740967975 42062 0
1740967977 42172 0
1740967980 42165 0
1740967982 42178 0
1740967984 42174 0
1740967986 42196 0
1740967988 42153 0
1740967990 42178 0
1740967992 42148 0
1740967994 42124 0
1740967996 42158 0
1740967998 42172 0
1740968000 42063 0
1740968002 41983 0
1740968004 42202 0
1740968006 42037 0
1740968008 42127 0
1740968010 42087 0
1740968012 42160 0
1740968014 42013 0
1740968016 42080 0
1740968018 41976 0
1740968020 42072 0
1740968022 42196 0
1740968025 42147 0
1740968027 42133 0
1740968029 42160 0
1740968031 42017 0
1740968033 42058 0
1740968035 42056 0
1740968037 42184 0
1740968039 42095 0
1740968041 42170 0
1740968043 42186 0
1740968045 42126 0
1740968047 42060 0
1740968049 42180 0
1740968051 42185 0
1740968053 42106 0
1740968055 42075 0
1740968057 42134 0
1740968059 42014 0
1740968061 42017 0
1740968063 42094 0
1740968065 42161 0
1740968067 42110 0
1740968069 42029 0
1740968072 42198 0
1740968074 41982 0
1740968076 42008 0
1740968078 42051 0
1740968080 42008 0
1740968082 42029 0
1740968084 42045 0
1740968086 41998 0
1740968088 42023 0
1740968090 41980 0
1740968092 42073 0
1740968094 42035 0
1740968096 42076 0
1740968098 42033 0
1740968100 41974 0
1740968102 42008 0
1740968104 42054 0
1740968106 42086 0
1740968108 42121 0
1740968110 42200 0
1740968112 42145 0
1740968114 42124 0
1740968116 42074 0
1740968119 42222 0
1740968121 42229 0
1740968123 41962 0
1740968125 42011 0
1740968127 42158 0
1740968129 42134 0
1740968131 42056 0
1740968133 41994 0
1740968135 42132 0
1740968137 42125 0
1740968139 42013 0
1740968141 42008 0
1740968143 42012 0
1740968145 42063 0
1740968147 42003 0
1740968149 42081 0
1740968151 42065 0
1740968153 42133 0
1740968155 42131 0
1740968157 41970 0
1740968159 42010 0
1740968161 42065 0
1740968163 42140 0
1740968166 42090 0
1740968168 42133 0
1740968170 42126 0
1740968172 42071 0
1740968174 42143 0
1740968176 42239 0
1740968178 42235 0
1740968180 42183 0
1740968182 42207 0
1740968184 42077 0
1740968186 42188 0
1740968188 42169 0
1740968190 42116 0
1740968192 42136 0
1740968194 42106 0
1740968196 42107 0
1740968198 42061 0
1740968200 42066 0
1740968202 42147 0
1740968204 42084 0
1740968206 42022 0
1740968208 42154 0
1740968211 42075 0
1740968213 42037 0
1740968215 42207 0
1740968217 42152 0
1740968219 42086 0
1740968221 42153 0
1740968223 42107 0
1740968225 42043 0
1740968227 42140 0
1740968229 42228 0
1740968231 42081 0
1740968233 42118 0
1740968235 42124 0
1740968237 42095 0
1740968239 42032 0
1740968241 42197 0
1740968243 42182 0
1740968245 42087 0
1740968247 42097 0
1740968249 42069 0
1740968251 41998 0
1740968253 42214 0
1740968255 42179 0
1740968258 42179 0
1740968260 42170 0
1740968262 42096 0
1740968264 42133 0
1740968266 42115 0
1740968268 42183 0
1740968270 42160 0
1740968272 42194 0
1740968274 42047 0
1740968276 42117 0
1740968278 42186 0
1740968280 42060 0
1740968282 42097 0
1740968284 42076 0
1740968286 42159 0
1740968288 41995 0
1740968290 42095 0
1740968292 42089 0
1740968294 42073 0
1740968296 42041 0
1740968298 42119 0
1740968300 42164 0
1740968303 42055 0
1740968305 42153 0
1740968307 42127 0
1740968309 42121 0
1740968311 42172 0
1740968313 42150 0
1740968315 42234 0
1740968317 42199 0
1740968319 42151 0
1740968321 42167 0
1740968323 42200 0
1740968325 42034 0
1740968327 42157 0
1740968329 42170 0
1740968331 42175 0
1740968333 42077 0
1740968335 42063 0
1740968337 42162 0
1740968339 42083 0
1740968341 42180 0
1740968343 42099 0
1740968345 42015 0
1740968347 42044 0
1740968350 42056 0
1740968352 42106 0
1740968354 41968 0
1740968356 42009 0
1740968358 42043 0
1740968360 41982 0
1740968362 42056 0
1740968364 42121 0
1740968366 42077 0
1740968368 42082 0
1740968370 42242 0
1740968372 42063 0
1740968374 42125 0
1740968376 42027 0
1740968378 42066 0
1740968380 42112 0
1740968382 42094 0
1740968384 42097 0
1740968386 42115 0
1740968388 42131 0
1740968390 42059 0
1740968392 42085 0
1740968394 42126 0
1740968397 42087 0
1740968399 42154 0
1740968401 42033 0
1740968403 42115 0
1740968405 42055 0
1740968407 42082 0
1740968409 41996 0
1740968411 42058 0
1740968413 42107 0
1740968415 42093 0
1740968417 42050 0
1740968419 42069 0
1740968421 42118 0
1740968423 42094 0
1740968425 42129 0
1740968427 42129 0
1740968429 42110 0
1740968431 42150 0
1740968433 42092 0
1740968435 42001 0
1740968437 42207 0
1740968439 42126 0
1740968442 42091 0
1740968444 42119 0
1740968446 42129 0
1740968448 42059 0
1740968450 42170 0
1740968452 42087 0
1740968454 42351 0
1740968456 42258 0
1740968458 42095 0
1740968460 42126 0
1740968462 42051 0
1740968464 42193 0
1740968466 42217 0
1740968468 42095 0
1740968470 42097 0
1740968472 42241 0
1740968474 42019 0
1740968476 42172 0
1740968478 42165 0
1740968480 42016 0
1740968482 42028 0
1740968484 42075 0
1740968486 42191 0
1740968489 42105 0
1740968491 42111 0
1740968493 42076 0
1740968495 42109 0
1740968497 42140 0
1740968499 42207 0
1740968501 42117 0
1740968503 42067 0
1740968505 42187 0
1740968507 42241 0
1740968509 42137 0
1740968511 42083 0
1740968513 42123 0
1740968515 42033 0
1740968517 42032 0
1740968519 42178 0
1740968521 42176 0
1740968523 42191 0
1740968525 42111 0
1740968527 42093 0
1740968529 42007 0
1740968531 42142 0
1740968534 42152 0
1740968536 42009 0
1740968538 42141 0
1740968540 42084 0
1740968542 42253 0
1740968544 42143 0
1740968546 41998 0
1740968548 42031 0
1740968550 42183 0
1740968552 42030 0
1740968554 42152 0
1740968556 42038 0
1740968558 42068 0
1740968560 42140 0
1740968562 42072 0
1740968564 42065 0
1740968566 42176 0
1740968568 42085 0
1740968570 42090 0
1740968572 42138 0
1740968574 42132 0
1740968576 42040 0
1740968578 42143 0
1740968581 42124 0
1740968583 42172 0
1740968585 42055 0
1740968587 42179 0
1740968589 42184 0
1740968591 42206 0
1740968593 42171 0
1740968595 42222 0
1740968597 42284 0
1740968599 42096 0
1740968601 42102 0
1740968603 42127 0
1740968605 42143 0
1740968607 42031 0
1740968609 42139 0
1740968611 42077 0
1740968613 42132 0
1740968615 42106 0
1740968617 42115 0
1740968619 42087 0
1740968621 41965 0
1740968623 42092 0
1740968626 42076 0
1740968628 42127 0
1740968630 42080 0
1740968632 42126 0
1740968634 42105 0
1740968636 42141 0
1740968638 42136 0
1740968640 42039 0
1740968642 42154 0
1740968644 42136 0
1740968646 42066 0
1740968648 42128 0
1740968650 42141 0
1740968652 42099 0
1740968654 42088 0
1740968656 42078 0
1740968658 42255 0
1740968660 42124 0
1740968662 42170 0
1740968664 42162 0
1740968666 42216 0
1740968668 42201 0
1740968670 42161 0
1740968673 42139 0
1740968675 42136 0
1740968677 41949 0
1740968679 41936 0
1740968681 42064 0
1740968683 41987 0
1740968685 42091 0
1740968687 42132 0
1740968689 42106 0
1740968691 42005 0
1740968693 42098 0
1740968695 42045 0
1740968697 42087 0
1740968699 42132 0
1740968701 42116 0
1740968703 42228 0
1740968705 42138 0
1740968707 42031 0
1740968709 42211 0
1740968711 42111 0
1740968713 42121 0
1740968715 42162 0
1740968717 42087 0
1740968720 42083 0
1740968722 42121 0
1740968724 42146 0
1740968726 42083 0
1740968728 42090 0
1740968730 42182 0
1740968732 42089 0
1740968734 42114 0
1740968736 42152 0
1740968738 42082 0
1740968740 42107 0
1740968742 42200 0
1740968744 41984 0
1740968746 42058 0
1740968748 42174 0
1740968750 42203 0
1740968752 42128 0
1740968754 42135 0
1740968756 42062 0
1740968758 42160 0
1740968760 42125 0
1740968762 42135 0
1740968765 42083 0
1740968767 42122 0
1740968769 42155 0
1740968771 42184 0
1740968773 42158 0
1740968775 41977 0
1740968777 42165 0
1740968779 42143 0
1740968781 42135 0
1740968783 42113 0
1740968785 42169 0
1740968787 42170 0
1740968789 42111 0
1740968791 42164 0
1740968793 42220 0
1740968795 42170 0
1740968797 42236 0
1740968799 42131 0
1740968801 42240 0
1740968803 42141 0
1740968805 42130 0
1740968807 42147 0
1740968809 42180 0
1740968812 42187 0
1740968814 42122 0
1740968816 42274 0
1740968818 42155 0
1740968820 42203 0
1740968822 42366 0
1740968824 42248 0
1740968826 42178 0
1740968828 42136 0
1740968830 42237 0
1740968832 42033 0
1740968834 42104 0
1740968836 42106 0
1740968838 42159 0
1740968840 42053 0
1740968842 42108 0
1740968844 42083 0
1740968846 42065 0
1740968848 42080 0
1740968850 42078 0
1740968852 42084 0
1740968854 42139 0
1740968856 42278 0
1740968859 42231 0
1740968861 42255 0
1740968863 42076 0
1740968865 42228 0
1740968867 42200 0
1740968869 42216 0
1740968871 42293 0
1740968873 42112 0
1740968875 42167 0
1740968877 42217 0
1740968879 42242 0
1740968881 42283 0
1740968883 42123 0
1740968885 42186 0
1740968887 42285 0
1740968889 42105 0
1740968891 42241 0
1740968893 42163 0
1740968895 42231 0
1740968897 42258 0
1740968899 42050 0
1740968901 42262 0
1740968904 42192 0
1740968906 42203 0
1740968908 42203 0
1740968910 42132 0
1740968912 42145 0
1740968914 42268 0
1740968916 42164 0
1740968918 42185 0
1740968920 42204 0
1740968922 42230 0
1740968924 42367 0
1740968926 42234 0
1740968928 42202 0
1740968930 42275 0
1740968932 42241 0
1740968934 42247 0
1740968936 42410 0
1740968938 42176 0
1740968940 42150 0
1740968942 42297 0
1740968944 42131 0
1740968946 42136 0
1740968948 42335 0
1740968951 42257 0
1740968953 42170 0
1740968955 42098 0
1740968957 42309 0
1740968959 42177 0
1740968961 42149 0
1740968963 42234 0
1740968965 42077 0
1740968967 42043 0
1740968969 42155 0
1740968971 42243 0
1740968973 42164 0
1740968975 42244 0
1740968977 42218 0
1740968979 42159 0
1740968981 42046 0
1740968983 42158 0
1740968985 42196 0
1740968987 42104 0
1740968989 42152 0
1740968991 42139 0
1740968993 42130 0
1740968995 42122 0
1740968998 42122 0
1740969000 42263 0
1740969002 42293 0
1740969004 42141 0
1740969006 42185 0
1740969008 42245 0
1740969010 42136 0
1740969012 42125 0
1740969014 42134 0
1740969016 42108 0
1740969018 42007 0
1740969020 42236 0
1740969022 42171 0
1740969024 42240 0
1740969026 42128 0
1740969028 42089 0
1740969030 42071 0
1740969032 42183 0
1740969034 42110 0
1740969036 42138 0
1740969038 42109 0
1740969040 41967 0
1740969043 42059 0
1740969045 42032 0
1740969047 42139 0
1740969049 42103 0
1740969051 42047 0
1740969053 42114 0
1740969055 42064 0
1740969057 42178 0
1740969059 42103 0
1740969061 42201 0
1740969063 42123 0
1740969065 42089 0
1740969067 42070 0
1740969069 42183 0
1740969071 41961 0
1740969073 42167 0
1740969075 42083 0
1740969077 42203 0
1740969079 42220 0
1740969081 42151 0
1740969083 42134 0
1740969085 42173 0
1740969087 42013 0
1740969090 42142 0
1740969092 42116 0
1740969094 41950 0
1740969096 42000 0
1740969098 41996 0
1740969100 42184 0
1740969102 42215 0
1740969104 42078 0
1740969106 42227 0
1740969108 42174 0
1740969110 42049 0
1740969112 41954 0
1740969114 42055 0
1740969116 42193 0
1740969118 42059 0
1740969120 42111 0
1740969122 42159 0
1740969124 42156 0
1740969126 42122 0
1740969128 42314 0
1740969130 42026 0
1740969132 42217 0
1740969135 42073 0
1740969137 42162 0
1740969139 42232 0
1740969141 42084 0
1740969143 42080 0
1740969145 42068 0
1740969147 42086 0
1740969149 42117 0
1740969151 42234 0
1740969153 42258 0
1740969155 42181 0
1740969157 42069 0
1740969159 42147 0
1740969161 42145 0
1740969163 42163 0
1740969165 42163 0
1740969167 42024 0
1740969169 42124 0
1740969171 42074 0
1740969173 42151 0
1740969175 42172 0
1740969177 42014 0
1740969179 42102 0
1740969182 42030 0
1740969184 42050 0
1740969186 42112 0
1740969188 42048 0
1740969190 42161 0
1740969192 42007 0
1740969194 42070 0
1740969196 42149 0
1740969198 42133 0
1740969200 42091 0
1740969202 42053 0
1740969204 42212 0
1740969206 42200 0
1740969208 42093 0
1740969210 42159 0
1740969212 42167 0
1740969214 42291 0
1740969216 42173 0
1740969218 42263 0
1740969220 42148 0
1740969222 42277 0
1740969224 42193 0
1740969227 42117 0
1740969229 42138 0
1740969231 42198 0
1740969233 42289 0
1740969235 42207 0
1740969237 42204 0
1740969239 42059 0
1740969241 42033 0
1740969243 42084 0
1740969245 42167 0
1740969247 42217 0
1740969249 42105 0
1740969251 42199 0
1740969253 42235 0
1740969255 42196 0
1740969257 42403 0
1740969259 42118 0
1740969261 42306 0
1740969263 42183 0
1740969265 42127 0
1740969267 42110 0
1740969269 42230 0
1740969271 42113 0
1740969274 42149 0
1740969276 42155 0
1740969278 42163 0
1740969280 42193 0
1740969282 41986 0
1740969284 42042 0
1740969286 42057 0
1740969288 42191 0
1740969290 42105 0
1740969292 42138 0
1740969294 42182 0
1740969296 42078 0
1740969298 42111 0
1740969300 42179 0
1740969302 42219 0
1740969304 42209 0
1740969306 42267 0
1740969308 42296 0
1740969310 42097 0
1740969312 42098 0
1740969314 42216 0
1740969316 42014 0
1740969318 42171 0
1740969321 42248 0
1740969323 42196 0
1740969325 42200 0
1740969327 42341 0
1740969329 42270 0
1740969331 42324 0
1740969333 42316 0
1740969335 42093 0
1740969337 42259 0
1740969339 42131 0
1740969341 42199 0
1740969343 42382 0
1740969345 42329 0
1740969347 42242 0
1740969349 42294 0
1740969351 42194 0
1740969353 42287 0
1740969355 42187 0
1740969357 42306 0
1740969359 42223 0
1740969361 42244 0
1740969363 42150 0
1740969366 42187 0
1740969368 42167 0
1740969370 42230 0
1740969372 42155 0
1740969374 42051 0
1740969376 42100 0
1740969378 42167 0
1740969380 42161 0
1740969382 42041 0
1740969384 42132 0
1740969386 42123 0
1740969388 42194 0
1740969390 42090 0
1740969392 42264 0
1740969394 42225 0
1740969396 42098 0
1740969398 42076 0
1740969400 42110 0
1740969402 42132 0
1740969404 42114 0
1740969406 42001 0
1740969408 42142 0
1740969410 42257 0
1740969413 42224 0
1740969415 42303 0
1740969417 42116 0
1740969419 42098 0
1740969421 42290 0
1740969423 42131 0
1740969425 42082 0
1740969427 42214 0
1740969429 42043 0
1740969431 42340 0
1740969433 42120 0
1740969435 42140 0
1740969437 42142 0
1740969439 42157 0
1740969441 42128 0
1740969443 42160 0
1740969445 42122 0
1740969447 42132 0
1740969449 42078 0
1740969451 42102 0
1740969453 42164 0
1740969455 41949 0
1740969458 41994 0
1740969460 42089 0
1740969462 42090 0
1740969464 42055 0
1740969466 42143 0
1740969468 42027 0
1740969470 42193 0
1740969472 42149 0
1740969474 42154 0
1740969476 42068 0
1740969478 42171 0
1740969480 42149 0
1740969482 42202 0
1740969484 42197 0
1740969486 42139 0
1740969488 42240 0
1740969490 42364 0
1740969492 42127 0
1740969494 42195 0
1740969496 42178 0
1740969498 42262 0
1740969500 42175 0
1740969502 42234 0
1740969505 42176 0
1740969507 42223 0
1740969509 42107 0
1740969511 42081 0
1740969513 42196 0
1740969515 42269 0
1740969517 42213 0
1740969519 42293 0
1740969521 42112 0
1740969523 42082 0
1740969525 42225 0
1740969527 42058 0
1740969529 42189 0
1740969531 42192 0
1740969533 42197 0
1740969535 42170 0
1740969537 42066 0
1740969539 42091 0
1740969541 42055 0
1740969599 42025 0
1740969601 42122 0
1740969603 42181 0
1740969605 42133 0
1740969607 42102 0
1740969609 42202 0
1740969611 42245 0
1740969613 42089 0
1740969615 42127 0
1740969617 42233 0
1740969619 42208 0
1740969621 42168 0
1740969623 42132 0
1740969625 42123 0
1740969627 42146 0
1740969629 42158 0
1740969631 42092 0
1740969633 42085 0
1740969635 42330 0
1740969637 42138 0
1740969639 42055 0
1740969641 42080 0
1740969644 42205 0
1740969646 42069 0
1740969648 42028 0
1740969650 42262 0
1740969652 42153 0
1740969654 42146 0
1740969656 42196 0
1740969658 42217 0
1740969660 42214 0
1740969662 42265 0
1740969664 42103 0
1740969666 42096 0
1740969668 42279 0
1740969670 42083 0
1740969672 42177 0
1740969674 42144 0
1740969676 42168 0
1740969678 42065 0
1740969680 42155 0
1740969682 42141 0
1740969684 42172 0
1740969686 42158 0
1740969689 42123 0
1740969691 42122 0
1740969693 42184 0
1740969695 42120 0
1740969697 42221 0
1740969699 42090 0
1740969701 42113 0
1740969703 41962 0
1740969705 42211 0
1740969707 42078 0
1740969709 42086 0
1740969711 42144 0
1740969713 42060 0
1740969715 42123 0
1740969717 42109 0
1740969719 42142 0
1740969721 42087 0
1740969723 42153 0
1740969725 42124 0
1740969727 42100 0
1740969729 42105 0
1740969731 42191 0
1740969733 42168 0
1740969736 42154 0
1740969738 42180 0
1740969740 42195 0
1740969742 42033 0
1740969744 42162 0
1740969746 42123 0
1740969748 42167 0
1740969750 42163 0
1740969752 42103 0
1740969754 42065 0
1740969756 42186 0
1740969758 42257 0
1740969760 42156 0
1740969762 42159 0
1740969764 42014 0
1740969766 42102 0
1740969768 42138 0
1740969770 42122 0
1740969772 42126 0
1740969774 42289 0
1740969776 42222 0
1740969778 42133 0
1740969780 42145 0
1740969783 42337 0
1740969785 42298 0
1740969787 42110 0
1740969789 42217 0
1740969791 42128 0
1740969793 42145 0
1740969795 42260 0
1740969797 42207 0
1740969799 42195 0
1740969801 42161 0
1740969803 42152 0
1740969805 42281 0
1740969807 42150 0
1740969809 42133 0
1740969811 42275 0
1740969813 42165 0
1740969815 42287 0
1740969817 42198 0
1740969819 42200 0
1740969821 42234 0
1740969823 42165 0
1740969825 42145 0
1740969828 42096 0
1740969830 41998 0
1740969832 42334 0
1740969834 42115 0
1740969836 42175 0
1740969838 42263 0
1740969840 42157 0
1740969842 42240 0
1740969844 42077 0
1740969846 42164 0
1740969848 42203 0
1740969850 42089 0
1740969852 42176 0
1740969854 42143 0
1740969856 42051 0
1740969858 42294 0
1740969860 42245 0
1740969862 42256 0
1740969864 42131 0
1740969866 42155 0
1740969868 42084 0
1740969870 42158 0
1740969872 42247 0
1740969875 42230 0
1740969877 42251 0
1740969879 42149 0
1740969881 42145 0
1740969883 42192 0
1740969885 42236 0
1740969887 42142 0
1740969889 42066 0
1740969891 42183 0
1740969893 42191 0
1740969895 42165 0
1740969897 42197 0
1740969899 42241 0
1740969901 42224 0
1740969903 42207 0
1740969905 42116 0
1740969907 42079 0
1740969909 42250 0
1740969911 42171 0
1740969913 42256 0
1740969915 42177 0
1740969917 42192 0
1740969919 42100 0
1740969922 42198 0
1740969924 42154 0
1740969926 42085 0
1740969928 42110 0
1740969930 42232 0
1740969932 42218 0
1740969934 42234 0
1740969936 42078 0
1740969938 42168 0
1740969940 42076 0
1740969942 42106 0
1740969944 42128 0
1740969946 42270 0
1740969948 42068 0
1740969950 42292 0
1740969952 42306 0
1740969954 42235 0
1740969956 42175 0
1740969958 42249 0
1740969960 42248 0
1740969962 42357 0
1740969964 42198 0
1740969967 42229 0
1740969969 42076 0
1740969971 42169 0
1740969973 42186 0
1740969975 42132 0
1740969977 42061 0
1740969979 42163 0
1740969981 42281 0
1740969983 42212 0
1740969985 42088 0
1740969987 42178 0
1740969989 42064 0
1740969991 42113 0
1740969993 42232 0
1740969995 42137 0
1740969997 42088 0
1740969999 42195 0
1740970001 42147 0
1740970003 42221 0
1740970005 42158 0
1740970007 42234 0
1740970009 42252 0
1740970011 42194 0
1740970014 42237 0
1740970016 42047 0
1740970018 42165 0
1740970020 42215 0
1740970022 42179 0
1740970024 42176 0
1740970026 42281 0
1740970028 42197 0
1740970030 42159 0
1740970032 42138 0
1740970034 42209 0
1740970036 42055 0
1740970038 42185 0
1740970040 42172 0
1740970042 42237 0
1740970044 42170 0
1740970046 42126 0
1740970048 42121 0
1740970050 42123 0
1740970052 42147 0
1740970054 42165 0
1740970056 42126 0
1740970058 42140 0
1740970061 42197 0
1740970063 42263 0
1740970065 42174 0
1740970067 42179 0
1740970069 42328 0
1740970071 42114 0
1740970073 42152 0
1740970075 42247 0
1740970077 42115 0
1740970079 42112 0
1740970081 42134 0
1740970083 42108 0
1740970085 42277 0
1740970087 42099 0
1740970089 42191 0
1740970091 42157 0
1740970093 42123 0
1740970095 42169 0
1740970097 42105 0
1740970099 42255 0
1740970101 42321 0
1740970103 42270 0
1740970106 42164 0
1740970108 42218 0
1740970110 42247 0
1740970112 42163 0
1740970114 42170 0
1740970116 41999 0
1740970118 42291 0
1740970120 42144 0
1740970122 42287 0
1740970124 42326 0
1740970126 42174 0
1740970128 42056 0
1740970130 42312 0
1740970132 42230 0
1740970134 42402 0
1740970136 42108 0
1740970138 42150 0
1740970140 42257 0
1740970142 42304 0
1740970144 42293 0
1740970146 42120 0
1740970148 42245 0
1740970150 42188 0
1740970153 42131 0
1740970155 42143 0
1740970157 42367 0
1740970159 42262 0
1740970161 42187 0
1740970163 42148 0
1740970165 42189 0
1740970167 42172 0
1740970169 42331 0
1740970171 42234 0
1740970173 42325 0
1740970175 42327 0
1740970177 42337 0
1740970179 42203 0
1740970181 42321 0
1740970183 42247 0
1740970185 42275 0
1740970187 42307 0
1740970189 42259 0
1740970191 42298 0
1740970193 42182 0
1740970195 42283 0
1740970198 42124 0
1740970200 42226 0
1740970202 42238 0
1740970204 42279 0
1740970206 42168 0
1740970208 42189 0
1740970210 42243 0
1740970212 42266 0
1740970214 42102 0
1740970216 42079 0
1740970218 42163 0
1740970220 42185 0
1740970222 42070 0
1740970224 42196 0
1740970226 42147 0
1740970228 42228 0
1740970230 42223 0
1740970232 42170 0
1740970234 42268 0
1740970236 42212 0
1740970238 42232 0
1740970240 42245 0
1740970242 42315 0
1740970245 42297 0
1740970247 42163 0
1740970249 42151 0
1740970251 42256 0
1740970253 42289 0
1740970255 42163 0
1740970257 42181 0
1740970259 42356 0
1740970261 42238 0
1740970263 42198 0
1740970265 42213 0
1740970267 42323 0
1740970269 42271 0
1740970271 42205 0
1740970273 42275 0
1740970275 42229 0
1740970277 42190 0
1740970279 42351 0
1740970281 42128 0
1740970283 42150 0
1740970285 42183 0
1740970287 42173 0
1740970289 42243 0
1740970292 42200 0
1740970294 42120 0
1740970296 42283 0
1740970298 42172 0
1740970300 42076 0
1740970302 42198 0
1740970304 42209 0
1740970306 42369 0
1740970308 42237 0
1740970310 42328 0
1740970312 42298 0
1740970314 42241 0
1740970316 42311 0
1740970318 42180 0
1740970320 42161 0
1740970322 42261 0
1740970324 42255 0
1740970326 42200 0
1740970328 42303 0
1740970330 42167 0
1740970332 42291 0
1740970334 42180 0
1740970337 42162 0
1740970339 42220 0
1740970341 42317 0
1740970343 42221 0
1740970345 42118 0
1740970347 42234 0
1740970349 42380 0
1740970351 42221 0
1740970353 42263 0
1740970355 42261 0
1740970357 42165 0
1740970359 42294 0
1740970361 42394 0
1740970363 42243 0
1740970365 42410 0
1740970367 42209 0
1740970369 42291 0
1740970371 42264 0
1740970373 42370 0
1740970375 42291 0
1740970377 42410 0
1740970379 42237 0
1740970382 42274 0
1740970384 42345 0
1740970386 42236 0
1740970388 42260 0
1740970390 42224 0
1740970392 42225 0
1740970394 42219 0
1740970396 42158 0
1740970398 42227 0
1740970400 42318 0
1740970402 42255 0
1740970404 42253 0
1740970406 42272 0
1740970408 42263 0
1740970410 42241 0
1740970412 42257 0
1740970414 42208 0
1740970416 42140 0
1740970418 42251 0
1740970420 42219 0
1740970422 42184 0
1740970424 42273 0
1740970426 42294 0
1740970429 42352 0
1740970431 42324 0
1740970433 42224 0
1740970435 42132 0
1740970437 42283 0
1740970439 42192 0
1740970441 42253 0
1740970443 42330 0
1740970445 42247 0
1740970447 42181 0
1740970449 42448 0
1740970451 42380 0
1740970453 42293 0
1740970455 42384 0
1740970457 42257 0
1740970459 42318 0
1740970461 42374 0
1740970463 42320 0
1740970465 42325 0
1740970467 42261 0
1740970469 42261 0
1740970471 42143 0
1740970474 42181 0
1740970476 42335 0
1740970478 42428 0
1740970480 42175 0
1740970482 42227 0
1740970484 42169 0
1740970486 42301 0
1740970488 42236 0
1740970490 42052 0
1740970492 42259 0
1740970494 42283 0
1740970496 42270 0
1740970498 42264 0
1740970500 42238 0
1740970502 42372 0
1740970504 42199 0
1740970506 42206 0
1740970508 42286 0
1740970510 42378 0
1740970512 42363 0
1740970514 42338 0
1740970516 42351 0
1740970518 42321 0
1740970521 42342 0
1740970523 42310 0
1740970525 42127 0
1740970527 42316 0
1740970529 42202 0
1740970531 42380 0
1740970533 42184 0
1740970535 42321 0
1740970537 42171 0
1740970539 42240 0
1740970541 42195 0
1740970543 42272 0
1740970545 42181 0
1740970547 42155 0
1740970549 42022 0
1740970551 42177 0
1740970553 42178 0
1740970555 42087 0
1740970557 42306 0
1740970559 42213 0
1740970561 42165 0
1740970563 42316 0
1740970565 42160 0
1740970568 42256 0
1740970570 42180 0
1740970572 42330 0
1740970574 42236 0
1740970576 42097 0
1740970578 42238 0
1740970580 42214 0
1740970582 42355 0
1740970584 42322 0
1740970586 42198 0
1740970588 42263 0
1740970590 42261 0
1740970592 42256 0
1740970594 42231 0
1740970596 42298 0
1740970598 42181 0
1740970600 42143 0
1740970602 42269 0
1740970604 42216 0
1740970606 42304 0
1740970608 42182 0
1740970610 42246 0
1740970613 42145 0
1740970615 42236 0
1740970617 42285 0
1740970619 42020 0
1740970621 42242 0
1740970623 42183 0
1740970625 42184 0
1740970627 42107 0
1740970629 42283 0
1740970631 42313 0
1740970633 42281 0
1740970635 42178 0
1740970637 42268 0
1740970639 42273 0
1740970641 42318 0
1740970643 42391 0
1740970645 42445 0
1740970647 42255 0
1740970649 42354 0
1740970651 42235 0
1740970653 42224 0
1740970655 42278 0
1740970657 42312 0
1740970660 42260 0
1740970662 42185 0
1740970664 42384 0
1740970666 42217 0
1740970668 42328 0
1740970670 42325 0
1740970672 42364 0
1740970674 42309 0
1740970676 42178 0
1740970678 42260 0
1740970680 42229 0
1740970682 42211 0
1740970684 42244 0
1740970686 42196 0
1740970688 42236 0
1740970690 42146 0
1740970692 42268 0
1740970694 42284 0
1740970696 42170 0
1740970698 42234 0
1740970700 42165 0
1740970702 42221 0
1740970704 42293 0
1740970707 42239 0
1740970709 42149 0
1740970711 42222 0
1740970713 42106 0
1740970715 42234 0
1740970717 42317 0
1740970719 42199 0
1740970721 42110 0
1740970723 42237 0
1740970725 42327 0
1740970727 42161 0
1740970729 42159 0
1740970731 42226 0
1740970733 42081 0
1740970735 42110 0
1740970737 42202 0
1740970739 42122 0
1740970741 42239 0
1740970743 42187 0
1740970745 42143 0
1740970747 42185 0
1740970749 42337 0
1740970752 42130 0
1740970754 42197 0
1740970756 42194 0
1740970758 42321 0
1740970760 42242 0
1740970762 42229 0
1740970764 42251 0
1740970766 42173 0
1740970768 42292 0
1740970770 42296 0
1740970772 42210 0
1740970774 42268 0
1740970776 42314 0
1740970778 42178 0
1740970780 42489 0
1740970782 42382 0
1740970784 42200 0
1740970786 42303 0
1740970788 42255 0
1740970790 42444 0
1740970792 42295 0
1740970794 42309 0
1740970796 42347 0
1740970799 42245 0
1740970801 42268 0
1740970803 42252 0
1740970805 42273 0
1740970807 42212 0
1740970809 42216 0
1740970811 42268 0
1740970813 42261 0
1740970815 42233 0
1740970817 42196 0
1740970819 42182 0
1740970821 42191 0
1740970823 42210 0
1740970825 42208 0
1740970827 42189 0
1740970829 42112 0
1740970831 42156 0
1740970833 42058 0
1740970835 42150 0
1740970837 42255 0
1740970839 42158 0
1740970841 42080 0
1740970843 42155 0
1740970846 42249 0
1740970848 42242 0
1740970850 42131 0
1740970852 42292 0
1740970854 42311 0
1740970856 42245 0
1740970858 42247 0
1740970860 42215 0
1740970862 42250 0
1740970864 42250 0
1740970866 42262 0
1740970868 42155 0
1740970870 42201 0
1740970872 42361 0
1740970874 42146 0
1740970876 42231 0
1740970878 42222 0
1740970880 42212 0
1740970882 42190 0
1740970884 42241 0
1740970886 42259 0
1740970888 42184 0
1740970891 42219 0
1740970893 42239 0
1740970895 42183 0
1740970897 42211 0
1740970899 42211 0
1740970901 42229 0
1740970903 42390 0
1740970905 42477 0
1740970907 42162 0
1740970909 42351 0
1740970911 42168 0
1740970913 42388 0
1740970915 42327 0
1740970917 42253 0
1740970919 42145 0
1740970921 42265 0
1740970923 42288 0
1740970925 42264 0
1740970927 42203 0
1740970929 42181 0
1740970931 42385 0
1740970933 42412 0
1740970935 42229 0
1740970938 42241 0
1740970940 42249 0
1740970942 42253 0
1740970944 42249 0
1740970946 42186 0
1740970948 42077 0
1740970950 42267 0
1740970952 42236 0
1740970954 42174 0
1740970956 42224 0
1740970958 42129 0
1740970960 42197 0
1740970962 42168 0
1740970964 42205 0
1740970966 42166 0
1740970968 42299 0
1740970970 42180 0
1740970972 42190 0
1740970974 42301 0
1740970976 42202 0
1740970978 42331 0
1740970980 42343 0
1740970982 42281 0
1740970985 42313 0
1740970987 42202 0
1740970989 42305 0
1740970991 42222 0
1740970993 42259 0
1740970995 42176 0
1740970997 42203 0
1740970999 42217 0
1740971001 42282 0
1740971003 42244 0
1740971005 42257 0
1740971007 42252 0
1740971009 42327 0
1740971011 42206 0
1740971013 42336 0
1740971015 42079 0
1740971017 42140 0
1740971019 42122 0
1740971021 42346 0
1740971023 42202 0
1740971025 42230 0
1740971027 42198 0
1740971029 42276 0
1740971032 42194 0
1740971034 42186 0
1740971036 42172 0
1740971038 42092 0
1740971040 42231 0
1740971042 42374 0
1740971044 42167 0
1740971046 42185 0
1740971048 42309 0
1740971050 42281 0
1740971052 42167 0
1740971054 42380 0
1740971056 42252 0
1740971058 42295 0
1740971060 42299 0
1740971062 42288 0
1740971064 42229 0
1740971066 42332 0
1740971068 42318 0
1740971070 42168 0
1740971072 42216 0
1740971074 42226 0
1740971077 42367 0
1740971079 42175 0
1740971081 42252 0
1740971083 42193 0
1740971085 42212 0
1740971087 42192 0
1740971089 42169 0
1740971091 42262 0
1740971093 42183 0
1740971095 42266 0
1740971097 42233 0
1740971099 42136 0
1740971101 42299 0
1740971103 42142 0
1740971105 42185 0
1740971107 42248 0
1740971109 42233 0
1740971111 42226 0
1740971113 42250 0
1740971115 42237 0
1740971117 42293 0
1740971119 42261 0
1740971121 42169 0
1740971124 42329 0
1740971126 42197 0
1740971128 42312 0
1740971130 42249 0
1740971132 42284 0
1740971134 42286 0
1740971136 42226 0
1740971138 42380 0
1740971140 42041 0
1740971142 42257 0
1740971144 42205 0
1740971146 42351 0
1740971148 42189 0
1740971150 42102 0
1740971152 42328 0
1740971154 42149 0
1740971156 42355 0
1740971158 42256 0
1740971160 42268 0
1740971162 42282 0
1740971164 42222 0
1740971166 42168 0
1740971168 42246 0
1740971171 42319 0
1740971173 42286 0
1740971175 42209 0
1740971177 42217 0
1740971179 42259 0
1740971181 42139 0
1740971183 42354 0
1740971185 42315 0
1740971187 42280 0
1740971189 42171 0
1740971191 42185 0
1740971193 42335 0
1740971195 42269 0
1740971197 42226 0
1740971199 42443 0
1740971201 42280 0
1740971203 42263 0
1740971205 42180 0
1740971207 42219 0
1740971209 42319 0
1740971211 42303 0
1740971213 42174 0
1740971216 42276 0
1740971218 42194 0
1740971220 42261 0
1740971222 42203 0
1740971224 42264 0
1740971226 42292 0
1740971228 42214 0
1740971230 42354 0
1740971232 42192 0
1740971234 42476 0
1740971236 42333 0
1740971238 42295 0
1740971240 42333 0
1740971242 42342 0
1740971244 42114 0
1740971246 42186 0
1740971248 42293 0
1740971250 42318 0
1740971252 42366 0
1740971254 42315 0
1740971256 42311 0
1740971258 42317 0
1740971260 42210 0
1740971263 42337 0
1740971265 42192 0
1740971267 42284 0
1740971269 42323 0
1740971271 42292 0
1740971273 42302 0
1740971275 42186 0
1740971277 42443 0
1740971279 42233 0
1740971281 42273 0
1740971283 42465 0
1740971285 42302 0
1740971287 42260 0
1740971289 42321 0
1740971291 42294 0
1740971293 42226 0
1740971295 42215 0
1740971297 42305 0
1740971299 42268 0
1740971301 42100 0
1740971303 42293 0
1740971305 42196 0
1740971307 42170 0
1740971310 42309 0
1740971312 42358 0
1740971314 42324 0
1740971316 42248 0
1740971318 42248 0
1740971320 42325 0
1740971322 42347 0
1740971324 42311 0
1740971326 42565 0
1740971328 42411 0
1740971330 42477 0
1740971332 42203 0
1740971334 42452 0
1740971336 42516 0
1740971338 42401 0
1740971340 42392 0
1740971342 42330 0
1740971344 42355 0
1740971346 42279 0
1740971348 42345 0
1740971350 42311 0
1740971352 42439 0
1740971354 42346 0
1740971357 42341 0
1740971359 42220 0
1740971361 42310 0
1740971363 42372 0
1740971365 42258 0
1740971367 42397 0
1740971369 42397 0
1740971371 42298 0
1740971373 42406 0
1740971375 42319 0
1740971377 42262 0
1740971379 42406 0
1740971381 42256 0
1740971383 42330 0
1740971385 42262 0
1740971387 42286 0
1740971389 42176 0
1740971391 42311 0
1740971393 42277 0
1740971395 42309 0
1740971397 42310 0
1740971399 42208 0
1740971402 42297 0
1740971404 42312 0
1740971406 42288 0
1740971408 42267 0
1740971410 42231 0
1740971412 42251 0
1740971414 42285 0
1740971416 42225 0
1740971418 42284 0
1740971420 42107 0
1740971422 42099 0
1740971424 42307 0
1740971426 42201 0
1740971428 42278 0
1740971430 42139 0
1740971432 42174 0
1740971434 42231 0
1740971436 42202 0
1740971438 42265 0
1740971440 42262 0
1740971442 42304 0
1740971444 42215 0
1740971446 42239 0
1740971449 42212 0
1740971451 42244 0
1740971453 42266 0
1740971455 42276 0
1740971457 42282 0
1740971459 42359 0
1740971461 42417 0
1740971463 42365 0
1740971465 42311 0
1740971467 42183 0
1740971469 42242 0
1740971471 42273 0
1740971473 42265 0
1740971475 42292 0
1740971477 42456 0
1740971479 42242 0
1740971481 42311 0
1740971483 42419 0
1740971485 42353 0
1740971487 42166 0
1740971489 42043 0
1740971491 42161 0
1740971494 42200 0
1740971496 42257 0
1740971498 42266 0
1740971500 42263 0
1740971502 42264 0
1740971504 42357 0
1740971506 42203 0
1740971508 42241 0
1740971510 42262 0
1740971512 42239 0
1740971514 42359 0
1740971516 42270 0
1740971518 42282 0
1740971520 42388 0
1740971522 42277 0
1740971524 42305 0
1740971526 42341 0
1740971528 42297 0
1740971530 42407 0
1740971532 42396 0
1740971534 42382 0
1740971536 42245 0
1740971539 42330 0
1740971541 42350 0
1740971543 42330 0
1740971545 42411 0
1740971547 42296 0
1740971549 42381 0
1740971551 42318 0
1740971553 42240 0
1740971555 42292 0
1740971557 42379 0
1740971559 42296 0
1740971561 42319 0
1740971563 42246 0
1740971565 42298 0
1740971567 42211 0
1740971569 42156 0
1740971571 42304 0
1740971573 42216 0
1740971575 42307 0
1740971577 42143 0
1740971579 42304 0
1740971581 42370 0
1740971583 42364 0
1740971586 42146 0
1740971588 42288 0
1740971590 42293 0
1740971592 42318 0
1740971594 42282 0
1740971596 42260 0
1740971598 42208 0
1740971600 42224 0
1740971602 42220 0
1740971604 42246 0
1740971606 42411 0
1740971608 42327 0
1740971610 42215 0
1740971612 42305 0
1740971614 42268 0
1740971616 42363 0
1740971618 42366 0
1740971620 42256 0
1740971622 42238 0
1740971624 42300 0
1740971626 42261 0
1740971628 42407 0
1740971630 42356 0
1740971633 42207 0
1740971635 42316 0
1740971637 42389 0
1740971639 42201 0
1740971641 42257 0
1740971643 42425 0
1740971645 42373 0
1740971647 42343 0
1740971649 42288 0
1740971651 42263 0
1740971653 42386 0
1740971655 42330 0
1740971657 42299 0
1740971659 42310 0
1740971661 42380 0
1740971663 42366 0
1740971665 42187 0
1740971667 42383 0
1740971669 42480 0
1740971671 42328 0
1740971673 42515 0
1740971675 42441 0
1740971678 42365 0
1740971680 42252 0
1740971682 42246 0
1740971684 42444 0
1740971686 42252 0
1740971688 42175 0
1740971690 42262 0
1740971692 42234 0
1740971694 42238 0
1740971696 42166 0
1740971698 42150 0
1740971700 42277 0
1740971702 42129 0
1740971704 42111 0
1740971706 42295 0
1740971708 42194 0
1740971710 42256 0
1740971712 42184 0
1740971714 42142 0
1740971716 42175 0
1740971718 42140 0
1740971720 42141 0
1740971722 42228 0
1740971725 42157 0
1740971727 42235 0
1740971729 42206 0
1740971731 42201 0
1740971733 42205 0
1740971735 42210 0
1740971737 42198 0
1740971739 42198 0
1740971741 42239 0
1740971743 42250 0
1740971745 42344 0
1740971747 42299 0
1740971749 42308 0
1740971751 42376 0
1740971753 42400 0
1740971755 42307 0
1740971757 42208 0
1740971759 42228 0
1740971761 42340 0
1740971763 42132 0
1740971765 42271 0
1740971767 42206 0
1740971770 42212 0
1740971772 42324 0
1740971774 42251 0
1740971776 42226 0
1740971778 42190 0
1740971780 42419 0
1740971782 42372 0
1740971784 42387 0
1740971786 42170 0
1740971788 42346 0
1740971790 42282 0
1740971792 42350 0
1740971794 42365 0
1740971796 42251 0
1740971798 42305 0
1740971800 42339 0
1740971802 42365 0
1740971804 42313 0
1740971806 42241 0
1740971808 42278 0
1740971810 42342 0
1740971812 42263 0
1740971814 42310 0
1740971817 42416 0
1740971819 42409 0
1740971821 42298 0
1740971823 42326 0
1740971825 42393 0
1740971827 42440 0
1740971829 42433 0
1740971831 42304 0
1740971833 42314 0
1740971835 42274 0
1740971837 42414 0
1740971839 42371 0
1740971841 42400 0
1740971843 42332 0
1740971845 42292 0
1740971847 42310 0
1740971849 42321 0
1740971851 42284 0
1740971853 42403 0
1740971855 42224 0
1740971857 42250 0
1740971859 42299 0
1740971862 42316 0
1740971864 42260 0
1740971866 42404 0
1740971868 42372 0
1740971870 42189 0
1740971872 42265 0
1740971874 42312 0
1740971876 42278 0
1740971878 42301 0
1740971880 42351 0
1740971882 42418 0
1740971884 42242 0
1740971886 42281 0
1740971888 42392 0
1740971890 42338 0
1740971892 42433 0
1740971894 42349 0
1740971896 42345 0
1740971898 42302 0
1740971900 42285 0
1740971902 42297 0
1740971904 42234 0
1740971906 42363 0
1740971909 42089 0
1740971911 42160 0
1740971913 42221 0
1740971915 42212 0
1740971917 42171 0
1740971919 42368 0
1740971921 42177 0
1740971923 42222 0
1740971925 42194 0
1740971927 42116 0
1740971929 42265 0
1740971931 42321 0
1740971933 42248 0
1740971935 42070 0
1740971937 42319 0
1740971939 42245 0
1740971941 42245 0
1740971943 42476 0
1740971945 42300 0
1740971947 42337 0
1740971949 42435 0
1740971951 42488 0
1740971953 42322 0
1740971956 42321 0
1740971958 42357 0
1740971960 42323 0
1740971962 42442 0
1740971964 42493 0
1740971966 42364 0
1740971968 42383 0
1740971970 42295 0
1740971972 42368 0
1740971974 42313 0
1740971976 42344 0
1740971978 42210 0
1740971980 42290 0
1740971982 42224 0
1740971984 42309 0
1740971986 42316 0
1740971988 42255 0
1740971990 42437 0
1740971992 42333 0
1740971994 42236 0
1740971996 42226 0
1740971998 42445 0
1740972001 42294 0
1740972003 42220 0
1740972005 42155 0
1740972007 42142 0
1740972009 42285 0
1740972011 42344 0
1740972013 42271 0
1740972015 42284 0
1740972017 42301 0
1740972019 42221 0
1740972021 42188 0
1740972023 42404 0
1740972025 42304 0
1740972027 42310 0
1740972029 42399 0
1740972031 42296 0
1740972033 42242 0
1740972035 42241 0
1740972037 42215 0
1740972039 42327 0
1740972041 42338 0
1740972043 42401 0
1740972045 42293 0
1740972048 42296 0
1740972050 42190 0
1740972052 42243 0
1740972054 42258 0
1740972056 42197 0
1740972058 42358 0
1740972060 42218 0
1740972062 42222 0
1740972064 42169 0
1740972066 42280 0
1740972068 42099 0
1740972070 42277 0
1740972072 42211 0
1740972074 42253 0
1740972076 42302 0
1740972078 42367 0
1740972080 42556 0
1740972082 42411 0
1740972084 42395 0
1740972086 42335 0
1740972088 42322 0
1740972090 42178 0
1740972093 42393 0
1740972095 42235 0
1740972097 42321 0
1740972099 42234 0
1740972101 42221 0
1740972103 42233 0
1740972105 42232 0
1740972107 42261 0
1740972109 42210 0
1740972111 42279 0
1740972113 42323 0
1740972115 42172 0
1740972117 42346 0
1740972119 42445 0
1740972121 42267 0
1740972123 42245 0
1740972125 42224 0
1740972127 42390 0
1740972129 42326 0
1740972131 42376 0
1740972133 42171 0
1740972135 42306 0
1740972137 42300 0
1740972140 42288 0
1740972142 42155 0
1740972144 42330 0
1740972146 42320 0
1740972148 42253 0
1740972150 42206 0
1740972152 42301 0
1740972154 42205 0
1740972156 42334 0
1740972158 42238 0
1740972160 42344 0
1740972162 42351 0
1740972164 42382 0
1740972166 42322 0
1740972168 42314 0
1740972170 42266 0
1740972172 42200 0
1740972174 42258 0
1740972176 42310 0
1740972178 42210 0
1740972180 42249 0
1740972182 42248 0
1740972184 42209 0
1740972187 42205 0
1740972189 42331 0
1740972191 42275 0
1740972193 42189 0
1740972195 42216 0
1740972197 42270 0
1740972199 42302 0
1740972201 42133 0
1740972203 42180 0
1740972205 42133 0
1740972207 42239 0
1740972209 42256 0
1740972211 42202 0
1740972213 42209 0
1740972215 42193 0
1740972217 42276 0
1740972219 42330 0
1740972221 42162 0
1740972223 42517 0
1740972225 42420 0
1740972227 42283 0
1740972229 42237 0
1740972231 42418 0
1740972234 42296 0
1740972236 42512 0
1740972238 42360 0
1740972240 42316 0
1740972242 42222 0
1740972244 42196 0
1740972246 42262 0
1740972248 42222 0
1740972250 42365 0
1740972252 42366 0
1740972254 42421 0
1740972256 42205 0
1740972258 42225 0
1740972260 42230 0
1740972262 42137 0
1740972264 42240 0
1740972266 42246 0
1740972268 42232 0
1740972270 42288 0
1740972272 42388 0
1740972274 42220 0
1740972276 42307 0
1740972279 42232 0
1740972281 42197 0
1740972283 42201 0
1740972285 42406 0
1740972287 42245 0
1740972289 42401 0
1740972291 42275 0
1740972293 42362 0
1740972295 42465 0
1740972297 42433 0
1740972299 42369 0
1740972301 42398 0
1740972303 42449 0
1740972305 42345 0
1740972307 42618 0
1740972309 42292 0
1740972311 42182 0
1740972313 42267 0
1740972315 42263 0
1740972317 42237 0
1740972319 42340 0
1740972321 42193 0
1740972323 42351 0
1740972326 42355 0
1740972328 42310 0
1740972330 42328 0
1740972332 42285 0
1740972334 42216 0
1740972336 42258 0
1740972338 42340 0
1740972340 42536 0
1740972342 42329 0
1740972344 42251 0
1740972346 42439 0
1740972348 42446 0
1740972350 42351 0
1740972352 42216 0
1740972354 42230 0
1740972356 42364 0
1740972358 42336 0
1740972360 42311 0
1740972362 42275 0
1740972364 42326 0
1740972366 42380 0
1740972368 42322 0
1740972370 42399 0
1740972373 42840 0
1740972375 42438 0
1740972377 42374 0
1740972379 42399 0
1740972381 42505 0
1740972383 42258 0
1740972385 42348 0
1740972387 42284 0
1740972389 42159 0
1740972391 42320 0
1740972393 42341 0
1740972395 42416 0
1740972397 42379 0
1740972399 42384 0
1740972401 42413 0
1740972403 42269 0
1740972405 42529 0
1740972407 42424 0
1740972409 42275 0
1740972411 42236 0
1740972413 42412 0
1740972415 42465 0
1740972418 42406 0
1740972420 42432 0
1740972422 42452 0
1740972424 42345 0
1740972426 42408 0
1740972428 42501 0
1740972430 42346 0
1740972432 42285 0
1740972434 42335 0
1740972436 42463 0
1740972438 42329 0
1740972440 42394 0
1740972442 42338 0
1740972444 42472 0
1740972446 42359 0
1740972448 42326 0
1740972450 42267 0
1740972452 42314 0
1740972454 42531 0
1740972456 42458 0
1740972458 42312 0
1740972460 42280 0
1740972462 42200 0
1740972465 42368 0
1740972467 42513 0
1740972469 42353 0
1740972471 42278 0
1740972473 42230 0
1740972475 42205 0
1740972477 42369 0
1740972479 42296 0
1740972481 42220 0
1740972483 42294 0
1740972485 42433 0
1740972487 42522 0
1740972489 42369 0
1740972491 42329 0
1740972493 42300 0
1740972495 42276 0
1740972497 42387 0
1740972499 42369 0
1740972501 42478 0
1740972503 42242 0
1740972505 42470 0
1740972507 42281 0
1740972509 42308 0
1740972512 42262 0
1740972514 42325 0
1740972516 42404 0
1740972518 42229 0
1740972520 42245 0
1740972522 42355 0
1740972524 42265 0
1740972526 42383 0
1740972528 42374 0
1740972530 42240 0
1740972532 42354 0
1740972534 42197 0
1740972536 42259 0
1740972538 42433 0
1740972540 42376 0
1740972542 42404 0
1740972544 42300 0
1740972546 42394 0
1740972548 42283 0
1740972550 42314 0
1740972552 42318 0
1740972554 42302 0
1740972557 42316 0
1740972559 42238 0
1740972561 42278 0
1740972563 42401 0
1740972565 42351 0
1740972567 42338 0
1740972569 42388 0
1740972571 42406 0
1740972573 42476 0
1740972575 42399 0
1740972577 42327 0
1740972579 42318 0
1740972581 42327 0
1740972583 42299 0
1740972585 42417 0
1740972587 42445 0
1740972589 42268 0
1740972591 42369 0
1740972593 42353 0
1740972595 42225 0
1740972597 42249 0
1740972599 42521 0
1740972601 42285 0
1740972604 42328 0
1740972606 42315 0
1740972608 42357 0
1740972610 42458 0
1740972612 42269 0
1740972614 42392 0
1740972616 42338 0
1740972618 42460 0
1740972620 42398 0
1740972622 42444 0
1740972624 42444 0
1740972626 42316 0
1740972628 42470 0
1740972630 42406 0
1740972632 42279 0
1740972634 42383 0
1740972636 42469 0
1740972638 42436 0
1740972640 42442 0
1740972642 42460 0
1740972644 42247 0
1740972646 42382 0
1740972649 42436 0
1740972651 42735 0
1740972653 42455 0
1740972655 42432 0
1740972657 42415 0
1740972659 42463 0
1740972661 42297 0
1740972663 42241 0
1740972665 42324 0
1740972667 42250 0
1740972669 42382 0
1740972671 42272 0
1740972673 42381 0
1740972675 42330 0
1740972677 42396 0
1740972679 42317 0
1740972681 42368 0
1740972683 42272 0
1740972685 42245 0
1740972687 42373 0
1740972689 42354 0
1740972691 42383 0
1740972693 42331 0
1740972696 42371 0
1740972698 42342 0
1740972700 42417 0
1740972702 42329 0
1740972704 42314 0
1740972706 42523 0
1740972708 42311 0
1740972710 42352 0
1740972712 42506 0
1740972714 42401 0
1740972716 42385 0
1740972718 42293 0
1740972720 42431 0
1740972722 42201 0
1740972724 42314 0
1740972726 42429 0
1740972728 42197 0
1740972730 42346 0
1740972732 42343 0
1740972734 42345 0
1740972736 42366 0
1740972738 42221 0
1740972740 42337 0
1740972743 42300 0
1740972745 42420 0
1740972747 42337 0
1740972749 42363 0
1740972751 42300 0
1740972753 42346 0
1740972755 42220 0
1740972757 42396 0
1740972759 42371 0
1740972761 42417 0
1740972763 42277 0
1740972765 42408 0
1740972767 42383 0
1740972769 42515 0
1740972771 42383 0
1740972773 42196 0
1740972775 42431 0
1740972777 42409 0
1740972779 42270 0
1740972781 42303 0
1740972783 42343 0
1740972785 42338 0
1740972788 42170 0
1740972790 42433 0
1740972792 42330 0
1740972794 42181 0
1740972796 42328 0
1740972798 42550 0
1740972800 42214 0
1740972802 42259 0
1740972804 42369 0
1740972806 42318 0
1740972808 42298 0
1740972810 42257 0
1740972812 42190 0
1740972814 42363 0
1740972816 42382 0
1740972818 42301 0
1740972820 42371 0
1740972822 42372 0
1740972824 42291 0
1740972826 42307 0
1740972828 42402 0
1740972830 42425 0
1740972832 42297 0
1740972835 42402 0
1740972837 42555 0
1740972839 42355 0
1740972841 42517 0
1740972843 42292 0
1740972845 42429 0
1740972847 42311 0
1740972849 42305 0
1740972851 42294 0
1740972853 42373 0
1740972855 42387 0
1740972857 42589 0
1740972859 42455 0
1740972861 42309 0
1740972863 42382 0
1740972865 42331 0
1740972867 42309 0
1740972869 42549 0
1740972871 42425 0
1740972873 42315 0
1740972875 42286 0
1740972877 42349 0
1740972880 42408 0
1740972882 42290 0
1740972884 42247 0
1740972886 42311 0
1740972888 42335 0
1740972890 42334 0
1740972892 42334 0
1740972894 42443 0
1740972896 42294 0
1740972898 42486 0
1740972900 42395 0
1740972902 42383 0
1740972904 42393 0
1740972906 42414 0
1740972908 42349 0
1740972910 42356 0
1740972912 42457 0
1740972914 42862 0
1740972916 42424 0
1740972918 42365 0
1740972920 42276 0
1740972922 42343 0
1740972924 42377 0
1740972927 42355 0
1740972929 42416 0
1740972931 42442 0
1740972933 42316 0
1740972935 42358 0
1740972937 42259 0
1740972939 42355 0
1740972941 42258 0
1740972943 42358 0
1740972945 42263 0
1740972947 42270 0
1740972949 42246 0
1740972951 42182 0
1740972953 42370 0
1740972955 42396 0
1740972957 42423 0
1740972959 42495 0
1740972961 42437 0
1740972963 42354 0
1740972965 42314 0
1740972967 42259 0
1740972969 42681 0
1740972971 42365 0
1740972974 42353 0
1740972976 42305 0
1740972978 42385 0
1740972980 42377 0
1740972982 42389 0
1740972984 42366 0
1740972986 42451 0
1740972988 42470 0
1740972990 42285 0
1740972992 42387 0
1740972994 42363 0
1740972996 42338 0
1740972998 42260 0
1740973000 42365 0
1740973002 42325 0
1740973004 42296 0
1740973006 42318 0
1740973008 42355 0
1740973010 42588 0
1740973012 42335 0
1740973014 42437 0
1740973016 42330 0
1740973019 42318 0
1740973021 42435 0
1740973023 42291 0
1740973025 42504 0
1740973027 42363 0
1740973029 42336 0
1740973031 42288 0
1740973033 42366 0
1740973035 42424 0
1740973037 42334 0
1740973039 42424 0
1740973041 42422 0
1740973043 42441 0
1740973045 42355 0
1740973047 42513 0
1740973049 42568 0
1740973051 42464 0
1740973053 42395 0
1740973055 42409 0
1740973057 42489 0
1740973059 42377 0
1740973061 42252 0
1740973063 42360 0
1740973066 42488 0
1740973068 42577 0
1740973070 42349 0
1740973072 42391 0
1740973074 42374 0
1740973076 42492 0
1740973078 42305 0
1740973080 42403 0
1740973082 42417 0
1740973084 42425 0
1740973086 42302 0
1740973088 42421 0
1740973090 42483 0
1740973092 42510 0
1740973094 42393 0
1740973096 42295 0
1740973098 42460 0
1740973100 42379 0
1740973102 42378 0
1740973104 42339 0
1740973106 42382 0
1740973108 42520 0
1740973110 42372 0
1740973113 42441 0
1740973115 39319 0
1740973117 39349 0
1740973119 39389 0
1740973121 39240 0
1740973123 39358 0
1740973125 39322 0
1740973127 39274 0
1740973129 39361 0
1740973131 39285 0
1740973133 39335 0
1740973135 39295 0
1740973137 39234 0
1740973139 39331 0
1740973141 39242 0
1740973143 39276 0
1740973145 39354 0
1740973147 39341 0
1740973149 39280 0
1740973151 39237 0
1740973153 39213 0
1740973155 39294 0
1740973158 39312 0
1740973160 39325 0
1740973162 39336 0
1740973164 39271 0
1740973166 39325 0
1740973168 39322 0
1740973170 42287 0
1740973172 42559 0
1740973174 42325 0
1740973176 42321 0
1740973178 42312 0
1740973180 42358 0
1740973182 42301 0
1740973184 42301 0
1740973186 42470 0
1740973188 42430 0
1740973190 42574 0
1740973192 42550 0
1740973194 42468 0
1740973196 42401 0
1740973198 42444 0
1740973200 42395 0
1740973202 42518 0
1740973205 42356 0
1740973207 42334 0
1740973209 42303 0
1740973211 42347 0
1740973213 42393 0
1740973215 42375 0
1740973217 42362 0
1740973219 42355 0
1740973221 42400 0
1740973223 42471 0
1740973225 42346 0
1740973227 42440 0
1740973229 42351 0
1740973231 42400 0
1740973233 42562 0
1740973235 42363 0
1740973237 42221 0
1740973239 42482 0
1740973241 42330 0
1740973243 42367 0
1740973245 42377 0
1740973247 42334 0
1740973249 42441 0
1740973252 42455 0
1740973254 42300 0
1740973256 42436 0
1740973258 42370 0
1740973260 42563 0
1740973262 42463 0
1740973264 42455 0
1740973266 42569 0
1740973268 42424 0
1740973270 42464 0
1740973272 42534 0
1740973274 42423 0
1740973276 42553 0
1740973278 42409 0
1740973280 42443 0
1740973282 42387 0
1740973284 42539 0
1740973286 42586 0
1740973288 42436 0
1740973290 42391 0
1740973292 42439 0
1740973294 42439 0
1740973297 42476 0
1740973299 42375 0
1740973301 42617 0
1740973303 42374 0
1740973305 42405 0
1740973307 42454 0
1740973309 42387 0
1740973311 42403 0
1740973313 42342 0
1740973315 42450 0
1740973317 42440 0
1740973319 42192 0
1740973321 42400 0
1740973323 42410 0
1740973325 42391 0
1740973327 42393 0
1740973329 42571 0
1740973331 42300 0
1740973333 42456 0
1740973335 42381 0
1740973337 42372 0
1740973339 42403 0
1740973341 42400 0
1740973344 42331 0
1740973346 42503 0
1740973348 42462 0
1740973350 42565 0
1740973352 42374 0
1740973354 42317 0
1740973356 42401 0
1740973358 42417 0
1740973360 42543 0
1740973362 42295 0
1740973364 42406 0
1740973366 42411 0
1740973368 42296 0
1740973370 42435 0
1740973372 42416 0
1740973374 42616 0
1740973376 42340 0
1740973378 42419 0
1740973380 42417 0
1740973382 42338 0
1740973384 42442 0
1740973386 42391 0
1740973388 42316 0
1740973391 42482 0
1740973393 42385 0
1740973395 42535 0
1740973397 42384 0
1740973399 42549 0
1740973401 42471 0
1740973403 42281 0
1740973405 42395 0
1740973407 42299 0
1740973409 42660 0
1740973411 42810 0
1740973413 42405 0
1740973415 42409 0
1740973417 42349 0
1740973419 42329 0
1740973421 42294 0
1740973423 42506 0
1740973425 42425 0
1740973427 42460 0
1740973429 42349 0
1740973431 42337 0
1740973434 42300 0
1740973436 42343 0
1740973438 42362 0
1740973440 42467 0
1740973442 42573 0
1740973444 42387 0
1740973446 42537 0
1740973448 42328 0
1740973450 42358 0
1740973452 42524 0
1740973454 42303 0
1740973456 42437 0
1740973458 42381 0
1740973460 42538 0
1740973462 42467 0
1740973464 42384 0
1740973466 42526 0
1740973468 42399 0
1740973470 42344 0
1740973472 42484 0
1740973474 42406 0
1740973476 42310 0
1740973478 42445 0
1740973481 42366 0
1740973483 42411 0
1740973485 42391 0
1740973487 42551 0
1740973489 42399 0
1740973491 42534 0
1740973493 42450 0
1740973495 42338 0
1740973497 42506 0
1740973499 42377 0
1740973501 42346 0
1740973503 42439 0
1740973505 42321 0
1740973507 42460 0
1740973509 42452 0
1740973511 42564 0
1740973513 42542 0
1740973515 42388 0
1740973517 42452 0
1740973519 42479 0
1740973521 42415 0
1740973523 42383 0
1740973526 42619 0
1740973528 42333 0
1740973530 42583 0
1740973532 42502 0
1740973534 42693 0
1740973536 42511 0
1740973538 42749 0
1740973540 42494 0
1740973542 42436 0
1740973544 42520 0
1740973546 42525 0
1740973548 42407 0
1740973550 42338 0
1740973552 42507 0
1740973554 42596 0
1740973556 42500 0
1740973558 42522 0
1740973560 42479 0
1740973562 42403 0
1740973564 42435 0
1740973566 42330 0
1740973568 42525 0
1740973570 42493 0
1740973573 42461 0
1740973575 42427 0
1740973577 42465 0
1740973579 42528 0
1740973581 42425 0
1740973583 42580 0
1740973585 42435 0
1740973587 42401 0
1740973589 42451 0
1740973591 42361 0
1740973593 42493 0
1740973595 42421 0
1740973597 42456 0
1740973599 42404 0
1740973601 42484 0
1740973603 42507 0
1740973605 42460 0
1740973607 42415 0
1740973609 42410 0
1740973611 42459 0
1740973613 42476 0
1740973615 42347 0
1740973617 42313 0
1740973620 42407 0
1740973622 42390 0
1740973624 42270 0
1740973626 42460 0
1740973628 42342 0
1740973630 42607 0
1740973632 42380 0
1740973634 42502 0
1740973636 42442 0
1740973638 42561 0
1740973640 42516 0
1740973642 42473 0
1740973644 42386 0
1740973646 42427 0
1740973648 42253 0
1740973650 42402 0
1740973652 42555 0
1740973654 42379 0
1740973656 42381 0
1740973658 42394 0
1740973660 42474 0
1740973662 42475 0
1740973665 42538 0
1740973667 42629 0
1740973669 42376 0
1740973671 42488 0
1740973673 42442 0
1740973675 42407 0
1740973677 42381 0
1740973679 42470 0
1740973681 42361 0
1740973683 42336 0
1740973685 42487 0
1740973687 42276 0
1740973689 42326 0
1740973691 42398 0
1740973693 42353 0
1740973695 42353 0
1740973697 42316 0
1740973699 42444 0
1740973701 42315 0
1740973703 42361 0
1740973705 42351 0
1740973707 42394 0
1740973709 42313 0
1740973712 42567 0
1740973714 42431 0
1740973716 42435 0
1740973718 42414 0
1740973720 42472 0
1740973722 42461 0
1740973724 42457 0
1740973726 42466 0
1740973728 42519 0
1740973730 42567 0
1740973732 42505 0
1740973734 42466 0
1740973736 42409 0
1740973738 42420 0
1740973740 42519 0
1740973742 42462 0
1740973744 42598 0
1740973746 42472 0
1740973748 42450 0
1740973750 42438 0
1740973753 42400 0
1740973755 42399 0
1740973757 42461 0
1740973759 42558 0
1740973761 42509 0
1740973763 42393 0
1740973765 42397 0
1740973767 42484 0
1740973769 42329 0
1740973771 42385 0
1740973773 42435 0
1740973775 42459 0
1740973777 42434 0
1740973779 42424 0
1740973781 42377 0
1740973783 42453 0
1740973785 42364 0
1740973787 42488 0
1740973789 42380 0
1740973791 42718 0
1740973793 42447 0
1740973795 42333 0
1740973797 42433 0
1740973800 42466 0
1740973802 42401 0
1740973804 42636 0
1740973806 42557 0
1740973808 42554 0
1740973810 42668 0
1740973812 42497 0
1740973814 42451 0
1740973816 42566 0
1740973818 42501 0
1740973820 42571 0
1740973822 42486 0
1740973824 42482 0
1740973826 42540 0
1740973828 42548 0
1740973830 42462 0
1740973832 42602 0
1740973834 42525 0
1740973836 42419 0
1740973838 42417 0
1740973840 42604 0
1740973842 42318 0
1740973844 42442 0
1740973847 42437 0
1740973849 42408 0
1740973851 42486 0
1740973853 42432 0
1740973855 42485 0
1740973857 42418 0
1740973859 42360 0
1740973861 42386 0
1740973863 42340 0
1740973865 42439 0
1740973867 42479 0
1740973869 42443 0
1740973871 42383 0
1740973873 42656 0
1740973875 42327 0
1740973877 42537 0
1740973879 42506 0
1740973881 42576 0
1740973883 42515 0
1740973885 42490 0
1740973887 42490 0
1740973889 42391 0
1740973892 42457 0
1740973894 42441 0
1740973896 42441 0
1740973898 42500 0
1740973900 42479 0
1740973902 42377 0
1740973904 42298 0
1740973906 42622 0
1740973908 42355 0
1740973910 42452 0
1740973912 42341 0
1740973914 42460 0
1740973916 42503 0
1740973918 42405 0
1740973920 42350 0
1740973922 42489 0
1740973924 42368 0
1740973926 42221 0
1740973928 42514 0
1740973930 42429 0
1740973932 42473 0
1740973934 42327 0
1740973936 42503 0
1740973939 42529 0
1740973941 42424 0
1740973943 42269 0
1740973945 42322 0
1740973947 42394 0
1740973949 42305 0
1740973951 42358 0
1740973953 42390 0
1740973955 42652 0
1740973957 42383 0
1740973959 42369 0
1740973961 42356 0
1740973963 42408 0
1740973965 42342 0
1740973967 42489 0
1740973969 42411 0
1740973971 42469 0
1740973973 42513 0
1740973975 42480 0
1740973977 42704 0
1740973979 42486 0
1740973981 42421 0
1740973984 42411 0
1740973986 42549 0
1740973988 42511 0
1740973990 42460 0
1740973992 42468 0
1740973994 42398 0
1740973996 42434 0
1740973998 42299 0
1740974000 42602 0
1740974002 42632 0
1740974004 42522 0
1740974006 42468 0
1740974008 42446 0
1740974010 42577 0
1740974012 42435 0
1740974014 42599 0
1740974016 42679 0
1740974018 42557 0
1740974020 42561 0
1740974022 42683 0
1740974024 42546 0
1740974026 42647 0
1740974028 42638 0
1740974031 42687 0
1740974033 42468 0
1740974035 42454 0
1740974037 42464 0
1740974039 42509 0
1740974041 42466 0
1740974043 42566 0
1740974045 42632 0
1740974047 42627 0
1740974049 42793 0
1740974051 42454 0
1740974053 42470 0
1740974055 42491 0
1740974057 42426 0
1740974059 42481 0
1740974061 42502 0
1740974063 42581 0
1740974065 42495 0
1740974067 42460 0
1740974069 42439 0
1740974071 42386 0
1740974073 42440 0
1740974075 42453 0
1740974078 42511 0
1740974080 42433 0
1740974082 42482 0
1740974084 42453 0
1740974086 42439 0
1740974088 42499 0
1740974090 42437 0
1740974092 42573 0
1740974094 42449 0
1740974096 42562 0
1740974098 42455 0
1740974100 42534 0
1740974102 42395 0
1740974104 42555 0
1740974106 42669 0
1740974108 42560 0
1740974110 42440 0
1740974112 42363 0
1740974114 42508 0
1740974116 42562 0
1740974118 42616 0
1740974120 42520 0
1740974122 42451 0
1740974125 42381 0
1740974127 42342 0
1740974129 42618 0
1740974131 42542 0
1740974133 42568 0
1740974135 42551 0
1740974137 42547 0
1740974139 42490 0
1740974141 42448 0
1740974143 42556 0
1740974145 42565 0
1740974147 42542 0
1740974149 42541 0
1740974151 42522 0
1740974153 42493 0
1740974155 42505 0
1740974157 42627 0
1740974159 42552 0
1740974161 42441 0
1740974163 42427 0
1740974165 42434 0
1740974167 42352 0
1740974170 42370 0
1740974172 42442 0
1740974174 42351 0
1740974176 42383 0
1740974178 42448 0
1740974180 42471 0
1740974182 42569 0
1740974184 42565 0
1740974186 42417 0
1740974188 42461 0
1740974190 42496 0
1740974192 42483 0
1740974194 42398 0
1740974196 42554 0
1740974198 42550 0
1740974200 42503 0
1740974202 42582 0
1740974204 42426 0
1740974206 42458 0
1740974208 42506 0
1740974210 42590 0
1740974212 42390 0
1740974214 42458 0
1740974217 42468 0
1740974219 42476 0
1740974221 42438 0
1740974223 42498 0
1740974225 42439 0
1740974227 42459 0
1740974229 42568 0
1740974231 42581 0
1740974233 42620 0
1740974235 42581 0
1740974237 42566 0
1740974239 42519 0
1740974241 42597 0
1740974243 42486 0
1740974245 42448 0
1740974247 42423 0
1740974249 42413 0
1740974251 42528 0
1740974253 42518 0
1740974255 42434 0
1740974257 42334 0
1740974259 42356 0
1740974261 42505 0
1740974264 42680 0
1740974266 42626 0
1740974268 42593 0
1740974270 42467 0
1740974272 42548 0
1740974274 42519 0
1740974276 42625 0
1740974278 42602 0
1740974280 42544 0
1740974282 42526 0
1740974284 42652 0
1740974286 42549 0
1740974288 42598 0
1740974290 42471 0
1740974292 42416 0
1740974294 42565 0
1740974296 42648 0
1740974298 42572 0
1740974300 42724 0
1740974302 42696 0
1740974304 42526 0
1740974306 42757 0
1740974309 42519 0
1740974311 42514 0
1740974313 42601 0
1740974315 42598 0
1740974317 42531 0
1740974319 42523 0
1740974321 42650 0
1740974323 42416 0
1740974325 42560 0
1740974327 42412 0
1740974329 42513 0
1740974331 42453 0
1740974333 42387 0
1740974335 42438 0
1740974337 42457 0
1740974339 42505 0
1740974341 42591 0
1740974343 42411 0
1740974345 42516 0
1740974347 42465 0
1740974349 42532 0
1740974351 42574 0
1740974353 42565 0
1740974356 42930 0
1740974358 42765 0
1740974360 42585 0
1740974362 42580 0
1740974364 42628 0
1740974366 42585 0
1740974368 42505 0
1740974370 42543 0
1740974372 42451 0
1740974374 42639 0
1740974376 42468 0
1740974378 42523 0
1740974380 42420 0
1740974382 42650 0
1740974384 42465 0
1740974386 42653 0
1740974388 42471 0
1740974390 42695 0
1740974392 42567 0
1740974394 42471 0
1740974396 42508 0
1740974398 42450 0
1740974400 42343 0
1740974403 42271 0
1740974405 42360 0
1740974407 42462 0
1740974409 42486 0
1740974411 42465 0
1740974413 42438 0
1740974415 42477 0
1740974417 42465 0
1740974419 42437 0
1740974421 42492 0
1740974423 42406 0
1740974425 42566 0
1740974427 42507 0
1740974429 42514 0
1740974431 42516 0
1740974433 42466 0
1740974435 42489 0
1740974437 42463 0
1740974439 42504 0
1740974441 42426 0
1740974443 42381 0
1740974445 42431 0
1740974448 42424 0
1740974450 42396 0
1740974452 42407 0
1740974454 42352 0
1740974456 42505 0
1740974458 42384 0
1740974460 42612 0
1740974462 42456 0
1740974464 42551 0
1740974466 42500 0
1740974468 42500 0
1740974470 42461 0
1740974472 42470 0
1740974474 42328 0
1740974476 42537 0
1740974478 42425 0
1740974480 42388 0
1740974482 42472 0
1740974484 42462 0
1740974486 42573 0
1740974488 42488 0
1740974490 42467 0
1740974492 42492 0
1740974495 42560 0
1740974497 42545 0
1740974499 42487 0
1740974501 42535 0
1740974503 42528 0
1740974505 42485 0
1740974507 42670 0
1740974509 42538 0
1740974511 42462 0
1740974513 42584 0
1740974515 42499 0
1740974517 42459 0
1740974519 42503 0
1740974521 42481 0
1740974523 42538 0
1740974525 42470 0
1740974527 42513 0
1740974529 42539 0
1740974531 42398 0
1740974533 42414 0
1740974535 42482 0
1740974537 42524 0
1740974540 42437 0
1740974542 42555 0
1740974544 42583 0
1740974546 42462 0
1740974548 42513 0
1740974550 42476 0
1740974552 42570 0
1740974554 42422 0
1740974556 42486 0
1740974558 42462 0
1740974560 42446 0
1740974562 42595 0
1740974564 42466 0
1740974566 42514 0
1740974568 42442 0
1740974570 42596 0
1740974572 42670 0
1740974574 42566 0
1740974576 42556 0
1740974578 42515 0
1740974580 42638 0
1740974582 42424 0
1740974584 42500 0
1740974587 42510 0
1740974589 42603 0
1740974591 42340 0
1740974593 42509 0
1740974595 42495 0
1740974597 42560 0
1740974599 42566 0
1740974601 42485 0
1740974603 42505 0
1740974605 42496 0
1740974607 42452 0
1740974609 42426 0
1740974611 42417 0
1740974613 42376 0
1740974615 42410 0
1740974617 42538 0
1740974619 42542 0
1740974621 42571 0
1740974623 42510 0
1740974625 42735 0
1740974627 42603 0
1740974629 42572 0
1740974632 42526 0
1740974634 42554 0
1740974636 42557 0
1740974638 42637 0
1740974640 42531 0
1740974642 42496 0
1740974644 42593 0
1740974646 42541 0
1740974648 42508 0
1740974650 42557 0
1740974652 42566 0
1740974654 42384 0
1740974656 42584 0
1740974658 42403 0
1740974660 42478 0
1740974662 42348 0
1740974664 42486 0
1740974666 42550 0
1740974668 42456 0
1740974670 42439 0
1740974672 42419 0
1740974674 42333 0
1740974676 42643 0
1740974679 42383 0
1740974681 42539 0
1740974683 42609 0
1740974685 42606 0
1740974687 42459 0
1740974689 42584 0
1740974691 42603 0
1740974693 42470 0
1740974695 42610 0
1740974697 42623 0
1740974699 42526 0
1740974701 42593 0
1740974703 42556 0
1740974705 42463 0
1740974707 42631 0
1740974709 42577 0
1740974711 42427 0
1740974713 42451 0
1740974715 42683 0
1740974717 42585 0
1740974719 42749 0
1740974721 42513 0
1740974723 42544 0
1740974726 42557 0
1740974728 42589 0
1740974730 42552 0
1740974732 42408 0
1740974734 42510 0
1740974736 42577 0
1740974738 42561 0
1740974740 42397 0
1740974742 42558 0
1740974744 42501 0
1740974746 42591 0
1740974748 42363 0
1740974750 42507 0
1740974752 42407 0
1740974754 42426 0
1740974756 42560 0
1740974758 42430 0
1740974760 42537 0
1740974762 42555 0
1740974764 42615 0
1740974766 42539 0
1740974768 42602 0
1740974770 42593 0
1740974773 42471 0
1740974775 42630 0
1740974777 42603 0
1740974779 42594 0
1740974781 42302 0
1740974783 42470 0
1740974785 42681 0
1740974787 42479 0
1740974789 42502 0
1740974791 42371 0
1740974793 42524 0
1740974795 42543 0
1740974797 42639 0
1740974799 42382 0
1740974801 42390 0
1740974803 42440 0
1740974805 42388 0
1740974807 42525 0
1740974809 42503 0
1740974811 42543 0
1740974813 42463 0
1740974815 42425 0
1740974818 42470 0
1740974820 42473 0
1740974822 42520 0
1740974824 42455 0
1740974826 42470 0
1740974828 42606 0
1740974830 42423 0
1740974832 42372 0
1740974834 42540 0
1740974836 42516 0
1740974838 42569 0
1740974840 42578 0
1740974842 42423 0
1740974844 42638 0
1740974846 42462 0
1740974848 42541 0
1740974850 42680 0
1740974852 42639 0
1740974854 42586 0
1740974856 42614 0
1740974858 42661 0
1740974860 42633 0
1740974863 42516 0
1740974865 42552 0
1740974867 42537 0
1740974869 42656 0
1740974871 42560 0
1740974873 42569 0
1740974875 42478 0
1740974877 42536 0
1740974879 42586 0
1740974881 42494 0
1740974883 42409 0
1740974885 42516 0
1740974887 42460 0
1740974889 42341 0
1740974891 42561 0
1740974893 42540 0
1740974895 42438 0
1740974897 42502 0
1740974899 42528 0
1740974901 42662 0
1740974903 42499 0
1740974905 42585 0
1740974907 42526 0
1740974910 42497 0
1740974912 42580 0
1740974914 42417 0
1740974916 42621 0
1740974918 42512 0
1740974920 42494 0
1740974922 42555 0
1740974924 42434 0
1740974926 42673 0
1740974928 42623 0
1740974930 42604 0
1740974932 42581 0
1740974934 42507 0
1740974936 42572 0
1740974938 42516 0
1740974940 42644 0
1740974942 42597 0
1740974944 42525 0
1740974946 42408 0
1740974948 42507 0
1740974950 42476 0
1740974952 42468 0
1740974955 42514 0
1740974957 42525 0
1740974959 42490 0
1740974961 42634 0
1740974963 42669 0
1740974965 42647 0
1740974967 42478 0
1740974969 42564 0
1740974971 42630 0
1740974973 42580 0
1740974975 42465 0
1740974977 42524 0
1740974979 42674 0
1740974981 42644 0
1740974983 42541 0
1740974985 42589 0
1740974987 42675 0
1740974989 42540 0
1740974991 42560 0
1740974993 42529 0
1740974995 42499 0
1740974997 42537 0
1740974999 42480 0
1740975002 42608 0
1740975004 42396 0
1740975006 42464 0
1740975008 42473 0
1740975010 42448 0
1740975012 42485 0
1740975014 42533 0
1740975016 42456 0
1740975018 42431 0
1740975020 42574 0
1740975022 42562 0
1740975024 42535 0
1740975026 42477 0
1740975028 42506 0
1740975030 42517 0
1740975032 42461 0
1740975034 42592 0
1740975036 42587 0
1740975038 42499 0
1740975040 42490 0
1740975042 42709 0
1740975044 42574 0
1740975046 42598 0
1740975049 42516 0
1740975051 42378 0
1740975053 42418 0
1740975055 42460 0
1740975057 42442 0
1740975059 42388 0
1740975061 42467 0
1740975063 42513 0
1740975065 42467 0
1740975067 42429 0
1740975069 42354 0
1740975071 42432 0
1740975073 42541 0
1740975075 42476 0
1740975077 42550 0
1740975079 42461 0
1740975081 42520 0
1740975083 42481 0
1740975085 42503 0
1740975087 42532 0
1740975089 42527 0
1740975091 42521 0
1740975094 42432 0
1740975096 42547 0
1740975098 42474 0
1740975100 42494 0
1740975102 42520 0
1740975104 42651 0
1740975106 42333 0
1740975108 42626 0
1740975110 42546 0
1740975112 42623 0
1740975114 42499 0
1740975116 42607 0
1740975118 42626 0
1740975120 42613 0
1740975122 42619 0
1740975124 42515 0
1740975126 42456 0
1740975128 42584 0
1740975130 42528 0
1740975132 42507 0
1740975134 42467 0
1740975136 42557 0
1740975138 42436 0
1740975141 42518 0
1740975143 42458 0
1740975145 42530 0
1740975147 42357 0
1740975149 42455 0
1740975151 42423 0
1740975153 42599 0
1740975155 42510 0
1740975157 42510 0
1740975159 42484 0
1740975161 42539 0
1740975163 42529 0
1740975165 42576 0
1740975167 42555 0
1740975169 42449 0
1740975171 42483 0
1740975173 42447 0
1740975175 42533 0
1740975177 42490 0
1740975179 42613 0
1740975181 42511 0
1740975183 42513 0
1740975186 42583 0
1740975188 42463 0
1740975190 42695 0
1740975192 42388 0
1740975194 42614 0
1740975196 42594 0
1740975198 42533 0
1740975200 42598 0
1740975202 42546 0
1740975204 42531 0
1740975206 42528 0
1740975208 42514 0
1740975210 42521 0
1740975212 42536 0
1740975214 42567 0
1740975216 42542 0
1740975218 42508 0
1740975220 42680 0
1740975222 42555 0
1740975224 42487 0
1740975226 42423 0
1740975228 42575 0
1740975230 42576 0
1740975233 42402 0
1740975235 42548 0
1740975237 42624 0
1740975239 42669 0
1740975241 42420 0
1740975243 42569 0
1740975245 42545 0
1740975247 42661 0
1740975249 42582 0
1740975251 42558 0
1740975253 42658 0
1740975255 42460 0
1740975257 42416 0
1740975259 42551 0
1740975261 42530 0
1740975263 42577 0
1740975265 42530 0
1740975267 42501 0
1740975269 42492 0
1740975271 42707 0
1740975273 42657 0
1740975275 42543 0
1740975277 42568 0
1740975280 42577 0
1740975282 42671 0
1740975284 42578 0
1740975286 42564 0
1740975288 42567 0
1740975290 42570 0
1740975292 42559 0
1740975294 42724 0
1740975296 42597 0
1740975298 42472 0
1740975300 42578 0
1740975302 42679 0
1740975304 42623 0
1740975306 42556 0
1740975308 42544 0
1740975310 42468 0
1740975312 42586 0
1740975314 42589 0
1740975316 42667 0
1740975318 42805 0
1740975320 42579 0
1740975322 42604 0
1740975325 42620 0
1740975327 42567 0
1740975329 42665 0
1740975331 42585 0
1740975333 42497 0
1740975335 42706 0
1740975337 42681 0
1740975339 42617 0
1740975341 42685 0
1740975343 42587 0
1740975345 42550 0
1740975347 42573 0
1740975349 42573 0
1740975351 42610 0
1740975353 42625 0
1740975355 42644 0
1740975357 42571 0
1740975359 42479 0
1740975361 42502 0
1740975363 42618 0
1740975365 42608 0
1740975367 42548 0
1740975369 42661 0
1740975372 42588 0
1740975374 42622 0
1740975376 42534 0
1740975378 42597 0
1740975380 42638 0
1740975382 42454 0
1740975384 42652 0
1740975386 42533 0
1740975388 42653 0
1740975390 42462 0
1740975392 42548 0
1740975394 42594 0
1740975396 42628 0
1740975398 42647 0
1740975400 42583 0
1740975402 42571 0
1740975404 42554 0
1740975406 42547 0
1740975408 42500 0
1740975410 42755 0
1740975412 42576 0
1740975414 42640 0
1740975416 42673 0
1740975419 42640 0
1740975421 42531 0
1740975423 42680 0
1740975425 42561 0
1740975427 42490 0
1740975429 42530 0
1740975431 42602 0
1740975433 42573 0
1740975435 42640 0
1740975437 42605 0
1740975439 42609 0
1740975441 42640 0
1740975443 42667 0
1740975445 42715 0
1740975447 42540 0
1740975449 42610 0
1740975451 42540 0
1740975453 42639 0
1740975455 42573 0
1740975457 42606 0
1740975459 42576 0
1740975461 42608 0
1740975464 42644 0
1740975466 42533 0
1740975468 42535 0
1740975470 42745 0
1740975472 42621 0
1740975474 42821 0
1740975476 42531 0
1740975478 42517 0
1740975480 42593 0
1740975482 42524 0
1740975484 42595 0
1740975486 42433 0
1740975488 42536 0
1740975490 42677 0
1740975492 42540 0
1740975494 42556 0
1740975496 42447 0
1740975498 42693 0
1740975500 42567 0
1740975502 42593 0
1740975504 42646 0
1740975506 42614 0
1740975509 42566 0
1740975511 42661 0
1740975513 42610 0
1740975515 42550 0
1740975517 42523 0
1740975519 42474 0
1740975521 42445 0
1740975523 42573 0
1740975525 42694 0
1740975527 42781 0
1740975529 42590 0
1740975531 42656 0
1740975533 42582 0
1740975535 42782 0
1740975537 42747 0
1740975539 42463 0
1740975541 42591 0
1740975543 42529 0
1740975545 42414 0
1740975547 42514 0
1740975549 42489 0
1740975551 42400 0
1740975553 42580 0
1740975556 42515 0
1740975558 42613 0
1740975560 42584 0
1740975562 42653 0
1740975564 42645 0
1740975566 42677 0
1740975568 42955 0
1740975570 42749 0
1740975572 42619 0
1740975574 42781 0
1740975576 42651 0
1740975578 42746 0
1740975580 42520 0
1740975582 42783 0
1740975584 42707 0
1740975586 42569 0
1740975588 42626 0
1740975590 42696 0
1740975592 42709 0
1740975594 42584 0
1740975596 42577 0
1740975598 42624 0
1740975601 42641 0
1740975603 42405 0
1740975605 42415 0
1740975607 42530 0
1740975609 42494 0
1740975611 42731 0
1740975613 42891 0
1740975615 42397 0
1740975617 42545 0
1740975619 42604 0
1740975621 42752 0
1740975623 42722 0
1740975625 42628 0
1740975627 42706 0
1740975629 42508 0
1740975631 42478 0
1740975633 42555 0
1740975635 43005 0
1740975637 42467 0
1740975639 42540 0
1740975641 42430 0
1740975643 42549 0
1740975645 42543 0
1740975648 42450 0
1740975650 42433 0
1740975652 42589 0
1740975654 42553 0
1740975656 42482 0
1740975658 42524 0
1740975660 42632 0
1740975662 42629 0
1740975664 42535 0
1740975666 42552 0
1740975668 42612 0
1740975670 42776 0
1740975672 42554 0
1740975674 42588 0
1740975676 42786 0
1740975678 42725 0
1740975680 42667 0
1740975682 42443 0
1740975684 42793 0
1740975686 42730 0
1740975688 42593 0
1740975690 42519 0
1740975692 42581 0
1740975695 42641 0
1740975697 42520 0
1740975699 42554 0
1740975701 42530 0
1740975703 42954 0
1740975705 42610 0
1740975707 42677 0
1740975709 42565 0
1740975711 42419 0
1740975713 42491 0
1740975715 42640 0
1740975717 42597 0
1740975719 42635 0
1740975721 42529 0
1740975723 42669 0
1740975725 42586 0
1740975727 42724 0
1740975729 42614 0
1740975731 42533 0
1740975733 42693 0
1740975735 42540 0
1740975737 42491 0
1740975740 42454 0
1740975742 42511 0
1740975744 42500 0
1740975746 42558 0
1740975748 42487 0
1740975750 42477 0
1740975752 42486 0
1740975754 42619 0
1740975756 42655 0
1740975758 42566 0
1740975760 42496 0
1740975762 42564 0
1740975764 42609 0
1740975766 42482 0
1740975768 42544 0
1740975770 42493 0
1740975772 42618 0
1740975774 42529 0
1740975776 42508 0
1740975778 42605 0
1740975780 42537 0
1740975782 42571 0
1740975784 42545 0
1740975787 42471 0
1740975789 42668 0
1740975791 42781 0
1740975793 42651 0
1740975795 42833 0
1740975797 42774 0
1740975799 42771 0
1740975801 42651 0
1740975803 42787 0
1740975805 42596 0
1740975807 42718 0
1740975809 42613 0
1740975811 42666 0
1740975813 42644 0
1740975815 42615 0
1740975817 42439 0
1740975819 42600 0
1740975821 42932 0
1740975823 42645 0
1740975825 42626 0
1740975827 42727 0
1740975829 42600 0
1740975831 42664 0
1740975834 42493 0
1740975836 42418 0
1740975838 42613 0
1740975840 42793 0
1740975842 42621 0
1740975844 42464 0
1740975846 42466 0
1740975848 42478 0
1740975850 42460 0
1740975852 42547 0
1740975854 42607 0
1740975856 42608 0
1740975858 42558 0
1740975860 42595 0
1740975862 42830 0
1740975864 42510 0
1740975866 42522 0
1740975868 42646 0
1740975870 42535 0
1740975872 42652 0
1740975874 42497 0
1740975876 42621 0
1740975878 42515 0
1740975881 42791 0
1740975883 42607 0
1740975885 42606 0
1740975887 42892 0
1740975889 42604 0
1740975891 42575 0
1740975893 42713 0
1740975895 42537 0
1740975897 42691 0
1740975899 42625 0
1740975901 42984 0
1740975903 42764 0
1740975905 42500 0
1740975907 42467 0
1740975909 42561 0
1740975911 42628 0
1740975913 42582 0
1740975915 42549 0
1740975917 42543 0
1740975919 42561 0
1740975921 42632 0
1740975923 42565 0
1740975926 42670 0
1740975928 42815 0
1740975930 43000 0
1740975932 43030 0
1740975934 42564 0
1740975936 42603 0
1740975938 42632 0
1740975940 42945 0
1740975942 42755 0
1740975944 42750 0
1740975946 42514 0
1740975948 42686 0
1740975950 42427 0
1740975952 42641 0
1740975954 42875 0
1740975956 42555 0
1740975958 42385 0
1740975960 42418 0
1740975962 42520 0
1740975964 42485 0
1740975966 42613 0
1740975968 42546 0
1740975970 42460 0
1740975973 42598 0
1740975975 42613 0
1740975977 42590 0
1740975979 42600 0
1740975981 42465 0
1740975983 42527 0
1740975985 42639 0
1740975987 42489 0
1740975989 42420 0
1740975991 42567 0
1740975993 42454 0
1740975995 42563 0
1740975997 42645 0
1740975999 42449 0
1740976001 42630 0
1740976003 42621 0
1740976005 42709 0
1740976007 42720 0
1740976009 43157 0
1740976011 42520 0
1740976013 42557 0
1740976015 42509 0
1740976017 42435 0
1740976020 42567 0
1740976022 42504 0
1740976024 42538 0
1740976026 42505 0
1740976028 42437 0
1740976030 42659 0
1740976032 42530 0
1740976034 42537 0
1740976036 42757 0
1740976038 42589 0
1740976040 42485 0
1740976042 42533 0
1740976044 42606 0
1740976046 42678 0
1740976048 42536 0
1740976050 42646 0
1740976052 42678 0
1740976054 42568 0
1740976056 42733 0
1740976058 42477 0
1740976060 42674 0
1740976062 42544 0
1740976065 42697 0
1740976067 42482 0
1740976069 42448 0
1740976071 42721 0
1740976073 42841 0
1740976075 42652 0
1740976077 42793 0
1740976079 42736 0
1740976081 42636 0
1740976083 42656 0
1740976085 42889 0
1740976087 42663 0
1740976089 42983 0
1740976091 42550 0
1740976093 42626 0
1740976095 42817 0
1740976097 42764 0
1740976099 42587 0
1740976101 42912 0
1740976103 42699 0
1740976105 42703 0
1740976107 42747 0
1740976110 42818 0
1740976112 42575 0
1740976114 42650 0
1740976116 42836 0
1740976118 43062 0
1740976120 42517 0
1740976122 42577 0
1740976124 42627 0
1740976126 42631 0
1740976128 42605 0
1740976130 42438 0
1740976132 42441 0
1740976134 42657 0
1740976136 42726 0
1740976138 42656 0
1740976140 42631 0
1740976142 42638 0
1740976144 42553 0
1740976146 42612 0
1740976148 42573 0
1740976150 42777 0
1740976152 42619 0
1740976154 42515 0
1740976157 42571 0
1740976159 42565 0
1740976161 42813 0
1740976163 42869 0
1740976165 42499 0
1740976167 42692 0
1740976169 42529 0
1740976171 42502 0
1740976173 42496 0
1740976175 42560 0
1740976177 42536 0
1740976179 42607 0
1740976181 42424 0
1740976183 42731 0
1740976185 42518 0
1740976187 42577 0
1740976189 42646 0
1740976191 42793 0
1740976193 42607 0
1740976195 42608 0
1740976197 42600 0
1740976199 42568 0
1740976201 42675 0
1740976204 42572 0
1740976206 42508 0
1740976208 42590 0
1740976210 42608 0
1740976212 42548 0
1740976214 42629 0
1740976216 42694 0
1740976218 42726 0
1740976220 42643 0
1740976222 42702 0
1740976224 42636 0
1740976226 42606 0
1740976228 42531 0
1740976230 42515 0
1740976232 42659 0
1740976234 42520 0
1740976236 42590 0
1740976238 42566 0
1740976240 42636 0
1740976242 42414 0
1740976244 42641 0
1740976246 42518 0
1740976248 42494 0
1740976251 42623 0
1740976253 42558 0
1740976255 42562 0
1740976257 42668 0
1740976259 42646 0
1740976261 42623 0
1740976263 42601 0
1740976265 42504 0
1740976267 42688 0
1740976269 42523 0
1740976271 42765 0
1740976273 42592 0
1740976275 42620 0
1740976277 42656 0
1740976279 42712 0
1740976281 42486 0
1740976283 42627 0
1740976285 42583 0
1740976287 42586 0
1740976289 42614 0
1740976291 42564 0
1740976293 42536 0
1740976296 42517 0
1740976298 42703 0
1740976300 42552 0
1740976302 42555 0
1740976304 42512 0
1740976306 42593 0
1740976308 42543 0
1740976310 42501 0
1740976312 42560 0
1740976314 42473 0
1740976316 42558 0
1740976318 42668 0
1740976320 42686 0
1740976322 42633 0
1740976324 42739 0
1740976326 42661 0
1740976328 42515 0
1740976330 42883 0
1740976332 42589 0
1740976334 42778 0
1740976336 42645 0
1740976338 42617 0
1740976340 42534 0
1740976343 42549 0
1740976345 42510 0
1740976347 42737 0
1740976349 42750 0
1740976351 42437 0
1740976353 42626 0
1740976355 42614 0
1740976357 42623 0
1740976359 42558 0
1740976361 42710 0
1740976363 42779 0
1740976365 42598 0
1740976367 42649 0
1740976369 42777 0
1740976371 42619 0
1740976373 42631 0
1740976375 42580 0
1740976377 42672 0
1740976379 42884 0
1740976381 42661 0
1740976383 43023 0
1740976385 42985 0
1740976388 42765 0
1740976390 42587 0
1740976392 42690 0
1740976394 42949 0
1740976396 42611 0
1740976398 42713 0
1740976400 42730 0
1740976402 42598 0
1740976404 42843 0
1740976406 42839 0
1740976408 42617 0
1740976410 42592 0
1740976412 42658 0
1740976414 42585 0
1740976416 42677 0
1740976418 42475 0
1740976420 42687 0
1740976422 42599 0
1740976424 42508 0
1740976426 42698 0
1740976428 42547 0
1740976430 42615 0
1740976432 42580 0
1740976435 42685 0
1740976437 42756 0
1740976439 42560 0
1740976441 42625 0
1740976443 42570 0
1740976445 42629 0
1740976447 42675 0
1740976449 42514 0
1740976451 42551 0
1740976453 42581 0
1740976455 42482 0
1740976457 42514 0
1740976459 42672 0
1740976461 42567 0
1740976463 42610 0
1740976465 42589 0
1740976467 42848 0
1740976469 42702 0
1740976471 42535 0
1740976473 42852 0
1740976475 42490 0
1740976477 42659 0
1740976479 42555 0
1740976482 42809 0
1740976484 42434 0
1740976486 42559 0
1740976488 42654 0
1740976490 42580 0
1740976492 42686 0
1740976494 42666 0
1740976496 42693 0
1740976498 42660 0
1740976500 42962 0
1740976502 42760 0
1740976504 42569 0
1740976506 42555 0
1740976508 42543 0
1740976510 42580 0
1740976512 42503 0
1740976514 42554 0
1740976516 42625 0
1740976518 42492 0
1740976520 42613 0
1740976522 42597 0
1740976524 42590 0
1740976527 42591 0
1740976529 42600 0
1740976531 42582 0
1740976533 42563 0
1740976535 42667 0
1740976537 42766 0
1740976539 42681 0
1740976541 42543 0
1740976543 42803 0
1740976545 42839 0
1740976547 42704 0
1740976549 42633 0
1740976551 42783 0
1740976553 42982 0
1740976555 42699 0
1740976557 42681 0
1740976559 42596 0
1740976561 42672 0
1740976563 42675 0
1740976565 42741 0
1740976567 42585 0
1740976569 42690 0
1740976571 42602 0
1740976574 42600 0
1740976576 42577 0
1740976578 42546 0
1740976580 42670 0
1740976582 42804 0
1740976584 42523 0
1740976586 42555 0
1740976588 42604 0
1740976590 42718 0
1740976592 42510 0
1740976594 42372 0
1740976596 42472 0
1740976598 42519 0
1740976600 42597 0
1740976602 42704 0
1740976604 42508 0
1740976606 42621 0
1740976608 42691 0
1740976610 42832 0
1740976612 42722 0
1740976614 42631 0
1740976616 42657 0
1740976618 42728 0
1740976621 42785 0
1740976623 42872 0
1740976625 42743 0
1740976627 42548 0
1740976629 42548 0
1740976631 42641 0
1740976633 42671 0
1740976635 42793 0
1740976637 42562 0
1740976639 42644 0
1740976641 42681 0
1740976643 42538 0
1740976645 42589 0
1740976647 42597 0
1740976649 42743 0
1740976651 42595 0
1740976653 42643 0
1740976655 42581 0
1740976657 42774 0
1740976659 42620 0
1740976661 42643 0
1740976663 42808 0
1740976665 42656 0
1740976668 42671 0
1740976670 42562 0
1740976672 42629 0
1740976674 42688 0
1740976676 42619 0
1740976678 42583 0
1740976680 42634 0
1740976682 42743 0
1740976684 43704 0
1740976686 43893 0
1740976688 43876 0
1740976690 43790 0
1740976692 43825 0
1740976694 43878 0
1740976696 43793 0
1740976698 43748 0
1740976700 43887 0
1740976702 43907 0
1740976704 43862 0
1740976706 43772 0
1740976708 43854 0
1740976710 43862 0
1740976713 43885 0
1740976715 43842 0
1740976717 44064 0
1740976719 43955 0
1740976721 43852 0
1740976723 43903 0
1740976725 43876 0
1740976727 43850 0
1740976729 43939 0
1740976731 43775 0
1740976733 43919 0
1740976735 43870 0
1740976737 43993 0
1740976739 43261 0
1740976741 42951 0
1740976743 42775 0
1740976745 42832 0
1740976747 42709 0
1740976749 42715 0
1740976751 42712 0
1740976753 42760 0
1740976755 42663 0
1740976757 42761 0
1740976760 42763 0
1740976762 42676 0
1740976764 42770 0
1740976766 42649 0
1740976768 42706 0
1740976770 42859 0
1740976772 42746 0
1740976774 42954 0
1740976776 42663 0
1740976778 42764 0
1740976780 42841 0
1740976782 42828 0
1740976784 42824 0
1740976786 42695 0
1740976788 42647 0
1740976790 42830 0
1740976792 42826 0
1740976794 42680 0
1740976796 42938 0
1740976798 42782 0
1740976800 42602 0
1740976802 42769 0
1740976805 42772 0
1740976807 42724 0
1740976809 42786 0
1740976811 43010 0
1740976813 42866 0
1740976815 42696 0
1740976817 42778 0
1740976819 42728 0
1740976821 42717 0
1740976823 42866 0
1740976825 42827 0
1740976827 42708 0
1740976829 42760 0
1740976831 42674 0
1740976833 42909 0
1740976835 42745 0
1740976837 42710 0
1740976839 42704 0
1740976841 42610 0
1740976843 42697 0
1740976845 42684 0
1740976847 42630 0
1740976849 42558 0
1740976852 42563 0
1740976854 42578 0
1740976856 42493 0
1740976858 42706 0
1740976860 42604 0
1740976862 42989 0
1740976864 42777 0
1740976866 42599 0
1740976868 42713 0
1740976870 42633 0
1740976872 42663 0
1740976874 42604 0
1740976876 42604 0
1740976878 42526 0
1740976880 42574 0
1740976882 42523 0
1740976884 42434 0
1740976886 42527 0
1740976888 42589 0
1740976890 42559 0
1740976892 42623 0
1740976894 42627 0
1740976896 42692 0
1740976899 42731 0
1740976901 42563 0
1740976903 42496 0
1740976905 42645 0
1740976907 42610 0
1740976909 42521 0
1740976911 42788 0
1740976913 42727 0
1740976915 42602 0
1740976917 42686 0
1740976919 42642 0
1740976921 42774 0
1740976923 42625 0
1740976925 42666 0
1740976927 42653 0
1740976929 42740 0
1740976931 42799 0
1740976933 42714 0
1740976935 42607 0
1740976937 42942 0
1740976939 42681 0
1740976941 42777 0
1740976943 42763 0
1740976946 42745 0
1740976948 42791 0
1740976950 42883 0
1740976952 42779 0
1740976954 42860 0
1740976956 42891 0
1740976958 42815 0
1740976960 42702 0
1740976962 42900 0
1740976964 42730 0
1740976966 42754 0
1740976968 42720 0
1740976970 42780 0
1740976972 42644 0
1740976974 42974 0
1740976976 42737 0
1740976978 42677 0
1740976980 42699 0
1740976982 42741 0
1740976984 42976 0
1740976986 42848 0
1740976988 42860 0
1740976991 42756 0
1740976993 42692 0
1740976995 42685 0
1740976997 42924 0
1740976999 42798 0
1740977001 42823 0
1740977003 42719 0
1740977005 42794 0
1740977007 43030 0
1740977009 42727 0
1740977011 42830 0
1740977013 42725 0
1740977015 42745 0
1740977017 42820 0
1740977019 42814 0
1740977021 42646 0
1740977023 43108 0
1740977025 42665 0
1740977027 42778 0
1740977029 42762 0
1740977031 42689 0
1740977033 42734 0
1740977035 42919 0
1740977038 42830 0
1740977040 42688 0
1740977042 42845 0
1740977044 42669 0
1740977046 42769 0
1740977048 42767 0
1740977050 42642 0
1740977052 42607 0
1740977054 42714 0
1740977056 42634 0
1740977058 42902 0
1740977060 42675 0
1740977062 42577 0
1740977064 42796 0
1740977066 42639 0
1740977068 42607 0
1740977070 42712 0
1740977072 42727 0
1740977074 42676 0
1740977076 42837 0
1740977078 42676 0
1740977080 42644 0
1740977083 42552 0
1740977085 42450 0
1740977087 42740 0
1740977089 42645 0
1740977091 42617 0
1740977093 42700 0
1740977095 42755 0
1740977097 42703 0
1740977099 42665 0
1740977101 42776 0
1740977103 42669 0
1740977105 42756 0
1740977107 42608 0
1740977109 42729 0
1740977111 42713 0
1740977113 42727 0
1740977115 42698 0
1740977117 42793 0
1740977119 42551 0
1740977121 42508 0
1740977123 42674 0
1740977125 42608 0
1740977127 42589 0
1740977130 42579 0
1740977132 42617 0
1740977134 42706 0
1740977136 42590 0
1740977138 42729 0
1740977140 42641 0
1740977142 42632 0
1740977144 42732 0
1740977146 42728 0
1740977148 42548 0
1740977150 42641 0
1740977152 42571 0
1740977154 42694 0
1740977156 42677 0
1740977158 42607 0
1740977160 42591 0
1740977162 42638 0
1740977164 42651 0
1740977166 42582 0
1740977168 42719 0
1740977170 42800 0
1740977172 42728 0
1740977174 42752 0
1740977177 42652 0
1740977179 42827 0
1740977181 42596 0
1740977183 42711 0
1740977185 42722 0
1740977187 43109 0
1740977189 42670 0
1740977191 42651 0
1740977193 42599 0
1740977195 42603 0
1740977197 42910 0
1740977199 42690 0
1740977201 42650 0
1740977203 42740 0
1740977205 42752 0
1740977207 42688 0
1740977209 42840 0
1740977211 42817 0
1740977213 42609 0
1740977215 42659 0
1740977217 42645 0
1740977219 42809 0
1740977222 42869 0
1740977224 42504 0
1740977226 42689 0
1740977228 42761 0
1740977230 42633 0
1740977232 42758 0
1740977234 42658 0
1740977236 42743 0
1740977238 42654 0
1740977240 42933 0
1740977242 42732 0
1740977244 42893 0
1740977246 42774 0
1740977248 42963 0
1740977250 42725 0
1740977252 42721 0
1740977254 42976 0
1740977256 42731 0
1740977258 42727 0
1740977260 42710 0
1740977262 42832 0
1740977264 42795 0
1740977266 42926 0
1740977269 42876 0
1740977271 42816 0
1740977273 42791 0
1740977275 42856 0
1740977277 42694 0
1740977279 42803 0
1740977281 42992 0
1740977283 42888 0
1740977285 42695 0
1740977287 42834 0
1740977289 42861 0
1740977291 42856 0
1740977293 42675 0
1740977295 42830 0
1740977297 42846 0
1740977299 42759 0
1740977301 42520 0
1740977303 42752 0
1740977305 42706 0
1740977307 42727 0
1740977309 42858 0
1740977311 42943 0
1740977313 42703 0
1740977316 42759 0
1740977318 42863 0
1740977320 42760 0
1740977322 42797 0
1740977324 42716 0
1740977326 42803 0
1740977328 42740 0
1740977330 42675 0
1740977332 42737 0
1740977334 42660 0
1740977336 42776 0
1740977338 42699 0
1740977340 42654 0
1740977342 42665 0
1740977344 42580 0
1740977346 42551 0
1740977348 42618 0
1740977350 42688 0
1740977352 42732 0
1740977354 42602 0
1740977356 42742 0
1740977358 42780 0
1740977361 42685 0
1740977363 42656 0
1740977365 42748 0
1740977367 42757 0
1740977369 42632 0
1740977371 42648 0
1740977373 42714 0
1740977375 42658 0
1740977377 42717 0
1740977379 42800 0
1740977381 42713 0
1740977383 42798 0
1740977385 42706 0
1740977387 42760 0
1740977389 42771 0
1740977391 42711 0
1740977393 42761 0
1740977395 42572 0
1740977397 42592 0
1740977399 42770 0
1740977401 42679 0
1740977403 42527 0
1740977405 42641 0
1740977408 42609 0
1740977410 42707 0
1740977412 42612 0
1740977414 42543 0
1740977416 42607 0
1740977418 42614 0
1740977420 42601 0
1740977422 42716 0
1740977424 42621 0
1740977426 42720 0
1740977428 42719 0
1740977430 42750 0
1740977432 42699 0
1740977434 42630 0
1740977436 42735 0
1740977438 42670 0
1740977440 42759 0
1740977442 42669 0
1740977444 42657 0
1740977446 42738 0
1740977448 42838 0
1740977450 42713 0
1740977453 42614 0
1740977455 42767 0
1740977457 42591 0
1740977459 42555 0
1740977461 42718 0
1740977463 42657 0
1740977465 42772 0
1740977467 42635 0
1740977469 42897 0
1740977471 42661 0
1740977473 42748 0
1740977475 42742 0
1740977477 42773 0
1740977479 42838 0
1740977481 42504 0
1740977483 42743 0
1740977485 42737 0
1740977487 42638 0
1740977489 42673 0
1740977491 42801 0
1740977493 42670 0
1740977495 42688 0
1740977497 42514 0
1740977500 42503 0
1740977502 42838 0
1740977504 42909 0
1740977506 42586 0
1740977508 42553 0
1740977510 42613 0
1740977512 42474 0
1740977514 42663 0
1740977516 42755 0
1740977518 43084 0
1740977520 42739 0
1740977522 42673 0
1740977524 42759 0
1740977526 42838 0
1740977528 42565 0
1740977530 42856 0
1740977532 42694 0
1740977534 42661 0
1740977536 42589 0
1740977538 42684 0
1740977540 42762 0
1740977542 42882 0
1740977544 42703 0
1740977547 42719 0
1740977549 43096 0
1740977551 42577 0
1740977553 42865 0
1740977555 42688 0
1740977557 42725 0
1740977559 42622 0
1740977561 42499 0
1740977563 42750 0
1740977565 42620 0
1740977567 42501 0
1740977569 42685 0
1740977571 42584 0
1740977573 42643 0
1740977575 42922 0
1740977577 42895 0
1740977579 42813 0
1740977581 42850 0
1740977583 42682 0
1740977585 42938 0
1740977587 42867 0
1740977589 42719 0
1740977592 42732 0
1740977594 42842 0
1740977596 42692 0
1740977598 42938 0
1740977600 42782 0
1740977602 42654 0
1740977604 42864 0
1740977606 42600 0
1740977608 42694 0
1740977610 42702 0
1740977612 42784 0
1740977614 42722 0
1740977616 42604 0
1740977618 42795 0
1740977620 42730 0
1740977622 42627 0
1740977624 42609 0
1740977626 42679 0
1740977628 42722 0
1740977630 42650 0
1740977632 43098 0
1740977634 42663 0
1740977636 42636 0
1740977639 42905 0
1740977641 42684 0
1740977643 42722 0
1740977645 42657 0
1740977647 42697 0
1740977649 42780 0
1740977651 42823 0
1740977653 42754 0
1740977655 42762 0
1740977657 42878 0
1740977659 42769 0
1740977661 42813 0
1740977663 42795 0
1740977665 42806 0
1740977667 42698 0
1740977669 42608 0
1740977671 42677 0
1740977673 42686 0
1740977675 42496 0
1740977677 42659 0
1740977679 42650 0
1740977681 42663 0
1740977683 42600 0
1740977686 42749 0
1740977688 42631 0
1740977690 42713 0
1740977692 42650 0
1740977694 42691 0
1740977696 42729 0
1740977698 42718 0
1740977700 42716 0
1740977702 42613 0
1740977704 42708 0
1740977706 42701 0
1740977708 42633 0
1740977710 42652 0
1740977712 42636 0
1740977714 42571 0
1740977716 42573 0
1740977718 42717 0
1740977720 42712 0
1740977722 42624 0
1740977724 42547 0
1740977726 42686 0
1740977728 42751 0
1740977731 42621 0
1740977733 42626 0
1740977735 42651 0
1740977737 42650 0
1740977739 42651 0
1740977741 42677 0
1740977743 42820 0
1740977745 42650 0
1740977747 42707 0
1740977749 42703 0
1740977751 42643 0
1740977753 42776 0
1740977755 42732 0
1740977757 42692 0
1740977759 42657 0
1740977761 42611 0
1740977763 42581 0
1740977765 42781 0
1740977767 42637 0
1740977769 42692 0
1740977771 42690 0
1740977773 42745 0
1740977775 42614 0
1740977778 42600 0
1740977780 42698 0
1740977782 42765 0
1740977784 42738 0
1740977786 42655 0
1740977788 42607 0
1740977790 42644 0
1740977792 42829 0
1740977794 42728 0
1740977796 42659 0
1740977798 42699 0
1740977800 42665 0
1740977802 42676 0
1740977804 42621 0
1740977806 42707 0
1740977808 42765 0
1740977810 42707 0
1740977812 42722 0
1740977814 42699 0
1740977816 42761 0
1740977818 42619 0
1740977820 42725 0
1740977822 42693 0
1740977825 42744 0
1740977827 42685 0
1740977829 42719 0
1740977831 42729 0
1740977833 42730 0
1740977835 42623 0
1740977837 42783 0
1740977839 42593 0
1740977841 42713 0
1740977843 42765 0
1740977845 42750 0
1740977847 42736 0
1740977849 42854 0
1740977851 42677 0
1740977853 42726 0
1740977855 42852 0
1740977857 42719 0
1740977859 42702 0
1740977861 42782 0
1740977863 42835 0
1740977865 42892 0
1740977867 42736 0
1740977870 42933 0
1740977872 42964 0
1740977874 42883 0
1740977876 42814 0
1740977878 42623 0
1740977880 42612 0
1740977882 42596 0
1740977884 42750 0
1740977886 42695 0
1740977888 42704 0
1740977890 42737 0
1740977892 42651 0
1740977894 42683 0
1740977896 42748 0
1740977898 42665 0
1740977900 42712 0
1740977902 42627 0
1740977904 42659 0
1740977906 42635 0
1740977908 42744 0
1740977910 42763 0
1740977912 42753 0
1740977915 42758 0
1740977917 42868 0
1740977919 42653 0
1740977921 42805 0
1740977923 42929 0
1740977925 42826 0
1740977927 42673 0
1740977929 42711 0
1740977931 42653 0
1740977933 42780 0
1740977935 42681 0
1740977937 42724 0
1740977939 42733 0
1740977941 42794 0
1740977943 42805 0
1740977945 42731 0
1740977947 42849 0
1740977949 42854 0
1740977951 42608 0
1740977953 42691 0
1740977955 42792 0
1740977958 42578 0
1740977960 42799 0
1740977962 42639 0
1740977964 42675 0
1740977966 42690 0
1740977968 42712 0
1740977970 42831 0
1740977972 42739 0
1740977974 42620 0
1740977976 42736 0
1740977978 42667 0
1740977980 42619 0
1740977982 42732 0
1740977984 42611 0
1740977986 42704 0
1740977988 43136 0
1740977990 42643 0
1740977992 42747 0
1740977994 42689 0
1740977996 42636 0
1740977998 42794 0
1740978000 42785 0
1740978003 42875 0
1740978005 42742 0
1740978007 42771 0
1740978009 42653 0
1740978011 42595 0
1740978013 42649 0
1740978015 42693 0
1740978017 42751 0
1740978019 42949 0
1740978021 42743 0
1740978023 42746 0
1740978025 42947 0
1740978027 42873 0
1740978029 42911 0
1740978031 42788 0
1740978033 42715 0
1740978035 42779 0
1740978037 42741 0
1740978039 42990 0
1740978041 42956 0
1740978043 42695 0
1740978045 42712 0
1740978048 42795 0
1740978050 42725 0
1740978052 42779 0
1740978054 42748 0
1740978056 43008 0
1740978058 42859 0
1740978060 42679 0
1740978062 42760 0
1740978064 42749 0
1740978066 42881 0
1740978068 42745 0
1740978070 42859 0
1740978072 42862 0
1740978074 42888 0
1740978076 42803 0
1740978078 42805 0
1740978080 42902 0
1740978082 42842 0
1740978084 42898 0
1740978086 42802 0
1740978088 42862 0
1740978090 42873 0
1740978093 42816 0
1740978095 42702 0
1740978097 42934 0
1740978099 42866 0
1740978101 42945 0
1740978103 42712 0
1740978105 42681 0
1740978107 42828 0
1740978109 42813 0
1740978111 42707 0
1740978113 42693 0
1740978115 42630 0
1740978117 42722 0
1740978119 42748 0
1740978121 42657 0
1740978123 42674 0
1740978125 42797 0
1740978127 42725 0
1740978129 42761 0
1740978131 42746 0
1740978133 42880 0
1740978135 42773 0
1740978137 42827 0
1740978140 42829 0
1740978142 42874 0
1740978144 42731 0
1740978146 42877 0
1740978148 42836 0
1740978150 42878 0
1740978152 42775 0
1740978154 42784 0
1740978156 42826 0
1740978158 42722 0
1740978160 42776 0
1740978162 42898 0
1740978164 42777 0
1740978166 42862 0
1740978168 42819 0
1740978170 42884 0
1740978172 42903 0
1740978174 42942 0
1740978176 42853 0
1740978178 42949 0
1740978180 43034 0
1740978182 42904 0
1740978184 42836 0
1740978187 42743 0
1740978189 42816 0
1740978191 42820 0
1740978193 42695 0
1740978195 42833 0
1740978197 42917 0
1740978199 42903 0
1740978201 43124 0
1740978203 42853 0
1740978205 43118 0
1740978207 42933 0
1740978209 42794 0
1740978211 42940 0
1740978213 43053 0
1740978215 42865 0
1740978217 42598 0
1740978219 42875 0
1740978221 42684 0
1740978223 42875 0
1740978225 42753 0
1740978227 42921 0
1740978229 42936 0
1740978232 42975 0
1740978234 42857 0
1740978236 42810 0
1740978238 42930 0
1740978240 42690 0
1740978242 42686 0
1740978244 42757 0
1740978246 42966 0
1740978248 42784 0
1740978250 42825 0
1740978252 42872 0
1740978254 42690 0
1740978256 42815 0
1740978258 42685 0
1740978260 42699 0
1740978262 42829 0
1740978264 42848 0
1740978266 42761 0
1740978268 42800 0
1740978270 42753 0
1740978272 43131 0
1740978274 42749 0
1740978276 42909 0
1740978279 42904 0
1740978281 42774 0
1740978283 42751 0
1740978285 42795 0
1740978287 42762 0
1740978289 42613 0
1740978291 42811 0
1740978293 42729 0
1740978295 42856 0
1740978297 42848 0
1740978299 42791 0
1740978301 42666 0
1740978303 42983 0
1740978305 42869 0
1740978307 42754 0
1740978309 42790 0
1740978311 42713 0
1740978313 42983 0
1740978315 42798 0
1740978317 42923 0
1740978319 42891 0
1740978321 42888 0
1740978324 42850 0
1740978326 42880 0
1740978328 42680 0
1740978330 42803 0
1740978332 42893 0
1740978334 42926 0
1740978336 42706 0
1740978338 42707 0
1740978340 42965 0
1740978342 42834 0
1740978344 42752 0
1740978346 42682 0
1740978348 42756 0
1740978350 42758 0
1740978352 42769 0
1740978354 42666 0
1740978356 42623 0
1740978358 42856 0
1740978360 42683 0
1740978362 42798 0
1740978364 42777 0
1740978366 42662 0
1740978369 42742 0
1740978371 42768 0
1740978373 42730 0
1740978375 42673 0
1740978377 42731 0
1740978379 42641 0
1740978381 42709 0
1740978383 42699 0
1740978385 42625 0
1740978387 42670 0
1740978389 42651 0
1740978391 42681 0
1740978393 42698 0
1740978395 42780 0
1740978397 42657 0
1740978399 42714 0
1740978401 42686 0
1740978403 42744 0
1740978405 42774 0
1740978407 42847 0
1740978409 42726 0
1740978411 42811 0
1740978413 42999 0
1740978416 42853 0
1740978418 42865 0
1740978420 42886 0
1740978422 42881 0
1740978424 42965 0
1740978426 42868 0
1740978428 42830 0
1740978430 42802 0
1740978432 42798 0
1740978434 42749 0
1740978436 42800 0
1740978438 42833 0
1740978440 42932 0
1740978442 42751 0
1740978444 42741 0
1740978446 42852 0
1740978448 42769 0
1740978450 42755 0
1740978452 42741 0
1740978454 42580 0
1740978456 42692 0
1740978458 42898 0
1740978460 42835 0
1740978463 42921 0
1740978465 42895 0
1740978467 42737 0
1740978469 42707 0
1740978471 42806 0
1740978473 42895 0
1740978475 42757 0
1740978477 42719 0
1740978479 42892 0
1740978481 42972 0
1740978483 42739 0
1740978485 42850 0
1740978487 43036 0
1740978489 42873 0
1740978491 42979 0
1740978493 42685 0
1740978495 42694 0
1740978497 42929 0
1740978499 42727 0
1740978501 42750 0
1740978503 42900 0
1740978505 42751 0
1740978507 42750 0
1740978510 42863 0
1740978512 42919 0
1740978514 42824 0
1740978516 42942 0
1740978518 42872 0
1740978520 42938 0
1740978522 43036 0
1740978524 42916 0
1740978526 42784 0
1740978528 42721 0
1740978530 42737 0
1740978532 42792 0
1740978534 42882 0
1740978536 42723 0
1740978538 42706 0
1740978540 42887 0
1740978542 42844 0
1740978544 42742 0
1740978546 42939 0
1740978548 42903 0
1740978550 42862 0
1740978552 42835 0
1740978555 42849 0
1740978557 42920 0
1740978559 42707 0
1740978561 42719 0
1740978563 42633 0
1740978565 42622 0
1740978567 42707 0
1740978569 42683 0
1740978571 42638 0
1740978573 42605 0
1740978575 42682 0
1740978577 42680 0
1740978579 42728 0
1740978581 42509 0
1740978583 42991 0
1740978585 42752 0
1740978587 42792 0
1740978589 42941 0
1740978591 42675 0
1740978593 42817 0
1740978595 42714 0
1740978597 42716 0
1740978599 42836 0
1740978602 42726 0
1740978604 42832 0
1740978606 42768 0
1740978608 42640 0
1740978610 42709 0
1740978612 42799 0
1740978614 42805 0
1740978616 42745 0
1740978618 42790 0
1740978620 42859 0
1740978622 42663 0
1740978624 42766 0
1740978626 42684 0
1740978628 42682 0
1740978630 42851 0
1740978632 42875 0
1740978634 42792 0
1740978636 42848 0
1740978638 42856 0
1740978640 42658 0
1740978642 42701 0
1740978644 42667 0
1740978646 42820 0
1740978649 42749 0
1740978651 42723 0
1740978653 42727 0
1740978655 42714 0
1740978657 42775 0
1740978659 42645 0
1740978661 42715 0
1740978663 42639 0
1740978665 42694 0
1740978667 42663 0
1740978669 42732 0
1740978671 42754 0
1740978673 42880 0
1740978675 42784 0
1740978677 42661 0
1740978679 42879 0
1740978681 42764 0
1740978683 42897 0
1740978685 42839 0
1740978687 42746 0
1740978689 42842 0
1740978691 42926 0
1740978694 42997 0
1740978696 42704 0
1740978698 42753 0
1740978700 42781 0
1740978702 42758 0
1740978704 42999 0
1740978706 42911 0
1740978708 42757 0
1740978710 42879 0
1740978712 42672 0
1740978714 42652 0
1740978716 42772 0
1740978718 42703 0
1740978720 42802 0
1740978722 42751 0
1740978724 42792 0
1740978726 42815 0
1740978728 42874 0
1740978730 42864 0
1740978732 42809 0
1740978734 42728 0
1740978736 42795 0
1740978738 42646 0
1740978741 42653 0
1740978743 42744 0
1740978745 42820 0
1740978747 42865 0
1740978749 42819 0
1740978751 42833 0
1740978753 42891 0
1740978755 42865 0
1740978757 42898 0
1740978759 42802 0
1740978761 42772 0
1740978763 42657 0
1740978765 42910 0
1740978767 42888 0
1740978769 42793 0
1740978771 42767 0
1740978773 42790 0
1740978775 42819 0
1740978777 42939 0
1740978779 42843 0
1740978781 42822 0
1740978783 42928 0
1740978785 42852 0
1740978788 42872 0
1740978790 42924 0
1740978792 42851 0
1740978794 42815 0
1740978796 42909 0
1740978798 42939 0
1740978800 42781 0
1740978802 42665 0
1740978804 42867 0
1740978806 42687 0
1740978808 42853 0
1740978810 42838 0
1740978812 42893 0
1740978814 42908 0
1740978816 43055 0
1740978818 42949 0
1740978820 42816 0
1740978822 42961 0
1740978824 42925 0
1740978826 43025 0
1740978828 42929 0
1740978830 42804 0
1740978833 42903 0
1740978835 42897 0
1740978837 42836 0
1740978839 42961 0
1740978841 42708 0
1740978843 42748 0
1740978845 42672 0
1740978847 42685 0
1740978849 42745 0
1740978851 42757 0
1740978853 42748 0
1740978855 42672 0
1740978857 43029 0
1740978859 42785 0
1740978861 42726 0
1740978863 42785 0
1740978865 42677 0
1740978867 42653 0
1740978869 42662 0
1740978871 42739 0
1740978873 42773 0
1740978875 42778 0
1740978878 42833 0
1740978880 42666 0
1740978882 42774 0
1740978884 42811 0
1740978886 42906 0
1740978888 42886 0
1740978890 42880 0
1740978892 42684 0
1740978894 42779 0
1740978896 42706 0
1740978898 42804 0
1740978900 42845 0
1740978902 42721 0
1740978904 42919 0
1740978906 42733 0
1740978908 42801 0
1740978910 42672 0
1740978912 42780 0
1740978914 42670 0
1740978916 42713 0
1740978918 42663 0
1740978920 42646 0
1740978922 42717 0
1740978925 42728 0
1740978927 42725 0
1740978929 42754 0
1740978931 42772 0
1740978933 42866 0
1740978935 42835 0
1740978937 42694 0
1740978939 42802 0
1740978941 42766 0
1740978943 42713 0
1740978945 42733 0
1740978947 42683 0
1740978949 42718 0
1740978951 42791 0
1740978953 42796 0
1740978955 42871 0
1740978957 42806 0
1740978959 42873 0
1740978961 42804 0
1740978963 42828 0
1740978965 42834 0
1740978967 42788 0
1740978969 42788 0
1740978972 42740 0
1740978974 42896 0
1740978976 42899 0
1740978978 42673 0
1740978980 42713 0
1740978982 42814 0
1740978984 42804 0
1740978986 42800 0
1740978988 42773 0
1740978990 42792 0
1740978992 42831 0
1740978994 42719 0
1740978996 42790 0
1740978998 42798 0
1740979000 42743 0
1740979002 42736 0
1740979004 42726 0
1740979006 42745 0
1740979008 42835 0
1740979010 42783 0
1740979012 42949 0
1740979014 42684 0
1740979017 42713 0
1740979019 42819 0
1740979021 42882 0
1740979023 42802 0
1740979025 42855 0
1740979027 42915 0
1740979029 42901 0
1740979031 42803 0
1740979033 42788 0
1740979035 42841 0
1740979037 42872 0
1740979039 42746 0
1740979041 42789 0
1740979043 42621 0
1740979045 42818 0
1740979047 42637 0
1740979049 42715 0
1740979051 42678 0
1740979053 42707 0
1740979055 42900 0
1740979057 42777 0
1740979059 42820 0
1740979061 42869 0
1740979064 42759 0
1740979066 42651 0
1740979068 42729 0
1740979070 42793 0
1740979072 42748 0
1740979074 42785 0
1740979076 42634 0
1740979078 42721 0
1740979080 42808 0
1740979082 42804 0
1740979084 42727 0
1740979086 42795 0
1740979088 42906 0
1740979090 42833 0
1740979092 42875 0
1740979094 42795 0
1740979096 42793 0
1740979098 42757 0
1740979100 42818 0
1740979102 42901 0
1740979104 42718 0
1740979107 42792 0
1740979109 42937 0
1740979111 42793 0
1740979113 42847 0
1740979115 42859 0
1740979117 42810 0
1740979119 42805 0
1740979121 42802 0
1740979123 42771 0
1740979125 42729 0
1740979127 42824 0
1740979129 42798 0
1740979131 42920 0
1740979133 42837 0
1740979135 42759 0
1740979137 42822 0
1740979139 42776 0
1740979141 42933 0
1740979143 42957 0
1740979145 43099 0
1740979147 42940 0
1740979149 43002 0
1740979152 42781 0
1740979154 42762 0
1740979156 42833 0
1740979158 42798 0
1740979160 42938 0
1740979162 42916 0
1740979164 42814 0
1740979166 42775 0
1740979168 42981 0
1740979170 42908 0
1740979172 42787 0
1740979174 42782 0
1740979176 42735 0
1740979178 42838 0
1740979180 42806 0
1740979182 42893 0
1740979184 42807 0
1740979186 42733 0
1740979188 42720 0
1740979190 42803 0
1740979192 42782 0
1740979194 42760 0
1740979196 42893 0
1740979199 42770 0
1740979201 42804 0
1740979203 42783 0
1740979205 42778 0
1740979207 42794 0
1740979209 42884 0
1740979211 42805 0
1740979213 42767 0
1740979215 42820 0
1740979217 42833 0
1740979219 42698 0
1740979221 42838 0
1740979223 42692 0
1740979225 42698 0
1740979227 42782 0
1740979229 42895 0
1740979231 42892 0
1740979233 42807 0
1740979235 42764 0
1740979237 42866 0
1740979239 42780 0
1740979241 42782 0
1740979243 42697 0
1740979246 42810 0
1740979248 42764 0
1740979250 42826 0
1740979252 42824 0
1740979254 42767 0
1740979256 42694 0
1740979258 42634 0
1740979260 42664 0
1740979262 42736 0
1740979264 42774 0
1740979266 42837 0
1740979268 42734 0
1740979270 42627 0
1740979272 42744 0
1740979274 42811 0
1740979276 42628 0
1740979278 42920 0
1740979280 42843 0
1740979282 42804 0
1740979284 42829 0
1740979286 42824 0
1740979288 42878 0
1740979291 42765 0
1740979293 42789 0
1740979295 42993 0
1740979297 42913 0
1740979299 42814 0
1740979301 43119 0
1740979303 42769 0
1740979305 42749 0
1740979307 42791 0
1740979309 43004 0
1740979311 43109 0
1740979313 42894 0
1740979315 42909 0
1740979317 42851 0
1740979319 42861 0
1740979321 42853 0
1740979323 42927 0
1740979325 42785 0
1740979327 42791 0
1740979329 42764 0
1740979331 42857 0
1740979333 42866 0
1740979335 42846 0
1740979338 42858 0
1740979340 42769 0
1740979342 42773 0
1740979344 42795 0
1740979346 43005 0
1740979348 42831 0
1740979350 42871 0
1740979352 42872 0
1740979354 42999 0
1740979356 42930 0
1740979358 42698 0
1740979360 42802 0
1740979362 42879 0
1740979364 43011 0
1740979366 42839 0
1740979368 42782 0
1740979370 42946 0
1740979372 42963 0
1740979374 42939 0
1740979376 42904 0
1740979378 43009 0
1740979380 42875 0
1740979382 42953 0
1740979385 42903 0
1740979387 42853 0
1740979389 42708 0
1740979391 42728 0
1740979393 43003 0
1740979395 42788 0
1740979397 42639 0
1740979399 42730 0
1740979401 42704 0
1740979403 42874 0
1740979405 42865 0
1740979407 42675 0
1740979409 42772 0
1740979411 42833 0
1740979413 42715 0
1740979415 42682 0
1740979417 42819 0
1740979419 42730 0
1740979421 42652 0
1740979423 42686 0
1740979425 42827 0
1740979427 42789 0
1740979430 42821 0
1740979432 42695 0
1740979434 42821 0
1740979436 42874 0
1740979438 42845 0
1740979440 42859 0
1740979442 42815 0
1740979444 42877 0
1740979446 42823 0
1740979448 42793 0
1740979450 42855 0
1740979452 42696 0
1740979454 42933 0
1740979456 42750 0
1740979458 42704 0
1740979460 42739 0
1740979462 42781 0
1740979464 42664 0
1740979466 42677 0
1740979468 42641 0
1740979470 42746 0
1740979472 42784 0
1740979475 42682 0
1740979477 42706 0
1740979479 42761 0
1740979481 42701 0
1740979483 42694 0
1740979485 42756 0
1740979487 42723 0
1740979489 42849 0
1740979491 42781 0
1740979493 42854 0
1740979495 42797 0
1740979497 42629 0
1740979499 42659 0
1740979501 42811 0
1740979503 42664 0
1740979505 42864 0
1740979507 42682 0
1740979509 42812 0
1740979511 42714 0
1740979513 42634 0
1740979515 42776 0
1740979517 42744 0
1740979519 43069 0
1740979522 42681 0
1740979524 42752 0
1740979526 42770 0
1740979528 42597 0
1740979530 42924 0
1740979532 42843 0
1740979534 42824 0
1740979536 42716 0
1740979538 42905 0
1740979540 42839 0
1740979542 42899 0
1740979544 42696 0
1740979546 42595 0
1740979548 42629 0
1740979550 42730 0
1740979552 42925 0
1740979554 42768 0
1740979556 42673 0
1740979558 42756 0
1740979560 42729 0
1740979562 42668 0
1740979564 42636 0
1740979566 42835 0
1740979569 42738 0
1740979571 42691 0
1740979573 42852 0
1740979575 42673 0
1740979577 42757 0
1740979579 42714 0
1740979581 42792 0
1740979583 42777 0
1740979585 42831 0
1740979587 42814 0
1740979589 42804 0
1740979591 42761 0
1740979593 42822 0
1740979595 42701 0
1740979597 42794 0
1740979599 42892 0
1740979601 42810 0
1740979603 42732 0
1740979605 42708 0
1740979607 42766 0
1740979609 42767 0
1740979611 42669 0
1740979614 42579 0
1740979616 42803 0
1740979618 42741 0
1740979620 42698 0
1740979622 42576 0
1740979624 42633 0
1740979626 42649 0
1740979628 42687 0
1740979630 42665 0
1740979632 42616 0
1740979634 42726 0
1740979636 42708 0
1740979638 42724 0
1740979640 42832 0
1740979642 42854 0
1740979644 42827 0
1740979646 42756 0
1740979648 42832 0
1740979650 42713 0
1740979652 42771 0
1740979654 42787 0
1740979656 42727 0
1740979658 42619 0
1740979661 42698 0
1740979663 42767 0
1740979665 42663 0
1740979667 42677 0
1740979669 42823 0
1740979671 42825 0
1740979673 42911 0
1740979675 42693 0
1740979677 42652 0
1740979679 42705 0
1740979681 42808 0
1740979683 42727 0
1740979685 42669 0
1740979687 42767 0
1740979689 42614 0
1740979691 42812 0
1740979693 42756 0
1740979695 42762 0
1740979697 42784 0
1740979699 42722 0
1740979702 42656 0
1740979704 42718 0
1740979706 42944 0
1740979708 42869 0
1740979710 42685 0
1740979712 42765 0
1740979714 42789 0
1740979716 42778 0
1740979718 43046 0
1740979720 42761 0
1740979722 42825 0
1740979724 42710 0
1740979726 42660 0
1740979728 42925 0
1740979730 42798 0
1740979732 42687 0
1740979734 42750 0
1740979736 42817 0
1740979738 42754 0
1740979740 42847 0
1740979742 42913 0
1740979744 42819 0
1740979746 42867 0
1740979749 42576 0
1740979751 42675 0
1740979753 42890 0
1740979755 42826 0
1740979757 42835 0
1740979759 42828 0
1740979761 43015 0
1740979763 42980 0
1740979765 42752 0
1740979767 42802 0
1740979769 42826 0
1740979771 42823 0
1740979773 42758 0
1740979775 42929 0
1740979777 42825 0
1740979779 42871 0
1740979781 42819 0
1740979783 42775 0
1740979785 42807 0
1740979787 42980 0
1740979789 42913 0
1740979791 42933 0
1740979793 42795 0
1740979796 43018 0
1740979798 42794 0
1740979800 42877 0
1740979802 42661 0
1740979804 42724 0
1740979806 42679 0
1740979808 42776 0
1740979810 42752 0
1740979812 42750 0
1740979814 42823 0
1740979816 42773 0
1740979818 42823 0
1740979820 42889 0
1740979822 42750 0
1740979824 42667 0
1740979826 42720 0
1740979828 42712 0
1740979830 42725 0
1740979832 42742 0
1740979834 42845 0
1740979836 42716 0
1740979838 42863 0
1740979841 42864 0
1740979843 42851 0
1740979845 42904 0
1740979847 42838 0
1740979849 42874 0
1740979851 42801 0
1740979853 42899 0
1740979855 42905 0
1740979857 42904 0
1740979859 42872 0
1740979861 42723 0
1740979863 42709 0
1740979865 42790 0
1740979867 42790 0
1740979869 42850 0
1740979871 42840 0
1740979873 42890 0
1740979875 43054 0
1740979877 42749 0
1740979879 42826 0
1740979881 42786 0
1740979883 42842 0
1740979885 42749 0
1740979888 42909 0
1740979890 42722 0
1740979892 42801 0
1740979894 42571 0
1740979896 42705 0
1740979898 42725 0
1740979900 42687 0
1740979902 42844 0
1740979904 42856 0
1740979906 42730 0
1740979908 42861 0
1740979910 42767 0
1740979912 42822 0
1740979914 42816 0
1740979916 42919 0
1740979918 42779 0
1740979920 42972 0
1740979922 42960 0
1740979924 42816 0
1740979926 42656 0
1740979928 42723 0
1740979930 42786 0
1740979933 42879 0
1740979935 42748 0
1740979937 42840 0
1740979939 42652 0
1740979941 42859 0
1740979943 42778 0
1740979945 42781 0
1740979947 42917 0
1740979949 42802 0
1740979951 42813 0
1740979953 42702 0
1740979955 42742 0
1740979957 42760 0
1740979959 42793 0
1740979961 42983 0
1740979963 42798 0
1740979965 42717 0
1740979967 42805 0
1740979969 42760 0
1740979971 42962 0
1740979973 42881 0
1740979975 42727 0
1740979977 42857 0
1740979980 42789 0
1740979982 42900 0
1740979984 42875 0
1740979986 42786 0
1740979988 42819 0
1740979990 42831 0
1740979992 42750 0
1740979994 42673 0
1740979996 42776 0
1740979998 42871 0
1740980000 42812 0
1740980002 42677 0
1740980004 42893 0
1740980006 42720 0
1740980008 42750 0
1740980010 42676 0
1740980012 42909 0
1740980014 42693 0
1740980016 42982 0
1740980018 42907 0
1740980020 42865 0
1740980022 42988 0
1740980025 42894 0
1740980027 42676 0
1740980029 42807 0
1740980031 43202 0
1740980033 42778 0
1740980035 42646 0
1740980037 42883 0
1740980039 42673 0
1740980041 42843 0
1740980043 42938 0
1740980045 43045 0
1740980047 42887 0
1740980049 42913 0
1740980051 42832 0
1740980053 42895 0
1740980055 42846 0
1740980057 42971 0
1740980059 43002 0
1740980061 42774 0
1740980063 42823 0
1740980065 42925 0
1740980067 42783 0
1740980069 42824 0
1740980072 42807 0
1740980074 42811 0
1740980076 42800 0
1740980078 42783 0
1740980080 42807 0
1740980082 42714 0
1740980084 42834 0
1740980086 42923 0
1740980088 42704 0
1740980090 42938 0
1740980092 43247 0
1740980094 42701 0
1740980096 42875 0
1740980098 42845 0
1740980100 42861 0
1740980102 42715 0
1740980104 42795 0
1740980106 42720 0
1740980108 42817 0
1740980110 42780 0
1740980112 42826 0
1740980114 42830 0
1740980116 42763 0
1740980119 42864 0
1740980121 42813 0
1740980123 42802 0
1740980125 42801 0
1740980127 42920 0
1740980129 42770 0
1740980131 43115 0
1740980133 42861 0
1740980135 43217 0
1740980137 43225 0
1740980139 42855 0
1740980141 42941 0
1740980143 42769 0
1740980145 42766 0
1740980147 42741 0
1740980149 42959 0
1740980151 42688 0
1740980153 42729 0
1740980155 42823 0
1740980157 42730 0
1740980159 42742 0
1740980161 42651 0
1740980163 42888 0
1740980166 42823 0
1740980168 42666 0
1740980170 42784 0
1740980172 42743 0
1740980174 42799 0
1740980176 42781 0
1740980178 42764 0
1740980180 42990 0
1740980182 42845 0
1740980184 43077 0
1740980186 42922 0
1740980188 42841 0
1740980190 42832 0
1740980192 42738 0
1740980194 42970 0
1740980196 42867 0
1740980198 42864 0
1740980200 42862 0
1740980202 43285 0
1740980204 43177 0
1740980206 42865 0
1740980209 42874 0
1740980211 43266 0
1740980213 42961 0
1740980215 42872 0
1740980217 42910 0
1740980219 42760 0
1740980221 42823 0
1740980223 42997 0
1740980225 42845 0
1740980227 42779 0
1740980229 42735 0
1740980231 42815 0
1740980233 42823 0
1740980235 42926 0
1740980237 42842 0
1740980239 42834 0
1740980241 42767 0
1740980243 42799 0
1740980245 42798 0
1740980247 42831 0
1740980249 42836 0
1740980251 42695 0
1740980311 42863 0
1740980313 42858 0
1740980315 42710 0
1740980317 42971 0
1740980319 42702 0
1740980321 42887 0
1740980323 42749 0
1740980325 42830 0
1740980327 43036 0
1740980329 42716 0
1740980331 42823 0
1740980333 42759 0
1740980335 42956 0
1740980337 42761 0
1740980339 42882 0
1740980341 42837 0
1740980343 42974 0
1740980345 42851 0
1740980348 42724 0
1740980350 42843 0
1740980352 42708 0
1740980354 42879 0
1740980356 42695 0
1740980358 42873 0
1740980360 42793 0
1740980362 42731 0
1740980364 42844 0
1740980366 42876 0
1740980368 42933 0
1740980370 42775 0
1740980372 42828 0
1740980374 42899 0
1740980376 43051 0
1740980378 42702 0
1740980380 42826 0
1740980382 42840 0
1740980384 42784 0
1740980386 42870 0
1740980388 42842 0
1740980390 42847 0
1740980393 42741 0
1740980395 42950 0
1740980397 42816 0
1740980399 42900 0
1740980401 43017 0
1740980403 42758 0
1740980405 42929 0
1740980407 42914 0
1740980409 42838 0
1740980411 42883 0
1740980413 42770 0
1740980415 42802 0
1740980417 43083 0
1740980419 42727 0
1740980421 42744 0
1740980423 42836 0
1740980425 42730 0
1740980427 42815 0
1740980429 42835 0
1740980431 42854 0
1740980433 42774 0
1740980435 42857 0
1740980437 42749 0
1740980440 42737 0
1740980442 42759 0
1740980444 42942 0
1740980446 42917 0
1740980448 42911 0
1740980450 42764 0
1740980452 42786 0
1740980454 42710 0
1740980456 42756 0
1740980458 42715 0
1740980460 42820 0
1740980462 42898 0
1740980464 42788 0
1740980466 42990 0
1740980468 42722 0
1740980470 42855 0
1740980472 42882 0
1740980474 43006 0
1740980476 43065 0
1740980478 42846 0
1740980480 42794 0
1740980482 42893 0
1740980484 42833 0
1740980487 42863 0
1740980489 42858 0
1740980491 42682 0
1740980493 42707 0
1740980495 42891 0
1740980497 42889 0
1740980499 42899 0
1740980501 42983 0
1740980503 42966 0
1740980505 42929 0
1740980507 42923 0
1740980509 42885 0
1740980511 42864 0
1740980513 43000 0
1740980515 42804 0
1740980517 42938 0
1740980519 42835 0
1740980521 42937 0
1740980523 42933 0
1740980525 42927 0
1740980527 42835 0
1740980529 42769 0
1740980532 42961 0
1740980534 43164 0
1740980536 43060 0
1740980538 42918 0
1740980540 42885 0
1740980542 42953 0
1740980544 42836 0
1740980546 42869 0
1740980548 42893 0
1740980550 42777 0
1740980552 42777 0
1740980554 42803 0
1740980556 42806 0
1740980558 42887 0
1740980560 42828 0
1740980562 42942 0
1740980564 43002 0
1740980566 43129 0
1740980568 42945 0
1740980570 42904 0
1740980572 43041 0
1740980574 43051 0
1740980576 42860 0
1740980579 42779 0
1740980581 42893 0
1740980583 42873 0
1740980585 42966 0
1740980587 42900 0
1740980589 42863 0
1740980591 42867 0
1740980593 43181 0
1740980595 42970 0
1740980597 42953 0
1740980599 42996 0
1740980601 42852 0
1740980603 42965 0
1740980605 43029 0
1740980607 43020 0
1740980609 42810 0
1740980611 43010 0
1740980613 42974 0
1740980615 42980 0
1740980617 43204 0
1740980619 42936 0
1740980621 43189 0
1740980623 42984 0
1740980626 42970 0
1740980628 43011 0
1740980630 42865 0
1740980632 42886 0
1740980634 42879 0
1740980636 42870 0
1740980638 42831 0
1740980640 42949 0
1740980642 43123 0
1740980644 43035 0
1740980646 42798 0
1740980648 43054 0
1740980650 43029 0
1740980652 42943 0
1740980654 43011 0
1740980656 42910 0
1740980658 42774 0
1740980660 42886 0
1740980662 42965 0
1740980664 42874 0
1740980666 43080 0
1740980668 42929 0
1740980670 43059 0
1740980673 43004 0
1740980675 42851 0
1740980677 42877 0
1740980679 42928 0
1740980681 42962 0
1740980683 42953 0
1740980685 42924 0
1740980687 42919 0
1740980689 42869 0
1740980691 42807 0
1740980693 42827 0
1740980695 42977 0
1740980697 43083 0
1740980699 42974 0
1740980701 42975 0
1740980703 42794 0
1740980705 42793 0
1740980707 42889 0
1740980709 42995 0
1740980711 43111 0
1740980713 42895 0
1740980716 42732 0
1740980718 42795 0
1740980720 42743 0
1740980722 42994 0
1740980724 42835 0
1740980726 42856 0
1740980728 42834 0
1740980730 42766 0
1740980732 42971 0
1740980734 42748 0
1740980736 42793 0
1740980738 42825 0
1740980740 42790 0
1740980742 42860 0
1740980744 43016 0
1740980746 43201 0
1740980748 42724 0
1740980750 42817 0
1740980752 42883 0
1740980754 42819 0
1740980756 42719 0
1740980758 42828 0
1740980760 42864 0
1740980763 42880 0
1740980765 43027 0
1740980767 42897 0
1740980769 42773 0
1740980771 42843 0
1740980773 42867 0
1740980775 42915 0
1740980777 42891 0
1740980779 43015 0
1740980781 42872 0
1740980783 42757 0
1740980785 42807 0
1740980787 42876 0
1740980789 43190 0
1740980791 42792 0
1740980793 42767 0
1740980795 42933 0
1740980797 42923 0
1740980799 42917 0
1740980801 42781 0
1740980803 42915 0
1740980805 42738 0
1740980807 42804 0
1740980810 42834 0
1740980812 42759 0
1740980814 42835 0
1740980816 42928 0
1740980818 42976 0
1740980820 42949 0
1740980822 43013 0
1740980824 43044 0
1740980826 43143 0
1740980828 42847 0
1740980830 42982 0
1740980832 43093 0
1740980834 42844 0
1740980836 42878 0
1740980838 43091 0
1740980840 42849 0
1740980842 43132 0
1740980844 43010 0
1740980846 42884 0
1740980848 42798 0
1740980850 42780 0
1740980852 42984 0
1740980855 42898 0
1740980857 42894 0
1740980859 42828 0
1740980861 42883 0
1740980863 43076 0
1740980865 42995 0
1740980867 42917 0
1740980869 42968 0
1740980871 43075 0
1740980873 42974 0
1740980875 43094 0
1740980877 42871 0
1740980879 42967 0
1740980881 43119 0
1740980883 42889 0
1740980885 43022 0
1740980887 42896 0
1740980889 43026 0
1740980891 43066 0
1740980893 42857 0
1740980895 42948 0
1740980897 43023 0
1740980899 42867 0
1740980902 42822 0
1740980904 42987 0
1740980906 42967 0
1740980908 42934 0
1740980910 42819 0
1740980912 42824 0
1740980914 42902 0
1740980916 42898 0
1740980918 42962 0
1740980920 43151 0
1740980922 43115 0
1740980924 42977 0
1740980926 42922 0
1740980928 43077 0
1740980930 42987 0
1740980932 42886 0
1740980934 43198 0
1740980936 42910 0
1740980938 42809 0
1740980940 42941 0
1740980942 43143 0
1740980944 43086 0
1740980946 42987 0
1740980949 42771 0
1740980951 43053 0
1740980953 42971 0
1740980955 43052 0
1740980957 43163 0
1740980959 42850 0
1740980961 42990 0
1740980963 42940 0
1740980965 42764 0
1740980967 42852 0
1740980969 42879 0
1740980971 42927 0
1740980973 42924 0
1740980975 42851 0
1740980977 42831 0
1740980979 42933 0
1740980981 43076 0
1740980983 43093 0
1740980985 42803 0
1740980987 42912 0
1740980989 42909 0
1740980991 42859 0
1740980994 42795 0
1740980996 43009 0
1740980998 42862 0
1740981000 42803 0
1740981002 42894 0
1740981004 42897 0
1740981006 42848 0
1740981008 42806 0
1740981010 42793 0
1740981012 42915 0
1740981014 43064 0
1740981016 42956 0
1740981018 42902 0
1740981020 42964 0
1740981022 42907 0
1740981024 42996 0
1740981026 42914 0
1740981028 43155 0
1740981030 43025 0
1740981032 42875 0
1740981034 42848 0
1740981036 42846 0
1740981038 42819 0
1740981041 42842 0
1740981043 42833 0
1740981045 42965 0
1740981047 42852 0
1740981049 42815 0
1740981051 42816 0
1740981053 42815 0
1740981055 43042 0
1740981057 43100 0
1740981059 42964 0
1740981061 42907 0
1740981063 42802 0
1740981065 42921 0
1740981067 43092 0
1740981069 42942 0
1740981071 42925 0
1740981073 42831 0
1740981075 42996 0
1740981077 42922 0
1740981079 42938 0
1740981081 42956 0
1740981083 42948 0
1740981086 42931 0
1740981088 43055 0
1740981090 43111 0
1740981092 42874 0
1740981094 42799 0
1740981096 42988 0
1740981098 42827 0
1740981100 42824 0
1740981102 42951 0
1740981104 43008 0
1740981106 42855 0
1740981108 42750 0
1740981110 42685 0
1740981112 42765 0
1740981114 42866 0
1740981116 42737 0
1740981118 42766 0
1740981120 42797 0
1740981122 42803 0
1740981124 42840 0
1740981126 42755 0
1740981128 42876 0
1740981130 42737 0
1740981133 42987 0
1740981135 42842 0
1740981137 43073 0
1740981139 42734 0
1740981141 42781 0
1740981143 42813 0
1740981145 42848 0
1740981147 42944 0
1740981149 42904 0
1740981151 42919 0
1740981153 42954 0
1740981155 43036 0
1740981157 43508 0
1740981159 42905 0
1740981161 42991 0
1740981163 43010 0
1740981165 42880 0
1740981167 42806 0
1740981169 42939 0
1740981171 42867 0
1740981173 42903 0
1740981175 42868 0
1740981178 42719 0
1740981180 42906 0
1740981182 42921 0
1740981184 42890 0
1740981186 42920 0
1740981188 42985 0
1740981190 42764 0
1740981192 42812 0
1740981194 42884 0
1740981196 42818 0
1740981198 42883 0
1740981200 43002 0
1740981202 42860 0
1740981204 42931 0
1740981206 42898 0
1740981208 42735 0
1740981210 42797 0
1740981212 42912 0
1740981214 42911 0
1740981216 42908 0
1740981218 43243 0
1740981220 42962 0
1740981222 42924 0
1740981225 43092 0
1740981227 42896 0
1740981229 42995 0
1740981231 42816 0
1740981233 42900 0
1740981235 43041 0
1740981237 43042 0
1740981239 42942 0
1740981241 43079 0
1740981243 42848 0
1740981245 42941 0
1740981247 43059 0
1740981249 42891 0
1740981251 42781 0
1740981253 42881 0
1740981255 42944 0
1740981257 42750 0
1740981259 42831 0
1740981261 42987 0
1740981263 42960 0
1740981265 42818 0
1740981267 42904 0
1740981270 43035 0
1740981272 43019 0
1740981274 43037 0
1740981276 43043 0
1740981278 43070 0
1740981280 42938 0
1740981282 42999 0
1740981284 42976 0
1740981286 43022 0
1740981288 42974 0
1740981290 43061 0
1740981292 43045 0
1740981294 42942 0
1740981296 43089 0
1740981298 42974 0
1740981300 43000 0
1740981302 42922 0
1740981304 42902 0
1740981306 42841 0
1740981308 43056 0
1740981310 42923 0
1740981312 42893 0
1740981314 43036 0
1740981317 42938 0
1740981319 42941 0
1740981321 42978 0
1740981323 42963 0
1740981325 42831 0
1740981327 42926 0
1740981329 42975 0
1740981331 42886 0
1740981333 42867 0
1740981335 42935 0
1740981337 43166 0
1740981339 42937 0
1740981341 43004 0
1740981343 42818 0
1740981345 42945 0
1740981347 42826 0
1740981349 43041 0
1740981351 42990 0
1740981353 43156 0
1740981355 42866 0
1740981357 42973 0
1740981359 43047 0
1740981361 42808 0
1740981364 43276 0
1740981366 43013 0
1740981368 43182 0
1740981370 43082 0
1740981372 42981 0
1740981374 43189 0
1740981376 43022 0
1740981378 42985 0
1740981380 42815 0
1740981382 42853 0
1740981384 42979 0
1740981386 42815 0
1740981388 42908 0
1740981390 43254 0
1740981392 42878 0
1740981394 42929 0
1740981396 43153 0
1740981398 42868 0
1740981400 42819 0
1740981402 43024 0
1740981404 42894 0
1740981406 42946 0
1740981409 42983 0
1740981411 42963 0
1740981413 43064 0
1740981415 42999 0
1740981417 42883 0
1740981419 42932 0
1740981421 42908 0
1740981423 43003 0
1740981425 43010 0
1740981427 42843 0
1740981429 42906 0
1740981431 42911 0
1740981433 43012 0
1740981435 42970 0
1740981437 42871 0
1740981439 42886 0
1740981441 42866 0
1740981443 42887 0
1740981445 42880 0
1740981447 43028 0
1740981449 42989 0
1740981451 43259 0
1740981453 43202 0
1740981456 43268 0
1740981458 42950 0
1740981460 42928 0
1740981462 42865 0
1740981464 42872 0
1740981466 42978 0
1740981468 43147 0
1740981470 42983 0
1740981472 43093 0
1740981474 43346 0
1740981476 43403 0
1740981478 42849 0
1740981480 43020 0
1740981482 42892 0
1740981484 43380 0
1740981486 42908 0
1740981488 42919 0
1740981490 43058 0
1740981492 43335 0
1740981494 43007 0
1740981496 43014 0
1740981498 42873 0
1740981501 43205 0
1740981503 42982 0
1740981505 42954 0
1740981507 42766 0
1740981509 42983 0
1740981511 43099 0
1740981513 42954 0
1740981515 42861 0
1740981517 42878 0
1740981519 42827 0
1740981521 42784 0
1740981523 42855 0
1740981525 42835 0
1740981527 42737 0
1740981529 42731 0
1740981531 42850 0
1740981533 42876 0
1740981535 42787 0
1740981537 42825 0
1740981539 42767 0
1740981541 42992 0
1740981543 42814 0
1740981546 42900 0
1740981548 42774 0
1740981550 42835 0
1740981552 42894 0
1740981554 42939 0
1740981556 42950 0
1740981558 42818 0
1740981560 43076 0
1740981562 42846 0
1740981564 42929 0
1740981566 42831 0
1740981568 42936 0
1740981570 42945 0
1740981572 43347 0
1740981574 42910 0
1740981576 42820 0
1740981578 42783 0
1740981580 42908 0
1740981582 42666 0
1740981584 42805 0
1740981586 42823 0
1740981588 42680 0
1740981590 42742 0
1740981593 42833 0
1740981595 42908 0
1740981597 42674 0
1740981599 42912 0
1740981601 42832 0
1740981603 42750 0
1740981605 42848 0
1740981607 42695 0
1740981609 42860 0
1740981611 42881 0
1740981613 42904 0
1740981615 42879 0
1740981617 42803 0
1740981619 43110 0
1740981621 42933 0
1740981623 42928 0
1740981625 42844 0
1740981627 42778 0
1740981629 42803 0
1740981631 42884 0
1740981633 42966 0
1740981635 42765 0
1740981637 42851 0
1740981640 42751 0
1740981642 42805 0
1740981644 42855 0
1740981646 42941 0
1740981648 42999 0
1740981650 42927 0
1740981652 42901 0
1740981654 42879 0
1740981656 42818 0
1740981658 42934 0
1740981660 42917 0
1740981662 42811 0
1740981664 42921 0
1740981666 42881 0
1740981668 42791 0
1740981670 43041 0
1740981672 42761 0
1740981674 43008 0
1740981676 42732 0
1740981678 42771 0
1740981680 43001 0
1740981682 42795 0
1740981685 42892 0
1740981687 42818 0
1740981689 42833 0
1740981691 42658 0
1740981693 42811 0
1740981695 42860 0
1740981697 42880 0
1740981699 42885 0
1740981701 42781 0
1740981703 42783 0
1740981705 42853 0
1740981707 42717 0
1740981709 42899 0
1740981711 42885 0
1740981713 42850 0
1740981715 42857 0
1740981717 42919 0
1740981719 42723 0
1740981721 42746 0
1740981723 42847 0
1740981725 42828 0
1740981727 42846 0
1740981729 42791 0
1740981732 42900 0
1740981734 43126 0
1740981736 42911 0
1740981738 43112 0
1740981740 42905 0
1740981742 42937 0
1740981744 42773 0
1740981746 42801 0
1740981748 42915 0
1740981750 42782 0
1740981752 42862 0
1740981754 42853 0
1740981756 43096 0
1740981758 42957 0
1740981760 42920 0
1740981762 42846 0
1740981764 42891 0
1740981766 42795 0
1740981768 42976 0
1740981770 42823 0
1740981772 43147 0
1740981774 42918 0
1740981776 42970 0
1740981779 42964 0
1740981781 43126 0
1740981783 43002 0
1740981785 43120 0
1740981787 42940 0
1740981789 43014 0
1740981791 42791 0
1740981793 43158 0
1740981795 43028 0
1740981797 42875 0
1740981799 42944 0
1740981801 43175 0
1740981803 42950 0
1740981805 42929 0
1740981807 42877 0
1740981809 42864 0
1740981811 42863 0
1740981813 42798 0
1740981815 42845 0
1740981817 42891 0
1740981819 42844 0
1740981821 42877 0
1740981824 42876 0
1740981826 42932 0
1740981828 42939 0
1740981830 42878 0
1740981832 42911 0
1740981834 42865 0
1740981836 42909 0
1740981838 42942 0
1740981840 42861 0
1740981842 42824 0
1740981844 42983 0
1740981846 42929 0
1740981848 42900 0
1740981850 42848 0
1740981852 42952 0
1740981854 42810 0
1740981856 42838 0
1740981858 42900 0
1740981860 42887 0
1740981862 42808 0
1740981864 43070 0
1740981866 42986 0
1740981868 42821 0
1740981871 42726 0
1740981873 42908 0
1740981875 42857 0
1740981877 42880 0
1740981879 42806 0
1740981881 42848 0
1740981883 42870 0
1740981885 42864 0
1740981887 42826 0
1740981889 42912 0
1740981891 42996 0
1740981893 42935 0
1740981895 43120 0
1740981897 42960 0
1740981899 42987 0
1740981901 42945 0
1740981903 42927 0
1740981905 43003 0
1740981907 43054 0
1740981909 43042 0
1740981911 42860 0
1740981913 42926 0
1740981916 42886 0
1740981918 42850 0
1740981920 42887 0
1740981922 42913 0
1740981924 42752 0
1740981926 42985 0
1740981928 42812 0
1740981930 42868 0
1740981932 43080 0
1740981934 42943 0
1740981936 42916 0
1740981938 42909 0
1740981940 43158 0
1740981942 42866 0
1740981944 43044 0
1740981946 42861 0
1740981948 42929 0
1740981950 42872 0
1740981952 43066 0
1740981954 42883 0
1740981956 42775 0
1740981958 42887 0
1740981960 43758 0
1740981963 43236 0
1740981965 42810 0
1740981967 42897 0
1740981969 42881 0
1740981971 42878 0
1740981973 43208 0
1740981975 43000 0
1740981977 42890 0
1740981979 42905 0
1740981981 42972 0
1740981983 43027 0
1740981985 42938 0
1740981987 42925 0
1740981989 43307 0
1740981991 42915 0
1740981993 43761 0
1740981995 43122 0
1740981997 42909 0
1740981999 42896 0
1740982001 42976 0
1740982003 42854 0
1740982005 42887 0
1740982007 42951 0
1740982010 42953 0
1740982012 42892 0
1740982014 42825 0
1740982016 42830 0
1740982018 42983 0
1740982020 43054 0
1740982022 43047 0
1740982024 42960 0
1740982026 42879 0
1740982028 42933 0
1740982030 42879 0
1740982032 42945 0
1740982034 42879 0
1740982036 42968 0
1740982038 42893 0
1740982040 42951 0
1740982042 42998 0
1740982044 42912 0
1740982046 43046 0
1740982048 42963 0
1740982050 42845 0
1740982052 43063 0
1740982054 43284 0
1740982057 43048 0
1740982059 43092 0
1740982061 43094 0
1740982063 43116 0
1740982065 43105 0
1740982067 43103 0
1740982069 42930 0
1740982071 42776 0
1740982073 42984 0
1740982075 42957 0
1740982077 43035 0
1740982079 42940 0
1740982081 42889 0
1740982083 42870 0
1740982085 42925 0
1740982087 43182 0
1740982089 42944 0
1740982091 43057 0
1740982093 42980 0
1740982095 43031 0
1740982097 42986 0
1740982099 43047 0
1740982101 43094 0
1740982104 42784 0
1740982106 42989 0
1740982108 43003 0
1740982110 42973 0
1740982112 43484 0
1740982114 43259 0
1740982116 43133 0
1740982118 43489 0
1740982120 43163 0
1740982122 43519 0
1740982124 43264 0
1740982126 43108 0
1740982128 42996 0
1740982130 43002 0
1740982132 42982 0
1740982134 42951 0
1740982136 43110 0
1740982138 43156 0
1740982140 42873 0
1740982142 42767 0
1740982144 42909 0
1740982146 42839 0
1740982149 42918 0
1740982151 43019 0
1740982153 43406 0
1740982155 43135 0
1740982157 43472 0
1740982159 43012 0
1740982161 43142 0
1740982163 43052 0
1740982165 43292 0
1740982167 43075 0
1740982169 42799 0
1740982171 42914 0
1740982173 42989 0
1740982175 43185 0
1740982177 43318 0
1740982179 43696 0
1740982181 42870 0
1740982183 43440 0
1740982185 43306 0
1740982187 43068 0
1740982189 42933 0
1740982191 42887 0
1740982193 43000 0
1740982196 43065 0
1740982198 42962 0
1740982200 42883 0
1740982202 43060 0
1740982204 42878 0
1740982206 42875 0
1740982208 42939 0
1740982210 42904 0
1740982212 42863 0
1740982214 43150 0
1740982216 42984 0
1740982218 43001 0
1740982220 43011 0
1740982222 43347 0
1740982224 43011 0
1740982226 43234 0
1740982228 43105 0
1740982230 42887 0
1740982232 43163 0
1740982234 43105 0
1740982236 43087 0
1740982238 42977 0
1740982240 43388 0
1740982243 42799 0
1740982245 43299 0
1740982247 42974 0
1740982249 43460 0
1740982251 42900 0
1740982253 43137 0
1740982255 43105 0
1740982257 43453 0
1740982259 43251 0
1740982261 42951 0
1740982263 43083 0
1740982265 42918 0
1740982267 43035 0
1740982269 42805 0
1740982271 43002 0
1740982273 42851 0
1740982275 43005 0
1740982277 42944 0
1740982279 42847 0
1740982281 42891 0
1740982283 43141 0
1740982285 42979 0
1740982288 42901 0
1740982290 43011 0
1740982292 42962 0
1740982294 42909 0
1740982296 42929 0
1740982298 42846 0
1740982300 43030 0
1740982302 43001 0
1740982304 42854 0
1740982306 43016 0
1740982308 42933 0
1740982310 42807 0
1740982312 43014 0
1740982314 42857 0
1740982316 42855 0
1740982318 42913 0
1740982320 42900 0
1740982322 42889 0
1740982324 43033 0
1740982326 42855 0
1740982328 42909 0
1740982330 42834 0
1740982332 44724 0
1740982335 42978 0
1740982337 43409 0
1740982339 42893 0
1740982341 42776 0
1740982343 42783 0
1740982345 42993 0
1740982347 42848 0
1740982349 42878 0
1740982351 42908 0
1740982353 42851 0
1740982355 42824 0
1740982357 42892 0
1740982359 42818 0
1740982361 42816 0
1740982363 42966 0
1740982365 43196 0
1740982367 42982 0
1740982369 42954 0
1740982371 43119 0
1740982373 42915 0
1740982375 42996 0
1740982377 42898 0
1740982379 43028 0
1740982382 42863 0
1740982384 42817 0
1740982386 43108 0
1740982388 43173 0
1740982390 43461 0
1740982392 42960 0
1740982394 43169 0
1740982396 43003 0
1740982398 42900 0
1740982400 42857 0
1740982402 42997 0
1740982404 43035 0
1740982406 43018 0
1740982408 43117 0
1740982410 42867 0
1740982412 42831 0
1740982414 42899 0
1740982416 42899 0
1740982418 42771 0
1740982420 43152 0
1740982422 42818 0
1740982424 42979 0
1740982427 42927 0
1740982429 42903 0
1740982431 42998 0
1740982433 42853 0
1740982435 42867 0
1740982437 42781 0
1740982439 42894 0
1740982441 42832 0
1740982443 42888 0
1740982445 42893 0
1740982447 42901 0
1740982449 43115 0
1740982451 43101 0
1740982453 43014 0
1740982455 43003 0
1740982457 42998 0
1740982459 42993 0
1740982461 42799 0
1740982463 42912 0
1740982465 42898 0
1740982467 42810 0
1740982469 42957 0
1740982471 42853 0
1740982474 42862 0
1740982476 43155 0
1740982478 42966 0
1740982480 42788 0
1740982482 42862 0
1740982484 42974 0
1740982486 42784 0
1740982488 42884 0
1740982490 42753 0
1740982492 42878 0
1740982494 42949 0
1740982496 42863 0
1740982498 42844 0
1740982500 42885 0
1740982502 42916 0
1740982504 42789 0
1740982506 42887 0
1740982508 42799 0
1740982510 42779 0
1740982512 42878 0
1740982514 42833 0
1740982516 42701 0
1740982518 42735 0
1740982521 42878 0
1740982523 42917 0
1740982525 42845 0
1740982527 42793 0
1740982529 42743 0
1740982531 42774 0
1740982533 42813 0
1740982535 42892 0
1740982537 43021 0
1740982539 42823 0
1740982541 42865 0
1740982543 43035 0
1740982545 43294 0
1740982547 43081 0
1740982549 42934 0
1740982551 42926 0
1740982553 43003 0
1740982555 43744 0
1740982557 43400 0
1740982559 42988 0
1740982561 42973 0
1740982563 42977 0
1740982566 43137 0
1740982568 42910 0
1740982570 43002 0
1740982572 43074 0
1740982574 42899 0
1740982576 42881 0
1740982578 42951 0
1740982580 42982 0
1740982582 42854 0
1740982584 42888 0
1740982586 42979 0
1740982588 42885 0
1740982590 42973 0
1740982592 42994 0
1740982594 42990 0
1740982596 42870 0
1740982598 42961 0
1740982600 42936 0
1740982602 42911 0
1740982604 42904 0
1740982606 42972 0
1740982608 43593 0
1740982610 43224 0
1740982613 42947 0
1740982615 42919 0
1740982617 42861 0
1740982619 42872 0
1740982621 43074 0
1740982623 42873 0
1740982625 42941 0
1740982627 42803 0
1740982629 42883 0
1740982631 42843 0
1740982633 42864 0
1740982635 43051 0
1740982637 42838 0
1740982639 42911 0
1740982641 42933 0
1740982643 43155 0
1740982645 42996 0
1740982647 42868 0
1740982649 42932 0
1740982651 43201 0
1740982653 42947 0
1740982655 43043 0
1740982658 42866 0
1740982660 43246 0
1740982662 42919 0
1740982664 43377 0
1740982666 43020 0
1740982668 43021 0
1740982670 42823 0
1740982672 42800 0
1740982674 42970 0
1740982676 42871 0
1740982678 43122 0
1740982680 42824 0
1740982682 42828 0
1740982684 42760 0
1740982686 42808 0
1740982688 42872 0
1740982690 42900 0
1740982692 43117 0
1740982694 42999 0
1740982696 42828 0
1740982698 42894 0
1740982700 42982 0
1740982702 42886 0
1740982705 42889 0
1740982707 42747 0
1740982709 42776 0
1740982711 42856 0
1740982713 42823 0
1740982715 42819 0
1740982717 43008 0
1740982719 42829 0
1740982721 43127 0
1740982723 42888 0
1740982725 43088 0
1740982727 42987 0
1740982729 42891 0
1740982731 42929 0
1740982733 43085 0
1740982735 43121 0
1740982737 42867 0
1740982739 42858 0
1740982741 43050 0
1740982743 43462 0
1740982745 43192 0
1740982747 43052 0
1740982749 43078 0
1740982752 43434 0
1740982754 42888 0
1740982756 42862 0
1740982758 42985 0
1740982760 42900 0
1740982762 43023 0
1740982764 42999 0
1740982766 43117 0
1740982768 42910 0
1740982770 42952 0
1740982772 43003 0
1740982774 43047 0
1740982776 42947 0
1740982778 43009 0
1740982780 42861 0
1740982782 42865 0
1740982784 42908 0
1740982786 43016 0
1740982788 42914 0
1740982790 43249 0
1740982792 43116 0
1740982794 42863 0
1740982797 42981 0
1740982799 43322 0
1740982801 43124 0
1740982803 43445 0
1740982805 42946 0
1740982807 43161 0
1740982809 43188 0
1740982811 42813 0
1740982813 43074 0
1740982815 43032 0
1740982817 43272 0
1740982819 42966 0
1740982821 42927 0
1740982823 42860 0
1740982825 42976 0
1740982827 42903 0
1740982829 42875 0
1740982831 42887 0
1740982833 42978 0
1740982835 42948 0
1740982838 42918 0
1740982840 42995 0
1740982842 42796 0
1740982844 42878 0
1740982846 42880 0
1740982848 42862 0
1740982850 42923 0
1740982852 43025 0
1740982854 43127 0
1740982856 43295 0
1740982858 43027 0
1740982860 43141 0
1740982862 43477 0
1740982864 43321 0
1740982866 43834 0
1740982868 42998 0
1740982870 43074 0
1740982872 43073 0
1740982874 42927 0
1740982876 43076 0
1740982878 43299 0
1740982880 43215 0
1740982882 43065 0
1740982885 42995 0
1740982887 42914 0
1740982889 43580 0
1740982891 44151 0
1740982893 43045 0
1740982895 42930 0
1740982897 42878 0
1740982899 42899 0
1740982901 43140 0
1740982903 42821 0
1740982905 42943 0
1740982907 43031 0
1740982909 42879 0
1740982911 43102 0
1740982913 42819 0
1740982915 42993 0
1740982917 42967 0
1740982919 42854 0
1740982921 42917 0
1740982923 43139 0
1740982926 43482 0
1740982928 43410 0
1740982930 42913 0
1740982932 42803 0
1740982934 42922 0
1740982936 42971 0
1740982938 42829 0
1740982940 43258 0
1740982942 43015 0
1740982944 42898 0
1740982946 42784 0
1740982948 42763 0
1740982950 43227 0
1740982952 43001 0
1740982954 43074 0
1740982956 42756 0
1740982958 43425 0
1740982960 43543 0
1740982962 43824 0
1740982964 43634 0
1740982966 43044 0
1740982968 43059 0
1740982970 42957 0
1740982973 42946 0
1740982975 42908 0
1740982977 42891 0
1740982979 42937 0
1740982981 42947 0
1740982983 42980 0
1740982985 42829 0
1740982987 42838 0
1740982989 42859 0
1740982991 43120 0
1740982993 43214 0
1740982995 42980 0
1740982997 43181 0
1740982999 42977 0
1740983001 43287 0
1740983003 43843 0
1740983005 43250 0
1740983007 42880 0
1740983009 42902 0
1740983011 42864 0
1740983013 42943 0
1740983015 42934 0
1740983018 42893 0
1740983020 42899 0
1740983022 42902 0
1740983024 42946 0
1740983026 42828 0
1740983028 43013 0
1740983030 42922 0
1740983032 42914 0
1740983034 43146 0
1740983036 43001 0
1740983038 42977 0
1740983040 42916 0
1740983042 42980 0
1740983044 42911 0
1740983046 43319 0
1740983048 43734 0
1740983050 43139 0
1740983052 42944 0
1740983054 43129 0
1740983056 42987 0
1740983058 42941 0
1740983060 43076 0
1740983062 43012 0
1740983065 43118 0
1740983067 43007 0
1740983069 42955 0
1740983071 43155 0
1740983073 42981 0
1740983075 43014 0
1740983077 43557 0
1740983079 43180 0
1740983081 43287 0
1740983083 42904 0
1740983085 43059 0
1740983087 42949 0
1740983089 43005 0
1740983091 42995 0
1740983093 43077 0
1740983095 43204 0
1740983097 43054 0
1740983099 43004 0
1740983101 43153 0
1740983103 43220 0
1740983105 43026 0
1740983107 42817 0
1740983109 42961 0
1740983112 43087 0
1740983114 42993 0
1740983116 43017 0
1740983118 43135 0
1740983120 43074 0
1740983122 43194 0
1740983124 43118 0
1740983126 43093 0
1740983128 43113 0
1740983130 42919 0
1740983132 43056 0
1740983134 43057 0
1740983136 43261 0
1740983138 43106 0
1740983140 42952 0
1740983142 43088 0
1740983144 43018 0
1740983146 42911 0
1740983148 43028 0
1740983150 43118 0
1740983152 42917 0
1740983154 43077 0
1740983157 43253 0
1740983159 43249 0
1740983161 43151 0
1740983163 43473 0
1740983165 43991 0
1740983167 44112 0
1740983169 43390 0
1740983171 43035 0
1740983173 42863 0
1740983175 42935 0
1740983177 42978 0
1740983179 43079 0
1740983181 43065 0
1740983183 43025 0
1740983185 43056 0
1740983187 42788 0
1740983189 42923 0
1740983191 43124 0
1740983193 42982 0
1740983195 43013 0
1740983197 43176 0
1740983199 42972 0
1740983201 42946 0
1740983204 42890 0
1740983206 43018 0
1740983208 42958 0
1740983210 42976 0
1740983212 43064 0
1740983214 42988 0
1740983216 43054 0
1740983218 43000 0
1740983220 42956 0
1740983222 42883 0
1740983224 42920 0
1740983226 42992 0
1740983228 43075 0
1740983230 43161 0
1740983232 43042 0
1740983234 43146 0
1740983236 43051 0
1740983238 43046 0
1740983240 43106 0
1740983242 43084 0
1740983244 43058 0
1740983246 43138 0
1740983248 43029 0
1740983251 42926 0
1740983253 43027 0
1740983255 43067 0
1740983257 42963 0
1740983259 42917 0
1740983261 43015 0
1740983263 43040 0
1740983265 42903 0
1740983267 43027 0
1740983269 43044 0
1740983271 43040 0
1740983273 42974 0
1740983275 42955 0
1740983277 42865 0
1740983279 43058 0
1740983281 43005 0
1740983283 42933 0
1740983285 42963 0
1740983287 43024 0
1740983289 42966 0
1740983291 43136 0
1740983293 43071 0
1740983296 43024 0
1740983298 42999 0
1740983300 43175 0
1740983302 43106 0
1740983304 42950 0
1740983306 42905 0
1740983308 42874 0
1740983310 42992 0
1740983312 42946 0
1740983314 43082 0
1740983316 43408 0
1740983318 43166 0
1740983320 43017 0
1740983322 42975 0
1740983324 42971 0
1740983326 43016 0
1740983328 43076 0
1740983330 43022 0
1740983332 43122 0
1740983334 42915 0
1740983336 42974 0
1740983338 43073 0
1740983340 42899 0
1740983343 43034 0
1740983345 42878 0
1740983347 43029 0
1740983349 42999 0
1740983351 42995 0
1740983353 42918 0
1740983355 43000 0
1740983357 42926 0
1740983359 42987 0
1740983361 42995 0
1740983363 42969 0
1740983365 43079 0
1740983367 42982 0
1740983369 42970 0
1740983371 43091 0
1740983373 42916 0
1740983375 42998 0
1740983377 43003 0
1740983379 43056 0
1740983381 42810 0
1740983383 42987 0
1740983385 42996 0
1740983387 43096 0
1740983390 43048 0
1740983392 42997 0
1740983394 42978 0
1740983396 43043 0
1740983398 42901 0
1740983400 42827 0
1740983402 42835 0
1740983404 42926 0
1740983406 42967 0
1740983408 42916 0
1740983410 43030 0
1740983412 43071 0
1740983414 43055 0
1740983416 42941 0
1740983418 43105 0
1740983420 43065 0
1740983422 43005 0
1740983424 42949 0
1740983426 43002 0
1740983428 42976 0
1740983430 42918 0
1740983432 42861 0
1740983435 42951 0
1740983437 42846 0
1740983439 42974 0
1740983441 43142 0
1740983443 42805 0
1740983445 43022 0
1740983447 42697 0
1740983449 42862 0
1740983451 42901 0
1740983453 42983 0
1740983455 42855 0
1740983457 42934 0
1740983459 42904 0
1740983461 42878 0
1740983463 42838 0
1740983465 43043 0
1740983467 42863 0
1740983469 42941 0
1740983471 42818 0
1740983473 43123 0
1740983475 43346 0
1740983477 43653 0
1740983479 43530 0
1740983482 43298 0
1740983484 43085 0
1740983486 43161 0
1740983488 43276 0
1740983490 43236 0
1740983492 43087 0
1740983494 42955 0
1740983496 42846 0
1740983498 42798 0
1740983500 42904 0
1740983502 42893 0
1740983504 43051 0
1740983506 43038 0
1740983508 43116 0
1740983510 42816 0
1740983512 42858 0
1740983514 43211 0
1740983516 42975 0
1740983518 42933 0
1740983520 43264 0
1740983522 43163 0
1740983524 43028 0
1740983527 43111 0
1740983529 43402 0
1740983531 43523 0
1740983533 43240 0
1740983535 43204 0
1740983537 43155 0
1740983539 42973 0
1740983541 42962 0
1740983543 42896 0
1740983545 43025 0
1740983547 42849 0
1740983549 42871 0
1740983551 42999 0
1740983553 42909 0
1740983555 43003 0
1740983557 42895 0
1740983559 43218 0
1740983561 43035 0
1740983563 43106 0
1740983565 43007 0
1740983567 42833 0
1740983569 42979 0
1740983571 42941 0
1740983574 42856 0
1740983576 42989 0
1740983578 42829 0
1740983580 42877 0
1740983582 42880 0
1740983584 43009 0
1740983586 43048 0
1740983588 43046 0
1740983590 42957 0
1740983592 42845 0
1740983594 42931 0
1740983596 42999 0
1740983598 42921 0
1740983600 42889 0
1740983602 42957 0
1740983604 43078 0
1740983606 42950 0
1740983608 43037 0
1740983610 43517 0
1740983612 42876 0
1740983614 43025 0
1740983616 43283 0
1740983619 43478 0
1740983621 43400 0
1740983623 43079 0
1740983625 43196 0
1740983627 43051 0
1740983629 42876 0
1740983631 43066 0
1740983633 43207 0
1740983635 43029 0
1740983637 43158 0
1740983639 43043 0
1740983641 42976 0
1740983643 43081 0
1740983645 43061 0
1740983647 42955 0
1740983649 43080 0
1740983651 42909 0
1740983653 43007 0
1740983655 43223 0
1740983657 43650 0
1740983659 43129 0
1740983661 43027 0
1740983663 43252 0
1740983666 42979 0
1740983668 43030 0
1740983670 42962 0
1740983672 43176 0
1740983674 43050 0
1740983676 43063 0
1740983678 43163 0
1740983680 43205 0
1740983682 43322 0
1740983684 43015 0
1740983686 43004 0
1740983688 42969 0
1740983690 43134 0
1740983692 43073 0
1740983694 43123 0
1740983696 43165 0
1740983698 43223 0
1740983700 43056 0
1740983702 42923 0
1740983704 42897 0
1740983706 43090 0
1740983708 43196 0
1740983710 43003 0
1740983713 43038 0
1740983715 42928 0
1740983717 42926 0
1740983719 43006 0
1740983721 42893 0
1740983723 42997 0
1740983725 43107 0
1740983727 42943 0
1740983729 43022 0
1740983731 43026 0
1740983733 43124 0
1740983735 43000 0
1740983737 43000 0
1740983739 43068 0
1740983741 42912 0
1740983743 43019 0
1740983745 42991 0
1740983747 43179 0
1740983749 43018 0
1740983751 43236 0
1740983753 43157 0
1740983755 43099 0
1740983757 42916 0
1740983760 43077 0
1740983762 43127 0
1740983764 43073 0
1740983766 42935 0
1740983768 42974 0
1740983770 42940 0
1740983772 43183 0
1740983774 43102 0
1740983776 43123 0
1740983778 43077 0
1740983780 43022 0
1740983782 43004 0
1740983784 42903 0
1740983786 42876 0
1740983788 42975 0
1740983790 42988 0
1740983792 43041 0
1740983794 43132 0
1740983796 43033 0
1740983798 43229 0
1740983800 43164 0
1740983802 43121 0
1740983805 42818 0
1740983807 42970 0
1740983809 42940 0
1740983811 43018 0
1740983813 43147 0
1740983815 43071 0
1740983817 42903 0
1740983819 43115 0
1740983821 43109 0
1740983823 43301 0
1740983880 41910 0
1740983882 43137 0
1740983884 43082 0
1740983886 42957 0
1740983888 42948 0
1740983890 43166 0
1740983892 43076 0
1740983894 43197 0
1740983896 43121 0
1740983899 43084 0
1740983901 43135 0
1740983903 42959 0
1740983905 43121 0
1740983907 43153 0
1740983909 42959 0
1740983911 43373 0
1740983913 43053 0
1740983915 43107 0
1740983917 43250 0
1740983919 42941 0
1740983921 42866 0
1740983923 42987 0
1740983925 43020 0
1740983927 42834 0
1740983929 42834 0
1740983931 43120 0
1740983933 42998 0
1740983935 42927 0
1740983937 42978 0
1740983939 42995 0
1740983941 43149 0
1740983944 42855 0
1740983946 42967 0
1740983948 42994 0
1740983950 43003 0
1740983952 43132 0
1740983954 43144 0
1740983956 43148 0
1740983958 43125 0
1740983960 42974 0
1740983962 43194 0
1740983964 43430 0
1740983966 43211 0
1740983968 43074 0
1740983970 43099 0
1740983972 42904 0
1740983974 42868 0
1740983976 42943 0
1740983978 43003 0
1740983980 42931 0
1740983982 43149 0
1740983984 43076 0
1740983986 42980 0
1740983988 42997 0
1740983991 42878 0
1740983993 43154 0
1740983995 43035 0
1740983997 42983 0
1740983999 42813 0
1740984001 43011 0
1740984003 43095 0
1740984005 42843 0
1740984007 43042 0
1740984009 42819 0
1740984011 42892 0
1740984013 43061 0
1740984015 43032 0
1740984017 43117 0
1740984019 43075 0
1740984021 43061 0
1740984023 43042 0
1740984025 42994 0
1740984027 43046 0
1740984029 42999 0
1740984031 43010 0
1740984034 43060 0
1740984036 43196 0
1740984038 43044 0
1740984040 42993 0
1740984042 43224 0
1740984044 43273 0
1740984046 43228 0
1740984048 42988 0
1740984050 43174 0
1740984052 42989 0
1740984054 43036 0
1740984056 43095 0
1740984058 43092 0
1740984060 42944 0
1740984062 42941 0
1740984064 43058 0
1740984066 43121 0
1740984068 43204 0
1740984070 43096 0
1740984072 43084 0
1740984075 43052 0
1740984077 42985 0
1740984079 42948 0
1740984081 43133 0
1740984083 43104 0
1740984085 42973 0
1740984087 42986 0
1740984089 42921 0
1740984091 43141 0
1740984093 43081 0
1740984095 43035 0
1740984097 43009 0
1740984099 43228 0
1740984101 43042 0
1740984103 42861 0
1740984105 43202 0
1740984107 43043 0
1740984109 42974 0
1740984111 43068 0
1740984113 43121 0
1740984115 43445 0
1740984117 43110 0
1740984119 43320 0
1740984122 43067 0
1740984124 42976 0
1740984126 43146 0
1740984128 43290 0
1740984130 43160 0
1740984132 42796 0
1740984134 42911 0
1740984136 42884 0
1740984138 42914 0
1740984140 43477 0
1740984142 43332 0
1740984144 43005 0
1740984146 43037 0
1740984148 43064 0
1740984150 43103 0
1740984152 43128 0
1740984154 42972 0
1740984156 42932 0
1740984158 42991 0
1740984160 43099 0
1740984163 42839 0
1740984165 42997 0
1740984167 43324 0
1740984169 43059 0
1740984171 43075 0
1740984173 43234 0
1740984175 43125 0
1740984177 42951 0
1740984179 43080 0
1740984181 43098 0
1740984183 43044 0
1740984185 43010 0
1740984187 43208 0
1740984189 43049 0
1740984191 42999 0
1740984193 42805 0
1740984195 43016 0
1740984197 42948 0
1740984199 43159 0
1740984201 42975 0
1740984203 43126 0
1740984205 43046 0
1740984208 43099 0
1740984210 42995 0
1740984212 43091 0
1740984214 43078 0
1740984216 43226 0
1740984218 42936 0
1740984220 42867 0
1740984222 42869 0
1740984224 42857 0
1740984226 43054 0
1740984228 43074 0
1740984230 42916 0
1740984232 42968 0
1740984234 42815 0
1740984236 42864 0
1740984238 43024 0
1740984240 43183 0
1740984242 43002 0
1740984244 43014 0
1740984246 43081 0
1740984248 42938 0
1740984250 43003 0
1740984252 42977 0
1740984255 42946 0
1740984257 42904 0
1740984259 43018 0
1740984261 42875 0
1740984263 42936 0
1740984265 42848 0
1740984267 43065 0
1740984269 42980 0
1740984271 43164 0
1740984273 43146 0
1740984275 43060 0
1740984277 42881 0
1740984279 42881 0
1740984281 43252 0
1740984283 43324 0
1740984285 43420 0
1740984287 43227 0
1740984289 43296 0
1740984291 43210 0
1740984293 43194 0
1740984295 43236 0
1740984297 42990 0
1740984299 42856 0
1740984302 42951 0
1740984304 42980 0
1740984306 43102 0
1740984308 43149 0
1740984310 43062 0
1740984312 43240 0
1740984314 43295 0
1740984316 43257 0
1740984318 43283 0
1740984320 43296 0
1740984322 43104 0
1740984324 43055 0
1740984326 43107 0
1740984328 43137 0
1740984330 43075 0
1740984332 42917 0
1740984334 42929 0
1740984336 43099 0
1740984338 42949 0
1740984340 42843 0
1740984342 42957 0
1740984344 43025 0
1740984347 43022 0
1740984349 43355 0
1740984351 43110 0
1740984353 43174 0
1740984355 42945 0
1740984357 43212 0
1740984359 43086 0
1740984361 43529 0
1740984363 43320 0
1740984365 43340 0
1740984367 43059 0
1740984369 43043 0
1740984371 43214 0
1740984373 43303 0
1740984375 43014 0
1740984377 42867 0
1740984379 43003 0
1740984381 42869 0
1740984383 42954 0
1740984385 42959 0
1740984387 43040 0
1740984389 42969 0
1740984391 43096 0
1740984394 42975 0
1740984396 42902 0
1740984398 43000 0
1740984400 42900 0
1740984402 43056 0
1740984404 42982 0
1740984406 43072 0
1740984408 43057 0
1740984410 43091 0
1740984412 42998 0
1740984414 42991 0
1740984416 43121 0
1740984418 43163 0
1740984420 42933 0
1740984422 43119 0
1740984424 42983 0
1740984426 43189 0
1740984428 42996 0
1740984430 43180 0
1740984432 43124 0
1740984434 42979 0
1740984436 42923 0
1740984438 42896 0
1740984441 42949 0
1740984443 43033 0
1740984445 43126 0
1740984447 43013 0
1740984449 42996 0
1740984451 43000 0
1740984453 43010 0
1740984455 43043 0
1740984457 43027 0
1740984459 43287 0
1740984461 43189 0
1740984463 43377 0
1740984465 43240 0
1740984467 43281 0
1740984469 43164 0
1740984471 43142 0
1740984473 43624 0
1740984475 43180 0
1740984477 42968 0
1740984479 43072 0
1740984481 43092 0
1740984483 43037 0
1740984486 43146 0
1740984488 43230 0
1740984490 43122 0
1740984492 43166 0
1740984494 43123 0
1740984496 43344 0
1740984498 43126 0
1740984500 43044 0
1740984502 43087 0
1740984504 42930 0
1740984506 43082 0
1740984508 43173 0
1740984510 43214 0
1740984512 43473 0
1740984514 43146 0
1740984516 43115 0
1740984518 43259 0
1740984520 43606 0
1740984522 43146 0
1740984524 43075 0
1740984526 43113 0
1740984528 43069 0
1740984530 42967 0
1740984533 43200 0
1740984535 43171 0
1740984537 43311 0
1740984539 43438 0
1740984541 43262 0
1740984543 43055 0
1740984545 43247 0
1740984547 43093 0
1740984549 43070 0
1740984551 43336 0
1740984553 43083 0
1740984555 42894 0
1740984557 43020 0
1740984559 42970 0
1740984561 43048 0
1740984563 43155 0
1740984565 43134 0
1740984567 42956 0
1740984569 42970 0
1740984571 43026 0
1740984573 43125 0
1740984575 43107 0
1740984578 43130 0
1740984580 43082 0
1740984582 43032 0
1740984584 43148 0
1740984586 43105 0
1740984588 43022 0
1740984590 43224 0
1740984592 43229 0
1740984594 42921 0
1740984596 43124 0
1740984598 43086 0
1740984600 42864 0
1740984602 43147 0
1740984604 43113 0
1740984606 43137 0
1740984608 43041 0
1740984610 43205 0
1740984612 43141 0
1740984614 43589 0
1740984616 43521 0
1740984618 43359 0
1740984620 43084 0
1740984622 43252 0
1740984625 43156 0
1740984627 43070 0
1740984629 43113 0
1740984631 43269 0
1740984633 43264 0
1740984635 43136 0
1740984637 43374 0
1740984639 43332 0
1740984641 43386 0
1740984643 43121 0
1740984645 43104 0
1740984647 43115 0
1740984649 43203 0
1740984651 43051 0
1740984653 43321 0
1740984655 43022 0
1740984657 42992 0
1740984659 42966 0
1740984661 43026 0
1740984663 42927 0
1740984665 43017 0
1740984667 43164 0
1740984669 43134 0
1740984672 42995 0
1740984674 42872 0
1740984676 42982 0
1740984678 43017 0
1740984680 43044 0
1740984682 43344 0
1740984684 43236 0
1740984686 43173 0
1740984688 43242 0
1740984690 43087 0
1740984692 43448 0
1740984694 43419 0
1740984696 43241 0
1740984698 43203 0
1740984700 43308 0
1740984702 43157 0
1740984704 43479 0
1740984706 43211 0
1740984708 43151 0
1740984710 43389 0
1740984712 43289 0
1740984714 43394 0
1740984717 43139 0
1740984719 43109 0
1740984721 43218 0
1740984723 43263 0
1740984725 43115 0
1740984727 43085 0
1740984729 43333 0
1740984731 43323 0
1740984733 43404 0
1740984735 43055 0
1740984737 43160 0
1740984739 43110 0
1740984741 43391 0
1740984743 43137 0
1740984745 43107 0
1740984747 43185 0
1740984749 43339 0
1740984751 43018 0
1740984753 43344 0
1740984755 43235 0
1740984757 43291 0
1740984759 43172 0
1740984761 43278 0
1740984764 43222 0
1740984766 43207 0
1740984768 43024 0
1740984770 43328 0
1740984772 43320 0
1740984774 43361 0
1740984776 43176 0
1740984778 43352 0
1740984780 43514 0
1740984782 43451 0
1740984784 43265 0
1740984786 43499 0
1740984788 43074 0
1740984790 43111 0
1740984792 43166 0
1740984794 43350 0
1740984796 43131 0
1740984798 43235 0
1740984800 43343 0
1740984802 43273 0
1740984804 43155 0
1740984806 43264 0
1740984809 43313 0
1740984811 43052 0
1740984813 43101 0
1740984815 43110 0
1740984817 43202 0
1740984819 42983 0
1740984821 43146 0
1740984823 43143 0
1740984825 43197 0
1740984827 43248 0
1740984829 43042 0
1740984831 43140 0
1740984833 43316 0
1740984835 43097 0
1740984837 43173 0
1740984839 43233 0
1740984841 43108 0
1740984843 43145 0
1740984845 43214 0
1740984847 43385 0
1740984849 43277 0
1740984851 43058 0
1740984853 43216 0
1740984856 43328 0
1740984858 43223 0
1740984860 43160 0
1740984862 43161 0
1740984864 43145 0
1740984866 43135 0
1740984868 43165 0
1740984870 43199 0
1740984872 42964 0
1740984874 42977 0
1740984876 43059 0
1740984878 43050 0
1740984880 43124 0
1740984882 43048 0
1740984884 43154 0
1740984886 43167 0
1740984888 43263 0
1740984890 43118 0
1740984892 43076 0
1740984894 43184 0
1740984896 43133 0
1740984898 42896 0
1740984901 43156 0
1740984903 43022 0
1740984905 43098 0
1740984907 42918 0
1740984909 42972 0
1740984911 43080 0
1740984913 43097 0
1740984915 43441 0
1740984917 43306 0
1740984919 43193 0
1740984921 43148 0
1740984923 43215 0
1740984925 43248 0
1740984927 43341 0
1740984929 43372 0
1740984931 43388 0
1740984933 43216 0
1740984935 43246 0
1740984937 43115 0
1740984939 43203 0
1740984941 43307 0
1740984943 43155 0
1740984945 43097 0
1740984948 43052 0
1740984950 43204 0
1740984952 43167 0
1740984954 43202 0
1740984956 43234 0
1740984958 43303 0
1740984960 43519 0
1740984962 43299 0
1740984964 43308 0
1740984966 43181 0
1740984968 43217 0
1740984970 43195 0
1740984972 43345 0
1740984974 43504 0
1740984976 43387 0
1740984978 43382 0
1740984980 43170 0
1740984982 43204 0
1740984984 43258 0
1740984986 43168 0
1740984988 43112 0
1740984990 43160 0
1740984992 43097 0
1740984995 43290 0
1740984997 43319 0
1740984999 43319 0
1740985001 43578 0
1740985003 43142 0
1740985005 43032 0
1740985007 43392 0
1740985009 43300 0
1740985011 43322 0
1740985013 43092 0
1740985015 43231 0
1740985017 43188 0
1740985019 43073 0
1740985021 43009 0
1740985023 43131 0
1740985025 43207 0
1740985027 43168 0
1740985029 43092 0
1740985031 43180 0
1740985033 43219 0
1740985035 43362 0
1740985037 43227 0
1740985039 43151 0
1740985042 43201 0
1740985044 43114 0
1740985046 43057 0
1740985048 43017 0
1740985050 43157 0
1740985052 43023 0
1740985054 43131 0
1740985056 43090 0
1740985058 43166 0
1740985060 43020 0
1740985062 43037 0
1740985064 43073 0
1740985066 43097 0
1740985068 42923 0
1740985070 43169 0
1740985072 43211 0
1740985074 43298 0
1740985076 43308 0
1740985078 43219 0
1740985080 43131 0
1740985082 43259 0
1740985084 43042 0
1740985087 43179 0
1740985089 42974 0
1740985091 43044 0
1740985093 43103 0
1740985095 43140 0
1740985097 43200 0
1740985099 43303 0
1740985101 43310 0
1740985103 42969 0
1740985105 43065 0
1740985107 43115 0
1740985109 43085 0
1740985111 43281 0
1740985113 43369 0
1740985115 43084 0
1740985117 43514 0
1740985119 43015 0
1740985121 43249 0
1740985123 43120 0
1740985125 43028 0
1740985127 42988 0
1740985129 42957 0
1740985131 42985 0
1740985134 43126 0
1740985136 43046 0
1740985138 42979 0
1740985140 43199 0
1740985142 43120 0
1740985144 42938 0
1740985146 43053 0
1740985148 43039 0
1740985150 43155 0
1740985152 43062 0
1740985154 42983 0
1740985156 43063 0
1740985158 43128 0
1740985160 43083 0
1740985162 43130 0
1740985164 43078 0
1740985166 43030 0
1740985168 43125 0
1740985170 43246 0
1740985172 43130 0
1740985174 43008 0
1740985176 43104 0
1740985179 42981 0
1740985181 42937 0
1740985183 43072 0
1740985185 43004 0
1740985187 43034 0
1740985189 43107 0
1740985191 43078 0
1740985193 43128 0
1740985195 43105 0
1740985197 43099 0
1740985199 43155 0
1740985201 43115 0
1740985203 43158 0
1740985205 43017 0
1740985207 43005 0
1740985209 43230 0
1740985211 43162 0
1740985213 43039 0
1740985215 43079 0
1740985217 43032 0
1740985219 43029 0
1740985221 43126 0
1740985223 43344 0
1740985226 43312 0
1740985228 43121 0
1740985230 43445 0
1740985232 43254 0
1740985234 43103 0
1740985236 43116 0
1740985238 43016 0
1740985240 43091 0
1740985242 43136 0
1740985244 43080 0
1740985246 43096 0
1740985248 43257 0
1740985250 42998 0
1740985252 42997 0
1740985254 43242 0
1740985256 43324 0
1740985258 43192 0
1740985260 42938 0
1740985262 43096 0
1740985264 43088 0
1740985266 43103 0
1740985268 43153 0
1740985271 43050 0
1740985273 43171 0
1740985275 43209 0
1740985277 43432 0
1740985279 43077 0
1740985281 43139 0
1740985283 43129 0
1740985285 43152 0
1740985287 42938 0
1740985289 42791 0
1740985291 43134 0
1740985293 43169 0
1740985295 43007 0
1740985297 42922 0
1740985299 43170 0
1740985301 43165 0
1740985303 43201 0
1740985305 43119 0
1740985307 43385 0
1740985309 43146 0
1740985311 43161 0
1740985313 43204 0
1740985315 43312 0
1740985318 43248 0
1740985320 43184 0
1740985322 43125 0
1740985324 43204 0
1740985326 43179 0
1740985328 43099 0
1740985330 43115 0
1740985332 43174 0
1740985334 43054 0
1740985336 43107 0
1740985338 43246 0
1740985340 43260 0
1740985342 43163 0
1740985344 43175 0
1740985346 42936 0
1740985348 42935 0
1740985350 43002 0
1740985352 42975 0
1740985354 42982 0
1740985356 43058 0
1740985358 43061 0
1740985360 43010 0
1740985362 43090 0
1740985365 42981 0
1740985367 42958 0
1740985369 43255 0
1740985371 43280 0
1740985373 43031 0
1740985375 43121 0
1740985377 43178 0
1740985379 43071 0
1740985381 43017 0
1740985383 43254 0
1740985385 43253 0
1740985387 43074 0
1740985389 43195 0
1740985391 43009 0
1740985393 43278 0
1740985395 43105 0
1740985397 43231 0
1740985399 43172 0
1740985401 43149 0
1740985403 43072 0
1740985405 42949 0
1740985407 43054 0
1740985410 43038 0
1740985412 43069 0
1740985414 43005 0
1740985416 43005 0
1740985418 43160 0
1740985420 42976 0
1740985422 43006 0
1740985424 43053 0
1740985426 42880 0
1740985428 43046 0
1740985430 43016 0
1740985432 42965 0
1740985434 42998 0
1740985436 43036 0
1740985438 43064 0
1740985440 43060 0
1740985442 42964 0
1740985444 42985 0
1740985446 43012 0
1740985448 42979 0
1740985450 42991 0
1740985452 43037 0
1740985454 42934 0
1740985457 43105 0
1740985459 43104 0
1740985461 43076 0
1740985463 43015 0
1740985465 43135 0
1740985467 43077 0
1740985469 42982 0
1740985471 42969 0
1740985473 42893 0
1740985475 42922 0
1740985477 42955 0
1740985479 43140 0
1740985481 43013 0
1740985483 42993 0
1740985485 42981 0
1740985487 42986 0
1740985489 43101 0
1740985491 42987 0
1740985493 43262 0
1740985495 42917 0
1740985497 42973 0
1740985499 42903 0
1740985501 42941 0
1740985504 43080 0
1740985506 43068 0
1740985508 43070 0
1740985510 43054 0
1740985512 43037 0
1740985514 42908 0
1740985516 43072 0
1740985518 42957 0
1740985520 43103 0
1740985522 43236 0
1740985524 43335 0
1740985526 43117 0
1740985528 43259 0
1740985530 43242 0
1740985532 43142 0
1740985534 43251 0
1740985536 43280 0
1740985538 43406 0
1740985540 43252 0
1740985542 43469 0
1740985544 43415 0
1740985546 43565 0
1740985549 43539 0
1740985551 43759 0
1740985553 43670 0
1740985555 43768 0
1740985557 43515 0
1740985559 43243 0
1740985561 43239 0
1740985563 43181 0
1740985565 43081 0
1740985567 43184 0
1740985569 43200 0
1740985571 43115 0
1740985573 43001 0
1740985575 43010 0
1740985577 43044 0
1740985579 42887 0
1740985581 42989 0
1740985583 43311 0
1740985585 43048 0
1740985587 43062 0
1740985589 43121 0
1740985592 43052 0
1740985594 43344 0
1740985596 43153 0
1740985598 43319 0
1740985600 43274 0
1740985602 43298 0
1740985604 43542 0
1740985606 43610 0
1740985608 43572 0
1740985610 43454 0
1740985612 43377 0
1740985614 43095 0
1740985616 43037 0
1740985618 43302 0
1740985620 43068 0
1740985622 43071 0
1740985624 43050 0
1740985626 43192 0
1740985628 43172 0
1740985630 43044 0
1740985632 43079 0
1740985634 43167 0
1740985637 42987 0
1740985639 43047 0
1740985641 43171 0
1740985643 43070 0
1740985645 42938 0
1740985647 43021 0
1740985649 43108 0
1740985651 42858 0
1740985653 43174 0
1740985655 43142 0
1740985657 43242 0
1740985659 43015 0
1740985661 42983 0
1740985663 43103 0
1740985665 43186 0
1740985667 43274 0
1740985669 43174 0
1740985671 43234 0
1740985673 43274 0
1740985675 43129 0
1740985677 43206 0
1740985680 43072 0
1740985682 43178 0
1740985684 43355 0
1740985686 43243 0
1740985688 43155 0
1740985690 42983 0
1740985692 43010 0
1740985694 43079 0
1740985696 42925 0
1740985698 43014 0
1740985700 43114 0
1740985702 43089 0
1740985704 43194 0
1740985706 43191 0
1740985708 43241 0
1740985710 43249 0
1740985712 43209 0
1740985714 43234 0
1740985716 43159 0
1740985718 43250 0
1740985720 43281 0
1740985722 43285 0
1740985724 43434 0
1740985727 43193 0
1740985729 43230 0
1740985731 43081 0
1740985733 43192 0
1740985735 42966 0
1740985737 43379 0
1740985739 43132 0
1740985741 43211 0
1740985743 43608 0
1740985745 43111 0
1740985747 43158 0
1740985749 43091 0
1740985751 43164 0
1740985753 43378 0
1740985755 43540 0
1740985757 43430 0
1740985759 43356 0
1740985761 43430 0
1740985763 43351 0
1740985765 43284 0
1740985767 43260 0
1740985769 43276 0
1740985771 43170 0
1740985774 43145 0
1740985776 43526 0
1740985778 43231 0
1740985780 43213 0
1740985782 43201 0
1740985784 43330 0
1740985786 43157 0
1740985788 43223 0
1740985790 43080 0
1740985792 43146 0
1740985794 42922 0
1740985796 42803 0
1740985798 43019 0
1740985800 42889 0
1740985802 42889 0
1740985804 42909 0
1740985806 43047 0
1740985808 42868 0
1740985810 43129 0
1740985812 43059 0
1740985814 43140 0
1740985816 43015 0
1740985819 43218 0
1740985821 43236 0
1740985823 43315 0
1740985825 43059 0
1740985827 43016 0
1740985829 42958 0
1740985831 43088 0
1740985833 43124 0
1740985835 42824 0
1740985837 43063 0
1740985839 42929 0
1740985841 42940 0
1740985843 42902 0
1740985845 43026 0
1740985847 42745 0
1740985849 43279 0
1740985851 43048 0
1740985853 43044 0
1740985855 43083 0
1740985857 43095 0
1740985859 43033 0
1740985861 42923 0
1740985863 43224 0
1740985866 43069 0
1740985868 43096 0
1740985870 42854 0
1740985872 42942 0
1740985874 42973 0
1740985876 43014 0
1740985878 43050 0
1740985880 43148 0
1740985882 43047 0
1740985884 43117 0
1740985886 42991 0
1740985888 43112 0
1740985890 42971 0
1740985892 43051 0
1740985894 43160 0
1740985896 43237 0
1740985898 43165 0
1740985900 43018 0
1740985902 42885 0
1740985904 42837 0
1740985906 42977 0
1740985908 43115 0
1740985910 43104 0
1740985913 43368 0
1740985915 43232 0
1740985917 42962 0
1740985919 43212 0
1740985921 42938 0
1740985923 43068 0
1740985925 42987 0
1740985927 42927 0
1740985929 43415 0
1740985931 43120 0
1740985933 43095 0
1740985935 43042 0
1740985937 43056 0
1740985939 43036 0
1740985941 43118 0
1740985943 43052 0
1740985945 42958 0
1740985947 42914 0
1740985949 42861 0
1740985951 42846 0
1740985953 42970 0
1740985955 42931 0
1740985957 42931 0
1740985960 43078 0
1740985962 43239 0
1740985964 43040 0
1740985966 43193 0
1740985968 43455 0
1740985970 43392 0
1740985972 43399 0
1740985974 43118 0
1740985976 43063 0
1740985978 43202 0
1740985980 43072 0
1740985982 43037 0
1740985984 43236 0
1740985986 43434 0
1740985988 43371 0
1740985990 43415 0
1740985992 43253 0
1740985994 43109 0
1740985996 43214 0
1740985998 43201 0
1740986000 43164 0
1740986002 43159 0
1740986005 43235 0
1740986007 43329 0
1740986009 43179 0
1740986011 43431 0
1740986013 43078 0
1740986015 43264 0
1740986017 43061 0
1740986019 43120 0
1740986021 42838 0
1740986023 42955 0
1740986025 43061 0
1740986027 43218 0
1740986029 43255 0
1740986031 43305 0
1740986033 43455 0
1740986035 43666 0
1740986037 43779 0
1740986039 43698 0
1740986041 43429 0
1740986043 43551 0
1740986045 43403 0
1740986047 43449 0
1740986049 43374 0
1740986052 43506 0
1740986054 43643 0
1740986056 43936 0
1740986058 43924 0
1740986060 43317 0
1740986062 43112 0
1740986064 43354 0
1740986066 42995 0
1740986068 43278 0
1740986070 43241 0
1740986072 43162 0
1740986074 43363 0
1740986076 43548 0
1740986078 43257 0
1740986080 43125 0
1740986082 43105 0
1740986084 43036 0
1740986086 43121 0
1740986088 43168 0
1740986090 43164 0
1740986092 43089 0
1740986094 43051 0
1740986096 42868 0
1740986099 43001 0
1740986101 43061 0
1740986103 43038 0
1740986105 43261 0
1740986107 43267 0
1740986109 43126 0
1740986111 43001 0
1740986113 43231 0
1740986115 43038 0
1740986117 42918 0
1740986119 43174 0
1740986121 43127 0
1740986123 43186 0
1740986125 43062 0
1740986127 43201 0
1740986129 43089 0
1740986131 43073 0
1740986133 43025 0
1740986135 43549 0
1740986137 43334 0
1740986139 43578 0
1740986141 43453 0
1740986144 43306 0
1740986146 43231 0
1740986148 43182 0
1740986150 43101 0
1740986152 43161 0
1740986154 43075 0
1740986156 42992 0
1740986158 42961 0
1740986160 43028 0
1740986162 43103 0
1740986164 43276 0
1740986166 43028 0
1740986168 43012 0
1740986170 43030 0
1740986172 42921 0
1740986174 42961 0
1740986176 42967 0
1740986178 42919 0
1740986180 42973 0
1740986182 42994 0
1740986184 42938 0
1740986186 42906 0
1740986188 42992 0
1740986191 43016 0
1740986193 43024 0
1740986195 43009 0
1740986197 42871 0
1740986199 43199 0
1740986201 43008 0
1740986203 43043 0
1740986205 43262 0
1740986207 43195 0
1740986209 43441 0
1740986211 43643 0
1740986213 43880 0
1740986215 43497 0
1740986217 43508 0
1740986219 43602 0
1740986221 43100 0
1740986223 43271 0
1740986225 43324 0
1740986227 42978 0
1740986229 43067 0
1740986231 42904 0
1740986234 42889 0
1740986236 43079 0
1740986238 43087 0
1740986240 42884 0
1740986242 42975 0
1740986244 43060 0
1740986246 43268 0
1740986248 43420 0
1740986250 43209 0
1740986252 43195 0
1740986254 43391 0
1740986256 43246 0
1740986258 43161 0
1740986260 43427 0
1740986262 43616 0
1740986264 43356 0
1740986266 43790 0
1740986268 43382 0
1740986270 43328 0
1740986272 43070 0
1740986274 43080 0
1740986276 43147 0
1740986279 42992 0
1740986281 43140 0
1740986283 43122 0
1740986285 43192 0
1740986287 43384 0
1740986289 43171 0
1740986291 43053 0
1740986293 43052 0
1740986295 43130 0
1740986297 43284 0
1740986299 43195 0
1740986301 43308 0
1740986303 43297 0
1740986305 43321 0
1740986307 43460 0
1740986309 43562 0
1740986311 43271 0
1740986313 43212 0
1740986315 43063 0
1740986317 43071 0
1740986319 43019 0
1740986321 43232 0
1740986324 43396 0
1740986326 43365 0
1740986328 42914 0
1740986330 42989 0
1740986332 43051 0
1740986334 43238 0
1740986336 43273 0
1740986338 43329 0
1740986340 43158 0
1740986342 43086 0
1740986344 42976 0
1740986346 42949 0
1740986348 42994 0
1740986350 43018 0
1740986352 43379 0
1740986354 43321 0
1740986356 43329 0
1740986358 43226 0
1740986360 43056 0
1740986362 43153 0
1740986364 43022 0
1740986366 43008 0
1740986368 42875 0
1740986371 43033 0
1740986373 43127 0
1740986375 43541 0
1740986377 43163 0
1740986379 43116 0
1740986381 43203 0
1740986383 43247 0
1740986385 43266 0
1740986387 43100 0
1740986389 43185 0
1740986391 43720 0
1740986393 43154 0
1740986395 43086 0
1740986397 43223 0
1740986399 43243 0
1740986401 43064 0
1740986403 43109 0
1740986405 42998 0
1740986407 43030 0
1740986409 43089 0
1740986411 43026 0
1740986413 43263 0
1740986415 42998 0
1740986418 43054 0
1740986420 42830 0
1740986422 42913 0
1740986424 42980 0
1740986426 42836 0
1740986428 42876 0
1740986430 43038 0
1740986432 43172 0
1740986434 43147 0
1740986436 43036 0
1740986438 43093 0
1740986440 42947 0
1740986442 43296 0
1740986444 43504 0
1740986446 43424 0
1740986448 43157 0
1740986450 42979 0
1740986452 42956 0
1740986454 42862 0
1740986456 42850 0
1740986458 42788 0
1740986460 42793 0
1740986463 42833 0
1740986465 42838 0
1740986467 42943 0
1740986469 42945 0
1740986471 42822 0
1740986473 42829 0
1740986475 42850 0
1740986477 42836 0
1740986479 43425 0
1740986481 43920 0
1740986483 43583 0
1740986485 43000 0
1740986487 42800 0
1740986489 42887 0
1740986491 42920 0
1740986493 42933 0
1740986495 43005 0
1740986497 43104 0
1740986499 43175 0
1740986501 43146 0
1740986503 43355 0
1740986505 43479 0
1740986507 43568 0
1740986510 43611 0
1740986512 43696 0
1740986514 43609 0
1740986516 43444 0
1740986518 43447 0
1740986520 43284 0
1740986522 43258 0
1740986524 43123 0
1740986526 43198 0
1740986528 43148 0
1740986530 42990 0
1740986532 42823 0
1740986534 42900 0
1740986536 43248 0
1740986538 43408 0
1740986540 43297 0
1740986542 43100 0
1740986544 43002 0
1740986546 43005 0
1740986548 42953 0
1740986550 42994 0
1740986552 43046 0
1740986555 43035 0
1740986557 43052 0
1740986559 43154 0
1740986561 43159 0
1740986563 43346 0
1740986565 43327 0
1740986567 43195 0
1740986569 43302 0
1740986571 43364 0
1740986573 43284 0
1740986575 43036 0
1740986577 43097 0
1740986579 43174 0
1740986581 43282 0
1740986583 43188 0
1740986585 43081 0
1740986587 43176 0
1740986589 42988 0
1740986591 42986 0
1740986593 43014 0
1740986595 43052 0
1740986597 43047 0
1740986600 42910 0
1740986602 42920 0
1740986604 42896 0
1740986606 42923 0
1740986608 43015 0
1740986610 42909 0
1740986612 42935 0
1740986614 42883 0
1740986616 42905 0
1740986618 43097 0
1740986620 42984 0
1740986622 43028 0
1740986624 43056 0
1740986626 43117 0
1740986628 43135 0
1740986630 43239 0
1740986632 43160 0
1740986634 43247 0
1740986636 43134 0
1740986638 43195 0
1740986640 43098 0
1740986642 43291 0
1740986645 43281 0
1740986647 43345 0
1740986649 43262 0
1740986651 43441 0
1740986653 43254 0
1740986655 43428 0
1740986657 43481 0
1740986659 43291 0
1740986661 43447 0
1740986663 43326 0
1740986665 43312 0
1740986667 43123 0
1740986669 43382 0
1740986671 43453 0
1740986673 43503 0
1740986675 43402 0
1740986677 43321 0
1740986679 43424 0
1740986681 43473 0
1740986683 43733 0
1740986685 43789 0
1740986687 43469 0
1740986689 43033 0
1740986692 43042 0
1740986694 43026 0
1740986696 43014 0
1740986698 42961 0
1740986700 43016 0
1740986702 43010 0
1740986704 43119 0
1740986706 43264 0
1740986708 43339 0
1740986710 43310 0
1740986712 43347 0
1740986714 43352 0
1740986716 43390 0
1740986718 43159 0
1740986720 43158 0
1740986722 43060 0
1740986724 43212 0
1740986726 43156 0
1740986728 43068 0
1740986730 43083 0
1740986732 43018 0
1740986734 42982 0
1740986736 42944 0
1740986739 43017 0
1740986741 43095 0
1740986743 43049 0
1740986745 42999 0
1740986747 43022 0
1740986749 43074 0
1740986751 43128 0
1740986753 43057 0
1740986755 43121 0
1740986757 43257 0
1740986759 43077 0
1740986761 43004 0
1740986763 43135 0
1740986765 42963 0
1740986767 43013 0
1740986769 42958 0
1740986771 43063 0
1740986773 43193 0
1740986775 43338 0
1740986777 43366 0
1740986779 43176 0
1740986781 43077 0
1740986784 43075 0
1740986786 43022 0
1740986788 42928 0
1740986790 42978 0
1740986792 42897 0
1740986794 42866 0
1740986796 42907 0
1740986798 42930 0
1740986800 42998 0
1740986802 42838 0
1740986804 42830 0
1740986806 42914 0
1740986808 42897 0
1740986810 43124 0
1740986812 43166 0
1740986814 43078 0
1740986816 42846 0
1740986818 43069 0
1740986820 43169 0
1740986822 43126 0
1740986824 43061 0
1740986826 43136 0
1740986828 43235 0
1740986831 43220 0
1740986833 43137 0
1740986835 43148 0
1740986837 43131 0
1740986839 43254 0
1740986841 43281 0
1740986843 43390 0
1740986845 43206 0
1740986847 43225 0
1740986849 43211 0
1740986851 42986 0
1740986853 43057 0
1740986855 43065 0
1740986857 43061 0
1740986859 42928 0
1740986861 43009 0
1740986863 42983 0
1740986865 43117 0
1740986867 43044 0
1740986869 43048 0
1740986871 43088 0
1740986873 43100 0
1740986875 43022 0
1740986878 42985 0
1740986880 43113 0
1740986882 43093 0
1740986884 43180 0
1740986886 43075 0
1740986888 42979 0
1740986890 43068 0
1740986892 43025 0
1740986894 43023 0
1740986896 43112 0
1740986898 43042 0
1740986900 43146 0
1740986902 43213 0
1740986904 43282 0
1740986906 43447 0
1740986908 43309 0
1740986910 43195 0
1740986912 42904 0
1740986914 43025 0
1740986916 42874 0
1740986918 42952 0
1740986920 42955 0
1740986923 42897 0
1740986925 42939 0
1740986927 43010 0
1740986929 43211 0
1740986931 43279 0
1740986933 42979 0
1740986935 42993 0
1740986937 42993 0
1740986939 43332 0
1740986941 43384 0
1740986943 43142 0
1740986945 42832 0
1740986947 42931 0
1740986949 43065 0
1740986951 43586 0
1740986953 43196 0
1740986955 43102 0
1740986957 43392 0
1740986959 43101 0
1740986961 42951 0
1740986963 43006 0
1740986965 42835 0
1740986967 42876 0
1740986970 42942 0
1740986972 42960 0
1740986974 42980 0
1740986976 43317 0
1740986978 43240 0
1740986980 43097 0
1740986982 43129 0
1740986984 43122 0
1740986986 43013 0
1740986988 42875 0
1740986990 42849 0
1740986992 43198 0
1740986994 43109 0
1740986996 42860 0
1740986998 42888 0
1740987000 42953 0
1740987002 43019 0
1740987004 42948 0
1740987006 42896 0
1740987008 43104 0
1740987010 43213 0
1740987012 43189 0
1740987014 43230 0
1740987017 43150 0
1740987019 43157 0
1740987021 43298 0
1740987023 43254 0
1740987025 43089 0
1740987027 43159 0
1740987029 43411 0
1740987031 43000 0
1740987033 42968 0
1740987035 43029 0
1740987037 43143 0
1740987039 43638 0
1740987041 43151 0
1740987043 42797 0
1740987045 42912 0
1740987047 42895 0
1740987049 43247 0
1740987051 42902 0
1740987053 42856 0
1740987055 42871 0
1740987057 42795 0
1740987059 42896 0
1740987062 42917 0
1740987064 42919 0
1740987066 42935 0
1740987068 43406 0
1740987070 43077 0
1740987072 42895 0
1740987074 42957 0
1740987076 43003 0
1740987078 42837 0
1740987080 42944 0
1740987082 42939 0
1740987084 42885 0
1740987086 43175 0
1740987088 43250 0
1740987090 43271 0
1740987092 43554 0
1740987094 43268 0
1740987096 43368 0
1740987098 43552 0
1740987100 43295 0
1740987102 43303 0
1740987104 43286 0
1740987106 43344 0
1740987109 43374 0
1740987111 43516 0
1740987113 43187 0
1740987115 43466 0
1740987117 43253 0
1740987119 43069 0
1740987121 43035 0
1740987123 43009 0
1740987125 43330 0
1740987127 43031 0
1740987129 42986 0
1740987131 43039 0
1740987133 43207 0
1740987135 43163 0
1740987137 43499 0
1740987139 43350 0
1740987141 43101 0
1740987143 43301 0
1740987145 43183 0
1740987147 43075 0
1740987149 43002 0
1740987151 43008 0
1740987153 42915 0
1740987156 43313 0
1740987158 43312 0
1740987160 43019 0
1740987162 43077 0
1740987164 43055 0
1740987166 42906 0
1740987168 43385 0
1740987170 43150 0
1740987172 43101 0
1740987174 43095 0
1740987176 43192 0
1740987178 43296 0
1740987180 42861 0
1740987182 43091 0
1740987184 43172 0
1740987186 43053 0
1740987188 43217 0
1740987190 43188 0
1740987192 43170 0
1740987194 43059 0
1740987196 43065 0
1740987198 43216 0
1740987201 43002 0
1740987203 43123 0
1740987205 43045 0
1740987207 42884 0
1740987209 42913 0
1740987211 43179 0
1740987213 42920 0
1740987215 43043 0
1740987217 43051 0
1740987219 43074 0
1740987221 43306 0
1740987223 43338 0
1740987225 43423 0
1740987227 43134 0
1740987229 43114 0
1740987231 43106 0
1740987233 43052 0
1740987235 43091 0
1740987237 43352 0
1740987239 43025 0
1740987241 43054 0
1740987243 43069 0
1740987245 42916 0
1740987248 42965 0
1740987250 43026 0
1740987252 43029 0
1740987254 43294 0
1740987256 43194 0
1740987258 43408 0
1740987260 42985 0
1740987262 43062 0
1740987264 43053 0
1740987266 43336 0
1740987268 43297 0
1740987270 43100 0
1740987272 43272 0
1740987274 43047 0
1740987276 43026 0
1740987278 43262 0
1740987280 43193 0
1740987282 43050 0
1740987284 42967 0
1740987286 42916 0
1740987288 42992 0
1740987290 43082 0
1740987292 42937 0
1740987295 43047 0
1740987297 43070 0
1740987299 43074 0
1740987301 43228 0
1740987303 43076 0
1740987305 42881 0
1740987307 43025 0
1740987309 42932 0
1740987311 42959 0
1740987313 42934 0
1740987315 43274 0
1740987317 43047 0
1740987319 43097 0
1740987321 42961 0
1740987323 42990 0
1740987325 43060 0
1740987327 43196 0
1740987329 43062 0
1740987331 43256 0
1740987333 43090 0
1740987335 43021 0
1740987337 43272 0
1740987339 43204 0
1740987342 43415 0
1740987344 43378 0
1740987346 43603 0
1740987348 43598 0
1740987350 43589 0
1740987352 43638 0
1740987354 43488 0
1740987356 43270 0
1740987358 43431 0
1740987360 43378 0
1740987362 43396 0
1740987364 43402 0
1740987366 43423 0
1740987368 43421 0
1740987370 43354 0
1740987372 43615 0
1740987374 43417 0
1740987376 43302 0
1740987378 43182 0
1740987380 43325 0
1740987382 43165 0
1740987384 43074 0
1740987386 43180 0
1740987389 43261 0
1740987391 43356 0
1740987393 43334 0
1740987395 40558 0
1740987397 39287 0
1740987399 39250 0
1740987401 39349 0
1740987403 39398 0
1740987405 39318 0
1740987407 39328 0
1740987409 39313 0
1740987411 39396 0
1740987413 39280 0
1740987415 39347 0
1740987417 39296 0
1740987419 39288 0
1740987421 39285 0
1740987423 39255 0
1740987425 39303 0
1740987427 39289 0
1740987429 39356 0
1740987431 39242 0
1740987434 39332 0
1740987436 39310 0
1740987438 39280 0
1740987440 39329 0
1740987442 39357 0
1740987444 39286 0
1740987446 39339 0
1740987448 39250 0
1740987450 39410 0
1740987452 43167 0
1740987454 43186 0
1740987456 43168 0
1740987458 43097 0
1740987460 43014 0
1740987462 43095 0
1740987464 42997 0
1740987466 43052 0
1740987468 43099 0
1740987470 43100 0
1740987472 43150 0
1740987474 43200 0
1740987476 43118 0
1740987478 43228 0
1740987480 43185 0
1740987483 43150 0
1740987485 43356 0
1740987487 43404 0
1740987489 43495 0
1740987491 43596 0
1740987493 43414 0
1740987495 43313 0
1740987497 43232 0
1740987499 43119 0
1740987501 43120 0
1740987503 43654 0
1740987505 43233 0
1740987507 43133 0
1740987509 43262 0
1740987511 43120 0
1740987513 43031 0
1740987515 43313 0
1740987517 43312 0
1740987519 43161 0
1740987521 43081 0
1740987523 43063 0
1740987525 43213 0
1740987528 43215 0
1740987530 43073 0
1740987532 43304 0
1740987534 43217 0
1740987536 43237 0
1740987538 43084 0
1740987540 43122 0
1740987542 43121 0
1740987544 43017 0
1740987546 43278 0
1740987548 43310 0
1740987550 43451 0
1740987552 43186 0
1740987554 43175 0
1740987556 43104 0
1740987558 43238 0
1740987560 43210 0
1740987562 43157 0
1740987564 43157 0
1740987566 43268 0
1740987568 43394 0
1740987570 43376 0
1740987572 43215 0
1740987575 43643 0
1740987577 43338 0
1740987579 43186 0
1740987581 43123 0
1740987583 43160 0
1740987585 43028 0
1740987587 43014 0
1740987589 43017 0
1740987591 42994 0
1740987593 42820 0
1740987595 43025 0
1740987597 43010 0
1740987599 42971 0
1740987601 42959 0
1740987603 43041 0
1740987605 43061 0
1740987607 42918 0
1740987609 43016 0
1740987611 43110 0
1740987613 43185 0
1740987615 43174 0
1740987617 43149 0
1740987619 43023 0
1740987622 43035 0
1740987624 42994 0
1740987626 43296 0
1740987628 43621 0
1740987630 43393 0
1740987632 43587 0
1740987634 43973 0
1740987636 43694 0
1740987638 43429 0
1740987640 43722 0
1740987642 43503 0
1740987644 43066 0
1740987646 43015 0
1740987648 43058 0
1740987650 43128 0
1740987652 42998 0
1740987654 43108 0
1740987656 43638 0
1740987658 43456 0
1740987660 43359 0
1740987662 43119 0
1740987664 43146 0
1740987667 43036 0
1740987669 42990 0
1740987671 43032 0
1740987673 42906 0
1740987675 42890 0
1740987677 42987 0
1740987679 42847 0
1740987681 42887 0
1740987683 42929 0
1740987685 42936 0
1740987687 42783 0
1740987689 43008 0
1740987691 43245 0
1740987693 43021 0
1740987695 43093 0
1740987697 42814 0
1740987699 42943 0
1740987701 42999 0
1740987703 42932 0
1740987705 42842 0
1740987707 42895 0
1740987709 42808 0
1740987712 42914 0
1740987714 42905 0
1740987716 43001 0
1740987718 43058 0
1740987720 43257 0
1740987722 43168 0
1740987724 43040 0
1740987726 43027 0
1740987728 43220 0
1740987730 43397 0
1740987732 43160 0
1740987734 43076 0
1740987736 43349 0
1740987738 43075 0
1740987740 43040 0
1740987742 43045 0
1740987744 43074 0
1740987746 43012 0
1740987748 43083 0
1740987750 43002 0
1740987752 42941 0
1740987754 42860 0
1740987756 42874 0
1740987759 42916 0
1740987761 42801 0
1740987763 42790 0
1740987765 42919 0
1740987767 43020 0
1740987769 42953 0
1740987771 42805 0
1740987773 42943 0
1740987775 42940 0
1740987777 42930 0
1740987779 43046 0
1740987781 42979 0
1740987783 42978 0
1740987785 42947 0
1740987787 43022 0
1740987789 43092 0
1740987791 42910 0
1740987793 42941 0
1740987795 43100 0
1740987797 43109 0
1740987799 43097 0
1740987801 42916 0
1740987803 42875 0
1740987806 42931 0
1740987808 42829 0
1740987810 42951 0
1740987812 43111 0
1740987814 42789 0
1740987816 42929 0
1740987818 42991 0
1740987820 42936 0
1740987822 43000 0
1740987824 42897 0
1740987826 42904 0
1740987828 42945 0
1740987830 43146 0
1740987832 42881 0
1740987834 42836 0
1740987836 42851 0
1740987838 42873 0
1740987840 42862 0
1740987842 43099 0
1740987844 43005 0
1740987846 42843 0
1740987848 42839 0
1740987851 42848 0
1740987853 42794 0
1740987855 42805 0
1740987857 42949 0
1740987859 42927 0
1740987861 42767 0
1740987863 42871 0
1740987865 42881 0
1740987867 43007 0
1740987869 42886 0
1740987871 42946 0
1740987873 42840 0
1740987875 42961 0
1740987877 42887 0
1740987879 42897 0
1740987881 43001 0
1740987883 42898 0
1740987885 42944 0
1740987887 42957 0
1740987889 42930 0
1740987891 42989 0
1740987893 42945 0
1740987895 42990 0
1740987898 42950 0
1740987900 43032 0
1740987902 42961 0
1740987904 43068 0
1740987906 42981 0
1740987908 43051 0
1740987910 43194 0
1740987912 43236 0
1740987914 43537 0
1740987916 43849 0
1740987918 44272 0
1740987920 44268 0
1740987922 43504 0
1740987924 43311 0
1740987926 43334 0
1740987928 43166 0
1740987930 43372 0
1740987932 43809 0
1740987934 43814 0
1740987936 43421 0
1740987938 43272 0
1740987940 43330 0
1740987943 43427 0
1740987945 43596 0
1740987947 43498 0
1740987949 43613 0
1740987951 43767 0
1740987953 43679 0
1740987955 43898 0
1740987957 43872 0
1740987959 43895 0
1740987961 43876 0
1740987963 43634 0
1740987965 43871 0
1740987967 44215 0
1740987969 43402 0
1740987971 43662 0
1740987973 43722 0
1740987975 43706 0
1740987977 43692 0
1740987979 43506 0
1740987981 43627 0
1740987983 44018 0
1740987985 43858 0
1740987987 43773 0
1740987990 43775 0
1740987992 43670 0
1740987994 43556 0
1740987996 43499 0
1740987998 43302 0
1740988000 43381 0
1740988002 43564 0
1740988004 43890 0
1740988006 43783 0
1740988008 43569 0
1740988010 43270 0
1740988012 43337 0
1740988014 43316 0
1740988016 43451 0
1740988018 43410 0
1740988020 43408 0
1740988022 43229 0
1740988024 43216 0
1740988026 43190 0
1740988028 43139 0
1740988030 43098 0
1740988032 43094 0
1740988035 43134 0
1740988037 43231 0
1740988039 43115 0
1740988041 43212 0
1740988043 43215 0
1740988045 43342 0
1740988047 43223 0
1740988049 43378 0
1740988051 43384 0
1740988053 43307 0
1740988055 43220 0
1740988057 43407 0
1740988059 43235 0
1740988061 43395 0
1740988063 43297 0
1740988065 43318 0
1740988067 43406 0
1740988069 43268 0
1740988071 43317 0
1740988073 43289 0
1740988075 43157 0
1740988077 43218 0
1740988079 43227 0
1740988082 43146 0
1740988084 43354 0
1740988086 43679 0
1740988088 43421 0
1740988090 43216 0
1740988092 43315 0
1740988094 43425 0
1740988096 43389 0
1740988098 43414 0
1740988100 43330 0
1740988102 43230 0
1740988104 43373 0
1740988106 43290 0
1740988108 43540 0
1740988110 43269 0
1740988112 43354 0
1740988114 43349 0
1740988116 43278 0
1740988118 43290 0
1740988120 43336 0
1740988122 43176 0
1740988124 43171 0
1740988127 43267 0
1740988129 43427 0
1740988131 43424 0
1740988133 43715 0
1740988135 44036 0
1740988137 44120 0
1740988139 43672 0
1740988141 43795 0
1740988143 43541 0
1740988145 43549 0
1740988147 43582 0
1740988149 43529 0
1740988151 43424 0
1740988153 43567 0
1740988155 43409 0
1740988157 43535 0
1740988159 43495 0
1740988161 43612 0
1740988163 43903 0
1740988165 43186 0
1740988167 43215 0
1740988169 43299 0
1740988171 43094 0
1740988174 43153 0
1740988176 43203 0
1740988178 43399 0
1740988180 43435 0
1740988182 43575 0
1740988184 44169 0
1740988186 43405 0
1740988188 43483 0
1740988190 43571 0
1740988192 43680 0
1740988194 43521 0
1740988196 43414 0
1740988198 43614 0
1740988200 43510 0
1740988202 43254 0
1740988204 43202 0
1740988206 43222 0
1740988208 43245 0
1740988210 43241 0
1740988212 43278 0
1740988214 43559 0
1740988216 43244 0
1740988218 43138 0
1740988221 43215 0
1740988223 43082 0
1740988225 43283 0
1740988227 43114 0
1740988229 43476 0
1740988231 43430 0
1740988233 43211 0
1740988235 43745 0
1740988237 43369 0
1740988239 43339 0
1740988241 43544 0
1740988243 43217 0
1740988245 43284 0
1740988247 43685 0
1740988249 44053 0
1740988251 44118 0
1740988253 44015 0
1740988255 44109 0
1740988257 44911 0
1740988259 43734 0
1740988261 43478 0
1740988263 43295 0
1740988266 43301 0
1740988268 43296 0
1740988270 43573 0
1740988272 43528 0
1740988274 43595 0
1740988276 43423 0
1740988278 43338 0
1740988280 43397 0
1740988282 43245 0
1740988284 43214 0
1740988286 43697 0
1740988288 43449 0
1740988290 43343 0
1740988292 43200 0
1740988294 43146 0
1740988296 43202 0
1740988298 43412 0
1740988300 43743 0
1740988302 43692 0
1740988304 44376 0
1740988306 43905 0
1740988308 43648 0
1740988310 43609 0
1740988313 43621 0
1740988315 43406 0
1740988317 43268 0
1740988319 43224 0
1740988321 43172 0
1740988323 43098 0
1740988325 43230 0
1740988327 43390 0
1740988329 43250 0
1740988331 44149 0
1740988333 43423 0
1740988335 43420 0
1740988337 43458 0
1740988339 43444 0
1740988341 43780 0
1740988343 43881 0
1740988345 43367 0
1740988347 43558 0
1740988349 43883 0
1740988351 43377 0
1740988353 43430 0
1740988355 43459 0
1740988358 43357 0
1740988360 43245 0
1740988362 43219 0
1740988364 43434 0
1740988366 43573 0
1740988368 43787 0
1740988370 43244 0
1740988372 43179 0
1740988374 43217 0
1740988376 43261 0
1740988378 43144 0
1740988380 43708 0
1740988382 43808 0
1740988384 43463 0
1740988386 43342 0
1740988388 43278 0
1740988390 43275 0
1740988392 43504 0
1740988394 43477 0
1740988396 43617 0
1740988398 43677 0
1740988400 43449 0
1740988402 43598 0
1740988405 43382 0
1740988407 43345 0
1740988409 43305 0
1740988411 43490 0
1740988413 43346 0
1740988415 43404 0
1740988417 43491 0
1740988419 44146 0
1740988421 43460 0
1740988423 43519 0
1740988425 43594 0
1740988427 43649 0
1740988429 43467 0
1740988431 43433 0
1740988433 43335 0
1740988435 43837 0
1740988437 43306 0
1740988439 43299 0
1740988441 43424 0
1740988443 43231 0
1740988445 43074 0
1740988447 43203 0
1740988449 43779 0
1740988452 43458 0
1740988454 43369 0
1740988456 43225 0
1740988458 43398 0
1740988460 43205 0
1740988462 43089 0
1740988464 43132 0
1740988466 43258 0
1740988468 43095 0
1740988470 43140 0
1740988472 43101 0
1740988474 43241 0
1740988476 43403 0
1740988478 43602 0
1740988480 43760 0
1740988482 43489 0
1740988484 43400 0
1740988486 43263 0
1740988488 43166 0
1740988490 43400 0
1740988492 43243 0
1740988494 43106 0
1740988496 43196 0
1740988499 43225 0
1740988501 43371 0
1740988503 43429 0
1740988505 43231 0
1740988507 43244 0
1740988509 43442 0
1740988511 43269 0
1740988513 43301 0
1740988515 43232 0
1740988517 43287 0
1740988519 43405 0
1740988521 43378 0
1740988523 43509 0
1740988525 43748 0
1740988527 43454 0
1740988529 43527 0
1740988531 43751 0
1740988533 43403 0
1740988535 43836 0
1740988537 43700 0
1740988539 43869 0
1740988541 44136 0
1740988544 43551 0
1740988546 43278 0
1740988548 43473 0
1740988550 43546 0
1740988552 43490 0
1740988554 43642 0
1740988556 43569 0
1740988558 43483 0
1740988560 43355 0
1740988562 43471 0
1740988564 43246 0
1740988566 43424 0
1740988568 43406 0
1740988570 44266 0
1740988572 43708 0
1740988574 43652 0
1740988576 43571 0
1740988578 43469 0
1740988580 43235 0
1740988582 43582 0
1740988584 43389 0
1740988586 43741 0
1740988588 44227 0
1740988591 43629 0
1740988593 43794 0
1740988595 43397 0
1740988597 43385 0
1740988599 43500 0
1740988601 43811 0
1740988603 43663 0
1740988605 43645 0
1740988607 43741 0
1740988609 43437 0
1740988611 43358 0
1740988613 43388 0
1740988615 43439 0
1740988617 43470 0
1740988619 43382 0
1740988621 43306 0
1740988623 43415 0
1740988625 43317 0
1740988627 43239 0
1740988629 43600 0
1740988631 43536 0
1740988633 43415 0
1740988635 43298 0
1740988638 43243 0
1740988640 43308 0
1740988642 43288 0
1740988644 43164 0
1740988646 43214 0
1740988648 43372 0
1740988650 43269 0
1740988652 43380 0
1740988654 43260 0
1740988656 43481 0
1740988658 43533 0
1740988660 43464 0
1740988662 43493 0
1740988664 43470 0
1740988666 43465 0
1740988668 43441 0
1740988670 43547 0
1740988672 44178 0
1740988674 43795 0
1740988676 44068 0
1740988678 43584 0
1740988680 43803 0
1740988683 44091 0
1740988685 43667 0
1740988687 43434 0
1740988689 43822 0
1740988691 43641 0
1740988693 43616 0
1740988695 43582 0
1740988697 43567 0
1740988699 43772 0
1740988701 44319 0
1740988703 43760 0
1740988705 43474 0
1740988707 43552 0
1740988709 43669 0
1740988711 44178 0
1740988713 44130 0
1740988715 44016 0
1740988717 43966 0
1740988719 43691 0
1740988721 43277 0
1740988723 43481 0
1740988725 43380 0
1740988727 43436 0
1740988730 43570 0
1740988732 43627 0
1740988734 43835 0
1740988736 43532 0
1740988738 43597 0
1740988740 43645 0
1740988742 43661 0
1740988744 43594 0
1740988746 43569 0
1740988748 43485 0
1740988750 43496 0
1740988752 43411 0
1740988754 43607 0
1740988756 43531 0
1740988758 43280 0
1740988760 43343 0
1740988762 43435 0
1740988764 43390 0
1740988766 43237 0
1740988768 43303 0
1740988770 43120 0
1740988772 43284 0
1740988774 43410 0
1740988777 43190 0
1740988779 43325 0
1740988781 43334 0
1740988783 43237 0
1740988785 43143 0
1740988787 43099 0
1740988789 43211 0
1740988791 43297 0
1740988793 43242 0
1740988795 43229 0
1740988797 43120 0
1740988799 43020 0
1740988801 43204 0
1740988803 43158 0
1740988805 43218 0
1740988807 43417 0
1740988809 43221 0
1740988811 43229 0
1740988813 43163 0
1740988815 43199 0
1740988817 43115 0
1740988819 43270 0
1740988822 43332 0
1740988824 43151 0
1740988826 43092 0
1740988828 43185 0
1740988830 43164 0
1740988832 43219 0
1740988834 43055 0
1740988836 43167 0
1740988838 43301 0
1740988840 43182 0
1740988842 43143 0
1740988844 43105 0
1740988846 43088 0
1740988848 43309 0
1740988850 43217 0
1740988852 43419 0
1740988854 43249 0
1740988856 43278 0
1740988858 43187 0
1740988860 43174 0
1740988862 43229 0
1740988864 43220 0
1740988866 43224 0
1740988869 43113 0
1740988871 43188 0
1740988873 43468 0
1740988875 43280 0
1740988877 43239 0
1740988879 43237 0
1740988881 43267 0
1740988883 43311 0
1740988885 43360 0
1740988887 43324 0
1740988889 43250 0
1740988891 43395 0
1740988893 43498 0
1740988895 43480 0
1740988897 43383 0
1740988899 43557 0
1740988901 43533 0
1740988903 43880 0
1740988905 43529 0
1740988907 43462 0
1740988909 43200 0
1740988911 43275 0
1740988914 43373 0
1740988916 43196 0
1740988918 43357 0
1740988920 43246 0
1740988922 43347 0
1740988924 43244 0
1740988926 43363 0
1740988928 43475 0
1740988930 43271 0
1740988932 43540 0
1740988934 44254 0
1740988936 43684 0
1740988938 43404 0
1740988940 43285 0
1740988942 43321 0
1740988944 43371 0
1740988946 43202 0
1740988948 43428 0
1740988950 43447 0
1740988952 43350 0
1740988954 43515 0
1740988956 43380 0
1740988958 43305 0
1740988961 43513 0
1740988963 43429 0
1740988965 43284 0
1740988967 43143 0
1740988969 43391 0
1740988971 43188 0
1740988973 43238 0
1740988975 43122 0
1740988977 43391 0
1740988979 43281 0
1740988981 43202 0
1740988983 43231 0
1740988985 43422 0
1740988987 43872 0
1740988989 43683 0
1740988991 43235 0
1740988993 43293 0
1740988995 43062 0
1740988997 43344 0
1740988999 43213 0
1740989001 43208 0
1740989003 43287 0
1740989006 43160 0
1740989008 43253 0
1740989010 43193 0
1740989012 43154 0
1740989014 43184 0
1740989016 43165 0
1740989018 43173 0
1740989020 43124 0
1740989022 43167 0
1740989024 43030 0
1740989026 42987 0
1740989028 43104 0
1740989030 43042 0
1740989032 43273 0
1740989034 43099 0
1740989036 43063 0
1740989038 43145 0
1740989040 43110 0
1740989042 43178 0
1740989044 43101 0
1740989046 43010 0
1740989048 43062 0
1740989050 43047 0
1740989053 43427 0
1740989055 43209 0
1740989057 42991 0
1740989059 43112 0
1740989061 43062 0
1740989063 43143 0
1740989065 43160 0
1740989067 43089 0
1740989069 43143 0
1740989071 43292 0
1740989073 43386 0
1740989075 43634 0
1740989077 43735 0
1740989079 43219 0
1740989081 43024 0
1740989083 43243 0
1740989085 43235 0
1740989087 43144 0
1740989089 43464 0
1740989091 43108 0
1740989093 43179 0
1740989095 43132 0
1740989098 43273 0
1740989100 43491 0
1740989102 43458 0
1740989104 43402 0
1740989106 43399 0
1740989108 43233 0
1740989110 43308 0
1740989112 43404 0
1740989114 43439 0
1740989116 43362 0
1740989118 43150 0
1740989120 43162 0
1740989122 43160 0
1740989124 43137 0
1740989126 43223 0
1740989128 43340 0
1740989130 43217 0
1740989132 43457 0
1740989134 44143 0
1740989136 44263 0
1740989138 43916 0
1740989140 43262 0
1740989142 43324 0
1740989145 43297 0
1740989147 43341 0
1740989149 43205 0
1740989151 43273 0
1740989153 43362 0
1740989155 43201 0
1740989157 43327 0
1740989159 43561 0
1740989161 43507 0
1740989163 43597 0
1740989165 43286 0
1740989167 43379 0
1740989169 43221 0
1740989171 43451 0
1740989173 43714 0
1740989175 43337 0
1740989177 43165 0
1740989179 43134 0
1740989181 43116 0
1740989183 43214 0
1740989185 43133 0
1740989187 43125 0
1740989189 43203 0
1740989192 43203 0
1740989194 43170 0
1740989196 43217 0
1740989198 43092 0
1740989200 43167 0
1740989202 43165 0
1740989204 43167 0
1740989206 43149 0
1740989208 43140 0
1740989210 43078 0
1740989212 43128 0
1740989214 43162 0
1740989216 43201 0
1740989218 43091 0
1740989220 43267 0
1740989222 43313 0
1740989224 43581 0
1740989226 43281 0
1740989228 43328 0
1740989230 43253 0
1740989232 43143 0
1740989234 43094 0
1740989236 42907 0
1740989239 43115 0
1740989241 43129 0
1740989243 43016 0
1740989245 43017 0
1740989247 43207 0
1740989249 43060 0
1740989251 43106 0
1740989253 43243 0
1740989255 43086 0
1740989257 43156 0
1740989259 43222 0
1740989261 43322 0
1740989263 43337 0
1740989265 43379 0
1740989267 43358 0
1740989269 43365 0
1740989271 43361 0
1740989273 43425 0
1740989275 43264 0
1740989277 43379 0
1740989279 43416 0
1740989281 43463 0
1740989283 43301 0
1740989286 43291 0
1740989288 43322 0
1740989290 43348 0
1740989292 43348 0
1740989294 43475 0
1740989296 43501 0
1740989298 43436 0
1740989300 43306 0
1740989302 43360 0
1740989304 43376 0
1740989306 43313 0
1740989308 43323 0
1740989310 43397 0
1740989312 43679 0
1740989314 43694 0
1740989316 43541 0
1740989318 43691 0
1740989320 43700 0
1740989322 43772 0
1740989324 43720 0
1740989326 43334 0
1740989328 43209 0
1740989331 43394 0
1740989333 43440 0
1740989335 43398 0
1740989337 43406 0
1740989339 43583 0
1740989341 43498 0
1740989343 43252 0
1740989345 43347 0
1740989347 43801 0
1740989349 43315 0
1740989351 43522 0
1740989353 43710 0
1740989355 43484 0
1740989357 43627 0
1740989359 43365 0
1740989361 43338 0
1740989363 43551 0
1740989365 43702 0
1740989367 43344 0
1740989369 43297 0
1740989371 43425 0
1740989373 43638 0
1740989375 43610 0
1740989378 43489 0
1740989380 43597 0
1740989382 43594 0
1740989384 43637 0
1740989386 43560 0
1740989388 43372 0
1740989390 43419 0
1740989392 43401 0
1740989394 43379 0
1740989396 43473 0
1740989398 43477 0
1740989400 43289 0
1740989402 43369 0
1740989404 43571 0
1740989406 43619 0
1740989408 43410 0
1740989410 43979 0
1740989412 43700 0
1740989414 43580 0
1740989416 43348 0
1740989418 43583 0
1740989420 43681 0
1740989422 43513 0
1740989425 43371 0
1740989427 43286 0
1740989429 43461 0
1740989431 43405 0
1740989433 43272 0
1740989435 43462 0
1740989437 43391 0
1740989439 43261 0
1740989441 43310 0
1740989443 43390 0
1740989445 43220 0
1740989447 43375 0
1740989449 43435 0
1740989451 43307 0
1740989453 43364 0
1740989455 43204 0
1740989457 43443 0
1740989459 43494 0
1740989461 43496 0
1740989463 43385 0
1740989465 43279 0
1740989467 43231 0
1740989470 43289 0
1740989472 43263 0
1740989474 43345 0
1740989476 43217 0
1740989478 43314 0
1740989480 43409 0
1740989482 43523 0
1740989484 43429 0
1740989486 43591 0
1740989488 43420 0
1740989490 43542 0
1740989492 43316 0
1740989494 43531 0
1740989496 43497 0
1740989498 43554 0
1740989500 43479 0
1740989502 43407 0
1740989504 43608 0
1740989506 43359 0
1740989508 43458 0
1740989510 43408 0
1740989512 43220 0
1740989514 43349 0
1740989517 43291 0
1740989519 43317 0
1740989521 43377 0
1740989523 43471 0
1740989525 43440 0
1740989527 43309 0
1740989529 43391 0
1740989531 43354 0
1740989533 43391 0
1740989535 43357 0
1740989537 43276 0
1740989539 43285 0
1740989541 43440 0
1740989543 43370 0
1740989545 43497 0
1740989547 43435 0
1740989549 43276 0
1740989551 43452 0
1740989553 43375 0
1740989555 43321 0
1740989557 43384 0
1740989559 43402 0
1740989562 43419 0
1740989564 43261 0
1740989566 43300 0
1740989568 43479 0
1740989570 43433 0
1740989572 43242 0
1740989574 43289 0
1740989576 43316 0
1740989578 43679 0
1740989580 43397 0
1740989582 43438 0
1740989584 43391 0
1740989586 43478 0
1740989588 43416 0
1740989590 43281 0
1740989592 43391 0
1740989594 43491 0
1740989596 43442 0
1740989598 43409 0
1740989600 43334 0
1740989602 43317 0
1740989604 43340 0
1740989606 43504 0
1740989609 43393 0
1740989611 43272 0
1740989613 43352 0
1740989615 43512 0
1740989617 43473 0
1740989619 43416 0
1740989621 43468 0
1740989623 43355 0
1740989625 43408 0
1740989627 43367 0
1740989629 43408 0
1740989631 43268 0
1740989633 43296 0
1740989635 43440 0
1740989637 43397 0
1740989639 43402 0
1740989641 43476 0
1740989643 43430 0
1740989645 43392 0
1740989647 43527 0
1740989649 43420 0
1740989651 43347 0
1740989654 43467 0
1740989656 43222 0
1740989658 43426 0
1740989660 43585 0
1740989662 43368 0
1740989664 43529 0
1740989666 43436 0
1740989668 43408 0
1740989670 43524 0
1740989672 43541 0
1740989674 43540 0
1740989676 43660 0
1740989678 43577 0
1740989680 43750 0
1740989682 43566 0
1740989684 43501 0
1740989686 43508 0
1740989688 43793 0
1740989690 43485 0
1740989692 43492 0
1740989694 43499 0
1740989696 43511 0
1740989698 43732 0
1740989701 43509 0
1740989703 43633 0
1740989705 44025 0
1740989707 43746 0
1740989709 43765 0
1740989711 43872 0
1740989713 43651 0
1740989715 43671 0
1740989717 43341 0
1740989719 43370 0
1740989721 43370 0
1740989723 43292 0
1740989725 43480 0
1740989727 43369 0
1740989729 43514 0
1740989731 43376 0
1740989733 43275 0
1740989735 43488 0
1740989737 43419 0
1740989739 43483 0
1740989741 43424 0
1740989743 43494 0
1740989745 43417 0
1740989748 43410 0
1740989750 43483 0
1740989752 43712 0
1740989754 43621 0
1740989756 43805 0
1740989758 43304 0
1740989760 43864 0
1740989762 43629 0
1740989764 43645 0
1740989766 43832 0
1740989768 43430 0
1740989770 43721 0
1740989772 44114 0
1740989774 44031 0
1740989776 44003 0
1740989778 43878 0
1740989780 43599 0
1740989782 43446 0
1740989784 43883 0
1740989786 43602 0
1740989788 43656 0
1740989790 43663 0
1740989793 43674 0
1740989795 43885 0
1740989797 43671 0
1740989799 43485 0
1740989801 43635 0
1740989803 43762 0
1740989805 43864 0
1740989807 43717 0
1740989809 43711 0
1740989811 43651 0
1740989813 43663 0
1740989815 43693 0
1740989817 43723 0
1740989819 43918 0
1740989821 43631 0
1740989823 43552 0
1740989825 43548 0
1740989827 43673 0
1740989829 43648 0
1740989831 43764 0
1740989833 43635 0
1740989835 43698 0
1740989837 43825 0
1740989840 43988 0
1740989842 43665 0
1740989844 44219 0
1740989846 44591 0
1740989848 44487 0
1740989850 44178 0
1740989852 43801 0
1740989854 43730 0
1740989856 43822 0
1740989858 43945 0
1740989860 44316 0
1740989862 43822 0
1740989864 43992 0
1740989866 43726 0
1740989868 43441 0
1740989870 43545 0
1740989872 43566 0
1740989874 43589 0
1740989876 43704 0
1740989878 43606 0
1740989880 43708 0
1740989883 43784 0
1740989885 43691 0
1740989887 43642 0
1740989889 43650 0
1740989891 43541 0
1740989893 43864 0
1740989895 43647 0
1740989897 43684 0
1740989899 43724 0
1740989901 44113 0
1740989903 44172 0
1740989905 44199 0
1740989907 44263 0
1740989909 44167 0
1740989911 44485 0
1740989913 44254 0
1740989915 44201 0
1740989917 44553 0
1740989919 44257 0
1740989921 44216 0
1740989923 43826 0
1740989926 44092 0
1740989928 43618 0
1740989930 43741 0
1740989932 43582 0
1740989934 43494 0
1740989936 43783 0
1740989938 43448 0
1740989940 43474 0
1740989942 43855 0
1740989944 43482 0
1740989946 43576 0
1740989948 43625 0
1740989950 43542 0
1740989952 43689 0
1740989954 43991 0
1740989956 43832 0
1740989958 43845 0
1740989960 43808 0
1740989962 43873 0
1740989964 43717 0
1740989966 43580 0
1740989969 43965 0
1740989971 44144 0
1740989973 43955 0
1740989975 43830 0
1740989977 43766 0
1740989979 43350 0
1740989981 43470 0
1740989983 43317 0
1740989985 43914 0
1740989987 43560 0
1740989989 43487 0
1740989991 43535 0
1740989993 43612 0
1740989995 43618 0
1740989997 43638 0
1740989999 43377 0
1740990001 43549 0
1740990003 43449 0
1740990005 43349 0
1740990007 43404 0
1740990009 44332 0
1740990011 43363 0
1740990014 43432 0
1740990016 43514 0
1740990018 43635 0
1740990020 44862 0
1740990022 43942 0
1740990024 43943 0
1740990026 43626 0
1740990028 43947 0
1740990030 43735 0
1740990032 43595 0
1740990034 43678 0
1740990036 44633 0
1740990038 44013 0
1740990040 43975 0
1740990042 43876 0
1740990044 44173 0
1740990046 43644 0
1740990048 43761 0
1740990050 43665 0
1740990052 43462 0
1740990054 43349 0
1740990056 43363 0
1740990058 43752 0
1740990061 44241 0
1740990063 43470 0
1740990065 43555 0
1740990067 43585 0
1740990069 44057 0
1740990071 44469 0
1740990073 44553 0
1740990075 43914 0
1740990077 43817 0
1740990079 43659 0
1740990081 43602 0
1740990083 43496 0
1740990085 43945 0
1740990087 43992 0
1740990089 43659 0
1740990091 43307 0
1740990093 43579 0
1740990095 44038 0
1740990097 43572 0
1740990099 43534 0
1740990101 43672 0
1740990103 43536 0
1740990105 43463 0
1740990108 43321 0
1740990110 43620 0
1740990112 43435 0
1740990114 43401 0
1740990116 43374 0
1740990118 43486 0
1740990120 43581 0
1740990122 43476 0
1740990124 43989 0
1740990126 43948 0
1740990128 44216 0
1740990130 44369 0
1740990132 44234 0
1740990134 43766 0
1740990136 43639 0
1740990138 43592 0
1740990140 43868 0
1740990142 44013 0
1740990144 43801 0
1740990146 44169 0
1740990148 44025 0
1740990150 43487 0
1740990153 43536 0
1740990155 43550 0
1740990157 43514 0
1740990159 43596 0
1740990161 43774 0
1740990163 43950 0
1740990165 43756 0
1740990167 43622 0
1740990169 43417 0
1740990171 43513 0
1740990173 43562 0
1740990175 43756 0
1740990177 43535 0
1740990179 43416 0
1740990181 43231 0
1740990183 43407 0
1740990185 43434 0
1740990187 43645 0
1740990189 43289 0
1740990191 43536 0
1740990193 43675 0
1740990195 43690 0
1740990197 43547 0
1740990200 43399 0
1740990202 43368 0
1740990204 43307 0
1740990206 43444 0
1740990208 43444 0
1740990210 43809 0
1740990212 43954 0
1740990214 43694 0
1740990216 43596 0
1740990218 43229 0
1740990220 43409 0
1740990222 43456 0
1740990224 43495 0
1740990226 43216 0
1740990228 43184 0
1740990230 43417 0
1740990232 43421 0
1740990234 43577 0
1740990236 43461 0
1740990238 43814 0
1740990240 43416 0
1740990242 43744 0
1740990244 43961 0
1740990247 43984 0
1740990249 43771 0
1740990251 43478 0
1740990253 43401 0
1740990255 43386 0
1740990257 43430 0
1740990259 43449 0
1740990261 43308 0
1740990263 43503 0
1740990265 43533 0
1740990267 43585 0
1740990269 43559 0
1740990271 43510 0
1740990273 43427 0
1740990275 43638 0
1740990277 43660 0
1740990279 43485 0
1740990281 43590 0
1740990283 43359 0
1740990285 43691 0
1740990287 43407 0
1740990289 43238 0
1740990292 43373 0
1740990294 43607 0
1740990296 43368 0
1740990298 43405 0
1740990300 43275 0
1740990302 43259 0
1740990304 43289 0
1740990306 43349 0
1740990308 43345 0
1740990310 43390 0
1740990312 43680 0
1740990314 43677 0
1740990316 43330 0
1740990318 43389 0
1740990320 43307 0
1740990322 43346 0
1740990324 43358 0
1740990326 43683 0
1740990328 43431 0
1740990330 43646 0
1740990332 43399 0
1740990334 43931 0
1740990336 44007 0
1740990339 43638 0
1740990341 43835 0
1740990343 43340 0
1740990345 43554 0
1740990347 43515 0
1740990349 43646 0
1740990351 43402 0
1740990353 43324 0
1740990355 43280 0
1740990357 43207 0
1740990359 43418 0
1740990361 43255 0
1740990363 43479 0
1740990365 43491 0
1740990367 43563 0
1740990369 43725 0
1740990371 43883 0
1740990373 43865 0
1740990375 43653 0
1740990377 43350 0
1740990379 43471 0
1740990381 43844 0
1740990383 43697 0
1740990386 43714 0
1740990388 43656 0
1740990390 43420 0
1740990392 43491 0
1740990394 43738 0
1740990396 43605 0
1740990398 43537 0
1740990400 43855 0
1740990402 43793 0
1740990404 43650 0
1740990406 43492 0
1740990408 43425 0
1740990410 43679 0
1740990412 43523 0
1740990414 43336 0
1740990416 43522 0
1740990418 43539 0
1740990420 43674 0
1740990422 43906 0
1740990424 44202 0
1740990426 44111 0
1740990428 43937 0
1740990431 43764 0
1740990433 43816 0
1740990435 43731 0
1740990437 43603 0
1740990439 43614 0
1740990441 43486 0
1740990443 43650 0
1740990445 43482 0
1740990447 43239 0
1740990449 43537 0
1740990451 43475 0
1740990453 43864 0
1740990455 44253 0
1740990457 43788 0
1740990459 43999 0
1740990461 43725 0
1740990463 43556 0
1740990465 43845 0
1740990467 45201 0
1740990469 43916 0
1740990471 43702 0
1740990473 43324 0
1740990475 44031 0
1740990478 43776 0
1740990480 43707 0
1740990482 43815 0
1740990484 43836 0
1740990486 43977 0
1740990488 43294 0
1740990490 43574 0
1740990492 43716 0
1740990494 43792 0
1740990496 44395 0
1740990498 43977 0
1740990500 44315 0
1740990502 43703 0
1740990504 44094 0
1740990506 43432 0
1740990508 43666 0
1740990510 43421 0
1740990512 43709 0
1740990514 43831 0
1740990516 43400 0
1740990518 43367 0
1740990520 43311 0
1740990522 43279 0
1740990525 43619 0
1740990527 44237 0
1740990529 44133 0
1740990531 43433 0
1740990533 43965 0
1740990535 43774 0
1740990537 44106 0
1740990539 44733 0
1740990541 43814 0
1740990543 43342 0
1740990545 43526 0
1740990547 43874 0
1740990549 43586 0
1740990551 43713 0
1740990553 43467 0
1740990555 44784 0
1740990557 43976 0
1740990559 43631 0
1740990561 43249 0
1740990563 43350 0
1740990565 43277 0
1740990567 43201 0
1740990570 43138 0
1740990572 43249 0
1740990574 43398 0
1740990576 43293 0
1740990578 44287 0
1740990580 43706 0
1740990582 43200 0
1740990584 43618 0
1740990586 43796 0
1740990588 43789 0
1740990590 44665 0
1740990592 43916 0
1740990594 44416 0
1740990596 44792 0
1740990598 43939 0
1740990600 43822 0
1740990602 44427 0
1740990604 44641 0
1740990606 44252 0
1740990608 44186 0
1740990610 44451 0
1740990612 44289 0
1740990614 45180 0
1740990617 45363 0
1740990619 44758 0
1740990621 44125 0
1740990623 43934 0
1740990625 44351 0
1740990627 44427 0
1740990629 44731 0
1740990631 44217 0
1740990633 44657 0
1740990635 43727 0
1740990637 43780 0
1740990639 43696 0
1740990641 43515 0
1740990643 43589 0
1740990645 44227 0
1740990647 45515 0
1740990649 44314 0
1740990651 44888 0
1740990653 44393 0
1740990655 44264 0
1740990657 44059 0
1740990659 43743 0
1740990661 43758 0
1740990664 44469 0
1740990666 44276 0
1740990668 44217 0
1740990670 46238 0
1740990672 44559 0
1740990674 44230 0
1740990676 43966 0
1740990678 44142 0
1740990680 43996 0
1740990682 44128 0
1740990684 44348 0
1740990686 44629 0
1740990688 44794 0
1740990690 45386 0
1740990692 45525 0
1740990694 43843 0
1740990696 43863 0
1740990698 43849 0
1740990700 43895 0
1740990702 43774 0
1740990704 43854 0
1740990706 43800 0
1740990709 43630 0
1740990711 43813 0
1740990713 44410 0
1740990715 45039 0
1740990717 45024 0
1740990719 44700 0
1740990721 44240 0
1740990723 43590 0
1740990725 43659 0
1740990727 43548 0
1740990729 43603 0
1740990731 43468 0
1740990733 43539 0
1740990735 43546 0
1740990737 43459 0
1740990739 43408 0
1740990741 43375 0
1740990743 43601 0
1740990745 43371 0
1740990747 43521 0
1740990749 43620 0
1740990751 44351 0
1740990753 43327 0
1740990756 44091 0
1740990758 43347 0
1740990760 43278 0
1740990762 43149 0
1740990764 43122 0
1740990766 43130 0
1740990768 43166 0
1740990770 43125 0
1740990772 43254 0
1740990774 43108 0
1740990776 43243 0
1740990778 43203 0
1740990780 43211 0
1740990782 43278 0
1740990784 43254 0
1740990786 43192 0
1740990788 43334 0
1740990790 43453 0
1740990792 43353 0
1740990794 43339 0
1740990796 43652 0
1740990798 43188 0
1740990801 43122 0
1740990803 43420 0
1740990805 43525 0
1740990807 43288 0
1740990809 43272 0
1740990811 43224 0
1740990813 43105 0
1740990815 43091 0
1740990817 43211 0
1740990819 43206 0
1740990821 43248 0
1740990823 43375 0
1740990825 43513 0
1740990827 43507 0
1740990829 43527 0
1740990831 43804 0
1740990833 43529 0
1740990835 43659 0
1740990837 43477 0
1740990839 43510 0
1740990841 43507 0
1740990843 43250 0
1740990845 43414 0
1740990848 43091 0
1740990850 43172 0
1740990852 43190 0
1740990854 43223 0
1740990856 43119 0
1740990858 43164 0
1740990860 43208 0
1740990862 43244 0
1740990864 43179 0
1740990866 43084 0
1740990868 43236 0
1740990870 43079 0
1740990872 43238 0
1740990874 43330 0
1740990876 43294 0
1740990878 43198 0
1740990880 43170 0
1740990882 43265 0
1740990884 43282 0
1740990886 43349 0
1740990888 43445 0
1740990890 43366 0
1740990892 43476 0
1740990895 43507 0
1740990897 43405 0
1740990899 43333 0
1740990901 43593 0
1740990903 43569 0
1740990905 43604 0
1740990907 43503 0
1740990909 43548 0
1740990911 43384 0
1740990913 43434 0
1740990915 43245 0
1740990917 43177 0
1740990919 43255 0
1740990921 43377 0
1740990923 43138 0
1740990925 43433 0
1740990927 43390 0
1740990929 43394 0
1740990931 43185 0
1740990933 43296 0
1740990935 43346 0
1740990937 43391 0
1740990940 43517 0
1740990942 43378 0
1740990944 43348 0
1740990946 43439 0
1740990948 43481 0
1740990950 43312 0
1740990952 43445 0
1740990954 43424 0
1740990956 43322 0
1740990958 43365 0
1740990960 43698 0
1740990962 43529 0
1740990964 43553 0
1740990966 43860 0
1740990968 43902 0
1740990970 43787 0
1740990972 43914 0
1740990974 43802 0
1740990976 43803 0
1740990978 43983 0
1740990980 43798 0
1740990982 43916 0
1740990984 43800 0
1740990987 43714 0
1740990989 43979 0
1740990991 43865 0
1740990993 43733 0
1740990995 43768 0
1740990997 43889 0
1740990999 44001 0
1740991001 43900 0
1740991003 43901 0
1740991005 43798 0
1740991007 43957 0
1740991009 43782 0
1740991011 43927 0
1740991013 43789 0
1740991015 43832 0
1740991017 43953 0
1740991019 43735 0
1740991021 43368 0
1740991023 43366 0
1740991025 43295 0
1740991027 43408 0
1740991029 43414 0
1740991031 43444 0
1740991034 43377 0
1740991036 43329 0
1740991038 43342 0
1740991040 43403 0
1740991042 43550 0
1740991044 43627 0
1740991046 43166 0
1740991048 43035 0
1740991050 43127 0
1740991052 43270 0
1740991054 43272 0
1740991056 43621 0
1740991058 43412 0
1740991060 43385 0
1740991062 43315 0
1740991064 43455 0
1740991066 43316 0
1740991068 43318 0
1740991070 43237 0
1740991072 43299 0
1740991074 43301 0
1740991077 43211 0
1740991079 43185 0
1740991081 43506 0
1740991083 43565 0
1740991085 43391 0
1740991087 43296 0
1740991089 43480 0
1740991091 43564 0
1740991093 43474 0
1740991095 43323 0
1740991097 43424 0
1740991099 43374 0
1740991101 43481 0
1740991103 43329 0
1740991105 43332 0
1740991107 43170 0
1740991109 43220 0
1740991111 43296 0
1740991113 43826 0
1740991115 43307 0
1740991117 43162 0
1740991120 43345 0
1740991122 43209 0
1740991124 43346 0
1740991126 43147 0
1740991128 43422 0
1740991130 43387 0
1740991132 43635 0
1740991134 43340 0
1740991136 43417 0
1740991138 43332 0
1740991140 43257 0
1740991142 43286 0
1740991144 43270 0
1740991146 43185 0
1740991148 43239 0
1740991150 43334 0
1740991152 43370 0
1740991154 43242 0
1740991156 43640 0
1740991158 43234 0
1740991161 43337 0
1740991163 43258 0
1740991165 43534 0
1740991167 43434 0
1740991169 43331 0
1740991171 43587 0
1740991173 43337 0
1740991175 43538 0
1740991177 43353 0
1740991179 44057 0
1740991181 43143 0
1740991183 43191 0
1740991185 43136 0
1740991187 43172 0
1740991189 43260 0
1740991191 43195 0
1740991193 43376 0
1740991195 44139 0
1740991197 43380 0
1740991199 43241 0
1740991201 43523 0
1740991203 43385 0
1740991205 43228 0
1740991208 43595 0
1740991210 43263 0
1740991212 43465 0
1740991214 43384 0
1740991216 43321 0
1740991218 43383 0
1740991220 43946 0
1740991222 43447 0
1740991224 43458 0
1740991226 43411 0
1740991228 43423 0
1740991230 43842 0
1740991232 43549 0
1740991234 43909 0
1740991236 43340 0
1740991238 43352 0
1740991240 43399 0
1740991242 43489 0
1740991244 43520 0
1740991246 44301 0
1740991248 43215 0
1740991250 43604 0
1740991252 43869 0
1740991255 43907 0
1740991257 43450 0
1740991259 43261 0
1740991261 43603 0
1740991263 43500 0
1740991265 43540 0
1740991267 43445 0
1740991269 43400 0
1740991271 43536 0
1740991273 43433 0
1740991275 43854 0
1740991277 43886 0
1740991279 43593 0
1740991281 43392 0
1740991283 43741 0
1740991285 43817 0
1740991287 44070 0
1740991289 43560 0
1740991291 43476 0
1740991293 43502 0
1740991295 43281 0
1740991297 43350 0
1740991300 43636 0
1740991302 43594 0
1740991304 43495 0
1740991306 43680 0
1740991308 43677 0
1740991310 43514 0
1740991312 43330 0
1740991314 43485 0
1740991316 43528 0
1740991318 43946 0
1740991320 43634 0
1740991322 43498 0
1740991324 43430 0
1740991326 43444 0
1740991328 43375 0
1740991330 43477 0
1740991332 43779 0
1740991334 43380 0
1740991336 43537 0
1740991338 43324 0
1740991340 43514 0
1740991342 43700 0
1740991344 43363 0
1740991347 43344 0
1740991349 43384 0
1740991351 43310 0
1740991353 43430 0
1740991355 43385 0
1740991357 43323 0
1740991359 43418 0
1740991361 43545 0
1740991363 43824 0
1740991365 44015 0
1740991367 43853 0
1740991369 43698 0
1740991371 43692 0
1740991373 43404 0
1740991375 43648 0
1740991377 43438 0
1740991379 43703 0
1740991381 43467 0
1740991383 43557 0
1740991385 43705 0
1740991387 43645 0
1740991389 43538 0
1740991392 43526 0
1740991394 43464 0
1740991396 43559 0
1740991398 43339 0
1740991400 43538 0
1740991402 43643 0
1740991404 43358 0
1740991406 43473 0
1740991408 43523 0
1740991410 43514 0
1740991412 43530 0
1740991414 43812 0
1740991416 43956 0
1740991418 43824 0
1740991420 43610 0
1740991422 43926 0
1740991424 44344 0
1740991426 44131 0
1740991428 43774 0
1740991430 43705 0
1740991432 43847 0
1740991434 44282 0
1740991436 43842 0
1740991439 43699 0
1740991441 44100 0
1740991443 44424 0
1740991445 44518 0
1740991447 44505 0
1740991449 44428 0
1740991451 44132 0
1740991453 43740 0
1740991455 43581 0
1740991457 43459 0
1740991459 43412 0
1740991461 43640 0
1740991463 43567 0
1740991465 43238 0
1740991467 43378 0
1740991469 43587 0
1740991471 43595 0
1740991473 43718 0
1740991476 43609 0
1740991478 43714 0
1740991480 43916 0
1740991482 44375 0
1740991484 43647 0
1740991486 43853 0
1740991488 44054 0
1740991490 43934 0
1740991492 43545 0
1740991494 43746 0
1740991496 43654 0
1740991498 43681 0
1740991500 43891 0
1740991502 43964 0
1740991504 43867 0
1740991506 43717 0
1740991508 43589 0
1740991510 43487 0
1740991512 43673 0
1740991514 43934 0
1740991516 43686 0
1740991518 43585 0
1740991521 43732 0
1740991523 44265 0
1740991525 44622 0
1740991527 44218 0
1740991529 43992 0
1740991531 43848 0
1740991533 44042 0
1740991535 43701 0
1740991537 43681 0
1740991539 43554 0
1740991541 43394 0
1740991543 43466 0
1740991545 43638 0
1740991547 43726 0
1740991549 43744 0
1740991551 43704 0
1740991553 43704 0
1740991555 43921 0
1740991557 43662 0
1740991559 43606 0
1740991561 43687 0
1740991563 43906 0
1740991565 44372 0
1740991568 44051 0
1740991570 43827 0
1740991572 43609 0
1740991574 43626 0
1740991576 43817 0
1740991578 43937 0
1740991580 44039 0
1740991582 43877 0
1740991584 43812 0
1740991586 44376 0
1740991588 43791 0
1740991590 43527 0
1740991592 43435 0
1740991594 43398 0
1740991596 43314 0
1740991598 43359 0
1740991600 43447 0
1740991602 43528 0
1740991604 43768 0
1740991606 43555 0
1740991608 43589 0
1740991611 43727 0
1740991613 43771 0
1740991615 43675 0
1740991617 43662 0
1740991619 43854 0
1740991621 43720 0
1740991623 43698 0
1740991625 43692 0
1740991627 43852 0
1740991629 43548 0
1740991631 43767 0
1740991633 43458 0
1740991635 43418 0
1740991637 43622 0
1740991639 43746 0
1740991641 43484 0
1740991643 43373 0
1740991645 43420 0
1740991647 43552 0
1740991649 43415 0
1740991651 43382 0
1740991653 43424 0
1740991655 43539 0
1740991658 43700 0
1740991660 43788 0
1740991662 43780 0
1740991664 43652 0
1740991666 43579 0
1740991668 43366 0
1740991670 43508 0
1740991672 43443 0
1740991674 43590 0
1740991676 43651 0
1740991678 43999 0
1740991680 43865 0
1740991682 43791 0
1740991684 43596 0
1740991686 43718 0
1740991688 43647 0
1740991690 43641 0
1740991692 43751 0
1740991694 43906 0
1740991696 43687 0
1740991698 43531 0
1740991700 43408 0
1740991703 43504 0
1740991705 43800 0
1740991707 43738 0
1740991709 43656 0
1740991711 43770 0
1740991713 43488 0
1740991715 43745 0
1740991717 44013 0
1740991719 43783 0
1740991721 43719 0
1740991723 43630 0
1740991725 43487 0
1740991727 43411 0
1740991729 43527 0
1740991731 43314 0
1740991733 43324 0
1740991735 43353 0
1740991737 43547 0
1740991739 43528 0
1740991741 43414 0
1740991743 43564 0
1740991745 43582 0
1740991748 43459 0
1740991750 43822 0
1740991752 43523 0
1740991754 43612 0
1740991756 43429 0
1740991758 43491 0
1740991760 43525 0
1740991762 43530 0
1740991764 43736 0
1740991766 43787 0
1740991768 43785 0
1740991770 43824 0
1740991772 43639 0
1740991774 43965 0
1740991776 43789 0
1740991778 43619 0
1740991780 43498 0
1740991782 43533 0
1740991784 43643 0
1740991786 43586 0
1740991788 43782 0
1740991790 44070 0
1740991792 44250 0
1740991795 44393 0
1740991797 43951 0
1740991799 43853 0
1740991801 43944 0
1740991803 43570 0
1740991805 43487 0
1740991807 43583 0
1740991809 43572 0
1740991811 43881 0
1740991813 43711 0
1740991815 43551 0
1740991817 43346 0
1740991819 43424 0
1740991821 43941 0
1740991823 43809 0
1740991825 43671 0
1740991827 43678 0
1740991829 43706 0
1740991831 43427 0
1740991833 43277 0
1740991835 43579 0
1740991837 43371 0
1740991839 43361 0
1740991842 43417 0
1740991844 43427 0
1740991846 43724 0
1740991848 43703 0
1740991850 43633 0
1740991852 43395 0
1740991854 43680 0
1740991856 43431 0
1740991858 43489 0
1740991860 43375 0
1740991862 43479 0
1740991864 43684 0
1740991866 43727 0
1740991868 43604 0
1740991870 43438 0
1740991872 43463 0
1740991874 43707 0
1740991876 43674 0
1740991878 43657 0
1740991880 43935 0
1740991882 43723 0
1740991884 43735 0
1740991887 43645 0
1740991889 43499 0
1740991891 43567 0
1740991893 43499 0
1740991895 43880 0
1740991897 43874 0
1740991899 43553 0
1740991901 43549 0
1740991903 43402 0
1740991905 43466 0
1740991907 43759 0
1740991909 43386 0
1740991911 43447 0
1740991913 43645 0
1740991915 43343 0
1740991917 43382 0
1740991919 43505 0
1740991921 43575 0
1740991923 43398 0
1740991925 43381 0
1740991927 43554 0
1740991929 43528 0
1740991931 43800 0
1740991934 43452 0
1740991936 43620 0
1740991938 43725 0
1740991940 43698 0
1740991942 43673 0
1740991944 43687 0
1740991946 43624 0
1740991948 43475 0
1740991950 43434 0
1740991952 43360 0
1740991954 43344 0
1740991956 43393 0
1740991958 43666 0
1740991960 43349 0
1740991962 43409 0
1740991964 43227 0
1740991966 43358 0
1740991968 43223 0
1740991970 43589 0
1740991972 43412 0
1740991974 43517 0
1740991976 43595 0
1740991978 43623 0
1740991981 43721 0
1740991983 43459 0
1740991985 43488 0
1740991987 43488 0
1740991989 43599 0
1740991991 43504 0
1740991993 43828 0
1740991995 43848 0
1740991997 43822 0
1740991999 43687 0
1740992001 43808 0
1740992003 44285 0
1740992005 43829 0
1740992007 43669 0
1740992009 43398 0
1740992011 43270 0
1740992013 43276 0
1740992015 43491 0
1740992017 43555 0
1740992019 43286 0
1740992021 43302 0
1740992023 43428 0
1740992025 43320 0
1740992028 43369 0
1740992030 43514 0
1740992032 43422 0
1740992034 43524 0
1740992036 43423 0
1740992038 43615 0
1740992040 43446 0
1740992042 43417 0
1740992044 43644 0
1740992046 43638 0
1740992048 43567 0
1740992050 43537 0
1740992052 43716 0
1740992054 43716 0
1740992056 43432 0
1740992058 43448 0
1740992060 43662 0
1740992062 43432 0
1740992064 43358 0
1740992066 43436 0
1740992068 43580 0
1740992070 43661 0
1740992073 43527 0
1740992075 43614 0
1740992077 43332 0
1740992079 43539 0
1740992081 43250 0
1740992083 43284 0
1740992085 43325 0
1740992087 43891 0
1740992089 43490 0
1740992091 43486 0
1740992093 43358 0
1740992095 43423 0
1740992097 43377 0
1740992099 43486 0
1740992101 43562 0
1740992103 43522 0
1740992105 43550 0
1740992107 43513 0
1740992109 43420 0
1740992111 43594 0
1740992113 43980 0
1740992115 43963 0
1740992117 44210 0
1740992120 43975 0
1740992122 43689 0
1740992124 43550 0
1740992126 43450 0
1740992128 43426 0
1740992130 43487 0
1740992132 43363 0
1740992134 43387 0
1740992136 43234 0
1740992138 43342 0
1740992140 43388 0
1740992142 43724 0
1740992144 43431 0
1740992146 43277 0
1740992148 43288 0
1740992150 43389 0
1740992152 43607 0
1740992154 43321 0
1740992156 43309 0
1740992158 43450 0
1740992160 43213 0
1740992162 43302 0
1740992165 43462 0
1740992167 43376 0
1740992169 43471 0
1740992171 43341 0
1740992173 43222 0
1740992175 43780 0
1740992177 43672 0
1740992179 43770 0
1740992181 43981 0
1740992183 43925 0
1740992185 43749 0
1740992187 43558 0
1740992189 43698 0
1740992191 43565 0
1740992193 43406 0
1740992195 43562 0
1740992197 43442 0
1740992199 43308 0
1740992201 43468 0
1740992203 43374 0
1740992205 43650 0
1740992207 43534 0
1740992209 43440 0
1740992212 43482 0
1740992214 43277 0
1740992216 43270 0
1740992218 43389 0
1740992220 43502 0
1740992222 43343 0
1740992224 43379 0
1740992226 43380 0
1740992228 43268 0
1740992230 43549 0
1740992232 43500 0
1740992234 43971 0
1740992236 44141 0
1740992238 43774 0
1740992240 43379 0
1740992242 43427 0
1740992244 43788 0
1740992246 44490 0
1740992248 43784 0
1740992250 43433 0
1740992252 43424 0
1740992254 43429 0
1740992256 43476 0
1740992259 43546 0
1740992261 43574 0
1740992263 43767 0
1740992265 43614 0
1740992267 43564 0
1740992269 43545 0
1740992271 43428 0
1740992273 43657 0
1740992275 43436 0
1740992277 43452 0
1740992279 43743 0
1740992281 43323 0
1740992283 43490 0
1740992285 43677 0
1740992287 44118 0
1740992289 43690 0
1740992291 43648 0
1740992293 43905 0
1740992295 43764 0
1740992297 43799 0
1740992299 43726 0
1740992301 43672 0
1740992304 43856 0
1740992306 43954 0
1740992308 43991 0
1740992310 43472 0
1740992312 43518 0
1740992314 43464 0
1740992316 43654 0
1740992318 43902 0
1740992320 43632 0
1740992322 43391 0
1740992324 43470 0
1740992326 43425 0
1740992328 43440 0
1740992330 43532 0
1740992332 43744 0
1740992334 43676 0
1740992336 43474 0
1740992338 43336 0
1740992340 43405 0
1740992342 43361 0
1740992344 43594 0
1740992346 43468 0
1740992348 43417 0
1740992351 43592 0
1740992353 43617 0
1740992355 43532 0
1740992357 43444 0
1740992359 43505 0
1740992361 43479 0
1740992363 43500 0
1740992365 43535 0
1740992367 43533 0
1740992369 43471 0
1740992371 43602 0
1740992373 43600 0
1740992375 43584 0
1740992377 43385 0
1740992379 43529 0
1740992381 43477 0
1740992383 43432 0
1740992385 43515 0
1740992387 43454 0
1740992389 43412 0
1740992391 43408 0
1740992393 43586 0
1740992395 43508 0
1740992398 43504 0
1740992400 43536 0
1740992402 43535 0
1740992404 43445 0
1740992406 43474 0
1740992408 43856 0
1740992410 44037 0
1740992412 44184 0
1740992414 43958 0
1740992416 43661 0
1740992418 43820 0
1740992420 43807 0
1740992422 43628 0
1740992424 43497 0
1740992426 43785 0
1740992428 43776 0
1740992430 43770 0
1740992432 43895 0
1740992434 43938 0
1740992436 43968 0
1740992438 43702 0
1740992440 43760 0
1740992443 43424 0
1740992445 43552 0
1740992447 43562 0
1740992449 43594 0
1740992451 43713 0
1740992453 43783 0
1740992455 43749 0
1740992457 43912 0
1740992459 43901 0
1740992461 44105 0
1740992463 44094 0
1740992465 44081 0
1740992467 44215 0
1740992469 44245 0
1740992471 44310 0
1740992473 43984 0
1740992475 44213 0
1740992477 43894 0
1740992479 43832 0
1740992481 43889 0
1740992483 43525 0
1740992485 43617 0
1740992488 43697 0
1740992490 44143 0
1740992492 43790 0
1740992494 44283 0
1740992496 43456 0
1740992498 43498 0
1740992500 43509 0
1740992502 43581 0
1740992504 43614 0
1740992506 43943 0
1740992508 43480 0
1740992510 43517 0
1740992512 43676 0
1740992514 43306 0
1740992516 43906 0
1740992518 43441 0
1740992520 43398 0
1740992522 43363 0
1740992524 43531 0
1740992526 43507 0
1740992528 43865 0
1740992530 43394 0
1740992532 43339 0
1740992535 43451 0
1740992537 43640 0
1740992539 43481 0
1740992541 43482 0
1740992543 43611 0
1740992545 43653 0
1740992547 43410 0
1740992549 43362 0
1740992551 43372 0
1740992553 43317 0
1740992555 43363 0
1740992557 43512 0
1740992559 43507 0
1740992561 43440 0
1740992563 43418 0
1740992565 43489 0
1740992567 43507 0
1740992569 43461 0
1740992571 43500 0
1740992573 43565 0
1740992575 43344 0
1740992577 43722 0
1740992579 43718 0
1740992582 43717 0
1740992584 43668 0
1740992586 43638 0
1740992588 43637 0
1740992590 43932 0
1740992592 43689 0
1740992594 43801 0
1740992596 43863 0
1740992598 43809 0
1740992600 43707 0
1740992602 43923 0
1740992604 43970 0
1740992606 43861 0
1740992608 44180 0
1740992610 44359 0
1740992612 44054 0
1740992614 44047 0
1740992616 44197 0
1740992618 44060 0
1740992620 44027 0
1740992622 43894 0
1740992624 44108 0
1740992627 43923 0
1740992629 44038 0
1740992631 43913 0
1740992633 44171 0
1740992635 43877 0
1740992637 44051 0
1740992639 44090 0
1740992641 44013 0
1740992643 44077 0
1740992645 43922 0
1740992647 43921 0
1740992649 43948 0
1740992651 43916 0
1740992653 44095 0
1740992655 43994 0
1740992657 43862 0
1740992659 43934 0
1740992661 43724 0
1740992663 43769 0
1740992665 43632 0
1740992667 43600 0
1740992669 43800 0
1740992671 43721 0
1740992674 43865 0
1740992676 43652 0
1740992678 44036 0
1740992680 43571 0
1740992682 43656 0
1740992684 43593 0
1740992686 43570 0
1740992688 43579 0
1740992690 43515 0
1740992692 43762 0
1740992694 43739 0
1740992696 43863 0
1740992698 43829 0
1740992700 43700 0
1740992702 43852 0
1740992704 43986 0
1740992706 43862 0
1740992708 43774 0
1740992710 43893 0
1740992712 43882 0
1740992714 43920 0
1740992716 43984 0
1740992718 43903 0
1740992721 43859 0
1740992723 43969 0
1740992725 43969 0
1740992727 43889 0
1740992729 43996 0
1740992731 44289 0
1740992733 44182 0
1740992735 44187 0
1740992737 44037 0
1740992739 44221 0
1740992741 44334 0
1740992743 44353 0
1740992745 44369 0
1740992747 44214 0
1740992749 44257 0
1740992751 44218 0
1740992753 44190 0
1740992755 44339 0
1740992757 44384 0
1740992759 44190 0
1740992761 44463 0
1740992763 44182 0
1740992765 44111 0
1740992768 43971 0
1740992770 43998 0
1740992772 43933 0
1740992774 43815 0
1740992776 43782 0
1740992778 43827 0
1740992780 43982 0
1740992782 43870 0
1740992784 43961 0
1740992786 43850 0
1740992788 43823 0
1740992790 43816 0
1740992792 43737 0
1740992794 43795 0
1740992796 43838 0
1740992798 43737 0
1740992800 43859 0
1740992802 43729 0
1740992804 43830 0
1740992806 43813 0
1740992808 43951 0
1740992810 44137 0
1740992812 43984 0
1740992815 43940 0
1740992817 43764 0
1740992819 43710 0
1740992821 43592 0
1740992823 43667 0
1740992825 43802 0
1740992827 43854 0
1740992829 43889 0
1740992831 44184 0
1740992833 44248 0
1740992835 44225 0
1740992837 44306 0
1740992839 44229 0
1740992841 44292 0
1740992843 44064 0
1740992845 44184 0
1740992847 44127 0
1740992849 44119 0
1740992851 44127 0
1740992853 43878 0
1740992855 43889 0
1740992857 43876 0
1740992859 43951 0
1740992862 43778 0
1740992864 43729 0
1740992866 43757 0
1740992868 43834 0
1740992870 43669 0
1740992872 43698 0
1740992874 43573 0
1740992876 43660 0
1740992878 43865 0
1740992880 43945 0
1740992882 43714 0
1740992884 44074 0
1740992886 43793 0
1740992888 43887 0
1740992890 43859 0
1740992892 43949 0
1740992894 43905 0
1740992896 43736 0
1740992898 43961 0
1740992900 44106 0
1740992902 44065 0
1740992904 44092 0
1740992906 44043 0
1740992909 43751 0
1740992911 43715 0
1740992913 43648 0
1740992915 43851 0
1740992917 43649 0
1740992919 43732 0
1740992921 43594 0
1740992923 43716 0
1740992925 43871 0
1740992927 43765 0
1740992929 43901 0
1740992931 43689 0
1740992933 43911 0
1740992935 43746 0
1740992937 44138 0
1740992939 43650 0
1740992941 43835 0
1740992943 43605 0
1740992945 43721 0
1740992947 43795 0
1740992949 43980 0
1740992951 43855 0
1740992954 43968 0
1740992956 44141 0
1740992958 43904 0
1740992960 43863 0
1740992962 43743 0
1740992964 43863 0
1740992966 43863 0
1740992968 43949 0
1740992970 43673 0
1740992972 43632 0
1740992974 43751 0
1740992976 43758 0
1740992978 43623 0
1740992980 43592 0
1740992982 43890 0
1740992984 43759 0
1740992986 43544 0
1740992988 43609 0
1740992990 43607 0
1740992992 43787 0
1740992994 43905 0
1740992996 43974 0
1740992998 44426 0
1740993001 44348 0
1740993003 44087 0
1740993005 44145 0
1740993007 44125 0
1740993009 43894 0
1740993011 43947 0
1740993013 44292 0
1740993015 44028 0
1740993017 43771 0
1740993019 43907 0
1740993021 43760 0
1740993023 43756 0
1740993025 43716 0
1740993027 43586 0
1740993029 43565 0
1740993031 43700 0
1740993033 43579 0
1740993035 43428 0
1740993037 43556 0
1740993039 43588 0
1740993041 43788 0
1740993043 43576 0
1740993045 43448 0
1740993048 43581 0
1740993050 43572 0
1740993052 43455 0
1740993054 43557 0
1740993056 43565 0
1740993058 43679 0
1740993060 43629 0
1740993062 43730 0
1740993064 43664 0
1740993066 43789 0
1740993068 43728 0
1740993070 43954 0
1740993072 43649 0
1740993074 43798 0
1740993076 43594 0
1740993078 43713 0
1740993080 43505 0
1740993082 43570 0
1740993084 43621 0
1740993086 43534 0
1740993088 43631 0
1740993090 43606 0
1740993092 43682 0
1740993095 43890 0
1740993097 43493 0
1740993099 43622 0
1740993101 43751 0
1740993103 43694 0
1740993105 43801 0
1740993107 43601 0
1740993109 43514 0
1740993111 43666 0
1740993113 43616 0
1740993115 43619 0
1740993117 43603 0
1740993119 43643 0
1740993121 43586 0
1740993123 43776 0
1740993125 43682 0
1740993127 43634 0
1740993129 43800 0
1740993131 43779 0
1740993133 43977 0
1740993135 43948 0
1740993137 44083 0
1740993140 43977 0
1740993142 43838 0
1740993144 43735 0
1740993146 43682 0
1740993148 43599 0
1740993150 43751 0
1740993152 43948 0
1740993154 44127 0
1740993156 43757 0
1740993158 43752 0
1740993160 43744 0
1740993162 43489 0
1740993164 43457 0
1740993166 43567 0
1740993168 43671 0
1740993170 43482 0
1740993172 43537 0
1740993174 43580 0
1740993176 43547 0
1740993178 43446 0
1740993180 43587 0
1740993182 43666 0
1740993184 43549 0
1740993187 43532 0
1740993189 43556 0
1740993191 43507 0
1740993193 43600 0
1740993195 43567 0
1740993197 43479 0
1740993199 43602 0
1740993201 43597 0
1740993203 43532 0
1740993205 43745 0
1740993207 43770 0
1740993209 43554 0
1740993211 43649 0
1740993213 43737 0
1740993215 43828 0
1740993217 43851 0
1740993219 43866 0
1740993221 43797 0
1740993223 43893 0
1740993225 43862 0
1740993227 43805 0
1740993229 43755 0
1740993232 43930 0
1740993234 43668 0
1740993236 43690 0
1740993238 43551 0
1740993240 43653 0
1740993242 43754 0
1740993244 43654 0
1740993246 43493 0
1740993248 43618 0
1740993250 43448 0
1740993252 43504 0
1740993254 43428 0
1740993256 43480 0
1740993258 43621 0
1740993260 43760 0
1740993262 43617 0
1740993264 43601 0
1740993266 43595 0
1740993268 43362 0
1740993270 43601 0
1740993272 43697 0
1740993274 43707 0
1740993277 43809 0
1740993279 43737 0
1740993281 43771 0
1740993283 43878 0
1740993285 43971 0
1740993287 44042 0
1740993289 44137 0
1740993291 44248 0
1740993293 44218 0
1740993295 44281 0
1740993297 44265 0
1740993299 44410 0
1740993301 44456 0
1740993303 44046 0
1740993305 44218 0
1740993307 44434 0
1740993309 44407 0
1740993311 44440 0
1740993313 44531 0
1740993315 44799 0
1740993317 44797 0
1740993319 44634 0
1740993321 44326 0
1740993324 44188 0
1740993326 44162 0
1740993328 44145 0
1740993330 44004 0
1740993332 44097 0
1740993334 43925 0
1740993336 44014 0
1740993338 43839 0
1740993340 43836 0
1740993342 43880 0
1740993344 43825 0
1740993346 43913 0
1740993348 43908 0
1740993350 43809 0
1740993352 43678 0
1740993354 43714 0
1740993356 43657 0
1740993358 43751 0
1740993360 43764 0
1740993362 43869 0
1740993364 43819 0
1740993366 43709 0
1740993369 43686 0
1740993371 43617 0
1740993373 43615 0
1740993375 43544 0
1740993377 43693 0
1740993379 43756 0
1740993381 43644 0
1740993383 43739 0
1740993385 43626 0
1740993387 43610 0
1740993389 43539 0
1740993391 43608 0
1740993393 43704 0
1740993395 43536 0
1740993397 43758 0
1740993399 43650 0
1740993401 43608 0
1740993403 43728 0
1740993405 43677 0
1740993407 43712 0
1740993409 43756 0
1740993411 43536 0
1740993413 43668 0
1740993416 43658 0
1740993418 43629 0
1740993420 43480 0
1740993422 43589 0
1740993424 43619 0
1740993426 43612 0
1740993428 43630 0
1740993430 43583 0
1740993432 43434 0
1740993434 43694 0
1740993436 43452 0
1740993438 43409 0
1740993440 43494 0
1740993442 43541 0
1740993444 43520 0
1740993446 43406 0
1740993448 43440 0
1740993450 43528 0
1740993452 43535 0
1740993454 43400 0
1740993456 43331 0
1740993458 43565 0
1740993461 43390 0
1740993463 43407 0
1740993465 43488 0
1740993467 43473 0
1740993469 43419 0
1740993471 43471 0
1740993473 43453 0
1740993475 43490 0
1740993477 43516 0
1740993479 43629 0
1740993481 43354 0
1740993483 43397 0
1740993485 43531 0
1740993487 43316 0
1740993489 43577 0
1740993491 43667 0
1740993493 43525 0
1740993495 43473 0
1740993497 43561 0
1740993499 43624 0
1740993501 43743 0
1740993503 43743 0
1740993505 43652 0
1740993508 43628 0
1740993510 43724 0
1740993512 43774 0
1740993514 43684 0
1740993516 43580 0
1740993518 43608 0
1740993520 43692 0
1740993522 43464 0
1740993524 43693 0
1740993526 43672 0
1740993528 43585 0
1740993530 43616 0
1740993532 43526 0
1740993534 43631 0
1740993536 43786 0
1740993538 43815 0
1740993540 43733 0
1740993542 43706 0
1740993544 43842 0
1740993546 43887 0
1740993548 43816 0
1740993550 43663 0
1740993552 43782 0
1740993555 43766 0
1740993557 43721 0
1740993559 43720 0
1740993561 43716 0
1740993563 43866 0
1740993565 43926 0
1740993567 43771 0
1740993569 43680 0
1740993571 43938 0
1740993573 43678 0
1740993575 43708 0
1740993577 43802 0
1740993579 43594 0
1740993581 43473 0
1740993583 43506 0
1740993585 43570 0
1740993587 43542 0
1740993589 43622 0
1740993591 43530 0
1740993593 43465 0
1740993595 43497 0
1740993597 43494 0
1740993600 43686 0
1740993602 43602 0
1740993604 43616 0
1740993606 43649 0
1740993608 43691 0
1740993610 43554 0
1740993612 43700 0
1740993614 43777 0
1740993616 43793 0
1740993618 43916 0
1740993620 43970 0
1740993622 44013 0
1740993624 44528 0
1740993626 43723 0
1740993628 43755 0
1740993630 43840 0
1740993632 43890 0
1740993634 43722 0
1740993636 43591 0
1740993638 43709 0
1740993640 43747 0
1740993642 43635 0
1740993644 43672 0
1740993647 43795 0
1740993649 43602 0
1740993651 43563 0
1740993653 43632 0
1740993655 43577 0
1740993657 43609 0
1740993659 43599 0
1740993661 43469 0
1740993663 43448 0
1740993665 43357 0
1740993667 43381 0
1740993669 43297 0
1740993671 43319 0
1740993673 43391 0
1740993675 43551 0
1740993677 43493 0
1740993679 43402 0
1740993681 43300 0
1740993683 43426 0
1740993685 43449 0
1740993687 43573 0
1740993689 43616 0
1740993691 43627 0
1740993694 43705 0
1740993696 43943 0
1740993698 43773 0
1740993700 43795 0
1740993702 43891 0
1740993704 43970 0
1740993706 43897 0
1740993708 43891 0
1740993710 43794 0
1740993712 43626 0
1740993714 43720 0
1740993716 43585 0
1740993718 43966 0
1740993720 43658 0
1740993722 43687 0
1740993724 43587 0
1740993726 43474 0
1740993728 43582 0
1740993730 43364 0
1740993732 43312 0
1740993734 43246 0
1740993736 43323 0
1740993738 43408 0
1740993741 43334 0
1740993743 43553 0
1740993745 43284 0
1740993747 43263 0
1740993749 43337 0
1740993751 43282 0
1740993753 43354 0
1740993755 43181 0
1740993757 43484 0
1740993759 43422 0
1740993761 43425 0
1740993763 43312 0
1740993765 43340 0
1740993767 43446 0
1740993769 43408 0
1740993771 43485 0
1740993773 43418 0
1740993775 43290 0
1740993777 43395 0
1740993779 43321 0
1740993781 43219 0
1740993783 43442 0
1740993786 43305 0
1740993788 43407 0
1740993790 43331 0
1740993792 43234 0
1740993794 43224 0
1740993796 43237 0
1740993798 43231 0
1740993800 43255 0
1740993802 43302 0
1740993804 43358 0
1740993806 43256 0
1740993808 43226 0
1740993810 43123 0
1740993812 43221 0
1740993814 43281 0
1740993816 43206 0
1740993818 43353 0
1740993820 43245 0
1740993822 43252 0
1740993824 43194 0
1740993826 43256 0
1740993828 43101 0
1740993830 43254 0
1740993833 43323 0
1740993835 43332 0
1740993837 43282 0
1740993839 43311 0
1740993841 43412 0
1740993843 43478 0
1740993845 43337 0
1740993847 43309 0
1740993849 43234 0
1740993851 43250 0
1740993853 43482 0
1740993855 43283 0
1740993857 43446 0
1740993859 43297 0
1740993861 43499 0
1740993863 43509 0
1740993865 43345 0
1740993867 43315 0
1740993869 43444 0
1740993871 43374 0
1740993873 43400 0
1740993875 43409 0
1740993878 43348 0
1740993880 43437 0
1740993882 43560 0
1740993884 43506 0
1740993886 43416 0
1740993888 43435 0
1740993890 43544 0
1740993892 43517 0
1740993894 43418 0
1740993896 43525 0
1740993898 43610 0
1740993900 43683 0
1740993902 43693 0
1740993904 43607 0
1740993906 43862 0
1740993908 43875 0
1740993910 43834 0
1740993912 43807 0
1740993914 43984 0
1740993916 43872 0
1740993918 43888 0
1740993920 43734 0
1740993922 43857 0
1740993925 43917 0
1740993927 43908 0
1740993929 44003 0
1740993931 44119 0
1740993933 44148 0
1740993935 43983 0
1740993937 43998 0
1740993939 43829 0
1740993941 43998 0
1740993943 43705 0
1740993945 43711 0
1740993947 43613 0
1740993949 43615 0
1740993951 43545 0
1740993953 43543 0
1740993955 43397 0
1740993957 43319 0
1740993959 43357 0
1740993961 43485 0
1740993963 43593 0
1740993965 43583 0
1740993967 43625 0
1740993969 43665 0
1740993972 43752 0
1740993974 43689 0
1740993976 43665 0
1740993978 43590 0
1740993980 43725 0
1740993982 43729 0
1740993984 43499 0
1740993986 43391 0
1740993988 43335 0
1740993990 43233 0
1740993992 43315 0
1740993994 43220 0
1740993996 43364 0
1740993998 43538 0
1740994000 43536 0
1740994002 43928 0
1740994004 43881 0
1740994006 43741 0
1740994008 43794 0
1740994010 43751 0
1740994012 43745 0
1740994014 43721 0
1740994017 43635 0
1740994019 43768 0
1740994021 43742 0
1740994023 43811 0
1740994025 43763 0
1740994027 43779 0
1740994029 43819 0
1740994031 43837 0
1740994033 43735 0
1740994035 43689 0
1740994037 43683 0
1740994039 43855 0
1740994041 43690 0
1740994043 43702 0
1740994045 43553 0
1740994047 43560 0
1740994049 43641 0
1740994051 43353 0
1740994053 43504 0
1740994055 43499 0
1740994057 43459 0
1740994059 43503 0
1740994061 43350 0
1740994064 43451 0
1740994066 43476 0
1740994068 43306 0
1740994070 43465 0
1740994072 43347 0
1740994074 43316 0
1740994076 43388 0
1740994078 43418 0
1740994080 43443 0
1740994082 43339 0
1740994084 43398 0
1740994086 43401 0
1740994088 43453 0
1740994090 43321 0
1740994092 43442 0
1740994094 43465 0
1740994096 43324 0
1740994098 43498 0
1740994100 43547 0
1740994102 43397 0
1740994104 43468 0
1740994106 43306 0
1740994108 43361 0
1740994111 43338 0
1740994113 43291 0
1740994115 43282 0
1740994117 43407 0
1740994119 43301 0
1740994121 43374 0
1740994123 43342 0
1740994125 43509 0
1740994127 43318 0
1740994129 43292 0
1740994131 43474 0
1740994133 43316 0
1740994135 43411 0
1740994137 43448 0
1740994139 43539 0
1740994141 43651 0
1740994143 43642 0
1740994145 43510 0
1740994147 43556 0
1740994149 43499 0
1740994151 43472 0
1740994153 43532 0
1740994156 43639 0
1740994158 43522 0
1740994160 43666 0
1740994162 43399 0
1740994164 43590 0
1740994166 43509 0
1740994168 43316 0
1740994170 43445 0
1740994172 43475 0
1740994174 43474 0
1740994176 43493 0
1740994178 43425 0
1740994180 43404 0
1740994182 43482 0
1740994184 43491 0
1740994186 43440 0
1740994188 43387 0
1740994190 43463 0
1740994192 43245 0
1740994194 43368 0
1740994196 43213 0
1740994198 43426 0
1740994200 43445 0
1740994203 43533 0
1740994205 43474 0
1740994207 43511 0
1740994209 43526 0
1740994211 43439 0
1740994213 43354 0
1740994215 43477 0
1740994217 43382 0
1740994219 43301 0
1740994221 43450 0
1740994223 43256 0
1740994225 43313 0
1740994227 43326 0
1740994229 43242 0
1740994231 43308 0
1740994233 43290 0
1740994235 43189 0
1740994237 43194 0
1740994239 43233 0
1740994241 43327 0
1740994243 43355 0
1740994245 43262 0
1740994247 43417 0
1740994250 43432 0
1740994252 43416 0
1740994254 43467 0
1740994256 43502 0
1740994258 43714 0
1740994260 43678 0
1740994262 43520 0
1740994264 43508 0
1740994266 43383 0
1740994268 43402 0
1740994270 43427 0
1740994272 43420 0
1740994274 43396 0
1740994276 43499 0
1740994278 43463 0
1740994280 43544 0
1740994282 43417 0
1740994284 43358 0
1740994286 43638 0
1740994288 43384 0
1740994290 43670 0
1740994292 43593 0
1740994294 43874 0
1740994297 43779 0
1740994299 43845 0
1740994301 43665 0
1740994303 43575 0
1740994305 43439 0
1740994307 43448 0
1740994309 43470 0
1740994311 43477 0
1740994313 43398 0
1740994315 43441 0
1740994317 43368 0
1740994319 43254 0
1740994321 43329 0
1740994323 43336 0
1740994325 43452 0
1740994327 43366 0
1740994329 43353 0
1740994331 43461 0
1740994333 43456 0
1740994335 43438 0
1740994337 43365 0
1740994339 43385 0
1740994342 43531 0
1740994344 43512 0
1740994346 43520 0
1740994348 43336 0
1740994350 43345 0
1740994352 43406 0
1740994354 43236 0
1740994356 43305 0
1740994358 43360 0
1740994360 43236 0
1740994362 43393 0
1740994364 43475 0
1740994366 43572 0
1740994368 43426 0
1740994370 43455 0
1740994372 43504 0
1740994374 43505 0
1740994376 43547 0
1740994378 43651 0
1740994380 43680 0
1740994382 43728 0
1740994384 43593 0
1740994386 43767 0
1740994389 43960 0
1740994391 43759 0
1740994393 43696 0
1740994395 43754 0
1740994397 43845 0
1740994399 43641 0
1740994401 43814 0
1740994403 43771 0
1740994405 43489 0
1740994407 43785 0
1740994409 43532 0
1740994411 43667 0
1740994413 43584 0
1740994415 43511 0
1740994417 43380 0
1740994419 43200 0
1740994421 43305 0
1740994423 43364 0
1740994425 43514 0
1740994427 43364 0
1740994429 43203 0
1740994431 43050 0
1740994434 43141 0
1740994436 43213 0
1740994438 43343 0
1740994440 43386 0
1740994442 43507 0
1740994444 43674 0
1740994446 43207 0
1740994448 43232 0
1740994450 43298 0
1740994452 43545 0
1740994454 43291 0
1740994456 43304 0
1740994458 43275 0
1740994460 43249 0
1740994462 43319 0
1740994464 43168 0
1740994466 43028 0
1740994468 43167 0
1740994470 43158 0
1740994472 43269 0
1740994474 43308 0
1740994476 43282 0
1740994478 43564 0
1740994481 43462 0
1740994483 43590 0
1740994485 43820 0
1740994487 43704 0
1740994489 43576 0
1740994491 43320 0
1740994493 43307 0
1740994495 43372 0
1740994497 43339 0
1740994499 43475 0
1740994501 43297 0
1740994503 43591 0
1740994505 43117 0
1740994507 43319 0
1740994509 43118 0
1740994511 43355 0
1740994513 43215 0
1740994515 43604 0
1740994517 43440 0
1740994519 43644 0
1740994521 43355 0
1740994523 43093 0
1740994526 43162 0
1740994528 43446 0
1740994530 43785 0
1740994532 43491 0
1740994534 43523 0
1740994591 43034 0
1740994593 43211 0
1740994595 43248 0
1740994597 43315 0
1740994599 43350 0
1740994601 43286 0
1740994603 43476 0
1740994605 43331 0
1740994607 43368 0
1740994610 43377 0
1740994612 43791 0
1740994614 43407 0
1740994616 43425 0
1740994618 43385 0
1740994620 43162 0
1740994622 43068 0
1740994624 43181 0
1740994626 43294 0
1740994628 43183 0
1740994630 43329 0
1740994632 43248 0
1740994634 43451 0
1740994636 43808 0
1740994638 43506 0
1740994640 43715 0
1740994642 43419 0
1740994644 43351 0
1740994646 43253 0
1740994648 43131 0
1740994650 43525 0
1740994652 43469 0
1740994654 43337 0
1740994657 43386 0
1740994659 43492 0
1740994661 43923 0
1740994663 43427 0
1740994665 43597 0
1740994667 43316 0
1740994669 43153 0
1740994671 43247 0
1740994673 43373 0
1740994675 43224 0
1740994677 43312 0
1740994679 43707 0
1740994681 43595 0
1740994683 43865 0
1740994685 43533 0
1740994687 43174 0
1740994689 43333 0
1740994691 43167 0
1740994693 43247 0
1740994695 43266 0
1740994697 43249 0
1740994699 43209 0
1740994702 43323 0
1740994704 43722 0
1740994706 43365 0
1740994708 43369 0
1740994710 43399 0
1740994712 43318 0
1740994714 43317 0
1740994716 43592 0
1740994718 43430 0
1740994720 43348 0
1740994722 43258 0
1740994724 43301 0
1740994726 43204 0
1740994728 43210 0
1740994730 43216 0
1740994732 43452 0
1740994734 43449 0
1740994736 43619 0
1740994738 43499 0
1740994740 43381 0
1740994742 43476 0
1740994744 43377 0
1740994746 43392 0
1740994749 43475 0
1740994751 43550 0
1740994753 43411 0
1740994755 43107 0
1740994757 43230 0
1740994759 43475 0
1740994761 43816 0
1740994763 43739 0
1740994765 44002 0
1740994767 44299 0
1740994769 44288 0
1740994771 44219 0
1740994773 43841 0
1740994775 43698 0
1740994777 43733 0
1740994779 43707 0
1740994781 43486 0
1740994783 43324 0
1740994785 43525 0
1740994787 43523 0
1740994789 43475 0
1740994791 43400 0
1740994793 43516 0
1740994796 43412 0
1740994798 43210 0
1740994800 43173 0
1740994802 43393 0
1740994804 43388 0
1740994806 43353 0
1740994808 43495 0
1740994810 43253 0
1740994812 43261 0
1740994814 43460 0
1740994816 43365 0
1740994818 43262 0
1740994820 43305 0
1740994822 43331 0
1740994824 43255 0
1740994826 43367 0
1740994828 43281 0
1740994830 43148 0
1740994832 43361 0
1740994834 43343 0
1740994836 43420 0
1740994838 43295 0
1740994840 43214 0
1740994843 43303 0
1740994845 43442 0
1740994847 43391 0
1740994849 43236 0
1740994851 43304 0
1740994853 43568 0
1740994855 43498 0
1740994857 43426 0
1740994859 43270 0
1740994861 43470 0
1740994863 43799 0
1740994865 44085 0
1740994867 43731 0
1740994869 43557 0
1740994871 43538 0
1740994873 43509 0
1740994875 43497 0
1740994877 43578 0
1740994879 43396 0
1740994881 43398 0
1740994883 43462 0
1740994885 43352 0
1740994888 43372 0
1740994890 43442 0
1740994892 43331 0
1740994894 43284 0
1740994896 43390 0
1740994898 43216 0
1740994900 43301 0
1740994902 43199 0
1740994904 43373 0
1740994906 43374 0
1740994908 43268 0
1740994910 43283 0
1740994912 43168 0
1740994914 43253 0
1740994916 43338 0
1740994918 42980 0
1740994920 43194 0
1740994922 43156 0
1740994924 43148 0
1740994926 43156 0
1740994928 43105 0
1740994930 43142 0
1740994932 43185 0
1740994935 43119 0
1740994937 43252 0
1740994939 43265 0
1740994941 43178 0
1740994943 43096 0
1740994945 43282 0
1740994947 43239 0
1740994949 43181 0
1740994951 43238 0
1740994953 43174 0
1740994955 43149 0
1740994957 43304 0
1740994959 43125 0
1740994961 43105 0
1740994963 43127 0
1740994965 43203 0
1740994967 43087 0
1740994969 43197 0
1740994971 42905 0
1740994973 43047 0
1740994975 43126 0
1740994977 43207 0
1740994979 43263 0
1740994982 43250 0
1740994984 43408 0
1740994986 43497 0
1740994988 43447 0
1740994990 43483 0
1740994992 43502 0
1740994994 43465 0
1740994996 43305 0
1740994998 43366 0
1740995000 43370 0
1740995002 43252 0
1740995004 43307 0
1740995006 43200 0
1740995008 43193 0
1740995010 43116 0
1740995012 43195 0
1740995014 43046 0
1740995016 43180 0
1740995018 43016 0
1740995020 43184 0
1740995022 43186 0
1740995024 43124 0
1740995027 43109 0
1740995029 43145 0
1740995031 43287 0
1740995033 43241 0
1740995035 43303 0
1740995037 43341 0
1740995039 43258 0
1740995041 43453 0
1740995043 43550 0
1740995045 43590 0
1740995047 43506 0
1740995049 43422 0
1740995051 43414 0
1740995053 43504 0
1740995055 43347 0
1740995057 43388 0
1740995059 43198 0
1740995061 43134 0
1740995063 43138 0
1740995065 43100 0
1740995067 43074 0
1740995069 43039 0
1740995071 43104 0
1740995074 43104 0
1740995076 43081 0
1740995078 43272 0
1740995080 43099 0
1740995082 43222 0
1740995084 43178 0
1740995086 43146 0
1740995088 43072 0
1740995090 43071 0
1740995092 43120 0
1740995094 43221 0
1740995096 43108 0
1740995098 43309 0
1740995100 43352 0
1740995102 43504 0
1740995104 43714 0
1740995106 43490 0
1740995108 43401 0
1740995110 43419 0
1740995112 43302 0
1740995114 43270 0
1740995116 43249 0
1740995118 43393 0
1740995121 43371 0
1740995123 43180 0
1740995125 43230 0
1740995127 43227 0
1740995129 43140 0
1740995131 43104 0
1740995133 42906 0
1740995135 43015 0
1740995137 42953 0
1740995139 43001 0
1740995141 43098 0
1740995143 43164 0
1740995145 43237 0
1740995147 43076 0
1740995149 43085 0
1740995151 43054 0
1740995153 43031 0
1740995155 43014 0
1740995157 43148 0
1740995159 43131 0
1740995161 43156 0
1740995163 43254 0
1740995166 43282 0
1740995168 43381 0
1740995170 43363 0
1740995172 43342 0
1740995174 43403 0
1740995176 43188 0
1740995178 43344 0
1740995180 43250 0
1740995182 43250 0
1740995184 43108 0
1740995186 43113 0
1740995188 43320 0
1740995190 43295 0
1740995192 43210 0
1740995194 43201 0
1740995196 43133 0
1740995198 43103 0
1740995200 43167 0
1740995202 43148 0
1740995204 43194 0
1740995206 43079 0
1740995208 43159 0
1740995210 43345 0
1740995213 43340 0
1740995215 43263 0
1740995217 43187 0
1740995219 43230 0
1740995221 43186 0
1740995223 43078 0
1740995225 43242 0
1740995227 43171 0
1740995229 43229 0
1740995231 43230 0
1740995233 43155 0
1740995235 43002 0
1740995237 42961 0
1740995239 42976 0
1740995241 43166 0
1740995243 43119 0
1740995245 43355 0
1740995247 43155 0
1740995249 43133 0
1740995252 42992 0
1740995254 43059 0
1740995256 43215 0
1740995258 43073 0
1740995260 43012 0
1740995262 42991 0
1740995264 42998 0
1740995266 43216 0
1740995268 43229 0
1740995270 43161 0
1740995272 43010 0
1740995274 43013 0
1740995276 43078 0
1740995278 43272 0
1740995280 43014 0
1740995282 43165 0
1740995284 43289 0
1740995286 43170 0
1740995288 43055 0
1740995290 42893 0
1740995292 42953 0
1740995294 43184 0
1740995296 43316 0
1740995299 43071 0
1740995301 42984 0
1740995303 43030 0
1740995305 42810 0
1740995307 42990 0
1740995309 42918 0
1740995311 42941 0
1740995313 42939 0
1740995315 42848 0
1740995317 42959 0
1740995319 43063 0
1740995321 42997 0
1740995323 43112 0
1740995325 42973 0
1740995327 42994 0
1740995329 42942 0
1740995331 43139 0
1740995333 43205 0
1740995335 43185 0
1740995337 43197 0
1740995339 43186 0
1740995341 43070 0
1740995344 43113 0
1740995346 43113 0
1740995348 43316 0
1740995350 43195 0
1740995352 43100 0
1740995354 43255 0
1740995356 43066 0
1740995358 43237 0
1740995360 43270 0
1740995362 43869 0
1740995364 43501 0
1740995366 43061 0
1740995368 43425 0
1740995370 43551 0
1740995372 43458 0
1740995374 43218 0
1740995376 43154 0
1740995378 43246 0
1740995380 43398 0
1740995382 43494 0
1740995384 43019 0
1740995386 43342 0
1740995388 43402 0
1740995391 43423 0
1740995393 43610 0
1740995395 43474 0
1740995397 43001 0
1740995399 42996 0
1740995401 42977 0
1740995403 42917 0
1740995405 42875 0
1740995407 42967 0
1740995409 42947 0
1740995411 42916 0
1740995413 42933 0
1740995415 42904 0
1740995417 43110 0
1740995419 43150 0
1740995421 43036 0
1740995423 43011 0
1740995425 43003 0
1740995427 42956 0
1740995429 43028 0
1740995431 42837 0
1740995433 43074 0
1740995435 42928 0
1740995438 43167 0
1740995440 43217 0
1740995442 43280 0
1740995444 43219 0
1740995446 43508 0
1740995448 43201 0
1740995450 43302 0
1740995452 43132 0
1740995454 43282 0
1740995456 43491 0
1740995458 43440 0
1740995460 43167 0
1740995462 43213 0
1740995464 43058 0
1740995466 42903 0
1740995468 43092 0
1740995470 42977 0
1740995472 43150 0
1740995474 43156 0
1740995476 43376 0
1740995478 43151 0
1740995480 43169 0
1740995482 43286 0
1740995485 43206 0
1740995487 43080 0
1740995489 43077 0
1740995491 43104 0
1740995493 43009 0
1740995495 43014 0
1740995497 42924 0
1740995499 43103 0
1740995501 43072 0
1740995503 43028 0
1740995505 43186 0
1740995507 43305 0
1740995509 43191 0
1740995511 43036 0
1740995513 43290 0
1740995515 43364 0
1740995517 43602 0
1740995519 43741 0
1740995521 43148 0
1740995523 43394 0
1740995525 43221 0
1740995527 43117 0
1740995530 43136 0
1740995532 43011 0
1740995534 42865 0
1740995536 42949 0
1740995538 42998 0
1740995540 42940 0
1740995542 43010 0
1740995544 43052 0
1740995546 42874 0
1740995548 42877 0
1740995550 42831 0
1740995552 42806 0
1740995554 42841 0
1740995556 42830 0
1740995558 43035 0
1740995560 42858 0
1740995562 42931 0
1740995564 42916 0
1740995566 42888 0
1740995568 42868 0
1740995570 42964 0
1740995572 42858 0
1740995574 42765 0
1740995577 42996 0
1740995579 42979 0
1740995581 42962 0
1740995583 43003 0
1740995585 42874 0
1740995587 42832 0
1740995589 42975 0
1740995591 43044 0
1740995593 43124 0
1740995595 43018 0
1740995597 43096 0
1740995599 43191 0
1740995601 43132 0
1740995603 42867 0
1740995605 43012 0
1740995607 43036 0
1740995609 42992 0
1740995611 43038 0
1740995613 43133 0
1740995615 43211 0
1740995617 43310 0
1740995619 43068 0
1740995621 43086 0
1740995624 43198 0
1740995626 43072 0
1740995628 42940 0
1740995630 43009 0
1740995632 43143 0
1740995634 43075 0
1740995636 43018 0
1740995638 42896 0
1740995640 43075 0
1740995642 43202 0
1740995644 43199 0
1740995646 43330 0
1740995648 43302 0
1740995650 43451 0
1740995652 43432 0
1740995654 43297 0
1740995656 43758 0
1740995658 43363 0
1740995660 43231 0
1740995662 43419 0
1740995664 43143 0
1740995666 43211 0
1740995668 43104 0
1740995671 43174 0
1740995673 43246 0
1740995675 43059 0
1740995677 43122 0
1740995679 43269 0
1740995681 43213 0
1740995683 43263 0
1740995685 43052 0
1740995687 43116 0
1740995689 43254 0
1740995691 43360 0
1740995693 43569 0
1740995695 43626 0
1740995697 43882 0
1740995699 43780 0
1740995701 43117 0
1740995703 43854 0
1740995705 43315 0
1740995707 43204 0
1740995709 43322 0
1740995711 43037 0
1740995713 43001 0
1740995716 43045 0
1740995718 43083 0
1740995720 43068 0
1740995722 43008 0
1740995724 43196 0
1740995726 43132 0
1740995728 43066 0
1740995730 43101 0
1740995732 43171 0
1740995734 43075 0
1740995736 43160 0
1740995738 43084 0
1740995740 43178 0
1740995742 43024 0
1740995744 42883 0
1740995746 43087 0
1740995748 43121 0
1740995750 43198 0
1740995752 43062 0
1740995754 43240 0
1740995756 43405 0
1740995758 43357 0
1740995760 44134 0
1740995763 43513 0
1740995765 43522 0
1740995767 43585 0
1740995769 43057 0
1740995771 43133 0
1740995773 43315 0
1740995775 43209 0
1740995777 43060 0
1740995779 43150 0
1740995781 43278 0
1740995783 43340 0
1740995785 43036 0
1740995787 43105 0
1740995789 43398 0
1740995791 43182 0
1740995793 43499 0
1740995795 43773 0
1740995797 43541 0
1740995799 43165 0
1740995801 43086 0
1740995803 42990 0
1740995805 42960 0
1740995807 43258 0
1740995810 43174 0
1740995812 43085 0
1740995814 42988 0
1740995816 43016 0
1740995818 42977 0
1740995820 43017 0
1740995822 42979 0
1740995824 43009 0
1740995826 42999 0
1740995828 43016 0
1740995830 43036 0
1740995832 43090 0
1740995834 43211 0
1740995836 43203 0
1740995838 43090 0
1740995840 43007 0
1740995842 42942 0
1740995844 43042 0
1740995846 42998 0
1740995848 43013 0
1740995850 43405 0
1740995852 43687 0
1740995854 43478 0
1740995857 43514 0
1740995859 43246 0
1740995861 43292 0
1740995863 43224 0
1740995865 43185 0
1740995867 42964 0
1740995869 43430 0
1740995871 43365 0
1740995873 43197 0
1740995875 43285 0
1740995877 43373 0
1740995879 43218 0
1740995881 43176 0
1740995883 43577 0
1740995885 43714 0
1740995887 43164 0
1740995889 43481 0
1740995891 43275 0
1740995893 43216 0
1740995895 43180 0
1740995897 43296 0
1740995899 43113 0
1740995902 43062 0
1740995904 43219 0
1740995906 43265 0
1740995908 43338 0
1740995910 43113 0
1740995912 43309 0
1740995914 42928 0
1740995916 43041 0
1740995918 43145 0
1740995920 43005 0
1740995922 43165 0
1740995924 43099 0
1740995926 43096 0
1740995928 43094 0
1740995930 43110 0
1740995932 43037 0
1740995934 43170 0
1740995936 43074 0
1740995938 43496 0
1740995940 43252 0
1740995942 43284 0
1740995944 43542 0
1740995946 43412 0
1740995949 43448 0
1740995951 43313 0
1740995953 43234 0
1740995955 43268 0
1740995957 43292 0
1740995959 43649 0
1740995961 43299 0
1740995963 43440 0
1740995965 43455 0
1740995967 43222 0
1740995969 43176 0
1740995971 43119 0
1740995973 43482 0
1740995975 43234 0
1740995977 43246 0
1740995979 43033 0
1740995981 43009 0
1740995983 43140 0
1740995985 43014 0
1740995987 43160 0
1740995989 43020 0
1740995991 42975 0
1740995993 43290 0
1740995996 43074 0
1740995998 43151 0
1740996000 43334 0
1740996002 43233 0
1740996004 43318 0
1740996006 43362 0
1740996008 42998 0
1740996010 43311 0
1740996012 43069 0
1740996014 43068 0
1740996016 43055 0
1740996018 43186 0
1740996020 43201 0
1740996022 42943 0
1740996024 43208 0
1740996026 42943 0
1740996028 43080 0
1740996030 43033 0
1740996032 43040 0
1740996034 43071 0
1740996036 43165 0
1740996038 43071 0
1740996041 42853 0
1740996043 43042 0
1740996045 43047 0
1740996047 42920 0
1740996049 42987 0
1740996051 43179 0
1740996053 42901 0
1740996055 43027 0
1740996057 43062 0
1740996059 43003 0
1740996061 43122 0
1740996063 43449 0
1740996065 43121 0
1740996067 42977 0
1740996069 43068 0
1740996071 43180 0
1740996073 43149 0
1740996075 43182 0
1740996077 43124 0
1740996079 43325 0
1740996081 43445 0
1740996083 43193 0
1740996085 43294 0
1740996088 43267 0
1740996090 43238 0
1740996092 43210 0
1740996094 43183 0
1740996096 43075 0
1740996098 43042 0
1740996100 42944 0
1740996102 43540 0
1740996104 43224 0
1740996106 43246 0
1740996108 43258 0
1740996110 43498 0
1740996112 43367 0
1740996114 43312 0
1740996116 43100 0
1740996118 43104 0
1740996120 43082 0
1740996122 43400 0
1740996124 43260 0
1740996126 43161 0
1740996128 43284 0
1740996130 43265 0
1740996132 43249 0
1740996135 43222 0
1740996137 43016 0
1740996139 43003 0
1740996141 43067 0
1740996143 43089 0
1740996145 43127 0
1740996147 43096 0
1740996149 43465 0
1740996151 43159 0
1740996153 43010 0
1740996155 43332 0
1740996157 43152 0
1740996159 43064 0
1740996161 42876 0
1740996163 43038 0
1740996165 43009 0
1740996167 43139 0
1740996169 43231 0
1740996171 43374 0
1740996173 43134 0
1740996175 43132 0
1740996177 43036 0
1740996180 43239 0
1740996182 43378 0
1740996184 43004 0
1740996186 43056 0
1740996188 42941 0
1740996190 43031 0
1740996192 43027 0
1740996194 42922 0
1740996196 42973 0
1740996198 43002 0
1740996200 43075 0
1740996202 43206 0
1740996204 43180 0
1740996206 42937 0
1740996208 43380 0
1740996210 42917 0
1740996212 43084 0
1740996214 42867 0
1740996216 43007 0
1740996218 42869 0
1740996220 43061 0
1740996222 43109 0
1740996224 42992 0
1740996227 43132 0
1740996229 43014 0
1740996231 43142 0
1740996233 43235 0
1740996235 43233 0
1740996237 43041 0
1740996239 43186 0
1740996241 43177 0
1740996243 43104 0
1740996245 43055 0
1740996247 43390 0
1740996249 43433 0
1740996251 43196 0
1740996253 43189 0
1740996255 43248 0
1740996257 43049 0
1740996259 43186 0
1740996261 43192 0
1740996263 42850 0
1740996265 42978 0
1740996267 42972 0
1740996269 43252 0
1740996272 42920 0
1740996274 42885 0
1740996276 43444 0
1740996278 42964 0
1740996280 42996 0
1740996282 43091 0
1740996284 43462 0
1740996286 43018 0
1740996288 43013 0
1740996290 43378 0
1740996292 43204 0
1740996294 42994 0
1740996296 42883 0
1740996298 42959 0
1740996300 43027 0
1740996302 42982 0
1740996304 42896 0
1740996306 43206 0
1740996308 43042 0
1740996310 43085 0
1740996312 42937 0
1740996314 42946 0
1740996316 43076 0
1740996319 43216 0
1740996321 43214 0
1740996323 43076 0
1740996325 43058 0
1740996327 42964 0
1740996329 43290 0
1740996331 42998 0
1740996333 42867 0
1740996335 43102 0
1740996337 43641 0
1740996339 43142 0
1740996341 43009 0
1740996343 42995 0
1740996345 43055 0
1740996347 43049 0
1740996349 42987 0
1740996351 43107 0
1740996353 43466 0
1740996355 43346 0
1740996357 43637 0
1740996359 43321 0
1740996361 43303 0
1740996363 43127 0
1740996366 43322 0
1740996368 43273 0
1740996370 43121 0
1740996372 43287 0
1740996374 43198 0
1740996376 43175 0
1740996378 43134 0
1740996380 43211 0
1740996382 43020 0
1740996384 42957 0
1740996386 43151 0
1740996388 42958 0
1740996390 43117 0
1740996392 42892 0
1740996394 42976 0
1740996396 43114 0
1740996398 43103 0
1740996400 43131 0
1740996402 43209 0
1740996404 42968 0
1740996406 43254 0
1740996408 43080 0
1740996411 43223 0
1740996413 43001 0
1740996415 43056 0
1740996417 43004 0
1740996419 43072 0
1740996421 43113 0
1740996423 43081 0
1740996425 42952 0
1740996427 43033 0
1740996429 43039 0
1740996431 42995 0
1740996433 42970 0
1740996435 42870 0
1740996437 43098 0
1740996439 43274 0
1740996441 43064 0
1740996443 43034 0
1740996445 42946 0
1740996447 43034 0
1740996449 43148 0
1740996451 43012 0
1740996453 43134 0
1740996455 43127 0
1740996458 42971 0
1740996460 42894 0
1740996462 42997 0
1740996464 43153 0
1740996466 42921 0
1740996468 42915 0
1740996470 42888 0
1740996472 42876 0
1740996474 43029 0
1740996476 43015 0
1740996478 42848 0
1740996480 42879 0
1740996482 43050 0
1740996484 43110 0
1740996486 43238 0
1740996488 42950 0
1740996490 43098 0
1740996492 43021 0
1740996494 43071 0
1740996496 42960 0
1740996498 43007 0
1740996500 43010 0
1740996502 42977 0
1740996505 43059 0
1740996507 42951 0
1740996509 42952 0
1740996511 43038 0
1740996513 43086 0
1740996515 42998 0
1740996517 43107 0
1740996519 42936 0
1740996521 43062 0
1740996523 43070 0
1740996525 42967 0
1740996527 43067 0
1740996529 43148 0
1740996531 43214 0
1740996533 43182 0
1740996535 43254 0
1740996537 43047 0
1740996539 43424 0
1740996541 43000 0
1740996543 43317 0
1740996545 43056 0
1740996547 43197 0
1740996549 43087 0
1740996552 43078 0
1740996554 43013 0
1740996556 43066 0
1740996558 43136 0
1740996560 42945 0
1740996562 43097 0
1740996564 43078 0
1740996566 43065 0
1740996568 43147 0
1740996570 43021 0
1740996572 43175 0
1740996574 43364 0
1740996576 42980 0
1740996578 43383 0
1740996580 43265 0
1740996582 43163 0
1740996584 43057 0
1740996586 43219 0
1740996588 43182 0
1740996590 43196 0
1740996592 43146 0
1740996594 43271 0
1740996597 43156 0
1740996599 43223 0
1740996601 43084 0
1740996603 43239 0
1740996605 43156 0
1740996607 43211 0
1740996609 43240 0
1740996611 43120 0
1740996613 43277 0
1740996615 43195 0
1740996617 43182 0
1740996619 43370 0
1740996621 43254 0
1740996623 43209 0
1740996625 43161 0
1740996627 43088 0
1740996629 43256 0
1740996631 43184 0
1740996633 43064 0
1740996635 43035 0
1740996637 42997 0
1740996639 43235 0
1740996641 43047 0
1740996644 43046 0
1740996646 43074 0
1740996648 43125 0
1740996650 43074 0
1740996652 43128 0
1740996654 43109 0
1740996656 43037 0
1740996658 43121 0
1740996660 43087 0
1740996662 42964 0
1740996664 43003 0
1740996666 43067 0
1740996668 43011 0
1740996670 42978 0
1740996672 43254 0
1740996674 43276 0
1740996676 43041 0
1740996678 42969 0
1740996680 43291 0
1740996682 42997 0
1740996684 43151 0
1740996686 43012 0
1740996688 43138 0
1740996691 43227 0
1740996693 43301 0
1740996695 43178 0
1740996697 43141 0
1740996699 43090 0
1740996701 43196 0
1740996703 43197 0
1740996705 43069 0
1740996707 43065 0
1740996709 43094 0
1740996711 43260 0
1740996713 43252 0
1740996715 43594 0
1740996717 43543 0
1740996719 43410 0
1740996721 43461 0
1740996723 43545 0
1740996725 43384 0
1740996727 43334 0
1740996729 43269 0
1740996731 43199 0
1740996733 43101 0
1740996736 43306 0
1740996738 43231 0
1740996740 43172 0
1740996742 43177 0
1740996744 43077 0
1740996746 43179 0
1740996748 43119 0
1740996750 43042 0
1740996752 43112 0
1740996754 43006 0
1740996756 43065 0
1740996758 43121 0
1740996760 43196 0
1740996762 43177 0
1740996764 43147 0
1740996766 43050 0
1740996768 43191 0
1740996770 43104 0
1740996772 43151 0
1740996774 43032 0
1740996776 43135 0
1740996778 43081 0
1740996780 43146 0
1740996783 43068 0
1740996785 43102 0
1740996787 43222 0
1740996789 43053 0
1740996791 43043 0
1740996793 43150 0
1740996795 43051 0
1740996797 43117 0
1740996799 43199 0
1740996801 43059 0
1740996803 43046 0
1740996805 43076 0
1740996807 43214 0
1740996809 43134 0
1740996811 43125 0
1740996813 43184 0
1740996815 43168 0
1740996817 42954 0
1740996819 43068 0
1740996821 42935 0
1740996823 43004 0
1740996825 43013 0
1740996827 43019 0
1740996830 43025 0
1740996832 43098 0
1740996834 43020 0
1740996836 43063 0
1740996838 42969 0
1740996840 43063 0
1740996842 43067 0
1740996844 43009 0
1740996846 43073 0
1740996848 43002 0
1740996850 43133 0
1740996852 43058 0
1740996854 43150 0
1740996856 43108 0
1740996858 43195 0
1740996860 43014 0
1740996862 43035 0
1740996864 42992 0
1740996866 43168 0
1740996868 43056 0
1740996870 43105 0
1740996872 43169 0
1740996874 43087 0
1740996877 42988 0
1740996879 43214 0
1740996881 43129 0
1740996883 43198 0
1740996885 42983 0
1740996887 43190 0
1740996889 43234 0
1740996891 43154 0
1740996893 43119 0
1740996895 43187 0
1740996897 43052 0
1740996899 43176 0
1740996901 42877 0
1740996903 43063 0
1740996905 43106 0
1740996907 43140 0
1740996909 43352 0
1740996911 43233 0
1740996913 43188 0
1740996915 43441 0
1740996917 43356 0
1740996919 43276 0
1740996922 43107 0
1740996924 43143 0
1740996926 43141 0
1740996928 43138 0
1740996930 43329 0
1740996932 43565 0
1740996934 43522 0
1740996936 43614 0
1740996938 43222 0
1740996940 43552 0
1740996942 43032 0
1740996944 42954 0
1740996946 43266 0
1740996948 43306 0
1740996950 43053 0
1740996952 43294 0
1740996954 43069 0
1740996956 43380 0
1740996958 43267 0
1740996960 43051 0
1740996962 43349 0
1740996964 43443 0
1740996966 43556 0
1740996969 43273 0
1740996971 43253 0
1740996973 43027 0
1740996975 43030 0
1740996977 43173 0
1740996979 43145 0
1740996981 43132 0
1740996983 43000 0
1740996985 42945 0
1740996987 43121 0
1740996989 43072 0
1740996991 43233 0
1740996993 43076 0
1740996995 43056 0
1740996997 43260 0
1740996999 43474 0
1740997001 43299 0
1740997003 43165 0
1740997005 43236 0
1740997007 43167 0
1740997009 43423 0
1740997011 43007 0
1740997014 43141 0
1740997016 43420 0
1740997018 43016 0
1740997020 43163 0
1740997022 43353 0
1740997024 43520 0
1740997026 43184 0
1740997028 43287 0
1740997030 43199 0
1740997032 43307 0
1740997034 43222 0
1740997036 43388 0
1740997038 43144 0
1740997040 43342 0
1740997042 43386 0
1740997044 43373 0
1740997046 43377 0
1740997048 43059 0
1740997050 43115 0
1740997052 43410 0
1740997054 43499 0
1740997056 43308 0
1740997058 43228 0
1740997061 43389 0
1740997063 43121 0
1740997065 43424 0
1740997067 43531 0
1740997069 43197 0
1740997071 43170 0
1740997073 43219 0
1740997075 43427 0
1740997077 43045 0
1740997079 43033 0
1740997081 43189 0
1740997083 43073 0
1740997085 43164 0
1740997087 43169 0
1740997089 43515 0
1740997091 43437 0
1740997093 43284 0
1740997095 42985 0
1740997097 42993 0
1740997099 43062 0
1740997101 43216 0
1740997103 43287 0
1740997106 43672 0
1740997108 43311 0
1740997110 43415 0
1740997112 43161 0
1740997114 43030 0
1740997116 43654 0
1740997118 43219 0
1740997120 43752 0
1740997122 43718 0
1740997124 43359 0
1740997126 43486 0
1740997128 43690 0
1740997130 43111 0
1740997132 43457 0
1740997134 43446 0
1740997136 44134 0
1740997138 43640 0
1740997140 43456 0
1740997142 43405 0
1740997144 43337 0
1740997146 43409 0
1740997148 43589 0
1740997150 43427 0
1740997153 43264 0
1740997155 43192 0
1740997157 43083 0
1740997159 43186 0
1740997161 43191 0
1740997163 43211 0
1740997165 43166 0
1740997167 43209 0
1740997169 43160 0
1740997171 43000 0
1740997173 43728 0
1740997175 43170 0
1740997177 43496 0
1740997179 43075 0
1740997181 43410 0
1740997183 43198 0
1740997185 43235 0
1740997187 43346 0
1740997189 43276 0
1740997191 43575 0
1740997193 43451 0
1740997195 43206 0
1740997197 43141 0
1740997200 43356 0
1740997202 43092 0
1740997204 42998 0
1740997206 43209 0
1740997208 43255 0
1740997210 43299 0
1740997212 43107 0
1740997214 43138 0
1740997216 43245 0
1740997218 43280 0
1740997220 43125 0
1740997222 43228 0
1740997224 43078 0
1740997226 43298 0
1740997228 43248 0
1740997230 43294 0
1740997232 43756 0
1740997234 43317 0
1740997236 43179 0
1740997238 43291 0
1740997240 43290 0
1740997242 43146 0
1740997244 43254 0
1740997247 43467 0
1740997249 43192 0
1740997251 43482 0
1740997253 43378 0
1740997255 43321 0
1740997257 43524 0
1740997259 43462 0
1740997261 43538 0
1740997263 43536 0
1740997265 43336 0
1740997267 43479 0
1740997269 43281 0
1740997271 43502 0
1740997273 43477 0
1740997275 43368 0
1740997277 43860 0
1740997279 43627 0
1740997281 43307 0
1740997283 43350 0
1740997285 43455 0
1740997287 43756 0
1740997289 43193 0
1740997292 43236 0
1740997294 43433 0
1740997296 43390 0
1740997298 43199 0
1740997300 43218 0
1740997302 43480 0
1740997304 43398 0
1740997306 43523 0
1740997308 43749 0
1740997310 43239 0
1740997312 43421 0
1740997314 43690 0
1740997316 43234 0
1740997318 43868 0
1740997320 43399 0
1740997322 43280 0
1740997324 43670 0
1740997326 43319 0
1740997328 43262 0
1740997330 43481 0
1740997332 43414 0
1740997334 43294 0
1740997336 43218 0
1740997339 43327 0
1740997341 43379 0
1740997343 43844 0
1740997345 43313 0
1740997347 43152 0
1740997349 43121 0
1740997351 43143 0
1740997353 43327 0
1740997355 43140 0
1740997357 43039 0
1740997359 43335 0
1740997361 43139 0
1740997363 42952 0
1740997365 43276 0
1740997367 43201 0
1740997369 43022 0
1740997371 43101 0
1740997373 42972 0
1740997375 43112 0
1740997377 43307 0
1740997379 43431 0
1740997381 43439 0
1740997384 43257 0
1740997386 43309 0
1740997388 43124 0
1740997390 43202 0
1740997392 43232 0
1740997394 43568 0
1740997396 43236 0
1740997398 43316 0
1740997400 43506 0
1740997402 43450 0
1740997404 43499 0
1740997406 43310 0
1740997408 43153 0
1740997410 43303 0
1740997412 43139 0
1740997414 42990 0
1740997416 43437 0
1740997418 43214 0
1740997420 43167 0
1740997422 43123 0
1740997424 43127 0
1740997426 43177 0
1740997428 43251 0
1740997431 43316 0
1740997433 43162 0
1740997435 43023 0
1740997437 43127 0
1740997439 42983 0
1740997441 43051 0
1740997443 43108 0
1740997445 43041 0
1740997447 43156 0
1740997449 43184 0
1740997451 43124 0
1740997453 43167 0
1740997455 43133 0
1740997457 43114 0
1740997459 42868 0
1740997461 43109 0
1740997463 43116 0
1740997465 43154 0
1740997467 43202 0
1740997469 42986 0
1740997471 43165 0
1740997474 43192 0
1740997476 43068 0
1740997478 43375 0
1740997480 42996 0
1740997482 43091 0
1740997484 43207 0
1740997486 43197 0
1740997488 43126 0
1740997490 43155 0
1740997492 43267 0
1740997494 43288 0
1740997496 43392 0
1740997498 43216 0
1740997500 43377 0
1740997502 43015 0
1740997504 42955 0
1740997506 43350 0
1740997508 43138 0
1740997510 43237 0
1740997512 43276 0
1740997514 43328 0
1740997516 43589 0
1740997519 43365 0
1740997521 43572 0
1740997523 43137 0
1740997525 43419 0
1740997527 43808 0
1740997529 43380 0
1740997531 43383 0
1740997533 43335 0
1740997535 43345 0
1740997537 43285 0
1740997539 43346 0
1740997541 43214 0
1740997543 43458 0
1740997545 43342 0
1740997547 43270 0
1740997549 43457 0
1740997551 43290 0
1740997553 43263 0
1740997555 43385 0
1740997557 43178 0
1740997559 43116 0
1740997561 43225 0
1740997563 42924 0
1740997566 43111 0
1740997568 43140 0
1740997570 43173 0
1740997572 43020 0
1740997574 43045 0
1740997576 43025 0
1740997578 43035 0
1740997580 43237 0
1740997582 43305 0
1740997584 43270 0
1740997586 43229 0
1740997588 43039 0
1740997590 43223 0
1740997592 43206 0
1740997594 43217 0
1740997596 43283 0
1740997598 43009 0
1740997600 43286 0
1740997602 43227 0
1740997604 43177 0
1740997606 43039 0
1740997608 43356 0
1740997610 43331 0
1740997613 43211 0
1740997615 43302 0
1740997617 43326 0
1740997619 43638 0
1740997621 43442 0
1740997623 43422 0
1740997625 43671 0
1740997627 43661 0
1740997629 43287 0
1740997631 43150 0
1740997633 43813 0
1740997635 43661 0
1740997637 43652 0
1740997639 43573 0
1740997641 44040 0
1740997643 44640 0
1740997645 44398 0
1740997647 43730 0
1740997649 43103 0
1740997651 43106 0
1740997653 43464 0
1740997655 43541 0
1740997658 43195 0
1740997660 43304 0
1740997662 43453 0
1740997664 43353 0
1740997666 43725 0
1740997668 43818 0
1740997670 43697 0
1740997672 43562 0
1740997674 43393 0
1740997676 43290 0
1740997678 43431 0
1740997680 43573 0
1740997682 43886 0
1740997684 43816 0
1740997686 43695 0
1740997688 43645 0
1740997690 43371 0
1740997692 43487 0
1740997694 43373 0
1740997696 43189 0
1740997698 43220 0
1740997700 43440 0
1740997702 43219 0
1740997705 43319 0
1740997707 43182 0
1740997709 43987 0
1740997711 43456 0
1740997713 43330 0
1740997715 43197 0
1740997717 43279 0
1740997719 43389 0
1740997721 43164 0
1740997723 43138 0
1740997725 43331 0
1740997727 43618 0
1740997729 43830 0
1740997731 43454 0
1740997733 43612 0
1740997735 43498 0
1740997737 43282 0
1740997739 43199 0
1740997741 43057 0
1740997743 42898 0
1740997745 43056 0
1740997747 43147 0
1740997749 43553 0
1740997752 43057 0
1740997754 43133 0
1740997756 43031 0
1740997758 43291 0
1740997760 43085 0
1740997762 42995 0
1740997764 43242 0
1740997766 43143 0
1740997768 43125 0
1740997770 43047 0
1740997772 43082 0
1740997774 43064 0
1740997776 43003 0
1740997778 43311 0
1740997780 43499 0
1740997782 43315 0
1740997784 43716 0
1740997786 43115 0
1740997788 43240 0
1740997790 43402 0
1740997792 43155 0
1740997794 43112 0
1740997797 43204 0
1740997799 43346 0
1740997801 43447 0
1740997803 43332 0
1740997805 43358 0
1740997807 43356 0
1740997809 43245 0
1740997811 43533 0
1740997813 43378 0
1740997815 43253 0
1740997817 43330 0
1740997819 43255 0
1740997821 43176 0
1740997823 43150 0
1740997825 43298 0
1740997827 43268 0
1740997829 43314 0
1740997831 43209 0
1740997833 43238 0
1740997835 43481 0
1740997837 43318 0
1740997839 43173 0
1740997841 43529 0
1740997844 43451 0
1740997846 43429 0
1740997848 43773 0
1740997850 43645 0
1740997852 43359 0
1740997854 43293 0
1740997856 43250 0
1740997858 43094 0
1740997860 43296 0
1740997862 43240 0
1740997864 43257 0
1740997866 43301 0
1740997868 43342 0
1740997870 43404 0
1740997872 43231 0
1740997874 43312 0
1740997876 43313 0
1740997878 43587 0
1740997880 43576 0
1740997882 43581 0
1740997884 43186 0
1740997886 43494 0
1740997888 43468 0
1740997891 43404 0
1740997893 43443 0
1740997895 43516 0
1740997897 43641 0
1740997899 43813 0
1740997901 43473 0
1740997903 43552 0
1740997905 43371 0
1740997907 43308 0
1740997909 43267 0
1740997911 43394 0
1740997913 43450 0
1740997915 43424 0
1740997917 43478 0
1740997919 43579 0
1740997921 43468 0
1740997923 43902 0
1740997925 43420 0
1740997927 43447 0
1740997929 43250 0
1740997931 43590 0
1740997933 43310 0
1740997936 43085 0
1740997938 43407 0
1740997940 43515 0
1740997942 43863 0
1740997944 43771 0
1740997946 43395 0
1740997948 43321 0
1740997950 43142 0
1740997952 43317 0
1740997954 43249 0
1740997956 43343 0
1740997958 43358 0
1740997960 43641 0
1740997962 43572 0
1740997964 43814 0
1740997966 43768 0
1740997968 43717 0
1740997970 43581 0
1740997972 43650 0
1740997974 43664 0
1740997976 43485 0
1740997978 43506 0
1740997980 43554 0
1740997983 43641 0
1740997985 43401 0
1740997987 43312 0
1740997989 43284 0
1740997991 43310 0
1740997993 43330 0
1740997995 43319 0
1740997997 43478 0
1740997999 43495 0
1740998001 43432 0
1740998003 43464 0
1740998005 43476 0
1740998007 43438 0
1740998009 43326 0
1740998011 43417 0
1740998013 43241 0
1740998015 44241 0
1740998017 43824 0
1740998019 43871 0
1740998021 43645 0
1740998023 43320 0
1740998025 43394 0
1740998028 43508 0
1740998030 43221 0
1740998032 43258 0
1740998034 43160 0
1740998036 43681 0
1740998038 43795 0
1740998040 43597 0
1740998042 43580 0
1740998044 43600 0
1740998046 43462 0
1740998048 43232 0
1740998050 43370 0
1740998052 43418 0
1740998054 43684 0
1740998056 43842 0
1740998058 43641 0
1740998060 43337 0
1740998062 43199 0
1740998064 43292 0
1740998066 43203 0
1740998068 43491 0
1740998070 43325 0
1740998073 43260 0
1740998075 43267 0
1740998077 43295 0
1740998079 43928 0
1740998081 43284 0
1740998083 43600 0
1740998085 43375 0
1740998087 43418 0
1740998089 43440 0
1740998091 43156 0
1740998093 43210 0
1740998095 43268 0
1740998097 43308 0
1740998099 43501 0
1740998101 43423 0
1740998103 43444 0
1740998161 43720 0
1740998163 43238 0
1740998165 43446 0
1740998167 43102 0
1740998169 43112 0
1740998171 43182 0
1740998173 43490 0
1740998175 43161 0
1740998177 43441 0
1740998179 43268 0
1740998181 43144 0
1740998183 43388 0
1740998185 43512 0
1740998187 43311 0
1740998189 43108 0
1740998191 43329 0
1740998193 43275 0
1740998195 43459 0
1740998197 43493 0
1740998199 43562 0
1740998201 43549 0
1740998204 43468 0
1740998206 43256 0
1740998208 43383 0
1740998210 43070 0
1740998212 43126 0
1740998214 43346 0
1740998216 43516 0
1740998218 43441 0
1740998220 43388 0
1740998222 43620 0
1740998224 43344 0
1740998226 43286 0
1740998228 43062 0
1740998230 43176 0
1740998232 43140 0
1740998234 43213 0
1740998236 43354 0
1740998238 43388 0
1740998240 43371 0
1740998242 43215 0
1740998245 43263 0
1740998247 43332 0
1740998249 43299 0
1740998251 43273 0
1740998253 43353 0
1740998255 43187 0
1740998257 43630 0
1740998259 43179 0
1740998261 43136 0
1740998263 43122 0
1740998265 43240 0
1740998267 43799 0
1740998269 43265 0
1740998271 43054 0
1740998273 43082 0
1740998275 43201 0
1740998277 43250 0
1740998279 43372 0
1740998281 43199 0
1740998283 43343 0
1740998285 43223 0
1740998287 43491 0
1740998290 43100 0
1740998292 43332 0
1740998294 43502 0
1740998296 43307 0
1740998298 43395 0
1740998300 43404 0
1740998302 43227 0
1740998304 43240 0
1740998306 43281 0
1740998308 43155 0
1740998310 42999 0
1740998312 43194 0
1740998314 43494 0
1740998316 43357 0
1740998318 43499 0
1740998320 43114 0
1740998322 43246 0
1740998324 43486 0
1740998326 43315 0
1740998328 43896 0
1740998330 43216 0
1740998332 43311 0
1740998334 43335 0
1740998337 43527 0
1740998339 43473 0
1740998341 43092 0
1740998343 43294 0
1740998345 43281 0
1740998347 43193 0
1740998349 43173 0
1740998351 43140 0
1740998353 43330 0
1740998355 43302 0
1740998357 43213 0
1740998359 43651 0
1740998361 43150 0
1740998363 43341 0
1740998365 43748 0
1740998367 43944 0
1740998369 43473 0
1740998371 43192 0
1740998373 43244 0
1740998375 43379 0
1740998377 43335 0
1740998379 43129 0
1740998381 43122 0
1740998384 43219 0
1740998386 43263 0
1740998388 43538 0
1740998390 43192 0
1740998392 43452 0
1740998394 43356 0
1740998396 43112 0
1740998398 43086 0
1740998400 43170 0
1740998402 43395 0
1740998404 43493 0
1740998406 43264 0
1740998408 43311 0
1740998410 43862 0
1740998412 43217 0
1740998414 43362 0
1740998416 43456 0
1740998418 43438 0
1740998420 43317 0
1740998422 43396 0
1740998424 43625 0
1740998426 44167 0
1740998428 43651 0
1740998431 43413 0
1740998433 43372 0
1740998435 43645 0
1740998437 43418 0
1740998439 43548 0
1740998441 43391 0
1740998443 43478 0
1740998445 43365 0
1740998447 43322 0
1740998449 43658 0
1740998451 43226 0
1740998453 43276 0
1740998455 43351 0
1740998457 43631 0
1740998459 43591 0
1740998461 43309 0
1740998463 43356 0
1740998465 43394 0
1740998467 43367 0
1740998469 43202 0
1740998471 43112 0
1740998473 43101 0
1740998476 43163 0
1740998478 43128 0
1740998480 43221 0
1740998482 43600 0
1740998484 43187 0
1740998486 43033 0
1740998488 43019 0
1740998490 43266 0
1740998492 43061 0
1740998494 43228 0
1740998496 43259 0
1740998498 43475 0
1740998500 43266 0
1740998502 43218 0
1740998504 43207 0
1740998506 43123 0
1740998508 43107 0
1740998510 43002 0
1740998512 43081 0
1740998514 43126 0
1740998516 43323 0
1740998518 43224 0
1740998520 43225 0
1740998523 43640 0
1740998525 43952 0
1740998527 43671 0
1740998529 43535 0
1740998531 44748 0
1740998533 43301 0
1740998535 43226 0
1740998537 43711 0
1740998539 43208 0
1740998541 43306 0
1740998543 43437 0
1740998545 43439 0
1740998547 43245 0
1740998549 43090 0
1740998551 43136 0
1740998553 43164 0
1740998555 43200 0
1740998557 43288 0
1740998559 43250 0
1740998561 43628 0
1740998563 43517 0
1740998565 43449 0
1740998567 43313 0
1740998570 43365 0
1740998572 43340 0
1740998574 43330 0
1740998576 43413 0
1740998578 43431 0
1740998580 43318 0
1740998582 43243 0
1740998584 43473 0
1740998586 43389 0
1740998588 43498 0
1740998590 43357 0
1740998592 43218 0
1740998594 43294 0
1740998596 43427 0
1740998598 43201 0
1740998600 43184 0
1740998602 43212 0
1740998604 43030 0
1740998606 43019 0
1740998608 43181 0
1740998610 43043 0
1740998612 43231 0
1740998615 43004 0
1740998617 43021 0
1740998619 43338 0
1740998621 43315 0
1740998623 43170 0
1740998625 43300 0
1740998627 43302 0
1740998629 43079 0
1740998631 43271 0
1740998633 43266 0
1740998635 43228 0
1740998637 43313 0
1740998639 43313 0
1740998641 43397 0
1740998643 43220 0
1740998645 43390 0
1740998647 43192 0
1740998649 43447 0
1740998651 43106 0
1740998653 43197 0
1740998655 43106 0
1740998657 43389 0
1740998659 43189 0
1740998662 43213 0
1740998664 43216 0
1740998666 43613 0
1740998668 43174 0
1740998670 43264 0
1740998672 43327 0
1740998674 43182 0
1740998676 43103 0
1740998678 43240 0
1740998680 43243 0
1740998682 43286 0
1740998684 43177 0
1740998686 43336 0
1740998688 43090 0
1740998690 43360 0
1740998692 43318 0
1740998694 43299 0
1740998696 43421 0
1740998698 43399 0
1740998700 43194 0
1740998702 43320 0
1740998704 43382 0
1740998706 43581 0
1740998709 43441 0
1740998711 43415 0
1740998713 43321 0
1740998715 43333 0
1740998717 43500 0
1740998719 43234 0
1740998721 43255 0
1740998723 43212 0
1740998725 43455 0
1740998727 43092 0
1740998729 43332 0
1740998731 43216 0
1740998733 43093 0
1740998735 43203 0
1740998737 43216 0
1740998739 43563 0
1740998741 43401 0
1740998743 43148 0
1740998745 43183 0
1740998747 43038 0
1740998749 43173 0
1740998751 43236 0
1740998754 43155 0
1740998756 43113 0
1740998758 43176 0
1740998760 43118 0
1740998762 43279 0
1740998764 43204 0
1740998766 43148 0
1740998768 43210 0
1740998770 43226 0
1740998772 43285 0
1740998774 43308 0
1740998776 43265 0
1740998778 43336 0
1740998780 43332 0
1740998782 43265 0
1740998784 43276 0
1740998786 43241 0
1740998788 43017 0
1740998790 43300 0
1740998792 43236 0
1740998795 43124 0
1740998797 43321 0
1740998799 43296 0
1740998801 43194 0
1740998803 43232 0
1740998805 43175 0
1740998807 43078 0
1740998809 43223 0
1740998811 43265 0
1740998813 43044 0
1740998815 43064 0
1740998817 43170 0
1740998819 43297 0
1740998821 43371 0
1740998823 43121 0
1740998825 43054 0
1740998827 43130 0
1740998829 43150 0
1740998831 43152 0
1740998833 43281 0
1740998835 43195 0
1740998837 43121 0
1740998839 43145 0
1740998842 43113 0
1740998844 43152 0
1740998846 43095 0
1740998848 43150 0
1740998850 43246 0
1740998852 43240 0
1740998854 43286 0
1740998856 43267 0
1740998858 43172 0
1740998860 43150 0
1740998862 43202 0
1740998864 43182 0
1740998866 43372 0
1740998868 43202 0
1740998870 43294 0
1740998872 43492 0
1740998874 43443 0
1740998876 43438 0
1740998878 43484 0
1740998880 43503 0
1740998882 43718 0
1740998885 43486 0
1740998887 43258 0
1740998889 43536 0
1740998891 43457 0
1740998893 43334 0
1740998895 43210 0
1740998897 43354 0
1740998899 43511 0
1740998901 43434 0
1740998903 43090 0
1740998905 43367 0
1740998907 43186 0
1740998909 43250 0
1740998911 43301 0
1740998913 43386 0
1740998915 43408 0
1740998917 43342 0
1740998919 43392 0
1740998921 43325 0
1740998923 43211 0
1740998925 43324 0
1740998927 43351 0
1740998929 43477 0
1740998932 43292 0
1740998934 43412 0
1740998936 43205 0
1740998938 43267 0
1740998940 43269 0
1740998942 43172 0
1740998944 43326 0
1740998946 43383 0
1740998948 43469 0
1740998950 43588 0
1740998952 43601 0
1740998954 43370 0
1740998956 43483 0
1740998958 43708 0
1740998960 43469 0
1740998962 43582 0
1740998964 43466 0
1740998966 43465 0
1740998968 43228 0
1740998970 43558 0
1740998972 43390 0
1740998974 43620 0
1740998976 43538 0
1740998979 43528 0
1740998981 43532 0
1740998983 43649 0
1740998985 43629 0
1740998987 44102 0
1740998989 43628 0
1740998991 43523 0
1740998993 43521 0
1740998995 43464 0
1740998997 43411 0
1740998999 43467 0
1740999001 43380 0
1740999003 43700 0
1740999005 43348 0
1740999007 43306 0
1740999009 43381 0
1740999011 43530 0
1740999013 43179 0
1740999015 43302 0
1740999017 43552 0
1740999019 43152 0
1740999021 43176 0
1740999024 43256 0
1740999026 43163 0
1740999028 43289 0
1740999030 43240 0
1740999032 43114 0
1740999034 43287 0
1740999036 43231 0
1740999038 43249 0
1740999040 43251 0
1740999042 43395 0
1740999044 43236 0
1740999046 43320 0
1740999048 43503 0
1740999050 43251 0
1740999052 43286 0
1740999054 43270 0
1740999056 43456 0
1740999058 43401 0
1740999060 43368 0
1740999062 43237 0
1740999064 43217 0
1740999066 43463 0
1740999068 43415 0
1740999071 43403 0
1740999073 43193 0
1740999075 43307 0
1740999077 43432 0
1740999079 43509 0
1740999081 43353 0
1740999083 43146 0
1740999085 43347 0
1740999087 43356 0
1740999089 43347 0
1740999091 43083 0
1740999093 43223 0
1740999095 43464 0
1740999097 43341 0
1740999099 43191 0
1740999101 43198 0
1740999103 43323 0
1740999105 43230 0
1740999107 43468 0
1740999109 43446 0
1740999111 43495 0
1740999113 43526 0
1740999115 43293 0
1740999118 43627 0
1740999120 43517 0
1740999122 43395 0
1740999124 43149 0
1740999126 43782 0
1740999128 43286 0
1740999130 43670 0
1740999132 43629 0
1740999134 43361 0
1740999136 43277 0
1740999138 43259 0
1740999140 43302 0
1740999142 43424 0
1740999144 43436 0
1740999146 43291 0
1740999148 43218 0
1740999150 43167 0
1740999152 43153 0
1740999154 43451 0
1740999156 43314 0
1740999158 43507 0
1740999160 43487 0
1740999163 43546 0
1740999165 43115 0
1740999167 43175 0
1740999169 43096 0
1740999171 43426 0
1740999173 43098 0
1740999175 43078 0
1740999177 43377 0
1740999179 43711 0
1740999181 43306 0
1740999183 43276 0
1740999185 43522 0
1740999187 43533 0
1740999189 43260 0
1740999191 43240 0
1740999193 43076 0
1740999195 43277 0
1740999197 43296 0
1740999199 43394 0
1740999201 43295 0
1740999203 43216 0
1740999205 43229 0
1740999207 43665 0
1740999210 43225 0
1740999212 43181 0
1740999214 43325 0
1740999216 43281 0
1740999218 43206 0
1740999220 43299 0
1740999222 43136 0
1740999224 43134 0
1740999226 43061 0
1740999228 43471 0
1740999230 43389 0
1740999232 43169 0
1740999234 43099 0
1740999236 43355 0
1740999238 43422 0
1740999240 43260 0
1740999242 43632 0
1740999244 43512 0
1740999246 43136 0
1740999248 43484 0
1740999250 43169 0
1740999252 43246 0
1740999255 43316 0
1740999257 43393 0
1740999259 43189 0
1740999261 43546 0
1740999263 43354 0
1740999265 43978 0
1740999267 43681 0
1740999269 43194 0
1740999271 43336 0
1740999273 43342 0
1740999275 43213 0
1740999277 43414 0
1740999279 43512 0
1740999281 43117 0
1740999283 43415 0
1740999285 43110 0
1740999287 43640 0
1740999289 43199 0
1740999291 43045 0
1740999293 43157 0
1740999295 43087 0
1740999297 43214 0
1740999299 43152 0
1740999302 43155 0
1740999304 43064 0
1740999306 43199 0
1740999308 43181 0
1740999310 43691 0
1740999312 43402 0
1740999314 43207 0
1740999316 43075 0
1740999318 43221 0
1740999320 43361 0
1740999322 43338 0
1740999324 43310 0
1740999326 43215 0
1740999328 43327 0
1740999330 43331 0
1740999332 43283 0
1740999334 43320 0
1740999336 43394 0
1740999338 43344 0
1740999340 43278 0
1740999342 43407 0
1740999344 43245 0
1740999346 43247 0
1740999349 43267 0
1740999351 43248 0
1740999353 43423 0
1740999355 43342 0
1740999357 44189 0
1740999359 43433 0
1740999361 43373 0
1740999363 43179 0
1740999365 43527 0
1740999367 43246 0
1740999369 43330 0
1740999371 43052 0
1740999373 42991 0
1740999375 43350 0
1740999377 43380 0
1740999379 43788 0
1740999381 43618 0
1740999383 43328 0
1740999385 43393 0
1740999387 43376 0
1740999389 43375 0
1740999391 43276 0
1740999394 43398 0
1740999396 43185 0
1740999398 43381 0
1740999400 43130 0
1740999402 43439 0
1740999404 43235 0
1740999406 43372 0
1740999408 43271 0
1740999410 43292 0
1740999412 43165 0
1740999414 43125 0
1740999416 43695 0
1740999418 43578 0
1740999420 43325 0
1740999422 43410 0
1740999424 43449 0
1740999426 43505 0
1740999428 43185 0
1740999430 43182 0
1740999432 43266 0
1740999434 43225 0
1740999436 43188 0
1740999439 43537 0
1740999441 43434 0
1740999443 43242 0
1740999445 43384 0
1740999447 43481 0
1740999449 43449 0
1740999451 43335 0
1740999453 43102 0
1740999455 43344 0
1740999457 43153 0
1740999459 43240 0
1740999461 43299 0
1740999463 43329 0
1740999465 43173 0
1740999467 43513 0
1740999469 43298 0
1740999471 43233 0
1740999473 43419 0
1740999475 43235 0
1740999477 43069 0
1740999479 43464 0
1740999481 43211 0
1740999484 43116 0
1740999486 43270 0
1740999488 43107 0
1740999490 43232 0
1740999492 43473 0
1740999494 43326 0
1740999496 43570 0
1740999498 43132 0
1740999500 43248 0
1740999502 42914 0
1740999504 43136 0
1740999506 43149 0
1740999508 43099 0
1740999510 43298 0
1740999512 43197 0
1740999514 43194 0
1740999516 43492 0
1740999518 43591 0
1740999520 43242 0
1740999522 43475 0
1740999524 43191 0
1740999526 43247 0
1740999528 43135 0
1740999531 43148 0
1740999533 43274 0
1740999535 43142 0
1740999537 43053 0
1740999539 43754 0
1740999541 43182 0
1740999543 43332 0
1740999545 43186 0
1740999547 43197 0
1740999549 43274 0
1740999551 43487 0
1740999553 43371 0
1740999555 43091 0
1740999557 43026 0
1740999559 43544 0
1740999561 43228 0
1740999563 43427 0
1740999565 43483 0
1740999567 43101 0
1740999569 43194 0
1740999571 43347 0
1740999573 43156 0
1740999575 42876 0
1740999578 43055 0
1740999580 43004 0
1740999582 43190 0
1740999584 43181 0
1740999586 43221 0
1740999588 43132 0
1740999590 43105 0
1740999592 43171 0
1740999594 43272 0
1740999596 43267 0
1740999598 43436 0
1740999600 43253 0
1740999602 43227 0
1740999604 43198 0
1740999606 43121 0
1740999608 43125 0
1740999610 43231 0
1740999612 43179 0
1740999614 43298 0
1740999616 43230 0
1740999618 43196 0
1740999620 43006 0
1740999623 43440 0
1740999625 43292 0
1740999627 43165 0
1740999629 43154 0
1740999631 43508 0
1740999633 43414 0
1740999635 43257 0
1740999637 43164 0
1740999639 43074 0
1740999641 43672 0
1740999643 43498 0
1740999645 43138 0
1740999647 43351 0
1740999649 43239 0
1740999651 43307 0
1740999653 43425 0
1740999655 43207 0
1740999657 43611 0
1740999659 43290 0
1740999661 43339 0
1740999663 43291 0
1740999665 43265 0
1740999667 43236 0
1740999670 43238 0
1740999672 43133 0
1740999674 43173 0
1740999676 43081 0
1740999678 43177 0
1740999680 43760 0
1740999682 43523 0
1740999684 43181 0
1740999686 43559 0
1740999688 43171 0
1740999690 43240 0
1740999692 43139 0
1740999694 43293 0
1740999696 43847 0
1740999698 43312 0
1740999700 43331 0
1740999702 43191 0
1740999704 43473 0
1740999706 43234 0
1740999708 43816 0
1740999710 43319 0
1740999712 43045 0
1740999714 43287 0
1740999717 43253 0
1740999719 43321 0
1740999721 43243 0
1740999723 43343 0
1740999725 43344 0
1740999727 43679 0
1740999729 43374 0
1740999731 43378 0
1740999733 43409 0
1740999735 43396 0
1740999737 43291 0
1740999739 43584 0
1740999741 43692 0
1740999743 43274 0
1740999745 43293 0
1740999747 43232 0
1740999749 43536 0
1740999751 43284 0
1740999753 43111 0
1740999755 43170 0
1740999757 43196 0
1740999759 43304 0
1740999762 43662 0
1740999764 44094 0
1740999766 43849 0
1740999768 43708 0
1740999770 43609 0
1740999772 43897 0
1740999774 43646 0
1740999776 43630 0
1740999778 43430 0
1740999780 43731 0
1740999782 43457 0
1740999784 43916 0
1740999786 43801 0
1740999788 43470 0
1740999790 43652 0
1740999792 43293 0
1740999794 43029 0
1740999796 43411 0
1740999798 43215 0
1740999800 43138 0
1740999802 43633 0
1740999804 43370 0
1740999806 43236 0
1740999809 43101 0
1740999811 43510 0
1740999813 43251 0
1740999815 43297 0
1740999817 43249 0
1740999819 43631 0
1740999821 43181 0
1740999823 43338 0
1740999825 43248 0
1740999827 43544 0
1740999829 43307 0
1740999831 43120 0
1740999833 43185 0
1740999835 43046 0
1740999837 43110 0
1740999839 43327 0
1740999841 43208 0
1740999843 43145 0
1740999845 43440 0
1740999847 43599 0
1740999849 43307 0
1740999851 43509 0
1740999854 43327 0
1740999856 43130 0
1740999858 43450 0
1740999860 43399 0
1740999862 43262 0
1740999864 43409 0
1740999866 43421 0
1740999868 43739 0
1740999870 43405 0
1740999872 43489 0
1740999874 43376 0
1740999876 43264 0
1740999878 43629 0
1740999880 43607 0
1740999882 43395 0
1740999884 43532 0
1740999886 43498 0
1740999888 43331 0
1740999890 43224 0
1740999892 43288 0
1740999894 43245 0
1740999896 43345 0
1740999898 43455 0
1740999901 43689 0
1740999903 43497 0
1740999905 43408 0
1740999907 43209 0
1740999909 43482 0
1740999911 43564 0
1740999913 43358 0
1740999915 43415 0
1740999917 43410 0
1740999919 43285 0
1740999921 43262 0
1740999923 43432 0
1740999925 43616 0
1740999927 43672 0
1740999929 43486 0
1740999931 43213 0
1740999933 43368 0
1740999935 43405 0
1740999937 43430 0
1740999939 43486 0
1740999941 43229 0
1740999943 43382 0
1740999945 43262 0
1740999948 43595 0
1740999950 43543 0
1740999952 43505 0
1740999954 43415 0
1740999956 43293 0
1740999958 43275 0
1740999960 43368 0
1740999962 43166 0
1740999964 43236 0
1740999966 43301 0
1740999968 43348 0
1740999970 43367 0
1740999972 43535 0
1740999974 43653 0
1740999976 43161 0
1740999978 43720 0
1740999980 43358 0
1740999982 43302 0
1740999984 43280 0
1740999986 43176 0
1740999988 43345 0
1740999990 43374 0
1740999992 43601 0
1740999995 43581 0
1740999997 43251 0
1740999999 43376 0
1741000001 43430 0
1741000003 43391 0
1741000005 43410 0
1741000007 43334 0
1741000009 43389 0
1741000011 43291 0
1741000013 43458 0
1741000015 43246 0
1741000017 43488 0
1741000019 43385 0
1741000021 43526 0
1741000023 43347 0
1741000025 43363 0
1741000027 43296 0
1741000029 43226 0
1741000031 43219 0
1741000033 43168 0
1741000035 43204 0
1741000038 43236 0
1741000040 43067 0
1741000042 43113 0
1741000044 43281 0
1741000046 43164 0
1741000048 43165 0
1741000050 43294 0
1741000052 43713 0
1741000054 43490 0
1741000056 43589 0
1741000058 43495 0
1741000060 43182 0
1741000062 43509 0
1741000064 43193 0
1741000066 43217 0
1741000068 43321 0
1741000070 43673 0
1741000072 43529 0
1741000074 43754 0
1741000076 43271 0
1741000078 43221 0
1741000080 43266 0
1741000082 43277 0
1741000085 43446 0
1741000087 43400 0
1741000089 43706 0
1741000091 43615 0
1741000093 43708 0
1741000095 43364 0
1741000097 43438 0
1741000099 43331 0
1741000101 43452 0
1741000103 43209 0
1741000105 43364 0
1741000107 43388 0
1741000109 43413 0
1741000111 43217 0
1741000113 43188 0
1741000115 43137 0
1741000117 43434 0
1741000119 43475 0
1741000121 43467 0
1741000123 43362 0
1741000125 43500 0
1741000127 43400 0
1741000130 43254 0
1741000132 43287 0
1741000134 43428 0
1741000136 43129 0
1741000138 43238 0
1741000140 43272 0
1741000142 43233 0
1741000144 43235 0
1741000146 43150 0
1741000148 43177 0
1741000150 43157 0
1741000152 43197 0
1741000154 43253 0
1741000156 43279 0
1741000158 43330 0
1741000160 43261 0
1741000162 43234 0
1741000164 43279 0
1741000166 43328 0
1741000168 43260 0
1741000170 43293 0
1741000172 43342 0
1741000174 43261 0
1741000177 43325 0
1741000179 43595 0
1741000181 43375 0
1741000183 43400 0
1741000185 43264 0
1741000187 43695 0
1741000189 43877 0
1741000191 43580 0
1741000193 43662 0
1741000195 43646 0
1741000197 43290 0
1741000199 43528 0
1741000201 43267 0
1741000203 43277 0
1741000205 43323 0
1741000207 43256 0
1741000209 43382 0
1741000211 43397 0
1741000213 43235 0
1741000215 43298 0
1741000217 43251 0
1741000219 43231 0
1741000221 43441 0
1741000224 43240 0
1741000226 43348 0
1741000228 43174 0
1741000230 43229 0
1741000232 43343 0
1741000234 43317 0
1741000236 43445 0
1741000238 43726 0
1741000240 43607 0
1741000242 43434 0
1741000244 43290 0
1741000246 43458 0
1741000248 43740 0
1741000250 43378 0
1741000252 43247 0
1741000254 43626 0
1741000256 43607 0
1741000258 43720 0
1741000260 43918 0
1741000262 43692 0
1741000264 43670 0
1741000266 43738 0
1741000269 43558 0
1741000271 43554 0
1741000273 43488 0
1741000275 43599 0
1741000277 43726 0
1741000279 43426 0
1741000281 43558 0
1741000283 43278 0
1741000285 43248 0
1741000287 43550 0
1741000289 43645 0
1741000291 43314 0
1741000293 43515 0
1741000295 43233 0
1741000297 43309 0
1741000299 43281 0
1741000301 43499 0
1741000303 43640 0
1741000305 43659 0
1741000307 44019 0
1741000309 43939 0
1741000311 43640 0
1741000313 43370 0
1741000316 43352 0
1741000318 43358 0
1741000320 43493 0
1741000322 43389 0
1741000324 43796 0
1741000326 43614 0
1741000328 43263 0
1741000330 43354 0
1741000332 43259 0
1741000334 43236 0
1741000336 43497 0
1741000338 43492 0
1741000340 43387 0
1741000342 43255 0
1741000344 43695 0
1741000346 43479 0
1741000348 44009 0
1741000350 44193 0
1741000352 43308 0
1741000354 43324 0
1741000356 43603 0
1741000358 43395 0
1741000361 43575 0
1741000363 43510 0
1741000365 43631 0
1741000367 43455 0
1741000369 43688 0
1741000371 43387 0
1741000373 43428 0
1741000375 43292 0
1741000377 43491 0
1741000379 43474 0
1741000381 43292 0
1741000383 43196 0
1741000385 43354 0
1741000387 43787 0
1741000389 43220 0
1741000391 43470 0
1741000393 43203 0
1741000395 43241 0
1741000397 43323 0
1741000399 43143 0
1741000401 43247 0
1741000403 43313 0
1741000405 43239 0
1741000408 43236 0
1741000410 43523 0
1741000412 43249 0
1741000414 43262 0
1741000416 43118 0
1741000418 43202 0
1741000420 43294 0
1741000422 43435 0
1741000424 43452 0
1741000426 43226 0
1741000428 43425 0
1741000430 43447 0
1741000432 43409 0
1741000434 43847 0
1741000436 43496 0
1741000438 44099 0
1741000440 43401 0
1741000442 43197 0
1741000444 43132 0
1741000446 43129 0
1741000448 43283 0
1741000450 43170 0
1741000453 43128 0
1741000455 43503 0
1741000457 43377 0
1741000459 43288 0
1741000461 43128 0
1741000463 43273 0
1741000465 43419 0
1741000467 43426 0
1741000469 43311 0
1741000471 43284 0
1741000473 43122 0
1741000475 43149 0
1741000477 43284 0
1741000479 43566 0
1741000481 43752 0
1741000483 43296 0
1741000485 43501 0
1741000487 43406 0
1741000489 43266 0
1741000491 43413 0
1741000493 43379 0
1741000495 43296 0
1741000497 43592 0
1741000500 43629 0
1741000502 43258 0
1741000504 43275 0
1741000506 43290 0
1741000508 43355 0
1741000510 43232 0
1741000512 43337 0
1741000514 43460 0
1741000516 43988 0
1741000518 43384 0
1741000520 43296 0
1741000522 43185 0
1741000524 43362 0
1741000526 43277 0
1741000528 43332 0
1741000530 43418 0
1741000532 44514 0
1741000534 43433 0
1741000536 43313 0
1741000538 43384 0
1741000540 43505 0
1741000542 43592 0
1741000544 43444 0
1741000547 43255 0
1741000549 43219 0
1741000551 43304 0
1741000553 43210 0
1741000555 43512 0
1741000557 43704 0
1741000559 43349 0
1741000561 43409 0
1741000563 43383 0
1741000565 43572 0
1741000567 43658 0
1741000569 43321 0
1741000571 43307 0
1741000573 43623 0
1741000575 43518 0
1741000577 43873 0
1741000579 43399 0
1741000581 43267 0
1741000583 43146 0
1741000585 43291 0
1741000587 43416 0
1741000589 43318 0
1741000592 43345 0
1741000594 43354 0
1741000596 43308 0
1741000598 43288 0
1741000600 43333 0
1741000602 43371 0
1741000604 43244 0
1741000606 43381 0
1741000608 43490 0
1741000610 43799 0
1741000612 43670 0
1741000614 43175 0
1741000616 43430 0
1741000618 43270 0
1741000620 43496 0
1741000622 43339 0
1741000624 43541 0
1741000626 43108 0
1741000628 43163 0
1741000630 43325 0
1741000632 43220 0
1741000634 43324 0
1741000636 43300 0
1741000639 43503 0
1741000641 43397 0
1741000643 43422 0
1741000645 43467 0
1741000647 43326 0
1741000649 43247 0
1741000651 43125 0
1741000653 43246 0
1741000655 43202 0
1741000657 43299 0
1741000659 43427 0
1741000661 43333 0
1741000663 43428 0
1741000665 44000 0
1741000667 43242 0
1741000669 43322 0
1741000671 43260 0
1741000673 43230 0
1741000675 43225 0
1741000677 43164 0
1741000679 43435 0
1741000681 43657 0
1741000684 43563 0
1741000686 43418 0
1741000688 43360 0
1741000690 43563 0
1741000692 43455 0
1741000694 43330 0
1741000696 43207 0
1741000698 43479 0
1741000700 43631 0
1741000702 43197 0
1741000704 43571 0
1741000706 43210 0
1741000708 43270 0
1741000710 43376 0
1741000712 43428 0
1741000714 43401 0
1741000716 43468 0
1741000718 43215 0
1741000720 43199 0
1741000722 43431 0
1741000724 43832 0
1741000726 43243 0
1741000728 43312 0
1741000731 43338 0
1741000733 43279 0
1741000735 43357 0
1741000737 43226 0
1741000739 43529 0
1741000741 43875 0
1741000743 43559 0
1741000745 43276 0
1741000747 43180 0
1741000749 43330 0
1741000751 43494 0
1741000753 43505 0
1741000755 43646 0
1741000757 43405 0
1741000759 43442 0
1741000761 43511 0
1741000763 43420 0
1741000765 43509 0
1741000767 43527 0
1741000769 43491 0
1741000771 43414 0
1741000773 43303 0
1741000775 43289 0
1741000778 43458 0
1741000780 43427 0
1741000782 43342 0
1741000784 43244 0
1741000786 43311 0
1741000788 43558 0
1741000790 43323 0
1741000792 43304 0
1741000794 43419 0
1741000796 43588 0
1741000798 43515 0
1741000800 43320 0
1741000802 43651 0
1741000804 43372 0
1741000806 43311 0
1741000808 43613 0
1741000810 43589 0
1741000812 43603 0
1741000814 43471 0
1741000816 43369 0
1741000818 43322 0
1741000820 43427 0
1741000823 43609 0
1741000825 43551 0
1741000827 43513 0
1741000829 43555 0
1741000831 43649 0
1741000833 43448 0
1741000835 43397 0
1741000837 43492 0
1741000839 43289 0
1741000841 43298 0
1741000843 43353 0
1741000845 43289 0
1741000847 43333 0
1741000849 43536 0
1741000851 43454 0
1741000853 43346 0
1741000855 43549 0
1741000857 43418 0
1741000859 43210 0
1741000861 43356 0
1741000864 43339 0
1741000866 43370 0
1741000868 43372 0
1741000870 43472 0
1741000872 43364 0
1741000874 43283 0
1741000876 43386 0
1741000878 43669 0
1741000880 43380 0
1741000882 43570 0
1741000884 43552 0
1741000886 43409 0
1741000888 43400 0
1741000890 43348 0
1741000892 43324 0
1741000894 43286 0
1741000896 43315 0
1741000898 43435 0
1741000900 43314 0
1741000902 43306 0
1741000904 43471 0
1741000906 43312 0
1741000908 43354 0
1741000911 43426 0
1741000913 43490 0
1741000915 43596 0
1741000917 43629 0
1741000919 43604 0
1741000921 43520 0
1741000923 43384 0
1741000925 43479 0
1741000927 43389 0
1741000929 43549 0
1741000931 43594 0
1741000933 43605 0
1741000935 43401 0
1741000937 43329 0
1741000939 43394 0
1741000941 43457 0
1741000943 43562 0
1741000945 43379 0
1741000947 43416 0
1741000949 43428 0
1741000951 43345 0
1741000953 43419 0
1741000956 43436 0
1741000958 43425 0
1741000960 43348 0
1741000962 43537 0
1741000964 43616 0
1741000966 43539 0
1741000968 43430 0
1741000970 43485 0
1741000972 43538 0
1741000974 43406 0
1741000976 43337 0
1741000978 43473 0
1741000980 43482 0
1741000982 43693 0
1741000984 43892 0
1741000986 43640 0
1741000988 43485 0
1741000990 43454 0
1741000992 43444 0
1741000994 43557 0
1741000996 43498 0
1741000998 43467 0
1741001001 43444 0
1741001003 43406 0
1741001005 43494 0
1741001007 43604 0
1741001009 43487 0
1741001011 43420 0
1741001013 43438 0
1741001015 43481 0
1741001017 43425 0
1741001019 43331 0
1741001021 43429 0
1741001023 43527 0
1741001025 43458 0
1741001027 43474 0
1741001029 43639 0
1741001031 43572 0
1741001033 43545 0
1741001035 43510 0
1741001037 43409 0
1741001039 43663 0
1741001041 43725 0
1741001043 43491 0
1741001045 43341 0
1741001048 43248 0
1741001050 43256 0
1741001052 43448 0
1741001054 43606 0
1741001056 43661 0
1741001058 43582 0
1741001060 43517 0
1741001062 43378 0
1741001064 43361 0
1741001066 43391 0
1741001068 43451 0
1741001070 43287 0
1741001072 43332 0
1741001074 43304 0
1741001076 43470 0
1741001078 43369 0
1741001080 43723 0
1741001082 43824 0
1741001084 43361 0
1741001086 43410 0
1741001088 43522 0
1741001090 43387 0
1741001092 43335 0
1741001095 43440 0
1741001097 43738 0
1741001099 43810 0
1741001101 43769 0
1741001103 43529 0
1741001105 43493 0
1741001107 43618 0
1741001109 43481 0
1741001111 43386 0
1741001113 43480 0
1741001115 43348 0
1741001117 43746 0
1741001119 43637 0
1741001121 43476 0
1741001123 43549 0
1741001125 43647 0
1741001127 43601 0
1741001129 43490 0
1741001131 43658 0
1741001133 43483 0
1741001135 43479 0
1741001137 43395 0
1741001140 43446 0
1741001142 43582 0
1741001144 43720 0
1741001146 43553 0
1741001148 43540 0
1741001150 43531 0
1741001152 43505 0
1741001154 43524 0
1741001156 43486 0
1741001158 43463 0
1741001160 43597 0
1741001162 43763 0
1741001164 43663 0
1741001166 43452 0
1741001168 43536 0
1741001170 43663 0
1741001172 43976 0
1741001174 43540 0
1741001176 43481 0
1741001178 43463 0
1741001180 43583 0
1741001182 43466 0
1741001184 43515 0
1741001187 43467 0
1741001189 43529 0
1741001191 43608 0
1741001193 43554 0
1741001195 43355 0
1741001197 43355 0
1741001199 43420 0
1741001201 43479 0
1741001203 43559 0
1741001205 43426 0
1741001207 43639 0
1741001209 43529 0
1741001211 43475 0
1741001213 43534 0
1741001215 43611 0
1741001217 43706 0
1741001219 43561 0
1741001221 43565 0
1741001223 43493 0
1741001225 43482 0
1741001227 43480 0
1741001229 43599 0
1741001232 43576 0
1741001234 43634 0
1741001236 43694 0
1741001238 43776 0
1741001240 43639 0
1741001242 43428 0
1741001244 43561 0
1741001246 43592 0
1741001248 43528 0
1741001250 43686 0
1741001252 43763 0
1741001254 43721 0
1741001256 43655 0
1741001258 43729 0
1741001260 43657 0
1741001262 43575 0
1741001264 43735 0
1741001266 43456 0
1741001268 43502 0
1741001270 43586 0
1741001272 43551 0
1741001274 43732 0
1741001276 43593 0
1741001279 43657 0
1741001281 43670 0
1741001283 43842 0
1741001285 43734 0
1741001287 43579 0
1741001289 43689 0
1741001291 43651 0
1741001293 43389 0
1741001295 43551 0
1741001297 43759 0
1741001299 43534 0
1741001301 43508 0
1741001303 43789 0
1741001305 43661 0
1741001307 43471 0
1741001309 43828 0
1741001311 43820 0
1741001313 43602 0
1741001315 43614 0
1741001317 43646 0
1741001319 43503 0
1741001321 43683 0
1741001323 43799 0
1741001326 43699 0
1741001328 43440 0
1741001330 43463 0
1741001332 43576 0
1741001334 43514 0
1741001336 43534 0
1741001338 43468 0
1741001340 43408 0
1741001342 43436 0
1741001344 43416 0
1741001346 43578 0
1741001348 43585 0
1741001350 43582 0
1741001352 43507 0
1741001354 43669 0
1741001356 43627 0
1741001358 43507 0
1741001360 43483 0
1741001362 43488 0
1741001364 43674 0
1741001366 43741 0
1741001368 43496 0
1741001371 43553 0
1741001373 43508 0
1741001375 43525 0
1741001377 43653 0
1741001379 43649 0
1741001381 43527 0
1741001383 43466 0
1741001385 43633 0
1741001387 43610 0
1741001389 43439 0
1741001391 43542 0
1741001393 43565 0
1741001395 43623 0
1741001397 43548 0
1741001399 43559 0
1741001401 43568 0
1741001403 43626 0
1741001405 43525 0
1741001407 43579 0
1741001409 43626 0
1741001411 43595 0
1741001413 43616 0
1741001415 43554 0
1741001418 43506 0
1741001420 43793 0
1741001422 43618 0
1741001424 43345 0
1741001426 43646 0
1741001428 43668 0
1741001430 43860 0
1741001432 43744 0
1741001434 43503 0
1741001436 43504 0
1741001438 43689 0
1741001440 43576 0
1741001442 43663 0
1741001444 43568 0
1741001446 43585 0
1741001448 43612 0
1741001450 43537 0
1741001452 43815 0
1741001454 43511 0
1741001456 43514 0
1741001458 43782 0
1741001460 43444 0
1741001462 43737 0
1741001465 43717 0
1741001467 43627 0
1741001469 43445 0
1741001471 43564 0
1741001473 43568 0
1741001475 43483 0
1741001477 43652 0
1741001479 43596 0
1741001481 43465 0
1741001483 43401 0
1741001485 43787 0
1741001487 43543 0
1741001489 43428 0
1741001491 43668 0
1741001493 43496 0
1741001495 43470 0
1741001497 43646 0
1741001499 43516 0
1741001501 43383 0
1741001503 43506 0
1741001505 43536 0
1741001507 43638 0
1741001510 43612 0
1741001512 43715 0
1741001514 43556 0
1741001516 43429 0
1741001518 43655 0
1741001520 43493 0
1741001522 43504 0
1741001524 43494 0
1741001526 43516 0
1741001528 43517 0
1741001530 43485 0
1741001532 43632 0
1741001534 43479 0
1741001536 43504 0
1741001538 43465 0
1741001540 43534 0
1741001542 43504 0
1741001544 43464 0
1741001546 43569 0
1741001548 43483 0
1741001550 43412 0
1741001552 43443 0
1741001555 43505 0
1741001557 43603 0
1741001559 43523 0
1741001561 43599 0
1741001563 43410 0
1741001565 43427 0
1741001567 43520 0
1741001569 43394 0
1741001571 43690 0
1741001573 43409 0
1741001575 43417 0
1741001577 43467 0
1741001579 43404 0
1741001581 43430 0
1741001583 43610 0
1741001585 43403 0
1741001587 43383 0
1741001589 43604 0
1741001591 43642 0
1741001593 43551 0
1741001595 43400 0
1741001597 43393 0
1741001600 43453 0
1741001602 43534 0
1741001604 43513 0
1741001606 43336 0
1741001608 43621 0
1741001610 43357 0
1741001612 43386 0
1741001614 43332 0
1741001616 43540 0
1741001618 43358 0
1741001620 43413 0
1741001622 43536 0
1741001624 43321 0
1741001626 43365 0
1741001628 43312 0
1741001630 43392 0
1741001632 43577 0
1741001634 43714 0
1741001636 43701 0
1741001638 43754 0
1741001640 43371 0
1741001642 43520 0
1741001644 43670 0
1741001647 43599 0
1741001649 43452 0
1741001651 43500 0
1741001653 43547 0
1741001655 43573 0
1741001657 43377 0
1741001659 43415 0
1741001661 43491 0
1741001663 43508 0
1741001665 43558 0
1741001667 43665 0
1741001669 43589 0
1741001671 43455 0
1741001673 43569 0
1741001675 39324 0
1741001677 39362 0
1741001679 39336 0
1741001681 39345 0
1741001683 39214 0
1741001685 39340 0
1741001687 39326 0
1741001689 39347 0
1741001691 39348 0
1741001694 39402 0
1741001696 39341 0
1741001698 39248 0
1741001700 39323 0
1741001702 39271 0
1741001704 39310 0
1741001706 39361 0
1741001708 39453 0
1741001710 39305 0
1741001712 39311 0
1741001714 39349 0
1741001716 39281 0
1741001718 39337 0
1741001720 39254 0
1741001722 39292 0
1741001724 39291 0
1741001726 39280 0
1741001728 39319 0
1741001730 43506 0
1741001732 43465 0
1741001734 43522 0
1741001736 43412 0
1741001739 43760 0
1741001741 43563 0
1741001743 43260 0
1741001745 43341 0
1741001747 43397 0
1741001749 43266 0
1741001751 43416 0
1741001753 43421 0
1741001755 43455 0
1741001757 43318 0
1741001759 43443 0
1741001761 43460 0
1741001763 43629 0
1741001765 43378 0
1741001767 43466 0
1741001769 43367 0
1741001771 43599 0
1741001773 43469 0
1741001775 43348 0
1741001777 43531 0
1741001779 43625 0
1741001781 43498 0
1741001783 43621 0
1741001786 43543 0
1741001788 43481 0
1741001790 43534 0
1741001792 43561 0
1741001794 43420 0
1741001796 43380 0
1741001798 43497 0
1741001800 43373 0
1741001802 43416 0
1741001804 43630 0
1741001806 43610 0
1741001808 43366 0
1741001810 43547 0
1741001812 43405 0
1741001814 43556 0
1741001816 43508 0
1741001818 43483 0
1741001820 43449 0
1741001822 43381 0
1741001824 43528 0
1741001826 43459 0
1741001828 43595 0
1741001830 43633 0
1741001833 43337 0
1741001835 43522 0
1741001837 43588 0
1741001839 43624 0
1741001841 43426 0
1741001843 43350 0
1741001845 43499 0
1741001847 43705 0
1741001849 43491 0
1741001851 43610 0
1741001853 43544 0
1741001855 43359 0
1741001857 43507 0
1741001859 43657 0
1741001861 43499 0
1741001863 43329 0
1741001865 43492 0
1741001867 43488 0
1741001869 43533 0
1741001871 43433 0
1741001873 43577 0
1741001875 43657 0
1741001877 43480 0
1741001880 43550 0
1741001882 43486 0
1741001884 43448 0
1741001886 43447 0
1741001888 43454 0
1741001890 43631 0
1741001892 43548 0
1741001894 43527 0
1741001896 43367 0
1741001898 43467 0
1741001900 43746 0
1741001902 43406 0
1741001904 43657 0
1741001906 43388 0
1741001908 43498 0
1741001910 43577 0
1741001912 43386 0
1741001914 43570 0
1741001916 43587 0
1741001918 43446 0
1741001920 43418 0
1741001922 43613 0
1741001924 43506 0
1741001927 43479 0
1741001929 43789 0
1741001931 43737 0
1741001933 43523 0
1741001935 43556 0
1741001937 43345 0
1741001939 43380 0
1741001941 43512 0
1741001943 43532 0
1741001945 43458 0
1741001947 43456 0
1741001949 43521 0
1741001951 43425 0
1741001953 43335 0
1741001955 43421 0
1741001957 43357 0
1741001959 43460 0
1741001961 43452 0
1741001963 43510 0
1741001965 43512 0
1741001967 43466 0
1741001969 43415 0
1741001972 43372 0
1741001974 43559 0
1741001976 43546 0
1741001978 43677 0
1741001980 43524 0
1741001982 43630 0
1741001984 43778 0
1741001986 43479 0
1741001988 43457 0
1741001990 43616 0
1741001992 43654 0
1741001994 43450 0
1741001996 43424 0
1741001998 43471 0
1741002000 43513 0
1741002002 43480 0
1741002004 43470 0
1741002006 43474 0
1741002008 43518 0
1741002010 43652 0
1741002012 43501 0
1741002014 43694 0
1741002016 43464 0
1741002019 43585 0
1741002021 43430 0
1741002023 43399 0
1741002025 43330 0
1741002027 43352 0
1741002029 43528 0
1741002031 43510 0
1741002033 43476 0
1741002035 43495 0
1741002037 43467 0
1741002039 43462 0
1741002041 43460 0
1741002043 43487 0
1741002045 43486 0
1741002047 43517 0
1741002049 43490 0
1741002051 43528 0
1741002053 43487 0
1741002055 43509 0
1741002057 43430 0
1741002059 43472 0
1741002061 43508 0
1741002063 43562 0
1741002066 43566 0
1741002068 43462 0
1741002070 43496 0
1741002072 43679 0
1741002074 43915 0
1741002076 43658 0
1741002078 43620 0
1741002080 43608 0
1741002082 43545 0
1741002084 43449 0
1741002086 43430 0
1741002088 43347 0
1741002090 43405 0
1741002092 43455 0
1741002094 43183 0
1741002096 43322 0
1741002098 43304 0
1741002100 43395 0
1741002102 43450 0
1741002104 43287 0
1741002106 43393 0
1741002108 43380 0
1741002111 43251 0
1741002113 43355 0
1741002115 43346 0
1741002117 43550 0
1741002119 43383 0
1741002121 43374 0
1741002123 43599 0
1741002125 43349 0
1741002127 43418 0
1741002129 43468 0
1741002131 43443 0
1741002133 43239 0
1741002135 43522 0
1741002137 43476 0
1741002139 43557 0
1741002141 43609 0
1741002143 43562 0
1741002145 43341 0
1741002147 43313 0
1741002149 43397 0
1741002151 43227 0
1741002153 43393 0
1741002155 43599 0
1741002158 43295 0
1741002160 43277 0
1741002162 43244 0
1741002164 43466 0
1741002166 43459 0
1741002168 43376 0
1741002170 43282 0
1741002172 43312 0
1741002174 43735 0
1741002176 43448 0
1741002178 43998 0
1741002180 43467 0
1741002182 43424 0
1741002184 46822 0
1741002186 44062 0
1741002188 43668 0
1741002190 43556 0
1741002192 43660 0
1741002194 43502 0
1741002196 43620 0
1741002198 43585 0
1741002200 43370 0
1741002203 43367 0
1741002205 43421 0
1741002207 43620 0
1741002209 43518 0
1741002211 43497 0
1741002213 43454 0
1741002215 43550 0
1741002217 43516 0
1741002219 43367 0
1741002221 43483 0
1741002223 43551 0
1741002225 43546 0
1741002227 43532 0
1741002229 43342 0
1741002231 43448 0
1741002233 43501 0
1741002235 43515 0
1741002237 43469 0
1741002239 43748 0
1741002241 43353 0
1741002243 43396 0
1741002245 43580 0
1741002247 43372 0
1741002250 43611 0
1741002252 43599 0
1741002254 43611 0
1741002256 43339 0
1741002258 43395 0
1741002260 43583 0
1741002262 43404 0
1741002264 43684 0
1741002266 43430 0
1741002268 43588 0
1741002270 43532 0
1741002272 43512 0
1741002274 43468 0
1741002276 43514 0
1741002278 43525 0
1741002280 43508 0
1741002282 43494 0
1741002284 43516 0
1741002286 43646 0
1741002288 43549 0
1741002290 43664 0
1741002292 43540 0
1741002295 43535 0
1741002297 43545 0
1741002299 43509 0
1741002301 43250 0
1741002303 43493 0
1741002305 43401 0
1741002307 43525 0
1741002309 43402 0
1741002311 43376 0
1741002313 43294 0
1741002315 43456 0
1741002317 43544 0
1741002319 43407 0
1741002321 43491 0
1741002323 43507 0
1741002325 43413 0
1741002327 43523 0
1741002329 43592 0
1741002331 43524 0
1741002333 43330 0
1741002335 43539 0
1741002337 43398 0
1741002339 43436 0
1741002342 43324 0
1741002344 43430 0
1741002346 43369 0
1741002348 43673 0
1741002350 43560 0
1741002352 43419 0
1741002354 43341 0
1741002356 43335 0
1741002358 43434 0
1741002360 43521 0
1741002362 43458 0
1741002364 43415 0
1741002366 43472 0
1741002368 43392 0
1741002370 43334 0
1741002372 43261 0
1741002374 43306 0
1741002376 43427 0
1741002378 43406 0
1741002380 43397 0
1741002382 43262 0
1741002384 43298 0
1741002387 43182 0
1741002389 43362 0
1741002391 43435 0
1741002393 43454 0
1741002395 43320 0
1741002397 43505 0
1741002399 43444 0
1741002401 43376 0
1741002403 43301 0
1741002405 43542 0
1741002407 43507 0
1741002409 43315 0
1741002411 43342 0
1741002413 43298 0
1741002415 43363 0
1741002417 43314 0
1741002419 43287 0
1741002421 43358 0
1741002423 43572 0
1741002425 43484 0
1741002427 43637 0
1741002429 43342 0
1741002431 43360 0
1741002434 43377 0
1741002436 43386 0
1741002438 43247 0
1741002440 43417 0
1741002442 43329 0
1741002444 43423 0
1741002446 43751 0
1741002448 43590 0
1741002450 43530 0
1741002452 43241 0
1741002454 43403 0
1741002456 43541 0
1741002458 43643 0
1741002460 43639 0
1741002462 43496 0
1741002464 43362 0
1741002466 43632 0
1741002468 43459 0
1741002470 43356 0
1741002472 43470 0
1741002474 43807 0
1741002476 43552 0
1741002479 43524 0
1741002481 43601 0
1741002483 43737 0
1741002485 43737 0
1741002487 43534 0
1741002489 43450 0
1741002491 43429 0
1741002493 43420 0
1741002495 43555 0
1741002497 43633 0
1741002499 43374 0
1741002501 43323 0
1741002503 43272 0
1741002505 43303 0
1741002507 43394 0
1741002509 43737 0
1741002511 43585 0
1741002513 43478 0
1741002515 43341 0
1741002517 43627 0
1741002519 43477 0
1741002521 43633 0
1741002523 43873 0
1741002526 43464 0
1741002528 43415 0
1741002530 43454 0
1741002532 43850 0
1741002534 43776 0
1741002536 43544 0
1741002538 43541 0
1741002540 43662 0
1741002542 43525 0
1741002544 43355 0
1741002546 43529 0
1741002548 43494 0
1741002550 43456 0
1741002552 43389 0
1741002554 43360 0
1741002556 43379 0
1741002558 43438 0
1741002560 43457 0
1741002562 43325 0
1741002564 43257 0
1741002566 43211 0
1741002568 43242 0
1741002570 43305 0
1741002573 43391 0
1741002575 43571 0
1741002577 43794 0
1741002579 43814 0
1741002581 43775 0
1741002583 43734 0
1741002585 43615 0
1741002587 43806 0
1741002589 43545 0
1741002591 43798 0
1741002593 43605 0
1741002595 43490 0
1741002597 43502 0
1741002599 43544 0
1741002601 43596 0
1741002603 43528 0
1741002605 43657 0
1741002607 43529 0
1741002609 43518 0
1741002611 43711 0
1741002613 43528 0
1741002615 43563 0
1741002618 43554 0
1741002620 43611 0
1741002622 43525 0
1741002624 43499 0
1741002626 43418 0
1741002628 43543 0
1741002630 43598 0
1741002632 43710 0
1741002634 43590 0
1741002636 43604 0
1741002638 43598 0
1741002640 43696 0
1741002642 43547 0
1741002644 43479 0
1741002646 43547 0
1741002648 43630 0
1741002650 43582 0
1741002652 43614 0
1741002654 43475 0
1741002656 43497 0
1741002658 43463 0
1741002660 43605 0
1741002662 43641 0
1741002665 43592 0
1741002667 43621 0
1741002669 43432 0
1741002671 43496 0
1741002673 43557 0
1741002675 43471 0
1741002677 43761 0
1741002679 43963 0
1741002681 43830 0
1741002683 44568 0
1741002685 44011 0
1741002687 43962 0
1741002689 43813 0
1741002691 44316 0
1741002693 44048 0
1741002695 44320 0
1741002697 43786 0
1741002699 43703 0
1741002701 43623 0
1741002703 43726 0
1741002705 43911 0
1741002707 43922 0
1741002709 43459 0
1741002712 43440 0
1741002714 43584 0
1741002716 43555 0
1741002718 43715 0
1741002720 43945 0
1741002722 44594 0
1741002724 44798 0
1741002726 43626 0
1741002728 43884 0
1741002730 43597 0
1741002732 43419 0
1741002734 43547 0
1741002736 43722 0
1741002738 43532 0
1741002740 43948 0
1741002742 45089 0
1741002744 44214 0
1741002746 43416 0
1741002748 43551 0
1741002750 43714 0
1741002752 43854 0
1741002754 44679 0
1741002756 44098 0
1741002759 43305 0
1741002761 43466 0
1741002763 43457 0
1741002765 43383 0
1741002767 43416 0
1741002769 43674 0
1741002771 43996 0
1741002773 43574 0
1741002775 43621 0
1741002777 44287 0
1741002779 44263 0
1741002781 44168 0
1741002783 44435 0
1741002785 43495 0
1741002787 43596 0
1741002789 43530 0
1741002791 43711 0
1741002793 45076 0
1741002795 43931 0
1741002797 43504 0
1741002799 43613 0
1741002801 43472 0
1741002804 43462 0
1741002806 43566 0
1741002808 43341 0
1741002810 43459 0
1741002812 43531 0
1741002814 43406 0
1741002816 43526 0
1741002818 43503 0
1741002820 43538 0
1741002822 43524 0
1741002824 43483 0
1741002826 43730 0
1741002828 43499 0
1741002830 43643 0
1741002832 44067 0
1741002834 43884 0
1741002836 43686 0
1741002838 43802 0
1741002840 44523 0
1741002842 43493 0
1741002844 43990 0
1741002846 43430 0
1741002848 43360 0
1741002851 43238 0
1741002853 43458 0
1741002855 43379 0
1741002857 43481 0
1741002859 44102 0
1741002861 43732 0
1741002863 43852 0
1741002865 43668 0
1741002867 43567 0
1741002869 43395 0
1741002871 43361 0
1741002873 43462 0
1741002875 43448 0
1741002877 43462 0
1741002879 43385 0
1741002881 43482 0
1741002883 43416 0
1741002885 43495 0
1741002887 43828 0
1741002889 44496 0
1741002891 44907 0
1741002893 43905 0
1741002895 44374 0
1741002898 44220 0
1741002900 43741 0
1741002902 43869 0
1741002904 43930 0
1741002906 43790 0
1741002908 43855 0
1741002910 43743 0
1741002912 43701 0
1741002914 43720 0
1741002916 43699 0
1741002918 43697 0
1741002920 44063 0
1741002922 43940 0
1741002924 43641 0
1741002926 43384 0
1741002928 43678 0
1741002930 44000 0
1741002932 43889 0
1741002934 43787 0
1741002936 43929 0
1741002938 43825 0
1741002940 43981 0
1741002942 43950 0
1741002945 43667 0
1741002947 43632 0
1741002949 43519 0
1741002951 43576 0
1741002953 43718 0
1741002955 43817 0
1741002957 43629 0
1741002959 43402 0
1741002961 43448 0
1741002963 43554 0
1741002965 43548 0
1741002967 43699 0
1741002969 43641 0
1741002971 43581 0
1741002973 43609 0
1741002975 43979 0
1741002977 44148 0
1741002979 44163 0
1741002981 43724 0
1741002983 43573 0
1741002985 43666 0
1741002987 43780 0
1741002990 43751 0
1741002992 43677 0
1741002994 43700 0
1741002996 43910 0
1741002998 44249 0
1741003000 43720 0
1741003002 43475 0
1741003004 43362 0
1741003006 43478 0
1741003008 43376 0
1741003010 43407 0
1741003012 43680 0
1741003014 44314 0
1741003016 44171 0
1741003018 43616 0
1741003020 43672 0
1741003022 43834 0
1741003024 44262 0
1741003026 43788 0
1741003028 44036 0
1741003030 44163 0
1741003032 43755 0
1741003035 43532 0
1741003037 43658 0
1741003039 43574 0
1741003041 43643 0
1741003043 43379 0
1741003045 43831 0
1741003047 43855 0
1741003049 43877 0
1741003051 43701 0
1741003053 43684 0
1741003055 43630 0
1741003057 43761 0
1741003059 43625 0
1741003061 43568 0
1741003063 43618 0
1741003065 43512 0
1741003067 43743 0
1741003069 43814 0
1741003071 43791 0
1741003073 43685 0
1741003075 43757 0
1741003077 43590 0
1741003079 43551 0
1741003082 43487 0
1741003084 43505 0
1741003086 43548 0
1741003088 43744 0
1741003090 44572 0
1741003092 43874 0
1741003094 43508 0
1741003096 43405 0
1741003098 43474 0
1741003100 43457 0
1741003102 43525 0
1741003104 43500 0
1741003106 43457 0
1741003108 43915 0
1741003110 43970 0
1741003112 43645 0
1741003114 43454 0
1741003116 43470 0
1741003118 43648 0
1741003120 44031 0
1741003122 43633 0
1741003124 43641 0
1741003126 43707 0
1741003129 43559 0
1741003131 43712 0
1741003133 43536 0
1741003135 43638 0
1741003137 43663 0
1741003139 43534 0
1741003141 43418 0
1741003143 43624 0
1741003145 43631 0
1741003147 43432 0
1741003149 43549 0
1741003151 43679 0
1741003153 43701 0
1741003155 43640 0
1741003157 43457 0
1741003159 43496 0
1741003161 43567 0
1741003163 43437 0
1741003165 43294 0
1741003167 43492 0
1741003169 43372 0
1741003171 43270 0
1741003174 43418 0
1741003176 43418 0
1741003178 43484 0
1741003180 43601 0
1741003182 43458 0
1741003184 43452 0
1741003186 43730 0
1741003188 44055 0
1741003190 44353 0
1741003192 43469 0
1741003194 43700 0
1741003196 43603 0
1741003198 43541 0
1741003200 43546 0
1741003202 43894 0
1741003204 43753 0
1741003206 43971 0
1741003208 43703 0
1741003210 43633 0
1741003212 43439 0
1741003214 43496 0
1741003216 43598 0
1741003218 43517 0
1741003221 43460 0
1741003223 43344 0
1741003225 43563 0
1741003227 43988 0
1741003229 43937 0
1741003231 43781 0
1741003233 43817 0
1741003235 43453 0
1741003237 43509 0
1741003239 43243 0
1741003241 43670 0
1741003243 43659 0
1741003245 43572 0
1741003247 44235 0
1741003249 43575 0
1741003251 44027 0
1741003253 43411 0
1741003255 43534 0
1741003257 43766 0
1741003259 43815 0
1741003261 43576 0
1741003263 44219 0
1741003265 43513 0
1741003268 43455 0
1741003270 43557 0
1741003272 43688 0
1741003274 43862 0
1741003276 43974 0
1741003278 43551 0
1741003280 43610 0
1741003282 43494 0
1741003284 43579 0
1741003286 43570 0
1741003288 43415 0
1741003290 43484 0
1741003292 43530 0
1741003294 43668 0
1741003296 43489 0
1741003298 43477 0
1741003300 43550 0
1741003302 43550 0
1741003304 43576 0
1741003306 43567 0
1741003308 43610 0
1741003310 43761 0
1741003313 43856 0
1741003315 43785 0
1741003317 43676 0
1741003319 43633 0
1741003321 43445 0
1741003323 43287 0
1741003325 43632 0
1741003327 44016 0
1741003329 43821 0
1741003331 43832 0
1741003333 43733 0
1741003335 43569 0
1741003337 43975 0
1741003339 43743 0
1741003341 43276 0
1741003343 43570 0
1741003345 43564 0
1741003347 43654 0
1741003349 44189 0
1741003351 43691 0
1741003353 43537 0
1741003355 43511 0
1741003357 43642 0
1741003360 43709 0
1741003362 43435 0
1741003364 43493 0
1741003366 43455 0
1741003368 43505 0
1741003370 43425 0
1741003372 43463 0
1741003374 43768 0
1741003376 44043 0
1741003378 44475 0
1741003380 43711 0
1741003382 43493 0
1741003384 43614 0
1741003386 43740 0
1741003388 43532 0
1741003390 43569 0
1741003392 44061 0
1741003394 43535 0
1741003396 43426 0
1741003398 43429 0
1741003400 43423 0
1741003402 43496 0
1741003404 43474 0
1741003407 43456 0
1741003409 43550 0
1741003411 43729 0
1741003413 44081 0
1741003415 43893 0
1741003417 43769 0
1741003419 43506 0
1741003421 43726 0
1741003423 43444 0
1741003425 43403 0
1741003427 43464 0
1741003429 43514 0
1741003431 43423 0
1741003433 43308 0
1741003435 43537 0
1741003437 43736 0
1741003439 43893 0
1741003441 43636 0
1741003443 43637 0
1741003445 43854 0
1741003447 43853 0
1741003449 43721 0
1741003452 43823 0
1741003454 43517 0
1741003456 43409 0
1741003458 43503 0
1741003460 43635 0
1741003462 43582 0
1741003464 43522 0
1741003467 43500 0
1741003469 43582 0
1741003471 43361 0
1741003473 43424 0
1741003475 43541 0
1741003477 43526 0
1741003479 43522 0
1741003481 43552 0
1741003483 43604 0
1741003485 43709 0
1741003487 43974 0
1741003490 43841 0
1741003492 43411 0
1741003494 43374 0
1741003496 43449 0
1741003498 43436 0
1741003500 43637 0
1741003502 43598 0
1741003504 43415 0
1741003506 43749 0
1741003508 43827 0
1741003510 43846 0
1741003512 43785 0
1741003514 43521 0
1741003516 43579 0
1741003518 43669 0
1741003520 43500 0
1741003522 43458 0
1741003524 43394 0
1741003526 43402 0
1741003528 43466 0
1741003530 43591 0
1741003532 43508 0
1741003534 43492 0
1741003537 43436 0
1741003539 43236 0
1741003541 43360 0
1741003543 43388 0
1741003545 43509 0
1741003547 43600 0
1741003549 43540 0
1741003551 43761 0
1741003553 43858 0
1741003555 43422 0
1741003557 43394 0
1741003559 43406 0
1741003561 43495 0
1741003563 43513 0
1741003565 43565 0
1741003567 43600 0
1741003569 43546 0
1741003571 43792 0
1741003573 44243 0
1741003575 43438 0
1741003577 43448 0
1741003579 43674 0
1741003582 44048 0
1741003584 43694 0
1741003586 43603 0
1741003588 43658 0
1741003590 43598 0
1741003592 43892 0
1741003594 43840 0
1741003596 43943 0
1741003598 44075 0
1741003600 43654 0
1741003602 43509 0
1741003604 43470 0
1741003606 43528 0
1741003608 43540 0
1741003610 43333 0
1741003612 43345 0
1741003614 43597 0
1741003616 43730 0
1741003618 43770 0
1741003620 43573 0
1741003622 43724 0
1741003624 43635 0
1741003626 43650 0
1741003629 43408 0
1741003631 43368 0
1741003633 43259 0
1741003635 43601 0
1741003637 43477 0
1741003639 43644 0
1741003641 44457 0
1741003643 44502 0
1741003645 43527 0
1741003647 43404 0
1741003649 43442 0
1741003651 43574 0
1741003653 43574 0
1741003655 43442 0
1741003657 43556 0
1741003659 43573 0
1741003661 43660 0
1741003663 43464 0
1741003665 43547 0
1741003667 43745 0
1741003669 43612 0
1741003671 43506 0
1741003673 44233 0
1741003676 43758 0
1741003678 43694 0
1741003680 43796 0
1741003682 43741 0
1741003684 43608 0
1741003686 43756 0
1741003688 44985 0
1741003690 43686 0
1741003692 43405 0
1741003694 43427 0
1741003696 44416 0
1741003698 43643 0
1741003700 43309 0
1741003702 43374 0
1741003704 43662 0
1741003706 43842 0
1741003708 43700 0
1741003710 43897 0
1741003712 43771 0
1741003714 43521 0
1741003716 43650 0
1741003718 43629 0
1741003721 43823 0
1741003723 43828 0
1741003725 43751 0
1741003727 43779 0
1741003729 43942 0
1741003731 43760 0
1741003733 43638 0
1741003735 43717 0
1741003737 43534 0
1741003739 43735 0
1741003741 43550 0
1741003743 44238 0
1741003745 43411 0
1741003747 43418 0
1741003749 43554 0
1741003751 43323 0
1741003753 43613 0
1741003755 43581 0
1741003757 43644 0
1741003759 43478 0
1741003761 43965 0
1741003763 43540 0
1741003766 43815 0
1741003768 43640 0
1741003770 43552 0
1741003772 43709 0
1741003774 43641 0
1741003776 43624 0
1741003778 43577 0
1741003780 43490 0
1741003782 43794 0
1741003784 43522 0
1741003786 43668 0
1741003788 43664 0
1741003790 43561 0
1741003792 43472 0
1741003794 43625 0
1741003796 44041 0
1741003798 43928 0
1741003800 43759 0
1741003802 43633 0
1741003804 44278 0
1741003806 43551 0
1741003808 43438 0
1741003810 43427 0
1741003813 43429 0
1741003815 43652 0
1741003817 43533 0
1741003819 43502 0
1741003821 43568 0
1741003823 43484 0
1741003825 43564 0
1741003827 43572 0
1741003829 43638 0
1741003831 43417 0
1741003833 43594 0
1741003835 43543 0
1741003837 43723 0
1741003839 43722 0
1741003841 43605 0
1741003843 43578 0
1741003845 43809 0
1741003847 43828 0
1741003849 43658 0
1741003851 43561 0
1741003853 43796 0
1741003855 43704 0
1741003857 43668 0
1741003860 44147 0
1741003862 43557 0
1741003864 43520 0
1741003866 43401 0
1741003868 43602 0
1741003870 43551 0
1741003872 43573 0
1741003874 43560 0
1741003876 43710 0
1741003878 43623 0
1741003880 43658 0
1741003882 43583 0
1741003884 43741 0
1741003886 43597 0
1741003888 43809 0
1741003890 43766 0
1741003892 43458 0
1741003894 43351 0
1741003896 43569 0
1741003898 43610 0
1741003900 43561 0
1741003902 43574 0
1741003904 43551 0
1741003907 43448 0
1741003909 43427 0
1741003911 43559 0
1741003913 43672 0
1741003915 43568 0
1741003917 43928 0
1741003919 43685 0
1741003921 43729 0
1741003923 43528 0
1741003925 43558 0
1741003927 43877 0
1741003929 43712 0
1741003931 43966 0
1741003933 43687 0
1741003935 43538 0
1741003937 43632 0
1741003939 44125 0
1741003941 43981 0
1741003943 43740 0
1741003945 43500 0
1741003947 43490 0
1741003949 44218 0
1741003952 43795 0
1741003954 43907 0
1741003956 43849 0
1741003958 43535 0
1741003960 43703 0
1741003962 43490 0
1741003964 43768 0
1741003966 43586 0
1741003968 43680 0
1741003970 43893 0
1741003972 43802 0
1741003974 43593 0
1741003976 43881 0
1741003978 43601 0
1741003980 43673 0
1741003982 43479 0
1741003984 43505 0
1741003986 43720 0
1741003988 43668 0
1741003990 43838 0
1741003992 44435 0
1741003994 43667 0
1741003996 43622 0
1741003999 43827 0
1741004001 43697 0
1741004003 43778 0
1741004005 43861 0
1741004007 43656 0
1741004009 43719 0
1741004011 43684 0
1741004013 43550 0
1741004015 43859 0
1741004017 43786 0
1741004019 43884 0
1741004021 43595 0
1741004023 43662 0
1741004025 43532 0
1741004027 43547 0
1741004029 43520 0
1741004031 43723 0
1741004033 43574 0
1741004035 43847 0
1741004037 43994 0
1741004039 43666 0
1741004041 43587 0
1741004043 44189 0
1741004046 43768 0
1741004048 43741 0
1741004050 43695 0
1741004052 44191 0
1741004054 43842 0
1741004056 43658 0
1741004058 43503 0
1741004060 43570 0
1741004062 43465 0
1741004064 43525 0
1741004066 43747 0
1741004068 44078 0
1741004070 43626 0
1741004072 43430 0
1741004074 43806 0
1741004076 43658 0
1741004078 43698 0
1741004080 43700 0
1741004082 44122 0
1741004084 43590 0
1741004086 43591 0
1741004088 43697 0
1741004090 43679 0
1741004093 43588 0
1741004095 43693 0
1741004097 43730 0
1741004099 43649 0
1741004101 43953 0
1741004103 43917 0
1741004105 44114 0
1741004107 44129 0
1741004109 43943 0
1741004111 43840 0
1741004113 44253 0
1741004115 44078 0
1741004117 43959 0
1741004119 43896 0
1741004121 44068 0
1741004123 43853 0
1741004125 43552 0
1741004127 43529 0
1741004129 44008 0
1741004131 43978 0
1741004133 44090 0
1741004135 43736 0
1741004138 43803 0
1741004140 43945 0
1741004142 43533 0
1741004144 43786 0
1741004146 43589 0
1741004148 43429 0
1741004150 43718 0
1741004152 43732 0
1741004154 43658 0
1741004156 44088 0
1741004158 43555 0
1741004160 43553 0
1741004162 43973 0
1741004164 43733 0
1741004166 43737 0
1741004168 43876 0
1741004170 44051 0
1741004172 43686 0
1741004174 43618 0
1741004176 43740 0
1741004178 43800 0
1741004180 43587 0
1741004182 43699 0
1741004185 43865 0
1741004187 43784 0
1741004189 43777 0
1741004191 43839 0
1741004193 43679 0
1741004195 43610 0
1741004197 43687 0
1741004199 43649 0
1741004201 43526 0
1741004203 43787 0
1741004205 43439 0
1741004207 43723 0
1741004209 43807 0
1741004211 43609 0
1741004213 43723 0
1741004215 43527 0
1741004217 43660 0
1741004219 44060 0
1741004221 43791 0
1741004223 43972 0
1741004225 43908 0
1741004227 43569 0
1741004229 43437 0
1741004232 43328 0
1741004234 43395 0
1741004236 43569 0
1741004238 43539 0
1741004240 43546 0
1741004242 43517 0
1741004244 44128 0
1741004246 43553 0
1741004248 43777 0
1741004250 43724 0
1741004252 43687 0
1741004254 43923 0
1741004256 43487 0
1741004258 43410 0
1741004260 43794 0
1741004262 43776 0
1741004264 43626 0
1741004266 43649 0
1741004268 44403 0
1741004270 43811 0
1741004272 43794 0
1741004274 43792 0
1741004277 43732 0
1741004279 43989 0
1741004281 43822 0
1741004283 43486 0
1741004285 43902 0
1741004287 43832 0
1741004289 43576 0
1741004291 43606 0
1741004293 43738 0
1741004295 43722 0
1741004297 43615 0
1741004299 43477 0
1741004301 43684 0
1741004303 43780 0
1741004305 43627 0
1741004307 43619 0
1741004309 44247 0
1741004312 43699 0
1741004314 43569 0
1741004316 43575 0
1741004318 43612 0
1741004320 43457 0
1741004322 43816 0
1741004324 43655 0
1741004326 43632 0
1741004328 43864 0
1741004330 44033 0
1741004332 43638 0
1741004334 43998 0
1741004336 43733 0
1741004338 43863 0
1741004340 43758 0
1741004342 43636 0
1741004344 43658 0
1741004346 43861 0
1741004348 44122 0
1741004350 43669 0
1741004352 43513 0
1741004354 44035 0
1741004357 43484 0
1741004359 43494 0
1741004361 43647 0
1741004363 43955 0
1741004365 43711 0
1741004367 43575 0
1741004369 43456 0
1741004371 43651 0
1741004373 44041 0
1741004375 43555 0
1741004377 43743 0
1741004379 43580 0
1741004381 43892 0
1741004383 43664 0
1741004385 43739 0
1741004387 43699 0
1741004389 43630 0
1741004391 43851 0
1741004393 43879 0
1741004395 43675 0
1741004397 43693 0
1741004399 43807 0
1741004401 43469 0
1741004404 43632 0
1741004406 43590 0
1741004408 43527 0
1741004410 43892 0
1741004412 43721 0
1741004414 43796 0
1741004416 43797 0
1741004418 43748 0
1741004420 43913 0
1741004422 43793 0
1741004424 43906 0
1741004426 43781 0
1741004428 43512 0
1741004430 43407 0
1741004432 43479 0
1741004434 43842 0
1741004436 43906 0
1741004438 43996 0
1741004440 43714 0
1741004442 43605 0
1741004444 43786 0
1741004446 43735 0
1741004448 43858 0
1741004451 43839 0
1741004453 43835 0
1741004455 43856 0
1741004457 43663 0
1741004459 43625 0
1741004461 43546 0
1741004463 43601 0
1741004465 43540 0
1741004467 43961 0
1741004469 43829 0
1741004471 43874 0
1741004473 43805 0
1741004475 43762 0
1741004477 43729 0
1741004479 43716 0
1741004481 43579 0
1741004483 43786 0
1741004485 44113 0
1741004487 43661 0
1741004489 43806 0
1741004491 43943 0
1741004493 44019 0
1741004495 43928 0
1741004498 43950 0
1741004500 44033 0
1741004502 43773 0
1741004504 43567 0
1741004506 43680 0
1741004508 43619 0
1741004510 43610 0
1741004512 43566 0
1741004514 43642 0
1741004516 43533 0
1741004518 43552 0
1741004520 44314 0
1741004522 43923 0
1741004524 43822 0
1741004526 43649 0
1741004528 43639 0
1741004530 43628 0
1741004532 43603 0
1741004534 43722 0
1741004536 43871 0
1741004538 43760 0
1741004540 43563 0
1741004543 43634 0
1741004545 43663 0
1741004547 43571 0
1741004549 43596 0
1741004551 43613 0
1741004553 43816 0
1741004555 43923 0
1741004557 43626 0
1741004559 43640 0
1741004561 43479 0
1741004563 43425 0
1741004565 43901 0
1741004567 44086 0
1741004569 43554 0
1741004571 43977 0
1741004573 44244 0
1741004575 43688 0
1741004577 43481 0
1741004579 43634 0
1741004581 43488 0
1741004583 43637 0
1741004585 43588 0
1741004587 43606 0
1741004590 43552 0
1741004592 43625 0
1741004594 43537 0
1741004596 43890 0
1741004598 43823 0
1741004600 43531 0
1741004602 43634 0
1741004604 43880 0
1741004606 43879 0
1741004608 43632 0
1741004610 43513 0
1741004612 43473 0
1741004614 43614 0
1741004616 43671 0
1741004618 43554 0
1741004620 43870 0
1741004622 44397 0
1741004624 44151 0
1741004626 43866 0
1741004628 43966 0
1741004630 44043 0
1741004632 43688 0
1741004635 43786 0
1741004637 43557 0
1741004639 43525 0
1741004641 43653 0
1741004643 43554 0
1741004645 43529 0
1741004647 43703 0
1741004649 43586 0
1741004651 43913 0
1741004653 43637 0
1741004655 44027 0
1741004657 43875 0
1741004659 44038 0
1741004661 44114 0
1741004663 43968 0
1741004665 43626 0
1741004667 43736 0
1741004669 43821 0
1741004671 43885 0
1741004673 43783 0
1741004675 43946 0
1741004677 43705 0
1741004680 43735 0
1741004682 43565 0
1741004684 43562 0
1741004686 43603 0
1741004688 43825 0
1741004690 43845 0
1741004692 43581 0
1741004694 43535 0
1741004696 43536 0
1741004698 43684 0
1741004700 43722 0
1741004702 43653 0
1741004704 44136 0
1741004706 43971 0
1741004708 43929 0
1741004710 44124 0
1741004712 43727 0
1741004714 43627 0
1741004716 43434 0
1741004718 43473 0
1741004720 43715 0
1741004722 43814 0
1741004724 43867 0
1741004727 43778 0
1741004729 43809 0
1741004731 43667 0
1741004733 44061 0
1741004735 43886 0
1741004737 43970 0
1741004739 43895 0
1741004741 43710 0
1741004743 43655 0
1741004745 43454 0
1741004747 43519 0
1741004749 43606 0
1741004751 43731 0
1741004753 43771 0
1741004755 43787 0
1741004757 44256 0
1741004759 43824 0
1741004761 43678 0
1741004763 43465 0
1741004765 43567 0
1741004767 43589 0
1741004769 43806 0
1741004772 43765 0
1741004774 43829 0
1741004776 43961 0
1741004778 44271 0
1741004780 44168 0
1741004782 43885 0
1741004784 43614 0
1741004786 43833 0
1741004788 43941 0
1741004790 43656 0
1741004792 43673 0
1741004794 43870 0
1741004796 43915 0
1741004798 43914 0
1741004800 43995 0
1741004802 44258 0
1741004804 43846 0
1741004806 43737 0
1741004808 43595 0
1741004810 43649 0
1741004812 43829 0
1741004814 43896 0
1741004816 43968 0
1741004819 43905 0
1741004821 43839 0
1741004823 43944 0
1741004825 44379 0
1741004827 44065 0
1741004829 43752 0
1741004831 43855 0
1741004833 44103 0
1741004835 44018 0
1741004837 43939 0
1741004839 44021 0
1741004841 43950 0
1741004843 44227 0
1741004845 44138 0
1741004847 44079 0
1741004849 43943 0
1741004851 44005 0
1741004853 44005 0
1741004855 43815 0
1741004857 43972 0
1741004859 43664 0
1741004861 43566 0
1741004864 43520 0
1741004866 43675 0
1741004868 43599 0
1741004870 43665 0
1741004872 43474 0
1741004874 43522 0
1741004876 43737 0
1741004878 43618 0
1741004880 43663 0
1741004882 43854 0
1741004884 44075 0
1741004886 43524 0
1741004888 43649 0
1741004890 43822 0
1741004892 43476 0
1741004894 43693 0
1741004896 43642 0
1741004898 43793 0
1741004900 43694 0
1741004902 43863 0
1741004904 43660 0
1741004906 43600 0
1741004908 43717 0
1741004911 43541 0
1741004913 43646 0
1741004915 43901 0
1741004917 43699 0
1741004919 43667 0
1741004921 43744 0
1741004923 43691 0
1741004925 43589 0
1741004927 43579 0
1741004929 43545 0
1741004931 43881 0
1741004933 43686 0
1741004935 43440 0
1741004937 43624 0
1741004939 43795 0
1741004941 43837 0
1741004943 43765 0
1741004945 44392 0
1741004947 43565 0
1741004949 43521 0
1741004951 43656 0
1741004953 43705 0
1741004955 44142 0
1741004958 44268 0
1741004960 43740 0
1741004962 43785 0
1741004964 43945 0
1741004966 43821 0
1741004968 43836 0
1741004970 43588 0
1741004972 43527 0
1741004974 43682 0
1741004976 43843 0
1741004978 43570 0
1741004980 43511 0
1741004982 43602 0
1741004984 43578 0
1741004986 43513 0
1741004988 43656 0
1741004990 43993 0
1741004992 43796 0
1741004994 43804 0
1741004996 43749 0
1741004998 43706 0
1741005000 43522 0
1741005003 43597 0
1741005005 43514 0
1741005007 43510 0
1741005009 43422 0
1741005011 43396 0
1741005013 43560 0
1741005015 43669 0
1741005017 43909 0
1741005019 44102 0
1741005021 43889 0
1741005023 43803 0
1741005025 43787 0
1741005027 44037 0
1741005029 44574 0
1741005031 43826 0
1741005033 43744 0
1741005035 43799 0
1741005037 43553 0
1741005039 43645 0
1741005041 43404 0
1741005043 43506 0
1741005045 43447 0
1741005047 43638 0
1741005050 43705 0
1741005052 43646 0
1741005054 43435 0
1741005056 43572 0
1741005058 43473 0
1741005060 43446 0
1741005062 43440 0
1741005064 43584 0
1741005066 43892 0
1741005068 43954 0
1741005070 43809 0
1741005072 44001 0
1741005074 43812 0
1741005076 43723 0
1741005078 43630 0
1741005080 43497 0
1741005082 43703 0
1741005084 43827 0
1741005086 43827 0
1741005088 43906 0
1741005090 43710 0
1741005092 44428 0
1741005094 44411 0
1741005097 43735 0
1741005099 43771 0
1741005101 43855 0
1741005103 43747 0
1741005105 43567 0
1741005107 43690 0
1741005109 43591 0
1741005111 43787 0
1741005113 43897 0
1741005115 43945 0
1741005117 43937 0
1741005119 43639 0
1741005121 43869 0
1741005123 44028 0
1741005125 43405 0
1741005127 43500 0
1741005129 43638 0
1741005131 43849 0
1741005133 43859 0
1741005135 44314 0
1741005137 43866 0
1741005139 43773 0
1741005142 44147 0
1741005144 43949 0
1741005146 43831 0
1741005148 43893 0
1741005150 44126 0
1741005152 44258 0
1741005154 44167 0
1741005156 43766 0
1741005158 43828 0
1741005160 43783 0
1741005162 43881 0
1741005164 44270 0
1741005166 44394 0
1741005168 44183 0
1741005170 43901 0
1741005172 43901 0
1741005174 43978 0
1741005176 43920 0
1741005178 44080 0
1741005180 44036 0
1741005182 43963 0
1741005184 43697 0
1741005187 43763 0
1741005189 44070 0
1741005191 44120 0
1741005193 43793 0
1741005195 43743 0
1741005197 43754 0
1741005199 43745 0
1741005201 43928 0
1741005203 43864 0
1741005205 43973 0
1741005207 43987 0
1741005209 44099 0
1741005211 44083 0
1741005213 44022 0
1741005215 43909 0
1741005217 43766 0
1741005219 43707 0
1741005221 43591 0
1741005223 43604 0
1741005225 43807 0
1741005227 43688 0
1741005229 43703 0
1741005232 43690 0
1741005234 43708 0
1741005236 43645 0
1741005238 43700 0
1741005240 43681 0
1741005242 43858 0
1741005244 43867 0
1741005246 43841 0
1741005248 43804 0
1741005250 43904 0
1741005252 43841 0
1741005254 43906 0
1741005256 43966 0
1741005258 43870 0
1741005260 43833 0
1741005262 43838 0
1741005264 43772 0
1741005266 43946 0
1741005268 43886 0
1741005270 43937 0
1741005272 43871 0
1741005274 43845 0
1741005276 44000 0
1741005279 43911 0
1741005281 43870 0
1741005283 43838 0
1741005285 43863 0
1741005287 43877 0
1741005289 43770 0
1741005291 43817 0
1741005293 43782 0
1741005295 43876 0
1741005297 43862 0
1741005299 44110 0
1741005301 44024 0
1741005303 43940 0
1741005305 43907 0
1741005307 44022 0
1741005309 43888 0
1741005311 43638 0
1741005313 43685 0
1741005315 43692 0
1741005317 43757 0
1741005319 43837 0
1741005321 43808 0
1741005323 43799 0
1741005326 43850 0
1741005328 43864 0
1741005330 43884 0
1741005332 43842 0
1741005334 43726 0
1741005336 43695 0
1741005338 43634 0
1741005340 43621 0
1741005342 43601 0
1741005344 43668 0
1741005346 43666 0
1741005348 43640 0
1741005350 43908 0
1741005352 43763 0
1741005354 43864 0
1741005356 44033 0
1741005358 43724 0
1741005360 43678 0
1741005362 43682 0
1741005364 43660 0
1741005366 43764 0
1741005368 43822 0
1741005370 44176 0
1741005373 44103 0
1741005375 44047 0
1741005377 44098 0
1741005379 43747 0
1741005381 43601 0
1741005383 43591 0
1741005385 43526 0
1741005387 43534 0
1741005389 43574 0
1741005391 43538 0
1741005393 43499 0
1741005395 43514 0
1741005397 43551 0
1741005399 43464 0
1741005401 43581 0
1741005403 43470 0
1741005405 43464 0
1741005407 43418 0
1741005409 43454 0
1741005411 43373 0
1741005413 43465 0
1741005415 43424 0
1741005418 43709 0
1741005420 43964 0
1741005422 44328 0
1741005424 43823 0
1741005426 43733 0
1741005428 44086 0
1741005430 43640 0
1741005432 43556 0
1741005434 43442 0
1741005436 43373 0
1741005438 43588 0
1741005440 43597 0
1741005442 43618 0
1741005444 43637 0
1741005446 43570 0
1741005448 43673 0
1741005450 43704 0
1741005452 43712 0
1741005454 43750 0
1741005456 43739 0
1741005458 43691 0
1741005460 43634 0
1741005462 43493 0
1741005465 43445 0
1741005467 43966 0
1741005469 43937 0
1741005471 43580 0
1741005473 43484 0
1741005475 43704 0
1741005477 43752 0
1741005479 43571 0
1741005481 43541 0
1741005483 43938 0
1741005485 44307 0
1741005487 43628 0
1741005489 43851 0
1741005491 43716 0
1741005493 43740 0
1741005495 43840 0
1741005497 43645 0
1741005499 43604 0
1741005501 43755 0
1741005503 43659 0
1741005505 43615 0
1741005507 43553 0
1741005509 43306 0
1741005512 43404 0
1741005514 43520 0
1741005516 43556 0
1741005518 43479 0
1741005520 43504 0
1741005522 43494 0
1741005524 43654 0
1741005526 43680 0
1741005528 43422 0
1741005530 43442 0
1741005532 43823 0
1741005534 44004 0
1741005536 43721 0
1741005538 43598 0
1741005540 43494 0
1741005542 43440 0
1741005544 43497 0
1741005546 43618 0
1741005548 43622 0
1741005550 43601 0
1741005552 43752 0
1741005554 43529 0
1741005556 43520 0
1741005559 43590 0
1741005561 43692 0
1741005563 43599 0
1741005565 43615 0
1741005567 43601 0
1741005569 43729 0
1741005571 43432 0
1741005573 43555 0
1741005575 43911 0
1741005577 43957 0
1741005579 43624 0
1741005581 43660 0
1741005583 43570 0
1741005585 43486 0
1741005587 43625 0
1741005589 43600 0
1741005591 43616 0
1741005593 43675 0
1741005595 43651 0
1741005597 43576 0
1741005599 43627 0
1741005601 43820 0
1741005603 43948 0
1741005606 43722 0
1741005608 43531 0
1741005610 43408 0
1741005612 43356 0
1741005614 43546 0
1741005616 43583 0
1741005618 43554 0
1741005620 43449 0
1741005622 43433 0
1741005624 43539 0
1741005626 43802 0
1741005628 44004 0
1741005630 43968 0
1741005632 43807 0
1741005634 43564 0
1741005636 43738 0
1741005638 43786 0
1741005640 43764 0
1741005642 43611 0
1741005644 43654 0
1741005646 43576 0
1741005648 43524 0
1741005651 43639 0
1741005653 43664 0
1741005655 43467 0
1741005657 43447 0
1741005659 43539 0
1741005661 43577 0
1741005663 43590 0
1741005665 43692 0
1741005667 43666 0
1741005669 43658 0
1741005671 43678 0
1741005673 43566 0
1741005675 43597 0
1741005677 43776 0
1741005679 43550 0
1741005681 43758 0
1741005683 43874 0
1741005685 43738 0
1741005687 43818 0
1741005689 43786 0
1741005691 43650 0
1741005693 43587 0
1741005696 43497 0
1741005698 43653 0
1741005700 43644 0
1741005702 43498 0
1741005704 43592 0
1741005706 43586 0
1741005708 43631 0
1741005710 43661 0
1741005712 43730 0
1741005714 43850 0
1741005716 43727 0
1741005718 43563 0
1741005720 43527 0
1741005722 43694 0
1741005724 43792 0
1741005726 44044 0
1741005728 44192 0
1741005730 44175 0
1741005732 43757 0
1741005734 43525 0
1741005736 43552 0
1741005738 43529 0
1741005740 43443 0
1741005743 43367 0
1741005745 43449 0
1741005747 43415 0
1741005749 43426 0
1741005751 43434 0
1741005753 43455 0
1741005755 43426 0
1741005757 43573 0
1741005759 43574 0
1741005761 43621 0
1741005763 43587 0
1741005765 43602 0
1741005767 43642 0
1741005769 43622 0
1741005771 43471 0
1741005773 43494 0
1741005775 43662 0
1741005777 43761 0
1741005779 43864 0
1741005781 43930 0
1741005783 44072 0
1741005785 43983 0
1741005787 43864 0
1741005790 43916 0
1741005792 44152 0
1741005794 44411 0
1741005796 44279 0
1741005798 44315 0
1741005800 44097 0
1741005802 44057 0
1741005804 43816 0
1741005806 43875 0
1741005808 43834 0
1741005810 43969 0
1741005812 43747 0
1741005814 43565 0
1741005816 43583 0
1741005818 43603 0
1741005820 43775 0
1741005822 43536 0
1741005824 43545 0
1741005826 43756 0
1741005828 43596 0
1741005830 43728 0
1741005832 43836 0
1741005835 43559 0
1741005837 43616 0
1741005839 43591 0
1741005841 43552 0
1741005843 43564 0
1741005845 43707 0
1741005847 43607 0
1741005849 43570 0
1741005851 43632 0
1741005853 43551 0
1741005855 43599 0
1741005857 43931 0
1741005859 43770 0
1741005861 43636 0
1741005863 43595 0
1741005865 43525 0
1741005867 43519 0
1741005869 43415 0
1741005871 43409 0
1741005873 43500 0
1741005875 43442 0
1741005877 43513 0
1741005879 43562 0
1741005882 43574 0
1741005884 43496 0
1741005886 43589 0
1741005888 43719 0
1741005890 43650 0
1741005892 43519 0
1741005894 43618 0
1741005896 43676 0
1741005898 43725 0
1741005900 43732 0
1741005902 43710 0
1741005904 43756 0
1741005906 43734 0
1741005908 43570 0
1741005910 43699 0
1741005912 43499 0
1741005914 43434 0
1741005916 43504 0
1741005918 43476 0
1741005920 43368 0
1741005922 43447 0
1741005924 43379 0
1741005926 43555 0
1741005929 43417 0
1741005931 43527 0
1741005933 43410 0
1741005935 43481 0
1741005937 43649 0
1741005939 43531 0
1741005941 43489 0
1741005943 43495 0
1741005945 43533 0
1741005947 43906 0
1741005949 43369 0
1741005951 43432 0
1741005953 43478 0
1741005955 43484 0
1741005957 43446 0
1741005959 43478 0
1741005961 43478 0
1741005963 43427 0
1741005965 43447 0
1741005967 43524 0
1741005969 43492 0
1741005971 43337 0
1741005974 43554 0
1741005976 43716 0
1741005978 43723 0
1741005980 43746 0
1741005982 43718 0
1741005984 43507 0
1741005986 43630 0
1741005988 43895 0
1741005990 43801 0
1741005992 43742 0
1741005994 43966 0
1741005996 43666 0
1741005998 43431 0
1741006000 43481 0
1741006002 43497 0
1741006004 43341 0
1741006006 43466 0
1741006008 43304 0
1741006010 43424 0
1741006012 43791 0
1741006014 43324 0
1741006016 43569 0
1741006018 43473 0
1741006021 43505 0
1741006023 43739 0
1741006025 43666 0
1741006027 43686 0
1741006029 43637 0
1741006031 43557 0
1741006033 43647 0
1741006035 43641 0
1741006037 43690 0
1741006039 43749 0
1741006041 44322 0
1741006043 44301 0
1741006045 43922 0
1741006047 44250 0
1741006049 43935 0
1741006051 43918 0
1741006053 43936 0
1741006055 44052 0
1741006057 44224 0
1741006059 43864 0
1741006061 43844 0
1741006063 43714 0
1741006065 43781 0
1741006068 43962 0
1741006070 43633 0
1741006072 43551 0
1741006074 43648 0
1741006076 43494 0
1741006078 43396 0
1741006080 43308 0
1741006082 43375 0
1741006084 43380 0
1741006086 43301 0
1741006088 43468 0
1741006090 43390 0
1741006092 43756 0
1741006094 43625 0
1741006096 43796 0
1741006098 43503 0
1741006100 43598 0
1741006102 43575 0
1741006104 43746 0
1741006106 43571 0
1741006108 43600 0
1741006110 43647 0
1741006113 43580 0
1741006115 43446 0
1741006117 43540 0
1741006119 43514 0
1741006121 43523 0
1741006123 43545 0
1741006125 43596 0
1741006127 43547 0
1741006129 43421 0
1741006131 43850 0
1741006133 44355 0
1741006135 43655 0
1741006137 43487 0
1741006139 43834 0
1741006141 44359 0
1741006143 43676 0
1741006145 43589 0
1741006147 43472 0
1741006149 43622 0
1741006151 43743 0
1741006153 43547 0
1741006155 43823 0
1741006157 43631 0
1741006160 43690 0
1741006162 43994 0
1741006164 43665 0
1741006166 43633 0
1741006168 43518 0
1741006170 43991 0
1741006172 43798 0
1741006174 43594 0
1741006176 43708 0
1741006178 43453 0
1741006180 43489 0
1741006182 43497 0
1741006184 43470 0
1741006186 43377 0
1741006188 43423 0
1741006190 43521 0
1741006192 43413 0
1741006194 43346 0
1741006196 43483 0
1741006198 43371 0
1741006200 43401 0
1741006202 43448 0
1741006205 43559 0
1741006207 43518 0
1741006209 43477 0
1741006211 43633 0
1741006213 43599 0
1741006215 43651 0
1741006217 43862 0
1741006219 43570 0
1741006221 43517 0
1741006223 43507 0
1741006225 43760 0
1741006227 43603 0
1741006229 43447 0
1741006231 43482 0
1741006233 43374 0
1741006235 43558 0
1741006237 43474 0
1741006239 43475 0
1741006241 43650 0
1741006243 43838 0
1741006245 44009 0
1741006247 44050 0
1741006249 44251 0
1741006252 44449 0
1741006254 44969 0
1741006256 44209 0
1741006258 44118 0
1741006260 43800 0
1741006262 43691 0
1741006264 43789 0
1741006266 43912 0
1741006268 44091 0
1741006270 43857 0
1741006272 43820 0
1741006274 44030 0
1741006276 43492 0
1741006278 43554 0
1741006280 43512 0
1741006282 43504 0
1741006284 43660 0
1741006286 43506 0
1741006288 43433 0
1741006290 43597 0
1741006292 43599 0
1741006294 43437 0
1741006296 43538 0
1741006299 43604 0
1741006301 43551 0
1741006303 43502 0
1741006305 43590 0
1741006307 43642 0
1741006309 43552 0
1741006311 43584 0
1741006313 43597 0
1741006315 43495 0
1741006317 43565 0
1741006319 43575 0
1741006321 43507 0
1741006323 43864 0
1741006325 43823 0
1741006327 43721 0
1741006329 43772 0
1741006331 43833 0
1741006333 44109 0
1741006335 44299 0
1741006337 44135 0
1741006339 44198 0
1741006341 43907 0
1741006344 43471 0
1741006346 43520 0
1741006348 43464 0
1741006350 43540 0
1741006352 43555 0
1741006354 43497 0
1741006356 43715 0
1741006358 43695 0
1741006360 43521 0
1741006362 43518 0
1741006364 43872 0
1741006366 43419 0
1741006368 43555 0
1741006370 43638 0
1741006372 43563 0
1741006374 43332 0
1741006376 43332 0
1741006378 43382 0
1741006380 43465 0
1741006382 43354 0
1741006384 43405 0
1741006386 43444 0
1741006388 43429 0
1741006391 43452 0
1741006393 43560 0
1741006395 43557 0
1741006397 43512 0
1741006399 43676 0
1741006401 43644 0
1741006403 43531 0
1741006405 43550 0
1741006407 43427 0
1741006409 43461 0
1741006411 43551 0
1741006413 43488 0
1741006415 43606 0
1741006417 43664 0
1741006419 43469 0
1741006421 43451 0
1741006423 43221 0
1741006425 43431 0
1741006427 43402 0
1741006429 43401 0
1741006431 43518 0
1741006433 43530 0
1741006435 43511 0
1741006438 43408 0
1741006440 43404 0
1741006442 43285 0
1741006444 43404 0
1741006446 43589 0
1741006448 43542 0
1741006450 43504 0
1741006452 43681 0
1741006454 43395 0
1741006456 43458 0
1741006458 43533 0
1741006460 43576 0
1741006462 43604 0
1741006464 43447 0
1741006466 43661 0
1741006468 43615 0
1741006470 43657 0
1741006472 43698 0
1741006474 44115 0
1741006476 43949 0
1741006478 43837 0
1741006480 43823 0
1741006483 43950 0
1741006485 43731 0
1741006487 43604 0
1741006489 43855 0
1741006491 43694 0
1741006493 43553 0
1741006495 43618 0
1741006497 43693 0
1741006499 43612 0
1741006501 43881 0
1741006503 44158 0
1741006505 43807 0
1741006507 43667 0
1741006509 43670 0
1741006511 43655 0
1741006513 43588 0
1741006515 43634 0
1741006517 44152 0
1741006519 44133 0
1741006521 43912 0
1741006523 44242 0
1741006525 44206 0
1741006527 44341 0
1741006530 44369 0
1741006532 44218 0
1741006534 43605 0
1741006536 43929 0
1741006538 43624 0
1741006540 43627 0
1741006542 43638 0
1741006544 43570 0
1741006546 43470 0
1741006548 43654 0
1741006550 43567 0
1741006552 43527 0
1741006554 43596 0
1741006556 43640 0
1741006558 43838 0
1741006560 43640 0
1741006562 43440 0
1741006564 43522 0
1741006566 43617 0
1741006568 43512 0
1741006570 43768 0
1741006572 44022 0
1741006574 43565 0
1741006577 43426 0
1741006579 43587 0
1741006581 43827 0
1741006583 44297 0
1741006585 43787 0
1741006587 43666 0
1741006589 43484 0
1741006591 43558 0
1741006593 43440 0
1741006595 43619 0
1741006597 43660 0
1741006599 43631 0
1741006601 43471 0
1741006603 43638 0
1741006605 43571 0
1741006607 43561 0
1741006609 43578 0
1741006611 43512 0
1741006613 43539 0
1741006615 43738 0
1741006617 43694 0
1741006619 43594 0
1741006621 43617 0
1741006624 43678 0
1741006626 43498 0
1741006628 43828 0
1741006630 43861 0
1741006632 43704 0
1741006634 43515 0
1741006636 43879 0
1741006638 43536 0
1741006640 43657 0
1741006642 43719 0
1741006644 43585 0
1741006646 43524 0
1741006648 43681 0
1741006650 43725 0
1741006652 43645 0
1741006654 43958 0
1741006656 44075 0
1741006658 44430 0
1741006660 44358 0
1741006662 43856 0
1741006664 44015 0
1741006666 43679 0
1741006669 44015 0
1741006671 44109 0
1741006673 43923 0
1741006675 43575 0
1741006677 43725 0
1741006679 43872 0
1741006681 43577 0
1741006683 43785 0
1741006685 43604 0
1741006687 43660 0
1741006689 43834 0
1741006691 43873 0
1741006693 43780 0
1741006695 43675 0
1741006697 43895 0
1741006699 43868 0
1741006701 43652 0
1741006703 43696 0
1741006705 43527 0
1741006707 43609 0
1741006709 43619 0
1741006711 43608 0
1741006713 43606 0
1741006716 43883 0
1741006718 43861 0
1741006720 44104 0
1741006722 43811 0
1741006724 43970 0
1741006726 43709 0
1741006728 43810 0
1741006730 43860 0
1741006732 43857 0
1741006734 43720 0
1741006736 44220 0
1741006738 43692 0
1741006740 43881 0
1741006742 43716 0
1741006744 43664 0
1741006746 43762 0
1741006748 43720 0
1741006750 43865 0
1741006752 44004 0
1741006754 43959 0
1741006756 43718 0
1741006758 43718 0
1741006760 43819 0
1741006763 43806 0
1741006765 43709 0
1741006767 43808 0
1741006769 43603 0
1741006771 43635 0
1741006773 43498 0
1741006775 43475 0
1741006777 43582 0
1741006779 43563 0
1741006781 43628 0
1741006783 43425 0
1741006785 43596 0
1741006787 43558 0
1741006789 43548 0
1741006791 43760 0
1741006793 43600 0
1741006795 43699 0
1741006797 43876 0
1741006799 43586 0
1741006801 43722 0
1741006803 43780 0
1741006805 43586 0
1741006807 43877 0
1741006810 43785 0
1741006812 43890 0
1741006814 43592 0
1741006816 43927 0
1741006818 43878 0
1741006820 43800 0
1741006822 43753 0
1741006824 43764 0
1741006826 43673 0
1741006828 43778 0
1741006830 43679 0
1741006832 43940 0
1741006834 43880 0
1741006836 43982 0
1741006838 43998 0
1741006840 44150 0
1741006842 44103 0
1741006844 44174 0
1741006846 44381 0
1741006848 44302 0
1741006850 44105 0
1741006852 44029 0
1741006855 43834 0
1741006857 43963 0
1741006859 43842 0
1741006861 43878 0
1741006863 43788 0
1741006865 44220 0
1741006867 43718 0
1741006869 43705 0
1741006871 43664 0
1741006873 43626 0
1741006875 43870 0
1741006877 43979 0
1741006879 43693 0
1741006881 43719 0
1741006883 43608 0
1741006885 43842 0
1741006887 43723 0
1741006889 43620 0
1741006891 43630 0
1741006893 43802 0
1741006895 43725 0
1741006897 43684 0
1741006899 43883 0
1741006902 44114 0
1741006904 43706 0
1741006906 44064 0
1741006908 43628 0
1741006910 43550 0
1741006912 43634 0
1741006914 43708 0
1741006916 43570 0
1741006918 43691 0
1741006920 43832 0
1741006922 43917 0
1741006924 43953 0
1741006926 44484 0
1741006928 44460 0
1741006930 44341 0
1741006932 44121 0
1741006934 43998 0
1741006936 44317 0
1741006938 43756 0
1741006940 43708 0
1741006942 43598 0
1741006944 43627 0
1741006947 43747 0
1741006949 43902 0
1741006951 44404 0
1741006953 44310 0
1741006955 43931 0
1741006957 44037 0
1741006959 43962 0
1741006961 44435 0
1741006963 43674 0
1741006965 43855 0
1741006967 44208 0
1741006969 43862 0
1741006971 43462 0
1741006973 43559 0
1741006975 43777 0
1741006977 43665 0
1741006979 43907 0
1741006981 44041 0
1741006983 44298 0
1741006985 43843 0
1741006987 43767 0
1741006989 43839 0
1741006991 43823 0
1741006994 44346 0
1741006996 43972 0
1741006998 44024 0
1741007000 44380 0
1741007002 44255 0
1741007004 43844 0
1741007006 43748 0
1741007008 43649 0
1741007010 43821 0
1741007012 43950 0
1741007014 43669 0
1741007016 43665 0
1741007018 43890 0
1741007020 43889 0
1741007022 43697 0
1741007024 43680 0
1741007026 43574 0
1741007028 43796 0
1741007030 43848 0
1741007032 44171 0
1741007034 44660 0
1741007036 44479 0
1741007039 43793 0
1741007041 43725 0
1741007043 43702 0
1741007045 43499 0
1741007047 43441 0
1741007049 43706 0
1741007051 43896 0
1741007053 43922 0
1741007055 43982 0
1741007057 44108 0
1741007059 43891 0
1741007061 43664 0
1741007063 43662 0
1741007065 43701 0
1741007067 43651 0
1741007069 43602 0
1741007071 43804 0
1741007073 43940 0
1741007075 43876 0
1741007077 44039 0
1741007079 43906 0
1741007081 44112 0
1741007083 44032 0
1741007086 43747 0
1741007088 43563 0
1741007090 43469 0
1741007092 43959 0
1741007094 43990 0
1741007096 43986 0
1741007098 43930 0
1741007100 43677 0
1741007102 43766 0
1741007104 43739 0
1741007106 43661 0
1741007108 43868 0
1741007110 43573 0
1741007112 43576 0
1741007114 43789 0
1741007116 43622 0
1741007118 43904 0
1741007120 43881 0
1741007122 43704 0
1741007124 44046 0
1741007126 43929 0
1741007128 44125 0
1741007130 44019 0
1741007133 43691 0
1741007135 43820 0
1741007137 43822 0
1741007139 43933 0
1741007141 43742 0
1741007143 43886 0
1741007145 43927 0
1741007147 43980 0
1741007149 44021 0
1741007151 44143 0
1741007153 44446 0
1741007155 44143 0
1741007157 44085 0
1741007159 43663 0
1741007161 43721 0
1741007163 43900 0
1741007165 43639 0
1741007167 43912 0
1741007169 43900 0
1741007171 43733 0
1741007173 43914 0
1741007175 43886 0
1741007177 43921 0
1741007180 44009 0
1741007182 44123 0
1741007184 43803 0
1741007186 44005 0
1741007188 43809 0
1741007190 43822 0
1741007192 43864 0
1741007194 43805 0
1741007196 43909 0
1741007198 43897 0
1741007200 44080 0
1741007202 43979 0
1741007204 43890 0
1741007206 43958 0
1741007208 43998 0
1741007210 43924 0
1741007212 43977 0
1741007214 44331 0
1741007216 44094 0
1741007218 44126 0
1741007220 43744 0
1741007222 43982 0
1741007225 44027 0
1741007227 43878 0
1741007229 43821 0
1741007231 44116 0
1741007233 44057 0
1741007235 43865 0
1741007237 43868 0
1741007239 43932 0
1741007241 44247 0
1741007243 43968 0
1741007245 43917 0
1741007247 43943 0
1741007249 43710 0
1741007251 43634 0
1741007253 43930 0
1741007255 43676 0
1741007257 43825 0
1741007259 43668 0
1741007261 43803 0
1741007263 44041 0
1741007265 44183 0
1741007267 43877 0
1741007269 43830 0
1741007272 43642 0
1741007274 43593 0
1741007276 43575 0
1741007278 43711 0
1741007280 44234 0
1741007282 43965 0
1741007284 43609 0
1741007286 43831 0
1741007288 43906 0
1741007290 44080 0
1741007292 43822 0
1741007294 43761 0
1741007296 43625 0
1741007298 43586 0
1741007300 43729 0
1741007302 43733 0
1741007304 43792 0
1741007306 43640 0
1741007308 43635 0
1741007310 43567 0
1741007312 43545 0
1741007314 43461 0
1741007316 43544 0
1741007319 43519 0
1741007321 43549 0
1741007323 43631 0
1741007325 43690 0
1741007327 43671 0
1741007329 43700 0
1741007331 43520 0
1741007333 43567 0
1741007335 43517 0
1741007337 43512 0
1741007339 43474 0
1741007341 43607 0
1741007343 43545 0
1741007345 43567 0
1741007347 43536 0
1741007349 43576 0
1741007351 43712 0
1741007353 43645 0
1741007355 43596 0
1741007357 43727 0
1741007359 43506 0
1741007361 43598 0
1741007364 43636 0
1741007366 43577 0
1741007368 43745 0
1741007370 43817 0
1741007372 43775 0
1741007374 43833 0
1741007376 43470 0
1741007378 43598 0
1741007380 43506 0
1741007382 43560 0
1741007384 43571 0
1741007386 43669 0
1741007388 43666 0
1741007390 43555 0
1741007392 43713 0
1741007394 43872 0
1741007396 43706 0
1741007398 43606 0
1741007400 43482 0
1741007402 43886 0
1741007404 43802 0
1741007406 43819 0
1741007408 43670 0
1741007411 43521 0
1741007413 43607 0
1741007415 43615 0
1741007417 43539 0
1741007419 43520 0
1741007421 43703 0
1741007423 43795 0
1741007425 43776 0
1741007427 43928 0
1741007429 44014 0
1741007431 44013 0
1741007433 43997 0
1741007435 43843 0
1741007437 43779 0
1741007439 43817 0
1741007441 43975 0
1741007443 43821 0
1741007445 43777 0
1741007447 43660 0
1741007449 43534 0
1741007451 43565 0
1741007453 43603 0
1741007455 43625 0
1741007458 43472 0
1741007460 43501 0
1741007462 43808 0
1741007464 43899 0
1741007466 43742 0
1741007468 43753 0
1741007470 43792 0
1741007472 43670 0
1741007474 43716 0
1741007476 43929 0
1741007478 44007 0
1741007480 43959 0
1741007482 43636 0
1741007484 43615 0
1741007486 43725 0
1741007488 43605 0
1741007490 43837 0
1741007492 43790 0
1741007494 43890 0
1741007496 43708 0
1741007498 43860 0
1741007500 43652 0
1741007503 43677 0
1741007505 43529 0
1741007507 43754 0
1741007509 43823 0
1741007511 44130 0
1741007513 44165 0
1741007515 43908 0
1741007517 44111 0
1741007519 44041 0
1741007521 44688 0
1741007523 44191 0
1741007525 43598 0
1741007527 43976 0
1741007529 43461 0
1741007531 43478 0
1741007533 43658 0
1741007535 43672 0
1741007537 43767 0
1741007539 43680 0
1741007541 43496 0
1741007543 43572 0
1741007545 43539 0
1741007547 43631 0
1741007550 43874 0
1741007552 43740 0
1741007554 43693 0
1741007556 43982 0
1741007558 43867 0
1741007560 43858 0
1741007562 43667 0
1741007564 43737 0
1741007566 43943 0
1741007568 44162 0
1741007570 43997 0
1741007572 43788 0
1741007574 43596 0
1741007576 43627 0
1741007578 43589 0
1741007580 43568 0
1741007582 43543 0
1741007584 43681 0
1741007586 43490 0
1741007588 43556 0
1741007590 43550 0
1741007592 43655 0
1741007595 43524 0
1741007597 43606 0
1741007599 43661 0
1741007601 43599 0
1741007603 43636 0
1741007605 43652 0
1741007607 43766 0
1741007609 43732 0
1741007611 43710 0
1741007613 43573 0
1741007615 43678 0
1741007617 44169 0
1741007619 43669 0
1741007621 44046 0
1741007623 43717 0
1741007625 43694 0
1741007627 43585 0
1741007629 43435 0
1741007631 43580 0
1741007633 43553 0
1741007635 43734 0
1741007637 43497 0
1741007639 43690 0
1741007642 43617 0
1741007644 43587 0
1741007646 43658 0
1741007648 43654 0
1741007650 43388 0
1741007652 43564 0
1741007654 43561 0
1741007656 43508 0
1741007658 43495 0
1741007660 43582 0
1741007662 43862 0
1741007664 44101 0
1741007666 43512 0
1741007668 43509 0
1741007670 43751 0
1741007672 43434 0
1741007674 43444 0
1741007676 43599 0
1741007678 43750 0
1741007680 43547 0
1741007682 43460 0
1741007684 43577 0
1741007686 43625 0
1741007689 43436 0
1741007691 43480 0
1741007693 43396 0
1741007695 43336 0
1741007697 43258 0
1741007699 43565 0
1741007701 43816 0
1741007703 44102 0
1741007705 43768 0
1741007707 43805 0
1741007709 43588 0
1741007711 43531 0
1741007713 43570 0
1741007715 43585 0
1741007717 43703 0
1741007719 44194 0
1741007721 44959 0
1741007723 43655 0
1741007725 43569 0
1741007727 43838 0
1741007729 43589 0
1741007731 43558 0
1741007733 43469 0
1741007736 43429 0
1741007738 43460 0
1741007740 43463 0
1741007742 43429 0
1741007744 43515 0
1741007746 43464 0
1741007748 43585 0
1741007750 43606 0
1741007752 43620 0
1741007754 43853 0
1741007756 44186 0
1741007758 44193 0
1741007760 43644 0
1741007762 43732 0
1741007764 43768 0
1741007766 43930 0
1741007768 43652 0
1741007770 43436 0
1741007772 43503 0
1741007774 43510 0
1741007776 43553 0
1741007778 43425 0
1741007781 43530 0
1741007783 43412 0
1741007785 43446 0
1741007787 43393 0
1741007789 43442 0
1741007791 43380 0
1741007793 43403 0
1741007795 43448 0
1741007797 43422 0
1741007799 43615 0
1741007801 43523 0
1741007803 43438 0
1741007805 43506 0
1741007807 43497 0
1741007809 43468 0
1741007811 43495 0
1741007813 43556 0
1741007815 43718 0
1741007817 43493 0
1741007819 43474 0
1741007821 43448 0
1741007823 43408 0
1741007825 43443 0
1741007828 43517 0
1741007830 43542 0
1741007832 43417 0
1741007834 43454 0
1741007836 43648 0
1741007838 43802 0
1741007840 43899 0
1741007842 43841 0
1741007844 43754 0
1741007846 43722 0
1741007848 44023 0
1741007850 43865 0
1741007852 44434 0
1741007854 43712 0
1741007856 43948 0
1741007858 43616 0
1741007860 43553 0
1741007862 43576 0
1741007864 43542 0
1741007866 43594 0
1741007868 43528 0
1741007870 43522 0
1741007873 43727 0
1741007875 43557 0
1741007877 43684 0
1741007879 43493 0
1741007881 43704 0
1741007883 43639 0
1741007885 43639 0
1741007887 43570 0
1741007889 43420 0
1741007891 43507 0
1741007893 43497 0
1741007895 43551 0
1741007897 43565 0
1741007899 43675 0
1741007901 43645 0
1741007903 43642 0
1741007905 43866 0
1741007907 43907 0
1741007909 44138 0
1741007911 44102 0
1741007913 43795 0
1741007915 44030 0
1741007917 44004 0
1741007920 43534 0
1741007922 43633 0
1741007924 43735 0
1741007926 43603 0
1741007928 43707 0
1741007930 43836 0
1741007932 43608 0
1741007934 43697 0
1741007936 43965 0
1741007938 43858 0
1741007940 43724 0
1741007942 43876 0
1741007944 43909 0
1741007946 43830 0
1741007948 43634 0
1741007950 43724 0
1741007952 43811 0
1741007954 43706 0
1741007956 43885 0
1741007958 44026 0
1741007960 44284 0
1741007962 44090 0
1741007964 43814 0
1741007967 43945 0
1741007969 43922 0
1741007971 44206 0
1741007973 43864 0
1741007975 43924 0
1741007977 43855 0
1741007979 43851 0
1741007981 43685 0
1741007983 43949 0
1741007985 43824 0
1741007987 43910 0
1741007989 43635 0
1741007991 43707 0
1741007993 43571 0
1741007995 43636 0
1741007997 43692 0
1741007999 43552 0
1741008001 43565 0
1741008003 43721 0
1741008005 43526 0
1741008007 43945 0
1741008009 43729 0
1741008012 43647 0
1741008014 43883 0
1741008016 43807 0
1741008018 44042 0
1741008020 43724 0
1741008022 43661 0
1741008024 43830 0
1741008026 44061 0
1741008028 43973 0
1741008030 43658 0
1741008032 43718 0
1741008034 43844 0
1741008036 43991 0
1741008038 44138 0
1741008040 43792 0
1741008042 43813 0
1741008044 43993 0
1741008046 44035 0
1741008048 44069 0
1741008050 43944 0
1741008052 44211 0
1741008055 43895 0
1741008057 43902 0
1741008059 43876 0
1741008061 43740 0
1741008063 43756 0
1741008065 43730 0
1741008067 43804 0
1741008069 43897 0
1741008071 44038 0
1741008073 44125 0
1741008075 43836 0
1741008077 43706 0
1741008079 43855 0
1741008081 43868 0
1741008083 43675 0
1741008085 43900 0
1741008087 43953 0
1741008089 43825 0
1741008091 43907 0
1741008093 43784 0
1741008095 43805 0
1741008097 43683 0
1741008099 43694 0
1741008102 43854 0
1741008104 43719 0
1741008106 43591 0
1741008108 43577 0
1741008110 43671 0
1741008112 44012 0
1741008114 43801 0
1741008116 43788 0
1741008118 43965 0
1741008120 43715 0
1741008122 43696 0
1741008124 44059 0
1741008126 44108 0
1741008128 44208 0
1741008130 44281 0
1741008132 44142 0
1741008134 44079 0
1741008136 44131 0
1741008138 43929 0
1741008140 43865 0
1741008142 43979 0
1741008144 43652 0
1741008147 43954 0
1741008149 43955 0
1741008151 44035 0
1741008153 43997 0
1741008155 43768 0
1741008157 43759 0
1741008159 43497 0
1741008161 43630 0
1741008163 43634 0
1741008165 43714 0
1741008167 43699 0
1741008169 43779 0
1741008171 43710 0
1741008173 43780 0
1741008175 43519 0
1741008177 43519 0
1741008179 43934 0
1741008181 44058 0
1741008183 43769 0
1741008185 43686 0
1741008187 43708 0
1741008189 43784 0
1741008191 43718 0
1741008194 43586 0
1741008196 43570 0
1741008198 43611 0
1741008200 43643 0
1741008202 43618 0
1741008204 43578 0
1741008206 43652 0
1741008208 43641 0
1741008210 43563 0
1741008212 43508 0
1741008214 43522 0
1741008216 43751 0
1741008218 43798 0
1741008220 43725 0
1741008222 43631 0
1741008224 43662 0
1741008226 43488 0
1741008228 43495 0
1741008230 43348 0
1741008232 43348 0
1741008234 43531 0
1741008236 43370 0
1741008238 43467 0
1741008241 43450 0
1741008243 43437 0
1741008245 43456 0
1741008247 43512 0
1741008249 43581 0
1741008251 43657 0
1741008253 43654 0
1741008255 43723 0
1741008257 43551 0
1741008259 43479 0
1741008261 43544 0
1741008263 43501 0
1741008265 43524 0
1741008267 43635 0
1741008269 43449 0
1741008271 43739 0
1741008273 43529 0
1741008275 43660 0
1741008277 43358 0
1741008279 43560 0
1741008281 43428 0
1741008283 43486 0
1741008285 43488 0
1741008288 43484 0
1741008290 43570 0
1741008292 43316 0
1741008294 43336 0
1741008296 43209 0
1741008298 43442 0
1741008300 43563 0
1741008302 43652 0
1741008304 43452 0
1741008306 43514 0
1741008308 43603 0
1741008310 43685 0
1741008312 43579 0
1741008314 43662 0
1741008316 43448 0
1741008318 43305 0
1741008320 43424 0
1741008322 43332 0
1741008324 43572 0
1741008326 43674 0
1741008328 43692 0
1741008330 43865 0
1741008333 43762 0
1741008335 43988 0
1741008337 43646 0
1741008339 43565 0
1741008341 43412 0
1741008343 43533 0
1741008345 43523 0
1741008347 43541 0
1741008349 43527 0
1741008351 43511 0
1741008353 43311 0
1741008355 43480 0
1741008357 43453 0
1741008359 43535 0
1741008361 43308 0
1741008363 43440 0
1741008365 43476 0
1741008367 43385 0
1741008369 43564 0
1741008371 43444 0
1741008373 43485 0
1741008375 43356 0
1741008377 43489 0
1741008380 43517 0
1741008382 43470 0
1741008384 43593 0
1741008386 43379 0
1741008388 43514 0
1741008390 43389 0
1741008392 43688 0
1741008394 43551 0
1741008396 43484 0
1741008398 43568 0
1741008400 43547 0
1741008402 43525 0
1741008404 43491 0
1741008406 43448 0
1741008408 43402 0
1741008410 43467 0
1741008412 43377 0
1741008414 43506 0
1741008416 43510 0
1741008418 43442 0
1741008420 43368 0
1741008422 43386 0
1741008424 43375 0
1741008427 43400 0
1741008429 43309 0
1741008431 43431 0
1741008433 43435 0
1741008435 43372 0
1741008437 43405 0
1741008439 43481 0
1741008441 43373 0
1741008443 43619 0
1741008445 43600 0
1741008447 43633 0
1741008449 43623 0
1741008451 43756 0
1741008453 43710 0
1741008455 43951 0
1741008457 43888 0
1741008459 44035 0
1741008461 43975 0
1741008463 44027 0
1741008465 44007 0
1741008467 43869 0
1741008469 44099 0
1741008472 43759 0
1741008474 44050 0
1741008476 43733 0
1741008478 43843 0
1741008480 44471 0
1741008482 45315 0
1741008484 44494 0
1741008486 44081 0
1741008488 43813 0
1741008490 43488 0
1741008492 43580 0
1741008494 43707 0
1741008496 43786 0
1741008498 43433 0
1741008500 43351 0
1741008502 43424 0
1741008504 43631 0
1741008506 43762 0
1741008508 43542 0
1741008510 43742 0
1741008512 43588 0
1741008514 43691 0
1741008516 43347 0
1741008519 43474 0
1741008521 43429 0
1741008523 43420 0
1741008525 43412 0
1741008527 43440 0
1741008529 43436 0
1741008531 43450 0
1741008533 43373 0
1741008535 43409 0
1741008537 43363 0
1741008539 43387 0
1741008541 43301 0
1741008543 43504 0
1741008545 43464 0
1741008547 43346 0
1741008549 43389 0
1741008551 43461 0
1741008553 43440 0
1741008555 43395 0
1741008557 43570 0
1741008559 43411 0
1741008561 43397 0
1741008563 43504 0
1741008566 43459 0
1741008568 43461 0
1741008570 43443 0
1741008572 43464 0
1741008574 43434 0
1741008576 43457 0
1741008578 43396 0
1741008580 43502 0
1741008582 43381 0
1741008584 43470 0
1741008586 43610 0
1741008588 43501 0
1741008590 43373 0
1741008592 43434 0
1741008594 43441 0
1741008596 43535 0
1741008598 43517 0
1741008600 43488 0
1741008602 43377 0
1741008604 43505 0
1741008606 43432 0
1741008608 43565 0
1741008611 43463 0
1741008613 43418 0
1741008615 43404 0
1741008617 43321 0
1741008619 43454 0
1741008621 43291 0
1741008623 43439 0
1741008625 43424 0
1741008627 43401 0
1741008629 43287 0
1741008631 43448 0
1741008633 43452 0
1741008635 43479 0
1741008637 43438 0
1741008639 43400 0
1741008641 43398 0
1741008643 43314 0
1741008645 43374 0
1741008647 43469 0
1741008649 43419 0
1741008651 43398 0
1741008653 43248 0
1741008656 43422 0
1741008658 43403 0
1741008660 43332 0
1741008662 43428 0
1741008664 43367 0
1741008666 43439 0
1741008668 43419 0
1741008670 43417 0
1741008672 43482 0
1741008674 43509 0
1741008676 43661 0
1741008678 43514 0
1741008680 43566 0
1741008682 43388 0
1741008684 43495 0
1741008686 43316 0
1741008688 43575 0
1741008690 43295 0
1741008692 43501 0
1741008694 43506 0
1741008696 43633 0
1741008698 43410 0
1741008700 43468 0
1741008703 43629 0
1741008705 43665 0
1741008707 43493 0
1741008709 43441 0
1741008711 43601 0
1741008713 43580 0
1741008715 43487 0
1741008717 43396 0
1741008719 43733 0
1741008721 43587 0
1741008723 43539 0
1741008725 43546 0
1741008727 43485 0
1741008729 43617 0
1741008731 43549 0
1741008733 43606 0
1741008735 43752 0
1741008737 43803 0
1741008739 43616 0
1741008741 43452 0
1741008743 43401 0
1741008745 43532 0
1741008747 43661 0
1741008750 43660 0
1741008752 43607 0
1741008754 43699 0
1741008756 43553 0
1741008758 43495 0
1741008760 43640 0
1741008762 43656 0
1741008764 43645 0
1741008766 43586 0
1741008768 43591 0
1741008770 43548 0
1741008772 43335 0
1741008774 43672 0
1741008776 43685 0
1741008778 43763 0
1741008780 43705 0
1741008782 43571 0
1741008784 43808 0
1741008786 43693 0
1741008788 43762 0
1741008790 43899 0
1741008792 43791 0
1741008795 43709 0
1741008797 43692 0
1741008799 43662 0
1741008801 43667 0
1741008803 43669 0
1741008805 43675 0
1741008807 43656 0
1741008809 43785 0
1741008811 43716 0
1741008868 41298 0
1741008870 43440 0
1741008872 43537 0
1741008874 43765 0
1741008876 43718 0
1741008878 43441 0
1741008880 43548 0
1741008882 43427 0
1741008884 43619 0
1741008887 43631 0
1741008889 43387 0
1741008891 43446 0
1741008893 43406 0
1741008895 43371 0
1741008897 43284 0
1741008899 43269 0
1741008901 43466 0
1741008903 43384 0
1741008905 43368 0
1741008907 43338 0
1741008909 43344 0
1741008911 43368 0
1741008913 43312 0
1741008915 43472 0
1741008917 43384 0
1741008919 43385 0
1741008921 43504 0
1741008923 43393 0
1741008925 43511 0
1741008927 43435 0
1741008929 43399 0
1741008932 43534 0
1741008934 43533 0
1741008936 43309 0
1741008938 43506 0
1741008940 43440 0
1741008942 43341 0
1741008944 43493 0
1741008946 43538 0
1741008948 43376 0
1741008950 43392 0
1741008952 43341 0
1741008954 43377 0
1741008956 43639 0
1741008958 43488 0
1741008960 43435 0
1741008962 43472 0
1741008964 43391 0
1741008966 43902 0
1741008968 43542 0
1741008970 43662 0
1741008972 43797 0
1741008974 43643 0
1741008977 43611 0
1741008979 43502 0
1741008981 43605 0
1741008983 43437 0
1741008985 43478 0
1741008987 43588 0
1741008989 43677 0
1741008991 43516 0
1741008993 43537 0
1741008995 43500 0
1741008997 43595 0
1741008999 43456 0
1741009001 43339 0
1741009003 43415 0
1741009005 43416 0
1741009007 43493 0
1741009009 43312 0
1741009011 43556 0
1741009013 43691 0
1741009015 43510 0
1741009017 43442 0
1741009019 43437 0
1741009022 43622 0
1741009024 43517 0
1741009026 43422 0
1741009028 43456 0
1741009030 43525 0
1741009032 43433 0
1741009034 43349 0
1741009036 43318 0
1741009038 43312 0
1741009040 43353 0
1741009042 43562 0
1741009044 43398 0
1741009046 43403 0
1741009048 43489 0
1741009050 43501 0
1741009052 43550 0
1741009054 43320 0
1741009056 43473 0
1741009058 43619 0
1741009060 43999 0
1741009062 44112 0
1741009064 43470 0
1741009066 43338 0
1741009069 43478 0
1741009071 43554 0
1741009073 43423 0
1741009075 43551 0
1741009077 43522 0
1741009079 43547 0
1741009081 43543 0
1741009083 43517 0
1741009085 43622 0
1741009087 43662 0
1741009089 43505 0
1741009091 43503 0
1741009093 43472 0
1741009095 43394 0
1741009097 43448 0
1741009099 43314 0
1741009101 43615 0
1741009103 43561 0
1741009105 43526 0
1741009107 43487 0
1741009109 43377 0
1741009111 43614 0
1741009113 43399 0
1741009116 43327 0
1741009118 43327 0
1741009120 43370 0
1741009122 43306 0
1741009124 43386 0
1741009126 43410 0
1741009128 43512 0
1741009130 43401 0
1741009132 43464 0
1741009134 43364 0
1741009136 43466 0
1741009138 43406 0
1741009140 43350 0
1741009142 43406 0
1741009144 43258 0
1741009146 43403 0
1741009148 43408 0
1741009150 43493 0
1741009152 43439 0
1741009154 43507 0
1741009156 43224 0
1741009158 43406 0
1741009160 43346 0
1741009163 43371 0
1741009165 43390 0
1741009167 43447 0
1741009169 43414 0
1741009171 43405 0
1741009173 43406 0
1741009175 43373 0
1741009177 43517 0
1741009179 43372 0
1741009181 43425 0
1741009183 43563 0
1741009185 43510 0
1741009187 43462 0
1741009189 43731 0
1741009191 43645 0
1741009193 43467 0
1741009195 43528 0
1741009197 43519 0
1741009199 43511 0
1741009201 43497 0
1741009203 43672 0
1741009205 43477 0
1741009208 43962 0
1741009210 43667 0
1741009212 43389 0
1741009214 43616 0
1741009216 43697 0
1741009218 43427 0
1741009220 43449 0
1741009222 43594 0
1741009224 43499 0
1741009226 43682 0
1741009228 43664 0
1741009230 43502 0
1741009232 43546 0
1741009234 43603 0
1741009236 43389 0
1741009238 43539 0
1741009240 43470 0
1741009242 43497 0
1741009244 43330 0
1741009246 43407 0
1741009248 43414 0
1741009251 43404 0
1741009253 43422 0
1741009255 43412 0
1741009257 43499 0
1741009259 43493 0
1741009261 43554 0
1741009263 43637 0
1741009265 43406 0
1741009267 43521 0
1741009269 43418 0
1741009271 43360 0
1741009273 43465 0
1741009275 43523 0
1741009277 43531 0
1741009279 43500 0
1741009281 43444 0
1741009283 43566 0
1741009285 43380 0
1741009287 43378 0
1741009289 43234 0
1741009292 43429 0
1741009294 43311 0
1741009296 43344 0
1741009298 43352 0
1741009300 43458 0
1741009302 43523 0
1741009304 43438 0
1741009306 43440 0
1741009308 43368 0
1741009310 43431 0
1741009312 43515 0
1741009314 43675 0
1741009316 43501 0
1741009318 43474 0
1741009320 43443 0
1741009322 43498 0
1741009324 43484 0
1741009326 43492 0
1741009328 43706 0
1741009330 43578 0
1741009332 43514 0
1741009334 43680 0
1741009336 43679 0
1741009339 43348 0
1741009341 43398 0
1741009343 43462 0
1741009345 43608 0
1741009347 43477 0
1741009349 43474 0
1741009351 43555 0
1741009353 43380 0
1741009355 43329 0
1741009357 43457 0
1741009359 43456 0
1741009361 43376 0
1741009363 43322 0
1741009365 43364 0
1741009367 43316 0
1741009369 43268 0
1741009371 43316 0
1741009373 43231 0
1741009375 43175 0
1741009377 43198 0
1741009379 43279 0
1741009381 43315 0
1741009383 43298 0
1741009386 43220 0
1741009388 43393 0
1741009390 43466 0
1741009392 43426 0
1741009394 43460 0
1741009396 43355 0
1741009398 43401 0
1741009400 43483 0
1741009402 43387 0
1741009404 43365 0
1741009406 43402 0
1741009408 43400 0
1741009410 43468 0
1741009412 43522 0
1741009414 43730 0
1741009416 43452 0
1741009418 43458 0
1741009420 43496 0
1741009422 43444 0
1741009424 43658 0
1741009426 43482 0
1741009428 43372 0
1741009431 43410 0
1741009433 43500 0
1741009435 43414 0
1741009437 43462 0
1741009439 43551 0
1741009441 43500 0
1741009443 43414 0
1741009445 43669 0
1741009447 43931 0
1741009449 43847 0
1741009451 43652 0
1741009453 43595 0
1741009455 43544 0
1741009457 43525 0
1741009459 43549 0
1741009461 43550 0
1741009463 43886 0
1741009465 43716 0
1741009467 43619 0
1741009469 43518 0
1741009471 43799 0
1741009473 43987 0
1741009475 43723 0
1741009478 43693 0
1741009480 43888 0
1741009482 43824 0
1741009484 44149 0
1741009486 43747 0
1741009488 44556 0
1741009490 43762 0
1741009492 43898 0
1741009494 44312 0
1741009496 43933 0
1741009498 44097 0
1741009500 43870 0
1741009502 43677 0
1741009504 43736 0
1741009506 44037 0
1741009508 43712 0
1741009510 43543 0
1741009512 43558 0
1741009514 43484 0
1741009516 43422 0
1741009518 43692 0
1741009520 43652 0
1741009522 43613 0
1741009525 43502 0
1741009527 43638 0
1741009529 43436 0
1741009531 43455 0
1741009533 43402 0
1741009535 43407 0
1741009537 43500 0
1741009539 43373 0
1741009541 43321 0
1741009543 43421 0
1741009545 43401 0
1741009547 43392 0
1741009549 43453 0
1741009551 43386 0
1741009553 43574 0
1741009555 43452 0
1741009557 43610 0
1741009559 43430 0
1741009561 43564 0
1741009563 43398 0
1741009565 43679 0
1741009567 43548 0
1741009570 43399 0
1741009572 43338 0
1741009574 43457 0
1741009576 43592 0
1741009578 43466 0
1741009580 43601 0
1741009582 43590 0
1741009584 43520 0
1741009586 43516 0
1741009588 43480 0
1741009590 43456 0
1741009592 43414 0
1741009594 43410 0
1741009596 43460 0
1741009598 43446 0
1741009600 43436 0
1741009602 43456 0
1741009604 43411 0
1741009606 43462 0
1741009608 43658 0
1741009610 43411 0
1741009612 43558 0
1741009614 43511 0
1741009617 43608 0
1741009619 43504 0
1741009621 43500 0
1741009623 43602 0
1741009625 43599 0
1741009627 43604 0
1741009629 43574 0
1741009631 43752 0
1741009633 43577 0
1741009635 43683 0
1741009637 43853 0
1741009639 43657 0
1741009641 43528 0
1741009643 43613 0
1741009645 43450 0
1741009647 43775 0
1741009649 43604 0
1741009651 43603 0
1741009653 43723 0
1741009655 43617 0
1741009657 43473 0
1741009659 43749 0
1741009662 43758 0
1741009664 43582 0
1741009666 43636 0
1741009668 43630 0
1741009670 43596 0
1741009672 43700 0
1741009674 43878 0
1741009676 43701 0
1741009678 43570 0
1741009680 43785 0
1741009682 43519 0
1741009684 43586 0
1741009686 43737 0
1741009688 43672 0
1741009690 43606 0
1741009692 43609 0
1741009694 43466 0
1741009696 43552 0
1741009698 43474 0
1741009700 43746 0
1741009703 43570 0
1741009705 43648 0
1741009707 43547 0
1741009709 43640 0
1741009711 43595 0
1741009713 43766 0
1741009715 43852 0
1741009717 43707 0
1741009719 43536 0
1741009721 43534 0
1741009723 43532 0
1741009725 43795 0
1741009727 43626 0
1741009729 43531 0
1741009731 43895 0
1741009733 43743 0
1741009735 43767 0
1741009737 43453 0
1741009739 43485 0
1741009741 43584 0
1741009743 43585 0
1741009745 43471 0
1741009747 43614 0
1741009750 43608 0
1741009752 43522 0
1741009754 43614 0
1741009756 43517 0
1741009758 43391 0
1741009760 43587 0
1741009762 43608 0
1741009764 43489 0
1741009766 43625 0
1741009768 43537 0
1741009770 43498 0
1741009772 43634 0
1741009774 43499 0
1741009776 43578 0
1741009778 43666 0
1741009780 43745 0
1741009782 43530 0
1741009784 43514 0
1741009786 43573 0
1741009788 43686 0
1741009790 43739 0
1741009792 43702 0
1741009795 43592 0
1741009797 43562 0
1741009799 43714 0
1741009801 43665 0
1741009803 43476 0
1741009805 43607 0
1741009807 43524 0
1741009809 43547 0
1741009811 43639 0
1741009813 43562 0
1741009815 43619 0
1741009817 43603 0
1741009819 43578 0
1741009821 43707 0
1741009823 43391 0
1741009825 43630 0
1741009827 43477 0
1741009829 43501 0
1741009831 43646 0
1741009833 43784 0
1741009835 43779 0
1741009837 43676 0
1741009839 43557 0
1741009842 43801 0
1741009844 43686 0
1741009846 43645 0
1741009848 43632 0
1741009850 43650 0
1741009852 43667 0
1741009854 43591 0
1741009856 43847 0
1741009858 43664 0
1741009860 43868 0
1741009862 43689 0
1741009864 43677 0
1741009866 43867 0
1741009868 43862 0
1741009870 43817 0
1741009872 43710 0
1741009874 43622 0
1741009876 43541 0
1741009878 43774 0
1741009880 43715 0
1741009882 44041 0
1741009884 43755 0
1741009886 43789 0
1741009889 43976 0
1741009891 43745 0
1741009893 43704 0
1741009895 44085 0
1741009897 44002 0
1741009899 43890 0
1741009901 43817 0
1741009903 43960 0
1741009905 44070 0
1741009907 43799 0
1741009909 43768 0
1741009911 43809 0
1741009913 43807 0
1741009915 43887 0
1741009917 43742 0
1741009919 43698 0
1741009921 43756 0
1741009923 43972 0
1741009925 44019 0
1741009927 44159 0
1741009929 44061 0
1741009931 43798 0
1741009934 43888 0
1741009936 44007 0
1741009938 44146 0
1741009940 44055 0
1741009942 43658 0
1741009944 43760 0
1741009946 43780 0
1741009948 43665 0
1741009950 43802 0
1741009952 44103 0
1741009954 43980 0
1741009956 44025 0
1741009958 44013 0
1741009960 43775 0
1741009962 44044 0
1741009964 43853 0
1741009966 43771 0
1741009968 43970 0
1741009970 43736 0
1741009972 43767 0
1741009974 43841 0
1741009976 43603 0
1741009978 43873 0
1741009981 43560 0
1741009983 43762 0
1741009985 43781 0
1741009987 43754 0
1741009989 43757 0
1741009991 43877 0
1741009993 43619 0
1741009995 43596 0
1741009997 43685 0
1741009999 43680 0
1741010001 43629 0
1741010003 43646 0
1741010005 43677 0
1741010007 43628 0
1741010009 43592 0
1741010011 43736 0
1741010013 43735 0
1741010015 43741 0
1741010017 43784 0
1741010019 43708 0
1741010021 43670 0
1741010023 43569 0
1741010025 43721 0
1741010028 43495 0
1741010030 43691 0
1741010032 43655 0
1741010034 43714 0
1741010036 43633 0
1741010038 43519 0
1741010040 43705 0
1741010042 43785 0
1741010044 43677 0
1741010046 43674 0
1741010048 43725 0
1741010050 43668 0
1741010052 43723 0
1741010054 43687 0
1741010056 43800 0
1741010058 43654 0
1741010060 43472 0
1741010062 43551 0
1741010064 43784 0
1741010066 43557 0
1741010068 43474 0
1741010070 43433 0
1741010073 43373 0
1741010075 43747 0
1741010077 43801 0
1741010079 43618 0
1741010081 43498 0
1741010083 43506 0
1741010085 43530 0
1741010087 43592 0
1741010089 43570 0
1741010091 43607 0
1741010093 43625 0
1741010095 43704 0
1741010097 43647 0
1741010099 43587 0
1741010101 43624 0
1741010103 43612 0
1741010105 43872 0
1741010107 43608 0
1741010109 43605 0
1741010111 43544 0
1741010113 43732 0
1741010115 43628 0
1741010117 43639 0
1741010120 43661 0
1741010122 43548 0
1741010124 43477 0
1741010126 43464 0
1741010128 43764 0
1741010130 43579 0
1741010132 43536 0
1741010134 43505 0
1741010136 43645 0
1741010138 43520 0
1741010140 43650 0
1741010142 43875 0
1741010144 43918 0
1741010146 43845 0
1741010148 43728 0
1741010150 43677 0
1741010152 43740 0
1741010154 43616 0
1741010156 43760 0
1741010158 43701 0
1741010160 43789 0
1741010162 43634 0
1741010164 43730 0
1741010167 43702 0
1741010169 43715 0
1741010171 43668 0
1741010173 43693 0
1741010175 43640 0
1741010177 43617 0
1741010179 43665 0
1741010181 43699 0
1741010183 43731 0
1741010185 43756 0
1741010187 43717 0
1741010189 43767 0
1741010191 43818 0
1741010193 43546 0
1741010195 43616 0
1741010197 43625 0
1741010199 43657 0
1741010201 43590 0
1741010203 43590 0
1741010205 43394 0
1741010207 43681 0
1741010209 43736 0
1741010211 43627 0
1741010214 43609 0
1741010216 43501 0
1741010218 43529 0
1741010220 43521 0
1741010222 43510 0
1741010224 43527 0
1741010226 43515 0
1741010228 43519 0
1741010230 43762 0
1741010232 43608 0
1741010234 43558 0
1741010236 43590 0
1741010238 43605 0
1741010240 43533 0
1741010242 43512 0
1741010244 43592 0
1741010246 43528 0
1741010248 43501 0
1741010250 43564 0
1741010252 43568 0
1741010254 43669 0
1741010256 43703 0
1741010259 43670 0
1741010261 43738 0
1741010263 43853 0
1741010265 43830 0
1741010267 43662 0
1741010269 43635 0
1741010271 43529 0
1741010273 43666 0
1741010275 43620 0
1741010277 43581 0
1741010279 43486 0
1741010281 43568 0
1741010283 43796 0
1741010285 43585 0
1741010287 43551 0
1741010289 43523 0
1741010291 43553 0
1741010293 43450 0
1741010295 43516 0
1741010297 43508 0
1741010299 43541 0
1741010301 43602 0
1741010303 43648 0
1741010306 43545 0
1741010308 43730 0
1741010310 43658 0
1741010312 43542 0
1741010314 43558 0
1741010316 43764 0
1741010318 43699 0
1741010320 43640 0
1741010322 43594 0
1741010324 43451 0
1741010326 43620 0
1741010328 43686 0
1741010330 43826 0
1741010332 43844 0
1741010334 43735 0
1741010336 43701 0
1741010338 44090 0
1741010340 43769 0
1741010342 43701 0
1741010344 43660 0
1741010346 43942 0
1741010348 43681 0
1741010350 43660 0
1741010353 43777 0
1741010355 43794 0
1741010357 43725 0
1741010359 43586 0
1741010361 43606 0
1741010363 43573 0
1741010365 43741 0
1741010367 43667 0
1741010369 43665 0
1741010371 43548 0
1741010373 43555 0
1741010375 43596 0
1741010377 43580 0
1741010379 43641 0
1741010381 43536 0
1741010383 43716 0
1741010385 43856 0
1741010387 44005 0
1741010389 43624 0
1741010391 43700 0
1741010393 43807 0
1741010395 43685 0
1741010398 43672 0
1741010400 43558 0
1741010402 43700 0
1741010404 43543 0
1741010406 43456 0
1741010408 43793 0
1741010410 43727 0
1741010412 43710 0
1741010414 43839 0
1741010416 43992 0
1741010418 43667 0
1741010420 43710 0
1741010422 43599 0
1741010424 43572 0
1741010426 43468 0
1741010428 43527 0
1741010430 43609 0
1741010432 43632 0
1741010434 43732 0
1741010436 43813 0
1741010438 43711 0
1741010440 43498 0
1741010442 43585 0
1741010445 43611 0
1741010447 43564 0
1741010449 43670 0
1741010451 43679 0
1741010453 43645 0
1741010455 43826 0
1741010457 43851 0
1741010459 43604 0
1741010461 43655 0
1741010463 43494 0
1741010465 43567 0
1741010467 43644 0
1741010469 43567 0
1741010471 43728 0
1741010473 43630 0
1741010475 43568 0
1741010477 43735 0
1741010479 43603 0
1741010481 43786 0
1741010483 43903 0
1741010485 43622 0
1741010487 43862 0
1741010489 43683 0
1741010492 43696 0
1741010494 43590 0
1741010496 43662 0
1741010498 43782 0
1741010500 43599 0
1741010502 43445 0
1741010504 43736 0
1741010506 43649 0
1741010508 43828 0
1741010510 43624 0
1741010512 43635 0
1741010514 43709 0
1741010516 43507 0
1741010518 43615 0
1741010520 43562 0
1741010522 43604 0
1741010524 43417 0
1741010526 43605 0
1741010528 43479 0
1741010530 43802 0
1741010532 43547 0
1741010534 43587 0
1741010536 43532 0
1741010539 43632 0
1741010541 43615 0
1741010543 43642 0
1741010545 43523 0
1741010547 43458 0
1741010549 43673 0
1741010551 43739 0
1741010553 43526 0
1741010555 43679 0
1741010557 43451 0
1741010559 43618 0
1741010561 43729 0
1741010563 43484 0
1741010565 43765 0
1741010567 43741 0
1741010569 43569 0
1741010571 43546 0
1741010573 43593 0
1741010575 43564 0
1741010577 43585 0
1741010579 43569 0
1741010581 43536 0
1741010584 43507 0
1741010586 43532 0
1741010588 43366 0
1741010590 43591 0
1741010592 43482 0
1741010594 43555 0
1741010596 43463 0
1741010598 43442 0
1741010600 43537 0
1741010602 43435 0
1741010604 43509 0
1741010606 43444 0
1741010608 43539 0
1741010610 43522 0
1741010612 43484 0
1741010614 43493 0
1741010616 43558 0
1741010618 43430 0
1741010620 43501 0
1741010622 43499 0
1741010624 43426 0
1741010626 43473 0
1741010628 43380 0
1741010631 43477 0
1741010633 43406 0
1741010635 43566 0
1741010637 43317 0
1741010639 43561 0
1741010641 43527 0
1741010643 43463 0
1741010645 43413 0
1741010647 43641 0
1741010649 43554 0
1741010651 43451 0
1741010653 43391 0
1741010655 43425 0
1741010657 43449 0
1741010659 43529 0
1741010661 43491 0
1741010663 43444 0
1741010665 43423 0
1741010667 43385 0
1741010669 43484 0
1741010671 43410 0
1741010673 43403 0
1741010676 43449 0
1741010678 43471 0
1741010680 43276 0
1741010682 43376 0
1741010684 43465 0
1741010686 43416 0
1741010688 43448 0
1741010690 43399 0
1741010692 43362 0
1741010694 43525 0
1741010696 43390 0
1741010698 43387 0
1741010700 43340 0
1741010702 43461 0
1741010704 43329 0
1741010706 43393 0
1741010708 43398 0
1741010710 43335 0
1741010712 43395 0
1741010714 43339 0
1741010716 43457 0
1741010718 43404 0
1741010720 43385 0
1741010723 43496 0
1741010725 43509 0
1741010727 43471 0
1741010729 43451 0
1741010731 43403 0
1741010733 43417 0
1741010735 43382 0
1741010737 43485 0
1741010739 43475 0
1741010741 43389 0
1741010743 43532 0
1741010745 43445 0
1741010747 43369 0
1741010749 43421 0
1741010751 43361 0
1741010753 43489 0
1741010755 43382 0
1741010757 43376 0
1741010759 43374 0
1741010761 43508 0
1741010763 43381 0
1741010765 43534 0
1741010767 43427 0
1741010770 43351 0
1741010772 43498 0
1741010774 43533 0
1741010776 43392 0
1741010778 43477 0
1741010780 43360 0
1741010782 43427 0
1741010784 43516 0
1741010786 43557 0
1741010788 43453 0
1741010790 43515 0
1741010792 43430 0
1741010794 43560 0
1741010796 43491 0
1741010798 43577 0
1741010800 43432 0
1741010802 43481 0
1741010804 43554 0
1741010806 43496 0
1741010808 43490 0
1741010810 43420 0
1741010812 43679 0
1741010815 43495 0
1741010817 43553 0
1741010819 43510 0
1741010821 43413 0
1741010823 43545 0
1741010825 43479 0
1741010827 43395 0
1741010829 43411 0
1741010831 43509 0
1741010833 43411 0
1741010835 43349 0
1741010837 43472 0
1741010839 43441 0
1741010841 43452 0
1741010843 43349 0
1741010845 43455 0
1741010847 43466 0
1741010849 43678 0
1741010851 43452 0
1741010853 43554 0
1741010855 43582 0
1741010857 43530 0
1741010859 43619 0
1741010862 43494 0
1741010864 43721 0
1741010866 43557 0
1741010868 43518 0
1741010870 43487 0
1741010872 43558 0
1741010874 43724 0
1741010876 43625 0
1741010878 43558 0
1741010880 43466 0
1741010882 43642 0
1741010884 43625 0
1741010886 43627 0
1741010888 43593 0
1741010890 43637 0
1741010892 43710 0
1741010894 43822 0
1741010896 43591 0
1741010898 44182 0
1741010900 43868 0
1741010902 44003 0
1741010904 43669 0
1741010906 43791 0
1741010909 43584 0
1741010911 43605 0
1741010913 43742 0
1741010915 43652 0
1741010917 43498 0
1741010919 43430 0
1741010921 43539 0
1741010923 43536 0
1741010925 43686 0
1741010927 43609 0
1741010929 43491 0
1741010931 43454 0
1741010933 43405 0
1741010935 43384 0
1741010937 43464 0
1741010939 43370 0
1741010941 43461 0
1741010943 43449 0
1741010945 43485 0
1741010947 43531 0
1741010949 43336 0
1741010951 43384 0
1741010954 43407 0
1741010956 43469 0
1741010958 43512 0
1741010960 43406 0
1741010962 43375 0
1741010964 43316 0
1741010966 43456 0
1741010968 43409 0
1741010970 43356 0
1741010972 43416 0
1741010974 43415 0
1741010976 43410 0
1741010978 43416 0
1741010980 43496 0
1741010982 43385 0
1741010984 43400 0
1741010986 43446 0
1741010988 43355 0
1741010990 43397 0
1741010992 43413 0
1741010994 43458 0
1741010996 43513 0
1741010998 43305 0
1741011001 43458 0
1741011003 43398 0
1741011005 43521 0
1741011007 43594 0
1741011009 43417 0
1741011011 43593 0
1741011013 43461 0
1741011015 43541 0
1741011017 43536 0
1741011019 43490 0
1741011021 43476 0
1741011023 43409 0
1741011025 43331 0
1741011027 43404 0
1741011029 43407 0
1741011031 43488 0
1741011033 43397 0
1741011035 43442 0
1741011037 43483 0
1741011039 43479 0
1741011041 43516 0
1741011043 43636 0
1741011046 43633 0
1741011048 43742 0
1741011050 43489 0
1741011052 43436 0
1741011054 43678 0
1741011056 43514 0
1741011058 43620 0
1741011060 43686 0
1741011062 43662 0
1741011064 43745 0
1741011066 43648 0
1741011068 43603 0
1741011070 43636 0
1741011072 43528 0
1741011074 43649 0
1741011076 43614 0
1741011078 43619 0
1741011080 43698 0
1741011082 43619 0
1741011084 43632 0
1741011086 43596 0
1741011088 43566 0
1741011091 43703 0
1741011093 43594 0
1741011095 43506 0
1741011097 43620 0
1741011099 43647 0
1741011101 43662 0
1741011103 43674 0
1741011105 43671 0
1741011107 43761 0
1741011109 43624 0
1741011111 43682 0
1741011113 43575 0
1741011115 43614 0
1741011117 43679 0
1741011119 43783 0
1741011121 43769 0
1741011123 43749 0
1741011125 43783 0
1741011127 43848 0
1741011129 43783 0
1741011131 43712 0
1741011133 43580 0
1741011135 43693 0
1741011138 43795 0
1741011140 43707 0
1741011142 43731 0
1741011144 43732 0
1741011146 43956 0
1741011148 43691 0
1741011150 43658 0
1741011152 43686 0
1741011154 43834 0
1741011156 43731 0
1741011158 43774 0
1741011160 43926 0
1741011162 43790 0
1741011164 43820 0
1741011166 43826 0
1741011168 44037 0
1741011170 43820 0
1741011172 43831 0
1741011174 43686 0
1741011176 43617 0
1741011178 43897 0
1741011180 43802 0
1741011182 43793 0
1741011185 43634 0
1741011187 43663 0
1741011189 43821 0
1741011191 43826 0
1741011193 43841 0
1741011195 43685 0
1741011197 43566 0
1741011199 43632 0
1741011201 43688 0
1741011203 43797 0
1741011205 43688 0
1741011207 43696 0
1741011209 43782 0
1741011211 43635 0
1741011213 43626 0
1741011215 43631 0
1741011217 43642 0
1741011219 43791 0
1741011221 43885 0
1741011223 43809 0
1741011225 43797 0
1741011227 43621 0
1741011229 43409 0
1741011232 43598 0
1741011234 43535 0
1741011236 43512 0
1741011238 43564 0
1741011240 43584 0
1741011242 43525 0
1741011244 43541 0
1741011246 43565 0
1741011248 43576 0
1741011250 43574 0
1741011252 43461 0
1741011254 43536 0
1741011256 43544 0
1741011258 43654 0
1741011260 43581 0
1741011262 43723 0
1741011264 43664 0
1741011266 43576 0
1741011268 43612 0
1741011271 43598 0
1741011273 43532 0
1741011275 43685 0
1741011277 43833 0
1741011279 43631 0
1741011281 43752 0
1741011283 43801 0
1741011285 43775 0
1741011287 43755 0
1741011289 43901 0
1741011291 44011 0
1741011293 43648 0
1741011295 43549 0
1741011297 43480 0
1741011299 43812 0
1741011301 43963 0
1741011303 43644 0
1741011305 43653 0
1741011307 43759 0
1741011309 43795 0
1741011311 43971 0
1741011313 43802 0
1741011315 43755 0
1741011318 43940 0
1741011320 43828 0
1741011322 43754 0
1741011324 43695 0
1741011326 43671 0
1741011328 43516 0
1741011330 43668 0
1741011332 43649 0
1741011334 43649 0
1741011336 43720 0
1741011338 43710 0
1741011340 43791 0
1741011342 43869 0
1741011344 43748 0
1741011346 43749 0
1741011348 43796 0
1741011350 43711 0
1741011352 43750 0
1741011354 43649 0
1741011356 43776 0
1741011358 43946 0
1741011360 43779 0
1741011363 43658 0
1741011365 43632 0
1741011367 43784 0
1741011369 43694 0
1741011371 43800 0
1741011373 43710 0
1741011375 43748 0
1741011377 43843 0
1741011379 43742 0
1741011381 43684 0
1741011383 43759 0
1741011385 43960 0
1741011387 43867 0
1741011389 44082 0
1741011391 44821 0
1741011393 44464 0
1741011395 44158 0
1741011397 43922 0
1741011399 43802 0
1741011401 43742 0
1741011403 43784 0
1741011405 44380 0
1741011407 44232 0
1741011410 44375 0
1741011412 43855 0
1741011414 43917 0
1741011416 44107 0
1741011418 43836 0
1741011420 43861 0
1741011422 44095 0
1741011424 44082 0
1741011426 44311 0
1741011428 43869 0
1741011430 43830 0
1741011432 43751 0
1741011434 43590 0
1741011436 43717 0
1741011438 43602 0
1741011440 43804 0
1741011442 43777 0
1741011444 43552 0
1741011446 43596 0
1741011448 43537 0
1741011450 43700 0
1741011452 43632 0
1741011455 43503 0
1741011457 43562 0
1741011459 43660 0
1741011461 43557 0
1741011463 43746 0
1741011465 43724 0
1741011467 43580 0
1741011469 43553 0
1741011471 43710 0
1741011473 43658 0
1741011475 43562 0
1741011477 43475 0
1741011479 43533 0
1741011481 43534 0
1741011483 43587 0
1741011485 43530 0
1741011487 43471 0
1741011489 43383 0
1741011491 43473 0
1741011493 43682 0
1741011495 43404 0
1741011497 43485 0
1741011499 43477 0
1741011502 43490 0
1741011504 43470 0
1741011506 43275 0
1741011508 43578 0
1741011510 43694 0
1741011512 43460 0
1741011514 43435 0
1741011516 43616 0
1741011518 43493 0
1741011520 43534 0
1741011522 43658 0
1741011524 43538 0
1741011526 43352 0
1741011528 43604 0
1741011530 43688 0
1741011532 43681 0
1741011534 43796 0
1741011536 43925 0
1741011538 44003 0
1741011540 43686 0
1741011542 43768 0
1741011544 43849 0
1741011546 43999 0
1741011549 44105 0
1741011551 43714 0
1741011553 43755 0
1741011555 43674 0
1741011557 43795 0
1741011559 43658 0
1741011561 43546 0
1741011563 43488 0
1741011565 43726 0
1741011567 43550 0
1741011569 43708 0
1741011571 43716 0
1741011573 43575 0
1741011575 43580 0
1741011577 43666 0
1741011579 43756 0
1741011581 43637 0
1741011583 43689 0
1741011585 43907 0
1741011587 43781 0
1741011589 43663 0
1741011591 43483 0
1741011594 43592 0
1741011596 43620 0
1741011598 43552 0
1741011600 43444 0
1741011602 43528 0
1741011604 43653 0
1741011606 43551 0
1741011608 43618 0
1741011610 43582 0
1741011612 43456 0
1741011614 43549 0
1741011616 43666 0
1741011618 43641 0
1741011620 43628 0
1741011622 43518 0
1741011624 43612 0
1741011626 43607 0
1741011628 43590 0
1741011630 43565 0
1741011632 43575 0
1741011634 43579 0
1741011636 43698 0
1741011638 43450 0
1741011641 43438 0
1741011643 43585 0
1741011645 43564 0
1741011647 43452 0
1741011649 43434 0
1741011651 43512 0
1741011653 43500 0
1741011655 43500 0
1741011657 43614 0
1741011659 43463 0
1741011661 43592 0
1741011663 43458 0
1741011665 43471 0
1741011667 43497 0
1741011669 43518 0
1741011671 43398 0
1741011673 43406 0
1741011675 43643 0
1741011677 43676 0
1741011679 43468 0
1741011681 43541 0
1741011683 43547 0
1741011685 43550 0
1741011688 43494 0
1741011690 43378 0
1741011692 43520 0
1741011694 43551 0
1741011696 43552 0
1741011698 43504 0
1741011700 43631 0
1741011702 43615 0
1741011704 43732 0
1741011706 43658 0
1741011708 43538 0
1741011710 43503 0
1741011712 43492 0
1741011714 43495 0
1741011716 43531 0
1741011718 43564 0
1741011720 43501 0
1741011722 43588 0
1741011724 43473 0
1741011726 43434 0
1741011728 43329 0
1741011730 43498 0
1741011732 43375 0
1741011735 43505 0
1741011737 43381 0
1741011739 43547 0
1741011741 43532 0
1741011743 43498 0
1741011745 43468 0
1741011747 43455 0
1741011749 43404 0
1741011751 43463 0
1741011753 43391 0
1741011755 43549 0
1741011757 43574 0
1741011759 43408 0
1741011761 43591 0
1741011763 43563 0
1741011765 43377 0
1741011767 43599 0
1741011769 43599 0
1741011771 43648 0
1741011773 43590 0
1741011775 43442 0
1741011777 43529 0
1741011780 43546 0
1741011782 43551 0
1741011784 43534 0
1741011786 43497 0
1741011788 43577 0
1741011790 43466 0
1741011792 43376 0
1741011794 43513 0
1741011796 43466 0
1741011798 43487 0
1741011800 43451 0
1741011802 43401 0
1741011804 43440 0
1741011806 43611 0
1741011808 43538 0
1741011810 43457 0
1741011812 43566 0
1741011814 43477 0
1741011816 43512 0
1741011818 43563 0
1741011820 43542 0
1741011822 43460 0
1741011824 43570 0
1741011827 43610 0
1741011829 43573 0
1741011831 43585 0
1741011833 43602 0
1741011835 43529 0
1741011837 43435 0
1741011839 43602 0
1741011841 43620 0
1741011843 43613 0
1741011845 43633 0
1741011847 43485 0
1741011849 43616 0
1741011851 43439 0
1741011853 43599 0
1741011855 43530 0
1741011857 43585 0
1741011859 43606 0
1741011861 43421 0
1741011863 43608 0
1741011865 43353 0
1741011867 43478 0
1741011869 43416 0
1741011871 43496 0
1741011874 43526 0
1741011876 43516 0
1741011878 43395 0
1741011880 43513 0
1741011882 43514 0
1741011884 43573 0
1741011886 43564 0
1741011888 43527 0
1741011890 43462 0
1741011892 43476 0
1741011894 43463 0
1741011896 43428 0
1741011898 43468 0
1741011900 43546 0
1741011902 43522 0
1741011904 43442 0
1741011906 43492 0
1741011908 43588 0
1741011910 43440 0
1741011912 43450 0
1741011914 43593 0
1741011916 43410 0
1741011919 43418 0
1741011921 43405 0
1741011923 43520 0
1741011925 43396 0
1741011927 43466 0
1741011929 43374 0
1741011931 43406 0
1741011933 43359 0
1741011935 43485 0
1741011937 43524 0
1741011939 43367 0
1741011941 43317 0
1741011943 43426 0
1741011945 43310 0
1741011947 43428 0
1741011949 43282 0
1741011951 43392 0
1741011953 43301 0
1741011955 43374 0
1741011957 43389 0
1741011959 43348 0
1741011962 43409 0
1741011964 43447 0
1741011966 43272 0
1741011968 43350 0
1741011970 43425 0
1741011972 43355 0
1741011974 43506 0
1741011976 43448 0
1741011978 43358 0
1741011980 43470 0
1741011982 43448 0
1741011984 43409 0
1741011986 43461 0
1741011988 43332 0
1741011990 43575 0
1741011992 43246 0
1741011994 43365 0
1741011996 43450 0
1741011998 43347 0
1741012000 43339 0
1741012002 43399 0
1741012005 43411 0
1741012007 43498 0
1741012009 43402 0
1741012011 43388 0
1741012013 43301 0
1741012015 43390 0
1741012017 43415 0
1741012019 43368 0
1741012021 43374 0
1741012023 43401 0
1741012025 43404 0
1741012027 43404 0
1741012029 43350 0
1741012031 43344 0
1741012033 43356 0
1741012035 43401 0
1741012037 43432 0
1741012039 43434 0
1741012041 43414 0
1741012043 43298 0
1741012045 43392 0
1741012047 43331 0
1741012050 43350 0
1741012052 43365 0
1741012054 43411 0
1741012056 43283 0
1741012058 43310 0
1741012060 43356 0
1741012062 43354 0
1741012064 43392 0
1741012066 43376 0
1741012068 43324 0
1741012070 43350 0
1741012072 43272 0
1741012074 43388 0
1741012076 43345 0
1741012078 43302 0
1741012080 43254 0
1741012082 43377 0
1741012084 43336 0
1741012086 43351 0
1741012088 43343 0
1741012090 43358 0
1741012092 43362 0
1741012094 43424 0
1741012097 43419 0
1741012099 43299 0
1741012101 43364 0
1741012103 43509 0
1741012105 43441 0
1741012107 43374 0
1741012109 43464 0
1741012111 43349 0
1741012113 43345 0
1741012115 43277 0
1741012117 43447 0
1741012119 43307 0
1741012121 43322 0
1741012123 43319 0
1741012125 43371 0
1741012127 43301 0
1741012129 43386 0
1741012131 43434 0
1741012133 43439 0
1741012135 43320 0
1741012137 43478 0
1741012139 43453 0
1741012141 43366 0
1741012144 43362 0
1741012146 43348 0
1741012148 43340 0
1741012150 43456 0
1741012152 43340 0
1741012154 43519 0
1741012156 43555 0
1741012158 43472 0
1741012160 43440 0
1741012162 43452 0
1741012164 43425 0
1741012166 43449 0
1741012168 43325 0
1741012170 43386 0
1741012172 43359 0
1741012174 43492 0
1741012176 43403 0
1741012178 43577 0
1741012180 43562 0
1741012182 43528 0
1741012184 43535 0
1741012186 43442 0
1741012189 43507 0
1741012191 43534 0
1741012193 43471 0
1741012195 43523 0
1741012197 43376 0
1741012199 43344 0
1741012201 43387 0
1741012203 43344 0
1741012205 43369 0
1741012207 43430 0
1741012209 43328 0
1741012211 43351 0
1741012213 43478 0
1741012215 43373 0
1741012217 43470 0
1741012219 43360 0
1741012221 43376 0
1741012223 43454 0
1741012225 43477 0
1741012227 43424 0
1741012229 43512 0
1741012231 43383 0
1741012233 43409 0
1741012236 43483 0
1741012238 43511 0
1741012240 43444 0
1741012242 43510 0
1741012244 43416 0
1741012246 43483 0
1741012248 43565 0
1741012250 43499 0
1741012252 43550 0
1741012254 43473 0
1741012256 43469 0
1741012258 43489 0
1741012260 43608 0
1741012262 43564 0
1741012264 43579 0
1741012266 43591 0
1741012268 43705 0
1741012270 43607 0
1741012272 43538 0
1741012274 43586 0
1741012276 43394 0
1741012278 43539 0
1741012281 43431 0
1741012283 43416 0
1741012285 43392 0
1741012287 43558 0
1741012289 43597 0
1741012291 43570 0
1741012293 43548 0
1741012295 43408 0
1741012297 43588 0
1741012299 43314 0
1741012301 43416 0
1741012303 43448 0
1741012305 43515 0
1741012307 43429 0
1741012309 43458 0
1741012311 43481 0
1741012313 43571 0
1741012315 43582 0
1741012317 43536 0
1741012319 43511 0
1741012321 43411 0
1741012323 43495 0
1741012326 43466 0
1741012328 43400 0
1741012330 43308 0
1741012332 43592 0
1741012334 43378 0
1741012336 43387 0
1741012338 43406 0
1741012340 43469 0
1741012342 43416 0
1741012344 43407 0
1741012346 43401 0
1741012348 43375 0
1741012350 43432 0
1741012352 43253 0
1741012354 43336 0
1741012356 43264 0
1741012358 43307 0
1741012360 43288 0
1741012362 43238 0
1741012364 43335 0
1741012366 43343 0
1741012368 43292 0
1741012370 43471 0
1741012373 43327 0
1741012375 43404 0
1741012377 43246 0
1741012379 43381 0
1741012381 43442 0
1741012440 43277 0
1741012442 43460 0
1741012444 43218 0
1741012446 43457 0
1741012448 43389 0
1741012450 43300 0
1741012452 43365 0
1741012454 43429 0
1741012456 43309 0
1741012458 43261 0
1741012460 43299 0
1741012462 43297 0
1741012465 43282 0
1741012467 43251 0
1741012469 43287 0
1741012471 43288 0
1741012473 43338 0
1741012475 43440 0
1741012477 43331 0
1741012479 43277 0
1741012481 43422 0
1741012483 43344 0
1741012485 43324 0
1741012487 43410 0
1741012489 43232 0
1741012491 43470 0
1741012493 43325 0
1741012495 43305 0
1741012497 43335 0
1741012499 43302 0
1741012501 43358 0
1741012503 43338 0
1741012505 43316 0
1741012507 43340 0
1741012510 43256 0
1741012512 43340 0
1741012514 43302 0
1741012516 43241 0
1741012518 43319 0
1741012520 43339 0
1741012522 43368 0
1741012524 43334 0
1741012526 43400 0
1741012528 43342 0
1741012530 43244 0
1741012532 43527 0
1741012534 43275 0
1741012536 43322 0
1741012538 43340 0
1741012540 43296 0
1741012542 43393 0
1741012544 43342 0
1741012546 43276 0
1741012548 43350 0
1741012550 43329 0
1741012552 43316 0
1741012554 43480 0
1741012556 43297 0
1741012559 43271 0
1741012561 43294 0
1741012563 43377 0
1741012565 43470 0
1741012567 43503 0
1741012569 43327 0
1741012571 43494 0
1741012573 43267 0
1741012575 43342 0
1741012577 43480 0
1741012579 43296 0
1741012581 43312 0
1741012583 43365 0
1741012585 43402 0
1741012587 43423 0
1741012589 43403 0
1741012591 43398 0
1741012593 43404 0
1741012595 43383 0
1741012597 43323 0
1741012600 43370 0
1741012602 43341 0
1741012604 43351 0
1741012606 43418 0
1741012608 43334 0
1741012610 43409 0
1741012612 43464 0
1741012614 43156 0
1741012616 43414 0
1741012618 43383 0
1741012620 43336 0
1741012622 43336 0
1741012624 43353 0
1741012626 43245 0
1741012628 43354 0
1741012630 43287 0
1741012632 43332 0
1741012634 43298 0
1741012636 43378 0
1741012638 43389 0
1741012640 43373 0
1741012642 43286 0
1741012645 43482 0
1741012647 43404 0
1741012649 43366 0
1741012651 43377 0
1741012653 43378 0
1741012655 43393 0
1741012657 43386 0
1741012659 43362 0
1741012661 43390 0
1741012663 43343 0
1741012665 43462 0
1741012667 43432 0
1741012669 43389 0
1741012671 43478 0
1741012673 43371 0
1741012675 43220 0
1741012677 43426 0
1741012679 43244 0
1741012681 43377 0
1741012683 43323 0
1741012685 43366 0
1741012687 43513 0
1741012689 43391 0
1741012692 43366 0
1741012694 43462 0
1741012696 43294 0
1741012698 43459 0
1741012700 43437 0
1741012702 43296 0
1741012704 43367 0
1741012706 43298 0
1741012708 43368 0
1741012710 43306 0
1741012712 43335 0
1741012714 43268 0
1741012716 43284 0
1741012718 43384 0
1741012720 43296 0
1741012722 43284 0
1741012724 43440 0
1741012726 43473 0
1741012728 43412 0
1741012730 43435 0
1741012732 43356 0
1741012734 43527 0
1741012736 43516 0
1741012739 43468 0
1741012741 43507 0
1741012743 43382 0
1741012745 43415 0
1741012747 43264 0
1741012749 43312 0
1741012751 43482 0
1741012753 43286 0
1741012755 43425 0
1741012757 43463 0
1741012759 43314 0
1741012761 43441 0
1741012763 43409 0
1741012765 43412 0
1741012767 43449 0
1741012769 43354 0
1741012771 43388 0
1741012773 43333 0
1741012775 43394 0
1741012777 43339 0
1741012779 43367 0
1741012781 43395 0
1741012783 43292 0
1741012786 43413 0
1741012788 43411 0
1741012790 43359 0
1741012792 43406 0
1741012794 43386 0
1741012796 43408 0
1741012798 43462 0
1741012800 43475 0
1741012802 43351 0
1741012804 43316 0
1741012806 43367 0
1741012808 43360 0
1741012810 43503 0
1741012812 43565 0
1741012814 43408 0
1741012816 43467 0
1741012818 43319 0
1741012820 43328 0
1741012822 43387 0
1741012824 43368 0
1741012826 43348 0
1741012828 43255 0
1741012831 43364 0
1741012833 43286 0
1741012835 43405 0
1741012837 43477 0
1741012839 43249 0
1741012841 43393 0
1741012843 43375 0
1741012845 43333 0
1741012847 43410 0
1741012849 43301 0
1741012851 43325 0
1741012853 43335 0
1741012855 43374 0
1741012857 43440 0
1741012859 43274 0
1741012861 43260 0
1741012863 43480 0
1741012865 43325 0
1741012867 43351 0
1741012869 43406 0
1741012871 43407 0
1741012873 43303 0
1741012875 43419 0
1741012878 43385 0
1741012880 43299 0
1741012882 43389 0
1741012884 43405 0
1741012886 43227 0
1741012888 43401 0
1741012890 43371 0
1741012892 43440 0
1741012894 43366 0
1741012896 43365 0
1741012898 43350 0
1741012900 43351 0
1741012902 43630 0
1741012904 43336 0
1741012906 43318 0
1741012908 43346 0
1741012910 43378 0
1741012912 43318 0
1741012914 43405 0
1741012916 43499 0
1741012918 43417 0
1741012920 43375 0
1741012922 43362 0
1741012925 43543 0
1741012927 43426 0
1741012929 43449 0
1741012931 43415 0
1741012933 43539 0
1741012935 43568 0
1741012937 43489 0
1741012939 43461 0
1741012941 43496 0
1741012943 43502 0
1741012945 43369 0
1741012947 43472 0
1741012949 43402 0
1741012951 43474 0
1741012953 43388 0
1741012955 43413 0
1741012957 43406 0
1741012959 43470 0
1741012961 43373 0
1741012963 43525 0
1741012965 43360 0
1741012967 43365 0
1741012970 43429 0
1741012972 43412 0
1741012974 43290 0
1741012976 43366 0
1741012978 43427 0
1741012980 43478 0
1741012982 43355 0
1741012984 43347 0
1741012986 43347 0
1741012988 43491 0
1741012990 43399 0
1741012992 43498 0
1741012994 43416 0
1741012996 43488 0
1741012998 43421 0
1741013000 43392 0
1741013002 43328 0
1741013004 43394 0
1741013006 43496 0
1741013008 43417 0
1741013010 43497 0
1741013012 43388 0
1741013014 43446 0
1741013017 43542 0
1741013019 43539 0
1741013021 43456 0
1741013023 43350 0
1741013025 43372 0
1741013027 43270 0
1741013029 43367 0
1741013031 43414 0
1741013033 43455 0
1741013035 43345 0
1741013037 43338 0
1741013039 43372 0
1741013041 43494 0
1741013043 43424 0
1741013045 43408 0
1741013047 43341 0
1741013049 43478 0
1741013051 43387 0
1741013053 43404 0
1741013055 43403 0
1741013057 43360 0
1741013059 43443 0
1741013061 43424 0
1741013064 43283 0
1741013066 43351 0
1741013068 43340 0
1741013070 43526 0
1741013072 43378 0
1741013074 43396 0
1741013076 43438 0
1741013078 43460 0
1741013080 43350 0
1741013082 43501 0
1741013084 43347 0
1741013086 43485 0
1741013088 43385 0
1741013090 43313 0
1741013092 43336 0
1741013094 43325 0
1741013096 43367 0
1741013098 43323 0
1741013100 43330 0
1741013102 43350 0
1741013104 43395 0
1741013106 43336 0
1741013108 43349 0
1741013111 43283 0
1741013113 43344 0
1741013115 43318 0
1741013117 43396 0
1741013119 43489 0
1741013121 43444 0
1741013123 43280 0
1741013125 43392 0
1741013127 43449 0
1741013129 43392 0
1741013131 43473 0
1741013133 43404 0
1741013135 43359 0
1741013137 43442 0
1741013139 43376 0
1741013141 43410 0
1741013143 43474 0
1741013145 43546 0
1741013147 43468 0
1741013149 43462 0
1741013151 43503 0
1741013154 43366 0
1741013156 43345 0
1741013158 43495 0
1741013160 43454 0
1741013162 43360 0
1741013164 43464 0
1741013166 43346 0
1741013168 43298 0
1741013170 43349 0
1741013172 43360 0
1741013174 43369 0
1741013176 43454 0
1741013178 43423 0
1741013180 43421 0
1741013182 43377 0
1741013184 43425 0
1741013186 43311 0
1741013188 43370 0
1741013190 43387 0
1741013192 43454 0
1741013194 43444 0
1741013196 43517 0
1741013198 43434 0
1741013201 43454 0
1741013203 43453 0
1741013205 43361 0
1741013207 43401 0
1741013209 43320 0
1741013211 43412 0
1741013213 43420 0
1741013215 43389 0
1741013217 43381 0
1741013219 43478 0
1741013221 43496 0
1741013223 43306 0
1741013225 43353 0
1741013227 43382 0
1741013229 43296 0
1741013231 43293 0
1741013233 43502 0
1741013235 43221 0
1741013237 43472 0
1741013239 43368 0
1741013241 43230 0
1741013243 43471 0
1741013246 43344 0
1741013248 43303 0
1741013250 43392 0
1741013252 43364 0
1741013254 43352 0
1741013256 43406 0
1741013258 43478 0
1741013260 43495 0
1741013262 43370 0
1741013264 43231 0
1741013266 43386 0
1741013268 43357 0
1741013270 43483 0
1741013272 43399 0
1741013274 43465 0
1741013276 43314 0
1741013278 43459 0
1741013280 43377 0
1741013282 43436 0
1741013284 43413 0
1741013286 43499 0
1741013288 43352 0
1741013290 43472 0
1741013293 43439 0
1741013295 43478 0
1741013297 43441 0
1741013299 43416 0
1741013301 43284 0
1741013303 43244 0
1741013305 43256 0
1741013307 43304 0
1741013309 43384 0
1741013311 43235 0
1741013313 43362 0
1741013315 43347 0
1741013317 43411 0
1741013319 43384 0
1741013321 43392 0
1741013323 43248 0
1741013325 43287 0
1741013327 43342 0
1741013329 43285 0
1741013331 43312 0
1741013333 43493 0
1741013335 43387 0
1741013338 43381 0
1741013340 43366 0
1741013342 43521 0
1741013344 43454 0
1741013346 43415 0
1741013348 43311 0
1741013350 43491 0
1741013352 43441 0
1741013354 43382 0
1741013356 43335 0
1741013358 43386 0
1741013360 43483 0
1741013362 43384 0
1741013364 43398 0
1741013366 43417 0
1741013368 43321 0
1741013370 43471 0
1741013372 43392 0
1741013374 43390 0
1741013376 43454 0
1741013378 43344 0
1741013380 43337 0
1741013382 43436 0
1741013385 43434 0
1741013387 43358 0
1741013389 43394 0
1741013391 43342 0
1741013393 43534 0
1741013395 43261 0
1741013397 43384 0
1741013399 43385 0
1741013401 43483 0
1741013403 43311 0
1741013405 43530 0
1741013407 43489 0
1741013409 43444 0
1741013411 43392 0
1741013413 43446 0
1741013415 43495 0
1741013417 43556 0
1741013419 43484 0
1741013421 43430 0
1741013423 43460 0
1741013425 43420 0
1741013427 43457 0
1741013429 43443 0
1741013432 43434 0
1741013434 43461 0
1741013436 43342 0
1741013438 43411 0
1741013440 43384 0
1741013442 43378 0
1741013444 43468 0
1741013446 43373 0
1741013448 43433 0
1741013450 43301 0
1741013452 43572 0
1741013454 43254 0
1741013456 43384 0
1741013458 43344 0
1741013460 43349 0
1741013462 43335 0
1741013464 43341 0
1741013466 43519 0
1741013468 43376 0
1741013470 43398 0
1741013472 43423 0
1741013474 43464 0
1741013476 43545 0
1741013479 43431 0
1741013481 43502 0
1741013483 43566 0
1741013485 43511 0
1741013487 43505 0
1741013489 43507 0
1741013491 43508 0
1741013493 43470 0
1741013495 43403 0
1741013497 43396 0
1741013499 43320 0
1741013501 43313 0
1741013503 43466 0
1741013505 43470 0
1741013507 43223 0
1741013509 43510 0
1741013511 43394 0
1741013513 43450 0
1741013515 43362 0
1741013517 43442 0
1741013519 43408 0
1741013521 43405 0
1741013523 43354 0
1741013526 43518 0
1741013528 43474 0
1741013530 43500 0
1741013532 43443 0
1741013534 43357 0
1741013536 43426 0
1741013538 43472 0
1741013540 43502 0
1741013542 43437 0
1741013544 43494 0
1741013546 43629 0
1741013548 43500 0
1741013550 43458 0
1741013552 43506 0
1741013554 43513 0
1741013556 43484 0
1741013558 43473 0
1741013560 43488 0
1741013562 43528 0
1741013564 43472 0
1741013566 43472 0
1741013568 43499 0
1741013571 43412 0
1741013573 43384 0
1741013575 43428 0
1741013577 43590 0
1741013579 43516 0
1741013581 43525 0
1741013583 43543 0
1741013585 43437 0
1741013587 43340 0
1741013589 43443 0
1741013591 43542 0
1741013593 43437 0
1741013595 43525 0
1741013597 43529 0
1741013599 43344 0
1741013601 43375 0
1741013603 43430 0
1741013605 43483 0
1741013607 43423 0
1741013609 43434 0
1741013611 43398 0
1741013613 43367 0
1741013615 43417 0
1741013618 43397 0
1741013620 43494 0
1741013622 43503 0
1741013624 43395 0
1741013626 43460 0
1741013628 43601 0
1741013630 43375 0
1741013632 43429 0
1741013634 43584 0
1741013636 43487 0
1741013638 43497 0
1741013640 43361 0
1741013642 43404 0
1741013644 43433 0
1741013646 43361 0
1741013648 43502 0
1741013650 43448 0
1741013652 43466 0
1741013654 43346 0
1741013656 43449 0
1741013658 43403 0
1741013660 43475 0
1741013663 43329 0
1741013665 43380 0
1741013667 43450 0
1741013669 43388 0
1741013671 43450 0
1741013673 43403 0
1741013675 43443 0
1741013677 43381 0
1741013679 43464 0
1741013681 43576 0
1741013683 43393 0
1741013685 43582 0
1741013687 43437 0
1741013689 43394 0
1741013691 43431 0
1741013693 43533 0
1741013695 43483 0
1741013697 43457 0
1741013699 43455 0
1741013701 43362 0
1741013703 43401 0
1741013705 43457 0
1741013707 43402 0
1741013710 43452 0
1741013712 43452 0
1741013714 43367 0
1741013716 43391 0
1741013718 43394 0
1741013720 43392 0
1741013722 43424 0
1741013724 43418 0
1741013726 43353 0
1741013728 43344 0
1741013730 43444 0
1741013732 43520 0
1741013734 43397 0
1741013736 43518 0
1741013738 43466 0
1741013740 43483 0
1741013742 43414 0
1741013744 43323 0
1741013746 43284 0
1741013748 43354 0
1741013750 43554 0
1741013752 43600 0
1741013754 43424 0
1741013757 43395 0
1741013759 43437 0
1741013761 43389 0
1741013763 43525 0
1741013765 43402 0
1741013767 43381 0
1741013769 43437 0
1741013771 43437 0
1741013773 43367 0
1741013775 43400 0
1741013777 43463 0
1741013779 43436 0
1741013781 43425 0
1741013783 43436 0
1741013785 43434 0
1741013787 43410 0
1741013789 43409 0
1741013791 43330 0
1741013793 43422 0
1741013795 43330 0
1741013797 43362 0
1741013799 43288 0
1741013801 43400 0
1741013804 43426 0
1741013806 43331 0
1741013808 43393 0
1741013810 43380 0
1741013812 43423 0
1741013814 43320 0
1741013816 43365 0
1741013818 43452 0
1741013820 43455 0
1741013822 43450 0
1741013824 43442 0
1741013826 43456 0
1741013828 43448 0
1741013830 43459 0
1741013832 43387 0
1741013834 43419 0
1741013836 43392 0
1741013838 43390 0
1741013840 43484 0
1741013842 43492 0
1741013844 43486 0
1741013846 43323 0
1741013849 43400 0
1741013851 43507 0
1741013853 43494 0
1741013855 43376 0
1741013857 43436 0
1741013859 43400 0
1741013861 43315 0
1741013863 43462 0
1741013865 43324 0
1741013867 43442 0
1741013869 43476 0
1741013871 43362 0
1741013873 43350 0
1741013875 43464 0
1741013877 43357 0
1741013879 43329 0
1741013881 43536 0
1741013883 43388 0
1741013885 43387 0
1741013887 43453 0
1741013889 43419 0
1741013891 43592 0
1741013893 43450 0
1741013896 43565 0
1741013898 43451 0
1741013900 43537 0
1741013902 43460 0
1741013904 43387 0
1741013906 43437 0
1741013908 43462 0
1741013910 43431 0
1741013912 43434 0
1741013914 43399 0
1741013916 43303 0
1741013918 43428 0
1741013920 43490 0
1741013922 43383 0
1741013924 43464 0
1741013926 43283 0
1741013928 43335 0
1741013930 43403 0
1741013932 43353 0
1741013934 43316 0
1741013936 43413 0
1741013938 43426 0
1741013941 43519 0
1741013943 43582 0
1741013945 43464 0
1741013947 43379 0
1741013949 43409 0
1741013951 43391 0
1741013953 43385 0
1741013955 43365 0
1741013957 43417 0
1741013959 43473 0
1741013961 43382 0
1741013963 43635 0
1741013965 43559 0
1741013967 43465 0
1741013969 43364 0
1741013971 43434 0
1741013973 43420 0
1741013975 43394 0
1741013977 43466 0
1741013979 43388 0
1741013981 43383 0
1741013983 43413 0
1741013985 43366 0
1741013988 43365 0
1741013990 43380 0
1741013992 43470 0
1741013994 43440 0
1741013996 43309 0
1741013998 43411 0
1741014000 43239 0
1741014002 43441 0
1741014004 43437 0
1741014006 43442 0
1741014008 43403 0
1741014010 43481 0
1741014012 43412 0
1741014014 43421 0
1741014016 43417 0
1741014018 43481 0
1741014020 43464 0
1741014022 43508 0
1741014024 43529 0
1741014026 43519 0
1741014028 43427 0
1741014030 43461 0
1741014033 43525 0
1741014035 43503 0
1741014037 43470 0
1741014039 43426 0
1741014041 43462 0
1741014043 43450 0
1741014045 43509 0
1741014047 43471 0
1741014049 43455 0
1741014051 43493 0
1741014053 43446 0
1741014055 43489 0
1741014057 43425 0
1741014059 43533 0
1741014061 43547 0
1741014063 43451 0
1741014065 43532 0
1741014067 43556 0
1741014069 43489 0
1741014071 43504 0
1741014073 43448 0
1741014075 43437 0
1741014077 43535 0
1741014080 43461 0
1741014082 43514 0
1741014084 43543 0
1741014086 43635 0
1741014088 43649 0
1741014090 43498 0
1741014092 43589 0
1741014094 43459 0
1741014096 43500 0
1741014098 43530 0
1741014100 43606 0
1741014102 43544 0
1741014104 43460 0
1741014106 43492 0
1741014108 43530 0
1741014110 43564 0
1741014112 43578 0
1741014114 43520 0
1741014116 43533 0
1741014118 43553 0
1741014120 43444 0
1741014122 43465 0
1741014124 43588 0
1741014127 43528 0
1741014129 43639 0
1741014131 43513 0
1741014133 43469 0
1741014135 43475 0
1741014137 43570 0
1741014139 43487 0
1741014141 43437 0
1741014143 43464 0
1741014145 43554 0
1741014147 43519 0
1741014149 43534 0
1741014151 43377 0
1741014153 43368 0
1741014155 43358 0
1741014157 43421 0
1741014159 43401 0
1741014161 43433 0
1741014163 43441 0
1741014165 43590 0
1741014167 43558 0
1741014169 43462 0
1741014172 43497 0
1741014174 43553 0
1741014176 43425 0
1741014178 43396 0
1741014180 43367 0
1741014182 43520 0
1741014184 43393 0
1741014186 43407 0
1741014188 43421 0
1741014190 43329 0
1741014192 43410 0
1741014194 43448 0
1741014196 43435 0
1741014198 43493 0
1741014200 43549 0
1741014202 43397 0
1741014204 43425 0
1741014206 43467 0
1741014208 43414 0
1741014210 43416 0
1741014212 43397 0
1741014214 43398 0
1741014216 43369 0
1741014219 43331 0
1741014221 43381 0
1741014223 43364 0
1741014225 43403 0
1741014227 43550 0
1741014229 43490 0
1741014231 43482 0
1741014233 43465 0
1741014235 43453 0
1741014237 43328 0
1741014239 43457 0
1741014241 43418 0
1741014243 43385 0
1741014245 43331 0
1741014247 43443 0
1741014249 43382 0
1741014251 43422 0
1741014253 43383 0
1741014255 43556 0
1741014257 43454 0
1741014259 43490 0
1741014261 43507 0
1741014264 43432 0
1741014266 43474 0
1741014268 43445 0
1741014270 43379 0
1741014272 43393 0
1741014274 43413 0
1741014276 43426 0
1741014278 43425 0
1741014280 43342 0
1741014282 43385 0
1741014284 43360 0
1741014286 43440 0
1741014288 43509 0
1741014290 43363 0
1741014292 43323 0
1741014294 43513 0
1741014296 43422 0
1741014298 43399 0
1741014300 43530 0
1741014302 43500 0
1741014304 43377 0
1741014306 43416 0
1741014308 43493 0
1741014311 43401 0
1741014313 43370 0
1741014315 43514 0
1741014317 43413 0
1741014319 43359 0
1741014321 43353 0
1741014323 43324 0
1741014325 43374 0
1741014327 43353 0
1741014329 43464 0
1741014331 43342 0
1741014333 43363 0
1741014335 43379 0
1741014337 43353 0
1741014339 43441 0
1741014341 43347 0
1741014343 43458 0
1741014345 43473 0
1741014347 43411 0
1741014349 43418 0
1741014351 43383 0
1741014353 43377 0
1741014355 43489 0
1741014358 43415 0
1741014360 43457 0
1741014362 43360 0
1741014364 43395 0
1741014366 43447 0
1741014368 43385 0
1741014370 43424 0
1741014372 43496 0
1741014374 43539 0
1741014376 43576 0
1741014378 43574 0
1741014380 43498 0
1741014382 43445 0
1741014384 43524 0
1741014386 43571 0
1741014388 43481 0
1741014390 43559 0
1741014392 43490 0
1741014394 43424 0
1741014396 43450 0
1741014398 43507 0
1741014400 43369 0
1741014403 43266 0
1741014405 43434 0
1741014407 43416 0
1741014409 43432 0
1741014411 43316 0
1741014413 43370 0
1741014415 43425 0
1741014417 43429 0
1741014419 43395 0
1741014421 43486 0
1741014423 43287 0
1741014425 43419 0
1741014427 43574 0
1741014429 43456 0
1741014431 43333 0
1741014433 43559 0
1741014435 43351 0
1741014437 43432 0
1741014439 43368 0
1741014441 43508 0
1741014443 43437 0
1741014445 43457 0
1741014447 43622 0
1741014450 43469 0
1741014452 43309 0
1741014454 43398 0
1741014456 43488 0
1741014458 43457 0
1741014460 43503 0
1741014462 43443 0
1741014464 43440 0
1741014466 43409 0
1741014468 43458 0
1741014470 43461 0
1741014472 43341 0
1741014474 43461 0
1741014476 43412 0
1741014478 43338 0
1741014480 43483 0
1741014482 43416 0
1741014484 43466 0
1741014486 43325 0
1741014488 43560 0
1741014490 43272 0
1741014492 43377 0
1741014494 43423 0
1741014497 43369 0
1741014499 43471 0
1741014501 43271 0
1741014503 43469 0
1741014505 43397 0
1741014507 43322 0
1741014509 43349 0
1741014511 43376 0
1741014513 43435 0
1741014515 43399 0
1741014517 43388 0
1741014519 43442 0
1741014521 43371 0
1741014523 43300 0
1741014525 43345 0
1741014527 43258 0
1741014529 43393 0
1741014531 43384 0
1741014533 43368 0
1741014535 43411 0
1741014537 43357 0
1741014539 43452 0
1741014541 43355 0
1741014544 43407 0
1741014546 43313 0
1741014548 43312 0
1741014550 43392 0
1741014552 43385 0
1741014554 43441 0
1741014556 43288 0
1741014558 43371 0
1741014560 43425 0
1741014562 43286 0
1741014564 43344 0
1741014566 43444 0
1741014568 43336 0
1741014570 43330 0
1741014572 43343 0
1741014574 43240 0
1741014576 43319 0
1741014578 43380 0
1741014580 43405 0
1741014582 43412 0
1741014584 43394 0
1741014586 43415 0
1741014588 43442 0
1741014591 43317 0
1741014593 43214 0
1741014595 43401 0
1741014597 43344 0
1741014599 43384 0
1741014601 43351 0
1741014603 43311 0
1741014605 43338 0
1741014607 43382 0
1741014609 43346 0
1741014611 43336 0
1741014613 43445 0
1741014615 43317 0
1741014617 43236 0
1741014619 43275 0
1741014621 43325 0
1741014623 43319 0
1741014625 43435 0
1741014627 43422 0
1741014629 43360 0
1741014631 43416 0
1741014633 43374 0
1741014636 43424 0
1741014638 43317 0
1741014640 43307 0
1741014642 43397 0
1741014644 43376 0
1741014646 43329 0
1741014648 43429 0
1741014650 43494 0
1741014652 43480 0
1741014654 43459 0
1741014656 43454 0
1741014658 43496 0
1741014660 43335 0
1741014662 43482 0
1741014664 43471 0
1741014666 43453 0
1741014668 43377 0
1741014670 43271 0
1741014672 43445 0
1741014674 43309 0
1741014676 43335 0
1741014678 43469 0
1741014680 43380 0
1741014683 43426 0
1741014685 43499 0
1741014687 43383 0
1741014689 43329 0
1741014691 43510 0
1741014693 43252 0
1741014695 43286 0
1741014697 43377 0
1741014699 43347 0
1741014701 43415 0
1741014703 43405 0
1741014705 43449 0
1741014707 43301 0
1741014709 43262 0
1741014711 43339 0
1741014713 43334 0
1741014715 43366 0
1741014717 43364 0
1741014719 43527 0
1741014721 43406 0
1741014723 43443 0
1741014725 43454 0
1741014727 43427 0
1741014730 43395 0
1741014732 43532 0
1741014734 43358 0
1741014736 43410 0
1741014738 43338 0
1741014740 43412 0
1741014742 43358 0
1741014744 43330 0
1741014746 43386 0
1741014748 43423 0
1741014750 43456 0
1741014752 43413 0
1741014754 43442 0
1741014756 43383 0
1741014758 43400 0
1741014760 43392 0
1741014762 43345 0
1741014764 43349 0
1741014766 43336 0
1741014768 43254 0
1741014770 43410 0
1741014772 43361 0
1741014775 43470 0
1741014777 43393 0
1741014779 43379 0
1741014781 43403 0
1741014783 43257 0
1741014785 43346 0
1741014787 43415 0
1741014789 43453 0
1741014791 43384 0
1741014793 43323 0
1741014795 43527 0
1741014797 43470 0
1741014799 43382 0
1741014801 43416 0
1741014803 43443 0
1741014805 43423 0
1741014807 43321 0
1741014809 43300 0
1741014811 43397 0
1741014813 43524 0
1741014815 43432 0
1741014817 43479 0
1741014819 43410 0
1741014822 43386 0
1741014824 43370 0
1741014826 43535 0
1741014828 43454 0
1741014830 43499 0
1741014832 43422 0
1741014834 43382 0
1741014836 43474 0
1741014838 43466 0
1741014840 43435 0
1741014842 43499 0
1741014844 43371 0
1741014846 43471 0
1741014848 43318 0
1741014850 43419 0
1741014852 43427 0
1741014854 43420 0
1741014856 43393 0
1741014858 43448 0
1741014860 43486 0
1741014862 43446 0
1741014864 43329 0
1741014866 43363 0
1741014869 43336 0
1741014871 43438 0
1741014873 43337 0
1741014875 43300 0
1741014877 43406 0
1741014879 43432 0
1741014881 43460 0
1741014883 43453 0
1741014885 43410 0
1741014887 43401 0
1741014889 43359 0
1741014891 43423 0
1741014893 43347 0
1741014895 43380 0
1741014897 43311 0
1741014899 43351 0
1741014901 43315 0
1741014903 43367 0
1741014905 43346 0
1741014907 43399 0
1741014909 43442 0
1741014911 43395 0
1741014914 43492 0
1741014916 43286 0
1741014918 43370 0
1741014920 43432 0
1741014922 43313 0
1741014924 43439 0
1741014926 43464 0
1741014928 43357 0
1741014930 43528 0
1741014932 43512 0
1741014934 43479 0
1741014936 43543 0
1741014938 43469 0
1741014940 43368 0
1741014942 43458 0
1741014944 43461 0
1741014946 43382 0
1741014948 43496 0
1741014950 43392 0
1741014952 43321 0
1741014954 43334 0
1741014956 43445 0
1741014958 43307 0
1741014961 43356 0
1741014963 43242 0
1741014965 43342 0
1741014967 43396 0
1741014969 43374 0
1741014971 43345 0
1741014973 43340 0
1741014975 43236 0
1741014977 43431 0
1741014979 43441 0
1741014981 43425 0
1741014983 43465 0
1741014985 43418 0
1741014987 43513 0
1741014989 43424 0
1741014991 43532 0
1741014993 43344 0
1741014995 43343 0
1741014997 43495 0
1741014999 43369 0
1741015001 43463 0
1741015003 43457 0
1741015005 43324 0
1741015008 43324 0
1741015010 43447 0
1741015012 43411 0
1741015014 43325 0
1741015016 43388 0
1741015018 43424 0
1741015020 43384 0
1741015022 43333 0
1741015024 43403 0
1741015026 43373 0
1741015028 43422 0
1741015030 43426 0
1741015032 43446 0
1741015034 43390 0
1741015036 43502 0
1741015038 43268 0
1741015040 43477 0
1741015042 43366 0
1741015044 43448 0
1741015046 43462 0
1741015048 43458 0
1741015050 43427 0
1741015053 43414 0
1741015055 43492 0
1741015057 43495 0
1741015059 43528 0
1741015061 43547 0
1741015063 43414 0
1741015065 43474 0
1741015067 43503 0
1741015069 43395 0
1741015071 43361 0
1741015073 43387 0
1741015075 43453 0
1741015077 43356 0
1741015079 43602 0
1741015081 43472 0
1741015083 43390 0
1741015085 43426 0
1741015087 43397 0
1741015089 43406 0
1741015091 43349 0
1741015093 43463 0
1741015095 43481 0
1741015098 43454 0
1741015100 43420 0
1741015102 43430 0
1741015104 43497 0
1741015106 43341 0
1741015108 43437 0
1741015110 43469 0
1741015112 43491 0
1741015114 43359 0
1741015116 43501 0
1741015118 43455 0
1741015120 43449 0
1741015122 43369 0
1741015124 43567 0
1741015126 43639 0
1741015128 43435 0
1741015130 43450 0
1741015132 43579 0
1741015134 43481 0
1741015136 43499 0
1741015138 43601 0
1741015140 43472 0
1741015142 43416 0
1741015145 43407 0
1741015147 43515 0
1741015149 43318 0
1741015151 43438 0
1741015153 43549 0
1741015155 43395 0
1741015157 43348 0
1741015159 43441 0
1741015161 43421 0
1741015163 43320 0
1741015165 43429 0
1741015167 43362 0
1741015169 43290 0
1741015171 43461 0
1741015173 43562 0
1741015175 43404 0
1741015177 43425 0
1741015179 43435 0
1741015181 43330 0
1741015183 43376 0
1741015185 43440 0
1741015187 43496 0
1741015189 43498 0
1741015192 43345 0
1741015194 43475 0
1741015196 43534 0
1741015198 43439 0
1741015200 43462 0
1741015202 43515 0
1741015204 43386 0
1741015206 43391 0
1741015208 43510 0
1741015210 43467 0
1741015212 43398 0
1741015214 43377 0
1741015216 43356 0
1741015218 43314 0
1741015220 43246 0
1741015222 43371 0
1741015224 43306 0
1741015226 43346 0
1741015228 43320 0
1741015230 43375 0
1741015232 43458 0
1741015234 43411 0
1741015236 43332 0
1741015239 43247 0
1741015241 43494 0
1741015243 43397 0
1741015245 43349 0
1741015247 43297 0
1741015249 43242 0
1741015251 43347 0
1741015253 43409 0
1741015255 43318 0
1741015257 43340 0
1741015259 43276 0
1741015261 43450 0
1741015263 43354 0
1741015265 43249 0
1741015267 43441 0
1741015269 43442 0
1741015271 43404 0
1741015273 43295 0
1741015275 43386 0
1741015277 43391 0
1741015279 43441 0
1741015281 43428 0
1741015284 43338 0
1741015286 43359 0
1741015288 43239 0
1741015290 43391 0
1741015292 43303 0
1741015294 43284 0
1741015296 43333 0
1741015298 43338 0
1741015300 43297 0
1741015302 43226 0
1741015304 43301 0
1741015306 43348 0
1741015308 43348 0
1741015310 43364 0
1741015312 43342 0
1741015314 43347 0
1741015316 43347 0
1741015318 43325 0
1741015320 43384 0
1741015322 43278 0
1741015324 43310 0
1741015326 43399 0
1741015328 43348 0
1741015331 43340 0
1741015333 43325 0
1741015335 43285 0
1741015337 43446 0
1741015339 43410 0
1741015341 43305 0
1741015343 43428 0
1741015345 43391 0
1741015347 43222 0
1741015349 43302 0
1741015351 43321 0
1741015353 43418 0
1741015355 43399 0
1741015357 43400 0
1741015359 43389 0
1741015361 43374 0
1741015363 43397 0
1741015365 43416 0
1741015367 43375 0
1741015369 43281 0
1741015371 43209 0
1741015373 43307 0
1741015375 43447 0
1741015378 43465 0
1741015380 43371 0
1741015382 43417 0
1741015384 43262 0
1741015386 43246 0
1741015388 43290 0
1741015390 43260 0
1741015392 43225 0
1741015394 43224 0
1741015396 43319 0
1741015398 43482 0
1741015400 43262 0
1741015402 43356 0
1741015404 43275 0
1741015406 43293 0
1741015408 43330 0
1741015410 43280 0
1741015412 43289 0
1741015414 43315 0
1741015416 43335 0
1741015418 43295 0
1741015420 43291 0
1741015423 43287 0
1741015425 43217 0
1741015427 43287 0
1741015429 43243 0
1741015431 43268 0
1741015433 43333 0
1741015435 43319 0
1741015437 43258 0
1741015439 43196 0
1741015441 43208 0
1741015443 43222 0
1741015445 43300 0
1741015447 43242 0
1741015449 43278 0
1741015451 43244 0
1741015453 43213 0
1741015455 43290 0
1741015457 43351 0
1741015459 43300 0
1741015461 43296 0
1741015463 43320 0
1741015465 43310 0
1741015467 43302 0
1741015470 43356 0
1741015472 43306 0
1741015474 43356 0
1741015476 43286 0
1741015478 43331 0
1741015480 43304 0
1741015482 43213 0
1741015484 43363 0
1741015486 43415 0
1741015488 43377 0
1741015490 43274 0
1741015492 43489 0
1741015494 43350 0
1741015496 43312 0
1741015498 43404 0
1741015500 43287 0
1741015502 43296 0
1741015504 43276 0
1741015506 43317 0
1741015508 43292 0
1741015510 43300 0
1741015512 43272 0
1741015514 43245 0
1741015517 43253 0
1741015519 43339 0
1741015521 43209 0
1741015523 43193 0
1741015525 43342 0
1741015527 43378 0
1741015529 43242 0
1741015531 43237 0
1741015533 43173 0
1741015535 43209 0
1741015537 43373 0
1741015539 43248 0
1741015541 43306 0
1741015543 43232 0
1741015545 43339 0
1741015547 43245 0
1741015549 43367 0
1741015551 43352 0
1741015553 43260 0
1741015555 43206 0
1741015557 43277 0
1741015559 43306 0
1741015562 43230 0
1741015564 43272 0
1741015566 43228 0
1741015568 43247 0
1741015570 43195 0
1741015572 43223 0
1741015574 43231 0
1741015576 43209 0
1741015578 43194 0
1741015580 43284 0
1741015582 43200 0
1741015584 43127 0
1741015586 43259 0
1741015588 43274 0
1741015590 43114 0
1741015592 43273 0
1741015594 43242 0
1741015596 43219 0
1741015598 43106 0
1741015600 43258 0
1741015602 43156 0
1741015604 43190 0
1741015607 43233 0
1741015609 43186 0
1741015611 43188 0
1741015613 43173 0
1741015615 43318 0
1741015617 43146 0
1741015619 43142 0
1741015621 43209 0
1741015623 43098 0
1741015625 43113 0
1741015627 43134 0
1741015629 43202 0
1741015631 43175 0
1741015633 43269 0
1741015635 43100 0
1741015637 43258 0
1741015639 43166 0
1741015641 43148 0
1741015643 43251 0
1741015645 43065 0
1741015647 43043 0
1741015649 43126 0
1741015651 43083 0
1741015654 43191 0
1741015656 43130 0
1741015658 43091 0
1741015660 43188 0
1741015662 43122 0
1741015664 43141 0
1741015666 43092 0
1741015668 43111 0
1741015670 43127 0
1741015672 43047 0
1741015674 43120 0
1741015676 43086 0
1741015678 43154 0
1741015680 43122 0
1741015682 43157 0
1741015684 43177 0
1741015686 43125 0
1741015688 43060 0
1741015690 43186 0
1741015692 43119 0
1741015694 43075 0
1741015696 43064 0
1741015698 43111 0
1741015701 43026 0
1741015703 43113 0
1741015705 43146 0
1741015707 43119 0
1741015709 43113 0
1741015711 43133 0
1741015713 43156 0
1741015715 43139 0
1741015717 43107 0
1741015719 43147 0
1741015721 43174 0
1741015723 43133 0
1741015725 43127 0
1741015727 43108 0
1741015729 43116 0
1741015731 43138 0
1741015733 43053 0
1741015735 43098 0
1741015737 43068 0
1741015739 42992 0
1741015741 43145 0
1741015743 43182 0
1741015746 43168 0
1741015748 43082 0
1741015750 43208 0
1741015752 43092 0
1741015754 43129 0
1741015756 43197 0
1741015758 43138 0
1741015760 43140 0
1741015762 43149 0
1741015764 43080 0
1741015766 43129 0
1741015768 43185 0
1741015770 43143 0
1741015772 43149 0
1741015774 43165 0
1741015776 43147 0
1741015778 43137 0
1741015780 43179 0
1741015782 43061 0
1741015784 43140 0
1741015786 42979 0
1741015788 43159 0
1741015790 43108 0
1741015793 43076 0
1741015795 43068 0
1741015797 43057 0
1741015799 43154 0
1741015801 43196 0
1741015803 43054 0
1741015805 43149 0
1741015807 43061 0
1741015809 43092 0
1741015811 43198 0
1741015813 43005 0
1741015815 43109 0
1741015817 43262 0
1741015819 43088 0
1741015821 43126 0
1741015823 43188 0
1741015825 43194 0
1741015827 43161 0
1741015829 43180 0
1741015831 43075 0
1741015833 43124 0
1741015835 43124 0
1741015838 43084 0
1741015840 42975 0
1741015842 43109 0
1741015844 43036 0
1741015846 43083 0
1741015848 43120 0
1741015850 43015 0
1741015852 43035 0
1741015854 43049 0
1741015856 43073 0
1741015858 43060 0
1741015860 43066 0
1741015862 43122 0
1741015864 43117 0
1741015866 43083 0
1741015868 43086 0
1741015870 42991 0
1741015872 43039 0
1741015874 43113 0
1741015876 43141 0
1741015878 43128 0
1741015880 43077 0
1741015882 43042 0
1741015885 43043 0
1741015887 43218 0
1741015889 43159 0
1741015891 43245 0
1741015893 43148 0
1741015895 43092 0
1741015897 43164 0
1741015899 43023 0
1741015901 43109 0
1741015903 43202 0
1741015905 43085 0
1741015907 42993 0
1741015909 43054 0
1741015911 43181 0
1741015913 43194 0
1741015915 43105 0
1741015917 42988 0
1741015919 43172 0
1741015921 43076 0
1741015923 42965 0
1741015925 43092 0
1741015927 43061 0
1741015930 43117 0
1741015932 43064 0
1741015934 43125 0
1741015936 43203 0
1741015938 43142 0
1741015940 43155 0
1741015942 43012 0
1741015944 42993 0
1741015946 43196 0
1741015948 43087 0
1741015950 43182 0
1741015952 43020 0
1741015954 39265 0
1741015956 39337 0
1741015958 39300 0
1741015960 39288 0
1741015962 39280 0
1741015964 39317 0
1741015966 39216 0
1741015968 39331 0
1741015970 39333 0
1741015972 39370 0
1741015975 39302 0
1741015977 39295 0
1741015979 39266 0
1741015981 39249 0
1741015983 39250 0
1741015985 39306 0
1741015987 39273 0
1741015989 39312 0
1741015991 39200 0
1741015993 39302 0
1741015995 39307 0
1741015997 39347 0
1741015999 39242 0
1741016001 39296 0
1741016003 39279 0
1741016005 39317 0
1741016008 39367 0
1741016010 42940 0
1741016012 42982 0
1741016014 43040 0
1741016016 43170 0
1741016018 43134 0
1741016020 43052 0
1741016022 43089 0
1741016024 43156 0
1741016026 43143 0
1741016028 43089 0
1741016030 43048 0
1741016032 43124 0
1741016034 43164 0
1741016036 43044 0
1741016038 43082 0
1741016040 43039 0
1741016042 42980 0
1741016044 43042 0
1741016046 43127 0
1741016048 42908 0
1741016050 43055 0
1741016052 43102 0
1741016055 43033 0
1741016057 43118 0
1741016059 42992 0
1741016061 43025 0
1741016063 42973 0
1741016065 42999 0
1741016067 43124 0
1741016069 43061 0
1741016071 42940 0
1741016073 42966 0
1741016075 42954 0
1741016077 43104 0
1741016079 43070 0
1741016081 43072 0
1741016083 43040 0
1741016085 43047 0
1741016087 43089 0
1741016089 43013 0
1741016091 43133 0
1741016093 43080 0
1741016095 43157 0
1741016097 43194 0
1741016100 43123 0
1741016102 43138 0
1741016104 43145 0
1741016106 43145 0
1741016108 43142 0
1741016110 42970 0
1741016112 43091 0
1741016114 43142 0
1741016116 43135 0
1741016118 43144 0
1741016120 42993 0
1741016122 43034 0
1741016124 42965 0
1741016126 43035 0
1741016128 43035 0
1741016130 42998 0
1741016132 43050 0
1741016134 43024 0
1741016136 43014 0
1741016138 43071 0
1741016140 43077 0
1741016142 42987 0
1741016144 43085 0
1741016147 43094 0
1741016149 43078 0
1741016151 43113 0
1741016153 43079 0
1741016155 43048 0
1741016157 43096 0
1741016159 43068 0
1741016161 43036 0
1741016163 43148 0
1741016165 43185 0
1741016167 43145 0
1741016169 43090 0
1741016171 42976 0
1741016173 43069 0
1741016175 43055 0
1741016177 43030 0
1741016179 43108 0
1741016181 43006 0
1741016183 43143 0
1741016185 42960 0
1741016187 43038 0
1741016189 43032 0
1741016191 43175 0
1741016194 43005 0
1741016196 43013 0
1741016198 43041 0
1741016200 43008 0
1741016202 43099 0
1741016204 43052 0
1741016206 43151 0
1741016208 43030 0
1741016210 43174 0
1741016212 43028 0
1741016214 43051 0
1741016216 43141 0
1741016218 43037 0
1741016220 43037 0
1741016222 43040 0
1741016224 43062 0
1741016226 42976 0
1741016228 43115 0
1741016230 43201 0
1741016232 43128 0
1741016234 43194 0
1741016236 43098 0
1741016238 43016 0
1741016241 43050 0
1741016243 43172 0
1741016245 43103 0
1741016247 43089 0
1741016249 42985 0
1741016251 43089 0
1741016253 43053 0
1741016255 43127 0
1741016257 43185 0
1741016259 43169 0
1741016261 43076 0
1741016263 43038 0
1741016265 43020 0
1741016267 43036 0
1741016269 43145 0
1741016271 43168 0
1741016273 43064 0
1741016275 43070 0
1741016277 43184 0
1741016279 42961 0
1741016281 43015 0
1741016283 43110 0
1741016286 43042 0
1741016288 43036 0
1741016290 43147 0
1741016292 43069 0
1741016294 43185 0
1741016296 43155 0
1741016298 43121 0
1741016300 43199 0
1741016302 43099 0
1741016304 43161 0
1741016306 43239 0
1741016308 43169 0
1741016310 43165 0
1741016312 43137 0
1741016314 43100 0
1741016316 43273 0
1741016318 43193 0
1741016320 43067 0
1741016322 43070 0
1741016324 43184 0
1741016326 43010 0
1741016328 43097 0
1741016330 43181 0
1741016333 43219 0
1741016335 43189 0
1741016337 43166 0
1741016339 43046 0
1741016341 43150 0
1741016343 43181 0
1741016345 43027 0
1741016347 43161 0
1741016349 43041 0
1741016351 43080 0
1741016353 43165 0
1741016355 43130 0
1741016357 43201 0
1741016359 43169 0
1741016361 43042 0
1741016363 43172 0
1741016365 43252 0
1741016367 43171 0
1741016369 43187 0
1741016371 43121 0
1741016373 43158 0
1741016375 43163 0
1741016377 43092 0
1741016380 43120 0
1741016382 43095 0
1741016384 43128 0
1741016386 43269 0
1741016388 43230 0
1741016390 43088 0
1741016392 43025 0
1741016394 43166 0
1741016396 43077 0
1741016398 43102 0
1741016400 43077 0
1741016402 43116 0
1741016404 43145 0
1741016406 43118 0
1741016408 43033 0
1741016410 43133 0
1741016412 43087 0
1741016414 43164 0
1741016416 43108 0
1741016418 43120 0
1741016420 43162 0
1741016422 43150 0
1741016424 43140 0
1741016427 43159 0
1741016429 43209 0
1741016431 43111 0
1741016433 43168 0
1741016435 43190 0
1741016437 43120 0
1741016439 43154 0
1741016441 43147 0
1741016443 43175 0
1741016445 43252 0
1741016447 43124 0
1741016449 43260 0
1741016451 43147 0
1741016453 43092 0
1741016455 43184 0
1741016457 43047 0
1741016459 43201 0
1741016461 43176 0
1741016463 43093 0
1741016465 43131 0
1741016467 43209 0
1741016469 43229 0
1741016472 43146 0
1741016474 43134 0
1741016476 43174 0
1741016478 43095 0
1741016480 43131 0
1741016482 43088 0
1741016484 43094 0
1741016486 43182 0
1741016488 43165 0
1741016490 43143 0
1741016492 43038 0
1741016494 43248 0
1741016496 43205 0
1741016498 43086 0
1741016500 43250 0
1741016502 43130 0
1741016504 43132 0
1741016506 43118 0
1741016508 43163 0
1741016510 43276 0
1741016512 43231 0
1741016514 43190 0
1741016516 43122 0
1741016519 43156 0
1741016521 43152 0
1741016523 43035 0
1741016525 43152 0
1741016527 43114 0
1741016529 43145 0
1741016531 43035 0
1741016533 42981 0
1741016535 42997 0
1741016537 43048 0
1741016539 43108 0
1741016541 43067 0
1741016543 43060 0
1741016545 43102 0
1741016547 43085 0
1741016549 43138 0
1741016551 43077 0
1741016553 43218 0
1741016555 43181 0
1741016557 43105 0
1741016559 43090 0
1741016561 43114 0
1741016564 43020 0
1741016566 43094 0
1741016568 43073 0
1741016570 43101 0
1741016572 43130 0
1741016574 43125 0
1741016576 43134 0
1741016578 43145 0
1741016580 43132 0
1741016582 43083 0
1741016584 43185 0
1741016586 43053 0
1741016588 43005 0
1741016590 43144 0
1741016592 43075 0
1741016594 43185 0
1741016596 43130 0
1741016598 43222 0
1741016600 43074 0
1741016602 43034 0
1741016604 43041 0
1741016606 43143 0
1741016608 43177 0
1741016611 43098 0
1741016613 43151 0
1741016615 43221 0
1741016617 43151 0
1741016619 43145 0
1741016621 42952 0
1741016623 43106 0
1741016625 43034 0
1741016627 43064 0
1741016629 43020 0
1741016631 43018 0
1741016633 43075 0
1741016635 43159 0
1741016637 43132 0
1741016639 43116 0
1741016641 43149 0
1741016643 43130 0
1741016645 43123 0
1741016647 43126 0
1741016649 43170 0
1741016651 43071 0
1741016653 43164 0
1741016655 43148 0
1741016658 43026 0
1741016660 43072 0
1741016662 43012 0
1741016664 43127 0
1741016666 43097 0
1741016668 43001 0
1741016670 42995 0
1741016672 43098 0
1741016674 43116 0
1741016676 43002 0
1741016678 43062 0
1741016680 43007 0
1741016682 43132 0
1741016684 43066 0
1741016686 43073 0
1741016688 43129 0
1741016690 43069 0
1741016692 43120 0
1741016694 43028 0
1741016696 43058 0
1741016698 43033 0
1741016700 43063 0
1741016702 43021 0
1741016705 43110 0
1741016707 43030 0
1741016709 43280 0
1741016711 42999 0
1741016713 43092 0
1741016715 43186 0
1741016717 43243 0
1741016719 43228 0
1741016721 43153 0
1741016723 43024 0
1741016725 43018 0
1741016727 43119 0
1741016729 43085 0
1741016731 43089 0
1741016733 43186 0
1741016735 43092 0
1741016737 42983 0
1741016739 43115 0
1741016741 43118 0
1741016743 43151 0
1741016745 43080 0
1741016747 43063 0
1741016750 43103 0
1741016752 43126 0
1741016754 43021 0
1741016756 43118 0
1741016758 43093 0
1741016760 43036 0
1741016762 43063 0
1741016764 43171 0
1741016766 43087 0
1741016768 43175 0
1741016770 43068 0
1741016772 43103 0
1741016774 43198 0
1741016776 43159 0
1741016778 43222 0
1741016780 43282 0
1741016782 43196 0
1741016784 43148 0
1741016786 43195 0
1741016788 43196 0
1741016790 43120 0
1741016792 43213 0
1741016794 43133 0
1741016797 43114 0
1741016799 43101 0
1741016801 43083 0
1741016803 42973 0
1741016805 43175 0
1741016807 43225 0
1741016809 43059 0
1741016811 43213 0
1741016813 43137 0
1741016815 43128 0
1741016817 43021 0
1741016819 43119 0
1741016821 43000 0
1741016823 43073 0
1741016825 43145 0
1741016827 43098 0
1741016829 43102 0
1741016831 43106 0
1741016833 43156 0
1741016835 43169 0
1741016837 43157 0
1741016839 43230 0
1741016841 43297 0
1741016844 43086 0
1741016846 43118 0
1741016848 43209 0
1741016850 43046 0
1741016852 43228 0
1741016854 43146 0
1741016856 43275 0
1741016858 43171 0
1741016860 43219 0
1741016862 43186 0
1741016864 43198 0
1741016866 43273 0
1741016868 43045 0
1741016870 43085 0
1741016872 43106 0
1741016874 43152 0
1741016876 43207 0
1741016878 43192 0
1741016880 43152 0
1741016882 43253 0
1741016884 43218 0
1741016886 43234 0
1741016889 43332 0
1741016891 43146 0
1741016893 43162 0
1741016895 43144 0
1741016897 42960 0
1741016899 43112 0
1741016901 43135 0
1741016903 43060 0
1741016905 43169 0
1741016907 43228 0
1741016909 43160 0
1741016911 43104 0
1741016913 43176 0
1741016915 43120 0
1741016917 43040 0
1741016919 43213 0
1741016921 43264 0
1741016923 43227 0
1741016925 43284 0
1741016927 43147 0
1741016929 43102 0
1741016931 43114 0
1741016933 43082 0
1741016936 43165 0
1741016938 43111 0
1741016940 43174 0
1741016942 43116 0
1741016944 43272 0
1741016946 43181 0
1741016948 43088 0
1741016950 43088 0
1741016952 43073 0
1741016954 43071 0
1741016956 43111 0
1741016958 43245 0
1741016960 43250 0
1741016962 43144 0
1741016964 43157 0
1741016966 43251 0
1741016968 43096 0
1741016970 43189 0
1741016972 43265 0
1741016974 43180 0
1741016976 43195 0
1741016978 43108 0
1741016981 43117 0
1741016983 43283 0
1741016985 43243 0
1741016987 43323 0
1741016989 43330 0
1741016991 43290 0
1741016993 43217 0
1741016995 43109 0
1741016997 43188 0
1741016999 43171 0
1741017001 43231 0
1741017003 43260 0
1741017005 43136 0
1741017007 43132 0
1741017009 43167 0
1741017011 43228 0
1741017013 43248 0
1741017015 43235 0
1741017017 43196 0
1741017019 43334 0
1741017021 43185 0
1741017023 43212 0
1741017025 43289 0
1741017028 43228 0
1741017030 43283 0
1741017032 43169 0
1741017034 43320 0
1741017036 43241 0
1741017038 43234 0
1741017040 43197 0
1741017042 43304 0
1741017044 43346 0
1741017046 43209 0
1741017048 43251 0
1741017050 43257 0
1741017052 43154 0
1741017054 43377 0
1741017056 43292 0
1741017058 43230 0
1741017060 43261 0
1741017062 43252 0
1741017064 43400 0
1741017066 43314 0
1741017068 43206 0
1741017070 43204 0
1741017072 43298 0
1741017075 43165 0
1741017077 43186 0
1741017079 43051 0
1741017081 43116 0
1741017083 43328 0
1741017085 43267 0
1741017087 43208 0
1741017089 43287 0
1741017091 43189 0
1741017093 43217 0
1741017095 43249 0
1741017097 43163 0
1741017099 43166 0
1741017101 43201 0
1741017103 43272 0
1741017105 43310 0
1741017107 43214 0
1741017109 43259 0
1741017111 43298 0
1741017113 43239 0
1741017115 43221 0
1741017117 43180 0
1741017119 43185 0
1741017122 43193 0
1741017124 43211 0
1741017126 43272 0
1741017128 43306 0
1741017130 43332 0
1741017132 43290 0
1741017134 43205 0
1741017136 43230 0
1741017138 43246 0
1741017140 43263 0
1741017142 43175 0
1741017144 43192 0
1741017146 43218 0
1741017148 43132 0
1741017150 43118 0
1741017152 43215 0
1741017154 43300 0
1741017156 43146 0
1741017158 43135 0
1741017160 43127 0
1741017162 43142 0
1741017164 43153 0
1741017167 43204 0
1741017169 43272 0
1741017171 43147 0
1741017173 43109 0
1741017175 43167 0
1741017177 43147 0
1741017179 43130 0
1741017181 43133 0
1741017183 43151 0
1741017185 43197 0
1741017187 43124 0
1741017189 43137 0
1741017191 43253 0
1741017193 43262 0
1741017195 43141 0
1741017197 43275 0
1741017199 43300 0
1741017201 43236 0
1741017203 43231 0
1741017205 43112 0
1741017207 43147 0
1741017209 43217 0
1741017211 43055 0
1741017214 43165 0
1741017216 43070 0
1741017218 43128 0
1741017220 43118 0
1741017222 43109 0
1741017224 43196 0
1741017226 43207 0
1741017228 43123 0
1741017230 43063 0
1741017232 43106 0
1741017234 43257 0
1741017236 43287 0
1741017238 43245 0
1741017240 43109 0
1741017242 43177 0
1741017244 43098 0
1741017246 43178 0
1741017248 43140 0
1741017250 43223 0
1741017252 43144 0
1741017254 43203 0
1741017256 43147 0
1741017258 43158 0
1741017261 43219 0
1741017263 43315 0
1741017265 43130 0
1741017267 43191 0
1741017269 43284 0
1741017271 43229 0
1741017273 43201 0
1741017275 43085 0
1741017277 43255 0
1741017279 43205 0
1741017281 43156 0
1741017283 43187 0
1741017285 43223 0
1741017287 43151 0
1741017289 43089 0
1741017291 43136 0
1741017293 43190 0
1741017295 43292 0
1741017297 43273 0
1741017299 43238 0
1741017301 43154 0
1741017303 43322 0
1741017306 43138 0
1741017308 43190 0
1741017310 43226 0
1741017312 43126 0
1741017314 43245 0
1741017316 43110 0
1741017318 43207 0
1741017320 43059 0
1741017322 43275 0
1741017324 43171 0
1741017326 43170 0
1741017328 43210 0
1741017330 43223 0
1741017332 43227 0
1741017334 43187 0
1741017336 43343 0
1741017338 43108 0
1741017340 43223 0
1741017342 43133 0
1741017344 43138 0
1741017346 43091 0
1741017348 43059 0
1741017350 43135 0
1741017353 43167 0
1741017355 43199 0
1741017357 43154 0
1741017359 43177 0
1741017361 43094 0
1741017363 43133 0
1741017365 43027 0
1741017367 43064 0
1741017369 43137 0
1741017371 43211 0
1741017373 43208 0
1741017375 43190 0
1741017377 43102 0
1741017379 43251 0
1741017381 43194 0
1741017383 43116 0
1741017385 43107 0
1741017387 43223 0
1741017389 43135 0
1741017391 43101 0
1741017393 43154 0
1741017395 43194 0
1741017397 43154 0
1741017400 43101 0
1741017402 43315 0
1741017404 43136 0
1741017406 43169 0
1741017408 43176 0
1741017410 43229 0
1741017412 43212 0
1741017414 43241 0
1741017416 43173 0
1741017418 43134 0
1741017420 43116 0
1741017422 43181 0
1741017424 43202 0
1741017426 42967 0
1741017428 43033 0
1741017430 43123 0
1741017432 42997 0
1741017434 43016 0
1741017436 43054 0
1741017438 43148 0
1741017440 43127 0
1741017442 43076 0
1741017445 43112 0
1741017447 43093 0
1741017449 43129 0
1741017451 43129 0
1741017453 43097 0
1741017455 43092 0
1741017457 43131 0
1741017459 43072 0
1741017461 42995 0
1741017463 43081 0
1741017465 43063 0
1741017467 43127 0
1741017469 43110 0
1741017471 43023 0
1741017473 43072 0
1741017475 43075 0
1741017477 43132 0
1741017479 43136 0
1741017481 43175 0
1741017483 43087 0
1741017485 43187 0
1741017487 43135 0
1741017489 42990 0
1741017492 43044 0
1741017494 42971 0
1741017496 42921 0
1741017498 43114 0
1741017500 43038 0
1741017502 43025 0
1741017504 43075 0
1741017506 43026 0
1741017508 43112 0
1741017510 43127 0
1741017512 43121 0
1741017514 42991 0
1741017516 43159 0
1741017518 43137 0
1741017520 43207 0
1741017522 43006 0
1741017524 43089 0
1741017526 43071 0
1741017528 43069 0
1741017530 43129 0
1741017532 43118 0
1741017534 43188 0
1741017536 43065 0
1741017539 43085 0
1741017541 43163 0
1741017543 43044 0
1741017545 43151 0
1741017547 43135 0
1741017549 43136 0
1741017551 43076 0
1741017553 43103 0
1741017555 43083 0
1741017557 43130 0
1741017559 43083 0
1741017561 43090 0
1741017563 43079 0
1741017565 43047 0
1741017567 43150 0
1741017569 43074 0
1741017571 43087 0
1741017573 43007 0
1741017575 43034 0
1741017577 43111 0
1741017579 43138 0
1741017581 43085 0
1741017584 43209 0
1741017586 43316 0
1741017588 43109 0
1741017590 43168 0
1741017592 43115 0
1741017594 43162 0
1741017596 43267 0
1741017598 43138 0
1741017600 43173 0
1741017602 43048 0
1741017604 43226 0
1741017606 43192 0
1741017608 43169 0
1741017610 43168 0
1741017612 43086 0
1741017614 43234 0
1741017616 43147 0
1741017618 43104 0
1741017620 43112 0
1741017622 43107 0
1741017624 43161 0
1741017626 43041 0
1741017628 43096 0
1741017631 43058 0
1741017633 43046 0
1741017635 42996 0
1741017637 43192 0
1741017639 43202 0
1741017641 43202 0
1741017643 43149 0
1741017645 43082 0
1741017647 43062 0
1741017649 43227 0
1741017651 43179 0
1741017653 43084 0
1741017655 43240 0
1741017657 43242 0
1741017659 43165 0
1741017661 43155 0
1741017663 43024 0
1741017665 43218 0
1741017667 43195 0
1741017669 43222 0
1741017671 43270 0
1741017673 43181 0
1741017676 43135 0
1741017678 43271 0
1741017680 43222 0
1741017682 43296 0
1741017684 43238 0
1741017686 43182 0
1741017688 43076 0
1741017690 43119 0
1741017692 43126 0
1741017694 43077 0
1741017696 43234 0
1741017698 43135 0
1741017700 43296 0
1741017702 43024 0
1741017704 43138 0
1741017706 43234 0
1741017708 43149 0
1741017710 43112 0
1741017712 43083 0
1741017714 43119 0
1741017716 43115 0
1741017718 43184 0
1741017721 43220 0
1741017723 43192 0
1741017725 43151 0
1741017727 43228 0
1741017729 43078 0
1741017731 43143 0
1741017733 43044 0
1741017735 43192 0
1741017737 43190 0
1741017739 43369 0
1741017741 43323 0
1741017743 43197 0
1741017745 43085 0
1741017747 43282 0
1741017749 43245 0
1741017751 43281 0
1741017753 43183 0
1741017755 43131 0
1741017757 43092 0
1741017759 43173 0
1741017762 43181 0
1741017764 43109 0
1741017766 43331 0
1741017768 43105 0
1741017770 43231 0
1741017772 43169 0
1741017774 43191 0
1741017776 43131 0
1741017778 43197 0
1741017780 43223 0
1741017782 43122 0
1741017784 43162 0
1741017786 43245 0
1741017788 43251 0
1741017790 43199 0
1741017792 43287 0
1741017794 43196 0
1741017796 43124 0
1741017798 43094 0
1741017800 43146 0
1741017802 43061 0
1741017804 43149 0
1741017807 43236 0
1741017809 43191 0
1741017811 43122 0
1741017813 43179 0
1741017815 43233 0
1741017817 43227 0
1741017819 43190 0
1741017821 43229 0
1741017823 43214 0
1741017825 43218 0
1741017827 43126 0
1741017829 43037 0
1741017831 43089 0
1741017833 43094 0
1741017835 43177 0
1741017837 43104 0
1741017839 43100 0
1741017841 43090 0
1741017843 43141 0
1741017845 43160 0
1741017847 43049 0
1741017849 43241 0
1741017851 43289 0
1741017854 43225 0
1741017856 43105 0
1741017858 43126 0
1741017860 43157 0
1741017862 43108 0
1741017864 43214 0
1741017866 43124 0
1741017868 43038 0
1741017870 43078 0
1741017872 43265 0
1741017874 43094 0
1741017876 43266 0
1741017878 43145 0
1741017880 43230 0
1741017882 43159 0
1741017884 43167 0
1741017886 43164 0
1741017888 43157 0
1741017890 43277 0
1741017892 43219 0
1741017894 43191 0
1741017896 43219 0
1741017899 43175 0
1741017901 43222 0
1741017903 43191 0
1741017905 43161 0
1741017907 43165 0
1741017909 43111 0
1741017911 43143 0
1741017913 43263 0
1741017915 43183 0
1741017917 43259 0
1741017919 43176 0
1741017921 43169 0
1741017923 43181 0
1741017925 43233 0
1741017927 43133 0
1741017929 43240 0
1741017931 43228 0
1741017933 43198 0
1741017935 43244 0
1741017937 43235 0
1741017939 43270 0
1741017941 43212 0
1741017943 43275 0
1741017946 43282 0
1741017948 43266 0
1741017950 43189 0
1741017952 43169 0
1741017954 43313 0
1741017956 43304 0
1741017958 43263 0
1741017960 43268 0
1741017962 43226 0
1741017964 43269 0
1741017966 43294 0
1741017968 43248 0
1741017970 43270 0
1741017972 43083 0
1741017974 43271 0
1741017976 43342 0
1741017978 43147 0
1741017980 43224 0
1741017982 43242 0
1741017984 43245 0
1741017986 43215 0
1741017988 43235 0
1741017990 43244 0
1741017993 43258 0
1741017995 43231 0
1741017997 43395 0
1741017999 43235 0
1741018001 43224 0
1741018003 43289 0
1741018005 43282 0
1741018007 43209 0
1741018009 43357 0
1741018011 43349 0
1741018013 43264 0
1741018015 43355 0
1741018017 43411 0
1741018019 43302 0
1741018021 43453 0
1741018023 43245 0
1741018025 43449 0
1741018027 43267 0
1741018029 43390 0
1741018031 43258 0
1741018033 43190 0
1741018035 43329 0
1741018037 43215 0
1741018040 43221 0
1741018042 43221 0
1741018044 43247 0
1741018046 43228 0
1741018048 43335 0
1741018050 43379 0
1741018052 43298 0
1741018054 43307 0
1741018056 43240 0
1741018058 43156 0
1741018060 43174 0
1741018062 43324 0
1741018064 43245 0
1741018066 43307 0
1741018068 43282 0
1741018070 43112 0
1741018072 43189 0
1741018074 43229 0
1741018076 43232 0
1741018078 43215 0
1741018080 43222 0
1741018082 43341 0
1741018084 43266 0
1741018087 43238 0
1741018089 43218 0
1741018091 43182 0
1741018093 43222 0
1741018095 43146 0
1741018097 43165 0
1741018099 43106 0
1741018101 43148 0
1741018103 43273 0
1741018105 43154 0
1741018107 43260 0
1741018109 43197 0
1741018111 43174 0
1741018113 43273 0
1741018115 43176 0
1741018117 43196 0
1741018119 43291 0
1741018121 43305 0
1741018123 43148 0
1741018125 43228 0
1741018127 43200 0
1741018129 43259 0
1741018132 43252 0
1741018134 43268 0
1741018136 43243 0
1741018138 43338 0
1741018140 43262 0
1741018142 43229 0
1741018144 43247 0
1741018146 43273 0
1741018148 43303 0
1741018150 43254 0
1741018152 43330 0
1741018154 43224 0
1741018156 43351 0
1741018158 43293 0
1741018160 43288 0
1741018162 43329 0
1741018164 43260 0
1741018166 43253 0
1741018168 43236 0
1741018170 43263 0
1741018172 43324 0
1741018174 43258 0
1741018176 43269 0
1741018179 43266 0
1741018181 43248 0
1741018183 43269 0
1741018185 43237 0
1741018187 43186 0
1741018189 43277 0
1741018191 43349 0
1741018193 43251 0
1741018195 43301 0
1741018197 43250 0
1741018199 43238 0
1741018201 43290 0
1741018203 43273 0
1741018205 43163 0
1741018207 43185 0
1741018209 43228 0
1741018211 43274 0
1741018213 43349 0
1741018215 43329 0
1741018217 43418 0
1741018219 43296 0
1741018221 43316 0
1741018223 43299 0
1741018226 43216 0
1741018228 43349 0
1741018230 43304 0
1741018232 43489 0
1741018234 43266 0
1741018236 43293 0
1741018238 43362 0
1741018240 43290 0
1741018242 43386 0
1741018244 43362 0
1741018246 43191 0
1741018248 43153 0
1741018250 43175 0
1741018252 43156 0
1741018254 43179 0
1741018256 43287 0
1741018258 43155 0
1741018260 43226 0
1741018262 43115 0
1741018264 43285 0
1741018266 43129 0
1741018268 43212 0
1741018270 43262 0
1741018273 43164 0
1741018275 43027 0
1741018277 43293 0
1741018279 43345 0
1741018281 43356 0
1741018283 43181 0
1741018285 43124 0
1741018287 43203 0
1741018289 43298 0
1741018291 43253 0
1741018293 43463 0
1741018295 43345 0
1741018297 43314 0
1741018299 43256 0
1741018301 43162 0
1741018303 43285 0
1741018305 43333 0
1741018307 43254 0
1741018309 43217 0
1741018311 43264 0
1741018313 43130 0
1741018315 43229 0
1741018318 43229 0
1741018320 43296 0
1741018322 43207 0
1741018324 43155 0
1741018326 43193 0
1741018328 43200 0
1741018330 43274 0
1741018332 43230 0
1741018334 43197 0
1741018336 43151 0
1741018338 43170 0
1741018340 43219 0
1741018342 43271 0
1741018344 43221 0
1741018346 43136 0
1741018348 43126 0
1741018350 43165 0
1741018352 43070 0
1741018354 43118 0
1741018356 43175 0
1741018358 43229 0
1741018360 43117 0
1741018362 43059 0
1741018365 43147 0
1741018367 43150 0
1741018369 43226 0
1741018371 43140 0
1741018373 43142 0
1741018375 43051 0
1741018377 43155 0
1741018379 43157 0
1741018381 43109 0
1741018383 43090 0
1741018385 43033 0
1741018387 43087 0
1741018389 43142 0
1741018391 43095 0
1741018393 43207 0
1741018395 43044 0
1741018397 43138 0
1741018399 43051 0
1741018401 43079 0
1741018403 43216 0
1741018405 43076 0
1741018407 43162 0
1741018410 43124 0
1741018412 43207 0
1741018414 43281 0
1741018416 43153 0
1741018418 43202 0
1741018420 43129 0
1741018422 43169 0
1741018424 43127 0
1741018426 43137 0
1741018428 43207 0
1741018430 43283 0
1741018432 43277 0
1741018434 43122 0
1741018436 43204 0
1741018438 43273 0
1741018440 43161 0
1741018442 43136 0
1741018444 43171 0
1741018446 43163 0
1741018448 43158 0
1741018450 43099 0
1741018452 43155 0
1741018454 43167 0
1741018457 43206 0
1741018459 43191 0
1741018461 43183 0
1741018463 43186 0
1741018465 43270 0
1741018467 43171 0
1741018469 43043 0
1741018471 43157 0
1741018473 43118 0
1741018475 43108 0
1741018477 43216 0
1741018479 43074 0
1741018481 43243 0
1741018483 43176 0
1741018485 43244 0
1741018487 43279 0
1741018489 43222 0
1741018491 43054 0
1741018493 43117 0
1741018495 43284 0
1741018497 43161 0
1741018499 43234 0
1741018501 43216 0
1741018504 43242 0
1741018506 43156 0
1741018508 43221 0
1741018510 43127 0
1741018512 43193 0
1741018514 43224 0
1741018516 43096 0
1741018518 43084 0
1741018520 43055 0
1741018522 43120 0
1741018524 43124 0
1741018526 43123 0
1741018528 43028 0
1741018530 43005 0
1741018532 43108 0
1741018534 43124 0
1741018536 43206 0
1741018538 43212 0
1741018540 43128 0
1741018542 43224 0
1741018544 43146 0
1741018546 43279 0
1741018549 43185 0
1741018551 43179 0
1741018553 43142 0
1741018555 43212 0
1741018557 43184 0
1741018559 43204 0
1741018561 43056 0
1741018563 43115 0
1741018565 43154 0
1741018567 43164 0
1741018569 43193 0
1741018571 43266 0
1741018573 43368 0
1741018575 43218 0
1741018577 43267 0
1741018579 43097 0
1741018581 43170 0
1741018583 43220 0
1741018585 43210 0
1741018587 43177 0
1741018589 43156 0
1741018591 43106 0
1741018593 43155 0
1741018596 43159 0
1741018598 43138 0
1741018600 43087 0
1741018602 43173 0
1741018604 43111 0
1741018606 43140 0
1741018608 43070 0
1741018610 43016 0
1741018612 43145 0
1741018614 43052 0
1741018616 43032 0
1741018618 43171 0
1741018620 43110 0
1741018622 43091 0
1741018624 42976 0
1741018626 43171 0
1741018628 43047 0
1741018630 43153 0
1741018632 43156 0
1741018634 43119 0
1741018636 43059 0
1741018638 43144 0
1741018641 43227 0
1741018643 43107 0
1741018645 43137 0
1741018647 43034 0
1741018649 42999 0
1741018651 43084 0
1741018653 43086 0
1741018655 43171 0
1741018657 43189 0
1741018659 43093 0
1741018661 43073 0
1741018663 43099 0
1741018665 43077 0
1741018667 43097 0
1741018669 43132 0
1741018671 43103 0
1741018673 43096 0
1741018675 43077 0
1741018677 43088 0
1741018679 42936 0
1741018681 43056 0
1741018683 43125 0
1741018686 43071 0
1741018688 43102 0
1741018690 43175 0
1741018692 43059 0
1741018694 43047 0
1741018696 43140 0
1741018698 43058 0
1741018700 43081 0
1741018702 43078 0
1741018704 43121 0
1741018706 43210 0
1741018708 43226 0
1741018710 43159 0
1741018712 43109 0
1741018714 43057 0
1741018716 42969 0
1741018718 43136 0
1741018720 43030 0
1741018722 43044 0
1741018724 43105 0
1741018726 43070 0
1741018728 43134 0
1741018730 43084 0
1741018733 43014 0
1741018735 43029 0
1741018737 42931 0
1741018739 43089 0
1741018741 43090 0
1741018743 43102 0
1741018745 43066 0
1741018747 42976 0
1741018749 43056 0
1741018751 43078 0
1741018753 43100 0
1741018755 43135 0
1741018757 43082 0
1741018759 43157 0
1741018761 43092 0
1741018763 43053 0
1741018765 43046 0
1741018767 43161 0
1741018769 43108 0
1741018771 42981 0
1741018773 43197 0
1741018775 43044 0
1741018778 43115 0
1741018780 43137 0
1741018782 43205 0
1741018784 43064 0
1741018786 43118 0
1741018788 42997 0
1741018790 43097 0
1741018792 43109 0
1741018794 43020 0
1741018796 43036 0
1741018798 42957 0
1741018800 42896 0
1741018802 43058 0
1741018804 43036 0
1741018806 43153 0
1741018808 43008 0
1741018810 42964 0
1741018812 42975 0
1741018814 43032 0
1741018816 42977 0
1741018818 42923 0
1741018820 43000 0
1741018822 43021 0
1741018825 43008 0
1741018827 42989 0
1741018829 43056 0
1741018831 43093 0
1741018833 43041 0
1741018835 42983 0
1741018837 43135 0
1741018839 43109 0
1741018841 43134 0
1741018843 43092 0
1741018845 43110 0
1741018847 43020 0
1741018849 43008 0
1741018851 43048 0
1741018853 43090 0
1741018855 43097 0
1741018857 43046 0
1741018859 42913 0
1741018861 43063 0
1741018863 43104 0
1741018865 42928 0
1741018867 43063 0
1741018869 43022 0
1741018872 43001 0
1741018874 42940 0
1741018876 42961 0
1741018878 43127 0
1741018880 43087 0
1741018882 43034 0
1741018884 42989 0
1741018886 43113 0
1741018888 43101 0
1741018890 42926 0
1741018892 43025 0
1741018894 43030 0
1741018896 42978 0
1741018898 42978 0
1741018900 43076 0
1741018902 42987 0
1741018904 43054 0
1741018906 43046 0
1741018908 43067 0
1741018910 43112 0
1741018912 43043 0
1741018914 43110 0
1741018916 43100 0
1741018919 43063 0
1741018921 43049 0
1741018923 42916 0
1741018925 43009 0
1741018927 43057 0
1741018929 42939 0
1741018931 43046 0
1741018933 42995 0
1741018935 42975 0
1741018937 43132 0
1741018939 43073 0
1741018941 42994 0
1741018943 42924 0
1741018945 42941 0
1741018947 42965 0
1741018949 43112 0
1741018951 42994 0
1741018953 42998 0
1741018955 43048 0
1741018957 42964 0
1741018959 42988 0
1741018961 43047 0
1741018964 43109 0
1741018966 43072 0
1741018968 43053 0
1741018970 43051 0
1741018972 43002 0
1741018974 42996 0
1741018976 43046 0
1741018978 43119 0
1741018980 42923 0
1741018982 43067 0
1741018984 42981 0
1741018986 42959 0
1741018988 43064 0
1741018990 43116 0
1741018992 42906 0
1741018994 42965 0
1741018996 42971 0
1741018998 42988 0
1741019000 43004 0
1741019002 42975 0
1741019004 43059 0
1741019006 42941 0
1741019008 43010 0
1741019011 43111 0
1741019013 43066 0
1741019015 42962 0
1741019017 43134 0
1741019019 42942 0
1741019021 42986 0
1741019023 42912 0
1741019025 43060 0
1741019027 43003 0
1741019029 43019 0
1741019031 42976 0
1741019033 43031 0
1741019035 42986 0
1741019037 43106 0
1741019039 43139 0
1741019041 43090 0
1741019043 43098 0
1741019045 42942 0
1741019047 42995 0
1741019049 43079 0
1741019051 43014 0
1741019053 43012 0
1741019056 43164 0
1741019058 43100 0
1741019060 43059 0
1741019062 43022 0
1741019064 43002 0
1741019066 43048 0
1741019068 43097 0
1741019070 42940 0
1741019072 42980 0
1741019074 42962 0
1741019076 43062 0
1741019078 42996 0
1741019080 43060 0
1741019082 43069 0
1741019084 43033 0
1741019086 42940 0
1741019088 42980 0
1741019090 42990 0
1741019092 43051 0
1741019094 42986 0
1741019096 42994 0
1741019098 42870 0
1741019100 43047 0
1741019103 42910 0
1741019105 42858 0
1741019107 43033 0
1741019109 43021 0
1741019111 42967 0
1741019113 43109 0
1741019115 42940 0
1741019117 43004 0
1741019119 42986 0
1741019121 43178 0
1741019123 42995 0
1741019125 42997 0
1741019127 43022 0
1741019129 43067 0
1741019131 43030 0
1741019133 43003 0
1741019135 42858 0
1741019137 42975 0
1741019139 42883 0
1741019141 43026 0
1741019143 43032 0
1741019145 43022 0
1741019147 43149 0
1741019150 42967 0
1741019152 42995 0
1741019154 42956 0
1741019156 42966 0
1741019158 43039 0
1741019160 43099 0
1741019162 42942 0
1741019164 42885 0
1741019166 42871 0
1741019168 42902 0
1741019170 42954 0
1741019172 42995 0
1741019174 43058 0
1741019176 43091 0
1741019178 42888 0
1741019180 43097 0
1741019182 43030 0
1741019184 42957 0
1741019186 42974 0
1741019188 43038 0
1741019190 43039 0
1741019192 43017 0
1741019195 43051 0
1741019197 43026 0
1741019199 42914 0
1741019201 42942 0
1741019203 42939 0
1741019205 42878 0
1741019207 42958 0
1741019209 43052 0
1741019211 43000 0
1741019213 42944 0
1741019215 42963 0
1741019217 42995 0
1741019219 42978 0
1741019221 42967 0
1741019223 42999 0
1741019225 42955 0
1741019227 43051 0
1741019229 43081 0
1741019231 42916 0
1741019233 43092 0
1741019235 43048 0
1741019237 42933 0
1741019240 43001 0
1741019242 42934 0
1741019244 43052 0
1741019246 43084 0
1741019248 43064 0
1741019250 43079 0
1741019252 43102 0
1741019254 43109 0
1741019256 43055 0
1741019258 42977 0
1741019260 43058 0
1741019262 43044 0
1741019264 43053 0
1741019266 43124 0
1741019268 43049 0
1741019270 43003 0
1741019272 42913 0
1741019274 43027 0
1741019276 43051 0
1741019278 42881 0
1741019280 42953 0
1741019282 42949 0
1741019285 42937 0
1741019287 43000 0
1741019289 42888 0
1741019291 43050 0
1741019293 42951 0
1741019295 42931 0
1741019297 42930 0
1741019299 43001 0
1741019301 43128 0
1741019303 43114 0
1741019305 43010 0
1741019307 42994 0
1741019309 42970 0
1741019311 42946 0
1741019313 42892 0
1741019315 43072 0
1741019317 43100 0
1741019319 43073 0
1741019321 43030 0
1741019323 43042 0
1741019325 43054 0
1741019327 43074 0
1741019329 43065 0
1741019332 43062 0
1741019334 43101 0
1741019336 43023 0
1741019338 43008 0
1741019340 43054 0
1741019342 42975 0
1741019344 43091 0
1741019346 42976 0
1741019348 42941 0
1741019350 43066 0
1741019352 43042 0
1741019354 42956 0
1741019356 42986 0
1741019358 42993 0
1741019360 42867 0
1741019362 42936 0
1741019364 42988 0
1741019366 43010 0
1741019368 43059 0
1741019370 43058 0
1741019372 42995 0
1741019374 43002 0
1741019377 43041 0
1741019379 43017 0
1741019381 43034 0
1741019383 43040 0
1741019385 42971 0
1741019387 43151 0
1741019389 43047 0
1741019391 43201 0
1741019393 43131 0
1741019395 43001 0
1741019397 42952 0
1741019399 43059 0
1741019401 43082 0
1741019403 43042 0
1741019405 43134 0
1741019407 42982 0
1741019409 43041 0
1741019411 43001 0
1741019413 42974 0
1741019415 42969 0
1741019417 42935 0
1741019419 43009 0
1741019421 43011 0
1741019424 42984 0
1741019426 42978 0
1741019428 43049 0
1741019430 42913 0
1741019432 42944 0
1741019434 43056 0
1741019436 42915 0
1741019438 42841 0
1741019440 42949 0
1741019442 42959 0
1741019444 42951 0
1741019446 42874 0
1741019448 42932 0
1741019450 42930 0
1741019452 42905 0
1741019454 42994 0
1741019456 42902 0
1741019458 42977 0
1741019460 42971 0
1741019462 42953 0
1741019464 43011 0
1741019466 43088 0
1741019468 43013 0
1741019471 42997 0
1741019473 42998 0
1741019475 42998 0
1741019477 43055 0
1741019479 42963 0
1741019481 42872 0
1741019483 42899 0
1741019485 42861 0
1741019487 42878 0
1741019489 42871 0
1741019491 42891 0
1741019493 42888 0
1741019495 43012 0
1741019497 42941 0
1741019499 42970 0
1741019501 43037 0
1741019503 42916 0
1741019505 42984 0
1741019507 42946 0
1741019509 42990 0
1741019511 42997 0
1741019513 42964 0
1741019516 42956 0
1741019518 42822 0
1741019520 43028 0
1741019522 42961 0
1741019524 42976 0
1741019526 43891 0
1741019528 43892 0
1741019530 43806 0
1741019532 43857 0
1741019534 43829 0
1741019536 43916 0
1741019538 43732 0
1741019540 43915 0
1741019542 43772 0
1741019544 43814 0
1741019546 43837 0
1741019548 43749 0
1741019550 43883 0
1741019552 43802 0
1741019554 43851 0
1741019556 43801 0
1741019558 43801 0
1741019561 43765 0
1741019563 43771 0
1741019565 43736 0
1741019567 43833 0
1741019569 43887 0
1741019571 43799 0
1741019573 43867 0
1741019575 43994 0
1741019577 43765 0
1741019579 43828 0
1741019581 42997 0
1741019583 42989 0
1741019585 43034 0
1741019587 43077 0
1741019589 43015 0
1741019591 42952 0
1741019593 43029 0
1741019595 43090 0
1741019597 43003 0
1741019599 43000 0
1741019601 42989 0
1741019603 43179 0
1741019606 43011 0
1741019608 43058 0
1741019610 43132 0
1741019612 43079 0
1741019614 43014 0
1741019616 43043 0
1741019618 43015 0
1741019620 42906 0
1741019622 42990 0
1741019624 42877 0
1741019626 43019 0
1741019628 42988 0
1741019630 43047 0
1741019632 43017 0
1741019634 43123 0
1741019636 43043 0
1741019638 43014 0
1741019640 43150 0
1741019642 42945 0
1741019644 42951 0
1741019646 42924 0
1741019648 43061 0
1741019650 42960 0
1741019653 43013 0
1741019655 42985 0
1741019657 43087 0
1741019659 43003 0
1741019661 43022 0
1741019663 43109 0
1741019665 43000 0
1741019667 43022 0
1741019669 43071 0
1741019671 43083 0
1741019673 43088 0
1741019675 43190 0
1741019677 43153 0
1741019679 43079 0
1741019681 43102 0
1741019683 43066 0
1741019685 43074 0
1741019687 43118 0
1741019689 43149 0
1741019691 43088 0
1741019693 43120 0
1741019695 43141 0
1741019697 43153 0
1741019700 43154 0
1741019702 43004 0
1741019704 43097 0
1741019706 43127 0
1741019708 43145 0
1741019710 43042 0
1741019712 43043 0
1741019714 43148 0
1741019716 43075 0
1741019718 42970 0
1741019720 43126 0
1741019722 43139 0
1741019724 43133 0
1741019726 43135 0
1741019728 43056 0
1741019730 43114 0
1741019732 43184 0
1741019734 43092 0
1741019736 43117 0
1741019738 43078 0
1741019740 43200 0
1741019742 43088 0
1741019744 43105 0
1741019747 43085 0
1741019749 43030 0
1741019751 43106 0
1741019753 43086 0
1741019755 42969 0
1741019757 43122 0
1741019759 43089 0
1741019761 43103 0
1741019763 43097 0
1741019765 42934 0
1741019767 43071 0
1741019769 43031 0
1741019771 42921 0
1741019773 43082 0
1741019775 43074 0
1741019777 43003 0
1741019779 43082 0
1741019781 43132 0
1741019783 43033 0
1741019785 43035 0
1741019787 43023 0
1741019789 42991 0
1741019792 43118 0
1741019794 43080 0
1741019796 43056 0
1741019798 43161 0
1741019800 43059 0
1741019802 43111 0
1741019804 43059 0
1741019806 43051 0
1741019808 43134 0
1741019810 43064 0
1741019812 43133 0
1741019814 43101 0
1741019816 43084 0
1741019818 43039 0
1741019820 43062 0
1741019822 43073 0
1741019824 43144 0
1741019826 43119 0
1741019828 43001 0
1741019830 43062 0
1741019832 43143 0
1741019834 43168 0
1741019836 43039 0
1741019839 43069 0
1741019841 43187 0
1741019843 43161 0
1741019845 43133 0
1741019847 42983 0
1741019849 43080 0
1741019851 43069 0
1741019853 43119 0
1741019855 43085 0
1741019857 43230 0
1741019859 43089 0
1741019861 43140 0
1741019863 43115 0
1741019865 43185 0
1741019867 43137 0
1741019869 43174 0
1741019871 43276 0
1741019873 43084 0
1741019875 43085 0
1741019877 43063 0
1741019879 43040 0
1741019881 43123 0
1741019883 43223 0
1741019886 43092 0
1741019888 43161 0
1741019890 43109 0
1741019892 43095 0
1741019894 43005 0
1741019896 43077 0
1741019898 42983 0
1741019900 43054 0
1741019902 43066 0
1741019904 43030 0
1741019906 43084 0
1741019908 43151 0
1741019910 43013 0
1741019912 43021 0
1741019914 42970 0
1741019916 43000 0
1741019918 43012 0
1741019920 43076 0
1741019922 43174 0
1741019924 43090 0
1741019926 43126 0
1741019928 43068 0
1741019930 43079 0
1741019933 43126 0
1741019935 43088 0
1741019937 43003 0
1741019939 43306 0
1741019941 43194 0
1741019943 43216 0
1741019945 43214 0
1741019947 43153 0
1741019949 43239 0
1741019951 43224 0
1741019953 43138 0
1741019955 43080 0
1741019957 43160 0
1741019959 43007 0
1741019961 43074 0
1741019963 43069 0
1741019965 43136 0
1741019967 43048 0
1741019969 43138 0
1741019971 42949 0
1741019973 43043 0
1741019975 43009 0
1741019977 43148 0
1741019980 43090 0
1741019982 43002 0
1741019984 43000 0
1741019986 43056 0
1741019988 43160 0
1741019990 43175 0
1741019992 43106 0
1741019994 43087 0
1741019996 43137 0
1741019998 43029 0
1741020000 43196 0
1741020002 43183 0
1741020004 43182 0
1741020006 42976 0
1741020008 43078 0
1741020010 43166 0
1741020012 43092 0
1741020014 43104 0
1741020016 43109 0
1741020018 43062 0
1741020020 43065 0
1741020022 42981 0
1741020025 43034 0
1741020027 43074 0
1741020029 42963 0
1741020031 43127 0
1741020033 42944 0
1741020035 42995 0
1741020037 43067 0
1741020039 43039 0
1741020041 43087 0
1741020043 43082 0
1741020045 43084 0
1741020047 42999 0
1741020049 43026 0
1741020051 43065 0
1741020053 43127 0
1741020055 43084 0
1741020057 43016 0
1741020059 42976 0
1741020061 43004 0
1741020063 43043 0
1741020065 43046 0
1741020067 43119 0
1741020069 42918 0
1741020072 43122 0
1741020074 42993 0
1741020076 43067 0
1741020078 43118 0
1741020080 43072 0
1741020082 42990 0
1741020084 43058 0
1741020086 43007 0
1741020088 43090 0
1741020090 42993 0
1741020092 43158 0
1741020094 42962 0
1741020096 42946 0
1741020098 43116 0
1741020100 43065 0
1741020102 43013 0
1741020104 43225 0
1741020106 42933 0
1741020108 42985 0
1741020110 42915 0
1741020112 43014 0
1741020114 43021 0
1741020116 43018 0
1741020119 42921 0
1741020121 43144 0
1741020123 43018 0
1741020125 43008 0
1741020127 43099 0
1741020129 42961 0
1741020131 42998 0
1741020133 43194 0
1741020135 43193 0
1741020137 43041 0
1741020139 43002 0
1741020141 43152 0
1741020143 42977 0
1741020145 43080 0
1741020147 42967 0
1741020149 43251 0
1741020151 43023 0
1741020153 43174 0
1741020155 43049 0
1741020157 43115 0
1741020159 43158 0
1741020161 43022 0
1741020164 43107 0
1741020166 43116 0
1741020168 43116 0
1741020170 43064 0
1741020172 42912 0
1741020174 43000 0
1741020176 42990 0
1741020178 42983 0
1741020180 42883 0
1741020182 42794 0
1741020184 43007 0
1741020186 43052 0
1741020188 43021 0
1741020190 42924 0
1741020192 43052 0
1741020194 43067 0
1741020196 43025 0
1741020198 43040 0
1741020200 42888 0
1741020202 42997 0
1741020204 42971 0
1741020206 43031 0
1741020208 42998 0
1741020211 43025 0
1741020213 42977 0
1741020215 43167 0
1741020217 43092 0
1741020219 43104 0
1741020221 43006 0
1741020223 43029 0
1741020225 43033 0
1741020227 42818 0
1741020229 42970 0
1741020231 43023 0
1741020233 43007 0
1741020235 43077 0
1741020237 42992 0
1741020239 42883 0
1741020241 43014 0
1741020243 43088 0
1741020245 43056 0
1741020247 42910 0
1741020249 43002 0
1741020251 42947 0
1741020253 43122 0
1741020255 43055 0
1741020258 43014 0
1741020260 43000 0
1741020262 42913 0
1741020264 43017 0
1741020266 43009 0
1741020268 42891 0
1741020270 43037 0
1741020272 43057 0
1741020274 43020 0
1741020276 43030 0
1741020278 43011 0
1741020280 42949 0
1741020282 43100 0
1741020284 43087 0
1741020286 42944 0
1741020288 42966 0
1741020290 42992 0
1741020292 43014 0
1741020294 43065 0
1741020296 43082 0
1741020298 43032 0
1741020300 42830 0
1741020303 42949 0
1741020305 42998 0
1741020307 43002 0
1741020309 42914 0
1741020311 43043 0
1741020313 42986 0
1741020315 42954 0
1741020317 42969 0
1741020319 42950 0
1741020321 43117 0
1741020323 43114 0
1741020325 43036 0
1741020327 43018 0
1741020329 43015 0
1741020331 43034 0
1741020333 42953 0
1741020335 43069 0
1741020337 43120 0
1741020339 43025 0
1741020341 43036 0
1741020343 43029 0
1741020345 43086 0
1741020347 43015 0
1741020350 43046 0
1741020352 43007 0
1741020354 42984 0
1741020356 43118 0
1741020358 43131 0
1741020360 42955 0
1741020362 43148 0
1741020364 43089 0
1741020366 42988 0
1741020368 42997 0
1741020370 43103 0
1741020372 42972 0
1741020374 43062 0
1741020376 43050 0
1741020378 43013 0
1741020380 43029 0
1741020382 42994 0
1741020384 43050 0
1741020386 42901 0
1741020388 42956 0
1741020390 43102 0
1741020392 43008 0
1741020395 43117 0
1741020397 43043 0
1741020399 43079 0
1741020401 43113 0
1741020403 43187 0
1741020405 42964 0
1741020407 43069 0
1741020409 43143 0
1741020411 43155 0
1741020413 43115 0
1741020415 43040 0
1741020417 43114 0
1741020419 43086 0
1741020421 43070 0
1741020423 43031 0
1741020425 42998 0
1741020427 43159 0
1741020429 43047 0
1741020431 43079 0
1741020433 43096 0
1741020435 43096 0
1741020437 43138 0
1741020439 42997 0
1741020442 43095 0
1741020444 43046 0
1741020446 42984 0
1741020448 43015 0
1741020450 43046 0
1741020452 42983 0
1741020454 43081 0
1741020456 42999 0
1741020458 42981 0
1741020460 42957 0
1741020462 42977 0
1741020464 42893 0
1741020466 43019 0
1741020468 42951 0
1741020470 43151 0
1741020472 43088 0
1741020474 43101 0
1741020476 42992 0
1741020478 43060 0
1741020480 42981 0
1741020482 43150 0
1741020484 43174 0
1741020486 43140 0
1741020489 43124 0
1741020491 43064 0
1741020493 43077 0
1741020495 43085 0
1741020497 43118 0
1741020499 43130 0
1741020501 43148 0
1741020503 42995 0
1741020505 43111 0
1741020507 43051 0
1741020509 42985 0
1741020511 43066 0
1741020513 43004 0
1741020515 43074 0
1741020517 43059 0
1741020519 43010 0
1741020521 42893 0
1741020523 42933 0
1741020525 42978 0
1741020527 42926 0
1741020529 42924 0
1741020532 43098 0
1741020534 42972 0
1741020536 43031 0
1741020538 42998 0
1741020540 42928 0
1741020542 43042 0
1741020544 43061 0
1741020546 42927 0
1741020548 42990 0
1741020550 42940 0
1741020552 43084 0
1741020554 43069 0
1741020556 42959 0
1741020558 43053 0
1741020560 43025 0
1741020562 42996 0
1741020564 43105 0
1741020566 43056 0
1741020568 42962 0
1741020570 43020 0
1741020572 43033 0
1741020574 42914 0
1741020576 43022 0
1741020579 42990 0
1741020581 42995 0
1741020583 42918 0
1741020585 42893 0
1741020587 42922 0
1741020589 43010 0
1741020591 42868 0
1741020593 43041 0
1741020595 43013 0
1741020597 42957 0
1741020599 43000 0
1741020601 43042 0
1741020603 43021 0
1741020605 43057 0
1741020607 42949 0
1741020609 42957 0
1741020611 42983 0
1741020613 43101 0
1741020615 43046 0
1741020617 43015 0
1741020620 43104 0
1741020622 43083 0
1741020624 42982 0
1741020626 43030 0
1741020628 42974 0
1741020630 42971 0
1741020632 43013 0
1741020634 42980 0
1741020636 42972 0
1741020638 43054 0
1741020640 43028 0
1741020642 42929 0
1741020644 42890 0
1741020646 42975 0
1741020648 43019 0
1741020650 43028 0
1741020652 43023 0
1741020654 43077 0
1741020656 42964 0
1741020658 42988 0
1741020660 43008 0
1741020662 43030 0
1741020664 43008 0
1741020667 42978 0
1741020669 42959 0
1741020671 43103 0
1741020673 43068 0
1741020675 42925 0
1741020677 42989 0
1741020679 43034 0
1741020681 43033 0
1741020683 43059 0
1741020685 43014 0
1741020687 43002 0
1741020689 43015 0
1741020691 43008 0
1741020693 43003 0
1741020695 43131 0
1741020697 43112 0
1741020699 43050 0
1741020701 43068 0
1741020703 43025 0
1741020705 43062 0
1741020707 43002 0
1741020709 43027 0
1741020711 42943 0
1741020714 43099 0
1741020716 42926 0
1741020718 43096 0
1741020720 43031 0
1741020722 43044 0
1741020724 43044 0
1741020726 43061 0
1741020728 43054 0
1741020730 42895 0
1741020732 42981 0
1741020734 42989 0
1741020736 42942 0
1741020738 42883 0
1741020740 42966 0
1741020742 42869 0
1741020744 42960 0
1741020746 43001 0
1741020748 42924 0
1741020750 43026 0
1741020752 42920 0
1741020754 43066 0
1741020756 43055 0
1741020759 43021 0
1741020761 43015 0
1741020763 43052 0
1741020765 43047 0
1741020767 43070 0
1741020769 43112 0
1741020771 43024 0
1741020773 43013 0
1741020775 43079 0
1741020777 42990 0
1741020779 42953 0
1741020781 42939 0
1741020783 42948 0
1741020785 43052 0
1741020787 42970 0
1741020789 42935 0
1741020791 43047 0
1741020793 42975 0
1741020795 42902 0
1741020797 42894 0
1741020799 42965 0
1741020801 42976 0
1741020803 42932 0
1741020806 43002 0
1741020808 42865 0
1741020810 42891 0
1741020812 43011 0
1741020814 43062 0
1741020816 42998 0
1741020818 43027 0
1741020820 43075 0
1741020822 43032 0
1741020824 43006 0
1741020826 42940 0
1741020828 43066 0
1741020830 43022 0
1741020832 43065 0
1741020834 43112 0
1741020836 42989 0
1741020838 42859 0
1741020840 42967 0
1741020842 42894 0
1741020844 42892 0
1741020846 42990 0
1741020848 43023 0
1741020851 42934 0
1741020853 42985 0
1741020855 42886 0
1741020857 43085 0
1741020859 43023 0
1741020861 42971 0
1741020863 42968 0
1741020865 42999 0
1741020867 43027 0
1741020869 42970 0
1741020871 42990 0
1741020873 42967 0
1741020875 43034 0
1741020877 43069 0
1741020879 42887 0
1741020881 42997 0
1741020883 42980 0
1741020885 43010 0
1741020887 43124 0
1741020889 42958 0
1741020891 43020 0
1741020893 43029 0
1741020895 42960 0
1741020898 42982 0
1741020900 43083 0
1741020902 43046 0
1741020904 42982 0
1741020906 42951 0
1741020908 42961 0
1741020910 43053 0
1741020912 43040 0
1741020914 42960 0
1741020916 43001 0
1741020918 43053 0
1741020920 42937 0
1741020922 42993 0
1741020924 42888 0
1741020926 43051 0
1741020928 43113 0
1741020930 43020 0
1741020932 42940 0
1741020934 42894 0
1741020936 43006 0
1741020938 42912 0
1741020940 43019 0
1741020942 42958 0
1741020945 43003 0
1741020947 42892 0
1741020949 42932 0
1741020951 43047 0
1741020953 42908 0
1741020955 42843 0
1741020957 42880 0
1741020959 42910 0
1741020961 42894 0
1741020963 42890 0
1741020965 43031 0
1741020967 42961 0
1741020969 42954 0
1741020971 43076 0
1741020973 43014 0
1741020975 42913 0
1741020977 42996 0
1741020979 42913 0
1741020981 42966 0
1741020983 42905 0
1741020985 42953 0
1741020987 43024 0
1741020990 43008 0
1741020992 42960 0
1741020994 42891 0
1741020996 42932 0
1741020998 43022 0
1741021000 42888 0
1741021002 42896 0
1741021004 42889 0
1741021006 43049 0
1741021008 42983 0
1741021010 42906 0
1741021012 42883 0
1741021014 42857 0
1741021016 42868 0
1741021018 42808 0
1741021020 43018 0
1741021022 42961 0
1741021024 42956 0
1741021026 42920 0
1741021028 42943 0
1741021030 42984 0
1741021032 42941 0
1741021034 42915 0
1741021037 42993 0
1741021039 43011 0
1741021041 43057 0
1741021043 43053 0
1741021045 42939 0
1741021047 43009 0
1741021049 42963 0
1741021051 42958 0
1741021053 42900 0
1741021055 42845 0
1741021057 42883 0
1741021059 42825 0
1741021061 42818 0
1741021063 42986 0
1741021065 42908 0
1741021067 42783 0
1741021069 42933 0
1741021071 42866 0
1741021073 42888 0
1741021075 42806 0
1741021077 42771 0
1741021079 42900 0
1741021081 42893 0
1741021084 42816 0
1741021086 42849 0
1741021088 42835 0
1741021090 42950 0
1741021092 42969 0
1741021094 42972 0
1741021096 42864 0
1741021098 42828 0
1741021100 42805 0
1741021102 42947 0
1741021104 42981 0
1741021106 42932 0
1741021108 42992 0
1741021110 42880 0
1741021112 42926 0
1741021114 42925 0
1741021116 43078 0
1741021118 42952 0
1741021120 42831 0
1741021122 42901 0
1741021124 42883 0
1741021126 42835 0
1741021128 42916 0
1741021131 42796 0
1741021133 42946 0
1741021135 42923 0
1741021137 42867 0
1741021139 43048 0
1741021141 42971 0
1741021143 42965 0
1741021145 42872 0
1741021147 43009 0
1741021149 42875 0
1741021151 42994 0
1741021153 42938 0
1741021155 42983 0
1741021157 42889 0
1741021159 42945 0
1741021161 42842 0
1741021163 42921 0
1741021165 42919 0
1741021167 42972 0
1741021169 43009 0
1741021171 42964 0
1741021173 43113 0
1741021176 43108 0
1741021178 43026 0
1741021180 42984 0
1741021182 43019 0
1741021184 43015 0
1741021186 43083 0
1741021188 42925 0
1741021190 42958 0
1741021192 42884 0
1741021194 42906 0
1741021196 43082 0
1741021198 42977 0
1741021200 42954 0
1741021202 42995 0
1741021204 43002 0
1741021206 42954 0
1741021208 43003 0
1741021210 42964 0
1741021212 42908 0
1741021214 43005 0
1741021216 42972 0
1741021218 42931 0
1741021221 42929 0
1741021223 42961 0
1741021225 42952 0
1741021227 42906 0
1741021229 43044 0
1741021231 42950 0
1741021233 42976 0
1741021235 42980 0
1741021237 43065 0
1741021239 43020 0
1741021241 43079 0
1741021243 43037 0
1741021245 42992 0
1741021247 42976 0
1741021249 43016 0
1741021251 43073 0
1741021253 43002 0
1741021255 42988 0
1741021257 43011 0
1741021259 43019 0
1741021261 42945 0
1741021263 42992 0
1741021265 43019 0
1741021268 42887 0
1741021270 42979 0
1741021272 42933 0
1741021274 42959 0
1741021276 42890 0
1741021278 42995 0
1741021280 42951 0
1741021282 42931 0
1741021284 43004 0
1741021286 42942 0
1741021288 42941 0
1741021290 42920 0
1741021292 42970 0
1741021294 42853 0
1741021296 42810 0
1741021298 42967 0
1741021300 43085 0
1741021302 42966 0
1741021304 43017 0
1741021306 43022 0
1741021308 42942 0
1741021310 42975 0
1741021312 43000 0
1741021315 42964 0
1741021317 42911 0
1741021319 43000 0
1741021321 43025 0
1741021323 42886 0
1741021325 42909 0
1741021327 42972 0
1741021329 42926 0
1741021331 43005 0
1741021333 42919 0
1741021335 42879 0
1741021337 43034 0
1741021339 42930 0
1741021341 42912 0
1741021343 42856 0
1741021345 42879 0
1741021347 42958 0
1741021349 42898 0
1741021351 42909 0
1741021353 42931 0
1741021355 42948 0
1741021357 42959 0
1741021360 42985 0
1741021362 42803 0
1741021364 42839 0
1741021366 43081 0
1741021368 42892 0
1741021370 42992 0
1741021372 42910 0
1741021374 42915 0
1741021376 42995 0
1741021378 42945 0
1741021380 42910 0
1741021382 43013 0
1741021384 42917 0
1741021386 42943 0
1741021388 42935 0
1741021390 42958 0
1741021392 42890 0
1741021394 43073 0
1741021396 42775 0
1741021398 42931 0
1741021400 42773 0
1741021402 43014 0
1741021404 42869 0
1741021407 42888 0
1741021409 42900 0
1741021411 43031 0
1741021413 42972 0
1741021415 42869 0
1741021417 42973 0
1741021419 42829 0
1741021421 42848 0
1741021423 43046 0
1741021425 42904 0
1741021427 42842 0
1741021429 42933 0
1741021431 42959 0
1741021433 42845 0
1741021435 42939 0
1741021437 42969 0
1741021439 42907 0
1741021441 42978 0
1741021443 42929 0
1741021445 42901 0
1741021447 42925 0
1741021449 42879 0
1741021451 43045 0
1741021454 43043 0
1741021456 43070 0
1741021458 42843 0
1741021460 42984 0
1741021462 42916 0
1741021464 42933 0
1741021466 43037 0
1741021468 42931 0
1741021470 42838 0
1741021472 43054 0
1741021474 43071 0
1741021476 42961 0
1741021478 42974 0
1741021480 43031 0
1741021482 42914 0
1741021484 42883 0
1741021486 42924 0
1741021488 42941 0
1741021490 43001 0
1741021492 42845 0
1741021494 43032 0
1741021496 42983 0
1741021499 43016 0
1741021501 42945 0
1741021503 42947 0
1741021505 42870 0
1741021507 42875 0
1741021509 42965 0
1741021511 42978 0
1741021513 42935 0
1741021515 43043 0
1741021517 43078 0
1741021519 43003 0
1741021521 43033 0
1741021523 42987 0
1741021525 43073 0
1741021527 42970 0
1741021529 42952 0
1741021531 42889 0
1741021533 42922 0
1741021535 42994 0
1741021537 43115 0
1741021539 42985 0
1741021541 42998 0
1741021543 43015 0
1741021546 42977 0
1741021548 42941 0
1741021550 42966 0
1741021552 42918 0
1741021554 42864 0
1741021556 42963 0
1741021558 43025 0
1741021560 42970 0
1741021562 43052 0
1741021564 42968 0
1741021566 42991 0
1741021568 42973 0
1741021570 43125 0
1741021572 43019 0
1741021574 43051 0
1741021576 42874 0
1741021578 43044 0
1741021580 43053 0
1741021582 43036 0
1741021584 42988 0
1741021586 43142 0
1741021588 43027 0
1741021591 43151 0
1741021593 43077 0
1741021595 43046 0
1741021597 43021 0
1741021599 43080 0
1741021601 43123 0
1741021603 43158 0
1741021605 43125 0
1741021607 43038 0
1741021609 43054 0
1741021611 42990 0
1741021613 42971 0
1741021615 43061 0
1741021617 43042 0
1741021619 42948 0
1741021621 43031 0
1741021623 42950 0
1741021625 43049 0
1741021627 43048 0
1741021629 43084 0
1741021631 43025 0
1741021633 43055 0
1741021635 43031 0
1741021638 42986 0
1741021640 43060 0
1741021642 43060 0
1741021644 43019 0
1741021646 43053 0
1741021648 42984 0
1741021650 43010 0
1741021652 43047 0
1741021654 43039 0
1741021656 43117 0
1741021658 43083 0
1741021660 43091 0
1741021662 43147 0
1741021664 42920 0
1741021666 43027 0
1741021668 42990 0
1741021670 43009 0
1741021672 43072 0
1741021674 43046 0
1741021676 42997 0
1741021678 43044 0
1741021680 43012 0
1741021682 43029 0
1741021685 43078 0
1741021687 43066 0
1741021689 42966 0
1741021691 43036 0
1741021693 43097 0
1741021695 43040 0
1741021697 43000 0
1741021699 43119 0
1741021701 43007 0
1741021703 43104 0
1741021705 43014 0
1741021707 43148 0
1741021709 43051 0
1741021711 43136 0
1741021713 42979 0
1741021715 43189 0
1741021717 43032 0
1741021719 43075 0
1741021721 43172 0
1741021723 43148 0
1741021725 43036 0
1741021727 43208 0
1741021729 42928 0
1741021732 43223 0
1741021734 43277 0
1741021736 43145 0
1741021738 43132 0
1741021740 43065 0
1741021742 43071 0
1741021744 43144 0
1741021746 42939 0
1741021748 43141 0
1741021750 42974 0
1741021752 43062 0
1741021754 43035 0
1741021756 43047 0
1741021758 43080 0
1741021760 43041 0
1741021762 43079 0
1741021764 43000 0
1741021766 43066 0
1741021768 43055 0
1741021770 43081 0
1741021772 43127 0
1741021774 43024 0
1741021777 43047 0
1741021779 42999 0
1741021781 43067 0
1741021783 43097 0
1741021785 43087 0
1741021787 43107 0
1741021789 43078 0
1741021791 43096 0
1741021793 43078 0
1741021795 43131 0
1741021797 43013 0
1741021799 43036 0
1741021801 43069 0
1741021803 43121 0
1741021805 43120 0
1741021807 43150 0
1741021809 43070 0
1741021811 43039 0
1741021813 43106 0
1741021815 43093 0
1741021817 43005 0
1741021819 43154 0
1741021821 43025 0
1741021824 43015 0
1741021826 42959 0
1741021828 43022 0
1741021830 43135 0
1741021832 43125 0
1741021834 43034 0
1741021836 42980 0
1741021838 42951 0
1741021840 43053 0
1741021842 42970 0
1741021844 43114 0
1741021846 43000 0
1741021848 43003 0
1741021850 42961 0
1741021852 43081 0
1741021854 43038 0
1741021856 43089 0
1741021858 42995 0
1741021860 43092 0
1741021862 43181 0
1741021864 43036 0
1741021866 43053 0
1741021868 43105 0
1741021871 43083 0
1741021873 43042 0
1741021875 42942 0
1741021877 43098 0
1741021879 43154 0
1741021881 43065 0
1741021883 42935 0
1741021885 43147 0
1741021887 42939 0
1741021889 42941 0
1741021891 43068 0
1741021893 43006 0
1741021895 43019 0
1741021897 42968 0
1741021899 43057 0
1741021901 42907 0
1741021903 43076 0
1741021905 42967 0
1741021907 42898 0
1741021909 42945 0
1741021911 42949 0
1741021913 43017 0
1741021916 42927 0
1741021918 42975 0
1741021920 43138 0
1741021922 43019 0
1741021924 42852 0
1741021926 43024 0
1741021928 43067 0
1741021930 43115 0
1741021932 43110 0
1741021934 43042 0
1741021936 43110 0
1741021938 43019 0
1741021940 43062 0
1741021942 42938 0
1741021944 42979 0
1741021946 42911 0
1741021948 43060 0
1741021950 42922 0
1741021952 42954 0
1741021954 42868 0
1741021956 43016 0
1741021958 42991 0
1741021960 42994 0
1741021963 42984 0
1741021965 42948 0
1741021967 43015 0
1741021969 43003 0
1741021971 42935 0
1741021973 42975 0
1741021975 42991 0
1741021977 42943 0
1741021979 43005 0
1741021981 43039 0
1741021983 43018 0
1741021985 42917 0
1741021987 43056 0
1741021989 42941 0
1741021991 42860 0
1741021993 43010 0
1741021995 42961 0
1741021997 43117 0
1741021999 43006 0
1741022001 43066 0
1741022003 43034 0
1741022005 42979 0
1741022007 42940 0
1741022010 43110 0
1741022012 42964 0
1741022014 42942 0
1741022016 43001 0
1741022018 43026 0
1741022020 42932 0
1741022022 42939 0
1741022024 42976 0
1741022026 43013 0
1741022028 42960 0
1741022030 42941 0
1741022032 43018 0
1741022034 43038 0
1741022036 42944 0
1741022038 43038 0
1741022040 42989 0
1741022042 42927 0
1741022044 42914 0
1741022046 43077 0
1741022048 42952 0
1741022050 42975 0
1741022052 42895 0
1741022055 42919 0
1741022057 42886 0
1741022059 42892 0
1741022061 42947 0
1741022063 43020 0
1741022065 43024 0
1741022067 42957 0
1741022069 43052 0
1741022071 42970 0
1741022073 43010 0
1741022075 42938 0
1741022077 42900 0
1741022079 42970 0
1741022081 42922 0
1741022083 43035 0
1741022085 42925 0
1741022087 42961 0
1741022089 42978 0
1741022091 43067 0
1741022093 42834 0
1741022095 43015 0
1741022097 42920 0
1741022099 42799 0
1741022102 42992 0
1741022104 43004 0
1741022106 42999 0
1741022108 42880 0
1741022110 42905 0
1741022112 42885 0
1741022114 42890 0
1741022116 42934 0
1741022118 42944 0
1741022120 42916 0
1741022122 42914 0
1741022124 42836 0
1741022126 42983 0
1741022128 42921 0
1741022130 42917 0
1741022132 43033 0
1741022134 42968 0
1741022136 43149 0
1741022138 43027 0
1741022140 43038 0
1741022142 43007 0
1741022144 42886 0
1741022146 43164 0
1741022149 43052 0
1741022151 42983 0
1741022153 42986 0
1741022155 42973 0
1741022157 43063 0
1741022159 42917 0
1741022161 43089 0
1741022163 43081 0
1741022165 43087 0
1741022167 42849 0
1741022169 42922 0
1741022171 42898 0
1741022173 42979 0
1741022175 43045 0
1741022177 42878 0
1741022179 42988 0
1741022181 42971 0
1741022183 42837 0
1741022185 42905 0
1741022187 43076 0
1741022189 42839 0
1741022191 43047 0
1741022193 42946 0
1741022196 42863 0
1741022198 42861 0
1741022200 42913 0
1741022202 42992 0
1741022204 42958 0
1741022206 42977 0
1741022208 42932 0
1741022210 42912 0
1741022212 42945 0
1741022214 42906 0
1741022216 42912 0
1741022218 42943 0
1741022220 42899 0
1741022222 42891 0
1741022224 42990 0
1741022226 43024 0
1741022228 42905 0
1741022230 42933 0
1741022232 42921 0
1741022234 42826 0
1741022236 42885 0
1741022238 42864 0
1741022241 42892 0
1741022243 42928 0
1741022245 42929 0
1741022247 42864 0
1741022249 42899 0
1741022251 43017 0
1741022253 42846 0
1741022255 42835 0
1741022257 42929 0
1741022259 43030 0
1741022261 42900 0
1741022263 42954 0
1741022265 42925 0
1741022267 42888 0
1741022269 42858 0
1741022271 42977 0
1741022273 42922 0
1741022275 42999 0
1741022277 42941 0
1741022279 42986 0
1741022281 42987 0
1741022283 42978 0
1741022285 42951 0
1741022288 42886 0
1741022290 42835 0
1741022292 42818 0
1741022294 42979 0
1741022296 42939 0
1741022298 42817 0
1741022300 42880 0
1741022302 42827 0
1741022304 42847 0
1741022306 42795 0
1741022308 42833 0
1741022310 42758 0
1741022312 42890 0
1741022314 42818 0
1741022316 42818 0
1741022318 42870 0
1741022320 42867 0
1741022322 42921 0
1741022324 42954 0
1741022326 42839 0
1741022328 42882 0
1741022330 42855 0
1741022333 42966 0
1741022335 42948 0
1741022337 42897 0
1741022339 43018 0
1741022341 43052 0
1741022343 42992 0
1741022345 43046 0
1741022347 42991 0
1741022349 43036 0
1741022351 42989 0
1741022353 42877 0
1741022355 42836 0
1741022357 42954 0
1741022359 42945 0
1741022361 42847 0
1741022363 42773 0
1741022365 43007 0
1741022367 42871 0
1741022369 42976 0
1741022371 42846 0
1741022373 42912 0
1741022375 42892 0
1741022377 42796 0
1741022380 42902 0
1741022382 42827 0
1741022384 42829 0
1741022386 42965 0
1741022388 42887 0
1741022390 42794 0
1741022392 42965 0
1741022394 42882 0
1741022396 42891 0
1741022398 42879 0
1741022400 42926 0
1741022402 42870 0
1741022404 42916 0
1741022406 42915 0
1741022408 42884 0
1741022410 42896 0
1741022412 42861 0
1741022414 42897 0
1741022416 42953 0
1741022418 42892 0
1741022420 42937 0
1741022422 42853 0
1741022424 42892 0
1741022427 42706 0
1741022429 42859 0
1741022431 42862 0
1741022433 42847 0
1741022435 42780 0
1741022437 42936 0
1741022439 42807 0
1741022441 42835 0
1741022443 42698 0
1741022445 42908 0
1741022447 42791 0
1741022449 42898 0
1741022451 42812 0
1741022453 42872 0
1741022455 42797 0
1741022457 42823 0
1741022459 42902 0
1741022461 42802 0
1741022463 42745 0
1741022465 42845 0
1741022467 42841 0
1741022469 42918 0
1741022472 42756 0
1741022474 42874 0
1741022476 42898 0
1741022478 42872 0
1741022480 42918 0
1741022482 43052 0
1741022484 42918 0
1741022486 42988 0
1741022488 42821 0
1741022490 42824 0
1741022492 42867 0
1741022494 42921 0
1741022496 42940 0
1741022498 42851 0
1741022500 42869 0
1741022502 42895 0
1741022504 42805 0
1741022506 42909 0
1741022508 42849 0
1741022510 42716 0
1741022512 42784 0
1741022514 42808 0
1741022516 42787 0
1741022519 42902 0
1741022521 42896 0
1741022523 43096 0
1741022525 42791 0
1741022527 42813 0
1741022529 42988 0
1741022531 42893 0
1741022533 43061 0
1741022535 42845 0
1741022537 42941 0
1741022539 42826 0
1741022541 42850 0
1741022543 42843 0
1741022545 42864 0
1741022547 42933 0
1741022549 42886 0
1741022551 42868 0
1741022553 42904 0
1741022555 42979 0
1741022557 42877 0
1741022559 42805 0
1741022561 42741 0
1741022563 42754 0
1741022566 42876 0
1741022568 42891 0
1741022570 42842 0
1741022572 42887 0
1741022574 42849 0
1741022576 42735 0
1741022578 42751 0
1741022580 42817 0
1741022582 42810 0
1741022584 42775 0
1741022586 42911 0
1741022588 42871 0
1741022590 42773 0
1741022592 42834 0
1741022594 42789 0
1741022596 42816 0
1741022598 42858 0
1741022600 42810 0
1741022602 42831 0
1741022604 42828 0
1741022606 42805 0
1741022608 42916 0
1741022610 42819 0
1741022613 42827 0
1741022615 42749 0
1741022617 42851 0
1741022619 42779 0
1741022621 42935 0
1741022623 42896 0
1741022625 42907 0
1741022627 42852 0
1741022629 42916 0
1741022631 42784 0
1741022633 42858 0
1741022635 42927 0
1741022637 42786 0
1741022639 42864 0
1741022641 42887 0
1741022643 42805 0
1741022645 43011 0
1741022647 42926 0
1741022649 42766 0
1741022651 42862 0
1741022653 42858 0
1741022655 42843 0
1741022658 42816 0
1741022660 42769 0
1741022662 42806 0
1741022664 42843 0
1741022666 42764 0
1741022668 42818 0
1741022670 42775 0
1741022672 42852 0
1741022674 42931 0
1741022676 42800 0
1741022678 42801 0
1741022680 43001 0
1741022682 42864 0
1741022684 42788 0
1741022686 42838 0
1741022688 42861 0
1741022690 42969 0
1741022692 42842 0
1741022694 42884 0
1741022696 42745 0
1741022698 42893 0
1741022700 42925 0
1741022702 42913 0
1741022705 42790 0
1741022707 42867 0
1741022709 42800 0
1741022711 42848 0
1741022713 42806 0
1741022715 42773 0
1741022717 42926 0
1741022719 42810 0
1741022721 42830 0
1741022723 42899 0
1741022725 42749 0
1741022727 42883 0
1741022729 42773 0
1741022731 42843 0
1741022733 42813 0
1741022735 42892 0
1741022737 42825 0
1741022739 42799 0
1741022741 42841 0
1741022743 42766 0
1741022745 42923 0
1741022747 42932 0
1741022749 42845 0
1741022752 42940 0
1741022754 42846 0
1741022756 42862 0
1741022758 42764 0
1741022760 42868 0
1741022762 42843 0
1741022764 42840 0
1741022766 42839 0
1741022768 42929 0
1741022770 42763 0
1741022772 42838 0
1741022774 42784 0
1741022776 42815 0
1741022778 42825 0
1741022780 42906 0
1741022782 42824 0
1741022784 42770 0
1741022786 42817 0
1741022788 42826 0
1741022790 42751 0
1741022792 42833 0
1741022794 42733 0
1741022797 42867 0
1741022799 42861 0
1741022801 42787 0
1741022803 42836 0
1741022805 42758 0
1741022807 42817 0
1741022809 42752 0
1741022811 42734 0
1741022813 42701 0
1741022815 42775 0
1741022817 42837 0
1741022819 42839 0
1741022821 42850 0
1741022823 42853 0
1741022825 42838 0
1741022827 42962 0
1741022829 42863 0
1741022831 42815 0
1741022833 42812 0
1741022835 42673 0
1741022837 42760 0
1741022839 42816 0
1741022841 42820 0
1741022844 42877 0
1741022846 42798 0
1741022848 42778 0
1741022850 42837 0
1741022852 42857 0
1741022854 42786 0
1741022856 42812 0
1741022858 42769 0
1741022860 42750 0
1741022862 42779 0
1741022864 42751 0
1741022866 42838 0
1741022868 42877 0
1741022870 42823 0
1741022872 42849 0
1741022874 42767 0
1741022876 42770 0
1741022878 42802 0
1741022880 42869 0
1741022882 42807 0
1741022884 42791 0
1741022886 42789 0
1741022889 42831 0
1741022891 42972 0
1741022893 42867 0
1741022895 42838 0
1741022897 42840 0
1741022899 42912 0
1741022901 42849 0
1741022903 42935 0
1741022905 42852 0
1741022907 42878 0
1741022909 42922 0
1741022911 42862 0
1741022913 42785 0
1741022915 42659 0
1741022917 42778 0
1741022919 42789 0
1741022921 42789 0
1741022923 42795 0
1741022925 42825 0
1741022927 42855 0
1741022929 42807 0
1741022931 42823 0
1741022933 42888 0
1741022936 42794 0
1741022938 42825 0
1741022940 42728 0
1741022942 42757 0
1741022944 42625 0
1741022946 42828 0
1741022948 42789 0
1741022950 42760 0
1741022952 42767 0
1741022954 42923 0
1741022956 42885 0
1741022958 42805 0
1741022960 42820 0
1741022962 42842 0
1741022964 42802 0
1741022966 42833 0
1741022968 42805 0
1741022970 42759 0
1741022972 42807 0
1741022974 42841 0
1741022976 42718 0
1741022978 42744 0
1741022980 42710 0
1741022983 42677 0
1741022985 42752 0
1741022987 42776 0
1741022989 42754 0
1741022991 42647 0
1741022993 42789 0
1741022995 42752 0
1741022997 42792 0
1741022999 42772 0
1741023001 42791 0
1741023003 42656 0
1741023005 42821 0
1741023007 42765 0
1741023009 42700 0
1741023011 42759 0
1741023013 42780 0
1741023015 42760 0
1741023017 42790 0
1741023019 42683 0
1741023021 42698 0
1741023023 42700 0
1741023025 42722 0
1741023028 42780 0
1741023030 42749 0
1741023032 42860 0
1741023034 42792 0
1741023036 42767 0
1741023038 42785 0
1741023040 42703 0
1741023042 42641 0
1741023044 42684 0
1741023046 42712 0
1741023048 42732 0
1741023050 42637 0
1741023052 42720 0
1741023054 42648 0
1741023056 42724 0
1741023058 42569 0
1741023060 42554 0
1741023062 42653 0
1741023064 42683 0
1741023066 42669 0
1741023068 42630 0
1741023070 42654 0
1741023072 42700 0
1741023075 42558 0
1741023077 42650 0
1741023079 42632 0
1741023081 42606 0
1741023083 42744 0
1741023085 42684 0
1741023087 42698 0
1741023089 42612 0
1741023091 42709 0
1741023093 42553 0
1741023095 42736 0
1741023152 42532 0
1741023154 42735 0
1741023156 42686 0
1741023158 42666 0
1741023160 42642 0
1741023162 42759 0
1741023164 42773 0
1741023167 42719 0
1741023169 42724 0
1741023171 42694 0
1741023173 42726 0
1741023175 42830 0
1741023177 42749 0
1741023179 42776 0
1741023181 42820 0
1741023183 42692 0
1741023185 42752 0
1741023187 42687 0
1741023189 42687 0
1741023191 42726 0
1741023193 42754 0
1741023195 42747 0
1741023197 42806 0
1741023199 42636 0
1741023201 42650 0
1741023203 42728 0
1741023205 42710 0
1741023207 42656 0
1741023209 42639 0
1741023211 42665 0
1741023214 42705 0
1741023216 42668 0
1741023218 42616 0
1741023220 42620 0
1741023222 42620 0
1741023224 42538 0
1741023226 42699 0
1741023228 42701 0
1741023230 42624 0
1741023232 42821 0
1741023234 42796 0
1741023236 42738 0
1741023238 42837 0
1741023240 42692 0
1741023242 42776 0
1741023244 42731 0
1741023246 42758 0
1741023248 42750 0
1741023250 42781 0
1741023252 42630 0
1741023254 42649 0
1741023256 42813 0
1741023259 42626 0
1741023261 42681 0
1741023263 42641 0
1741023265 42621 0
1741023267 42747 0
1741023269 42583 0
1741023271 42689 0
1741023273 42778 0
1741023275 42702 0
1741023277 42721 0
1741023279 42803 0
1741023281 42720 0
1741023283 42672 0
1741023285 42800 0
1741023287 42779 0
1741023289 42636 0
1741023291 42647 0
1741023293 42786 0
1741023295 42796 0
1741023297 42766 0
1741023299 42676 0
1741023301 42877 0
1741023303 42781 0
1741023306 42860 0
1741023308 42747 0
1741023310 42800 0
1741023312 42634 0
1741023314 42886 0
1741023316 42762 0
1741023318 42791 0
1741023320 42783 0
1741023322 42762 0
1741023324 42746 0
1741023326 42777 0
1741023328 42884 0
1741023330 42783 0
1741023332 42731 0
1741023334 42688 0
1741023336 42668 0
1741023338 42868 0
1741023340 42758 0
1741023342 42715 0
1741023344 42785 0
1741023346 42726 0
1741023348 42679 0
1741023350 42748 0
1741023353 42635 0
1741023355 42850 0
1741023357 42811 0
1741023359 42792 0
1741023361 42780 0
1741023363 42800 0
1741023365 42818 0
1741023367 42693 0
1741023369 42749 0
1741023371 42745 0
1741023373 42769 0
1741023375 42845 0
1741023377 42735 0
1741023379 42812 0
1741023381 42728 0
1741023383 42667 0
1741023385 42591 0
1741023387 42741 0
1741023389 42811 0
1741023391 42687 0
1741023393 42739 0
1741023395 42727 0
1741023398 42773 0
1741023400 42636 0
1741023402 42721 0
1741023404 42786 0
1741023406 42869 0
1741023408 42722 0
1741023410 42745 0
1741023412 42777 0
1741023414 42841 0
1741023416 42737 0
1741023418 42743 0
1741023420 42649 0
1741023422 42669 0
1741023424 42731 0
1741023426 42806 0
1741023428 42790 0
1741023430 42748 0
1741023432 42675 0
1741023434 42679 0
1741023436 42730 0
1741023438 42788 0
1741023440 42777 0
1741023442 42767 0
1741023445 42831 0
1741023447 42809 0
1741023449 42826 0
1741023451 42732 0
1741023453 42705 0
1741023455 42745 0
1741023457 42747 0
1741023459 42694 0
1741023461 42782 0
1741023463 42833 0
1741023465 42692 0
1741023467 42800 0
1741023469 42625 0
1741023471 42659 0
1741023473 42798 0
1741023475 42737 0
1741023477 42748 0
1741023479 42729 0
1741023481 42808 0
1741023483 42855 0
1741023485 42691 0
1741023487 42707 0
1741023489 42727 0
1741023492 42657 0
1741023494 42642 0
1741023496 42641 0
1741023498 42739 0
1741023500 42577 0
1741023502 42739 0
1741023504 42808 0
1741023506 42941 0
1741023508 42921 0
1741023510 42781 0
1741023512 42886 0
1741023514 42820 0
1741023516 42855 0
1741023518 42938 0
1741023520 42866 0
1741023522 42792 0
1741023524 42823 0
1741023526 42742 0
1741023528 42786 0
1741023530 42785 0
1741023532 42630 0
1741023534 42766 0
1741023536 42944 0
1741023539 42703 0
1741023541 42718 0
1741023543 42754 0
1741023545 42771 0
1741023547 42742 0
1741023549 42865 0
1741023551 42703 0
1741023553 42784 0
1741023555 42666 0
1741023557 42824 0
1741023559 42759 0
1741023561 42745 0
1741023563 42853 0
1741023565 42740 0
1741023567 42753 0
1741023569 42620 0
1741023571 42633 0
1741023573 42629 0
1741023575 42653 0
1741023577 42737 0
1741023579 42644 0
1741023581 42743 0
1741023583 42810 0
1741023586 42779 0
1741023588 42571 0
1741023590 42668 0
1741023592 42727 0
1741023594 42673 0
1741023596 42716 0
1741023598 42753 0
1741023600 42690 0
1741023602 42601 0
1741023604 42691 0
1741023606 42723 0
1741023608 42793 0
1741023610 42695 0
1741023612 42775 0
1741023614 42740 0
1741023616 42692 0
1741023618 42630 0
1741023620 42768 0
1741023622 42807 0
1741023624 42592 0
1741023626 42746 0
1741023628 42735 0
1741023630 42699 0
1741023633 42772 0
1741023635 42862 0
1741023637 42624 0
1741023639 42763 0
1741023641 42745 0
1741023643 42828 0
1741023645 42689 0
1741023647 42763 0
1741023649 42678 0
1741023651 42778 0
1741023653 42863 0
1741023655 42787 0
1741023657 42867 0
1741023659 42783 0
1741023661 42752 0
1741023663 42681 0
1741023665 42724 0
1741023667 42667 0
1741023669 42718 0
1741023671 42730 0
1741023673 42634 0
1741023675 42715 0
1741023678 42784 0
1741023680 42786 0
1741023682 42736 0
1741023684 42681 0
1741023686 42685 0
1741023688 42679 0
1741023690 42825 0
1741023692 42797 0
1741023694 42716 0
1741023696 42785 0
1741023698 42761 0
1741023700 42816 0
1741023702 42974 0
1741023704 42802 0
1741023706 42786 0
1741023708 42826 0
1741023710 42724 0
1741023712 42828 0
1741023714 42871 0
1741023716 42912 0
1741023718 42857 0
1741023720 43018 0
1741023722 42848 0
1741023725 42898 0
1741023727 42754 0
1741023729 42877 0
1741023731 42841 0
1741023733 42912 0
1741023735 42852 0
1741023737 42766 0
1741023739 42888 0
1741023741 42747 0
1741023743 42830 0
1741023745 42838 0
1741023747 42747 0
1741023749 42749 0
1741023751 42835 0
1741023753 42794 0
1741023755 42796 0
1741023757 42752 0
1741023759 42780 0
1741023761 42685 0
1741023763 42752 0
1741023765 42725 0
1741023767 42726 0
1741023769 42754 0
1741023772 42796 0
1741023774 42816 0
1741023776 42860 0
1741023778 42753 0
1741023780 42751 0
1741023782 42773 0
1741023784 42964 0
1741023786 42651 0
1741023788 42780 0
1741023790 42784 0
1741023792 42800 0
1741023794 42898 0
1741023796 42890 0
1741023798 42819 0
1741023800 42841 0
1741023802 42853 0
1741023804 42789 0
1741023806 42788 0
1741023808 42838 0
1741023810 42778 0
1741023812 42880 0
1741023814 42825 0
1741023816 42730 0
1741023819 42713 0
1741023821 42711 0
1741023823 42880 0
1741023825 42747 0
1741023827 42758 0
1741023829 42836 0
1741023831 42827 0
1741023833 42791 0
1741023835 42762 0
1741023837 42890 0
1741023839 42893 0
1741023841 42763 0
1741023843 42715 0
1741023845 42871 0
1741023847 42759 0
1741023849 42857 0
1741023851 42800 0
1741023853 42798 0
1741023855 42968 0
1741023857 42871 0
1741023859 42813 0
1741023861 42834 0
1741023864 42932 0
1741023866 42739 0
1741023868 42781 0
1741023870 42789 0
1741023872 42778 0
1741023874 42812 0
1741023876 42800 0
1741023878 42884 0
1741023880 42826 0
1741023882 42751 0
1741023884 42929 0
1741023886 42905 0
1741023888 42854 0
1741023890 42758 0
1741023892 42920 0
1741023894 42932 0
1741023896 42852 0
1741023898 42793 0
1741023900 42710 0
1741023902 42799 0
1741023904 42857 0
1741023906 42831 0
1741023908 42854 0
1741023911 42873 0
1741023913 42706 0
1741023915 42880 0
1741023917 42810 0
1741023919 42877 0
1741023921 42776 0
1741023923 42835 0
1741023925 42853 0
1741023927 42824 0
1741023929 42952 0
1741023931 42931 0
1741023933 42629 0
1741023935 42736 0
1741023937 42803 0
1741023939 42641 0
1741023941 42743 0
1741023943 42849 0
1741023945 42761 0
1741023947 42788 0
1741023949 42865 0
1741023951 42796 0
1741023953 42806 0
1741023955 42655 0
1741023958 42790 0
1741023960 42826 0
1741023962 42866 0
1741023964 42716 0
1741023966 42862 0
1741023968 42951 0
1741023970 42764 0
1741023972 42732 0
1741023974 42750 0
1741023976 42729 0
1741023978 42707 0
1741023980 42753 0
1741023982 42794 0
1741023984 42744 0
1741023986 42727 0
1741023988 42916 0
1741023990 42852 0
1741023992 42845 0
1741023994 42842 0
1741023996 42819 0
1741023998 42832 0
1741024000 42830 0
1741024003 42821 0
1741024005 42753 0
1741024007 42884 0
1741024009 42696 0
1741024011 42678 0
1741024013 42746 0
1741024015 42632 0
1741024017 42807 0
1741024019 42805 0
1741024021 42852 0
1741024023 42800 0
1741024025 42920 0
1741024027 42652 0
1741024029 42751 0
1741024031 42788 0
1741024033 42798 0
1741024035 42832 0
1741024037 42628 0
1741024039 42707 0
1741024041 42782 0
1741024043 42806 0
1741024045 42720 0
1741024047 42699 0
1741024050 42833 0
1741024052 42702 0
1741024054 42825 0
1741024056 42838 0
1741024058 42924 0
1741024060 42836 0
1741024062 42809 0
1741024064 42883 0
1741024066 42713 0
1741024068 42910 0
1741024070 42837 0
1741024072 42801 0
1741024074 42895 0
1741024076 42749 0
1741024078 42634 0
1741024080 42836 0
1741024082 42624 0
1741024084 42609 0
1741024086 42662 0
1741024088 42724 0
1741024090 42685 0
1741024092 42672 0
1741024095 42803 0
1741024097 42686 0
1741024099 42724 0
1741024101 42735 0
1741024103 42673 0
1741024105 42637 0
1741024107 42705 0
1741024109 42696 0
1741024111 42656 0
1741024113 42714 0
1741024115 42756 0
1741024117 42712 0
1741024119 42641 0
1741024121 42715 0
1741024123 42715 0
1741024125 42779 0
1741024127 42712 0
1741024129 42792 0
1741024131 42763 0
1741024133 42771 0
1741024135 42717 0
1741024137 42726 0
1741024139 42752 0
1741024142 42714 0
1741024144 42729 0
1741024146 42667 0
1741024148 42784 0
1741024150 42853 0
1741024152 42684 0
1741024154 42590 0
1741024156 42727 0
1741024158 42736 0
1741024160 42715 0
1741024162 42760 0
1741024164 42649 0
1741024166 42604 0
1741024168 42719 0
1741024170 42748 0
1741024172 42724 0
1741024174 42752 0
1741024176 42741 0
1741024178 42754 0
1741024180 42772 0
1741024182 42721 0
1741024185 42764 0
1741024187 42697 0
1741024189 42869 0
1741024191 42768 0
1741024193 42815 0
1741024195 42904 0
1741024197 42928 0
1741024199 42879 0
1741024201 42755 0
1741024203 42893 0
1741024205 42774 0
1741024207 42803 0
1741024209 42787 0
1741024211 42873 0
1741024213 42815 0
1741024215 42842 0
1741024217 42901 0
1741024219 42779 0
1741024221 42713 0
1741024223 42858 0
1741024225 42756 0
1741024227 42877 0
1741024229 42922 0
1741024232 42703 0
1741024234 42882 0
1741024236 42882 0
1741024238 42940 0
1741024240 42799 0
1741024242 42843 0
1741024244 42785 0
1741024246 42836 0
1741024248 42751 0
1741024250 42811 0
1741024252 43011 0
1741024254 42761 0
1741024256 42943 0
1741024258 42761 0
1741024260 42811 0
1741024262 42863 0
1741024264 42897 0
1741024266 42781 0
1741024268 42926 0
1741024270 42832 0
1741024272 42905 0
1741024274 42799 0
1741024276 42907 0
1741024279 42895 0
1741024281 42927 0
1741024283 42906 0
1741024285 42890 0
1741024287 42811 0
1741024289 42861 0
1741024291 42792 0
1741024293 42881 0
1741024295 42866 0
1741024297 42944 0
1741024299 42854 0
1741024301 42810 0
1741024303 42863 0
1741024305 42893 0
1741024307 42803 0
1741024309 42816 0
1741024311 42868 0
1741024313 42765 0
1741024315 42818 0
1741024317 42797 0
1741024319 43024 0
1741024321 42804 0
1741024324 42835 0
1741024326 42798 0
1741024328 42881 0
1741024330 42853 0
1741024332 42864 0
1741024334 42969 0
1741024336 42759 0
1741024338 42840 0
1741024340 42910 0
1741024342 42952 0
1741024344 42950 0
1741024346 43063 0
1741024348 42846 0
1741024350 43083 0
1741024352 43020 0
1741024354 43019 0
1741024356 43072 0
1741024358 42880 0
1741024360 42915 0
1741024362 43075 0
1741024364 43163 0
1741024366 43308 0
1741024368 42909 0
1741024371 43164 0
1741024373 43128 0
1741024375 43047 0
1741024377 43079 0
1741024379 43064 0
1741024381 42975 0
1741024383 43131 0
1741024385 42983 0
1741024387 43192 0
1741024389 43199 0
1741024391 42898 0
1741024393 42989 0
1741024395 42921 0
1741024397 42829 0
1741024399 42962 0
1741024401 43131 0
1741024403 43152 0
1741024405 42924 0
1741024407 42928 0
1741024409 42900 0
1741024411 43001 0
1741024413 42975 0
1741024415 42912 0
1741024418 42961 0
1741024420 42908 0
1741024422 42962 0
1741024424 43105 0
1741024426 43005 0
1741024428 42855 0
1741024430 42706 0
1741024432 42894 0
1741024434 42943 0
1741024436 43009 0
1741024438 43057 0
1741024440 42882 0
1741024442 42837 0
1741024444 43183 0
1741024446 42901 0
1741024448 43072 0
1741024450 43107 0
1741024452 43130 0
1741024454 42788 0
1741024456 43180 0
1741024458 43266 0
1741024460 43037 0
1741024463 42716 0
1741024465 43051 0
1741024467 42999 0
1741024469 42870 0
1741024471 42897 0
1741024473 42838 0
1741024475 43017 0
1741024477 43057 0
1741024479 42849 0
1741024481 42744 0
1741024483 43012 0
1741024485 42936 0
1741024487 42835 0
1741024489 42801 0
1741024491 42863 0
1741024493 42830 0
1741024495 43034 0
1741024497 42767 0
1741024499 42714 0
1741024502 42816 0
1741024504 42805 0
1741024506 42772 0
1741024508 42777 0
1741024510 42733 0
1741024512 42867 0
1741024514 42925 0
1741024516 42720 0
1741024518 42797 0
1741024520 42832 0
1741024522 42709 0
1741024524 42763 0
1741024526 42742 0
1741024528 42686 0
1741024530 42677 0
1741024532 42831 0
1741024534 42955 0
1741024536 42759 0
1741024538 42768 0
1741024540 42699 0
1741024542 42903 0
1741024544 42994 0
1741024547 42839 0
1741024549 42910 0
1741024551 42760 0
1741024553 42783 0
1741024555 42847 0
1741024557 42821 0
1741024559 42707 0
1741024561 42764 0
1741024563 42870 0
1741024565 42707 0
1741024567 42749 0
1741024569 42697 0
1741024571 42776 0
1741024573 42759 0
1741024575 42601 0
1741024577 42742 0
1741024579 42631 0
1741024581 42686 0
1741024583 42731 0
1741024585 42764 0
1741024587 42673 0
1741024589 42830 0
1741024591 42644 0
1741024594 42750 0
1741024596 42742 0
1741024598 42777 0
1741024600 42708 0
1741024602 42905 0
1741024604 42806 0
1741024606 42843 0
1741024608 42888 0
1741024610 42872 0
1741024612 42832 0
1741024614 42899 0
1741024616 42743 0
1741024618 42830 0
1741024620 42762 0
1741024622 42853 0
1741024624 42871 0
1741024626 42756 0
1741024628 42673 0
1741024630 42748 0
1741024632 42766 0
1741024634 42781 0
1741024636 42836 0
1741024639 42663 0
1741024641 42770 0
1741024643 42860 0
1741024645 42732 0
1741024647 42797 0
1741024649 42965 0
1741024651 42932 0
1741024653 42776 0
1741024655 42589 0
1741024657 42825 0
1741024659 42741 0
1741024661 42761 0
1741024663 42783 0
1741024665 42831 0
1741024667 42826 0
1741024669 42801 0
1741024671 42802 0
1741024673 42881 0
1741024675 42803 0
1741024677 42873 0
1741024679 42708 0
1741024681 42788 0
1741024683 42854 0
1741024686 42699 0
1741024688 42948 0
1741024690 42694 0
1741024692 42685 0
1741024694 42780 0
1741024696 42818 0
1741024698 42863 0
1741024700 42769 0
1741024702 42886 0
1741024704 42868 0
1741024706 42730 0
1741024708 42665 0
1741024710 42689 0
1741024712 42745 0
1741024714 42851 0
1741024716 42753 0
1741024718 42615 0
1741024720 42759 0
1741024722 42626 0
1741024724 42774 0
1741024726 42767 0
1741024728 42756 0
1741024730 42744 0
1741024733 42748 0
1741024735 42699 0
1741024737 42892 0
1741024739 42780 0
1741024741 42885 0
1741024743 42815 0
1741024745 42853 0
1741024747 42851 0
1741024749 42782 0
1741024751 42796 0
1741024753 42881 0
1741024755 42841 0
1741024757 42793 0
1741024759 42751 0
1741024761 42816 0
1741024763 42749 0
1741024765 42793 0
1741024767 42687 0
1741024769 42871 0
1741024771 42810 0
1741024773 42879 0
1741024775 42891 0
1741024778 42782 0
1741024780 42961 0
1741024782 42821 0
1741024784 42819 0
1741024786 42725 0
1741024788 42810 0
1741024790 42718 0
1741024792 42783 0
1741024794 42855 0
1741024796 42822 0
1741024798 42762 0
1741024800 42811 0
1741024802 42746 0
1741024804 42727 0
1741024806 42871 0
1741024808 42753 0
1741024810 42834 0
1741024812 42704 0
1741024814 42813 0
1741024816 42741 0
1741024818 42757 0
1741024820 42753 0
1741024822 42744 0
1741024825 42780 0
1741024827 42639 0
1741024829 42685 0
1741024831 42750 0
1741024833 42708 0
1741024835 42794 0
1741024837 42747 0
1741024839 42734 0
1741024841 42833 0
1741024843 42682 0
1741024845 42719 0
1741024847 42609 0
1741024849 42724 0
1741024851 42821 0
1741024853 42762 0
1741024855 42737 0
1741024857 42790 0
1741024859 42706 0
1741024861 42701 0
1741024863 42678 0
1741024865 42731 0
1741024867 42753 0
1741024869 42686 0
1741024872 42645 0
1741024874 42751 0
1741024876 42717 0
1741024878 42630 0
1741024880 42815 0
1741024882 42799 0
1741024884 42804 0
1741024886 42813 0
1741024888 42716 0
1741024890 42687 0
1741024892 42807 0
1741024894 42875 0
1741024896 42711 0
1741024898 42648 0
1741024900 42751 0
1741024902 42593 0
1741024904 42805 0
1741024906 42908 0
1741024908 42546 0
1741024910 42776 0
1741024912 42702 0
1741024914 42755 0
1741024916 42608 0
1741024919 42656 0
1741024921 42653 0
1741024923 42687 0
1741024925 42735 0
1741024927 42630 0
1741024929 42644 0
1741024931 42540 0
1741024933 42579 0
1741024935 42711 0
1741024937 42701 0
1741024939 42751 0
1741024941 42691 0
1741024943 42760 0
1741024945 42663 0
1741024947 42615 0
1741024949 42811 0
1741024951 42743 0
1741024953 42653 0
1741024955 42744 0
1741024957 42809 0
1741024959 42708 0
1741024961 42733 0
1741024964 42624 0
1741024966 42710 0
1741024968 42757 0
1741024970 42703 0
1741024972 42675 0
1741024974 42737 0
1741024976 42673 0
1741024978 42633 0
1741024980 42600 0
1741024982 42777 0
1741024984 42575 0
1741024986 42761 0
1741024988 42581 0
1741024990 42650 0
1741024992 42748 0
1741024994 42655 0
1741024996 42753 0
1741024998 42694 0
1741025000 42692 0
1741025002 42613 0
1741025004 42715 0
1741025006 42699 0
1741025008 42761 0
1741025011 42824 0
1741025013 42680 0
1741025015 42625 0
1741025017 42800 0
1741025019 42768 0
1741025021 42654 0
1741025023 42656 0
1741025025 42828 0
1741025027 42723 0
1741025029 42650 0
1741025031 42815 0
1741025033 42713 0
1741025035 42741 0
1741025037 42597 0
1741025039 42655 0
1741025041 42742 0
1741025043 42630 0
1741025045 42744 0
1741025047 42672 0
1741025049 42699 0
1741025051 42695 0
1741025053 42702 0
1741025055 42665 0
1741025058 42733 0
1741025060 42708 0
1741025062 42716 0
1741025064 42593 0
1741025066 42708 0
1741025068 42735 0
1741025070 42730 0
1741025072 42826 0
1741025074 42596 0
1741025076 42795 0
1741025078 42797 0
1741025080 42658 0
1741025082 42828 0
1741025084 42676 0
1741025086 42831 0
1741025088 42909 0
1741025090 42863 0
1741025092 42848 0
1741025094 42675 0
1741025096 42807 0
1741025098 42945 0
1741025100 42814 0
1741025103 42883 0
1741025105 42819 0
1741025107 42741 0
1741025109 42703 0
1741025111 42623 0
1741025113 42743 0
1741025115 42861 0
1741025117 42660 0
1741025119 42827 0
1741025121 42638 0
1741025123 42777 0
1741025125 42731 0
1741025127 42716 0
1741025129 42584 0
1741025131 42778 0
1741025133 42726 0
1741025135 42814 0
1741025137 42783 0
1741025139 42854 0
1741025141 42729 0
1741025143 42711 0
1741025145 42673 0
1741025147 42793 0
1741025150 42897 0
1741025152 42659 0
1741025154 42857 0
1741025156 42846 0
1741025158 42837 0
1741025160 42874 0
1741025162 42733 0
1741025164 42875 0
1741025166 42858 0
1741025168 42804 0
1741025170 42868 0
1741025172 42817 0
1741025174 42872 0
1741025176 42849 0
1741025178 43133 0
1741025180 42976 0
1741025182 42941 0
1741025184 42905 0
1741025186 42695 0
1741025188 42881 0
1741025190 42709 0
1741025192 42841 0
1741025194 42769 0
1741025197 42859 0
1741025199 42732 0
1741025201 42786 0
1741025203 42779 0
1741025205 42948 0
1741025207 42759 0
1741025209 42940 0
1741025211 43101 0
1741025213 42899 0
1741025215 42961 0
1741025217 42913 0
1741025219 42727 0
1741025221 42734 0
1741025223 42928 0
1741025225 42841 0
1741025227 42885 0
1741025229 42915 0
1741025231 42944 0
1741025233 42971 0
1741025235 42904 0
1741025237 42875 0
1741025239 42888 0
1741025241 42906 0
1741025244 42769 0
1741025246 42860 0
1741025248 42833 0
1741025250 42785 0
1741025252 42916 0
1741025254 42791 0
1741025256 42844 0
1741025258 42717 0
1741025260 42915 0
1741025262 42826 0
1741025264 42816 0
1741025266 42827 0
1741025268 42786 0
1741025270 42785 0
1741025272 42789 0
1741025274 42901 0
1741025276 42867 0
1741025278 42850 0
1741025280 42792 0
1741025282 42813 0
1741025284 42791 0
1741025286 42712 0
1741025288 42921 0
1741025291 42821 0
1741025293 42768 0
1741025295 42911 0
1741025297 43212 0
1741025299 42988 0
1741025301 42930 0
1741025303 42838 0
1741025305 42836 0
1741025307 42676 0
1741025309 42826 0
1741025311 42770 0
1741025313 42796 0
1741025315 42840 0
1741025317 42903 0
1741025319 42747 0
1741025321 42867 0
1741025323 42637 0
1741025325 42746 0
1741025327 42730 0
1741025329 43008 0
1741025331 42630 0
1741025333 42657 0
1741025335 42724 0
1741025338 43041 0
1741025340 43011 0
1741025342 42812 0
1741025344 42869 0
1741025346 42915 0
1741025348 42848 0
1741025350 42793 0
1741025352 42749 0
1741025354 42815 0
1741025356 42876 0
1741025358 42851 0
1741025360 42853 0
1741025362 42883 0
1741025364 43063 0
1741025366 42773 0
1741025368 42969 0
1741025370 42890 0
1741025372 42861 0
1741025374 42893 0
1741025376 42877 0
1741025378 42788 0
1741025380 42814 0
1741025382 42787 0
1741025385 42773 0
1741025387 42826 0
1741025389 42757 0
1741025391 42765 0
1741025393 42741 0
1741025395 42697 0
1741025397 42701 0
1741025399 42694 0
1741025401 42870 0
1741025403 42662 0
1741025405 42726 0
1741025407 42783 0
1741025409 42850 0
1741025411 42753 0
1741025413 42727 0
1741025415 42841 0
1741025417 42704 0
1741025419 42744 0
1741025421 42919 0
1741025423 42976 0
1741025425 42833 0
1741025427 42918 0
1741025429 42888 0
1741025432 42757 0
1741025434 42678 0
1741025436 42751 0
1741025438 42682 0
1741025440 42740 0
1741025442 42744 0
1741025444 42783 0
1741025446 42895 0
1741025448 42805 0
1741025450 42773 0
1741025452 42634 0
1741025454 42691 0
1741025456 42644 0
1741025458 42750 0
1741025460 42630 0
1741025462 42680 0
1741025464 42749 0
1741025466 42814 0
1741025468 42694 0
1741025470 42772 0
1741025472 42670 0
1741025474 42678 0
1741025476 42706 0
1741025479 42739 0
1741025481 42677 0
1741025483 42785 0
1741025485 42774 0
1741025487 42750 0
1741025489 42750 0
1741025491 42638 0
1741025493 42885 0
1741025495 42638 0
1741025497 42808 0
1741025499 42695 0
1741025501 42731 0
1741025503 42650 0
1741025505 42768 0
1741025507 42757 0
1741025509 42978 0
1741025511 42682 0
1741025513 42738 0
1741025515 42781 0
1741025517 42756 0
1741025519 42901 0
1741025521 42801 0
1741025524 42743 0
1741025526 42765 0
1741025528 42783 0
1741025530 42809 0
1741025532 42758 0
1741025534 42840 0
1741025536 42738 0
1741025538 42717 0
1741025540 42682 0
1741025542 42638 0
1741025544 42745 0
1741025546 42822 0
1741025548 42793 0
1741025550 42732 0
1741025552 42801 0
1741025554 42790 0
1741025556 42700 0
1741025558 42806 0
1741025560 42763 0
1741025562 42887 0
1741025564 42735 0
1741025566 42703 0
1741025568 42785 0
1741025571 42592 0
1741025573 42843 0
1741025575 42894 0
1741025577 42829 0
1741025579 42672 0
1741025581 42770 0
1741025583 42748 0
1741025585 42965 0
1741025587 42809 0
1741025589 42668 0
1741025591 42658 0
1741025593 42707 0
1741025595 42748 0
1741025597 42832 0
1741025599 42749 0
1741025601 42746 0
1741025603 42868 0
1741025605 42706 0
1741025607 42745 0
1741025609 42491 0
1741025611 42666 0
1741025613 42768 0
1741025615 42762 0
1741025618 42821 0
1741025620 42657 0
1741025622 42696 0
1741025624 42781 0
1741025626 42716 0
1741025628 42714 0
1741025630 42713 0
1741025632 42590 0
1741025634 42903 0
1741025636 42702 0
1741025638 42784 0
1741025640 42675 0
1741025642 42729 0
1741025644 42736 0
1741025646 42789 0
1741025648 42588 0
1741025650 42641 0
1741025652 42721 0
1741025654 42675 0
1741025656 42782 0
1741025658 42690 0
1741025660 42648 0
1741025663 42599 0
1741025665 42798 0
1741025667 42682 0
1741025669 42618 0
1741025671 42686 0
1741025673 42622 0
1741025675 42707 0
1741025677 42806 0
1741025679 42578 0
1741025681 42732 0
1741025683 42630 0
1741025685 42653 0
1741025687 42626 0
1741025689 42697 0
1741025691 42846 0
1741025693 42804 0
1741025695 42733 0
1741025697 42705 0
1741025699 42721 0
1741025701 42509 0
1741025703 42824 0
1741025705 42760 0
1741025707 42805 0
1741025710 42692 0
1741025712 42684 0
1741025714 42598 0
1741025716 42800 0
1741025718 42778 0
1741025720 42635 0
1741025722 42860 0
1741025724 42705 0
1741025726 42671 0
1741025728 42640 0
1741025730 42751 0
1741025732 42638 0
1741025734 42721 0
1741025736 42593 0
1741025738 42645 0
1741025740 42737 0
1741025742 42790 0
1741025744 42665 0
1741025746 42709 0
1741025748 42755 0
1741025750 42668 0
1741025752 42790 0
1741025754 42637 0
1741025757 42651 0
1741025759 42648 0
1741025761 42685 0
1741025763 42716 0
1741025765 42536 0
1741025767 42696 0
1741025769 42620 0
1741025771 42662 0
1741025773 42578 0
1741025775 42688 0
1741025777 42714 0
1741025779 42708 0
1741025781 42751 0
1741025783 42664 0
1741025785 42773 0
1741025787 42645 0
1741025789 42630 0
1741025791 42609 0
1741025793 42746 0
1741025795 42717 0
1741025797 42640 0
1741025799 42677 0
1741025801 42653 0
1741025804 42564 0
1741025806 42605 0
1741025808 42568 0
1741025810 42665 0
1741025812 42613 0
1741025814 42643 0
1741025816 42640 0
1741025818 42686 0
1741025820 42654 0
1741025822 42678 0
1741025824 42551 0
1741025826 42611 0
1741025828 42749 0
1741025830 42631 0
1741025832 42592 0
1741025834 42662 0
1741025836 42703 0
1741025838 42576 0
1741025840 42583 0
1741025842 42626 0
1741025844 42643 0
1741025846 42685 0
1741025849 42676 0
1741025851 42669 0
1741025853 42587 0
1741025855 42694 0
1741025857 42641 0
1741025859 42593 0
1741025861 42660 0
1741025863 42591 0
1741025865 42672 0
1741025867 42770 0
1741025869 42642 0
1741025871 42616 0
1741025873 42651 0
1741025875 42683 0
1741025877 42594 0
1741025879 42656 0
1741025881 42689 0
1741025883 42586 0
1741025885 42628 0
1741025887 42648 0
1741025889 42682 0
1741025891 42609 0
1741025893 42640 0
1741025896 42596 0
1741025898 42587 0
1741025900 42731 0
1741025902 42683 0
1741025904 42734 0
1741025906 42592 0
1741025908 42690 0
1741025910 42739 0
1741025912 42763 0
1741025914 42732 0
1741025916 42744 0
1741025918 42593 0
1741025920 42684 0
1741025922 42668 0
1741025924 42722 0
1741025926 42602 0
1741025928 42658 0
1741025930 42771 0
1741025932 42760 0
1741025934 42577 0
1741025936 42622 0
1741025938 42708 0
1741025941 42560 0
1741025943 42657 0
1741025945 42587 0
1741025947 42593 0
1741025949 42537 0
1741025951 42527 0
1741025953 42553 0
1741025955 42660 0
1741025957 42566 0
1741025959 42554 0
1741025961 42505 0
1741025963 42526 0
1741025965 42576 0
1741025967 42565 0
1741025969 42631 0
1741025971 42521 0
1741025973 42551 0
1741025975 42595 0
1741025977 42669 0
1741025979 42691 0
1741025981 42651 0
1741025983 42528 0
1741025985 42588 0
1741025988 42642 0
1741025990 42679 0
1741025992 42614 0
1741025994 42694 0
1741025996 42733 0
1741025998 42590 0
1741026000 42755 0
1741026002 42629 0
1741026004 42559 0
1741026006 42580 0
1741026008 42546 0
1741026010 42611 0
1741026012 42663 0
1741026014 42564 0
1741026016 42506 0
1741026018 42627 0
1741026020 42621 0
1741026022 42563 0
1741026024 42685 0
1741026026 42544 0
1741026028 42565 0
1741026030 42601 0
1741026032 42678 0
1741026035 42628 0
1741026037 42637 0
1741026039 42603 0
1741026041 42486 0
1741026043 42649 0
1741026045 42664 0
1741026047 42633 0
1741026049 42523 0
1741026051 42540 0
1741026053 42622 0
1741026055 42525 0
1741026057 42603 0
1741026059 42586 0
1741026061 42634 0
1741026063 42558 0
1741026065 42697 0
1741026067 42587 0
1741026069 42629 0
1741026071 42511 0
1741026073 42632 0
1741026075 42698 0
1741026077 42666 0
1741026079 42591 0
1741026082 42533 0
1741026084 42454 0
1741026086 42552 0
1741026088 42631 0
1741026090 42602 0
1741026092 42573 0
1741026094 42513 0
1741026096 42619 0
1741026098 42618 0
1741026100 42592 0
1741026102 42563 0
1741026104 42541 0
1741026106 42584 0
1741026108 42575 0
1741026110 42565 0
1741026112 42542 0
1741026114 42507 0
1741026116 42541 0
1741026118 42623 0
1741026120 42723 0
1741026122 42658 0
1741026124 42734 0
1741026127 42660 0
1741026129 42584 0
1741026131 42447 0
1741026133 42607 0
1741026135 42578 0
1741026137 42619 0
1741026139 42687 0
1741026141 42539 0
1741026143 42609 0
1741026145 42555 0
1741026147 42620 0
1741026149 42553 0
1741026151 42650 0
1741026153 42512 0
1741026155 42523 0
1741026157 42716 0
1741026159 42682 0
1741026161 42706 0
1741026163 42689 0
1741026165 42625 0
1741026167 42566 0
1741026169 42731 0
1741026171 42585 0
1741026174 42662 0
1741026176 42491 0
1741026178 42619 0
1741026180 42534 0
1741026182 42715 0
1741026184 42654 0
1741026186 42709 0
1741026188 42542 0
1741026190 42591 0
1741026192 42763 0
1741026194 42661 0
1741026196 42685 0
1741026198 42708 0
1741026200 42578 0
1741026202 42730 0
1741026204 42567 0
1741026206 42602 0
1741026208 42569 0
1741026210 42527 0
1741026212 42559 0
1741026214 42586 0
1741026216 42572 0
1741026219 42560 0
1741026221 42549 0
1741026223 42491 0
1741026225 42630 0
1741026227 42669 0
1741026229 42572 0
1741026231 42782 0
1741026233 42605 0
1741026235 42547 0
1741026237 42462 0
1741026239 42590 0
1741026241 42601 0
1741026243 42619 0
1741026245 42578 0
1741026247 42547 0
1741026249 42686 0
1741026251 42693 0
1741026253 42709 0
1741026255 42697 0
1741026257 42631 0
1741026259 42603 0
1741026261 42547 0
1741026263 42575 0
1741026266 42419 0
1741026268 42492 0
1741026270 42662 0
1741026272 42570 0
1741026274 42663 0
1741026276 42496 0
1741026278 42479 0
1741026280 42426 0
1741026282 42517 0
1741026284 42569 0
1741026286 42551 0
1741026288 42493 0
1741026290 42573 0
1741026292 42478 0
1741026294 42536 0
1741026296 42592 0
1741026298 42473 0
1741026300 42553 0
1741026302 42500 0
1741026304 42462 0
1741026306 42568 0
1741026308 42535 0
1741026310 42436 0
1741026313 42439 0
1741026315 42497 0
1741026317 42582 0
1741026319 42456 0
1741026321 42567 0
1741026323 42512 0
1741026325 42542 0
1741026327 42470 0
1741026329 42494 0
1741026331 42516 0
1741026333 42549 0
1741026335 42348 0
1741026337 42535 0
1741026339 42690 0
1741026341 42537 0
1741026343 42521 0
1741026345 42638 0
1741026347 42524 0
1741026349 42523 0
1741026351 42473 0
1741026353 42500 0
1741026355 42449 0
1741026358 42433 0
1741026360 42486 0
1741026362 42408 0
1741026364 42341 0
1741026366 42451 0
1741026368 42532 0
1741026370 42383 0
1741026372 42431 0
1741026374 42559 0
1741026376 42432 0
1741026378 42635 0
1741026380 42544 0
1741026382 42519 0
1741026384 42484 0
1741026386 42562 0
1741026388 42507 0
1741026390 42476 0
1741026392 42483 0
1741026394 42358 0
1741026396 42564 0
1741026398 42427 0
1741026400 42556 0
1741026402 42344 0
1741026405 42617 0
1741026407 42482 0
1741026409 42560 0
1741026411 42501 0
1741026413 42432 0
1741026415 42396 0
1741026417 42471 0
1741026419 42574 0
1741026421 42482 0
1741026423 42514 0
1741026425 42406 0
1741026427 42574 0
1741026429 42583 0
1741026431 42512 0
1741026433 42586 0
1741026435 42542 0
1741026437 42635 0
1741026439 42556 0
1741026441 42492 0
1741026443 42620 0
1741026445 42400 0
1741026447 42529 0
1741026449 42591 0
1741026452 42591 0
1741026454 42525 0
1741026456 42568 0
1741026458 42576 0
1741026460 42476 0
1741026462 42509 0
1741026464 42660 0
1741026466 42573 0
1741026468 42591 0
1741026470 42549 0
1741026472 42529 0
1741026474 42755 0
1741026476 42605 0
1741026478 42621 0
1741026480 42491 0
1741026482 42418 0
1741026484 42637 0
1741026486 42569 0
1741026488 42536 0
1741026490 42585 0
1741026492 42544 0
1741026495 42499 0
1741026497 42516 0
1741026499 42421 0
1741026501 42471 0
1741026503 42509 0
1741026505 42516 0
1741026507 42445 0
1741026509 42626 0
1741026511 42512 0
1741026513 42498 0
1741026515 42341 0
1741026517 42550 0
1741026519 42343 0
1741026521 42550 0
1741026523 42359 0
1741026525 42462 0
1741026527 42597 0
1741026529 42527 0
1741026531 42565 0
1741026534 42560 0
1741026536 42529 0
1741026538 42519 0
1741026540 42622 0
1741026542 42480 0
1741026544 42620 0
1741026546 42494 0
1741026548 42556 0
1741026550 42487 0
1741026552 42507 0
1741026554 42722 0
1741026556 42415 0
1741026558 42393 0
1741026560 42447 0
1741026562 42525 0
1741026564 42493 0
1741026566 42485 0
1741026568 42492 0
1741026570 42451 0
1741026572 42602 0
1741026574 42573 0
1741026576 42513 0
1741026578 42475 0
1741026581 42530 0
1741026583 42533 0
1741026585 42537 0
1741026587 42573 0
1741026589 42626 0
1741026591 42485 0
1741026593 42679 0
1741026595 42543 0
1741026597 42658 0
1741026599 42519 0
1741026601 42581 0
1741026603 42591 0
1741026605 42587 0
1741026607 42491 0
1741026609 42536 0
1741026611 42500 0
1741026613 42499 0
1741026615 42539 0
1741026617 42539 0
1741026619 42537 0
1741026621 42529 0
1741026623 42491 0
1741026626 42467 0
1741026628 42560 0
1741026630 42590 0
1741026632 42537 0
1741026634 42584 0
1741026636 42486 0
1741026638 42498 0
1741026640 42581 0
1741026642 42559 0
1741026644 42520 0
1741026646 42571 0
1741026648 42588 0
1741026650 42605 0
1741026652 42626 0
1741026654 42508 0
1741026656 42564 0
1741026658 42473 0
1741026660 42648 0
1741026662 42565 0
1741026664 42597 0
1741026666 42517 0
1741026668 42651 0
1741026726 42450 0
1741026728 42611 0
1741026730 42490 0
1741026732 42591 0
1741026734 42546 0
1741026736 42554 0
1741026738 42593 0
1741026740 42603 0
1741026742 42598 0
1741026744 42560 0
1741026746 42542 0
1741026748 42650 0
1741026750 42534 0
1741026752 42628 0
1741026754 42537 0
1741026756 42557 0
1741026758 42547 0
1741026760 42496 0
1741026762 42534 0
1741026765 42565 0
1741026767 42496 0
1741026769 42593 0
1741026771 42474 0
1741026773 42526 0
1741026775 42623 0
1741026777 42468 0
1741026779 42436 0
1741026781 42474 0
1741026783 42536 0
1741026785 42606 0
1741026787 42502 0
1741026789 42574 0
1741026791 42532 0
1741026793 42575 0
1741026795 42486 0
1741026797 42445 0
1741026799 42494 0
1741026801 42416 0
1741026803 42500 0
1741026805 42600 0
1741026807 42592 0
1741026809 42712 0
1741026812 42561 0
1741026814 42518 0
1741026816 42547 0
1741026818 42482 0
1741026820 42556 0
1741026822 42584 0
1741026824 42706 0
1741026826 42552 0
1741026828 42485 0
1741026830 42538 0
1741026832 42526 0
1741026834 42501 0
1741026836 42430 0
1741026838 42623 0
1741026840 42589 0
1741026842 42619 0
1741026844 42610 0
1741026846 42430 0
1741026848 42586 0
1741026850 42540 0
1741026852 42475 0
1741026854 42476 0
1741026857 42541 0
1741026859 42439 0
1741026861 42597 0
1741026863 42632 0
1741026865 42551 0
1741026867 42498 0
1741026869 42681 0
1741026871 42538 0
1741026873 42615 0
1741026875 42518 0
1741026877 42448 0
1741026879 42606 0
1741026881 42619 0
1741026883 42688 0
1741026885 42544 0
1741026887 42616 0
1741026889 42610 0
1741026891 42592 0
1741026893 42620 0
1741026895 42629 0
1741026897 42477 0
1741026899 42705 0
1741026901 42633 0
1741026904 42692 0
1741026906 42608 0
1741026908 42536 0
1741026910 42625 0
1741026912 42728 0
1741026914 42677 0
1741026916 42709 0
1741026918 42653 0
1741026920 42606 0
1741026922 42724 0
1741026924 42688 0
1741026926 42736 0
1741026928 42683 0
1741026930 42731 0
1741026932 42573 0
1741026934 42691 0
1741026936 42686 0
1741026938 42735 0
1741026940 42700 0
1741026942 42658 0
1741026944 42660 0
1741026946 42659 0
1741026948 42677 0
1741026951 42714 0
1741026953 42550 0
1741026955 42568 0
1741026957 42717 0
1741026959 42657 0
1741026961 42603 0
1741026963 42624 0
1741026965 42678 0
1741026967 42779 0
1741026969 42660 0
1741026971 42553 0
1741026973 42660 0
1741026975 42609 0
1741026977 42685 0
1741026979 42673 0
1741026981 42575 0
1741026983 42810 0
1741026985 42603 0
1741026987 42757 0
1741026989 42665 0
1741026991 42585 0
1741026993 42630 0
1741026995 42661 0
1741026998 42619 0
1741027000 42589 0
1741027002 42617 0
1741027004 42700 0
1741027006 42663 0
1741027008 42756 0
1741027010 42691 0
1741027012 42795 0
1741027014 42670 0
1741027016 42631 0
1741027018 42771 0
1741027020 42634 0
1741027022 42637 0
1741027024 42525 0
1741027026 42566 0
1741027028 42595 0
1741027030 42627 0
1741027032 42615 0
1741027034 42585 0
1741027036 42605 0
1741027038 42637 0
1741027040 42597 0
1741027043 42590 0
1741027045 42542 0
1741027047 42561 0
1741027049 42648 0
1741027051 42521 0
1741027053 42498 0
1741027055 42467 0
1741027057 42609 0
1741027059 42511 0
1741027061 42608 0
1741027063 42624 0
1741027065 42590 0
1741027067 42670 0
1741027069 42677 0
1741027071 42579 0
1741027073 42701 0
1741027075 42643 0
1741027077 42756 0
1741027079 42689 0
1741027081 42796 0
1741027083 42766 0
1741027085 42722 0
1741027088 42573 0
1741027090 42779 0
1741027092 42714 0
1741027094 42690 0
1741027096 42699 0
1741027098 42840 0
1741027100 42732 0
1741027102 42619 0
1741027104 42576 0
1741027106 42651 0
1741027108 42732 0
1741027110 42673 0
1741027112 42556 0
1741027114 42613 0
1741027116 42552 0
1741027118 42713 0
1741027120 42555 0
1741027122 42532 0
1741027124 42644 0
1741027126 42660 0
1741027128 42580 0
1741027130 42786 0
1741027132 42574 0
1741027135 42708 0
1741027137 42646 0
1741027139 42665 0
1741027141 42652 0
1741027143 42713 0
1741027145 42801 0
1741027147 42648 0
1741027149 42680 0
1741027151 42563 0
1741027153 42724 0
1741027155 42592 0
1741027157 42511 0
1741027159 42747 0
1741027161 42623 0
1741027163 42596 0
1741027165 42592 0
1741027167 42751 0
1741027169 42577 0
1741027171 42514 0
1741027173 42547 0
1741027175 42544 0
1741027177 42592 0
1741027179 42557 0
1741027182 42696 0
1741027184 42599 0
1741027186 42502 0
1741027188 42503 0
1741027190 42602 0
1741027192 42593 0
1741027194 42593 0
1741027196 42625 0
1741027198 42756 0
1741027200 42476 0
1741027202 42495 0
1741027204 42808 0
1741027206 42556 0
1741027208 42639 0
1741027210 42701 0
1741027212 42679 0
1741027214 42621 0
1741027216 42550 0
1741027218 42666 0
1741027220 42632 0
1741027222 42583 0
1741027224 42742 0
1741027226 42596 0
1741027229 42531 0
1741027231 42573 0
1741027233 42537 0
1741027235 42614 0
1741027237 42549 0
1741027239 42587 0
1741027241 42600 0
1741027243 42564 0
1741027245 42617 0
1741027247 42659 0
1741027249 42636 0
1741027251 42609 0
1741027253 42508 0
1741027255 42763 0
1741027257 42636 0
1741027259 42586 0
1741027261 42628 0
1741027263 42717 0
1741027265 42573 0
1741027267 42640 0
1741027269 42695 0
1741027271 42647 0
1741027274 42585 0
1741027276 42724 0
1741027278 42544 0
1741027280 42626 0
1741027282 42598 0
1741027284 42597 0
1741027286 42654 0
1741027288 42715 0
1741027290 42635 0
1741027292 42602 0
1741027294 42632 0
1741027296 42671 0
1741027298 42661 0
1741027300 42673 0
1741027302 42567 0
1741027304 42560 0
1741027306 42588 0
1741027308 42615 0
1741027310 42540 0
1741027312 42573 0
1741027314 42564 0
1741027316 42567 0
1741027318 42592 0
1741027321 42587 0
1741027323 42483 0
1741027325 42496 0
1741027327 42551 0
1741027329 42468 0
1741027331 42533 0
1741027333 42548 0
1741027335 42490 0
1741027337 42598 0
1741027339 42482 0
1741027341 42596 0
1741027343 42537 0
1741027345 42519 0
1741027347 42449 0
1741027349 42524 0
1741027351 42632 0
1741027353 42573 0
1741027355 42668 0
1741027357 42537 0
1741027359 42537 0
1741027361 42665 0
1741027363 42651 0
1741027366 42695 0
1741027368 42604 0
1741027370 42714 0
1741027372 42604 0
1741027374 42492 0
1741027376 42671 0
1741027378 42552 0
1741027380 42520 0
1741027382 42564 0
1741027384 42583 0
1741027386 42455 0
1741027388 42609 0
1741027390 42473 0
1741027392 42584 0
1741027394 42457 0
1741027396 42451 0
1741027398 42598 0
1741027400 42452 0
1741027402 42400 0
1741027404 42695 0
1741027406 42489 0
1741027408 42569 0
1741027411 42528 0
1741027413 42432 0
1741027415 42480 0
1741027417 42604 0
1741027419 42631 0
1741027421 42627 0
1741027423 42625 0
1741027425 42685 0
1741027427 42608 0
1741027429 42585 0
1741027431 42602 0
1741027433 42563 0
1741027435 42500 0
1741027437 42509 0
1741027439 42852 0
1741027441 42489 0
1741027443 42494 0
1741027445 42566 0
1741027447 42497 0
1741027449 42610 0
1741027451 42591 0
1741027453 42686 0
1741027455 42661 0
1741027458 42585 0
1741027460 42582 0
1741027462 42585 0
1741027464 42687 0
1741027466 42680 0
1741027468 42494 0
1741027470 42562 0
1741027472 42686 0
1741027474 42599 0
1741027476 42457 0
1741027478 42785 0
1741027480 42635 0
1741027482 42650 0
1741027484 42637 0
1741027486 42595 0
1741027488 42829 0
1741027490 42609 0
1741027492 42630 0
1741027494 42780 0
1741027496 42567 0
1741027498 42716 0
1741027500 42689 0
1741027502 42558 0
1741027505 42721 0
1741027507 42553 0
1741027509 42578 0
1741027511 42477 0
1741027513 42644 0
1741027515 42624 0
1741027517 42615 0
1741027519 42648 0
1741027521 42612 0
1741027523 42595 0
1741027525 42502 0
1741027527 42520 0
1741027529 42593 0
1741027531 42495 0
1741027533 42531 0
1741027535 42506 0
1741027537 42671 0
1741027539 42652 0
1741027541 42461 0
1741027543 42636 0
1741027545 42532 0
1741027547 42567 0
1741027550 42659 0
1741027552 42692 0
1741027554 42714 0
1741027556 42613 0
1741027558 42722 0
1741027560 42745 0
1741027562 42691 0
1741027564 42619 0
1741027566 42701 0
1741027568 42699 0
1741027570 42600 0
1741027572 42520 0
1741027574 42478 0
1741027576 42555 0
1741027578 42571 0
1741027580 42518 0
1741027582 42566 0
1741027584 42597 0
1741027586 42524 0
1741027588 42386 0
1741027590 42503 0
1741027592 42468 0
1741027594 42472 0
1741027597 42530 0
1741027599 42564 0
1741027601 42629 0
1741027603 42590 0
1741027605 42624 0
1741027607 42520 0
1741027609 42506 0
1741027611 42592 0
1741027613 42607 0
1741027615 42385 0
1741027617 42539 0
1741027619 42533 0
1741027621 42509 0
1741027623 42514 0
1741027625 42524 0
1741027627 42426 0
1741027629 42436 0
1741027631 42600 0
1741027633 42469 0
1741027635 42507 0
1741027637 42460 0
1741027639 42425 0
1741027641 42523 0
1741027644 42461 0
1741027646 42420 0
1741027648 42363 0
1741027650 42447 0
1741027652 42392 0
1741027654 42365 0
1741027656 42381 0
1741027658 42391 0
1741027660 42320 0
1741027662 42392 0
1741027664 42328 0
1741027666 42374 0
1741027668 42477 0
1741027670 42412 0
1741027672 42352 0
1741027674 42398 0
1741027676 42484 0
1741027678 42439 0
1741027680 42522 0
1741027682 42453 0
1741027684 42587 0
1741027686 42453 0
1741027689 42396 0
1741027691 42488 0
1741027693 42533 0
1741027695 42615 0
1741027697 42644 0
1741027699 42708 0
1741027701 42599 0
1741027703 42480 0
1741027705 42631 0
1741027707 42414 0
1741027709 42506 0
1741027711 42583 0
1741027713 42474 0
1741027715 42524 0
1741027717 42522 0
1741027719 42627 0
1741027721 42413 0
1741027723 42450 0
1741027725 42630 0
1741027727 42589 0
1741027729 42422 0
1741027731 42512 0
1741027734 42532 0
1741027736 42654 0
1741027738 42623 0
1741027740 42465 0
1741027742 42563 0
1741027744 42515 0
1741027746 42666 0
1741027748 42568 0
1741027750 42591 0
1741027752 42463 0
1741027754 42551 0
1741027756 42600 0
1741027758 42605 0
1741027760 42583 0
1741027762 42597 0
1741027764 42655 0
1741027766 42743 0
1741027768 42774 0
1741027770 42564 0
1741027772 42711 0
1741027774 42622 0
1741027776 42547 0
1741027778 42618 0
1741027781 42445 0
1741027783 42556 0
1741027785 42498 0
1741027787 42609 0
1741027789 42530 0
1741027791 42661 0
1741027793 42474 0
1741027795 42579 0
1741027797 42580 0
1741027799 42622 0
1741027801 42558 0
1741027803 42692 0
1741027805 42569 0
1741027807 42537 0
1741027809 42538 0
1741027811 42605 0
1741027813 42504 0
1741027815 42452 0
1741027817 42479 0
1741027819 42603 0
1741027821 42540 0
1741027823 42524 0
1741027826 42592 0
1741027828 42564 0
1741027830 42540 0
1741027832 42679 0
1741027834 42602 0
1741027836 42698 0
1741027838 42578 0
1741027840 42477 0
1741027842 42520 0
1741027844 42634 0
1741027846 42476 0
1741027848 42529 0
1741027850 42532 0
1741027852 42520 0
1741027854 42564 0
1741027856 42557 0
1741027858 42613 0
1741027860 42504 0
1741027862 42514 0
1741027864 42469 0
1741027866 42522 0
1741027868 42660 0
1741027870 42692 0
1741027873 42515 0
1741027875 42500 0
1741027877 42368 0
1741027879 42497 0
1741027881 42483 0
1741027883 42520 0
1741027885 42540 0
1741027887 42516 0
1741027889 42519 0
1741027891 42544 0
1741027893 42440 0
1741027895 42555 0
1741027897 42627 0
1741027899 42686 0
1741027901 42665 0
1741027903 42727 0
1741027905 42688 0
1741027907 42645 0
1741027909 42627 0
1741027911 42613 0
1741027913 42490 0
1741027916 42674 0
1741027918 42793 0
1741027920 42926 0
1741027922 42865 0
1741027924 42760 0
1741027926 42477 0
1741027928 42568 0
1741027930 42737 0
1741027932 42766 0
1741027934 42760 0
1741027936 42592 0
1741027938 42579 0
1741027940 42477 0
1741027942 42400 0
1741027944 42471 0
1741027946 42463 0
1741027948 42529 0
1741027950 42571 0
1741027952 42554 0
1741027954 42683 0
1741027956 42519 0
1741027958 42526 0
1741027960 42658 0
1741027963 42687 0
1741027965 42650 0
1741027967 42563 0
1741027969 42628 0
1741027971 42611 0
1741027973 42528 0
1741027975 42623 0
1741027977 42700 0
1741027979 42671 0
1741027981 42675 0
1741027983 42621 0
1741027985 42535 0
1741027987 42453 0
1741027989 42542 0
1741027991 42506 0
1741027993 42621 0
1741027995 42443 0
1741027997 42782 0
1741027999 42865 0
1741028001 42546 0
1741028003 42790 0
1741028005 42859 0
1741028007 42716 0
1741028010 42670 0
1741028012 42982 0
1741028014 42772 0
1741028016 42520 0
1741028018 42539 0
1741028020 42542 0
1741028022 42588 0
1741028024 42549 0
1741028026 42622 0
1741028028 42682 0
1741028030 42843 0
1741028032 42702 0
1741028034 42711 0
1741028036 42705 0
1741028038 42536 0
1741028040 42597 0
1741028042 42747 0
1741028044 42602 0
1741028046 42655 0
1741028048 42529 0
1741028050 42605 0
1741028052 42522 0
1741028055 42499 0
1741028057 42514 0
1741028059 42614 0
1741028061 42584 0
1741028063 42578 0
1741028065 42728 0
1741028067 42519 0
1741028069 42546 0
1741028071 42630 0
1741028073 42560 0
1741028075 42533 0
1741028077 42568 0
1741028079 42600 0
1741028081 42668 0
1741028083 42530 0
1741028085 42608 0
1741028087 42465 0
1741028089 42510 0
1741028091 42703 0
1741028093 42653 0
1741028095 42552 0
1741028097 42620 0
1741028099 42630 0
1741028102 42549 0
1741028104 42731 0
1741028106 42587 0
1741028108 42891 0
1741028110 42809 0
1741028112 42657 0
1741028114 42582 0
1741028116 42686 0
1741028118 42541 0
1741028120 42756 0
1741028122 42729 0
1741028124 42569 0
1741028126 42653 0
1741028128 42557 0
1741028130 42567 0
1741028132 42687 0
1741028134 42649 0
1741028136 42720 0
1741028138 42741 0
1741028140 42797 0
1741028142 42683 0
1741028144 42826 0
1741028146 42887 0
1741028149 42782 0
1741028151 42752 0
1741028153 42659 0
1741028155 42626 0
1741028157 42531 0
1741028159 42437 0
1741028161 42527 0
1741028163 42601 0
1741028165 42608 0
1741028167 42429 0
1741028169 42629 0
1741028171 42434 0
1741028173 42487 0
1741028175 42532 0
1741028177 42636 0
1741028179 42552 0
1741028181 42514 0
1741028183 42624 0
1741028185 42595 0
1741028187 42513 0
1741028189 42499 0
1741028191 42632 0
1741028193 42655 0
1741028196 42633 0
1741028198 42609 0
1741028200 42675 0
1741028202 42646 0
1741028204 42717 0
1741028206 42570 0
1741028208 42594 0
1741028210 42597 0
1741028212 42617 0
1741028214 42620 0
1741028216 42675 0
1741028218 42650 0
1741028220 42594 0
1741028222 42605 0
1741028224 42612 0
1741028226 42622 0
1741028228 42624 0
1741028230 42688 0
1741028232 42505 0
1741028234 42564 0
1741028236 42646 0
1741028238 42612 0
1741028241 42337 0
1741028243 42501 0
1741028245 42546 0
1741028247 42518 0
1741028249 42604 0
1741028251 42668 0
1741028253 42593 0
1741028255 42574 0
1741028257 42533 0
1741028259 42526 0
1741028261 42554 0
1741028263 42547 0
1741028265 42449 0
1741028267 42590 0
1741028269 42619 0
1741028271 42518 0
1741028273 42672 0
1741028275 42511 0
1741028277 42622 0
1741028279 42572 0
1741028281 42614 0
1741028283 42414 0
1741028286 42555 0
1741028288 42406 0
1741028290 42644 0
1741028292 42587 0
1741028294 42455 0
1741028296 42563 0
1741028298 42507 0
1741028300 42356 0
1741028302 42461 0
1741028304 42596 0
1741028306 42525 0
1741028308 42496 0
1741028310 42624 0
1741028312 42561 0
1741028314 42632 0
1741028316 42496 0
1741028318 42606 0
1741028320 42605 0
1741028322 42568 0
1741028324 42516 0
1741028326 42526 0
1741028328 42602 0
1741028330 42428 0
1741028333 42595 0
1741028335 42691 0
1741028337 42485 0
1741028339 42438 0
1741028341 42578 0
1741028343 42590 0
1741028345 42512 0
1741028347 42606 0
1741028349 42574 0
1741028351 42533 0
1741028353 42660 0
1741028355 42625 0
1741028357 42519 0
1741028359 42496 0
1741028361 42505 0
1741028363 42764 0
1741028365 42604 0
1741028367 42604 0
1741028369 42598 0
1741028371 42528 0
1741028373 42543 0
1741028375 42644 0
1741028377 42504 0
1741028380 42515 0
1741028382 42607 0
1741028384 42695 0
1741028386 42828 0
1741028388 42664 0
1741028390 42617 0
1741028392 42948 0
1741028394 42626 0
1741028396 42721 0
1741028398 42678 0
1741028400 42695 0
1741028402 42522 0
1741028404 42508 0
1741028406 42541 0
1741028408 42593 0
1741028410 42392 0
1741028412 42599 0
1741028414 42481 0
1741028416 42559 0
1741028418 42506 0
1741028420 42478 0
1741028422 42664 0
1741028425 42531 0
1741028427 42917 0
1741028429 42581 0
1741028431 42580 0
1741028433 42455 0
1741028435 42391 0
1741028437 42528 0
1741028439 42486 0
1741028441 42582 0
1741028443 42458 0
1741028445 42497 0
1741028447 42574 0
1741028449 42523 0
1741028451 42502 0
1741028453 42511 0
1741028455 42533 0
1741028457 42447 0
1741028459 42492 0
1741028461 42493 0
1741028463 42466 0
1741028465 42561 0
1741028467 42484 0
1741028469 42596 0
1741028472 42552 0
1741028474 42585 0
1741028476 42487 0
1741028478 42599 0
1741028480 42399 0
1741028482 42493 0
1741028484 42468 0
1741028486 42463 0
1741028488 42626 0
1741028490 42554 0
1741028492 42559 0
1741028494 42536 0
1741028496 42519 0
1741028498 42411 0
1741028500 42530 0
1741028502 42373 0
1741028504 42582 0
1741028506 42485 0
1741028508 42452 0
1741028510 42371 0
1741028512 42412 0
1741028514 42319 0
1741028516 42429 0
1741028519 42392 0
1741028521 42437 0
1741028523 42420 0
1741028525 42372 0
1741028527 42372 0
1741028529 42415 0
1741028531 42379 0
1741028533 42322 0
1741028535 42390 0
1741028537 42524 0
1741028539 42497 0
1741028541 42394 0
1741028543 42360 0
1741028545 42523 0
1741028547 42402 0
1741028549 42402 0
1741028551 42430 0
1741028553 42632 0
1741028555 42372 0
1741028557 42471 0
1741028559 42478 0
1741028561 42518 0
1741028564 42341 0
1741028566 42402 0
1741028568 42375 0
1741028570 42426 0
1741028572 42524 0
1741028574 42324 0
1741028576 42399 0
1741028578 42433 0
1741028580 42390 0
1741028582 42380 0
1741028584 42411 0
1741028586 42382 0
1741028588 42535 0
1741028590 42457 0
1741028592 42520 0
1741028594 42416 0
1741028596 42487 0
1741028598 42419 0
1741028600 42372 0
1741028602 42508 0
1741028604 42434 0
1741028606 42505 0
1741028608 42420 0
1741028611 42460 0
1741028613 42421 0
1741028615 42465 0
1741028617 42550 0
1741028619 42452 0
1741028621 42483 0
1741028623 42458 0
1741028625 42375 0
1741028627 42492 0
1741028629 42378 0
1741028631 42446 0
1741028633 42360 0
1741028635 42494 0
1741028637 42425 0
1741028639 42569 0
1741028641 42392 0
1741028643 42372 0
1741028645 42466 0
1741028647 42463 0
1741028649 42445 0
1741028651 42479 0
1741028653 42385 0
1741028655 42404 0
1741028658 42495 0
1741028660 42402 0
1741028662 42443 0
1741028664 42408 0
1741028666 42492 0
1741028668 42390 0
1741028670 42438 0
1741028672 42333 0
1741028674 42468 0
1741028676 42395 0
1741028678 42363 0
1741028680 42428 0
1741028682 42348 0
1741028684 42442 0
1741028686 42379 0
1741028688 42346 0
1741028690 42377 0
1741028692 42441 0
1741028694 42436 0
1741028696 42365 0
1741028698 42478 0
1741028700 42400 0
1741028703 42450 0
1741028705 42246 0
1741028707 42262 0
1741028709 42379 0
1741028711 42372 0
1741028713 42439 0
1741028715 42409 0
1741028717 42386 0
1741028719 42418 0
1741028721 42423 0
1741028723 42422 0
1741028725 42553 0
1741028727 42399 0
1741028729 42442 0
1741028731 42398 0
1741028733 42543 0
1741028735 42453 0
1741028737 42345 0
1741028739 42252 0
1741028741 42464 0
1741028743 42514 0
1741028745 42441 0
1741028747 42492 0
1741028750 42401 0
1741028752 42429 0
1741028754 42358 0
1741028756 42272 0
1741028758 42403 0
1741028760 42251 0
1741028762 42384 0
1741028764 42243 0
1741028766 42281 0
1741028768 42248 0
1741028770 42250 0
1741028772 42270 0
1741028774 42249 0
1741028776 42334 0
1741028778 42303 0
1741028780 42360 0
1741028782 42306 0
1741028784 42330 0
1741028786 42422 0
1741028788 42346 0
1741028790 42423 0
1741028792 42326 0
1741028794 42349 0
1741028797 42413 0
1741028799 42338 0
1741028801 42275 0
1741028803 42285 0
1741028805 42296 0
1741028807 42339 0
1741028809 42319 0
1741028811 42417 0
1741028813 42310 0
1741028815 42270 0
1741028817 42320 0
1741028819 42221 0
1741028821 42290 0
1741028823 42245 0
1741028825 42380 0
1741028827 42344 0
1741028829 42263 0
1741028831 42314 0
1741028833 42336 0
1741028835 42251 0
1741028837 42344 0
1741028839 42343 0
1741028841 42380 0
1741028844 42266 0
1741028846 42328 0
1741028848 42278 0
1741028850 42272 0
1741028852 42175 0
1741028854 42336 0
1741028856 42222 0
1741028858 42322 0
1741028860 42409 0
1741028862 42356 0
1741028864 42368 0
1741028866 42334 0
1741028868 42415 0
1741028870 42360 0
1741028872 42336 0
1741028874 42355 0
1741028876 42399 0
1741028878 42314 0
1741028880 42330 0
1741028882 42287 0
1741028884 42323 0
1741028886 42268 0
1741028888 42308 0
1741028891 42365 0
1741028893 42333 0
1741028895 42355 0
1741028897 42321 0
1741028899 42272 0
1741028901 42380 0
1741028903 42397 0
1741028905 42375 0
1741028907 42335 0
1741028909 42425 0
1741028911 42331 0
1741028913 42296 0
1741028915 42338 0
1741028917 42328 0
1741028919 42490 0
1741028921 42243 0
1741028923 42254 0
1741028925 42342 0
1741028927 42295 0
1741028929 42362 0
1741028931 42457 0
1741028933 42337 0
1741028935 42391 0
1741028938 42332 0
1741028940 42333 0
1741028942 42435 0
1741028944 42422 0
1741028946 42311 0
1741028948 42497 0
1741028950 42437 0
1741028952 42394 0
1741028954 42359 0
1741028956 42418 0
1741028958 42348 0
1741028960 42227 0
1741028962 42351 0
1741028964 42345 0
1741028966 42402 0
1741028968 42369 0
1741028970 42306 0
1741028972 42285 0
1741028974 42338 0
1741028976 42274 0
1741028978 42363 0
1741028980 42261 0
1741028982 42451 0
1741028985 42286 0
1741028987 42450 0
1741028989 42276 0
1741028991 42282 0
1741028993 42432 0
1741028995 42345 0
1741028997 42417 0
1741028999 42417 0
1741029001 42410 0
1741029003 42447 0
1741029005 42410 0
1741029007 42437 0
1741029009 42392 0
1741029011 42434 0
1741029013 42317 0
1741029015 42461 0
1741029017 42400 0
1741029019 42334 0
1741029021 42396 0
1741029023 42419 0
1741029025 42452 0
1741029027 42369 0
1741029030 42368 0
1741029032 42358 0
1741029034 42399 0
1741029036 42309 0
1741029038 42401 0
1741029040 42460 0
1741029042 42302 0
1741029044 42339 0
1741029046 42308 0
1741029048 42350 0
1741029050 42359 0
1741029052 42505 0
1741029054 42384 0
1741029056 42316 0
1741029058 42595 0
1741029060 42466 0
1741029062 42383 0
1741029064 42413 0
1741029066 42282 0
1741029068 42396 0
1741029070 42392 0
1741029072 42481 0
1741029074 42473 0
1741029077 42372 0
1741029079 42495 0
1741029081 42334 0
1741029083 42345 0
1741029085 42293 0
1741029087 42424 0
1741029089 42253 0
1741029091 42428 0
1741029093 42378 0
1741029095 42299 0
1741029097 42302 0
1741029099 42431 0
1741029101 42328 0
1741029103 42247 0
1741029105 42412 0
1741029107 42442 0
1741029109 42342 0
1741029111 42222 0
1741029113 42272 0
1741029115 42394 0
1741029117 42374 0
1741029119 42375 0
1741029121 42314 0
1741029124 42333 0
1741029126 42479 0
1741029128 42292 0
1741029130 42432 0
1741029132 42442 0
1741029134 42410 0
1741029136 42290 0
1741029138 42522 0
1741029140 42309 0
1741029142 42390 0
1741029144 42427 0
1741029146 42368 0
1741029148 42397 0
1741029150 42265 0
1741029152 42385 0
1741029154 42387 0
1741029156 42459 0
1741029158 42369 0
1741029160 42340 0
1741029162 42289 0
1741029164 42420 0
1741029166 42348 0
1741029169 42303 0
1741029171 42366 0
1741029173 42324 0
1741029175 42390 0
1741029177 42395 0
1741029179 42445 0
1741029181 42367 0
1741029183 42396 0
1741029185 42555 0
1741029187 42413 0
1741029189 42450 0
1741029191 42601 0
1741029193 42429 0
1741029195 42556 0
1741029197 42528 0
1741029199 42602 0
1741029201 42590 0
1741029203 42387 0
1741029205 42531 0
1741029207 42471 0
1741029209 42497 0
1741029211 42423 0
1741029213 42580 0
1741029216 42486 0
1741029218 42336 0
1741029220 42523 0
1741029222 42433 0
1741029224 42452 0
1741029226 42462 0
1741029228 42407 0
1741029230 42374 0
1741029232 42570 0
1741029234 42401 0
1741029236 42458 0
1741029238 42479 0
1741029240 42381 0
1741029242 42413 0
1741029244 42408 0
1741029246 42363 0
1741029248 42345 0
1741029250 42448 0
1741029252 42374 0
1741029254 42337 0
1741029256 42470 0
1741029258 42389 0
1741029260 42438 0
1741029263 42373 0
1741029265 42435 0
1741029267 42352 0
1741029269 42448 0
1741029271 42384 0
1741029273 42528 0
1741029275 42522 0
1741029277 42464 0
1741029279 42429 0
1741029281 42640 0
1741029283 42600 0
1741029285 42419 0
1741029287 42514 0
1741029289 42370 0
1741029291 42495 0
1741029293 42321 0
1741029295 42421 0
1741029297 42294 0
1741029299 42403 0
1741029301 42301 0
1741029303 42383 0
1741029305 42305 0
1741029308 42398 0
1741029310 42293 0
1741029312 42400 0
1741029314 42438 0
1741029316 42337 0
1741029318 42324 0
1741029320 42292 0
1741029322 42345 0
1741029324 42374 0
1741029326 42292 0
1741029328 42292 0
1741029330 42366 0
1741029332 42310 0
1741029334 42314 0
1741029336 42308 0
1741029338 42400 0
1741029340 42431 0
1741029342 42360 0
1741029344 42377 0
1741029346 42353 0
1741029348 42516 0
1741029350 42322 0
1741029352 42573 0
1741029355 42318 0
1741029357 42313 0
1741029359 42398 0
1741029361 42355 0
1741029363 42428 0
1741029365 42388 0
1741029367 42289 0
1741029369 42306 0
1741029371 42281 0
1741029373 42353 0
1741029375 42361 0
1741029377 42284 0
1741029379 42507 0
1741029381 42281 0
1741029383 42265 0
1741029385 42418 0
1741029387 42440 0
1741029389 42397 0
1741029391 42449 0
1741029393 42460 0
1741029396 42399 0
1741029398 42424 0
1741029400 42374 0
1741029402 42430 0
1741029404 42342 0
1741029406 42379 0
1741029408 42369 0
1741029410 42435 0
1741029412 42393 0
1741029414 42499 0
1741029416 42489 0
1741029418 42458 0
1741029420 42559 0
1741029422 42648 0
1741029424 42458 0
1741029426 42502 0
1741029428 42388 0
1741029430 42297 0
1741029432 42391 0
1741029434 42426 0
1741029436 42447 0
1741029438 42485 0
1741029440 42278 0
1741029443 42412 0
1741029445 42318 0
1741029447 42439 0
1741029449 42418 0
1741029451 42519 0
1741029453 42410 0
1741029455 42239 0
1741029457 42415 0
1741029459 42211 0
1741029461 42353 0
1741029463 42612 0
1741029465 42409 0
1741029467 42317 0
1741029469 42201 0
1741029471 42402 0
1741029473 42416 0
1741029475 42370 0
1741029477 42434 0
1741029479 42443 0
1741029481 42375 0
1741029483 42286 0
1741029485 42342 0
1741029488 42410 0
1741029490 42297 0
1741029492 42321 0
1741029494 42340 0
1741029496 42318 0
1741029498 42328 0
1741029500 42345 0
1741029502 42275 0
1741029504 42334 0
1741029506 42384 0
1741029508 42329 0
1741029510 42237 0
1741029512 42373 0
1741029514 42237 0
1741029516 42264 0
1741029518 42302 0
1741029520 42314 0
1741029522 42414 0
1741029524 42276 0
1741029526 42324 0
1741029528 42332 0
1741029530 42375 0
1741029533 42427 0
1741029535 42451 0
1741029537 42558 0
1741029539 42586 0
1741029541 42472 0
1741029543 42491 0
1741029545 42477 0
1741029547 42476 0
1741029549 42505 0
1741029551 42520 0
1741029553 42397 0
1741029555 42503 0
1741029557 42615 0
1741029559 42541 0
1741029561 42622 0
1741029563 42545 0
1741029565 42688 0
1741029567 42455 0
1741029569 42482 0
1741029571 42573 0
1741029573 42499 0
1741029575 42464 0
1741029577 42604 0
1741029580 42471 0
1741029582 42596 0
1741029584 42598 0
1741029586 42440 0
1741029588 42407 0
1741029590 42346 0
1741029592 42587 0
1741029594 42485 0
1741029596 42532 0
1741029598 42475 0
1741029600 42535 0
1741029602 42588 0
1741029604 42595 0
1741029606 42543 0
1741029608 42512 0
1741029610 42547 0
1741029612 42502 0
1741029614 42489 0
1741029616 42497 0
1741029618 42631 0
1741029620 42559 0
1741029622 42492 0
1741029624 42602 0
1741029627 42514 0
1741029629 42453 0
1741029631 42543 0
1741029633 42537 0
1741029635 42490 0
1741029637 42607 0
1741029639 42477 0
1741029641 42487 0
1741029643 42458 0
1741029645 42322 0
1741029647 42531 0
1741029649 42407 0
1741029651 42717 0
1741029653 42606 0
1741029655 42314 0
1741029657 42553 0
1741029659 42335 0
1741029661 42382 0
1741029663 42291 0
1741029665 42382 0
1741029667 42480 0
1741029669 42501 0
1741029672 42510 0
1741029674 42464 0
1741029676 42474 0
1741029678 42492 0
1741029680 42429 0
1741029682 42461 0
1741029684 42515 0
1741029686 42533 0
1741029688 42532 0
1741029690 42300 0
1741029692 42359 0
1741029694 42348 0
1741029696 42621 0
1741029698 42287 0
1741029700 42534 0
1741029702 42386 0
1741029704 42441 0
1741029706 42445 0
1741029708 42418 0
1741029710 42382 0
1741029712 42472 0
1741029714 42373 0
1741029717 42414 0
1741029719 42293 0
1741029721 42363 0
1741029723 42406 0
1741029725 42427 0
1741029727 42441 0
1741029729 42476 0
1741029731 42380 0
1741029733 42360 0
1741029735 42538 0
1741029737 42333 0
1741029739 42385 0
1741029741 42457 0
1741029743 42426 0
1741029745 42422 0
1741029747 42499 0
1741029749 42384 0
1741029751 42372 0
1741029753 42375 0
1741029755 42523 0
1741029757 42342 0
1741029759 42586 0
1741029761 42493 0
1741029764 42558 0
1741029766 42498 0
1741029768 42383 0
1741029770 42440 0
1741029772 42639 0
1741029774 42411 0
1741029776 42442 0
1741029778 42627 0
1741029780 42425 0
1741029782 42445 0
1741029784 42603 0
1741029786 42365 0
1741029788 42304 0
1741029790 42323 0
1741029792 42364 0
1741029794 42408 0
1741029796 42373 0
1741029798 42442 0
1741029800 42379 0
1741029802 42294 0
1741029804 42354 0
1741029806 42414 0
1741029809 42483 0
1741029811 42334 0
1741029813 42328 0
1741029815 42287 0
1741029817 42378 0
1741029819 42395 0
1741029821 42407 0
1741029823 42425 0
1741029825 42476 0
1741029827 42507 0
1741029829 42509 0
1741029831 42464 0
1741029833 42469 0
1741029835 42422 0
1741029837 42427 0
1741029839 42442 0
1741029841 42424 0
1741029843 42387 0
1741029845 42437 0
1741029847 42441 0
1741029849 42527 0
1741029851 42680 0
1741029853 42572 0
1741029856 42337 0
1741029858 42483 0
1741029860 42476 0
1741029862 42341 0
1741029864 42330 0
1741029866 42462 0
1741029868 42439 0
1741029870 42437 0
1741029872 42438 0
1741029874 42198 0
1741029876 42179 0
1741029878 42290 0
1741029880 42383 0
1741029882 42460 0
1741029884 42366 0
1741029886 42513 0
1741029888 42367 0
1741029890 42349 0
1741029892 42312 0
1741029894 42513 0
1741029896 42390 0
1741029898 42495 0
1741029900 42418 0
1741029903 42402 0
1741029905 42432 0
1741029907 42404 0
1741029909 42416 0
1741029911 42375 0
1741029913 42296 0
1741029915 42296 0
1741029917 42385 0
1741029919 42425 0
1741029921 42480 0
1741029923 42367 0
1741029925 42417 0
1741029927 42509 0
1741029929 42438 0
1741029931 42331 0
1741029933 42366 0
1741029935 42380 0
1741029937 42357 0
1741029939 42464 0
1741029941 42536 0
1741029943 42450 0
1741029945 42405 0
1741029948 42415 0
1741029950 42491 0
1741029952 42493 0
1741029954 42466 0
1741029956 42419 0
1741029958 42509 0
1741029960 42481 0
1741029962 42545 0
1741029964 42537 0
1741029966 42535 0
1741029968 42548 0
1741029970 42628 0
1741029972 42379 0
1741029974 42378 0
1741029976 42386 0
1741029978 42404 0
1741029980 42518 0
1741029982 42397 0
1741029984 42352 0
1741029986 42474 0
1741029988 42292 0
1741029991 42493 0
1741029993 42435 0
1741029995 42470 0
1741029997 42416 0
1741029999 42292 0
1741030001 42449 0
1741030003 42413 0
1741030005 42339 0
1741030007 42401 0
1741030009 42395 0
1741030011 42445 0
1741030013 42421 0
1741030015 42525 0
1741030017 42427 0
1741030019 42420 0
1741030021 42498 0
1741030023 42411 0
1741030025 42424 0
1741030027 42463 0
1741030029 42474 0
1741030031 42381 0
1741030033 42448 0
1741030036 42463 0
1741030038 42529 0
1741030040 42611 0
1741030042 42477 0
1741030044 42497 0
1741030046 42468 0
1741030048 42434 0
1741030050 42332 0
1741030052 42322 0
1741030054 42426 0
1741030056 42406 0
1741030058 42363 0
1741030060 42409 0
1741030062 42414 0
1741030064 42262 0
1741030066 42296 0
1741030068 42301 0
1741030070 42350 0
1741030072 42430 0
1741030074 42429 0
1741030076 42468 0
1741030078 42466 0
1741030080 42408 0
1741030083 42411 0
1741030085 42313 0
1741030087 42330 0
1741030089 42225 0
1741030091 42360 0
1741030093 42414 0
1741030095 42378 0
1741030097 42306 0
1741030099 42267 0
1741030101 42611 0
1741030103 42487 0
1741030105 42423 0
1741030107 42375 0
1741030109 42468 0
1741030111 42580 0
1741030113 42408 0
1741030115 42412 0
1741030117 42406 0
1741030119 42447 0
1741030121 42480 0
1741030123 42356 0
1741030125 42278 0
1741030128 42432 0
1741030130 42423 0
1741030132 42359 0
1741030134 42422 0
1741030136 42397 0
1741030138 42309 0
1741030140 42322 0
1741030142 42339 0
1741030144 42340 0
1741030146 42461 0
1741030148 42430 0
1741030150 42399 0
1741030152 42257 0
1741030154 42412 0
1741030156 42388 0
1741030158 42364 0
1741030160 42375 0
1741030162 42352 0
1741030164 42401 0
1741030166 42373 0
1741030168 42352 0
1741030170 42411 0
1741030172 42497 0
1741030175 42316 0
1741030177 42414 0
1741030179 42567 0
1741030181 42433 0
1741030183 42305 0
1741030185 42371 0
1741030187 42306 0
1741030189 42300 0
1741030191 42299 0
1741030193 42352 0
1741030195 42328 0
1741030197 42350 0
1741030199 42353 0
1741030201 42345 0
1741030203 42230 0
1741030205 42264 0
1741030207 42403 0
1741030209 42413 0
1741030211 42286 0
1741030213 42155 0
1741030215 42374 0
1741030217 42369 0
1741030219 42370 0
1741030222 42394 0
1741030224 42359 0
1741030226 42426 0
1741030228 42427 0
1741030230 42347 0
1741030232 42403 0
1741030234 42372 0
1741030236 42337 0
1741030238 42373 0
1741030240 42367 0
1741030242 42306 0
1741030244 39242 0
1741030246 39181 0
1741030248 39198 0
1741030250 39274 0
1741030252 39159 0
1741030254 39226 0
1741030256 39182 0
1741030258 39143 0
1741030260 39289 0
1741030262 39244 0
1741030264 39240 0
1741030267 39258 0
1741030269 39221 0
1741030271 39221 0
1741030273 39261 0
1741030275 39208 0
1741030277 39154 0
1741030279 39211 0
1741030281 39304 0
1741030283 39241 0
1741030285 39218 0
1741030287 39184 0
1741030289 39271 0
1741030291 39250 0
1741030293 39193 0
1741030295 39123 0
1741030297 39191 0
1741030299 42146 0
1741030301 42320 0
1741030303 42363 0
1741030305 42397 0
1741030307 42320 0
1741030309 42381 0
1741030311 42501 0
1741030314 42468 0
1741030316 42324 0
1741030318 42451 0
1741030320 42396 0
1741030322 42434 0
1741030324 42368 0
1741030326 42474 0
1741030328 42305 0
1741030330 42429 0
1741030332 42398 0
1741030334 42264 0
1741030336 42396 0
1741030338 42486 0
1741030340 42419 0
1741030342 42385 0
1741030344 42280 0
1741030346 42365 0
1741030348 42498 0
1741030350 42347 0
1741030352 42371 0
1741030354 42421 0
1741030356 42360 0
1741030359 42167 0
1741030361 42428 0
1741030363 42360 0
1741030365 42310 0
1741030367 42217 0
1741030369 42313 0
1741030371 42343 0
1741030373 42365 0
1741030375 42436 0
1741030377 42448 0
1741030379 42406 0
1741030381 42436 0
1741030383 42417 0
1741030385 42404 0
1741030387 42534 0
1741030389 42557 0
1741030391 42372 0
1741030393 42360 0
1741030395 42392 0
1741030397 42509 0
1741030399 42459 0
1741030401 42416 0
1741030403 42489 0
1741030406 42258 0
1741030408 42388 0
1741030410 42462 0
1741030412 42288 0
1741030414 42265 0
1741030416 42437 0
1741030418 42276 0
1741030420 42412 0
1741030422 42616 0
1741030424 42600 0
1741030426 42387 0
1741030428 42466 0
1741030430 42415 0
1741030432 42399 0
1741030434 42352 0
1741030436 42432 0
1741030438 42548 0
1741030440 42397 0
1741030442 42405 0
1741030444 42388 0
1741030446 42383 0
1741030448 42495 0
1741030451 42348 0
1741030453 42434 0
1741030455 42401 0
1741030457 42295 0
1741030459 42340 0
1741030461 42415 0
1741030463 42305 0
1741030465 42313 0
1741030467 42368 0
1741030469 42345 0
1741030471 42348 0
1741030473 42312 0
1741030475 42463 0
1741030477 42444 0
1741030479 42466 0
1741030481 42385 0
1741030483 42501 0
1741030485 42407 0
1741030487 42321 0
1741030490 42413 0
1741030492 42486 0
1741030494 42352 0
1741030496 42520 0
1741030498 42310 0
1741030500 42328 0
1741030502 42375 0
1741030504 42267 0
1741030506 42273 0
1741030508 42425 0
1741030510 42323 0
1741030512 42532 0
1741030514 42345 0
1741030516 42345 0
1741030518 42488 0
1741030520 42406 0
1741030522 42433 0
1741030524 42299 0
1741030526 42206 0
1741030528 42454 0
1741030530 42318 0
1741030532 42266 0
1741030534 42291 0
1741030537 42341 0
1741030539 42427 0
1741030541 42269 0
1741030543 42365 0
1741030545 42334 0
1741030547 42281 0
1741030549 42339 0
1741030551 42315 0
1741030553 42358 0
1741030555 42419 0
1741030557 42408 0
1741030559 42350 0
1741030561 42400 0
1741030563 42236 0
1741030565 42412 0
1741030567 42365 0
1741030569 42430 0
1741030571 42283 0
1741030573 42362 0
1741030575 42404 0
1741030577 42297 0
1741030579 42500 0
1741030581 42520 0
1741030584 42352 0
1741030586 42415 0
1741030588 42334 0
1741030590 42454 0
1741030592 42403 0
1741030594 42461 0
1741030596 42538 0
1741030598 42369 0
1741030600 42350 0
1741030602 42310 0
1741030604 42432 0
1741030606 42407 0
1741030608 42272 0
1741030610 42368 0
1741030612 42334 0
1741030614 42337 0
1741030616 42345 0
1741030618 42243 0
1741030620 42274 0
1741030622 42340 0
1741030624 42298 0
1741030626 42370 0
1741030629 42454 0
1741030631 42262 0
1741030633 42320 0
1741030635 42352 0
1741030637 42411 0
1741030639 42258 0
1741030641 42281 0
1741030643 42290 0
1741030645 42354 0
1741030647 42363 0
1741030649 42346 0
1741030651 42357 0
1741030653 42367 0
1741030655 42261 0
1741030657 42314 0
1741030659 42330 0
1741030661 42324 0
1741030663 42342 0
1741030665 42330 0
1741030667 42297 0
1741030669 42250 0
1741030671 42295 0
1741030673 42195 0
1741030676 42347 0
1741030678 42232 0
1741030680 42234 0
1741030682 42197 0
1741030684 42193 0
1741030686 42248 0
1741030688 42279 0
1741030690 42180 0
1741030692 42285 0
1741030694 42258 0
1741030696 42362 0
1741030698 42400 0
1741030700 42171 0
1741030702 42198 0
1741030704 42228 0
1741030706 42343 0
1741030708 42175 0
1741030710 42191 0
1741030712 42267 0
1741030714 42228 0
1741030716 42348 0
1741030718 42357 0
1741030720 42303 0
1741030723 42265 0
1741030725 42288 0
1741030727 42227 0
1741030729 42191 0
1741030731 42246 0
1741030733 42268 0
1741030735 42210 0
1741030737 42240 0
1741030739 42234 0
1741030741 42235 0
1741030743 42111 0
1741030745 42285 0
1741030747 42325 0
1741030749 42290 0
1741030751 42252 0
1741030753 42213 0
1741030755 42264 0
1741030757 42289 0
1741030759 42345 0
1741030761 42319 0
1741030763 42332 0
1741030765 42186 0
1741030767 42186 0
1741030770 42378 0
1741030772 42274 0
1741030774 42297 0
1741030776 42249 0
1741030778 42178 0
1741030780 42314 0
1741030782 42291 0
1741030784 42321 0
1741030786 42399 0
1741030788 42381 0
1741030790 42328 0
1741030792 42344 0
1741030794 42341 0
1741030796 42238 0
1741030798 42216 0
1741030800 42211 0
1741030802 42158 0
1741030804 42239 0
1741030806 42222 0
1741030808 42280 0
1741030810 42238 0
1741030812 42296 0
1741030814 42292 0
1741030817 42302 0
1741030819 42211 0
1741030821 42333 0
1741030823 42292 0
1741030825 42272 0
1741030827 42210 0
1741030829 42198 0
1741030831 42391 0
1741030833 42211 0
1741030835 42410 0
1741030837 42303 0
1741030839 42308 0
1741030841 42205 0
1741030843 42288 0
1741030845 42344 0
1741030847 42335 0
1741030849 42387 0
1741030851 42227 0
1741030853 42320 0
1741030855 42383 0
1741030857 42289 0
1741030859 42453 0
1741030862 42409 0
1741030864 42330 0
1741030866 42311 0
1741030868 42313 0
1741030870 42339 0
1741030872 42454 0
1741030874 42266 0
1741030876 42362 0
1741030878 42265 0
1741030880 42373 0
1741030882 42333 0
1741030884 42204 0
1741030886 42473 0
1741030888 42372 0
1741030890 42324 0
1741030892 42416 0
1741030894 42322 0
1741030896 42270 0
1741030898 42475 0
1741030900 42335 0
1741030902 42326 0
1741030904 42303 0
1741030906 42301 0
1741030909 42271 0
1741030911 42406 0
1741030913 42371 0
1741030915 42477 0
1741030917 42286 0
1741030919 42304 0
1741030921 42370 0
1741030923 42417 0
1741030925 42488 0
1741030927 42302 0
1741030929 42350 0
1741030931 42309 0
1741030933 42376 0
1741030935 42467 0
1741030937 42455 0
1741030939 42369 0
1741030941 42339 0
1741030943 42330 0
1741030945 42298 0
1741030947 42367 0
1741030949 42434 0
1741030951 42336 0
1741030953 42330 0
1741030956 42410 0
1741030958 42358 0
1741030960 42382 0
1741030962 42443 0
1741030964 42473 0
1741030966 42393 0
1741030968 42523 0
1741030970 42351 0
1741030972 42319 0
1741030974 42389 0
1741030976 42324 0
1741030978 42481 0
1741030980 42382 0
1741030982 42389 0
1741030984 42532 0
1741030986 42455 0
1741030988 42311 0
1741030990 42586 0
1741030992 42478 0
1741030994 42512 0
1741030996 42455 0
1741030998 42506 0
1741031001 42386 0
1741031003 42556 0
1741031005 42553 0
1741031007 42354 0
1741031009 42431 0
1741031011 42422 0
1741031013 42360 0
1741031015 42365 0
1741031017 42289 0
1741031019 42320 0
1741031021 42271 0
1741031023 42313 0
1741031025 42353 0
1741031027 42304 0
1741031029 42261 0
1741031031 42285 0
1741031033 42350 0
1741031035 42376 0
1741031037 42302 0
1741031039 42432 0
1741031041 42363 0
1741031043 42367 0
1741031045 42438 0
1741031048 42374 0
1741031050 42379 0
1741031052 42335 0
1741031054 42259 0
1741031056 42301 0
1741031058 42374 0
1741031060 42440 0
1741031062 42425 0
1741031064 42332 0
1741031066 42422 0
1741031068 42343 0
1741031070 42297 0
1741031072 42343 0
1741031074 42326 0
1741031076 42294 0
1741031078 42447 0
1741031080 42302 0
1741031082 42344 0
1741031084 42347 0
1741031086 42396 0
1741031088 42270 0
1741031090 42189 0
1741031092 42320 0
1741031095 42374 0
1741031097 42417 0
1741031099 42306 0
1741031101 42246 0
1741031103 42255 0
1741031105 42304 0
1741031107 42417 0
1741031109 42301 0
1741031111 42384 0
1741031113 42231 0
1741031115 42292 0
1741031117 42329 0
1741031119 42257 0
1741031121 42328 0
1741031123 42308 0
1741031125 42315 0
1741031127 42308 0
1741031129 42364 0
1741031131 42242 0
1741031133 42451 0
1741031135 42330 0
1741031137 42366 0
1741031140 42372 0
1741031142 42310 0
1741031144 42289 0
1741031146 42184 0
1741031148 42195 0
1741031150 42470 0
1741031152 42242 0
1741031154 42182 0
1741031156 42265 0
1741031158 42347 0
1741031160 42292 0
1741031162 42257 0
1741031164 42140 0
1741031166 42280 0
1741031168 42418 0
1741031170 42405 0
1741031172 42333 0
1741031174 42314 0
1741031176 42290 0
1741031178 42328 0
1741031180 42252 0
1741031182 42262 0
1741031184 42233 0
1741031187 42207 0
1741031189 42169 0
1741031191 42332 0
1741031193 42354 0
1741031195 42288 0
1741031197 42318 0
1741031199 42408 0
1741031201 42354 0
1741031203 42285 0
1741031205 42310 0
1741031207 42333 0
1741031209 42363 0
1741031211 42192 0
1741031213 42361 0
1741031215 42313 0
1741031217 42322 0
1741031219 42267 0
1741031221 42245 0
1741031223 42261 0
1741031225 42185 0
1741031227 42289 0
1741031229 42185 0
1741031232 42325 0
1741031234 42133 0
1741031236 42225 0
1741031238 42270 0
1741031240 42173 0
1741031242 42406 0
1741031244 42173 0
1741031246 42251 0
1741031248 42232 0
1741031250 42314 0
1741031252 42361 0
1741031254 42274 0
1741031256 42199 0
1741031258 42212 0
1741031260 42335 0
1741031262 42247 0
1741031264 42248 0
1741031266 42381 0
1741031268 42326 0
1741031270 42394 0
1741031272 42413 0
1741031274 42276 0
1741031276 42223 0
1741031279 42362 0
1741031281 42277 0
1741031283 42218 0
1741031285 42213 0
1741031287 42294 0
1741031289 42255 0
1741031291 42281 0
1741031293 42305 0
1741031295 42255 0
1741031297 42322 0
1741031299 42337 0
1741031301 42294 0
1741031303 42292 0
1741031305 42211 0
1741031307 42205 0
1741031309 42266 0
1741031311 42281 0
1741031313 42307 0
1741031315 42369 0
1741031317 42267 0
1741031319 42254 0
1741031321 42226 0
1741031323 42230 0
1741031326 42349 0
1741031328 42306 0
1741031330 42293 0
1741031332 42306 0
1741031334 42367 0
1741031336 42278 0
1741031338 42356 0
1741031340 42326 0
1741031342 42282 0
1741031344 42254 0
1741031346 42313 0
1741031348 42296 0
1741031350 42285 0
1741031352 42272 0
1741031354 42343 0
1741031356 42353 0
1741031358 42184 0
1741031360 42288 0
1741031362 42220 0
1741031364 42203 0
1741031366 42249 0
1741031368 42272 0
1741031371 42189 0
1741031373 42251 0
1741031375 42266 0
1741031377 42238 0
1741031379 42324 0
1741031381 42223 0
1741031383 42294 0
1741031385 42323 0
1741031387 42151 0
1741031389 42414 0
1741031391 42318 0
1741031393 42301 0
1741031395 42344 0
1741031397 42243 0
1741031399 42230 0
1741031401 42285 0
1741031403 42289 0
1741031405 42395 0
1741031407 42168 0
1741031409 42284 0
1741031411 42335 0
1741031413 42307 0
1741031415 42316 0
1741031418 42353 0
1741031420 42321 0
1741031422 42235 0
1741031424 42178 0
1741031426 42243 0
1741031428 42201 0
1741031430 42281 0
1741031432 42241 0
1741031434 42203 0
1741031436 42255 0
1741031438 42194 0
1741031440 42270 0
1741031442 42221 0
1741031444 42374 0
1741031446 42346 0
1741031448 42295 0
1741031450 42290 0
1741031452 42320 0
1741031454 42167 0
1741031456 42211 0
1741031458 42234 0
1741031460 42251 0
1741031462 42251 0
1741031465 42265 0
1741031467 42267 0
1741031469 42294 0
1741031471 42272 0
1741031473 42283 0
1741031475 42277 0
1741031477 42427 0
1741031479 42270 0
1741031481 42284 0
1741031483 42304 0
1741031485 42270 0
1741031487 42297 0
1741031489 42379 0
1741031491 42354 0
1741031493 42243 0
1741031495 42318 0
1741031497 42197 0
1741031499 42264 0
1741031501 42136 0
1741031503 42180 0
1741031505 42206 0
1741031507 42233 0
1741031510 42191 0
1741031512 42175 0
1741031514 42220 0
1741031516 42167 0
1741031518 42159 0
1741031520 42270 0
1741031522 42140 0
1741031524 42172 0
1741031526 42217 0
1741031528 42127 0
1741031530 42150 0
1741031532 42111 0
1741031534 42275 0
1741031536 42203 0
1741031538 42183 0
1741031540 42295 0
1741031542 42267 0
1741031544 42188 0
1741031546 42202 0
1741031548 42117 0
1741031550 42232 0
1741031552 42134 0
1741031554 42373 0
1741031557 42125 0
1741031559 42215 0
1741031561 42277 0
1741031563 42196 0
1741031565 42183 0
1741031567 42133 0
1741031569 42149 0
1741031571 42185 0
1741031573 42036 0
1741031575 42248 0
1741031577 42187 0
1741031579 42191 0
1741031581 42183 0
1741031583 42141 0
1741031585 42149 0
1741031587 42151 0
1741031589 42057 0
1741031591 42146 0
1741031593 42079 0
1741031595 42076 0
1741031597 42174 0
1741031599 42097 0
1741031601 42138 0
1741031604 42162 0
1741031606 42094 0
1741031608 42109 0
1741031610 42102 0
1741031612 42217 0
1741031614 42109 0
1741031616 42193 0
1741031618 42092 0
1741031620 42117 0
1741031622 42103 0
1741031624 42075 0
1741031626 42150 0
1741031628 42085 0
1741031630 42016 0
1741031632 42116 0
1741031634 42086 0
1741031636 42120 0
1741031638 42104 0
1741031640 42071 0
1741031642 42073 0
1741031644 42036 0
1741031646 41982 0
1741031648 41942 0
1741031651 42007 0
1741031653 42027 0
1741031655 42027 0
1741031657 42049 0
1741031659 42054 0
1741031661 42066 0
1741031663 42073 0
1741031665 42159 0
1741031667 42038 0
1741031669 42096 0
1741031671 41945 0
1741031673 42147 0
1741031675 42087 0
1741031677 42028 0
1741031679 42148 0
1741031681 42172 0
1741031683 42157 0
1741031685 42164 0
1741031687 42168 0
1741031689 42085 0
1741031691 42094 0
1741031693 42166 0
1741031696 42009 0
1741031698 42139 0
1741031700 42044 0
1741031702 41955 0
1741031704 42082 0
1741031706 42194 0
1741031708 41927 0
1741031710 42060 0
1741031712 42020 0
1741031714 42058 0
1741031716 42076 0
1741031718 42063 0
1741031720 42057 0
1741031722 42034 0
1741031724 42028 0
1741031726 42115 0
1741031728 42111 0
1741031730 42077 0
1741031732 42065 0
1741031734 42081 0
1741031736 42091 0
1741031738 42068 0
1741031740 42062 0
1741031743 42207 0
1741031745 42075 0
1741031747 42050 0
1741031749 42267 0
1741031751 42170 0
1741031753 42102 0
1741031755 42193 0
1741031757 42175 0
1741031759 42131 0
1741031761 42194 0
1741031763 42177 0
1741031765 42050 0
1741031767 42154 0
1741031769 42008 0
1741031771 42078 0
1741031773 42162 0
1741031775 42132 0
1741031777 42113 0
1741031779 42066 0
1741031781 42180 0
1741031783 42072 0
1741031785 42028 0
1741031787 42183 0
1741031790 42051 0
1741031792 41986 0
1741031794 41890 0
1741031796 42131 0
1741031798 42126 0
1741031800 42152 0
1741031802 42070 0
1741031804 42126 0
1741031806 42172 0
1741031808 42131 0
1741031810 42109 0
1741031812 42121 0
1741031814 42129 0
1741031816 42191 0
1741031818 42199 0
1741031820 42178 0
1741031822 42165 0
1741031824 42114 0
1741031826 42195 0
1741031828 42135 0
1741031830 42090 0
1741031832 42162 0
1741031835 42172 0
1741031837 42165 0
1741031839 42070 0
1741031841 42059 0
1741031843 42189 0
1741031845 42114 0
1741031847 42136 0
1741031849 42204 0
1741031851 42212 0
1741031853 42153 0
1741031855 42177 0
1741031857 42100 0
1741031859 42139 0
1741031861 42110 0
1741031863 42226 0
1741031865 42173 0
1741031867 42141 0
1741031869 42180 0
1741031871 42120 0
1741031873 42117 0
1741031875 42115 0
1741031877 42126 0
1741031879 42048 0
1741031882 42208 0
1741031884 42196 0
1741031886 42078 0
1741031888 42161 0
1741031890 42272 0
1741031892 42228 0
1741031894 42239 0
1741031896 42090 0
1741031898 42152 0
1741031900 42176 0
1741031902 42181 0
1741031904 42133 0
1741031906 42056 0
1741031908 42042 0
1741031910 42225 0
1741031912 42014 0
1741031914 42127 0
1741031916 42196 0
1741031918 42078 0
1741031920 42086 0
1741031922 42228 0
1741031924 42145 0
1741031926 42071 0
1741031929 42170 0
1741031931 42047 0
1741031933 42169 0
1741031935 42127 0
1741031937 41996 0
1741031939 42031 0
1741031941 42155 0
1741031943 42251 0
1741031945 42106 0
1741031947 42171 0
1741031949 42140 0
1741031951 41996 0
1741031953 42195 0
1741031955 42141 0
1741031957 42039 0
1741031959 42077 0
1741031961 42207 0
1741031963 42130 0
1741031965 42173 0
1741031967 42258 0
1741031969 42188 0
1741031971 42213 0
1741031974 42099 0
1741031976 42015 0
1741031978 42206 0
1741031980 42142 0
1741031982 42194 0
1741031984 42172 0
1741031986 42054 0
1741031988 42154 0
1741031990 42068 0
1741031992 42189 0
1741031994 42046 0
1741031996 42080 0
1741031998 42044 0
1741032000 42137 0
1741032002 42101 0
1741032004 42094 0
1741032006 42099 0
1741032008 42230 0
1741032010 42100 0
1741032012 42130 0
1741032014 42129 0
1741032016 42068 0
1741032018 42179 0
1741032021 42115 0
1741032023 42163 0
1741032025 42187 0
1741032027 42149 0
1741032029 42202 0
1741032031 42218 0
1741032033 42190 0
1741032035 42188 0
1741032037 42209 0
1741032039 42153 0
1741032041 42146 0
1741032043 42121 0
1741032045 42083 0
1741032047 42131 0
1741032049 42110 0
1741032051 42167 0
1741032053 42041 0
1741032055 42257 0
1741032057 42186 0
1741032059 42140 0
1741032061 42166 0
1741032063 42070 0
1741032065 42093 0
1741032068 42055 0
1741032070 42145 0
1741032072 42076 0
1741032074 42147 0
1741032076 42087 0
1741032078 42121 0
1741032080 42174 0
1741032082 42064 0
1741032084 42113 0
1741032086 42112 0
1741032088 42077 0
1741032090 42196 0
1741032092 42241 0
1741032094 42198 0
1741032096 42230 0
1741032098 42073 0
1741032100 42209 0
1741032102 42205 0
1741032104 42213 0
1741032106 42207 0
1741032108 42197 0
1741032110 42275 0
1741032113 42118 0
1741032115 42125 0
1741032117 42099 0
1741032119 42097 0
1741032121 42131 0
1741032123 42104 0
1741032125 42142 0
1741032127 42196 0
1741032129 42004 0
1741032131 42110 0
1741032133 42024 0
1741032135 42138 0
1741032137 42141 0
1741032139 42056 0
1741032141 42064 0
1741032144 42248 0
1741032146 42080 0
1741032148 42168 0
1741032150 42048 0
1741032152 42050 0
1741032154 42136 0
1741032156 42146 0
1741032158 42145 0
1741032160 42113 0
1741032162 42087 0
1741032164 42189 0
1741032166 42112 0
1741032168 42183 0
1741032170 42178 0
1741032172 42094 0
1741032174 42183 0
1741032176 42037 0
1741032178 42147 0
1741032180 42116 0
1741032182 42109 0
1741032184 42196 0
1741032187 42085 0
1741032189 42119 0
1741032191 42058 0
1741032193 42134 0
1741032195 42147 0
1741032197 42126 0
1741032199 42247 0
1741032201 42056 0
1741032203 42187 0
1741032205 42139 0
1741032207 42169 0
1741032209 42144 0
1741032211 42170 0
1741032213 42086 0
1741032215 42102 0
1741032217 42173 0
1741032219 42160 0
1741032221 42121 0
1741032223 42194 0
1741032225 42285 0
1741032227 42274 0
1741032229 42363 0
1741032232 42155 0
1741032234 42228 0
1741032236 42309 0
1741032238 42267 0
1741032240 42284 0
1741032242 42189 0
1741032244 42227 0
1741032246 42220 0
1741032248 42136 0
1741032250 42133 0
1741032252 42137 0
1741032254 42144 0
1741032256 42248 0
1741032258 42059 0
1741032260 42157 0
1741032262 42153 0
1741032264 42046 0
1741032266 42027 0
1741032268 42206 0
1741032270 42136 0
1741032272 42169 0
1741032274 42075 0
1741032276 42181 0
1741032279 42257 0
1741032281 42105 0
1741032283 42091 0
1741032285 42099 0
1741032287 42253 0
1741032289 42169 0
1741032291 42163 0
1741032293 42311 0
1741032295 42093 0
1741032297 42135 0
1741032299 42200 0
1741032301 42154 0
1741032303 42145 0
1741032305 42329 0
1741032307 42169 0
1741032309 42140 0
1741032311 42224 0
1741032313 42067 0
1741032315 42127 0
1741032317 42119 0
1741032319 42239 0
1741032321 42108 0
1741032323 42104 0
1741032326 41981 0
1741032328 42037 0
1741032330 41954 0
1741032332 42036 0
1741032334 42081 0
1741032336 42077 0
1741032338 42185 0
1741032340 42134 0
1741032342 42206 0
1741032344 42088 0
1741032346 42093 0
1741032348 42011 0
1741032350 41990 0
1741032352 42092 0
1741032354 42146 0
1741032356 42186 0
1741032358 42169 0
1741032360 42116 0
1741032362 42088 0
1741032364 42146 0
1741032366 42221 0
1741032368 42115 0
1741032370 42131 0
1741032373 42147 0
1741032375 42072 0
1741032377 42143 0
1741032379 42046 0
1741032381 42054 0
1741032383 42079 0
1741032385 42158 0
1741032387 42201 0
1741032389 42044 0
1741032391 42068 0
1741032393 42097 0
1741032395 42139 0
1741032397 42233 0
1741032399 42085 0
1741032401 41967 0
1741032403 42039 0
1741032405 42070 0
1741032407 42151 0
1741032409 42107 0
1741032411 42201 0
1741032413 42170 0
1741032415 42115 0
1741032417 42107 0
1741032420 42088 0
1741032422 42078 0
1741032424 42140 0
1741032426 42157 0
1741032428 42193 0
1741032430 42066 0
1741032432 42201 0
1741032434 42129 0
1741032436 42120 0
1741032438 42114 0
1741032440 42031 0
1741032442 42148 0
1741032444 42266 0
1741032446 42139 0
1741032448 42157 0
1741032450 42153 0
1741032452 42076 0
1741032454 42144 0
1741032456 42054 0
1741032458 42059 0
1741032460 42159 0
1741032462 42054 0
1741032465 42149 0
1741032467 42137 0
1741032469 42055 0
1741032471 42122 0
1741032473 42168 0
1741032475 42040 0
1741032477 42232 0
1741032479 42216 0
1741032481 42155 0
1741032483 42156 0
1741032485 42136 0
1741032487 42109 0
1741032489 42238 0
1741032491 42141 0
1741032493 42126 0
1741032495 42187 0
1741032497 42189 0
1741032499 42054 0
1741032501 42054 0
1741032503 42225 0
1741032505 42166 0
1741032508 42173 0
1741032510 42158 0
1741032512 42224 0
1741032514 42159 0
1741032516 42298 0
1741032518 42155 0
1741032520 42164 0
1741032522 41965 0
1741032524 42158 0
1741032526 42078 0
1741032528 42088 0
1741032530 42081 0
1741032532 42095 0
1741032534 42097 0
1741032536 42112 0
1741032538 42149 0
1741032540 42071 0
1741032542 42152 0
1741032544 42093 0
1741032546 42082 0
1741032548 41933 0
1741032550 42106 0
1741032552 42092 0
1741032555 42074 0
1741032557 42197 0
1741032559 42096 0
1741032561 42062 0
1741032563 42016 0
1741032565 42163 0
1741032567 42135 0
1741032569 42121 0
1741032571 42121 0
1741032573 42260 0
1741032575 42201 0
1741032577 42152 0
1741032579 42186 0
1741032581 42042 0
1741032583 42117 0
1741032585 42168 0
1741032587 42263 0
1741032589 42156 0
1741032591 41947 0
1741032593 42057 0
1741032595 42083 0
1741032597 42054 0
1741032599 42164 0
1741032602 42092 0
1741032604 42009 0
1741032606 42148 0
1741032608 41964 0
1741032610 42062 0
1741032612 42068 0
1741032614 42064 0
1741032616 41956 0
1741032618 42124 0
1741032620 42031 0
1741032622 42047 0
1741032624 42121 0
1741032626 42140 0
1741032628 42061 0
1741032630 42036 0
1741032632 41954 0
1741032634 42036 0
1741032636 42114 0
1741032638 42125 0
1741032640 42036 0
1741032642 42107 0
1741032644 42141 0
1741032646 42221 0
1741032649 42133 0
1741032651 42170 0
1741032653 42174 0
1741032655 42219 0
1741032657 42137 0
1741032659 42066 0
1741032661 42144 0
1741032663 42086 0
1741032665 42102 0
1741032667 42178 0
1741032669 41936 0
1741032671 42043 0
1741032673 42157 0
1741032675 42139 0
1741032677 42207 0
1741032679 42131 0
1741032681 42199 0
1741032683 41992 0
1741032685 41953 0
1741032687 42062 0
1741032689 42086 0
1741032691 42058 0
1741032694 42058 0
1741032696 42054 0
1741032698 42086 0
1741032700 42040 0
1741032702 41896 0
1741032704 42144 0
1741032706 42141 0
1741032708 42179 0
1741032710 42171 0
1741032712 42241 0
1741032714 42073 0
1741032716 42136 0
1741032718 42141 0
1741032720 42091 0
1741032722 42167 0
1741032724 42205 0
1741032726 42083 0
1741032728 42049 0
1741032730 42126 0
1741032732 42176 0
1741032734 42106 0
1741032736 42073 0
1741032738 42137 0
1741032741 42077 0
1741032743 42274 0
1741032745 42098 0
1741032747 42094 0
1741032749 42114 0
1741032751 42084 0
1741032753 42143 0
1741032755 42266 0
1741032757 42256 0
1741032759 42020 0
1741032761 42031 0
1741032763 42169 0
1741032765 42107 0
1741032767 42004 0
1741032769 42152 0
1741032771 42100 0
1741032773 42164 0
1741032775 42081 0
1741032777 42020 0
1741032779 42223 0
1741032781 42210 0
1741032783 42307 0
1741032785 42278 0
1741032788 42119 0
1741032790 42050 0
1741032792 42212 0
1741032794 42061 0
1741032796 42205 0
1741032798 42169 0
1741032800 42201 0
1741032802 42051 0
1741032804 42068 0
1741032806 42020 0
1741032808 42056 0
1741032810 41974 0
1741032812 42128 0
1741032814 42055 0
1741032816 42030 0
1741032818 42098 0
1741032820 41969 0
1741032822 42090 0
1741032824 42029 0
1741032826 41967 0
1741032828 41998 0
1741032830 42004 0
1741032833 42042 0
1741032835 41985 0
1741032837 42090 0
1741032839 41979 0
1741032841 42079 0
1741032843 42083 0
1741032845 41990 0
1741032847 42183 0
1741032849 42115 0
1741032851 42113 0
1741032853 42008 0
1741032855 42119 0
1741032857 42142 0
1741032859 42119 0
1741032861 42150 0
1741032863 42062 0
1741032865 42097 0
1741032867 42095 0
1741032869 42083 0
1741032871 42149 0
1741032873 42104 0
1741032875 42021 0
1741032878 42087 0
1741032880 42259 0
1741032882 42193 0
1741032884 42165 0
1741032886 42119 0
1741032888 42202 0
1741032890 42233 0
1741032892 42132 0
1741032894 42146 0
1741032896 42160 0
1741032898 42079 0
1741032900 42118 0
1741032902 42233 0
1741032904 42136 0
1741032906 42170 0
1741032908 42230 0
1741032910 42076 0
1741032912 42172 0
1741032914 42322 0
1741032916 42366 0
1741032918 42104 0
1741032920 42239 0
1741032922 42325 0
1741032925 42293 0
1741032927 42239 0
1741032929 42286 0
1741032931 42246 0
1741032933 42148 0
1741032935 42262 0
1741032937 42317 0
1741032939 42139 0
1741032941 42359 0
1741032943 42234 0
1741032945 42216 0
1741032947 42219 0
1741032949 42170 0
1741032951 42193 0
1741032953 42161 0
1741032955 42160 0
1741032957 42186 0
1741032959 42200 0
1741032961 42265 0
1741032963 42207 0
1741032965 42260 0
1741032967 42310 0
1741032969 42277 0
1741032972 42226 0
1741032974 42192 0
1741032976 42218 0
1741032978 42161 0
1741032980 42150 0
1741032982 42163 0
1741032984 42205 0
1741032986 42336 0
1741032988 42253 0
1741032990 42398 0
1741032992 42230 0
1741032994 42148 0
1741032996 42250 0
1741032998 42264 0
1741033000 42320 0
1741033002 42261 0
1741033004 42255 0
1741033006 42140 0
1741033008 42099 0
1741033010 42023 0
1741033012 42194 0
1741033014 42135 0
1741033017 42160 0
1741033019 42040 0
1741033021 42144 0
1741033023 42167 0
1741033025 42224 0
1741033027 42153 0
1741033029 42149 0
1741033031 42202 0
1741033033 42153 0
1741033035 42210 0
1741033037 42252 0
1741033039 42072 0
1741033041 42247 0
1741033043 42330 0
1741033045 42160 0
1741033047 42200 0
1741033049 42168 0
1741033051 42260 0
1741033053 42259 0
1741033055 42247 0
1741033057 42214 0
1741033059 42133 0
1741033061 42189 0
1741033064 42238 0
1741033066 42190 0
1741033068 42243 0
1741033070 42083 0
1741033072 42153 0
1741033074 42126 0
1741033076 42260 0
1741033078 42068 0
1741033080 42114 0
1741033082 42056 0
1741033084 42098 0
1741033086 42175 0
1741033088 42043 0
1741033090 42072 0
1741033092 42121 0
1741033094 42160 0
1741033096 42145 0
1741033098 42176 0
1741033100 42040 0
1741033102 42172 0
1741033104 42129 0
1741033106 42293 0
1741033108 42063 0
1741033111 42029 0
1741033113 42115 0
1741033115 42148 0
1741033117 42183 0
1741033119 42021 0
1741033121 42234 0
1741033123 42310 0
1741033125 42139 0
1741033127 42120 0
1741033129 42242 0
1741033131 42131 0
1741033133 42199 0
1741033135 42154 0
1741033137 42060 0
1741033139 42183 0
1741033141 42116 0
1741033143 42197 0
1741033145 42264 0
1741033147 42146 0
1741033149 42178 0
1741033151 42154 0
1741033153 42160 0
1741033156 42175 0
1741033158 42069 0
1741033160 42212 0
1741033162 42090 0
1741033164 42148 0
1741033166 42094 0
1741033168 42050 0
1741033170 42173 0
1741033172 42177 0
1741033174 42056 0
1741033176 42105 0
1741033178 42090 0
1741033180 42081 0
1741033182 42028 0
1741033184 42148 0
1741033186 42133 0
1741033188 42205 0
1741033190 42170 0
1741033192 42216 0
1741033194 42295 0
1741033196 42167 0
1741033198 42170 0
1741033200 42167 0
1741033203 42128 0
1741033205 42175 0
1741033207 42185 0
1741033209 42084 0
1741033211 42168 0
1741033213 42043 0
1741033215 42079 0
1741033217 42095 0
1741033219 42136 0
1741033221 42081 0
1741033223 42189 0
1741033225 42147 0
1741033227 42134 0
1741033229 42160 0
1741033231 42068 0
1741033233 42086 0
1741033235 42122 0
1741033237 42098 0
1741033239 42102 0
1741033241 41973 0
1741033243 42082 0
1741033245 42129 0
1741033247 42064 0
1741033250 42025 0
1741033252 42185 0
1741033254 42146 0
1741033256 42001 0
1741033258 42157 0
1741033260 42166 0
1741033262 42092 0
1741033264 42185 0
1741033266 42173 0
1741033268 42132 0
1741033270 42260 0
1741033272 42183 0
1741033274 42050 0
1741033276 42061 0
1741033278 42142 0
1741033280 42229 0
1741033282 42118 0
1741033284 42153 0
1741033286 42067 0
1741033288 42106 0
1741033290 42105 0
1741033292 42190 0
1741033295 42153 0
1741033297 42056 0
1741033299 42095 0
1741033301 42209 0
1741033303 42047 0
1741033305 42137 0
1741033307 42062 0
1741033309 42113 0
1741033311 42165 0
1741033313 42081 0
1741033315 42129 0
1741033317 42172 0
1741033319 42190 0
1741033321 42170 0
1741033323 42157 0
1741033325 42287 0
1741033327 42226 0
1741033329 42208 0
1741033331 42293 0
1741033333 42201 0
1741033335 42282 0
1741033337 42227 0
1741033340 42305 0
1741033342 42365 0
1741033344 42216 0
1741033346 42167 0
1741033348 42357 0
1741033350 42148 0
1741033352 42244 0
1741033354 42173 0
1741033356 42236 0
1741033358 42264 0
1741033360 42267 0
1741033362 42112 0
1741033364 42138 0
1741033366 42197 0
1741033368 42121 0
1741033370 42180 0
1741033372 42298 0
1741033374 42176 0
1741033376 42264 0
1741033378 42101 0
1741033380 42153 0
1741033382 42133 0
1741033384 42196 0
1741033387 42235 0
1741033389 42247 0
1741033391 42177 0
1741033393 42313 0
1741033395 42388 0
1741033397 42355 0
1741033399 42247 0
1741033401 42325 0
1741033403 42256 0
1741033405 42223 0
1741033407 42248 0
1741033409 42242 0
1741033411 42126 0
1741033413 42329 0
1741033415 42186 0
1741033417 42248 0
1741033419 42235 0
1741033421 42166 0
1741033423 42204 0
1741033425 42308 0
1741033427 42115 0
1741033429 42194 0
1741033432 42173 0
1741033434 42278 0
1741033436 42341 0
1741033438 42178 0
1741033440 42270 0
1741033442 42267 0
1741033444 42299 0
1741033446 42119 0
1741033448 42210 0
1741033450 42103 0
1741033452 42306 0
1741033454 42137 0
1741033456 42163 0
1741033458 42211 0
1741033460 42126 0
1741033462 42162 0
1741033464 42172 0
1741033466 42205 0
1741033468 42134 0
1741033470 42160 0
1741033472 42127 0
1741033474 42032 0
1741033476 42193 0
1741033479 42148 0
1741033481 42101 0
1741033483 42212 0
1741033485 42119 0
1741033487 42077 0
1741033489 42110 0
1741033491 42060 0
1741033493 42079 0
1741033495 42157 0
1741033497 42086 0
1741033499 42125 0
1741033501 42096 0
1741033503 42097 0
1741033505 42045 0
1741033507 42022 0
1741033509 42058 0
1741033511 42003 0
1741033513 42110 0
1741033515 42164 0
1741033517 42168 0
1741033519 42016 0
1741033521 42114 0
1741033523 42067 0
1741033526 42122 0
1741033528 42130 0
1741033530 42114 0
1741033532 42145 0
1741033534 42132 0
1741033536 42086 0
1741033538 42102 0
1741033540 42078 0
1741033542 42146 0
1741033544 42045 0
1741033546 42167 0
1741033548 42188 0
1741033550 42189 0
1741033552 42121 0
1741033554 42059 0
1741033556 41991 0
1741033558 42123 0
1741033560 42205 0
1741033562 42076 0
1741033564 42073 0
1741033566 42055 0
1741033569 41999 0
1741033571 42069 0
1741033573 42138 0
1741033575 42058 0
1741033577 42042 0
1741033579 42150 0
1741033581 42162 0
1741033583 42056 0
1741033585 42048 0
1741033587 42090 0
1741033589 42101 0
1741033591 42107 0
1741033593 42086 0
1741033595 42216 0
1741033597 42102 0
1741033599 42044 0
1741033601 42182 0
1741033603 42178 0
1741033605 42222 0
1741033607 42173 0
1741033609 42146 0
1741033611 42196 0
1741033613 42162 0
1741033616 42179 0
1741033618 42040 0
1741033620 42190 0
1741033622 42122 0
1741033624 42081 0
1741033626 42045 0
1741033628 42150 0
1741033630 42061 0
1741033632 42172 0
1741033634 42130 0
1741033636 42216 0
1741033638 42101 0
1741033640 42110 0
1741033642 42092 0
1741033644 42139 0
1741033646 42050 0
1741033648 41998 0
1741033650 42022 0
1741033652 42074 0
1741033654 42058 0
1741033656 42156 0
1741033658 42118 0
1741033661 42091 0
1741033663 42021 0
1741033665 42146 0
1741033667 42222 0
1741033669 42164 0
1741033671 42167 0
1741033673 42115 0
1741033675 42098 0
1741033677 42166 0
1741033679 42117 0
1741033681 41959 0
1741033683 42070 0
1741033685 42165 0
1741033687 42094 0
1741033689 42038 0
1741033691 42048 0
1741033693 42128 0
1741033695 42071 0
1741033697 42042 0
1741033699 42025 0
1741033701 42112 0
1741033703 42072 0
1741033705 42093 0
1741033708 42074 0
1741033710 42006 0
1741033712 42054 0
1741033714 42038 0
1741033716 42177 0
1741033718 42110 0
1741033720 42038 0
1741033722 42101 0
1741033724 42087 0
1741033726 42100 0
1741033728 42169 0
1741033730 42145 0
1741033732 42225 0
1741033734 42043 0
1741033736 42067 0
1741033738 42163 0
1741033740 42153 0
1741033742 42179 0
1741033744 42192 0
1741033746 42169 0
1741033748 42159 0
1741033750 42113 0
1741033752 42153 0
1741033755 42127 0
1741033757 42140 0
1741033759 42215 0
1741033761 42148 0
1741033763 42066 0
1741033765 42044 0
1741033767 42045 0
1741033769 42169 0
1741033771 42173 0
1741033773 42063 0
1741033775 42125 0
1741033777 41968 0
1741033779 42212 0
1741033781 42061 0
1741033783 42174 0
1741033785 42090 0
1741033787 42080 0
1741033789 41946 0
1741033791 42208 0
1741033793 42083 0
1741033795 42067 0
1741033797 42016 0
1741033800 42123 0
1741033802 42129 0
1741033804 42054 0
1741033806 42106 0
1741033808 42099 0
1741033810 42190 0
1741033812 42166 0
1741033814 42168 0
1741033816 42084 0
1741033818 42138 0
1741033820 43631 0
1741033822 43712 0
1741033824 43730 0
1741033826 43681 0
1741033828 43792 0
1741033830 43762 0
1741033832 43805 0
1741033834 43741 0
1741033836 43742 0
1741033838 43731 0
1741033840 43713 0
1741033843 43732 0
1741033845 43721 0
1741033847 43789 0
1741033849 43642 0
1741033851 43730 0
1741033853 43827 0
1741033855 43679 0
1741033857 43713 0
1741033859 43698 0
1741033861 43713 0
1741033863 43660 0
1741033865 43647 0
1741033867 43676 0
1741033869 43799 0
1741033871 43658 0
1741033873 43741 0
1741033875 42243 0
1741033877 42148 0
1741033879 42170 0
1741033881 42269 0
1741033883 42241 0
1741033885 42230 0
1741033887 42188 0
1741033890 42189 0
1741033892 42145 0
1741033894 42203 0
1741033896 42140 0
1741033898 42100 0
1741033900 42091 0
1741033902 42104 0
1741033904 42176 0
1741033906 42146 0
1741033908 42154 0
1741033910 42222 0
1741033912 42228 0
1741033914 42040 0
1741033916 42141 0
1741033918 42088 0
1741033920 42084 0
1741033922 42138 0
1741033924 42089 0
1741033926 42175 0
1741033928 41987 0
1741033930 42119 0
1741033933 42097 0
1741033935 42386 0
1741033937 42180 0
1741033939 42238 0
1741033941 42128 0
1741033943 42256 0
1741033945 42247 0
1741033947 42244 0
1741033949 42355 0
1741033951 42206 0
1741033953 42245 0
1741033955 42331 0
1741033957 42023 0
1741033959 42194 0
1741033961 42207 0
1741033963 42264 0
1741033965 42265 0
1741033967 42129 0
1741033969 42227 0
1741033971 42187 0
1741033973 42169 0
1741033975 42096 0
1741033978 42208 0
1741033980 42179 0
1741033982 42232 0
1741033984 42235 0
1741033986 42275 0
1741033988 42081 0
1741033990 42188 0
1741033992 42117 0
1741033994 42291 0
1741033996 42272 0
1741033998 42219 0
1741034000 42171 0
1741034002 42140 0
1741034004 42268 0
1741034006 42087 0
1741034008 42155 0
1741034010 42147 0
1741034012 42102 0
1741034014 42091 0
1741034016 42238 0
1741034018 42214 0
1741034020 42116 0
1741034023 42097 0
1741034025 42206 0
1741034027 42149 0
1741034029 42110 0
1741034031 42125 0
1741034033 42067 0
1741034035 42039 0
1741034037 42079 0
1741034039 42120 0
1741034041 42096 0
1741034043 42058 0
1741034045 42109 0
1741034047 42151 0
1741034049 42056 0
1741034051 42130 0
1741034053 42134 0
1741034055 42169 0
1741034057 42222 0
1741034059 42221 0
1741034061 42253 0
1741034063 42211 0
1741034065 42281 0
1741034067 42171 0
1741034070 42174 0
1741034072 42128 0
1741034074 41999 0
1741034076 42180 0
1741034078 42115 0
1741034080 42142 0
1741034082 42063 0
1741034084 42124 0
1741034086 42083 0
1741034088 42128 0
1741034090 42139 0
1741034092 42260 0
1741034094 42146 0
1741034096 42189 0
1741034098 42186 0
1741034100 42067 0
1741034102 42160 0
1741034104 42154 0
1741034106 42207 0
1741034108 42144 0
1741034110 42043 0
1741034112 42065 0
1741034114 42097 0
1741034117 42102 0
1741034119 42141 0
1741034121 42048 0
1741034123 42115 0
1741034125 41984 0
1741034127 42178 0
1741034129 42079 0
1741034131 42145 0
1741034133 42094 0
1741034135 42039 0
1741034137 42208 0
1741034139 42040 0
1741034141 42174 0
1741034143 42190 0
1741034145 42072 0
1741034147 42137 0
1741034149 42148 0
1741034151 42052 0
1741034153 42128 0
1741034155 42211 0
1741034157 42226 0
1741034159 42233 0
1741034161 42214 0
1741034164 42192 0
1741034166 42148 0
1741034168 42189 0
1741034170 42198 0
1741034172 41971 0
1741034174 42095 0
1741034176 42177 0
1741034178 42069 0
1741034180 42163 0
1741034182 42135 0
1741034184 42119 0
1741034186 42074 0
1741034188 42090 0
1741034190 42077 0
1741034192 42068 0
1741034194 42020 0
1741034196 42094 0
1741034198 41918 0
1741034200 42026 0
1741034202 42016 0
1741034204 42006 0
1741034206 42061 0
1741034208 41970 0
1741034211 42078 0
1741034213 42066 0
1741034215 42217 0
1741034217 42080 0
1741034219 42136 0
1741034221 42175 0
1741034223 42064 0
1741034225 42057 0
1741034227 42075 0
1741034229 42082 0
1741034231 42046 0
1741034233 42051 0
1741034235 42152 0
1741034237 42177 0
1741034239 42256 0
1741034241 41915 0
1741034243 42123 0
1741034245 42097 0
1741034247 42083 0
1741034249 42104 0
1741034251 42016 0
1741034253 41966 0
1741034255 41985 0
1741034258 42020 0
1741034260 42112 0
1741034262 41994 0
1741034264 42110 0
1741034266 41946 0
1741034268 41998 0
1741034270 42012 0
1741034272 41966 0
1741034274 42095 0
1741034276 41951 0
1741034278 42093 0
1741034280 42024 0
1741034282 42076 0
1741034284 42154 0
1741034286 42114 0
1741034288 42087 0
1741034290 42079 0
1741034292 42079 0
1741034294 42097 0
1741034296 42147 0
1741034298 42067 0
1741034300 42091 0
1741034303 42115 0
1741034305 42089 0
1741034307 42022 0
1741034309 41952 0
1741034311 41984 0
1741034313 42070 0
1741034315 42048 0
1741034317 41996 0
1741034319 41917 0
1741034321 41961 0
1741034323 41993 0
1741034325 41955 0
1741034327 42086 0
1741034329 42025 0
1741034331 41967 0
1741034333 42017 0
1741034335 41985 0
1741034337 42054 0
1741034339 42031 0
1741034341 42020 0
1741034343 42008 0
1741034345 41987 0
1741034347 41964 0
1741034350 42148 0
1741034352 42095 0
1741034354 42002 0
1741034356 42143 0
1741034358 42168 0
1741034360 42070 0
1741034362 42157 0
1741034364 42067 0
1741034366 42057 0
1741034368 41995 0
1741034370 42064 0
1741034372 42173 0
1741034374 42152 0
1741034376 42061 0
1741034378 42057 0
1741034380 41971 0
1741034382 42145 0
1741034384 42062 0
1741034386 42027 0
1741034388 42015 0
1741034390 42026 0
1741034392 42145 0
1741034394 41963 0
1741034397 42047 0
1741034399 42134 0
1741034401 42111 0
1741034403 42125 0
1741034405 42010 0
1741034407 42052 0
1741034409 42038 0
1741034411 42129 0
1741034413 42094 0
1741034415 42128 0
1741034417 42130 0
1741034419 42150 0
1741034421 42063 0
1741034423 42066 0
1741034425 42126 0
1741034427 42152 0
1741034429 42049 0
1741034431 42095 0
1741034433 42102 0
1741034435 42161 0
1741034437 42094 0
1741034439 42216 0
1741034441 42106 0
1741034444 42145 0
1741034446 42097 0
1741034448 42087 0
1741034450 42106 0
1741034452 42116 0
1741034454 42068 0
1741034456 42129 0
1741034458 42011 0
1741034460 41941 0
1741034462 42127 0
1741034464 42086 0
1741034466 42084 0
1741034468 42075 0
1741034470 42032 0
1741034472 42018 0
1741034474 42069 0
1741034476 42065 0
1741034478 42021 0
1741034480 42054 0
1741034482 42062 0
1741034484 42143 0
1741034487 42089 0
1741034489 42052 0
1741034491 42181 0
1741034493 42124 0
1741034495 42090 0
1741034497 42194 0
1741034499 42158 0
1741034501 42080 0
1741034503 42076 0
1741034505 42054 0
1741034507 42133 0
1741034509 42082 0
1741034511 42178 0
1741034513 42147 0
1741034515 42042 0
1741034517 42089 0
1741034519 42017 0
1741034521 42060 0
1741034523 42010 0
1741034525 42104 0
1741034527 42180 0
1741034529 41995 0
1741034531 42185 0
1741034534 42074 0
1741034536 42103 0
1741034538 42085 0
1741034540 42042 0
1741034542 42080 0
1741034544 42114 0
1741034546 42233 0
1741034548 42007 0
1741034550 42073 0
1741034552 42048 0
1741034554 42133 0
1741034556 42159 0
1741034558 42176 0
1741034560 42009 0
1741034562 42115 0
1741034564 42087 0
1741034566 42178 0
1741034568 42094 0
1741034570 42126 0
1741034572 42226 0
1741034574 42084 0
1741034576 42162 0
1741034578 42144 0
1741034581 42040 0
1741034583 42056 0
1741034585 42248 0
1741034587 42072 0
1741034589 42165 0
1741034591 42148 0
1741034593 42074 0
1741034595 42198 0
1741034597 42086 0
1741034599 42013 0
1741034601 42204 0
1741034603 42108 0
1741034605 42078 0
1741034607 42057 0
1741034609 42070 0
1741034611 42063 0
1741034613 42167 0
1741034615 42186 0
1741034617 42093 0
1741034619 41943 0
1741034621 42179 0
1741034623 42112 0
1741034626 42140 0
1741034628 42053 0
1741034630 42069 0
1741034632 42120 0
1741034634 42122 0
1741034636 42211 0
1741034638 42330 0
1741034640 42087 0
1741034642 41912 0
1741034644 42170 0
1741034646 42171 0
1741034648 42026 0
1741034650 42234 0
1741034652 42090 0
1741034654 42069 0
1741034656 41995 0
1741034658 42048 0
1741034660 42004 0
1741034662 42047 0
1741034664 42041 0
1741034666 42081 0
1741034668 42038 0
1741034670 42126 0
1741034673 42042 0
1741034675 42080 0
1741034677 42127 0
1741034679 42074 0
1741034681 42165 0
1741034683 42092 0
1741034685 42148 0
1741034687 42149 0
1741034689 42013 0
1741034691 42214 0
1741034693 42030 0
1741034695 42150 0
1741034697 42109 0
1741034699 42087 0
1741034701 42198 0
1741034703 42170 0
1741034705 42161 0
1741034707 42159 0
1741034709 42140 0
1741034711 42159 0
1741034713 42265 0
1741034715 42120 0
1741034717 42177 0
1741034720 42247 0
1741034722 42275 0
1741034724 42003 0
1741034726 42062 0
1741034728 41932 0
1741034730 42020 0
1741034732 42096 0
1741034734 42097 0
1741034736 42077 0
1741034738 42118 0
1741034740 42059 0
1741034742 41964 0
1741034744 42168 0
1741034746 42087 0
1741034748 42123 0
1741034750 42191 0
1741034752 42186 0
1741034754 42019 0
1741034756 42203 0
1741034758 42072 0
1741034760 42026 0
1741034762 41977 0
1741034765 42083 0
1741034767 42116 0
1741034769 42166 0
1741034771 42208 0
1741034773 42075 0
1741034775 42138 0
1741034777 42149 0
1741034779 42112 0
1741034781 42120 0
1741034783 42078 0
1741034785 42046 0
1741034787 42174 0
1741034789 42109 0
1741034791 42113 0
1741034793 41956 0
1741034795 42158 0
1741034797 42071 0
1741034799 42089 0
1741034801 42100 0
1741034803 42087 0
1741034805 42012 0
1741034807 42010 0
1741034810 42031 0
1741034812 42112 0
1741034814 42140 0
1741034816 42037 0
1741034818 42185 0
1741034820 42049 0
1741034822 42144 0
1741034824 41955 0
1741034826 42110 0
1741034828 42056 0
1741034830 41958 0
1741034832 42056 0
1741034834 42050 0
1741034836 42098 0
1741034838 42141 0
1741034840 42266 0
1741034842 42173 0
1741034844 42003 0
1741034846 42083 0
1741034848 42111 0
1741034850 42120 0
1741034852 41989 0
1741034855 42103 0
1741034857 42000 0
1741034859 41975 0
1741034861 42037 0
1741034863 42037 0
1741034865 42074 0
1741034867 42040 0
1741034869 42082 0
1741034871 42155 0
1741034873 42019 0
1741034875 42076 0
1741034877 42051 0
1741034879 42146 0
1741034881 42137 0
1741034883 42113 0
1741034885 42097 0
1741034887 42092 0
1741034889 42178 0
1741034891 42015 0
1741034893 42051 0
1741034895 42100 0
1741034897 42089 0
1741034899 42064 0
1741034902 42237 0
1741034904 42070 0
1741034906 42100 0
1741034908 42121 0
1741034910 42118 0
1741034912 42170 0
1741034914 42126 0
1741034916 41994 0
1741034918 42055 0
1741034920 42092 0
1741034922 42089 0
1741034924 42004 0
1741034926 42012 0
1741034928 42071 0
1741034930 41948 0
1741034932 42074 0
1741034934 42063 0
1741034936 42100 0
1741034938 42143 0
1741034940 42077 0
1741034942 42115 0
1741034944 42045 0
1741034946 42056 0
1741034949 42023 0
1741034951 42121 0
1741034953 42202 0
1741034955 42076 0
1741034957 42127 0
1741034959 42087 0
1741034961 42092 0
1741034963 42074 0
1741034965 42160 0
1741034967 42134 0
1741034969 41982 0
1741034971 42203 0
1741034973 42055 0
1741034975 42066 0
1741034977 42073 0
1741034979 42100 0
1741034981 42084 0
1741034983 42186 0
1741034985 42001 0
1741034987 42026 0
1741034989 42021 0
1741034991 42087 0
1741034994 42099 0
1741034996 41968 0
1741034998 42113 0
1741035000 42077 0
1741035002 42046 0
1741035004 42183 0
1741035006 42010 0
1741035008 42118 0
1741035010 42037 0
1741035012 42066 0
1741035014 41943 0
1741035016 42079 0
1741035018 41958 0
1741035020 42021 0
1741035022 41924 0
1741035024 41998 0
1741035026 42035 0
1741035028 42089 0
1741035030 42045 0
1741035032 41976 0
1741035034 42023 0
1741035036 42057 0
1741035038 42089 0
1741035041 42079 0
1741035043 42061 0
1741035045 42024 0
1741035047 42153 0
1741035049 42077 0
1741035051 42103 0
1741035053 42137 0
1741035055 42191 0
1741035057 42113 0
1741035059 42144 0
1741035061 42068 0
1741035063 41980 0
1741035065 42029 0
1741035067 41991 0
1741035069 42011 0
1741035071 42002 0
1741035073 41994 0
1741035075 42065 0
1741035077 42059 0
1741035079 42075 0
1741035081 42122 0
1741035083 42054 0
1741035085 41974 0
1741035088 41997 0
1741035090 42062 0
1741035092 42043 0
1741035094 42090 0
1741035096 42081 0
1741035098 42050 0
1741035100 41985 0
1741035102 42010 0
1741035104 42017 0
1741035106 42122 0
1741035108 42271 0
1741035110 42104 0
1741035112 42040 0
1741035114 42104 0
1741035116 42108 0
1741035118 42100 0
1741035120 42031 0
1741035122 42033 0
1741035124 42146 0
1741035126 42026 0
1741035128 42208 0
1741035130 42029 0
1741035133 41945 0
1741035135 42042 0
1741035137 42035 0
1741035139 42095 0
1741035141 42086 0
1741035143 42137 0
1741035145 42159 0
1741035147 42047 0
1741035149 42167 0
1741035151 41982 0
1741035153 41998 0
1741035155 42047 0
1741035157 42101 0
1741035159 42066 0
1741035161 42078 0
1741035163 42086 0
1741035165 42077 0
1741035167 42048 0
1741035169 42185 0
1741035171 42008 0
1741035173 42104 0
1741035175 42080 0
1741035177 42116 0
1741035180 42068 0
1741035182 42105 0
1741035184 42108 0
1741035186 42242 0
1741035188 42126 0
1741035190 42060 0
1741035192 41989 0
1741035194 42048 0
1741035196 42093 0
1741035198 41996 0
1741035200 42032 0
1741035202 42010 0
1741035204 42120 0
1741035206 42010 0
1741035208 42061 0
1741035210 42115 0
1741035212 42091 0
1741035214 42109 0
1741035216 42184 0
1741035218 42087 0
1741035220 41978 0
1741035222 42023 0
1741035224 42059 0
1741035227 41975 0
1741035229 42065 0
1741035231 42076 0
1741035233 42025 0
1741035235 42140 0
1741035237 42171 0
1741035239 42268 0
1741035241 42104 0
1741035243 42143 0
1741035245 42035 0
1741035247 42238 0
1741035249 42123 0
1741035251 42175 0
1741035253 42177 0
1741035255 42024 0
1741035257 42077 0
1741035259 42061 0
1741035261 42000 0
1741035263 42089 0
1741035265 42118 0
1741035267 42077 0
1741035269 42098 0
1741035271 42132 0
1741035274 42151 0
1741035276 42096 0
1741035278 42089 0
1741035280 42038 0
1741035282 42089 0
1741035284 41988 0
1741035286 42131 0
1741035288 42148 0
1741035290 42126 0
1741035292 41985 0
1741035294 42090 0
1741035296 42099 0
1741035298 42078 0
1741035300 42091 0
1741035302 42080 0
1741035304 42068 0
1741035306 41988 0
1741035308 42136 0
1741035310 42113 0
1741035312 42169 0
1741035314 42079 0
1741035316 42169 0
1741035319 42124 0
1741035321 42192 0
1741035323 42071 0
1741035325 42223 0
1741035327 42265 0
1741035329 42052 0
1741035331 42165 0
1741035333 42038 0
1741035335 42175 0
1741035337 42115 0
1741035339 42048 0
1741035341 42047 0
1741035343 42168 0
1741035345 42012 0
1741035347 42029 0
1741035349 42038 0
1741035351 42068 0
1741035353 42079 0
1741035355 42082 0
1741035357 42198 0
1741035359 42169 0
1741035361 42089 0
1741035363 42036 0
1741035366 42021 0
1741035368 42001 0
1741035370 42080 0
1741035372 42093 0
1741035374 42091 0
1741035376 42063 0
1741035378 42072 0
1741035380 41999 0
1741035382 41998 0
1741035384 42081 0
1741035386 42092 0
1741035388 42304 0
1741035390 42069 0
1741035392 42178 0
1741035394 42214 0
1741035396 42165 0
1741035398 42128 0
1741035400 42112 0
1741035402 42064 0
1741035404 42169 0
1741035406 42071 0
1741035408 42112 0
1741035411 41877 0
1741035413 41925 0
1741035415 41978 0
1741035417 41892 0
1741035419 42065 0
1741035421 42002 0
1741035423 41967 0
1741035425 42093 0
1741035427 41986 0
1741035429 42100 0
1741035431 41981 0
1741035433 41968 0
1741035435 41905 0
1741035437 42158 0
1741035439 42115 0
1741035441 42047 0
1741035443 42069 0
1741035445 42099 0
1741035447 42101 0
1741035449 42004 0
1741035451 42112 0
1741035453 41924 0
1741035455 42161 0
1741035458 42128 0
1741035460 42054 0
1741035462 42110 0
1741035464 42094 0
1741035466 42037 0
1741035468 42181 0
1741035470 42077 0
1741035472 41956 0
1741035474 42033 0
1741035476 42033 0
1741035478 41953 0
1741035480 42013 0
1741035482 41983 0
1741035484 42018 0
1741035486 42007 0
1741035488 41967 0
1741035490 42085 0
1741035492 42060 0
1741035494 42039 0
1741035496 41999 0
1741035498 42137 0
1741035500 42047 0
1741035503 42034 0
1741035505 42062 0
1741035507 42099 0
1741035509 41957 0
1741035511 41967 0
1741035513 41937 0
1741035515 42018 0
1741035517 42085 0
1741035519 42017 0
1741035521 42031 0
1741035523 42017 0
1741035525 42176 0
1741035527 42033 0
1741035529 42104 0
1741035531 42072 0
1741035533 42015 0
1741035535 42034 0
1741035537 42071 0
1741035539 42042 0
1741035541 42027 0
1741035543 42130 0
1741035545 42063 0
1741035547 42087 0
1741035550 42096 0
1741035552 42177 0
1741035554 42003 0
1741035556 42125 0
1741035558 41900 0
1741035560 42013 0
1741035562 42075 0
1741035564 42033 0
1741035566 42146 0
1741035568 42182 0
1741035570 42097 0
1741035572 42055 0
1741035574 42119 0
1741035576 42065 0
1741035578 41957 0
1741035580 42020 0
1741035582 41987 0
1741035584 41904 0
1741035586 41947 0
1741035588 42090 0
1741035590 42028 0
1741035592 42048 0
1741035594 42090 0
1741035597 42071 0
1741035599 42081 0
1741035601 41912 0
1741035603 42056 0
1741035605 41952 0
1741035607 42032 0
1741035609 42127 0
1741035611 41992 0
1741035613 42032 0
1741035615 41994 0
1741035617 42032 0
1741035619 42086 0
1741035621 42061 0
1741035623 42077 0
1741035625 42045 0
1741035627 42104 0
1741035629 42141 0
1741035631 42019 0
1741035633 42102 0
1741035635 42215 0
1741035637 42065 0
1741035639 42158 0
1741035642 42080 0
1741035644 42115 0
1741035646 42127 0
1741035648 42056 0
1741035650 42144 0
1741035652 42051 0
1741035654 42067 0
1741035656 42080 0
1741035658 42204 0
1741035660 42021 0
1741035662 42101 0
1741035664 42105 0
1741035666 42181 0
1741035668 41954 0
1741035670 42048 0
1741035672 42054 0
1741035674 42101 0
1741035676 42038 0
1741035678 42052 0
1741035680 42054 0
1741035682 42248 0
1741035684 42143 0
1741035687 42002 0
1741035689 42063 0
1741035691 42242 0
1741035693 42060 0
1741035695 41992 0
1741035697 42084 0
1741035699 42216 0
1741035701 42038 0
1741035703 42139 0
1741035705 42183 0
1741035707 42170 0
1741035709 42181 0
1741035711 42151 0
1741035713 42059 0
1741035715 42120 0
1741035717 42138 0
1741035719 42209 0
1741035721 42106 0
1741035723 42118 0
1741035725 42041 0
1741035727 42196 0
1741035729 42245 0
1741035731 42070 0
1741035734 42357 0
1741035736 42130 0
1741035738 42041 0
1741035740 42558 0
1741035742 42226 0
1741035744 42178 0
1741035746 42287 0
1741035748 42370 0
1741035750 41995 0
1741035752 42153 0
1741035754 41999 0
1741035756 42234 0
1741035758 41945 0
1741035760 42141 0
1741035762 42161 0
1741035764 42168 0
1741035766 42166 0
1741035768 42181 0
1741035770 42137 0
1741035772 41928 0
1741035774 42065 0
1741035776 42287 0
1741035779 41992 0
1741035781 42027 0
1741035783 42001 0
1741035785 42041 0
1741035787 42134 0
1741035789 42104 0
1741035791 42136 0
1741035793 41984 0
1741035795 42060 0
1741035797 42174 0
1741035799 42027 0
1741035801 42040 0
1741035803 42102 0
1741035805 41983 0
1741035807 42105 0
1741035809 42106 0
1741035811 42092 0
1741035813 42139 0
1741035815 42045 0
1741035817 41975 0
1741035819 42135 0
1741035821 42029 0
1741035823 42050 0
1741035826 42118 0
1741035828 42009 0
1741035830 42075 0
1741035832 42019 0
1741035834 42063 0
1741035836 42003 0
1741035838 42090 0
1741035840 42153 0
1741035842 42071 0
1741035844 42030 0
1741035846 42177 0
1741035848 41979 0
1741035850 41970 0
1741035852 42075 0
1741035854 42215 0
1741035856 42026 0
1741035858 42187 0
1741035860 41991 0
1741035862 42002 0
1741035864 41983 0
1741035866 42173 0
1741035868 42130 0
1741035870 42192 0
1741035873 42176 0
1741035875 42210 0
1741035877 42125 0
1741035879 42145 0
1741035881 42051 0
1741035883 42103 0
1741035885 42181 0
1741035887 41963 0
1741035889 42046 0
1741035891 42022 0
1741035893 41979 0
1741035895 42097 0
1741035897 42144 0
1741035899 41980 0
1741035901 42128 0
1741035903 42007 0
1741035905 41925 0
1741035907 42083 0
1741035909 42136 0
1741035911 41994 0
1741035913 41919 0
1741035915 42110 0
1741035917 41978 0
1741035920 42029 0
1741035922 41895 0
1741035924 41908 0
1741035926 42050 0
1741035928 41940 0
1741035930 41945 0
1741035932 42058 0
1741035934 41975 0
1741035936 42018 0
1741035938 42014 0
1741035940 41987 0
1741035942 42056 0
1741035944 41986 0
1741035946 42008 0
1741035948 42071 0
1741035950 42052 0
1741035952 42123 0
1741035954 41950 0
1741035956 42028 0
1741035958 42055 0
1741035960 41964 0
1741035962 42104 0
1741035965 42027 0
1741035967 42108 0
1741035969 41970 0
1741035971 42068 0
1741035973 42036 0
1741035975 42091 0
1741035977 42129 0
1741035979 42037 0
1741035981 42063 0
1741035983 42056 0
1741035985 42091 0
1741035987 42051 0
1741035989 41938 0
1741035991 41991 0
1741035993 42082 0
1741035995 42093 0
1741035997 42151 0
1741035999 42135 0
1741036001 41990 0
1741036003 42025 0
1741036005 42141 0
1741036007 42107 0
1741036009 41958 0
1741036012 42101 0
1741036014 42121 0
1741036016 42067 0
1741036018 42016 0
1741036020 41955 0
1741036022 41915 0
1741036024 42038 0
1741036026 41886 0
1741036028 41985 0
1741036030 42112 0
1741036032 41977 0
1741036034 42072 0
1741036036 42130 0
1741036038 42009 0
1741036040 42217 0
1741036042 42104 0
1741036044 41997 0
1741036046 41978 0
1741036048 42109 0
1741036050 42056 0
1741036052 42130 0
1741036054 42173 0
1741036056 42128 0
1741036059 42120 0
1741036061 42133 0
1741036063 42109 0
1741036065 41959 0
1741036067 42032 0
1741036069 42066 0
1741036071 42098 0
1741036073 42069 0
1741036075 42108 0
1741036077 42167 0
1741036079 42121 0
1741036081 42122 0
1741036083 42025 0
1741036085 41967 0
1741036087 42110 0
1741036089 42138 0
1741036091 42134 0
1741036093 42027 0
1741036095 42076 0
1741036097 42040 0
1741036099 42092 0
1741036101 42055 0
1741036104 42010 0
1741036106 41965 0
1741036108 42070 0
1741036110 42137 0
1741036112 41982 0
1741036114 42033 0
1741036116 42108 0
1741036118 42104 0
1741036120 42172 0
1741036122 42103 0
1741036124 42014 0
1741036126 42042 0
1741036128 42001 0
1741036130 41962 0
1741036132 42089 0
1741036134 42032 0
1741036136 42068 0
1741036138 42025 0
1741036140 42032 0
1741036142 42142 0
1741036144 42177 0
1741036146 42007 0
1741036148 42013 0
1741036151 42250 0
1741036153 42091 0
1741036155 42163 0
1741036157 42081 0
1741036159 42136 0
1741036161 41974 0
1741036163 42068 0
1741036165 42129 0
1741036167 41982 0
1741036169 42068 0
1741036171 41972 0
1741036173 42054 0
1741036175 42066 0
1741036177 41989 0
1741036179 42058 0
1741036181 42249 0
1741036183 42244 0
1741036185 42146 0
1741036187 42073 0
1741036189 42036 0
1741036191 42068 0
1741036193 42120 0
1741036195 42021 0
1741036198 42037 0
1741036200 42069 0
1741036202 41910 0
1741036204 42051 0
1741036206 42044 0
1741036208 42037 0
1741036210 41933 0
1741036212 42025 0
1741036214 42014 0
1741036216 42042 0
1741036218 42086 0
1741036220 41918 0
1741036222 42106 0
1741036224 42080 0
1741036226 42123 0
1741036228 42010 0
1741036230 41921 0
1741036232 42035 0
1741036234 42045 0
1741036236 42029 0
1741036238 42052 0
1741036240 41976 0
1741036242 42097 0
1741036245 41924 0
1741036247 41937 0
1741036249 42019 0
1741036251 41966 0
1741036253 41958 0
1741036255 42063 0
1741036257 41984 0
1741036259 41930 0
1741036261 42166 0
1741036263 42022 0
1741036265 42001 0
1741036267 42017 0
1741036269 42048 0
1741036271 42020 0
1741036273 42180 0
1741036275 42086 0
1741036277 42077 0
1741036279 42070 0
1741036281 42112 0
1741036283 42068 0
1741036285 42069 0
1741036287 42108 0
1741036290 42121 0
1741036292 42033 0
1741036294 42135 0
1741036296 42099 0
1741036298 42028 0
1741036300 41982 0
1741036302 41990 0
1741036304 42066 0
1741036306 41988 0
1741036308 42116 0
1741036310 42019 0
1741036312 41924 0
1741036314 41994 0
1741036316 42064 0
1741036318 41992 0
1741036320 42072 0
1741036322 41953 0
1741036324 41949 0
1741036326 42080 0
1741036328 41969 0
1741036330 42072 0
1741036332 41978 0
1741036334 42051 0
1741036337 41987 0
1741036339 41961 0
1741036341 42057 0
1741036343 42068 0
1741036345 42129 0
1741036347 41996 0
1741036349 42024 0
1741036351 42095 0
1741036353 42188 0
1741036355 42054 0
1741036357 42123 0
1741036359 42184 0
1741036361 42105 0
1741036363 42277 0
1741036365 42184 0
1741036367 42149 0
1741036369 42017 0
1741036371 42042 0
1741036373 42111 0
1741036375 42213 0
1741036377 42044 0
1741036379 42036 0
1741036381 42067 0
1741036384 42013 0
1741036386 42088 0
1741036388 41947 0
1741036390 42055 0
1741036392 41965 0
1741036394 41997 0
1741036396 41883 0
1741036398 42033 0
1741036400 41948 0
1741036402 42003 0
1741036404 42031 0
1741036406 42047 0
1741036408 42100 0
1741036410 41913 0
1741036412 41953 0
1741036414 42068 0
1741036416 42036 0
1741036418 42095 0
1741036420 41989 0
1741036422 42129 0
1741036424 42110 0
1741036426 42033 0
1741036429 42146 0
1741036431 41997 0
1741036433 41987 0
1741036435 42157 0
1741036437 41986 0
1741036439 41978 0
1741036441 42118 0
1741036443 41973 0
1741036445 42079 0
1741036447 42119 0
1741036449 42063 0
1741036451 42095 0
1741036453 41986 0
1741036455 42014 0
1741036457 42120 0
1741036459 42135 0
1741036461 42027 0
1741036463 42060 0
1741036465 41961 0
1741036467 42025 0
1741036469 42050 0
1741036471 41987 0
1741036473 42046 0
1741036476 41938 0
1741036478 41985 0
1741036480 42073 0
1741036482 42058 0
1741036484 41969 0
1741036486 42000 0
1741036488 41943 0
1741036490 42109 0
1741036492 42062 0
1741036494 42181 0
1741036496 41906 0
1741036498 41974 0
1741036500 42036 0
1741036502 41959 0
1741036504 42017 0
1741036506 41955 0
1741036508 41945 0
1741036510 41987 0
1741036512 41935 0
1741036514 42121 0
1741036516 41925 0
1741036518 41986 0
1741036521 42037 0
1741036523 41919 0
1741036525 41997 0
1741036527 42015 0
1741036529 42168 0
1741036531 42113 0
1741036533 41980 0
1741036535 42071 0
1741036537 42019 0
1741036539 42046 0
1741036541 42013 0
1741036543 41999 0
1741036545 42090 0
1741036547 42052 0
1741036549 42067 0
1741036551 41966 0
1741036553 42025 0
1741036555 42064 0
1741036557 41996 0
1741036559 42179 0
1741036561 42194 0
1741036563 42113 0
1741036565 42110 0
1741036568 42010 0
1741036570 42085 0
1741036572 42079 0
1741036574 42128 0
1741036576 42117 0
1741036578 42114 0
1741036580 41937 0
1741036582 42076 0
1741036584 41986 0
1741036586 42012 0
1741036588 42066 0
1741036590 42058 0
1741036592 41991 0
1741036594 41974 0
1741036596 42007 0
1741036598 41993 0
1741036600 42042 0
1741036602 42082 0
1741036604 41984 0
1741036606 41990 0
1741036608 41935 0
1741036610 42018 0
1741036612 41964 0
1741036615 42089 0
1741036617 42014 0
1741036619 42013 0
1741036621 42192 0
1741036623 42092 0
1741036625 42159 0
1741036627 42161 0
1741036629 42142 0
1741036631 42207 0
1741036633 42105 0
1741036635 42073 0
1741036637 42016 0
1741036639 42052 0
1741036641 42002 0
1741036643 42056 0
1741036645 42091 0
1741036647 42110 0
1741036649 42126 0
1741036651 42056 0
1741036653 42102 0
1741036655 42012 0
1741036657 42059 0
1741036660 42049 0
1741036662 42073 0
1741036664 41969 0
1741036666 42005 0
1741036668 41989 0
1741036670 41994 0
1741036672 42164 0
1741036674 42009 0
1741036676 41929 0
1741036678 42029 0
1741036680 42091 0
1741036682 42141 0
1741036684 42086 0
1741036686 41971 0
1741036688 41889 0
1741036690 41930 0
1741036692 42140 0
1741036694 42159 0
1741036696 42019 0
1741036698 41990 0
1741036700 42061 0
1741036702 42143 0
1741036704 42061 0
1741036707 42092 0
1741036709 42024 0
1741036711 42150 0
1741036713 42008 0
1741036715 42112 0
1741036717 42157 0
1741036719 42182 0
1741036721 42001 0
1741036723 41946 0
1741036725 42058 0
1741036727 42067 0
1741036729 41960 0
1741036731 42140 0
1741036733 41989 0
1741036735 42052 0
1741036737 42006 0
1741036739 41994 0
1741036741 42103 0
1741036743 41994 0
1741036745 42134 0
1741036747 41905 0
1741036749 42085 0
1741036752 42186 0
1741036754 42103 0
1741036756 42004 0
1741036758 42047 0
1741036760 41989 0
1741036762 42236 0
1741036764 42160 0
1741036766 42211 0
1741036768 42056 0
1741036770 42102 0
1741036772 42077 0
1741036774 42062 0
1741036776 42019 0
1741036778 41927 0
1741036780 42137 0
1741036782 42054 0
1741036784 42018 0
1741036786 42129 0
1741036788 42019 0
1741036790 42025 0
1741036792 42033 0
1741036794 42100 0
1741036796 41987 0
1741036799 42102 0
1741036801 42078 0
1741036803 41989 0
1741036805 42041 0
1741036807 42065 0
1741036809 41981 0
1741036811 41928 0
1741036813 42037 0
1741036815 41971 0
1741036817 42017 0
1741036819 42125 0
1741036821 42048 0
1741036823 42153 0
1741036825 42214 0
1741036827 42035 0
1741036829 42148 0
1741036831 42032 0
1741036833 42111 0
1741036835 42088 0
1741036837 42063 0
1741036839 42138 0
1741036841 42025 0
1741036844 42071 0
1741036846 41989 0
1741036848 42052 0
1741036850 42059 0
1741036852 42030 0
1741036854 42035 0
1741036856 41978 0
1741036858 42077 0
1741036860 41958 0
1741036862 42094 0
1741036864 42071 0
1741036866 41928 0
1741036868 41933 0
1741036870 42051 0
1741036872 41947 0
1741036874 41983 0
1741036876 42041 0
1741036878 42022 0
1741036880 41984 0
1741036882 42055 0
1741036884 41926 0
1741036886 41990 0
1741036888 42039 0
1741036891 42104 0
1741036893 41989 0
1741036895 41960 0
1741036897 42000 0
1741036899 42005 0
1741036901 42063 0
1741036903 42120 0
1741036905 42100 0
1741036907 42047 0
1741036909 42036 0
1741036911 42120 0
1741036913 42243 0
1741036915 42070 0
1741036917 42039 0
1741036919 42115 0
1741036921 42138 0
1741036923 42085 0
1741036925 42039 0
1741036927 42098 0
1741036929 41980 0
1741036931 41923 0
1741036933 42080 0
1741036935 42004 0
1741036938 42047 0
1741036940 41979 0
1741036942 42173 0
1741036944 42182 0
1741036946 41924 0
1741036948 42168 0
1741036950 41975 0
1741036952 42071 0
1741036954 42018 0
1741036956 42027 0
1741036958 42141 0
1741036960 42086 0
1741036962 42095 0
1741036964 42000 0
1741036966 41984 0
1741036968 42029 0
1741036970 42181 0
1741036972 42171 0
1741036974 42016 0
1741036976 42152 0
1741036978 42039 0
1741036980 42035 0
1741036983 42132 0
1741036985 42107 0
1741036987 41952 0
1741036989 41980 0
1741036991 41963 0
1741036993 42041 0
1741036995 41995 0
1741036997 41961 0
1741036999 42045 0
1741037001 41860 0
1741037003 41906 0
1741037005 42070 0
1741037007 42052 0
1741037009 41976 0
1741037011 41995 0
1741037013 41977 0
1741037015 41933 0
1741037017 42001 0
1741037019 42028 0
1741037021 41967 0
1741037023 42133 0
1741037025 42043 0
1741037027 41947 0
1741037030 42022 0
1741037032 41920 0
1741037034 42005 0
1741037036 41969 0
1741037038 42023 0
1741037040 42008 0
1741037042 41930 0
1741037044 41962 0
1741037046 42025 0
1741037048 42107 0
1741037050 41961 0
1741037052 41958 0
1741037054 41939 0
1741037056 42117 0
1741037058 42011 0
1741037060 42052 0
1741037062 42040 0
1741037064 41954 0
1741037066 41987 0
1741037068 42114 0
1741037070 42094 0
1741037072 42023 0
1741037074 42006 0
1741037077 42144 0
1741037079 42074 0
1741037081 42177 0
1741037083 42039 0
1741037085 42072 0
1741037087 42083 0
1741037089 42229 0
1741037091 42123 0
1741037093 42084 0
1741037095 42030 0
1741037097 42195 0
1741037099 42176 0
1741037101 42170 0
1741037103 42067 0
1741037105 42194 0
1741037107 42049 0
1741037109 42163 0
1741037111 42255 0
1741037113 42109 0
1741037115 42043 0
1741037117 42168 0
1741037119 42008 0
1741037122 42020 0
1741037124 42171 0
1741037126 42104 0
1741037128 42063 0
1741037130 41994 0
1741037132 42027 0
1741037134 42011 0
1741037136 41948 0
1741037138 41898 0
1741037140 42039 0
1741037142 41853 0
1741037144 41939 0
1741037146 41848 0
1741037148 41875 0
1741037150 41962 0
1741037152 41898 0
1741037154 41890 0
1741037156 41925 0
1741037158 41936 0
1741037160 42040 0
1741037162 41986 0
1741037164 41994 0
1741037166 42136 0
1741037169 42002 0
1741037171 41972 0
1741037173 42048 0
1741037175 41983 0
1741037177 41876 0
1741037179 41987 0
1741037181 41899 0
1741037183 41950 0
1741037185 41937 0
1741037187 41933 0
1741037189 41946 0
1741037191 41961 0
1741037193 42017 0
1741037195 41897 0
1741037197 41962 0
1741037199 41836 0
1741037201 41937 0
1741037203 41895 0
1741037205 41916 0
1741037207 41931 0
1741037209 41953 0
1741037211 41826 0
1741037214 41829 0
1741037216 41913 0
1741037218 41846 0
1741037220 41883 0
1741037222 41924 0
1741037224 41834 0
1741037226 41853 0
1741037228 41865 0
1741037230 41845 0
1741037232 41874 0
1741037234 42005 0
1741037236 42055 0
1741037238 41950 0
1741037240 41971 0
1741037242 41976 0
1741037244 41973 0
1741037246 42029 0
1741037248 41958 0
1741037250 42052 0
1741037252 42118 0
1741037254 41965 0
1741037256 42098 0
1741037258 42016 0
1741037261 42044 0
1741037263 42039 0
1741037265 42023 0
1741037267 41919 0
1741037269 41960 0
1741037271 42018 0
1741037273 41949 0
1741037275 41950 0
1741037277 41861 0
1741037279 41970 0
1741037281 41796 0
1741037283 41930 0
1741037285 41890 0
1741037287 41884 0
1741037289 41840 0
1741037291 41918 0
1741037293 41843 0
1741037295 41934 0
1741037297 41888 0
1741037299 41854 0
1741037301 41885 0
1741037303 41855 0
1741037305 41914 0
1741037308 41931 0
1741037310 42146 0
1741037312 41972 0
1741037314 42023 0
1741037316 42070 0
1741037318 42097 0
1741037320 42045 0
1741037322 42032 0
1741037324 42034 0
1741037326 42012 0
1741037328 41974 0
1741037330 42083 0
1741037332 42065 0
1741037334 42019 0
1741037336 42181 0
1741037338 41821 0
1741037340 41950 0
1741037342 42132 0
1741037344 42057 0
1741037346 41908 0
1741037348 42081 0
1741037350 41939 0
1741037353 41879 0
1741037355 42157 0
1741037357 42133 0
1741037359 42028 0
1741037361 42074 0
1741037363 41935 0
1741037365 41856 0
1741037367 42012 0
1741037369 41854 0
1741037371 42013 0
1741037373 42026 0
1741037375 42112 0
1741037377 42153 0
1741037379 42167 0
1741037381 42100 0
1741037383 42106 0
1741037385 42131 0
1741037387 42042 0
1741037389 41973 0
1741037391 41924 0
1741037393 42019 0
1741037451 37238 0
1741037453 42167 0
1741037455 41998 0
1741037457 41993 0
1741037459 42078 0
1741037461 42054 0
1741037463 42160 0
1741037465 42071 0
1741037467 42132 0
1741037469 42109 0
1741037471 42202 0
1741037473 42102 0
1741037475 42041 0
1741037477 42109 0
1741037479 42106 0
1741037481 42056 0
1741037483 41969 0
1741037485 42047 0
1741037487 42223 0
1741037489 42123 0
1741037492 42109 0
1741037494 41995 0
1741037496 42100 0
1741037498 41963 0
1741037500 42069 0
1741037502 41900 0
1741037504 41986 0
1741037506 42017 0
1741037508 42036 0
1741037510 42059 0
1741037512 41988 0
1741037514 42024 0
1741037516 42014 0
1741037518 42043 0
1741037520 42060 0
1741037522 42035 0
1741037524 42004 0
1741037526 42105 0
1741037528 41900 0
1741037530 41966 0
1741037532 42024 0
1741037534 42034 0
1741037536 41917 0
1741037539 42060 0
1741037541 41959 0
1741037543 42073 0
1741037545 41954 0
1741037547 42009 0
1741037549 41940 0
1741037551 41986 0
1741037553 42029 0
1741037555 41867 0
1741037557 41977 0
1741037559 41964 0
1741037561 41979 0
1741037563 41832 0
1741037565 41938 0
1741037567 42004 0
1741037569 41932 0
1741037571 41917 0
1741037573 41917 0
1741037575 41975 0
1741037577 41872 0
1741037580 41959 0
1741037582 42026 0
1741037584 41900 0
1741037586 42081 0
1741037588 42132 0
1741037590 41999 0
1741037592 42066 0
1741037594 41989 0
1741037596 41893 0
1741037598 41962 0
1741037600 42053 0
1741037602 42040 0
1741037604 42105 0
1741037606 42070 0
1741037608 41973 0
1741037610 42050 0
1741037612 41894 0
1741037614 41904 0
1741037616 41971 0
1741037618 41991 0
1741037620 41983 0
1741037622 41973 0
1741037625 41884 0
1741037627 41948 0
1741037629 41960 0
1741037631 42017 0
1741037633 41977 0
1741037635 41924 0
1741037637 42003 0
1741037639 41952 0
1741037641 42009 0
1741037643 41833 0
1741037645 42105 0
1741037647 42023 0
1741037649 42236 0
1741037651 41983 0
1741037653 42022 0
1741037655 42033 0
1741037657 42024 0
1741037659 42049 0
1741037661 42196 0
1741037663 42051 0
1741037665 42090 0
1741037667 42123 0
1741037669 42034 0
1741037672 42150 0
1741037674 41951 0
1741037676 42010 0
1741037678 42017 0
1741037680 42047 0
1741037682 42008 0
1741037684 42060 0
1741037686 42093 0
1741037688 41971 0
1741037690 41909 0
1741037692 41994 0
1741037694 42041 0
1741037696 41929 0
1741037698 41840 0
1741037700 42041 0
1741037702 42000 0
1741037704 41950 0
1741037706 41990 0
1741037708 41942 0
1741037710 41950 0
1741037712 41901 0
1741037714 42035 0
1741037716 42006 0
1741037719 41927 0
1741037721 41890 0
1741037723 41984 0
1741037725 41916 0
1741037727 41985 0
1741037729 42098 0
1741037731 42226 0
1741037733 42132 0
1741037735 41853 0
1741037737 42081 0
1741037739 42111 0
1741037741 42073 0
1741037743 42050 0
1741037745 42009 0
1741037747 41998 0
1741037749 42050 0
1741037751 42004 0
1741037753 41975 0
1741037755 42000 0
1741037757 41985 0
1741037760 41986 0
1741037762 41908 0
1741037764 41958 0
1741037766 41953 0
1741037768 41916 0
1741037770 41966 0
1741037772 42021 0
1741037774 41956 0
1741037776 41913 0
1741037778 42042 0
1741037780 42025 0
1741037782 41965 0
1741037784 41983 0
1741037786 41889 0
1741037788 41906 0
1741037790 41975 0
1741037792 42052 0
1741037794 42143 0
1741037796 42127 0
1741037798 42077 0
1741037800 41983 0
1741037802 41916 0
1741037804 41935 0
1741037807 41934 0
1741037809 41921 0
1741037811 41963 0
1741037813 41939 0
1741037815 41866 0
1741037817 41855 0
1741037819 42178 0
1741037821 41861 0
1741037823 41900 0
1741037825 41942 0
1741037827 41854 0
1741037829 41891 0
1741037831 41885 0
1741037833 41909 0
1741037835 42012 0
1741037837 42083 0
1741037839 41959 0
1741037841 41922 0
1741037843 41929 0
1741037845 41906 0
1741037847 42110 0
1741037849 42165 0
1741037851 41869 0
1741037854 41919 0
1741037856 41934 0
1741037858 41898 0
1741037860 42034 0
1741037862 42027 0
1741037864 41948 0
1741037866 42096 0
1741037868 41980 0
1741037870 41973 0
1741037872 42007 0
1741037874 42072 0
1741037876 41983 0
1741037878 41995 0
1741037880 41900 0
1741037882 41902 0
1741037884 41955 0
1741037886 42039 0
1741037888 41883 0
1741037890 41993 0
1741037892 41887 0
1741037894 42007 0
1741037896 42023 0
1741037898 41925 0
1741037901 42004 0
1741037903 41972 0
1741037905 41907 0
1741037907 41865 0
1741037909 41978 0
1741037911 41949 0
1741037913 41843 0
1741037915 41911 0
1741037917 41953 0
1741037919 41924 0
1741037921 41905 0
1741037923 41927 0
1741037925 41927 0
1741037927 41921 0
1741037929 41880 0
1741037931 41932 0
1741037933 42019 0
1741037935 41933 0
1741037937 41961 0
1741037939 41990 0
1741037941 41980 0
1741037943 41919 0
1741037945 41892 0
1741037948 41926 0
1741037950 41854 0
1741037952 41989 0
1741037954 41940 0
1741037956 42003 0
1741037958 41984 0
1741037960 42027 0
1741037962 41954 0
1741037964 41885 0
1741037966 41912 0
1741037968 42058 0
1741037970 42073 0
1741037972 42039 0
1741037974 41952 0
1741037976 42021 0
1741037978 42036 0
1741037980 42023 0
1741037982 42013 0
1741037984 41952 0
1741037986 42007 0
1741037988 42025 0
1741037991 42036 0
1741037993 42066 0
1741037995 42118 0
1741037997 41950 0
1741037999 42116 0
1741038001 42034 0
1741038003 42096 0
1741038005 42014 0
1741038007 42027 0
1741038009 42062 0
1741038011 42012 0
1741038013 41965 0
1741038015 42002 0
1741038017 41977 0
1741038019 41964 0
1741038021 41993 0
1741038023 41899 0
1741038025 41978 0
1741038027 42008 0
1741038029 42018 0
1741038031 42011 0
1741038033 41991 0
1741038035 41792 0
1741038038 41969 0
1741038040 42084 0
1741038042 42010 0
1741038044 41990 0
1741038046 42089 0
1741038048 42050 0
1741038050 41931 0
1741038052 41951 0
1741038054 42089 0
1741038056 42111 0
1741038058 42069 0
1741038060 42144 0
1741038062 42071 0
1741038064 42085 0
1741038066 42100 0
1741038068 42294 0
1741038070 42267 0
1741038072 42122 0
1741038074 42122 0
1741038076 42028 0
1741038078 42211 0
1741038080 42133 0
1741038083 42090 0
1741038085 42193 0
1741038087 42152 0
1741038089 42034 0
1741038091 42193 0
1741038093 42165 0
1741038095 42085 0
1741038097 42151 0
1741038099 42007 0
1741038101 42141 0
1741038103 42136 0
1741038105 42042 0
1741038107 41987 0
1741038109 41969 0
1741038111 42024 0
1741038113 42018 0
1741038115 42044 0
1741038117 42000 0
1741038119 41973 0
1741038121 41973 0
1741038123 41972 0
1741038125 42012 0
1741038127 41880 0
1741038130 42060 0
1741038132 42094 0
1741038134 42023 0
1741038136 42067 0
1741038138 42059 0
1741038140 41930 0
1741038142 42034 0
1741038144 41979 0
1741038146 41998 0
1741038148 42000 0
1741038150 42133 0
1741038152 42124 0
1741038154 41970 0
1741038156 41950 0
1741038158 42017 0
1741038160 41993 0
1741038162 41928 0
1741038164 41972 0
1741038166 42017 0
1741038168 41915 0
1741038170 42048 0
1741038172 41965 0
1741038174 41965 0
1741038177 41873 0
1741038179 41863 0
1741038181 41952 0
1741038183 42008 0
1741038185 42019 0
1741038187 41905 0
1741038189 41851 0
1741038191 41992 0
1741038193 42018 0
1741038195 41920 0
1741038197 42012 0
1741038199 41977 0
1741038201 41851 0
1741038203 42083 0
1741038205 42045 0
1741038207 42024 0
1741038209 42020 0
1741038211 41935 0
1741038213 42089 0
1741038215 41997 0
1741038217 42028 0
1741038219 42024 0
1741038222 42002 0
1741038224 41929 0
1741038226 41896 0
1741038228 41988 0
1741038230 41878 0
1741038232 41940 0
1741038234 41997 0
1741038236 41900 0
1741038238 41920 0
1741038240 41916 0
1741038242 41913 0
1741038244 41806 0
1741038246 41846 0
1741038248 41899 0
1741038250 41969 0
1741038252 41888 0
1741038254 41936 0
1741038256 41869 0
1741038258 42022 0
1741038260 42040 0
1741038262 42094 0
1741038264 41880 0
1741038266 41904 0
1741038269 41899 0
1741038271 42080 0
1741038273 41917 0
1741038275 41961 0
1741038277 42085 0
1741038279 42096 0
1741038281 41901 0
1741038283 42065 0
1741038285 41941 0
1741038287 42009 0
1741038289 42050 0
1741038291 41961 0
1741038293 42030 0
1741038295 42083 0
1741038297 42039 0
1741038299 42051 0
1741038301 41974 0
1741038303 41956 0
1741038305 41936 0
1741038307 42035 0
1741038309 41971 0
1741038311 42050 0
1741038313 41892 0
1741038316 41997 0
1741038318 41908 0
1741038320 41932 0
1741038322 42068 0
1741038324 41928 0
1741038326 41932 0
1741038328 42007 0
1741038330 41964 0
1741038332 41882 0
1741038334 41866 0
1741038336 41877 0
1741038338 42018 0
1741038340 42007 0
1741038342 42008 0
1741038344 41978 0
1741038346 41954 0
1741038348 41941 0
1741038350 41933 0
1741038352 41959 0
1741038354 42001 0
1741038356 42026 0
1741038358 41962 0
1741038361 41943 0
1741038363 41983 0
1741038365 41961 0
1741038367 41937 0
1741038369 41991 0
1741038371 41985 0
1741038373 41940 0
1741038375 41974 0
1741038377 41915 0
1741038379 41969 0
1741038381 41798 0
1741038383 42002 0
1741038385 41843 0
1741038387 41845 0
1741038389 41885 0
1741038391 41981 0
1741038393 41929 0
1741038395 41889 0
1741038397 41807 0
1741038399 41809 0
1741038401 41954 0
1741038403 41960 0
1741038406 41854 0
1741038408 41848 0
1741038410 41893 0
1741038412 41951 0
1741038414 41822 0
1741038416 41999 0
1741038418 41930 0
1741038420 41890 0
1741038422 41764 0
1741038424 41910 0
1741038426 41788 0
1741038428 41832 0
1741038430 41828 0
1741038432 41805 0
1741038434 41931 0
1741038436 41768 0
1741038438 41828 0
1741038440 41834 0
1741038442 41933 0
1741038444 41780 0
1741038446 41940 0
1741038448 41891 0
1741038450 41922 0
1741038453 41991 0
1741038455 41827 0
1741038457 41866 0
1741038459 41849 0
1741038461 41865 0
1741038463 41850 0
1741038465 41894 0
1741038467 41848 0
1741038469 41772 0
1741038471 41924 0
1741038473 41887 0
1741038475 41834 0
1741038477 41829 0
1741038479 41811 0
1741038481 41989 0
1741038483 41893 0
1741038485 42017 0
1741038487 41968 0
1741038489 41970 0
1741038491 41888 0
1741038493 41829 0
1741038495 41820 0
1741038498 41940 0
1741038500 41788 0
1741038502 41889 0
1741038504 41937 0
1741038506 41914 0
1741038508 41792 0
1741038510 41892 0
1741038512 41851 0
1741038514 41852 0
1741038516 41807 0
1741038518 41828 0
1741038520 41797 0
1741038522 41835 0
1741038524 41818 0
1741038526 41786 0
1741038528 41807 0
1741038530 41880 0
1741038532 41790 0
1741038534 41799 0
1741038536 41896 0
1741038538 41955 0
1741038540 41876 0
1741038542 41960 0
1741038545 41966 0
1741038547 41872 0
1741038549 41873 0
1741038551 41999 0
1741038553 41886 0
1741038555 42021 0
1741038557 41950 0
1741038559 42000 0
1741038561 41902 0
1741038563 42122 0
1741038565 41963 0
1741038567 41936 0
1741038569 41920 0
1741038571 41743 0
1741038573 41966 0
1741038575 41862 0
1741038577 41957 0
1741038579 41982 0
1741038581 41904 0
1741038583 41830 0
1741038585 41879 0
1741038587 41845 0
1741038589 42016 0
1741038592 41966 0
1741038594 41822 0
1741038596 41885 0
1741038598 41976 0
1741038600 41947 0
1741038602 42070 0
1741038604 41969 0
1741038606 41865 0
1741038608 42123 0
1741038610 42043 0
1741038612 41886 0
1741038614 41958 0
1741038616 41988 0
1741038618 41985 0
1741038620 41977 0
1741038622 42011 0
1741038624 41880 0
1741038626 42016 0
1741038628 41967 0
1741038630 42047 0
1741038632 41959 0
1741038634 41995 0
1741038637 41934 0
1741038639 41905 0
1741038641 41885 0
1741038643 41914 0
1741038645 41995 0
1741038647 41865 0
1741038649 41853 0
1741038651 41923 0
1741038653 41950 0
1741038655 41873 0
1741038657 41831 0
1741038659 41897 0
1741038661 41771 0
1741038663 41840 0
1741038665 41861 0
1741038667 41860 0
1741038669 41874 0
1741038671 41935 0
1741038673 41870 0
1741038675 41859 0
1741038677 41927 0
1741038679 41879 0
1741038681 42042 0
1741038684 41984 0
1741038686 41929 0
1741038688 41822 0
1741038690 41975 0
1741038692 41898 0
1741038694 41924 0
1741038696 41936 0
1741038698 41964 0
1741038700 41966 0
1741038702 41932 0
1741038704 41907 0
1741038706 41978 0
1741038708 41928 0
1741038710 41845 0
1741038712 41901 0
1741038714 41977 0
1741038716 41911 0
1741038718 41861 0
1741038720 41875 0
1741038722 41800 0
1741038724 41866 0
1741038726 41810 0
1741038728 41780 0
1741038731 41868 0
1741038733 41968 0
1741038735 41900 0
1741038737 41899 0
1741038739 42023 0
1741038741 41958 0
1741038743 41891 0
1741038745 41888 0
1741038747 41938 0
1741038749 41992 0
1741038751 41936 0
1741038753 42055 0
1741038755 41990 0
1741038757 42041 0
1741038759 41878 0
1741038761 41932 0
1741038763 41890 0
1741038765 41967 0
1741038767 41955 0
1741038769 41949 0
1741038771 41955 0
1741038773 41817 0
1741038776 41815 0
1741038778 41856 0
1741038780 42021 0
1741038782 41909 0
1741038784 41786 0
1741038786 41890 0
1741038788 41828 0
1741038790 41882 0
1741038792 41992 0
1741038794 41849 0
1741038796 41895 0
1741038798 41964 0
1741038800 41835 0
1741038802 42009 0
1741038804 41910 0
1741038806 41922 0
1741038808 41836 0
1741038810 41929 0
1741038812 41982 0
1741038814 41975 0
1741038816 41888 0
1741038818 41815 0
1741038821 41875 0
1741038823 41809 0
1741038825 41949 0
1741038827 41814 0
1741038829 41820 0
1741038831 41945 0
1741038833 41886 0
1741038835 42044 0
1741038837 41917 0
1741038839 41995 0
1741038841 41911 0
1741038843 41881 0
1741038845 41930 0
1741038847 41860 0
1741038849 41896 0
1741038851 41843 0
1741038853 41885 0
1741038855 41936 0
1741038857 41974 0
1741038859 41877 0
1741038861 41942 0
1741038863 41926 0
1741038865 41921 0
1741038868 42001 0
1741038870 41864 0
1741038872 41913 0
1741038874 41977 0
1741038876 41786 0
1741038878 42006 0
1741038880 41840 0
1741038882 42086 0
1741038884 42024 0
1741038886 42007 0
1741038888 41929 0
1741038890 42004 0
1741038892 42034 0
1741038894 41986 0
1741038896 42039 0
1741038898 42068 0
1741038900 42058 0
1741038902 41979 0
1741038904 41993 0
1741038906 41978 0
1741038908 42016 0
1741038910 41934 0
1741038913 42082 0
1741038915 41986 0
1741038917 41947 0
1741038919 41938 0
1741038921 41908 0
1741038923 41919 0
1741038925 41901 0
1741038927 41894 0
1741038929 41930 0
1741038931 42029 0
1741038933 41876 0
1741038935 41947 0
1741038937 41917 0
1741038939 41903 0
1741038941 41986 0
1741038943 41966 0
1741038945 42010 0
1741038947 41870 0
1741038949 41905 0
1741038951 41887 0
1741038953 41875 0
1741038955 41866 0
1741038957 41901 0
1741038960 41975 0
1741038962 41998 0
1741038964 42004 0
1741038966 42027 0
1741038968 41971 0
1741038970 41969 0
1741038972 41921 0
1741038974 42000 0
1741038976 41862 0
1741038978 42021 0
1741038980 41978 0
1741038982 41941 0
1741038984 41824 0
1741038986 41906 0
1741038988 41901 0
1741038990 41852 0
1741038992 41840 0
1741038994 41845 0
1741038996 41890 0
1741038998 41956 0
1741039000 41985 0
1741039002 41829 0
1741039004 41872 0
1741039007 41806 0
1741039009 41878 0
1741039011 41805 0
1741039013 41785 0
1741039015 41989 0
1741039017 41996 0
1741039019 41951 0
1741039021 42096 0
1741039023 41917 0
1741039025 41858 0
1741039027 41994 0
1741039029 41829 0
1741039031 41989 0
1741039033 41893 0
1741039035 41863 0
1741039037 41948 0
1741039039 41924 0
1741039041 41935 0
1741039043 41994 0
1741039045 41938 0
1741039047 41847 0
1741039049 41957 0
1741039051 41981 0
1741039054 41794 0
1741039056 41867 0
1741039058 41991 0
1741039060 41906 0
1741039062 41910 0
1741039064 41863 0
1741039066 41891 0
1741039068 42002 0
1741039070 41995 0
1741039072 41987 0
1741039074 41969 0
1741039076 41829 0
1741039078 41962 0
1741039080 41651 0
1741039082 41904 0
1741039084 41919 0
1741039086 41956 0
1741039088 41913 0
1741039090 41950 0
1741039092 41991 0
1741039094 41856 0
1741039096 41931 0
1741039099 41900 0
1741039101 41953 0
1741039103 42074 0
1741039105 41875 0
1741039107 41928 0
1741039109 41949 0
1741039111 41916 0
1741039113 41907 0
1741039115 41899 0
1741039117 41905 0
1741039119 41942 0
1741039121 41957 0
1741039123 41914 0
1741039125 41964 0
1741039127 41946 0
1741039129 41890 0
1741039131 41980 0
1741039133 41941 0
1741039135 41891 0
1741039137 41825 0
1741039139 42039 0
1741039141 41934 0
1741039143 41924 0
1741039146 41872 0
1741039148 41954 0
1741039150 41912 0
1741039152 41770 0
1741039154 42041 0
1741039156 41895 0
1741039158 41867 0
1741039160 41892 0
1741039162 41868 0
1741039164 41874 0
1741039166 41879 0
1741039168 41889 0
1741039170 42011 0
1741039172 41948 0
1741039174 42027 0
1741039176 41985 0
1741039178 41914 0
1741039180 42018 0
1741039182 41823 0
1741039184 41963 0
1741039186 41948 0
1741039188 42039 0
1741039190 41870 0
1741039193 41975 0
1741039195 42075 0
1741039197 42019 0
1741039199 41934 0
1741039201 41992 0
1741039203 41962 0
1741039205 41939 0
1741039207 41986 0
1741039209 41952 0
1741039211 42054 0
1741039213 41992 0
1741039215 41819 0
1741039217 41921 0
1741039219 41918 0
1741039221 41993 0
1741039223 41923 0
1741039225 41787 0
1741039227 41948 0
1741039229 41952 0
1741039231 41928 0
1741039233 42059 0
1741039235 41982 0
1741039238 41952 0
1741039240 41946 0
1741039242 42050 0
1741039244 41900 0
1741039246 41849 0
1741039248 42040 0
1741039250 41988 0
1741039252 41848 0
1741039254 41960 0
1741039256 41828 0
1741039258 41845 0
1741039260 41884 0
1741039262 41960 0
1741039264 41810 0
1741039266 41895 0
1741039268 41852 0
1741039270 41827 0
1741039272 41800 0
1741039274 41843 0
1741039276 41908 0
1741039278 41950 0
1741039280 41786 0
1741039282 41816 0
1741039285 41962 0
1741039287 41893 0
1741039289 41894 0
1741039291 41868 0
1741039293 42007 0
1741039295 41769 0
1741039297 42003 0
1741039299 41850 0
1741039301 41821 0
1741039303 41844 0
1741039305 42021 0
1741039307 41917 0
1741039309 41979 0
1741039311 41936 0
1741039313 41895 0
1741039315 41919 0
1741039317 41893 0
1741039319 41929 0
1741039321 41926 0
1741039323 42038 0
1741039325 41901 0
1741039327 42016 0
1741039329 41923 0
1741039332 41979 0
1741039334 41837 0
1741039336 41918 0
1741039338 41843 0
1741039340 41935 0
1741039342 41942 0
1741039344 41906 0
1741039346 41860 0
1741039348 41917 0
1741039350 42007 0
1741039352 41911 0
1741039354 41950 0
1741039356 41882 0
1741039358 41876 0
1741039360 41917 0
1741039362 42080 0
1741039364 41947 0
1741039366 41890 0
1741039368 41913 0
1741039370 41829 0
1741039372 41903 0
1741039374 41982 0
1741039377 42072 0
1741039379 42057 0
1741039381 41895 0
1741039383 41902 0
1741039385 41962 0
1741039387 42082 0
1741039389 42002 0
1741039391 41975 0
1741039393 41948 0
1741039395 41890 0
1741039397 41865 0
1741039399 41870 0
1741039401 41775 0
1741039403 41893 0
1741039405 41882 0
1741039407 41767 0
1741039409 41958 0
1741039411 41849 0
1741039413 41852 0
1741039415 41884 0
1741039417 41804 0
1741039419 41866 0
1741039421 41961 0
1741039424 41852 0
1741039426 41953 0
1741039428 41820 0
1741039430 41884 0
1741039432 41940 0
1741039434 41943 0
1741039436 41853 0
1741039438 41904 0
1741039440 41875 0
1741039442 41967 0
1741039444 42044 0
1741039446 41904 0
1741039448 42006 0
1741039450 42118 0
1741039452 42003 0
1741039454 41973 0
1741039456 42011 0
1741039458 42052 0
1741039460 41956 0
1741039462 42047 0
1741039464 41786 0
1741039467 42030 0
1741039469 41898 0
1741039471 41940 0
1741039473 41865 0
1741039475 42020 0
1741039477 41897 0
1741039479 41944 0
1741039481 41952 0
1741039483 41870 0
1741039485 41893 0
1741039487 41945 0
1741039489 41871 0
1741039491 41879 0
1741039493 41784 0
1741039495 41902 0
1741039497 41956 0
1741039499 41884 0
1741039501 41893 0
1741039503 41878 0
1741039505 41871 0
1741039507 41997 0
1741039509 42071 0
1741039511 42007 0
1741039514 41927 0
1741039516 41969 0
1741039518 41763 0
1741039520 41803 0
1741039522 41873 0
1741039524 41892 0
1741039526 41917 0
1741039528 41926 0
1741039530 41910 0
1741039532 41818 0
1741039534 41823 0
1741039536 41891 0
1741039538 41904 0
1741039540 41888 0
1741039542 41887 0
1741039544 41881 0
1741039546 41825 0
1741039548 41930 0
1741039550 41763 0
1741039552 41719 0
1741039554 41929 0
1741039556 41964 0
1741039558 41887 0
1741039561 41954 0
1741039563 41892 0
1741039565 41925 0
1741039567 41838 0
1741039569 41809 0
1741039571 41769 0
1741039573 41821 0
1741039575 41855 0
1741039577 41845 0
1741039579 41866 0
1741039581 41965 0
1741039583 41986 0
1741039585 41955 0
1741039587 41842 0
1741039589 41760 0
1741039591 41853 0
1741039593 41807 0
1741039595 41883 0
1741039597 41780 0
1741039599 41789 0
1741039601 41782 0
1741039603 41748 0
1741039606 41789 0
1741039608 41876 0
1741039610 41797 0
1741039612 41817 0
1741039614 41739 0
1741039616 41912 0
1741039618 41825 0
1741039620 41769 0
1741039622 41699 0
1741039624 41780 0
1741039626 41851 0
1741039628 41681 0
1741039630 41895 0
1741039632 41808 0
1741039634 41834 0
1741039636 41716 0
1741039638 41864 0
1741039640 41939 0
1741039642 41970 0
1741039644 41881 0
1741039646 42005 0
1741039648 42042 0
1741039650 42016 0
1741039653 42148 0
1741039655 41953 0
1741039657 41891 0
1741039659 41868 0
1741039661 41940 0
1741039663 42085 0
1741039665 41919 0
1741039667 41932 0
1741039669 41858 0
1741039671 41821 0
1741039673 41799 0
1741039675 41788 0
1741039677 41863 0
1741039679 41788 0
1741039681 41981 0
1741039683 41855 0
1741039685 41938 0
1741039687 41816 0
1741039689 41755 0
1741039691 41859 0
1741039693 41903 0
1741039696 41770 0
1741039698 41787 0
1741039700 41688 0
1741039702 41825 0
1741039704 41918 0
1741039706 41794 0
1741039708 41910 0
1741039710 41863 0
1741039712 41841 0
1741039714 41868 0
1741039716 41910 0
1741039718 41846 0
1741039720 41957 0
1741039722 41866 0
1741039724 41833 0
1741039726 41922 0
1741039728 41872 0
1741039730 41906 0
1741039732 41809 0
1741039735 41764 0
1741039737 41917 0
1741039739 41906 0
1741039741 41908 0
1741039743 41884 0
1741039745 41799 0
1741039747 41850 0
1741039749 41855 0
1741039751 41913 0
1741039753 41742 0
1741039755 41841 0
1741039757 41795 0
1741039759 41852 0
1741039761 41949 0
1741039763 41883 0
1741039765 41862 0
1741039767 41909 0
1741039769 41686 0
1741039771 41994 0
1741039773 41892 0
1741039775 41864 0
1741039777 41807 0
1741039779 41882 0
1741039782 41981 0
1741039784 42218 0
1741039786 42127 0
1741039788 41946 0
1741039790 41907 0
1741039792 41898 0
1741039794 41854 0
1741039796 41903 0
1741039798 41864 0
1741039800 41901 0
1741039802 41908 0
1741039804 42014 0
1741039806 41921 0
1741039808 41784 0
1741039810 41823 0
1741039812 41807 0
1741039814 41913 0
1741039816 41931 0
1741039818 41934 0
1741039820 41890 0
1741039822 41992 0
1741039824 42013 0
1741039826 41879 0
1741039829 41793 0
1741039831 41978 0
1741039833 41825 0
1741039835 41850 0
1741039837 41926 0
1741039839 41892 0
1741039841 41923 0
1741039843 42056 0
1741039845 42026 0
1741039847 41895 0
1741039849 41971 0
1741039851 41998 0
1741039853 42040 0
1741039855 41928 0
1741039857 41868 0
1741039859 42020 0
1741039861 41938 0
1741039863 41908 0
1741039865 41927 0
1741039867 41905 0
1741039869 41928 0
1741039871 41870 0
1741039874 41881 0
1741039876 41953 0
1741039878 41826 0
1741039880 41977 0
1741039882 41874 0
1741039884 41866 0
1741039886 41929 0
1741039888 41938 0
1741039890 42005 0
1741039892 42031 0
1741039894 42215 0
1741039896 41960 0
1741039898 41960 0
1741039900 42106 0
1741039902 42035 0
1741039904 41969 0
1741039906 42148 0
1741039908 41960 0
1741039910 42006 0
1741039912 42024 0
1741039914 41795 0
1741039916 41969 0
1741039918 42062 0
1741039921 41971 0
1741039923 41937 0
1741039925 41880 0
1741039927 41972 0
1741039929 41922 0
1741039931 41964 0
1741039933 41912 0
1741039935 41971 0
1741039937 41906 0
1741039939 41992 0
1741039941 41947 0
1741039943 41950 0
1741039945 41861 0
1741039947 41927 0
1741039949 42075 0
1741039951 41723 0
1741039953 41840 0
1741039955 41853 0
1741039957 41914 0
1741039959 42034 0
1741039961 41939 0
1741039963 41812 0
1741039965 41846 0
1741039968 41892 0
1741039970 41767 0
1741039972 41984 0
1741039974 42011 0
1741039976 42003 0
1741039978 41909 0
1741039980 41804 0
1741039982 41829 0
1741039984 41827 0
1741039986 41971 0
1741039988 41901 0
1741039990 41858 0
1741039992 42013 0
1741039994 42021 0
1741039996 42085 0
1741039998 42097 0
1741040000 41979 0
1741040002 41922 0
1741040004 42072 0
1741040006 41934 0
1741040008 41815 0
1741040010 41779 0
1741040012 41799 0
1741040015 41756 0
1741040017 41926 0
1741040019 41854 0
1741040021 41730 0
1741040023 41898 0
1741040025 41877 0
1741040027 41834 0
1741040029 41741 0
1741040031 41888 0
1741040033 41782 0
1741040035 41754 0
1741040037 41819 0
1741040039 41926 0
1741040041 41750 0
1741040043 41878 0
1741040045 41893 0
1741040047 41757 0
1741040049 41861 0
1741040051 41891 0
1741040053 41926 0
1741040055 41784 0
1741040057 41911 0
1741040060 41968 0
1741040062 41938 0
1741040064 41963 0
1741040066 41899 0
1741040068 41851 0
1741040070 41788 0
1741040072 41842 0
1741040074 41823 0
1741040076 41898 0
1741040078 41799 0
1741040080 41931 0
1741040082 41914 0
1741040084 41881 0
1741040086 41755 0
1741040088 41903 0
1741040090 41901 0
1741040092 41782 0
1741040094 41734 0
1741040096 41949 0
1741040098 41849 0
1741040100 41827 0
1741040102 41823 0
1741040104 41890 0
1741040107 41914 0
1741040109 41889 0
1741040111 41814 0
1741040113 41850 0
1741040115 41933 0
1741040117 41911 0
1741040119 41914 0
1741040121 41881 0
1741040123 41821 0
1741040125 41906 0
1741040127 41896 0
1741040129 41833 0
1741040131 42045 0
1741040133 42015 0
1741040135 41899 0
1741040137 41868 0
1741040139 41990 0
1741040141 42013 0
1741040143 41923 0
1741040145 42045 0
1741040147 41963 0
1741040149 41895 0
1741040152 41950 0
1741040154 41838 0
1741040156 41871 0
1741040158 41976 0
1741040160 41809 0
1741040162 41792 0
1741040164 41843 0
1741040166 42108 0
1741040168 41954 0
1741040170 41950 0
1741040172 41889 0
1741040174 42018 0
1741040176 42028 0
1741040178 41834 0
1741040180 41870 0
1741040182 41992 0
1741040184 41974 0
1741040186 42152 0
1741040188 41878 0
1741040190 41930 0
1741040192 41832 0
1741040194 41879 0
1741040196 41974 0
1741040199 41977 0
1741040201 42033 0
1741040203 41918 0
1741040205 42005 0
1741040207 41885 0
1741040209 41971 0
1741040211 41909 0
1741040213 41877 0
1741040215 41797 0
1741040217 42016 0
1741040219 41983 0
1741040221 41901 0
1741040223 41903 0
1741040225 41887 0
1741040227 41911 0
1741040229 41869 0
1741040231 41801 0
1741040233 41765 0
1741040235 41767 0
1741040237 41849 0
1741040239 41773 0
1741040241 41744 0
1741040244 41912 0
1741040246 42023 0
1741040248 41915 0
1741040250 41945 0
1741040252 41882 0
1741040254 41880 0
1741040256 41809 0
1741040258 41814 0
1741040260 41882 0
1741040262 41918 0
1741040264 41987 0
1741040266 41851 0
1741040268 41940 0
1741040270 41975 0
1741040272 41871 0
1741040274 41996 0
1741040276 42056 0
1741040278 41857 0
1741040280 41996 0
1741040282 41864 0
1741040284 41956 0
1741040286 41979 0
1741040288 41892 0
1741040291 41857 0
1741040293 41962 0
1741040295 42028 0
1741040297 41957 0
1741040299 42009 0
1741040301 41800 0
1741040303 41801 0
1741040305 41948 0
1741040307 41882 0
1741040309 41890 0
1741040311 41865 0
1741040313 41969 0
1741040315 41992 0
1741040317 41871 0
1741040319 41998 0
1741040321 41805 0
1741040323 42037 0
1741040325 41892 0
1741040327 41937 0
1741040329 41894 0
1741040331 41932 0
1741040333 42126 0
1741040336 41840 0
1741040338 41945 0
1741040340 41926 0
1741040342 41894 0
1741040344 41901 0
1741040346 41983 0
1741040348 41861 0
1741040350 41937 0
1741040352 41935 0
1741040354 41903 0
1741040356 41870 0
1741040358 41935 0
1741040360 41813 0
1741040362 41878 0
1741040364 41883 0
1741040366 41906 0
1741040368 41965 0
1741040370 41806 0
1741040372 41803 0
1741040374 41883 0
1741040376 42003 0
1741040378 41976 0
1741040380 41927 0
1741040383 41992 0
1741040385 41905 0
1741040387 41810 0
1741040389 41897 0
1741040391 41859 0
1741040393 41913 0
1741040395 42001 0
1741040397 41864 0
1741040399 41979 0
1741040401 41995 0
1741040403 42121 0
1741040405 42127 0
1741040407 42103 0
1741040409 41906 0
1741040411 41876 0
1741040413 41902 0
1741040415 41835 0
1741040417 41894 0
1741040419 41956 0
1741040421 41881 0
1741040424 41944 0
1741040426 41843 0
1741040428 41832 0
1741040430 41950 0
1741040432 41838 0
1741040434 41860 0
1741040436 41981 0
1741040438 41988 0
1741040440 41847 0
1741040442 41835 0
1741040444 41814 0
1741040446 41901 0
1741040448 41843 0
1741040450 41822 0
1741040452 41919 0
1741040454 41772 0
1741040456 41902 0
1741040458 41935 0
1741040460 41827 0
1741040462 41859 0
1741040464 41924 0
1741040466 41881 0
1741040469 41861 0
1741040471 42002 0
1741040473 41892 0
1741040475 41929 0
1741040477 41914 0
1741040479 41944 0
1741040481 41862 0
1741040483 41888 0
1741040485 41941 0
1741040487 41833 0
1741040489 41942 0
1741040491 41924 0
1741040493 42062 0
1741040495 42025 0
1741040497 41880 0
1741040499 41920 0
1741040501 41995 0
1741040503 41991 0
1741040505 41980 0
1741040507 42001 0
1741040509 42057 0
1741040511 42352 0
1741040513 42369 0
1741040516 42202 0
1741040518 41984 0
1741040520 41880 0
1741040522 41962 0
1741040524 41753 0
1741040526 41986 0
1741040528 41960 0
1741040530 42103 0
1741040532 41962 0
1741040534 42022 0
1741040536 42152 0
1741040538 41964 0
1741040540 42002 0
1741040542 42113 0
1741040544 42126 0
1741040546 42018 0
1741040548 42021 0
1741040550 41860 0
1741040552 41998 0
1741040554 42118 0
1741040556 41942 0
1741040558 41931 0
1741040560 41999 0
1741040563 41965 0
1741040565 41900 0
1741040567 41955 0
1741040569 42034 0
1741040571 41854 0
1741040573 41955 0
1741040575 41899 0
1741040577 41928 0
1741040579 41887 0
1741040581 41962 0
1741040583 41887 0
1741040585 41868 0
1741040587 41852 0
1741040589 41918 0
1741040591 42009 0
1741040593 41980 0
1741040595 41935 0
1741040597 41966 0
1741040599 41859 0
1741040601 41914 0
1741040603 41898 0
1741040605 42052 0
1741040608 42147 0
1741040610 42202 0
1741040612 42127 0
1741040614 41975 0
1741040616 42125 0
1741040618 42003 0
1741040620 42179 0
1741040622 41994 0
1741040624 41959 0
1741040626 42098 0
1741040628 42029 0
1741040630 42011 0
1741040632 42042 0
1741040634 42005 0
1741040636 41750 0
1741040638 41832 0
1741040640 41868 0
1741040642 41910 0
1741040644 41996 0
1741040646 42000 0
1741040648 41950 0
1741040650 42011 0
1741040652 41914 0
1741040655 41948 0
1741040657 41948 0
1741040659 41847 0
1741040661 41880 0
1741040663 41848 0
1741040665 41951 0
1741040667 42025 0
1741040669 41895 0
1741040671 41879 0
1741040673 42031 0
1741040675 41864 0
1741040677 41858 0
1741040679 41922 0
1741040681 41832 0
1741040683 41876 0
1741040685 41897 0
1741040687 41892 0
1741040689 41819 0
1741040691 41822 0
1741040693 41800 0
1741040695 41873 0
1741040697 41987 0
1741040699 41768 0
1741040702 41764 0
1741040704 41843 0
1741040706 41787 0
1741040708 41707 0
1741040710 41832 0
1741040712 41791 0
1741040714 41831 0
1741040716 41867 0
1741040718 41774 0
1741040720 41822 0
1741040722 41909 0
1741040724 41790 0
1741040726 41827 0
1741040728 41821 0
1741040730 41872 0
1741040732 41835 0
1741040734 41958 0
1741040736 41923 0
1741040738 41803 0
1741040740 41825 0
1741040742 41906 0
1741040744 41894 0
1741040746 41863 0
1741040749 41933 0
1741040751 41953 0
1741040753 41987 0
1741040755 42000 0
1741040757 41937 0
1741040759 41772 0
1741040761 42002 0
1741040763 41994 0
1741040765 41976 0
1741040767 41987 0
1741040769 41900 0
1741040771 42023 0
1741040773 42006 0
1741040775 41902 0
1741040777 42004 0
1741040779 41861 0
1741040781 41828 0
1741040783 41963 0
1741040785 41922 0
1741040787 41986 0
1741040789 41937 0
1741040791 41869 0
1741040794 41798 0
1741040796 41891 0
1741040798 41767 0
1741040800 41725 0
1741040802 41750 0
1741040804 41807 0
1741040806 41723 0
1741040808 41862 0
1741040810 41765 0
1741040812 41820 0
1741040814 41831 0
1741040816 41878 0
1741040818 41993 0
1741040820 41833 0
1741040822 41992 0
1741040824 41851 0
1741040826 41859 0
1741040828 41881 0
1741040830 41863 0
1741040832 41853 0
1741040834 41928 0
1741040836 41890 0
1741040838 41877 0
1741040841 41787 0
1741040843 41922 0
1741040845 42042 0
1741040847 41897 0
1741040849 41867 0
1741040851 41865 0
1741040853 41958 0
1741040855 42028 0
1741040857 42134 0
1741040859 41991 0
1741040861 42088 0
1741040863 41977 0
1741040865 41806 0
1741040867 41767 0
1741040869 41741 0
1741040871 41808 0
1741040873 41909 0
1741040875 41877 0
1741040877 41873 0
1741040879 41830 0
1741040881 41783 0
1741040883 41800 0
1741040885 41919 0
1741040888 41889 0
1741040890 41855 0
1741040892 41913 0
1741040894 41882 0
1741040896 41791 0
1741040898 41928 0
1741040900 42040 0
1741040902 41891 0
1741040904 41811 0
1741040906 41917 0
1741040908 41932 0
1741040910 41896 0
1741040912 41919 0
1741040914 41864 0
1741040916 41909 0
1741040918 41838 0
1741040920 41957 0
1741040922 41869 0
1741040924 41781 0
1741040926 41856 0
1741040928 41795 0
1741040930 41948 0
1741040933 41859 0
1741040935 41833 0
1741040937 41943 0
1741040939 41852 0
1741040941 41882 0
1741040943 41813 0
1741040945 41893 0
1741040947 41928 0
1741040949 41963 0
1741040951 41912 0
1741040953 42030 0
1741040955 42082 0
1741040957 41914 0
1741040959 41888 0
1741040961 42009 0
1741040963 42009 0
1741040965 42033 0
1741040967 42028 0
1741040969 42009 0
1741040971 42050 0
1741041029 38875 0
1741041031 42114 0
1741041033 41971 0
1741041035 41953 0
1741041037 41995 0
1741041039 42029 0
1741041041 42013 0
1741041043 41907 0
1741041045 41890 0
1741041047 41855 0
1741041049 42173 0
1741041051 42002 0
1741041053 41828 0
1741041055 41988 0
1741041057 41903 0
1741041059 41936 0
1741041061 41877 0
1741041063 41951 0
1741041065 41825 0
1741041068 41886 0
1741041070 41837 0
1741041072 41899 0
1741041074 41941 0
1741041076 41768 0
1741041078 41877 0
1741041080 41711 0
1741041082 42041 0
1741041084 41658 0
1741041086 41703 0
1741041088 41914 0
1741041090 41839 0
1741041092 41802 0
1741041094 41945 0
1741041096 41857 0
1741041098 41884 0
1741041100 41869 0
1741041102 41899 0
1741041104 41871 0
1741041106 41911 0
1741041108 41941 0
1741041110 41872 0
1741041113 41925 0
1741041115 41953 0
1741041117 41859 0
1741041119 42021 0
1741041121 41814 0
1741041123 41905 0
1741041125 41974 0
1741041127 42021 0
1741041129 41836 0
1741041131 41912 0
1741041133 41793 0
1741041135 41950 0
1741041137 41914 0
1741041139 41872 0
1741041141 41853 0
1741041143 41843 0
1741041145 42047 0
1741041147 41860 0
1741041149 41956 0
1741041151 41819 0
1741041153 41956 0
1741041155 41974 0
1741041157 41885 0
1741041160 41994 0
1741041162 41902 0
1741041164 41806 0
1741041166 41927 0
1741041168 41861 0
1741041170 41976 0
1741041172 41862 0
1741041174 41934 0
1741041176 41859 0
1741041178 41879 0
1741041180 41867 0
1741041182 41859 0
1741041184 41917 0
1741041186 41865 0
1741041188 41805 0
1741041190 41793 0
1741041192 41806 0
1741041194 41768 0
1741041196 41848 0
1741041198 41837 0
1741041200 41809 0
1741041202 41774 0
1741041205 41824 0
1741041207 41858 0
1741041209 41843 0
1741041211 41678 0
1741041213 41806 0
1741041215 41751 0
1741041217 41936 0
1741041219 41822 0
1741041221 41779 0
1741041223 41800 0
1741041225 41786 0
1741041227 41844 0
1741041229 41935 0
1741041231 41926 0
1741041233 41891 0
1741041235 41710 0
1741041237 41847 0
1741041239 41968 0
1741041241 41900 0
1741041243 41868 0
1741041245 41848 0
1741041247 41888 0
1741041250 41958 0
1741041252 41721 0
1741041254 41803 0
1741041256 41765 0
1741041258 41936 0
1741041260 41765 0
1741041262 41887 0
1741041264 41924 0
1741041266 42043 0
1741041268 41741 0
1741041270 41753 0
1741041272 41925 0
1741041274 41822 0
1741041276 42141 0
1741041278 41894 0
1741041280 41875 0
1741041282 41905 0
1741041284 41770 0
1741041286 41813 0
1741041288 41862 0
1741041290 41829 0
1741041292 41848 0
1741041294 42134 0
1741041297 41934 0
1741041299 41857 0
1741041301 42018 0
1741041303 42040 0
1741041305 41908 0
1741041307 41982 0
1741041309 41865 0
1741041311 41911 0
1741041313 42080 0
1741041315 42115 0
1741041317 42089 0
1741041319 42011 0
1741041321 41822 0
1741041323 42144 0
1741041325 42196 0
1741041327 41985 0
1741041329 41962 0
1741041331 41971 0
1741041333 42033 0
1741041335 41918 0
1741041337 41962 0
1741041339 41893 0
1741041342 41864 0
1741041344 41933 0
1741041346 41927 0
1741041348 41882 0
1741041350 41828 0
1741041352 41904 0
1741041354 41895 0
1741041356 42104 0
1741041358 41986 0
1741041360 41873 0
1741041362 41872 0
1741041364 41977 0
1741041366 41899 0
1741041368 42257 0
1741041370 42023 0
1741041372 42038 0
1741041374 42030 0
1741041376 41870 0
1741041378 41835 0
1741041380 41931 0
1741041382 41832 0
1741041384 41959 0
1741041386 41960 0
1741041389 41872 0
1741041391 41868 0
1741041393 41788 0
1741041395 41902 0
1741041397 41897 0
1741041399 41876 0
1741041401 41877 0
1741041403 41926 0
1741041405 41813 0
1741041407 41859 0
1741041409 41937 0
1741041411 41810 0
1741041413 41971 0
1741041415 41914 0
1741041417 41826 0
1741041419 41876 0
1741041421 41899 0
1741041423 41902 0
1741041425 41801 0
1741041427 41907 0
1741041429 41932 0
1741041431 41882 0
1741041433 41872 0
1741041436 41924 0
1741041438 41993 0
1741041440 41942 0
1741041442 41871 0
1741041444 41782 0
1741041446 41924 0
1741041448 41915 0
1741041450 41893 0
1741041452 41884 0
1741041454 41935 0
1741041456 41796 0
1741041458 41909 0
1741041460 41843 0
1741041462 41873 0
1741041464 41893 0
1741041466 41810 0
1741041468 41872 0
1741041470 41941 0
1741041472 41765 0
1741041474 41981 0
1741041476 41844 0
1741041478 41812 0
1741041481 41858 0
1741041483 41712 0
1741041485 41918 0
1741041487 41920 0
1741041489 41806 0
1741041491 41773 0
1741041493 41770 0
1741041495 41865 0
1741041497 41811 0
1741041499 41895 0
1741041501 41806 0
1741041503 41734 0
1741041505 41906 0
1741041507 41927 0
1741041509 41873 0
1741041511 41886 0
1741041513 41790 0
1741041515 41950 0
1741041517 41795 0
1741041519 41902 0
1741041521 41793 0
1741041523 41843 0
1741041525 41893 0
1741041528 41817 0
1741041530 41869 0
1741041532 41703 0
1741041534 41893 0
1741041536 41823 0
1741041538 41759 0
1741041540 41788 0
1741041542 41651 0
1741041544 41684 0
1741041546 41772 0
1741041548 41773 0
1741041550 41824 0
1741041552 41754 0
1741041554 41767 0
1741041556 41775 0
1741041558 41807 0
1741041560 41866 0
1741041562 41726 0
1741041564 41777 0
1741041566 41762 0
1741041568 41829 0
1741041570 41900 0
1741041573 41843 0
1741041575 41798 0
1741041577 41896 0
1741041579 41936 0
1741041581 41884 0
1741041583 41879 0
1741041585 41856 0
1741041587 41859 0
1741041589 41842 0
1741041591 41805 0
1741041593 41820 0
1741041595 41818 0
1741041597 41806 0
1741041599 41818 0
1741041601 41673 0
1741041603 41815 0
1741041605 41803 0
1741041607 41850 0
1741041609 41783 0
1741041611 41832 0
1741041613 41845 0
1741041615 41808 0
1741041617 41744 0
1741041620 41733 0
1741041622 41709 0
1741041624 41788 0
1741041626 41736 0
1741041628 41809 0
1741041630 41888 0
1741041632 41874 0
1741041634 41776 0
1741041636 41846 0
1741041638 41829 0
1741041640 41907 0
1741041642 41721 0
1741041644 41853 0
1741041646 41843 0
1741041648 41856 0
1741041650 41952 0
1741041652 41801 0
1741041654 41913 0
1741041656 41835 0
1741041658 41933 0
1741041660 41846 0
1741041662 41840 0
1741041665 41744 0
1741041667 41780 0
1741041669 41883 0
1741041671 41811 0
1741041673 41738 0
1741041675 41810 0
1741041677 41861 0
1741041679 41879 0
1741041681 41897 0
1741041683 41768 0
1741041685 41756 0
1741041687 41836 0
1741041689 41765 0
1741041691 41797 0
1741041693 41918 0
1741041695 41783 0
1741041697 41805 0
1741041699 41807 0
1741041701 41874 0
1741041703 41884 0
1741041705 41818 0
1741041707 41860 0
1741041709 41822 0
1741041712 41946 0
1741041714 41928 0
1741041716 41901 0
1741041718 41836 0
1741041720 41762 0
1741041722 41860 0
1741041724 41770 0
1741041726 41836 0
1741041728 41783 0
1741041730 41897 0
1741041732 41775 0
1741041734 41777 0
1741041736 41841 0
1741041738 41721 0
1741041740 41711 0
1741041742 41806 0
1741041744 41715 0
1741041746 41860 0
1741041748 41826 0
1741041750 41769 0
1741041752 41796 0
1741041754 41844 0
1741041756 41727 0
1741041759 41818 0
1741041761 41833 0
1741041763 41954 0
1741041765 41843 0
1741041767 41909 0
1741041769 41918 0
1741041771 41773 0
1741041773 41882 0
1741041775 41956 0
1741041777 41875 0
1741041779 41918 0
1741041781 41891 0
1741041783 41903 0
1741041785 41945 0
1741041787 41874 0
1741041789 41981 0
1741041791 41899 0
1741041793 41835 0
1741041795 41802 0
1741041797 41930 0
1741041799 41964 0
1741041801 41844 0
1741041804 41846 0
1741041806 41889 0
1741041808 41713 0
1741041810 41844 0
1741041812 41911 0
1741041814 41798 0
1741041816 41916 0
1741041818 41827 0
1741041820 41817 0
1741041822 41828 0
1741041824 41852 0
1741041826 41804 0
1741041828 41961 0
1741041830 41841 0
1741041832 41894 0
1741041834 41881 0
1741041836 41872 0
1741041838 41886 0
1741041840 41856 0
1741041842 41865 0
1741041844 42034 0
1741041846 41893 0
1741041848 41854 0
1741041851 41969 0
1741041853 41909 0
1741041855 41914 0
1741041857 41919 0
1741041859 41952 0
1741041861 41815 0
1741041863 41853 0
1741041865 41873 0
1741041867 41922 0
1741041869 41748 0
1741041871 41815 0
1741041873 41791 0
1741041875 41938 0
1741041877 41915 0
1741041879 41918 0
1741041881 41832 0
1741041883 41771 0
1741041885 41833 0
1741041887 41863 0
1741041889 41941 0
1741041891 41931 0
1741041893 41866 0
1741041896 41877 0
1741041898 41912 0
1741041900 41856 0
1741041902 41771 0
1741041904 41797 0
1741041906 41831 0
1741041908 41779 0
1741041910 41894 0
1741041912 41809 0
1741041914 41858 0
1741041916 41792 0
1741041918 41929 0
1741041920 41964 0
1741041922 41887 0
1741041924 41893 0
1741041926 41977 0
1741041928 41967 0
1741041930 41861 0
1741041932 41927 0
1741041934 41897 0
1741041936 41927 0
1741041938 41858 0
1741041941 41860 0
1741041943 41934 0
1741041945 41854 0
1741041947 41943 0
1741041949 41935 0
1741041951 41961 0
1741041953 41940 0
1741041955 41892 0
1741041957 41820 0
1741041959 41822 0
1741041961 41843 0
1741041963 41728 0
1741041965 41840 0
1741041967 41906 0
1741041969 42056 0
1741041971 41995 0
1741041973 41808 0
1741041975 41957 0
1741041977 41906 0
1741041979 42094 0
1741041981 42045 0
1741041983 41920 0
1741041985 41924 0
1741041988 41957 0
1741041990 41926 0
1741041992 41878 0
1741041994 41981 0
1741041996 41864 0
1741041998 41955 0
1741042000 42003 0
1741042002 41750 0
1741042004 41781 0
1741042006 41863 0
1741042008 41869 0
1741042010 41852 0
1741042012 41842 0
1741042014 41877 0
1741042016 41828 0
1741042018 41926 0
1741042020 41924 0
1741042022 41923 0
1741042024 41927 0
1741042026 41761 0
1741042028 41853 0
1741042030 41880 0
1741042032 41793 0
1741042035 41731 0
1741042037 41837 0
1741042039 41862 0
1741042041 41832 0
1741042043 41817 0
1741042045 41824 0
1741042047 41891 0
1741042049 41918 0
1741042051 41960 0
1741042053 41862 0
1741042055 41822 0
1741042057 41903 0
1741042059 41947 0
1741042061 41888 0
1741042063 41787 0
1741042065 41800 0
1741042067 41872 0
1741042069 41907 0
1741042071 41866 0
1741042073 41899 0
1741042075 41778 0
1741042077 41760 0
1741042080 41897 0
1741042082 41864 0
1741042084 41742 0
1741042086 41860 0
1741042088 41794 0
1741042090 41775 0
1741042092 41890 0
1741042094 41886 0
1741042096 41866 0
1741042098 41798 0
1741042100 41944 0
1741042102 41885 0
1741042104 41986 0
1741042106 42092 0
1741042108 41895 0
1741042110 41833 0
1741042112 41708 0
1741042114 41765 0
1741042116 42067 0
1741042118 41997 0
1741042120 41950 0
1741042122 41900 0
1741042124 41964 0
1741042127 42007 0
1741042129 41977 0
1741042131 41787 0
1741042133 41932 0
1741042135 41881 0
1741042137 41899 0
1741042139 42076 0
1741042141 41921 0
1741042143 41885 0
1741042145 41895 0
1741042147 41925 0
1741042149 41932 0
1741042151 41934 0
1741042153 41791 0
1741042155 41892 0
1741042157 41915 0
1741042159 41905 0
1741042161 41887 0
1741042163 41876 0
1741042165 41901 0
1741042167 41858 0
1741042169 41836 0
1741042171 41774 0
1741042174 41721 0
1741042176 41821 0
1741042178 41731 0
1741042180 41821 0
1741042182 41789 0
1741042184 41851 0
1741042186 41826 0
1741042188 41849 0
1741042190 41734 0
1741042192 41909 0
1741042194 41915 0
1741042196 41841 0
1741042198 42014 0
1741042200 41917 0
1741042202 42006 0
1741042204 41848 0
1741042206 41741 0
1741042208 41886 0
1741042210 41881 0
1741042212 41737 0
1741042214 41747 0
1741042216 41802 0
1741042219 41778 0
1741042221 41812 0
1741042223 41713 0
1741042225 41745 0
1741042227 41799 0
1741042229 41958 0
1741042231 41789 0
1741042233 41823 0
1741042235 41870 0
1741042237 42108 0
1741042239 41835 0
1741042241 41853 0
1741042243 41760 0
1741042245 41809 0
1741042247 41837 0
1741042249 41793 0
1741042251 41907 0
1741042253 41810 0
1741042255 41803 0
1741042257 41854 0
1741042259 41936 0
1741042261 41906 0
1741042263 41904 0
1741042266 41915 0
1741042268 41787 0
1741042270 41785 0
1741042272 41859 0
1741042274 41881 0
1741042276 41824 0
1741042278 41763 0
1741042280 41789 0
1741042282 41734 0
1741042284 41970 0
1741042286 42028 0
1741042288 41948 0
1741042290 41927 0
1741042292 41959 0
1741042294 42094 0
1741042296 42087 0
1741042298 41794 0
1741042300 41915 0
1741042302 41951 0
1741042304 42042 0
1741042306 41843 0
1741042308 41867 0
1741042310 41932 0
1741042313 41785 0
1741042315 41932 0
1741042317 41830 0
1741042319 41938 0
1741042321 41907 0
1741042323 41844 0
1741042325 41857 0
1741042327 41920 0
1741042329 42037 0
1741042331 41969 0
1741042333 42033 0
1741042335 41859 0
1741042337 41872 0
1741042339 41969 0
1741042341 42049 0
1741042343 42122 0
1741042345 41936 0
1741042347 41880 0
1741042349 42068 0
1741042351 42152 0
1741042353 42101 0
1741042355 41842 0
1741042357 41843 0
1741042360 42033 0
1741042362 41969 0
1741042364 42019 0
1741042366 42150 0
1741042368 42035 0
1741042370 42040 0
1741042372 42040 0
1741042374 42040 0
1741042376 41826 0
1741042378 41879 0
1741042380 41963 0
1741042382 41974 0
1741042384 41862 0
1741042386 41967 0
1741042388 41891 0
1741042390 41900 0
1741042392 41960 0
1741042394 41974 0
1741042396 42172 0
1741042399 42011 0
1741042401 41924 0
1741042403 41890 0
1741042405 42000 0
1741042407 42037 0
1741042409 41986 0
1741042411 42060 0
1741042413 41979 0
1741042415 41906 0
1741042417 42027 0
1741042419 41964 0
1741042421 42027 0
1741042423 41924 0
1741042425 42009 0
1741042427 42069 0
1741042429 41974 0
1741042431 41884 0
1741042433 41870 0
1741042435 42029 0
1741042437 41939 0
1741042439 41824 0
1741042441 41934 0
1741042443 41967 0
1741042446 41918 0
1741042448 41867 0
1741042450 41890 0
1741042452 41870 0
1741042454 41942 0
1741042456 41850 0
1741042458 41900 0
1741042460 41833 0
1741042462 42024 0
1741042464 42236 0
1741042466 41840 0
1741042468 41828 0
1741042470 41761 0
1741042472 41913 0
1741042474 42041 0
1741042476 41958 0
1741042478 41909 0
1741042480 42037 0
1741042482 41862 0
1741042484 41839 0
1741042487 41918 0
1741042489 41858 0
1741042491 41853 0
1741042493 41856 0
1741042495 41876 0
1741042497 41908 0
1741042499 41946 0
1741042501 41771 0
1741042503 41980 0
1741042505 41761 0
1741042507 41919 0
1741042509 41988 0
1741042511 42024 0
1741042513 41708 0
1741042515 42060 0
1741042517 42128 0
1741042519 42100 0
1741042521 41967 0
1741042523 41984 0
1741042525 41812 0
1741042527 41758 0
1741042529 41967 0
1741042532 41954 0
1741042534 41821 0
1741042536 41931 0
1741042538 41891 0
1741042540 41901 0
1741042542 41862 0
1741042544 41775 0
1741042546 41880 0
1741042548 41883 0
1741042550 42021 0
1741042552 41828 0
1741042554 42024 0
1741042556 41976 0
1741042558 42188 0
1741042560 42080 0
1741042562 41828 0
1741042564 41913 0
1741042566 41879 0
1741042568 41951 0
1741042570 41900 0
1741042572 41843 0
1741042574 41826 0
1741042576 41893 0
1741042579 41815 0
1741042581 41824 0
1741042583 41914 0
1741042585 41868 0
1741042587 41814 0
1741042589 41887 0
1741042591 41858 0
1741042593 41940 0
1741042595 42189 0
1741042597 41966 0
1741042599 41971 0
1741042601 42069 0
1741042603 42019 0
1741042605 42051 0
1741042607 41908 0
1741042609 41983 0
1741042611 42043 0
1741042613 42040 0
1741042615 41859 0
1741042617 41896 0
1741042619 41812 0
1741042621 41852 0
1741042624 41861 0
1741042626 41909 0
1741042628 42009 0
1741042630 41923 0
1741042632 42047 0
1741042634 41917 0
1741042636 41923 0
1741042638 41819 0
1741042640 42024 0
1741042642 41922 0
1741042644 42056 0
1741042646 41954 0
1741042648 41967 0
1741042650 41936 0
1741042652 41905 0
1741042654 41895 0
1741042656 41830 0
1741042658 42001 0
1741042660 41943 0
1741042662 41933 0
1741042664 41777 0
1741042666 41895 0
1741042669 41796 0
1741042671 41836 0
1741042673 41883 0
1741042675 41790 0
1741042677 41880 0
1741042679 42076 0
1741042681 41897 0
1741042683 41767 0
1741042685 41895 0
1741042687 41827 0
1741042689 41858 0
1741042691 41930 0
1741042693 41859 0
1741042695 41690 0
1741042697 41785 0
1741042699 41763 0
1741042701 41791 0
1741042703 41783 0
1741042705 41872 0
1741042707 41711 0
1741042709 41812 0
1741042711 41735 0
1741042713 41751 0
1741042716 41804 0
1741042718 41813 0
1741042720 41768 0
1741042722 42008 0
1741042724 41924 0
1741042726 41841 0
1741042728 41820 0
1741042730 41850 0
1741042732 41785 0
1741042734 41964 0
1741042736 41914 0
1741042738 41884 0
1741042740 41927 0
1741042742 42005 0
1741042744 41917 0
1741042746 42077 0
1741042748 41946 0
1741042750 42001 0
1741042752 41908 0
1741042754 41965 0
1741042756 41947 0
1741042758 41919 0
1741042760 41943 0
1741042763 41881 0
1741042765 42119 0
1741042767 41938 0
1741042769 41814 0
1741042771 41906 0
1741042773 42000 0
1741042775 41985 0
1741042777 42005 0
1741042779 41791 0
1741042781 41997 0
1741042783 41849 0
1741042785 41868 0
1741042787 41894 0
1741042789 41876 0
1741042791 41876 0
1741042793 41984 0
1741042795 41834 0
1741042797 41906 0
1741042799 41854 0
1741042801 42006 0
1741042803 41899 0
1741042805 41868 0
1741042808 41847 0
1741042810 41923 0
1741042812 41911 0
1741042814 41902 0
1741042816 41916 0
1741042818 41962 0
1741042820 41915 0
1741042822 41872 0
1741042824 41794 0
1741042826 41828 0
1741042828 41884 0
1741042830 41810 0
1741042832 41771 0
1741042834 41734 0
1741042836 41838 0
1741042838 41796 0
1741042840 41828 0
1741042842 41761 0
1741042844 41933 0
1741042846 41792 0
1741042848 41802 0
1741042850 41903 0
1741042852 41840 0
1741042855 41863 0
1741042857 41984 0
1741042859 41743 0
1741042861 41901 0
1741042863 41845 0
1741042865 41821 0
1741042867 41779 0
1741042869 41786 0
1741042871 41922 0
1741042873 41674 0
1741042875 41790 0
1741042877 41957 0
1741042879 41839 0
1741042881 41839 0
1741042883 41794 0
1741042885 41883 0
1741042887 41866 0
1741042889 41776 0
1741042891 41939 0
1741042893 41837 0
1741042895 41859 0
1741042897 41866 0
1741042899 41791 0
1741042902 41900 0
1741042904 41705 0
1741042906 41927 0
1741042908 41902 0
1741042910 41881 0
1741042912 41906 0
1741042914 41901 0
1741042916 41738 0
1741042918 41923 0
1741042920 41877 0
1741042922 41802 0
1741042924 41864 0
1741042926 41775 0
1741042928 41846 0
1741042930 41781 0
1741042932 41756 0
1741042934 41790 0
1741042936 41789 0
1741042938 41795 0
1741042940 41890 0
1741042942 41987 0
1741042944 42050 0
1741042947 41929 0
1741042949 41980 0
1741042951 41904 0
1741042953 41929 0
1741042955 41994 0
1741042957 41924 0
1741042959 41789 0
1741042961 41858 0
1741042963 41853 0
1741042965 41870 0
1741042967 41780 0
1741042969 41839 0
1741042971 41917 0
1741042973 41957 0
1741042975 41820 0
1741042977 41835 0
1741042979 42029 0
1741042981 41799 0
1741042983 41917 0
1741042985 41856 0
1741042987 41938 0
1741042989 41981 0
1741042991 41875 0
1741042994 41899 0
1741042996 41911 0
1741042998 41787 0
1741043000 41900 0
1741043002 41877 0
1741043004 41943 0
1741043006 41919 0
1741043008 41799 0
1741043010 41849 0
1741043012 41832 0
1741043014 41768 0
1741043016 41936 0
1741043018 41892 0
1741043020 41820 0
1741043022 41866 0
1741043024 41794 0
1741043026 41796 0
1741043028 41847 0
1741043030 41877 0
1741043032 41986 0
1741043034 41857 0
1741043036 41751 0
1741043038 41856 0
1741043041 42019 0
1741043043 41926 0
1741043045 41729 0
1741043047 41841 0
1741043049 41778 0
1741043051 41858 0
1741043053 41952 0
1741043055 41823 0
1741043057 41796 0
1741043059 41810 0
1741043061 41777 0
1741043063 41824 0
1741043065 41794 0
1741043067 41828 0
1741043069 41939 0
1741043071 41876 0
1741043073 41806 0
1741043075 41684 0
1741043077 41906 0
1741043079 41887 0
1741043081 41767 0
1741043083 41894 0
1741043086 41741 0
1741043088 41878 0
1741043090 41790 0
1741043092 41795 0
1741043094 41857 0
1741043096 41824 0
1741043098 41763 0
1741043100 41758 0
1741043102 41782 0
1741043104 41785 0
1741043106 41814 0
1741043108 41812 0
1741043110 41889 0
1741043112 41828 0
1741043114 41791 0
1741043116 41816 0
1741043118 41817 0
1741043120 41861 0
1741043122 41862 0
1741043124 41716 0
1741043126 41851 0
1741043128 41810 0
1741043130 41923 0
1741043133 41942 0
1741043135 41863 0
1741043137 42091 0
1741043139 41832 0
1741043141 41965 0
1741043143 41916 0
1741043145 41863 0
1741043147 41943 0
1741043149 41911 0
1741043151 41919 0
1741043153 41893 0
1741043155 41851 0
1741043157 41952 0
1741043159 41919 0
1741043161 41867 0
1741043163 41922 0
1741043165 41865 0
1741043167 41911 0
1741043169 41770 0
1741043171 41919 0
1741043173 41929 0
1741043175 41854 0
1741043177 41940 0
1741043180 41882 0
1741043182 41746 0
1741043184 41923 0
1741043186 41848 0
1741043188 41875 0
1741043190 41824 0
1741043192 41885 0
1741043194 41812 0
1741043196 41786 0
1741043198 41760 0
1741043200 41824 0
1741043202 41757 0
1741043204 41871 0
1741043206 41826 0
1741043208 41828 0
1741043210 41811 0
1741043212 41817 0
1741043214 41878 0
1741043216 41876 0
1741043218 41960 0
1741043220 41958 0
1741043222 41944 0
1741043224 41971 0
1741043227 41850 0
1741043229 41850 0
1741043231 41895 0
1741043233 41848 0
1741043235 41773 0
1741043237 41809 0
1741043239 41899 0
1741043241 41788 0
1741043243 41882 0
1741043245 41810 0
1741043247 41878 0
1741043249 41854 0
1741043251 41891 0
1741043253 41793 0
1741043255 41751 0
1741043257 41774 0
1741043259 41820 0
1741043261 41779 0
1741043263 41828 0
1741043265 41789 0
1741043267 41793 0
1741043269 41789 0
1741043271 41834 0
1741043274 41873 0
1741043276 41809 0
1741043278 41891 0
1741043280 41827 0
1741043282 41879 0
1741043284 41911 0
1741043286 41820 0
1741043288 41827 0
1741043290 41886 0
1741043292 41976 0
1741043294 41863 0
1741043296 41803 0
1741043298 41842 0
1741043300 41845 0
1741043302 41821 0
1741043304 41896 0
1741043306 41833 0
1741043308 41836 0
1741043310 41812 0
1741043312 41907 0
1741043314 41910 0
1741043316 41836 0
1741043318 41812 0
1741043321 41794 0
1741043323 41766 0
1741043325 41775 0
1741043327 41753 0
1741043329 41794 0
1741043331 41888 0
1741043333 41803 0
1741043335 41782 0
1741043337 41807 0
1741043339 41933 0
1741043341 41760 0
1741043343 41822 0
1741043345 41779 0
1741043347 41839 0
1741043349 41770 0
1741043351 41729 0
1741043353 41836 0
1741043355 41889 0
1741043357 41929 0
1741043359 41835 0
1741043361 41847 0
1741043363 41804 0
1741043366 41880 0
1741043368 41831 0
1741043370 41894 0
1741043372 41891 0
1741043374 41862 0
1741043376 41905 0
1741043378 41918 0
1741043380 41822 0
1741043382 41780 0
1741043384 41813 0
1741043386 41793 0
1741043388 41726 0
1741043390 41832 0
1741043392 41845 0
1741043394 41859 0
1741043396 41862 0
1741043398 41847 0
1741043400 41847 0
1741043402 41877 0
1741043404 41895 0
1741043406 41830 0
1741043408 41888 0
1741043410 41777 0
1741043413 41746 0
1741043415 41784 0
1741043417 41823 0
1741043419 41801 0
1741043421 41893 0
1741043423 41871 0
1741043425 41824 0
1741043427 41783 0
1741043429 41859 0
1741043431 41751 0
1741043433 41889 0
1741043435 41737 0
1741043437 41880 0
1741043439 41799 0
1741043441 41854 0
1741043443 41947 0
1741043445 41862 0
1741043447 41717 0
1741043449 41808 0
1741043451 41854 0
1741043453 41810 0
1741043455 41761 0
1741043457 41833 0
1741043460 41795 0
1741043462 41823 0
1741043464 41841 0
1741043466 41838 0
1741043468 41837 0
1741043470 41772 0
1741043472 41802 0
1741043474 41837 0
1741043476 41838 0
1741043478 41813 0
1741043480 41901 0
1741043482 41876 0
1741043484 41742 0
1741043486 41885 0
1741043488 41761 0
1741043490 41850 0
1741043492 41826 0
1741043494 41854 0
1741043496 41956 0
1741043498 41934 0
1741043500 41859 0
1741043502 41966 0
1741043504 42027 0
1741043507 41923 0
1741043509 41891 0
1741043511 41815 0
1741043513 41828 0
1741043515 41929 0
1741043517 41819 0
1741043519 41873 0
1741043521 41986 0
1741043523 41826 0
1741043525 41864 0
1741043527 41777 0
1741043529 41885 0
1741043531 41808 0
1741043533 41806 0
1741043535 41879 0
1741043537 41791 0
1741043539 41808 0
1741043541 41712 0
1741043543 41818 0
1741043545 41820 0
1741043547 41803 0
1741043549 41860 0
1741043552 41897 0
1741043554 41698 0
1741043556 41782 0
1741043558 41759 0
1741043560 41754 0
1741043562 41780 0
1741043564 41892 0
1741043566 41905 0
1741043568 41873 0
1741043570 41824 0
1741043572 41895 0
1741043574 41813 0
1741043576 41771 0
1741043578 41867 0
1741043580 41869 0
1741043582 41866 0
1741043584 41822 0
1741043586 41928 0
1741043588 41886 0
1741043590 41812 0
1741043592 41791 0
1741043594 41808 0
1741043596 41912 0
1741043599 41915 0
1741043601 41804 0
1741043603 41774 0
1741043605 41944 0
1741043607 41831 0
1741043609 41914 0
1741043611 42047 0
1741043613 41842 0
1741043615 41918 0
1741043617 41862 0
1741043619 41856 0
1741043621 41906 0
1741043623 41885 0
1741043625 41822 0
1741043627 41861 0
1741043629 41850 0
1741043631 41853 0
1741043633 41851 0
1741043635 41877 0
1741043637 41979 0
1741043639 41965 0
1741043641 41990 0
1741043643 41860 0
1741043646 41886 0
1741043648 41880 0
1741043650 41822 0
1741043652 41829 0
1741043654 41864 0
1741043656 41771 0
1741043658 41898 0
1741043660 41868 0
1741043662 41785 0
1741043664 41777 0
1741043666 41947 0
1741043668 41785 0
1741043670 41874 0
1741043672 41774 0
1741043674 41887 0
1741043676 41692 0
1741043678 41734 0
1741043680 41775 0
1741043682 41824 0
1741043684 41729 0
1741043686 41777 0
1741043688 41851 0
1741043690 41839 0
1741043693 41956 0
1741043695 41797 0
1741043697 41872 0
1741043699 41781 0
1741043701 41902 0
1741043703 41810 0
1741043705 41950 0
1741043707 41887 0
1741043709 41886 0
1741043711 41861 0
1741043713 41900 0
1741043715 41890 0
1741043717 41718 0
1741043719 41798 0
1741043721 41782 0
1741043723 41734 0
1741043725 41862 0
1741043727 41816 0
1741043729 41777 0
1741043731 41793 0
1741043733 41810 0
1741043735 41797 0
1741043738 41761 0
1741043740 41824 0
1741043742 41771 0
1741043744 41707 0
1741043746 41868 0
1741043748 41714 0
1741043750 41821 0
1741043752 41881 0
1741043754 41871 0
1741043756 41851 0
1741043758 41814 0
1741043760 41905 0
1741043762 41827 0
1741043764 41802 0
1741043766 41836 0
1741043768 41979 0
1741043770 41788 0
1741043772 41900 0
1741043774 41843 0
1741043776 41864 0
1741043778 41954 0
1741043780 41988 0
1741043782 41896 0
1741043785 41873 0
1741043787 41810 0
1741043789 41844 0
1741043791 41840 0
1741043793 41902 0
1741043795 41873 0
1741043797 41902 0
1741043799 41865 0
1741043801 41954 0
1741043803 41803 0
1741043805 42034 0
1741043807 41802 0
1741043809 42067 0
1741043811 41899 0
1741043813 41889 0
1741043815 41890 0
1741043817 41802 0
1741043819 41829 0
1741043821 41788 0
1741043823 41733 0
1741043825 42010 0
1741043827 41947 0
1741043829 41844 0
1741043832 41967 0
1741043834 41897 0
1741043836 41876 0
1741043838 41911 0
1741043840 41865 0
1741043842 41923 0
1741043844 41861 0
1741043846 41885 0
1741043848 41906 0
1741043850 41941 0
1741043852 41812 0
1741043854 41796 0
1741043856 41813 0
1741043858 41832 0
1741043860 41815 0
1741043862 41903 0
1741043864 41874 0
1741043866 41808 0
1741043868 41787 0
1741043870 41799 0
1741043872 41745 0
1741043874 41884 0
1741043877 41887 0
1741043879 41905 0
1741043881 41828 0
1741043883 42011 0
1741043885 41932 0
1741043887 41729 0
1741043889 41738 0
1741043891 41785 0
1741043893 41811 0
1741043895 41902 0
1741043897 41948 0
1741043899 41725 0
1741043901 41827 0
1741043903 41723 0
1741043905 41820 0
1741043907 41858 0
1741043909 41858 0
1741043911 41831 0
1741043913 41887 0
1741043915 41719 0
1741043917 41778 0
1741043919 41787 0
1741043922 41849 0
1741043924 41726 0
1741043926 41779 0
1741043928 41817 0
1741043930 41718 0
1741043932 41762 0
1741043934 41672 0
1741043936 41636 0
1741043938 41710 0
1741043940 41730 0
1741043942 41759 0
1741043944 41918 0
1741043946 41630 0
1741043948 41725 0
1741043950 41636 0
1741043952 41868 0
1741043954 41788 0
1741043956 41788 0
1741043958 41784 0
1741043960 41668 0
1741043962 41648 0
1741043964 41665 0
1741043967 41685 0
1741043969 41790 0
1741043971 41830 0
1741043973 41481 0
1741043975 41562 0
1741043977 41674 0
1741043979 41558 0
1741043981 41452 0
1741043983 41441 0
1741043985 41667 0
1741043987 41517 0
1741043989 41610 0
1741043991 41573 0
1741043993 41578 0
1741043995 41589 0
1741043997 41487 0
1741043999 41507 0
1741044001 41554 0
1741044003 41450 0
1741044005 41534 0
1741044007 41494 0
1741044009 41497 0
1741044011 41503 0
1741044014 41535 0
1741044016 41502 0
1741044018 41618 0
1741044020 41540 0
1741044022 41389 0
1741044024 41539 0
1741044026 41716 0
1741044028 41696 0
1741044030 41631 0
1741044032 41723 0
1741044034 41715 0
1741044036 41584 0
1741044038 41552 0
1741044040 41685 0
1741044042 41602 0
1741044044 41682 0
1741044046 41772 0
1741044048 41671 0
1741044050 41586 0
1741044052 41581 0
1741044054 41624 0
1741044056 41828 0
1741044058 41695 0
1741044061 41503 0
1741044063 41565 0
1741044065 41429 0
1741044067 41512 0
1741044069 41550 0
1741044071 41467 0
1741044073 41352 0
1741044075 41347 0
1741044077 41383 0
1741044079 41344 0
1741044081 41408 0
1741044083 41405 0
1741044085 41446 0
1741044087 41486 0
1741044089 41393 0
1741044091 41355 0
1741044093 41286 0
1741044095 41369 0
1741044097 41490 0
1741044099 41361 0
1741044101 41503 0
1741044103 41481 0
1741044105 41235 0
1741044108 41474 0
1741044110 41478 0
1741044112 41542 0
1741044114 41497 0
1741044116 41514 0
1741044118 41512 0
1741044120 41773 0
1741044122 41605 0
1741044124 41391 0
1741044126 41326 0
1741044128 41477 0
1741044130 41164 0
1741044132 41322 0
1741044134 41282 0
1741044136 41177 0
1741044138 41210 0
1741044140 41243 0
1741044142 41078 0
1741044144 41156 0
1741044146 41021 0
1741044148 41154 0
1741044150 41051 0
1741044153 41050 0
1741044155 41015 0
1741044157 41038 0
1741044159 41068 0
1741044161 41075 0
1741044163 41025 0
1741044165 40961 0
1741044167 41084 0
1741044169 41094 0
1741044171 41057 0
1741044173 41096 0
1741044175 41077 0
1741044177 41100 0
1741044179 40877 0
1741044181 40943 0
1741044183 40930 0
1741044185 40950 0
1741044187 41087 0
1741044189 40916 0
1741044191 40994 0
1741044193 40979 0
1741044195 40852 0
1741044197 40924 0
1741044200 40950 0
1741044202 40918 0
1741044204 41008 0
1741044206 41090 0
1741044208 40891 0
1741044210 41003 0
1741044212 40927 0
1741044214 40938 0
1741044216 40925 0
1741044218 40845 0
1741044220 40860 0
1741044222 40873 0
1741044224 40952 0
1741044226 41017 0
1741044228 40845 0
1741044230 40828 0
1741044232 40950 0
1741044234 40793 0
1741044236 40916 0
1741044238 40917 0
1741044240 40816 0
1741044242 40878 0
1741044244 40784 0
1741044247 40767 0
1741044249 40883 0
1741044251 40800 0
1741044253 40760 0
1741044255 40852 0
1741044257 40845 0
1741044259 40741 0
1741044261 40831 0
1741044263 40916 0
1741044265 40975 0
1741044267 40723 0
1741044269 40849 0
1741044271 40856 0
1741044273 40707 0
1741044275 40752 0
1741044277 40808 0
1741044279 40881 0
1741044281 40745 0
1741044283 40808 0
1741044285 40813 0
1741044287 40787 0
1741044289 40876 0
1741044292 40759 0
1741044294 40815 0
1741044296 40705 0
1741044298 40829 0
1741044300 40758 0
1741044302 40857 0
1741044304 40861 0
1741044306 40812 0
1741044308 40743 0
1741044310 40679 0
1741044312 40859 0
1741044314 40712 0
1741044316 40806 0
1741044318 40839 0
1741044320 40752 0
1741044322 40770 0
1741044324 40773 0
1741044326 40875 0
1741044328 40813 0
1741044330 40849 0
1741044332 40880 0
1741044334 40764 0
1741044336 40797 0
1741044339 40789 0
1741044341 40853 0
1741044343 40745 0
1741044345 40776 0
1741044347 40753 0
1741044349 40746 0
1741044351 40895 0
1741044353 40859 0
1741044355 40866 0
1741044357 40818 0
1741044359 40835 0
1741044361 40738 0
1741044363 40914 0
1741044365 40797 0
1741044367 40755 0
1741044369 40774 0
1741044371 40962 0
1741044373 40860 0
1741044375 40904 0
1741044377 40671 0
1741044379 40744 0
1741044381 40920 0
1741044383 40853 0
1741044386 40815 0
1741044388 40723 0
1741044390 40920 0
1741044392 40821 0
1741044394 40786 0
1741044396 40783 0
1741044398 40948 0
1741044400 40843 0
1741044402 40771 0
1741044404 40850 0
1741044406 40946 0
1741044408 40711 0
1741044410 40862 0
1741044412 40782 0
1741044414 40939 0
1741044416 40787 0
1741044418 40890 0
1741044420 40902 0
1741044422 40756 0
1741044424 40837 0
1741044426 40783 0
1741044428 40874 0
1741044430 40824 0
1741044433 40757 0
1741044435 40865 0
1741044437 40895 0
1741044439 40831 0
1741044441 40919 0
1741044443 40804 0
1741044445 40806 0
1741044447 40952 0
1741044449 40828 0
1741044451 40846 0
1741044453 40825 0
1741044455 40824 0
1741044457 40900 0
1741044459 40839 0
1741044461 40881 0
1741044463 40869 0
1741044465 40910 0
1741044467 41022 0
1741044469 40909 0
1741044471 40908 0
1741044473 40969 0
1741044475 40891 0
1741044478 40910 0
1741044480 40901 0
1741044482 40979 0
1741044484 40901 0
1741044486 40833 0
1741044488 41010 0
1741044490 40843 0
1741044492 40903 0
1741044494 40932 0
1741044496 40812 0
1741044498 40899 0
1741044500 40891 0
1741044502 41009 0
1741044504 40863 0
1741044506 40984 0
1741044508 40882 0
1741044510 40914 0
1741044512 40964 0
1741044514 40821 0
1741044516 40855 0
1741044518 40860 0
1741044520 40904 0
1741044522 40791 0
1741044525 40837 0
1741044527 40918 0
1741044529 40909 0
1741044531 40914 0
1741044533 40924 0
1741044535 40829 0
1741044537 40853 0
1741044539 40860 0
1741044541 40871 0
1741044543 40876 0
1741044545 40864 0
1741044547 40873 0
1741044549 40843 0
1741044551 40968 0
1741044553 39187 0
1741044555 39199 0
1741044557 39104 0
1741044559 39161 0
1741044561 39101 0
1741044563 39087 0
1741044565 39211 0
1741044567 39244 0
1741044569 39153 0
1741044572 39171 0
1741044574 39068 0
1741044576 39165 0
1741044578 39087 0
1741044580 39231 0
1741044582 39097 0
1741044584 39266 0
1741044586 39161 0
1741044588 39127 0
1741044590 39173 0
1741044592 39069 0
1741044594 39140 0
1741044596 39114 0
1741044598 39047 0
1741044600 39155 0
1741044602 39150 0
1741044604 39158 0
1741044606 39167 0
1741044608 40678 0
1741044610 41067 0
1741044612 40844 0
1741044614 41085 0
1741044617 41019 0
1741044619 40968 0
1741044621 41136 0
1741044623 41015 0
1741044625 40987 0
1741044627 40925 0
1741044629 40961 0
1741044631 41028 0
1741044633 41011 0
1741044635 40959 0
1741044637 40955 0
1741044639 40943 0
1741044641 41112 0
1741044643 40906 0
1741044645 41059 0
1741044647 41021 0
1741044649 41134 0
1741044651 41064 0
1741044653 40983 0
1741044655 41042 0
1741044657 40951 0
1741044659 40996 0
1741044661 41201 0
1741044664 41129 0
1741044666 40958 0
1741044668 40974 0
1741044670 41077 0
1741044672 40954 0
1741044674 40976 0
1741044676 40886 0
1741044678 41069 0
1741044680 40946 0
1741044682 40975 0
1741044684 40972 0
1741044686 40937 0
1741044688 41042 0
1741044690 40939 0
1741044692 40951 0
1741044694 40888 0
1741044696 40956 0
1741044698 41004 0
1741044700 41029 0
1741044702 41022 0
1741044704 41049 0
1741044706 40880 0
1741044708 40950 0
1741044711 40971 0
1741044713 40850 0
1741044715 41019 0
1741044717 40937 0
1741044719 40869 0
1741044721 41040 0
1741044723 40966 0
1741044725 40882 0
1741044727 40876 0
1741044729 40922 0
1741044731 40935 0
1741044733 40906 0
1741044735 40937 0
1741044737 41014 0
1741044739 40923 0
1741044741 40936 0
1741044743 40943 0
1741044745 40873 0
1741044747 40923 0
1741044749 40979 0
1741044751 41059 0
1741044753 40895 0
1741044756 40923 0
1741044758 40984 0
1741044760 40986 0
1741044762 40939 0
1741044764 40990 0
1741044766 40957 0
1741044768 41025 0
1741044770 40913 0
1741044772 40929 0
1741044774 40945 0
1741044776 40905 0
1741044778 40943 0
1741044780 41028 0
1741044782 40982 0
1741044784 41041 0
1741044786 41000 0
1741044788 40898 0
1741044790 41032 0
1741044792 41046 0
1741044794 40972 0
1741044796 41020 0
1741044798 40991 0
1741044800 40913 0
1741044803 41153 0
1741044805 41080 0
1741044807 41039 0
1741044809 41007 0
1741044811 40923 0
1741044813 41141 0
1741044815 41132 0
1741044817 41189 0
1741044819 40981 0
1741044821 41013 0
1741044823 41139 0
1741044825 41143 0
1741044827 41395 0
1741044829 40958 0
1741044831 41116 0
1741044833 41237 0
1741044835 41064 0
1741044837 41049 0
1741044839 41216 0
1741044841 41288 0
1741044843 41280 0
1741044845 41174 0
1741044848 41022 0
1741044850 40982 0
1741044852 41194 0
1741044854 41047 0
1741044856 41119 0
1741044858 41148 0
1741044860 41038 0
1741044862 41041 0
1741044864 40966 0
1741044866 41065 0
1741044868 40978 0
1741044870 41006 0
1741044872 41128 0
1741044874 41125 0
1741044876 40905 0
1741044878 41018 0
1741044880 40954 0
1741044882 41025 0
1741044884 40977 0
1741044886 41051 0
1741044888 41055 0
1741044890 40966 0
1741044892 41194 0
1741044895 41055 0
1741044897 41057 0
1741044899 40872 0
1741044901 41002 0
1741044903 41001 0
1741044905 41028 0
1741044907 41117 0
1741044909 40990 0
1741044911 40889 0
1741044913 41106 0
1741044915 41160 0
1741044917 40996 0
1741044919 41269 0
1741044921 41118 0
1741044923 40981 0
1741044925 41229 0
1741044927 41069 0
1741044929 41029 0
1741044931 41052 0
1741044933 40959 0
1741044935 41116 0
1741044937 41005 0
1741044939 41022 0
1741044942 41019 0
1741044944 41050 0
1741044946 41057 0
1741044948 41101 0
1741044950 41030 0
1741044952 40976 0
1741044954 41024 0
1741044956 41164 0
1741044958 41068 0
1741044960 41076 0
1741044962 41035 0
1741044964 41066 0
1741044966 41038 0
1741044968 41033 0
1741044970 40975 0
1741044972 41004 0
1741044974 41038 0
1741044976 41212 0
1741044978 41017 0
1741044980 41284 0
1741044982 41131 0
1741044984 41298 0
1741044987 41416 0
1741044989 41104 0
1741044991 41287 0
1741044993 40977 0
1741044995 41119 0
1741044997 41022 0
1741044999 41121 0
1741045001 41109 0
1741045003 41043 0
1741045005 41028 0
1741045007 41275 0
1741045009 41118 0
1741045011 41021 0
1741045013 41103 0
1741045015 40999 0
1741045017 40857 0
1741045019 40966 0
1741045021 40925 0
1741045023 40934 0
1741045025 41001 0
1741045027 41007 0
1741045029 40882 0
1741045031 40972 0
1741045034 41016 0
1741045036 40976 0
1741045038 41082 0
1741045040 41142 0
1741045042 41045 0
1741045044 41000 0
1741045046 40908 0
1741045048 40964 0
1741045050 40983 0
1741045052 40992 0
1741045054 40914 0
1741045056 41025 0
1741045058 40950 0
1741045060 41006 0
1741045062 40911 0
1741045064 41000 0
1741045066 40963 0
1741045068 40977 0
1741045070 40963 0
1741045072 41175 0
1741045074 41041 0
1741045076 41079 0
1741045078 41026 0
1741045081 41116 0
1741045083 41061 0
1741045085 41104 0
1741045087 41114 0
1741045089 41047 0
1741045091 40999 0
1741045093 41132 0
1741045095 41101 0
1741045097 41163 0
1741045099 41174 0
1741045101 40895 0
1741045103 41062 0
1741045105 41153 0
1741045107 40993 0
1741045109 40982 0
1741045111 41037 0
1741045113 41045 0
1741045115 41011 0
1741045117 41042 0
1741045119 41044 0
1741045121 41158 0
1741045123 40988 0
1741045125 41114 0
1741045128 40929 0
1741045130 40907 0
1741045132 40980 0
1741045134 41085 0
1741045136 41060 0
1741045138 41048 0
1741045140 40964 0
1741045142 40999 0
1741045144 40999 0
1741045146 41085 0
1741045148 41058 0
1741045150 41059 0
1741045152 41106 0
1741045154 40980 0
1741045156 40932 0
1741045158 41048 0
1741045160 40934 0
1741045162 41146 0
1741045164 41034 0
1741045166 41008 0
1741045168 41024 0
1741045170 41206 0
1741045172 41006 0
1741045175 41198 0
1741045177 41187 0
1741045179 41052 0
1741045181 41101 0
1741045183 41244 0
1741045185 41133 0
1741045187 41112 0
1741045189 41168 0
1741045191 41082 0
1741045193 41077 0
1741045195 41202 0
1741045197 41043 0
1741045199 41089 0
1741045201 40991 0
1741045203 40990 0
1741045205 41051 0
1741045207 41037 0
1741045209 41001 0
1741045211 41081 0
1741045213 41065 0
1741045215 41005 0
1741045217 41057 0
1741045220 41061 0
1741045222 41140 0
1741045224 41022 0
1741045226 41017 0
1741045228 41113 0
1741045230 41085 0
1741045232 41099 0
1741045234 40972 0
1741045236 41067 0
1741045238 41094 0
1741045240 41027 0
1741045242 41197 0
1741045244 40947 0
1741045246 41221 0
1741045248 41136 0
1741045250 41038 0
1741045252 41070 0
1741045254 41127 0
1741045256 41111 0
1741045258 41201 0
1741045260 41004 0
1741045262 41144 0
1741045264 41143 0
1741045267 41131 0
1741045269 41092 0
1741045271 41050 0
1741045273 41039 0
1741045275 41056 0
1741045277 41038 0
1741045279 41069 0
1741045281 41064 0
1741045283 41105 0
1741045285 41124 0
1741045287 41231 0
1741045289 41413 0
1741045291 41330 0
1741045293 41204 0
1741045295 41241 0
1741045297 41283 0
1741045299 41135 0
1741045301 41088 0
1741045303 41104 0
1741045305 40975 0
1741045307 41037 0
1741045309 41142 0
1741045312 41213 0
1741045314 41112 0
1741045316 41167 0
1741045318 41141 0
1741045320 41074 0
1741045322 41157 0
1741045324 41082 0
1741045326 41033 0
1741045328 41139 0
1741045330 41002 0
1741045332 40970 0
1741045334 41109 0
1741045336 41007 0
1741045338 41142 0
1741045340 41138 0
1741045342 41201 0
1741045344 41132 0
1741045346 41076 0
1741045348 41359 0
1741045350 41121 0
1741045352 41085 0
1741045354 41180 0
1741045356 41131 0
1741045359 41071 0
1741045361 41083 0
1741045363 41047 0
1741045365 41071 0
1741045367 41163 0
1741045369 41105 0
1741045371 41107 0
1741045373 41282 0
1741045375 41131 0
1741045377 41032 0
1741045379 41088 0
1741045381 41136 0
1741045383 41151 0
1741045385 41171 0
1741045387 41300 0
1741045389 41127 0
1741045391 41178 0
1741045393 41254 0
1741045395 41181 0
1741045397 41191 0
1741045399 41334 0
1741045401 41213 0
1741045404 41119 0
1741045406 41193 0
1741045408 40974 0
1741045410 41037 0
1741045412 41351 0
1741045414 41153 0
1741045416 41244 0
1741045418 41043 0
1741045420 41132 0
1741045422 41094 0
1741045424 41041 0
1741045426 41068 0
1741045428 41180 0
1741045430 41148 0
1741045432 41022 0
1741045434 41076 0
1741045436 41020 0
1741045438 41009 0
1741045440 41179 0
1741045442 41128 0
1741045444 41135 0
1741045446 41228 0
1741045448 41094 0
1741045451 41046 0
1741045453 41112 0
1741045455 41067 0
1741045457 41016 0
1741045459 41004 0
1741045461 41066 0
1741045463 41007 0
1741045465 41034 0
1741045467 41039 0
1741045469 41127 0
1741045471 40963 0
1741045473 41112 0
1741045475 41033 0
1741045477 41007 0
1741045479 41076 0
1741045481 41130 0
1741045483 41094 0
1741045485 41024 0
1741045487 41158 0
1741045489 41228 0
1741045491 41084 0
1741045493 41067 0
1741045495 41031 0
1741045498 41030 0
1741045500 41047 0
1741045502 41069 0
1741045504 41025 0
1741045506 41118 0
1741045508 41019 0
1741045510 41007 0
1741045512 41050 0
1741045514 41043 0
1741045516 41012 0
1741045518 41043 0
1741045520 41020 0
1741045522 41021 0
1741045524 41049 0
1741045526 41097 0
1741045528 41075 0
1741045530 40938 0
1741045532 41148 0
1741045534 41129 0
1741045536 41008 0
1741045538 41121 0
1741045540 41054 0
1741045543 41129 0
1741045545 41062 0
1741045547 41168 0
1741045549 41106 0
1741045551 41117 0
1741045553 41162 0
1741045555 41257 0
1741045557 41146 0
1741045559 41144 0
1741045561 41225 0
1741045563 41218 0
1741045565 41259 0
1741045567 41190 0
1741045569 41110 0
1741045571 41228 0
1741045573 41291 0
1741045575 41046 0
1741045577 41195 0
1741045579 41129 0
1741045581 41135 0
1741045583 41125 0
1741045585 41059 0
1741045587 41140 0
1741045590 41110 0
1741045592 41293 0
1741045594 41136 0
1741045596 41084 0
1741045598 41063 0
1741045600 41157 0
1741045602 41112 0
1741045604 41067 0
1741045606 41043 0
1741045608 41141 0
1741045610 41096 0
1741045612 41008 0
1741045614 41091 0
1741045616 41095 0
1741045618 40963 0
1741045620 41125 0
1741045622 41109 0
1741045624 41093 0
1741045626 41107 0
1741045628 41131 0
1741045630 41174 0
1741045632 41029 0
1741045634 41029 0
1741045637 41089 0
1741045639 41011 0
1741045641 41061 0
1741045643 41046 0
1741045645 41048 0
1741045647 40996 0
1741045649 41083 0
1741045651 40994 0
1741045653 41030 0
1741045655 41079 0
1741045657 41063 0
1741045659 40977 0
1741045661 41031 0
1741045663 41068 0
1741045665 40991 0
1741045667 40947 0
1741045669 41116 0
1741045671 41065 0
1741045673 40997 0
1741045675 40983 0
1741045677 40977 0
1741045679 41037 0
1741045682 41041 0
1741045684 41061 0
1741045686 41091 0
1741045688 40966 0
1741045690 40930 0
1741045692 41100 0
1741045694 41093 0
1741045696 41121 0
1741045698 41077 0
1741045700 41062 0
1741045702 41149 0
1741045704 41025 0
1741045706 41137 0
1741045708 41090 0
1741045710 41000 0
1741045712 40995 0
1741045714 41055 0
1741045716 41039 0
1741045718 41052 0
1741045720 41064 0
1741045722 41136 0
1741045724 41166 0
1741045726 41128 0
1741045729 41053 0
1741045731 41079 0
1741045733 41030 0
1741045735 41033 0
1741045737 41176 0
1741045739 41192 0
1741045741 41144 0
1741045743 41188 0
1741045745 41137 0
1741045747 41079 0
1741045749 41079 0
1741045751 41078 0
1741045753 41012 0
1741045755 41111 0
1741045757 41078 0
1741045759 41105 0
1741045761 41022 0
1741045763 41078 0
1741045765 41135 0
1741045767 41194 0
1741045769 41117 0
1741045771 41055 0
1741045774 41112 0
1741045776 41234 0
1741045778 41085 0
1741045780 41142 0
1741045782 41187 0
1741045784 41028 0
1741045786 41076 0
1741045788 41069 0
1741045790 40971 0
1741045792 41151 0
1741045794 41044 0
1741045796 40984 0
1741045798 41097 0
1741045800 41147 0
1741045802 41080 0
1741045804 41134 0
1741045806 41216 0
1741045808 41160 0
1741045810 41134 0
1741045812 41129 0
1741045814 41064 0
1741045816 41170 0
1741045818 41083 0
1741045821 41063 0
1741045823 41116 0
1741045825 41019 0
1741045827 41063 0
1741045829 41197 0
1741045831 41175 0
1741045833 41185 0
1741045835 41087 0
1741045837 41066 0
1741045839 41147 0
1741045841 41114 0
1741045843 41070 0
1741045845 41075 0
1741045847 41070 0
1741045849 41073 0
1741045851 41089 0
1741045853 41135 0
1741045855 41192 0
1741045857 41017 0
1741045859 41113 0
1741045861 41061 0
1741045863 41128 0
1741045865 41047 0
1741045868 41140 0
1741045870 41107 0
1741045872 41167 0
1741045874 41200 0
1741045876 41024 0
1741045878 41006 0
1741045880 41167 0
1741045882 41066 0
1741045884 41159 0
1741045886 41273 0
1741045888 41088 0
1741045890 41167 0
1741045892 41245 0
1741045894 41159 0
1741045896 41125 0
1741045898 41155 0
1741045900 41186 0
1741045902 41182 0
1741045904 41207 0
1741045906 41020 0
1741045908 41192 0
1741045910 41137 0
1741045913 41193 0
1741045915 41078 0
1741045917 41097 0
1741045919 41103 0
1741045921 41098 0
1741045923 41118 0
1741045925 41233 0
1741045927 41175 0
1741045929 41193 0
1741045931 41079 0
1741045933 41169 0
1741045935 41061 0
1741045937 41297 0
1741045939 41194 0
1741045941 41114 0
1741045943 41251 0
1741045945 41101 0
1741045947 41221 0
1741045949 41116 0
1741045951 41194 0
1741045953 41233 0
1741045955 41141 0
1741045957 41145 0
1741045960 41078 0
1741045962 41185 0
1741045964 41134 0
1741045966 41189 0
1741045968 41163 0
1741045970 41169 0
1741045972 41144 0
1741045974 41190 0
1741045976 41330 0
1741045978 41303 0
1741045980 41135 0
1741045982 41167 0
1741045984 41161 0
1741045986 41210 0
1741045988 41137 0
1741045990 41154 0
1741045992 41151 0
1741045994 41178 0
1741045996 41233 0
1741045998 41088 0
1741046000 41147 0
1741046002 41161 0
1741046004 41100 0
1741046007 41174 0
1741046009 41164 0
1741046011 41099 0
1741046013 41247 0
1741046015 41165 0
1741046017 41158 0
1741046019 40994 0
1741046021 41126 0
1741046023 41119 0
1741046025 41133 0
1741046027 41168 0
1741046029 41112 0
1741046031 41175 0
1741046033 41123 0
1741046035 41095 0
1741046037 41135 0
1741046039 41110 0
1741046041 41095 0
1741046043 41128 0
1741046045 41115 0
1741046047 41183 0
1741046049 41200 0
1741046052 41143 0
1741046054 41206 0
1741046056 41102 0
1741046058 41098 0
1741046060 41146 0
1741046062 41085 0
1741046064 41158 0
1741046066 40999 0
1741046068 41191 0
1741046070 41202 0
1741046072 41168 0
1741046074 41207 0
1741046076 41059 0
1741046078 41124 0
1741046080 41117 0
1741046082 41189 0
1741046084 41178 0
1741046086 41136 0
1741046088 41107 0
1741046090 41119 0
1741046092 41134 0
1741046094 41160 0
1741046097 41226 0
1741046099 41123 0
1741046101 41120 0
1741046103 41277 0
1741046105 41168 0
1741046107 41253 0
1741046109 41123 0
1741046111 41202 0
1741046113 41028 0
1741046115 41138 0
1741046117 41176 0
1741046119 41191 0
1741046121 41182 0
1741046123 41076 0
1741046125 41143 0
1741046127 41135 0
1741046129 41157 0
1741046131 41186 0
1741046133 41229 0
1741046135 41130 0
1741046137 40994 0
1741046139 41190 0
1741046142 41108 0
1741046144 41145 0
1741046146 41136 0
1741046148 41172 0
1741046150 41094 0
1741046152 41083 0
1741046154 41167 0
1741046156 41018 0
1741046158 41171 0
1741046160 41102 0
1741046162 41070 0
1741046164 41093 0
1741046166 41088 0
1741046168 41011 0
1741046170 41044 0
1741046172 41055 0
1741046174 41110 0
1741046176 41068 0
1741046178 41188 0
1741046180 41087 0
1741046182 41168 0
1741046184 41107 0
1741046186 41056 0
1741046189 41050 0
1741046191 41038 0
1741046193 41042 0
1741046195 41111 0
1741046197 41168 0
1741046199 41151 0
1741046201 41056 0
1741046203 41121 0
1741046205 41144 0
1741046207 41226 0
1741046209 41057 0
1741046211 41089 0
1741046213 41220 0
1741046215 41184 0
1741046217 41162 0
1741046219 41137 0
1741046221 41263 0
1741046223 41198 0
1741046225 41189 0
1741046227 41202 0
1741046229 41213 0
1741046231 41093 0
1741046234 41182 0
1741046236 41193 0
1741046238 41149 0
1741046240 41058 0
1741046242 41131 0
1741046244 41177 0
1741046246 41113 0
1741046248 41163 0
1741046250 41214 0
1741046252 41222 0
1741046254 41215 0
1741046256 41183 0
1741046258 41168 0
1741046260 41241 0
1741046262 41171 0
1741046264 41206 0
1741046266 41297 0
1741046268 41379 0
1741046270 41284 0
1741046272 41156 0
1741046274 41276 0
1741046276 41156 0
1741046278 41056 0
1741046281 41325 0
1741046283 41211 0
1741046285 41311 0
1741046287 41164 0
1741046289 41162 0
1741046291 41130 0
1741046293 41129 0
1741046295 41052 0
1741046297 41114 0
1741046299 41177 0
1741046301 41120 0
1741046303 41234 0
1741046305 41202 0
1741046307 41131 0
1741046309 41127 0
1741046311 41281 0
1741046313 41188 0
1741046315 41179 0
1741046317 41086 0
1741046319 41126 0
1741046321 41261 0
1741046323 41210 0
1741046325 41165 0
1741046328 41189 0
1741046330 41202 0
1741046332 41112 0
1741046334 41103 0
1741046336 41117 0
1741046338 41067 0
1741046340 41169 0
1741046342 41153 0
1741046344 41161 0
1741046346 41037 0
1741046348 41083 0
1741046350 41194 0
1741046352 40998 0
1741046354 41140 0
1741046356 41176 0
1741046358 41172 0
1741046360 41094 0
1741046362 41144 0
1741046364 41162 0
1741046366 41169 0
1741046368 41192 0
1741046370 41199 0
1741046373 41148 0
1741046375 41170 0
1741046377 41176 0
1741046379 41199 0
1741046381 41294 0
1741046383 41285 0
1741046385 41274 0
1741046387 41199 0
1741046389 41312 0
1741046391 41157 0
1741046393 41263 0
1741046395 41166 0
1741046397 41219 0
1741046399 41205 0
1741046401 41175 0
1741046403 41229 0
