Magnetometer Ny Alesund
Lat: 78.92  Lon: 11.93
Quiet mean Dec: 9.9739
Quiet mean Inc: 82.6795
Quiet mean Tot: 55128.25
DD/MM/YYYY  HH:MM:SS     Dec      Horiz     Vert      Incl      Total
04/03/2025  00:00:00     9.8961    7026.3   54690.3   82.6791   55139.8
04/03/2025  00:01:00     9.9051    7027.3   54691.4   82.6782   55141.1
04/03/2025  00:02:00     9.9102    7028.1   54692.2   82.6775   55142.0
04/03/2025  00:03:00     9.9188    7028.2   54693.9   82.6776   55143.6
04/03/2025  00:04:00     9.9223    7028.8   54695.9   82.6773   55145.7
04/03/2025  00:05:00     9.9234    7029.5   54697.4   82.6767   55147.3
04/03/2025  00:06:00     9.9269    7030.0   54698.5   82.6763   55148.4
04/03/2025  00:07:00     9.9296    7030.7   54699.2   82.6757   55149.2
04/03/2025  00:08:00     9.9321    7031.3   54699.4   82.6751   55149.5
04/03/2025  00:09:00     9.9432    7031.9   54700.9   82.6747   55151.0
04/03/2025  00:10:00     9.9470    7032.5   54701.1   82.6741   55151.3
04/03/2025  00:11:00     9.9474    7032.4   54700.6   82.6741   55150.8
04/03/2025  00:12:00     9.9500    7032.4   54700.1   82.6741   55150.3
04/03/2025  00:13:00     9.9550    7032.3   54699.1   82.6740   55149.3
04/03/2025  00:14:00     9.9653    7032.6   54697.6   82.6736   55147.9
04/03/2025  00:15:00     9.9770    7032.1   54696.8   82.6739   55147.0
04/03/2025  00:16:00     9.9887    7030.9   54697.8   82.6753   55147.8
04/03/2025  00:17:00    10.0040    7030.8   54699.2   82.6756   55149.2
04/03/2025  00:18:00    10.0066    7031.9   54699.6   82.6745   55149.7
04/03/2025  00:19:00    10.0066    7032.9   54699.4   82.6734   55149.6
04/03/2025  00:20:00    10.0070    7033.8   54698.3   82.6724   55148.7
04/03/2025  00:21:00    10.0129    7034.0   54698.3   82.6721   55148.8
04/03/2025  00:22:00    10.0291    7033.0   54699.0   82.6733   55149.3
04/03/2025  00:23:00    10.0463    7032.3   54699.8   82.6741   55150.0
04/03/2025  00:24:00    10.0597    7032.9   54699.8   82.6735   55150.1
04/03/2025  00:25:00    10.0601    7033.7   54698.9   82.6726   55149.3
04/03/2025  00:26:00    10.0566    7035.4   54698.5   82.6707   55149.1
04/03/2025  00:27:00    10.0645    7034.4   54699.3   82.6719   55149.8
04/03/2025  00:28:00    10.0717    7033.8   54700.9   82.6728   55151.2
04/03/2025  00:29:00    10.0699    7033.2   54702.0   82.6735   55152.3
04/03/2025  00:30:00    10.0694    7033.7   54703.8   82.6732   55154.1
04/03/2025  00:31:00    10.0635    7035.4   54705.8   82.6717   55156.4
04/03/2025  00:32:00    10.0491    7035.8   54704.9   82.6712   55155.5
04/03/2025  00:33:00    10.0352    7034.7   54700.9   82.6718   55151.4
04/03/2025  00:34:00    10.0342    7033.7   54698.8   82.6726   55149.1
04/03/2025  00:35:00    10.0281    7033.1   54696.1   82.6729   55146.4
04/03/2025  00:36:00    10.0382    7032.8   54695.7   82.6731   55145.9
04/03/2025  00:37:00    10.0689    7033.2   54698.6   82.6730   55148.9
04/03/2025  00:38:00    10.0930    7034.6   54700.9   82.6720   55151.4
04/03/2025  00:39:00    10.0771    7034.6   54699.0   82.6717   55149.5
04/03/2025  00:40:00    10.0546    7034.3   54694.9   82.6714   55145.4
04/03/2025  00:41:00    10.0451    7034.0   54693.7   82.6716   55144.1
04/03/2025  00:42:00    10.0320    7033.5   54693.2   82.6720   55143.6
04/03/2025  00:43:00    10.0325    7032.8   54693.7   82.6728   55144.0
04/03/2025  00:44:00    10.0428    7031.8   54694.4   82.6739   55144.5
04/03/2025  00:45:00    10.0428    7029.6   54693.6   82.6761   55143.5
04/03/2025  00:46:00    10.0503    7026.1   54692.5   82.6796   55141.9
04/03/2025  00:47:00    10.0613    7023.7   54692.2   82.6820   55141.3
04/03/2025  00:48:00    10.0739    7023.9   54692.8   82.6819   55142.0
04/03/2025  00:49:00    10.0901    7026.3   54694.6   82.6797   55144.1
04/03/2025  00:50:00    10.1054    7029.2   54697.5   82.6770   55147.3
04/03/2025  00:51:00    10.1148    7030.9   54698.6   82.6754   55148.7
04/03/2025  00:52:00    10.1123    7032.5   54697.3   82.6737   55147.6
04/03/2025  00:53:00    10.0949    7032.8   54695.4   82.6730   55145.7
04/03/2025  00:54:00    10.0909    7032.8   54695.7   82.6730   55146.0
04/03/2025  00:55:00    10.0737    7032.8   54694.7   82.6729   55145.0
04/03/2025  00:56:00    10.0404    7032.9   54691.3   82.6724   55141.6
04/03/2025  00:57:00    10.0088    7032.2   54687.1   82.6725   55137.4
04/03/2025  00:58:00     9.9936    7031.1   54684.5   82.6733   55134.7
04/03/2025  00:59:00     9.9900    7029.7   54683.0   82.6746   55133.0
04/03/2025  01:00:00     9.9970    7028.7   54683.0   82.6757   55132.9
04/03/2025  01:01:00    10.0122    7030.0   54684.3   82.6744   55134.3
04/03/2025  01:02:00    10.0315    7031.7   54686.8   82.6730   55137.0
04/03/2025  01:03:00    10.0450    7032.2   54689.9   82.6730   55140.2
04/03/2025  01:04:00    10.0567    7032.8   54692.8   82.6727   55143.1
04/03/2025  01:05:00    10.0640    7034.0   54694.4   82.6716   55144.8
04/03/2025  01:06:00    10.0759    7035.1   54696.5   82.6708   55147.0
04/03/2025  01:07:00    10.0729    7036.2   54698.2   82.6699   55148.9
04/03/2025  01:08:00    10.0655    7037.6   54698.9   82.6686   55149.7
04/03/2025  01:09:00    10.0493    7038.3   54698.1   82.6677   55149.1
04/03/2025  01:10:00    10.0228    7038.3   54697.6   82.6676   55148.6
04/03/2025  01:11:00    10.0031    7038.8   54697.8   82.6672   55148.9
04/03/2025  01:12:00     9.9913    7039.6   54697.6   82.6663   55148.7
04/03/2025  01:13:00     9.9875    7040.0   54697.3   82.6658   55148.5
04/03/2025  01:14:00     9.9896    7039.4   54696.2   82.6663   55147.4
04/03/2025  01:15:00     9.9939    7038.6   54695.5   82.6671   55146.6
04/03/2025  01:16:00     9.9995    7037.6   54693.8   82.6678   55144.7
04/03/2025  01:17:00    10.0028    7036.6   54692.4   82.6687   55143.2
04/03/2025  01:18:00    10.0092    7037.4   54692.0   82.6679   55142.9
04/03/2025  01:19:00    10.0107    7037.9   54690.7   82.6671   55141.6
04/03/2025  01:20:00    10.0064    7038.8   54689.0   82.6660   55140.1
04/03/2025  01:21:00     9.9917    7039.2   54687.0   82.6653   55138.2
04/03/2025  01:22:00     9.9785    7039.1   54685.5   82.6653   55136.7
04/03/2025  01:23:00     9.9813    7038.7   54686.2   82.6658   55137.3
04/03/2025  01:24:00     9.9962    7037.6   54687.8   82.6671   55138.7
04/03/2025  01:25:00    10.0068    7038.5   54689.4   82.6664   55140.4
04/03/2025  01:26:00    10.0112    7040.5   54690.5   82.6644   55141.8
04/03/2025  01:27:00    10.0120    7040.0   54689.6   82.6648   55140.9
04/03/2025  01:28:00    10.0230    7036.7   54689.2   82.6682   55140.0
04/03/2025  01:29:00    10.0137    7034.8   54688.3   82.6701   55138.9
04/03/2025  01:30:00     9.9901    7033.7   54685.9   82.6709   55136.3
04/03/2025  01:31:00     9.9848    7032.7   54685.2   82.6718   55135.6
04/03/2025  01:32:00     9.9757    7033.2   54687.0   82.6715   55137.4
04/03/2025  01:33:00     9.9789    7033.4   54690.4   82.6718   55140.8
04/03/2025  01:34:00     9.9898    7032.6   54692.8   82.6729   55143.1
04/03/2025  01:35:00     9.9850    7033.1   54692.8   82.6723   55143.1
04/03/2025  01:36:00     9.9884    7033.8   54692.9   82.6717   55143.4
04/03/2025  01:37:00    10.0046    7034.1   54694.1   82.6715   55144.5
04/03/2025  01:38:00    10.0165    7035.1   54695.1   82.6706   55145.7
04/03/2025  01:39:00    10.0172    7035.2   54694.9   82.6705   55145.5
04/03/2025  01:40:00     9.9996    7034.1   54693.1   82.6714   55143.5
04/03/2025  01:41:00     9.9780    7034.2   54693.0   82.6713   55143.5
04/03/2025  01:42:00     9.9727    7036.2   54695.9   82.6696   55146.6
04/03/2025  01:43:00     9.9891    7039.0   54700.2   82.6673   55151.2
04/03/2025  01:44:00     9.9950    7040.5   54701.2   82.6659   55152.5
04/03/2025  01:45:00    10.0038    7039.9   54701.0   82.6665   55152.1
04/03/2025  01:46:00    10.0138    7039.5   54699.4   82.6666   55150.6
04/03/2025  01:47:00    10.0188    7038.3   54697.3   82.6676   55148.3
04/03/2025  01:48:00    10.0271    7037.5   54695.3   82.6682   55146.1
04/03/2025  01:49:00    10.0258    7037.1   54694.3   82.6684   55145.2
04/03/2025  01:50:00    10.0124    7036.6   54693.9   82.6689   55144.7
04/03/2025  01:51:00     9.9912    7037.5   54693.5   82.6680   55144.4
04/03/2025  01:52:00     9.9842    7037.6   54692.9   82.6677   55143.8
04/03/2025  01:53:00     9.9827    7037.4   54691.9   82.6679   55142.8
04/03/2025  01:54:00     9.9880    7037.4   54690.7   82.6677   55141.6
04/03/2025  01:55:00     9.9909    7037.5   54690.2   82.6675   55141.1
04/03/2025  01:56:00     9.9750    7037.5   54687.0   82.6671   55138.0
04/03/2025  01:57:00     9.9564    7038.6   54683.5   82.6655   55134.6
04/03/2025  01:58:00     9.9594    7039.7   54681.4   82.6640   55132.7
04/03/2025  01:59:00     9.9564    7038.8   54677.2   82.6644   55128.4
04/03/2025  02:00:00     9.9246    7036.3   54672.3   82.6664   55123.3
04/03/2025  02:01:00     9.9015    7032.6   54671.8   82.6701   55122.2
04/03/2025  02:02:00     9.9123    7032.2   54678.2   82.6714   55128.6
04/03/2025  02:03:00     9.9583    7034.6   54685.0   82.6698   55135.6
04/03/2025  02:04:00     9.9769    7034.5   54686.3   82.6701   55136.8
04/03/2025  02:05:00     9.9650    7034.4   54684.3   82.6699   55134.9
04/03/2025  02:06:00     9.9533    7034.9   54683.0   82.6692   55133.7
04/03/2025  02:07:00     9.9298    7039.1   54683.2   82.6649   55134.4
04/03/2025  02:08:00     9.9078    7040.5   54682.8   82.6635   55134.1
04/03/2025  02:09:00     9.9033    7041.2   54684.3   82.6630   55135.8
04/03/2025  02:10:00     9.9153    7043.0   54687.2   82.6614   55138.9
04/03/2025  02:11:00     9.9248    7045.6   54690.0   82.6591   55141.9
04/03/2025  02:12:00     9.9412    7049.6   54692.6   82.6554   55145.0
04/03/2025  02:13:00     9.9495    7051.4   54691.8   82.6534   55144.5
04/03/2025  02:14:00     9.9457    7052.1   54689.4   82.6524   55142.2
04/03/2025  02:15:00     9.9370    7050.1   54687.3   82.6541   55139.9
04/03/2025  02:16:00     9.9259    7048.5   54686.7   82.6557   55139.0
04/03/2025  02:17:00     9.9180    7048.5   54687.0   82.6557   55139.4
04/03/2025  02:18:00     9.9364    7048.7   54688.2   82.6557   55140.6
04/03/2025  02:19:00     9.9606    7046.7   54690.8   82.6581   55142.9
04/03/2025  02:20:00     9.9777    7045.0   54698.6   82.6609   55150.4
04/03/2025  02:21:00     9.9765    7046.6   54705.4   82.6601   55157.4
04/03/2025  02:22:00     9.9941    7047.5   54708.6   82.6597   55160.6
04/03/2025  02:23:00    10.0202    7047.7   54711.3   82.6598   55163.4
04/03/2025  02:24:00    10.0292    7048.3   54710.8   82.6591   55162.9
04/03/2025  02:25:00    10.0127    7048.2   54708.6   82.6590   55160.7
04/03/2025  02:26:00    10.0136    7047.6   54708.5   82.6596   55160.6
04/03/2025  02:27:00    10.0461    7049.4   54710.4   82.6579   55162.7
04/03/2025  02:28:00    10.0708    7048.7   54709.0   82.6584   55161.2
04/03/2025  02:29:00    10.0649    7046.6   54707.1   82.6604   55159.0
04/03/2025  02:30:00    10.0453    7044.6   54705.6   82.6622   55157.3
04/03/2025  02:31:00    10.0454    7043.5   54704.4   82.6632   55155.9
04/03/2025  02:32:00    10.0478    7044.2   54703.8   82.6624   55155.4
04/03/2025  02:33:00    10.0772    7043.5   54704.8   82.6633   55156.3
04/03/2025  02:34:00    10.0929    7043.8   54706.4   82.6631   55158.0
04/03/2025  02:35:00    10.0930    7045.6   54707.3   82.6614   55159.1
04/03/2025  02:36:00    10.0839    7048.2   54706.9   82.6587   55159.1
04/03/2025  02:37:00    10.0879    7049.3   54706.9   82.6576   55159.2
04/03/2025  02:38:00    10.0947    7047.7   54707.3   82.6593   55159.4
04/03/2025  02:39:00    10.1008    7046.0   54708.6   82.6612   55160.5
04/03/2025  02:40:00    10.1157    7045.1   54709.5   82.6622   55161.2
04/03/2025  02:41:00    10.1347    7044.7   54711.7   82.6630   55163.4
04/03/2025  02:42:00    10.1502    7045.9   54714.1   82.6620   55165.9
04/03/2025  02:43:00    10.1571    7044.2   54713.6   82.6637   55165.2
04/03/2025  02:44:00    10.1534    7043.3   54712.7   82.6645   55164.2
04/03/2025  02:45:00    10.1321    7043.6   54711.0   82.6640   55162.6
04/03/2025  02:46:00    10.1175    7041.7   54709.3   82.6657   55160.6
04/03/2025  02:47:00    10.1074    7040.0   54708.5   82.6673   55159.6
04/03/2025  02:48:00    10.1217    7037.1   54709.9   82.6705   55160.6
04/03/2025  02:49:00    10.1215    7038.5   54713.0   82.6695   55163.8
04/03/2025  02:50:00    10.1354    7043.6   54717.3   82.6648   55168.8
04/03/2025  02:51:00    10.1410    7048.8   54718.2   82.6596   55170.4
04/03/2025  02:52:00    10.1431    7052.3   54716.7   82.6558   55169.3
04/03/2025  02:53:00    10.1205    7050.5   54712.8   82.6571   55165.2
04/03/2025  02:54:00    10.1037    7048.4   54709.4   82.6589   55161.6
04/03/2025  02:55:00    10.0888    7043.2   54707.7   82.6639   55159.2
04/03/2025  02:56:00    10.1103    7040.4   54709.3   82.6670   55160.5
04/03/2025  02:57:00    10.1273    7040.1   54711.4   82.6677   55162.5
04/03/2025  02:58:00    10.1394    7040.5   54712.6   82.6674   55163.8
04/03/2025  02:59:00    10.1379    7039.1   54711.3   82.6686   55162.3
04/03/2025  03:00:00    10.1451    7036.4   54709.5   82.6711   55160.1
04/03/2025  03:01:00    10.1401    7033.4   54708.9   82.6742   55159.1
04/03/2025  03:02:00    10.1484    7031.6   54710.3   82.6763   55160.4
04/03/2025  03:03:00    10.1607    7030.6   54711.7   82.6775   55161.6
04/03/2025  03:04:00    10.1655    7031.9   54711.8   82.6762   55161.8
04/03/2025  03:05:00    10.1545    7033.2   54712.0   82.6748   55162.2
04/03/2025  03:06:00    10.1432    7032.3   54710.8   82.6756   55160.9
04/03/2025  03:07:00    10.1429    7031.1   54710.3   82.6768   55160.3
04/03/2025  03:08:00    10.1473    7029.9   54710.0   82.6780   55159.8
04/03/2025  03:09:00    10.1438    7030.3   54709.1   82.6774   55158.9
04/03/2025  03:10:00    10.1543    7029.7   54709.1   82.6781   55158.9
04/03/2025  03:11:00    10.1547    7030.7   54710.6   82.6772   55160.5
04/03/2025  03:12:00    10.1545    7030.1   54712.1   82.6781   55161.9
04/03/2025  03:13:00    10.1509    7029.9   54713.7   82.6785   55163.5
04/03/2025  03:14:00    10.1508    7029.4   54714.8   82.6791   55164.5
04/03/2025  03:15:00    10.1485    7028.4   54715.8   82.6803   55165.4
04/03/2025  03:16:00    10.1479    7027.9   54716.2   82.6808   55165.7
04/03/2025  03:17:00    10.1509    7027.2   54716.0   82.6815   55165.4
04/03/2025  03:18:00    10.1496    7028.9   54716.1   82.6798   55165.7
04/03/2025  03:19:00    10.1368    7029.6   54715.9   82.6790   55165.6
04/03/2025  03:20:00    10.1274    7027.8   54715.2   82.6808   55164.7
04/03/2025  03:21:00    10.1260    7027.1   54714.9   82.6815   55164.3
04/03/2025  03:22:00    10.1329    7026.3   54715.6   82.6824   55164.9
04/03/2025  03:23:00    10.1342    7026.5   54717.1   82.6824   55166.4
04/03/2025  03:24:00    10.1293    7026.1   54718.2   82.6829   55167.4
04/03/2025  03:25:00    10.1311    7025.5   54718.6   82.6836   55167.8
04/03/2025  03:26:00    10.1390    7025.9   54718.9   82.6833   55168.2
04/03/2025  03:27:00    10.1380    7025.8   54718.6   82.6833   55167.8
04/03/2025  03:28:00    10.1369    7025.4   54718.3   82.6837   55167.4
04/03/2025  03:29:00    10.1397    7023.9   54718.2   82.6853   55167.2
04/03/2025  03:30:00    10.1342    7021.3   54718.0   82.6879   55166.6
04/03/2025  03:31:00    10.1509    7020.0   54719.7   82.6894   55168.1
04/03/2025  03:32:00    10.1755    7018.2   54722.2   82.6917   55170.4
04/03/2025  03:33:00    10.1928    7020.0   54724.7   82.6902   55173.1
04/03/2025  03:34:00    10.1876    7021.7   54724.6   82.6883   55173.3
04/03/2025  03:35:00    10.1720    7021.7   54722.6   82.6881   55171.3
04/03/2025  03:36:00    10.1524    7020.5   54719.6   82.6889   55168.2
04/03/2025  03:37:00    10.1520    7016.0   54716.8   82.6932   55164.7
04/03/2025  03:38:00    10.1632    7014.2   54716.0   82.6949   55163.8
04/03/2025  03:39:00    10.1677    7013.6   54715.7   82.6955   55163.4
04/03/2025  03:40:00    10.1823    7012.7   54716.5   82.6965   55164.0
04/03/2025  03:41:00    10.2013    7013.6   54717.9   82.6958   55165.6
04/03/2025  03:42:00    10.2325    7012.0   54720.8   82.6978   55168.3
04/03/2025  03:43:00    10.2741    7012.9   54725.0   82.6975   55172.5
04/03/2025  03:44:00    10.3215    7008.9   54730.6   82.7023   55177.5
04/03/2025  03:45:00    10.3231    7009.0   54732.1   82.7024   55179.0
04/03/2025  03:46:00    10.3246    7010.5   54732.3   82.7009   55179.4
04/03/2025  03:47:00    10.3416    7006.7   54734.3   82.7050   55180.9
04/03/2025  03:48:00    10.3507    7009.0   54734.4   82.7027   55181.4
04/03/2025  03:49:00    10.3662    7010.4   54733.7   82.7012   55180.8
04/03/2025  03:50:00    10.3461    7011.6   54729.1   82.6994   55176.5
04/03/2025  03:51:00    10.3269    7014.2   54721.1   82.6956   55168.8
04/03/2025  03:52:00    10.2928    7022.2   54712.0   82.6861   55160.8
04/03/2025  03:53:00    10.2498    7027.3   54702.2   82.6796   55151.7
04/03/2025  03:54:00    10.2177    7028.8   54693.9   82.6769   55143.7
04/03/2025  03:55:00    10.1896    7026.7   54687.2   82.6783   55136.8
04/03/2025  03:56:00    10.1641    7025.3   54681.9   82.6789   55131.4
04/03/2025  03:57:00    10.1333    7026.0   54682.0   82.6783   55131.6
04/03/2025  03:58:00    10.1003    7032.4   54688.5   82.6725   55138.8
04/03/2025  03:59:00    10.0718    7035.6   54698.0   82.6705   55148.6
04/03/2025  04:00:00     9.9846    7039.6   54699.7   82.6666   55150.8
04/03/2025  04:01:00     9.9397    7040.3   54701.6   82.6662   55152.8
04/03/2025  04:02:00     9.9443    7039.3   54703.8   82.6675   55154.8
04/03/2025  04:03:00     9.9855    7037.7   54703.8   82.6691   55154.6
04/03/2025  04:04:00    10.0404    7038.3   54703.8   82.6685   55154.7
04/03/2025  04:05:00    10.0821    7040.6   54704.5   82.6662   55155.7
04/03/2025  04:06:00    10.0970    7040.4   54707.6   82.6668   55158.7
04/03/2025  04:07:00    10.1293    7037.2   54716.7   82.6713   55167.3
04/03/2025  04:08:00    10.1746    7031.5   54728.5   82.6788   55178.3
04/03/2025  04:09:00    10.2017    7025.1   54738.3   82.6867   55187.2
04/03/2025  04:10:00    10.2195    7023.6   54745.2   82.6891   55193.9
04/03/2025  04:11:00    10.2453    7021.1   54749.0   82.6922   55197.3
04/03/2025  04:12:00    10.2853    7016.0   54751.4   82.6977   55199.1
04/03/2025  04:13:00    10.3304    7010.9   54753.8   82.7033   55200.8
04/03/2025  04:14:00    10.3678    7007.9   54755.5   82.7066   55202.1
04/03/2025  04:15:00    10.3864    7007.9   54754.5   82.7065   55201.2
04/03/2025  04:16:00    10.3835    7006.8   54751.9   82.7073   55198.4
04/03/2025  04:17:00    10.3954    7005.3   54750.8   82.7087   55197.1
04/03/2025  04:18:00    10.3866    7005.7   54749.7   82.7082   55196.1
04/03/2025  04:19:00    10.3625    7005.1   54745.2   82.7082   55191.6
04/03/2025  04:20:00    10.3465    7004.1   54741.4   82.7086   55187.7
04/03/2025  04:21:00    10.3612    7001.3   54741.8   82.7116   55187.8
04/03/2025  04:22:00    10.3680    6999.9   54741.5   82.7130   55187.3
04/03/2025  04:23:00    10.3507    6999.2   54739.1   82.7135   55184.7
04/03/2025  04:24:00    10.3034    6999.1   54730.9   82.7125   55176.6
04/03/2025  04:25:00    10.2844    7000.8   54726.1   82.7101   55172.1
04/03/2025  04:26:00    10.2995    7000.6   54726.9   82.7104   55172.8
04/03/2025  04:27:00    10.2835    7000.4   54724.5   82.7102   55170.4
04/03/2025  04:28:00    10.2308    7002.4   54719.6   82.7075   55165.9
04/03/2025  04:29:00    10.1603    7009.8   54710.0   82.6986   55157.3
04/03/2025  04:30:00    10.1400    7014.9   54703.0   82.6925   55151.0
04/03/2025  04:31:00    10.1325    7017.5   54702.2   82.6897   55150.5
04/03/2025  04:32:00    10.1133    7018.1   54703.6   82.6893   55151.9
04/03/2025  04:33:00    10.0925    7016.9   54701.2   82.6902   55149.4
04/03/2025  04:34:00    10.0790    7018.4   54698.7   82.6883   55147.1
04/03/2025  04:35:00    10.0669    7018.9   54700.5   82.6881   55149.0
04/03/2025  04:36:00    10.0232    7021.3   54702.1   82.6858   55150.9
04/03/2025  04:37:00    10.0080    7024.3   54701.6   82.6826   55150.8
04/03/2025  04:38:00    10.0275    7024.6   54707.4   82.6831   55156.6
04/03/2025  04:39:00    10.0526    7018.8   54710.8   82.6895   55159.2
04/03/2025  04:40:00    10.0831    7014.9   54715.7   82.6942   55163.5
04/03/2025  04:41:00    10.1044    7015.0   54717.1   82.6942   55165.0
04/03/2025  04:42:00    10.1160    7020.1   54712.8   82.6884   55161.3
04/03/2025  04:43:00    10.1117    7026.1   54708.0   82.6816   55157.4
04/03/2025  04:44:00    10.0773    7028.6   54700.3   82.6780   55150.0
04/03/2025  04:45:00    10.0295    7033.1   54694.8   82.6727   55145.2
04/03/2025  04:46:00    10.0017    7040.1   54694.8   82.6654   55146.1
04/03/2025  04:47:00    10.0163    7045.2   54697.3   82.6605   55149.2
04/03/2025  04:48:00     9.9896    7054.5   54697.3   82.6510   55150.4
04/03/2025  04:49:00    10.0967    7059.8   54721.7   82.6487   55175.3
04/03/2025  04:50:00    10.1375    7056.4   54735.3   82.6541   55188.3
04/03/2025  04:51:00    10.1733    7060.9   54743.1   82.6505   55196.6
04/03/2025  04:52:00    10.2314    7060.1   54759.7   82.6535   55212.9
04/03/2025  04:53:00    10.3123    7058.4   54782.1   82.6582   55235.0
04/03/2025  04:54:00    10.3669    7050.2   54801.7   82.6692   55253.3
04/03/2025  04:55:00    10.4083    7034.0   54808.5   82.6867   55258.0
04/03/2025  04:56:00    10.4496    7021.3   54813.7   82.7006   55261.6
04/03/2025  04:57:00    10.4977    7016.4   54817.4   82.7060   55264.7
04/03/2025  04:58:00    10.5998    7016.5   54825.3   82.7070   55272.4
04/03/2025  04:59:00    10.7605    6998.6   54845.6   82.7281   55290.3
04/03/2025  05:00:00    10.8528    6971.2   54864.9   82.7587   55306.0
04/03/2025  05:01:00    10.8412    6964.1   54866.5   82.7663   55306.7
04/03/2025  05:02:00    10.7763    6965.3   54855.2   82.7635   55295.7
04/03/2025  05:03:00    10.6866    6968.3   54833.1   82.7576   55274.1
04/03/2025  05:04:00    10.5918    6973.2   54808.5   82.7493   55250.3
04/03/2025  05:05:00    10.4908    6983.3   54781.9   82.7354   55225.2
04/03/2025  05:06:00    10.4442    6993.3   54759.7   82.7222   55204.4
04/03/2025  05:07:00    10.4286    7002.0   54753.4   82.7125   55199.3
04/03/2025  05:08:00    10.3986    7008.3   54756.4   82.7063   55203.1
04/03/2025  05:09:00    10.3148    7016.5   54751.7   82.6973   55199.5
04/03/2025  05:10:00    10.2447    7015.1   54742.1   82.6974   55189.8
04/03/2025  05:11:00    10.2345    7014.7   54741.9   82.6978   55189.5
04/03/2025  05:12:00    10.2117    7010.6   54740.9   82.7020   55188.0
04/03/2025  05:13:00    10.2433    7005.8   54741.6   82.7070   55188.1
04/03/2025  05:14:00    10.2329    7008.1   54734.3   82.7037   55181.1
04/03/2025  05:15:00    10.1888    7014.4   54721.2   82.6955   55168.9
04/03/2025  05:16:00    10.1727    7018.5   54714.3   82.6903   55162.6
04/03/2025  05:17:00    10.2115    7020.7   54715.8   82.6882   55164.3
04/03/2025  05:18:00    10.2460    7017.3   54719.2   82.6922   55167.3
04/03/2025  05:19:00    10.2565    7019.5   54722.4   82.6903   55170.7
04/03/2025  05:20:00    10.2377    7025.8   54725.4   82.6842   55174.5
04/03/2025  05:21:00    10.2348    7028.4   54726.6   82.6817   55176.1
04/03/2025  05:22:00    10.2315    7026.3   54728.9   82.6842   55178.1
04/03/2025  05:23:00    10.2497    7025.6   54734.8   82.6857   55183.9
04/03/2025  05:24:00    10.3055    7014.4   54746.4   82.6987   55193.9
04/03/2025  05:25:00    10.3190    7002.9   54749.4   82.7110   55195.4
04/03/2025  05:26:00    10.2975    6993.9   54744.9   82.7196   55189.8
04/03/2025  05:27:00    10.2550    6999.1   54738.1   82.7135   55183.8
04/03/2025  05:28:00    10.1644    7008.6   54726.5   82.7021   55173.4
04/03/2025  05:29:00    10.0803    7020.5   54712.0   82.6879   55160.6
04/03/2025  05:30:00    10.0371    7032.9   54712.5   82.6752   55162.6
04/03/2025  05:31:00    10.0749    7041.2   54720.5   82.6677   55171.7
04/03/2025  05:32:00    10.1188    7042.9   54725.6   82.6667   55176.9
04/03/2025  05:33:00    10.1588    7042.9   54726.5   82.6667   55177.8
04/03/2025  05:34:00    10.1803    7045.0   54727.2   82.6647   55178.7
04/03/2025  05:35:00    10.1638    7048.9   54721.9   82.6599   55174.0
04/03/2025  05:36:00    10.1632    7051.6   54714.8   82.6562   55167.3
04/03/2025  05:37:00    10.1839    7052.1   54709.2   82.6550   55161.9
04/03/2025  05:38:00    10.2122    7045.6   54711.2   82.6619   55163.0
04/03/2025  05:39:00    10.2081    7039.3   54714.5   82.6688   55165.5
04/03/2025  05:40:00    10.1786    7038.5   54715.1   82.6698   55165.9
04/03/2025  05:41:00    10.1386    7037.0   54715.2   82.6714   55165.9
04/03/2025  05:42:00    10.1425    7035.3   54714.0   82.6729   55164.4
04/03/2025  05:43:00    10.1644    7038.3   54710.8   82.6694   55161.7
04/03/2025  05:44:00    10.2147    7033.7   54711.4   82.6743   55161.7
04/03/2025  05:45:00    10.2257    7025.7   54710.3   82.6823   55159.6
04/03/2025  05:46:00    10.2084    7022.9   54707.2   82.6848   55156.1
04/03/2025  05:47:00    10.1706    7020.0   54702.7   82.6872   55151.3
04/03/2025  05:48:00    10.1641    7019.5   54702.0   82.6876   55150.6
04/03/2025  05:49:00    10.1260    7018.0   54700.5   82.6890   55148.9
04/03/2025  05:50:00    10.0506    7021.1   54696.4   82.6853   55145.1
04/03/2025  05:51:00     9.9880    7020.2   54691.1   82.6855   55139.9
04/03/2025  05:52:00     9.9885    7016.7   54686.6   82.6885   55134.9
04/03/2025  05:53:00    10.0147    7011.5   54685.2   82.6937   55132.9
04/03/2025  05:54:00    10.0385    7008.8   54686.7   82.6966   55134.0
04/03/2025  05:55:00    10.0704    7007.0   54690.5   82.6990   55137.6
04/03/2025  05:56:00    10.0950    7005.1   54694.2   82.7014   55141.0
04/03/2025  05:57:00    10.0919    7004.4   54696.7   82.7025   55143.4
04/03/2025  05:58:00    10.0439    7006.5   54695.4   82.7002   55142.4
04/03/2025  05:59:00    10.0000    7011.5   54695.0   82.6949   55142.6
04/03/2025  06:00:00     9.9866    7018.3   54697.5   82.6883   55145.9
04/03/2025  06:01:00     9.9649    7025.0   54699.1   82.6815   55148.4
04/03/2025  06:02:00     9.9431    7029.1   54697.9   82.6772   55147.7
04/03/2025  06:03:00     9.9329    7031.9   54693.3   82.6737   55143.4
04/03/2025  06:04:00     9.9648    7031.9   54694.5   82.6738   55144.7
04/03/2025  06:05:00     9.9859    7030.3   54696.8   82.6758   55146.8
04/03/2025  06:06:00    10.0031    7030.3   54697.1   82.6758   55147.1
04/03/2025  06:07:00    10.0235    7028.9   54697.7   82.6773   55147.5
04/03/2025  06:08:00    10.0422    7027.4   54699.2   82.6791   55148.7
04/03/2025  06:09:00    10.0389    7024.2   54698.7   82.6824   55147.9
04/03/2025  06:10:00    10.0356    7022.0   54697.1   82.6844   55146.0
04/03/2025  06:11:00    10.0354    7023.7   54692.6   82.6820   55141.8
04/03/2025  06:12:00    10.0316    7025.3   54686.7   82.6796   55136.1
04/03/2025  06:13:00    10.0451    7023.6   54684.3   82.6810   55133.5
04/03/2025  06:14:00    10.0593    7021.7   54685.0   82.6831   55134.0
04/03/2025  06:15:00    10.0753    7019.6   54688.4   82.6857   55137.1
04/03/2025  06:16:00    10.0887    7019.3   54692.0   82.6865   55140.5
04/03/2025  06:17:00    10.1001    7018.9   54695.4   82.6874   55143.9
04/03/2025  06:18:00    10.1002    7014.5   54696.3   82.6920   55144.3
04/03/2025  06:19:00    10.1014    7010.9   54692.8   82.6953   55140.3
04/03/2025  06:20:00    10.0807    7013.2   54687.2   82.6922   55135.1
04/03/2025  06:21:00    10.0536    7018.9   54681.3   82.6855   55130.0
04/03/2025  06:22:00    10.0434    7024.8   54682.8   82.6796   55132.2
04/03/2025  06:23:00    10.0626    7027.0   54687.8   82.6780   55137.5
04/03/2025  06:24:00    10.0930    7027.3   54690.2   82.6780   55139.9
04/03/2025  06:25:00    10.1008    7029.1   54688.0   82.6759   55137.8
04/03/2025  06:26:00    10.0621    7032.6   54683.3   82.6717   55133.6
04/03/2025  06:27:00    10.0553    7036.2   54684.5   82.6681   55135.3
04/03/2025  06:28:00    10.0689    7034.3   54688.9   82.6706   55139.4
04/03/2025  06:29:00    10.0572    7032.3   54690.0   82.6729   55140.2
04/03/2025  06:30:00    10.0644    7035.8   54692.2   82.6696   55142.9
04/03/2025  06:31:00    10.0733    7032.8   54694.4   82.6729   55144.7
04/03/2025  06:32:00    10.0973    7025.4   54697.2   82.6809   55146.6
04/03/2025  06:33:00    10.1017    7024.1   54695.5   82.6821   55144.7
04/03/2025  06:34:00    10.0676    7026.0   54690.5   82.6794   55140.0
04/03/2025  06:35:00    10.0486    7024.0   54690.7   82.6815   55139.9
04/03/2025  06:36:00    10.0281    7021.5   54687.7   82.6836   55136.6
04/03/2025  06:37:00    10.0148    7019.6   54684.6   82.6853   55133.3
04/03/2025  06:38:00     9.9894    7015.9   54680.2   82.6884   55128.4
04/03/2025  06:39:00     9.9830    7013.8   54677.6   82.6903   55125.6
04/03/2025  06:40:00     9.9909    7014.1   54676.5   82.6898   55124.6
04/03/2025  06:41:00     9.9897    7015.8   54676.0   82.6880   55124.3
04/03/2025  06:42:00    10.0010    7019.0   54676.9   82.6848   55125.6
04/03/2025  06:43:00     9.9925    7020.8   54677.6   82.6831   55126.5
04/03/2025  06:44:00     9.9928    7021.9   54675.8   82.6816   55124.9
04/03/2025  06:45:00     9.9849    7026.1   54675.2   82.6773   55124.8
04/03/2025  06:46:00     9.9957    7028.4   54675.6   82.6749   55125.5
04/03/2025  06:47:00    10.0347    7028.2   54678.9   82.6756   55128.8
04/03/2025  06:48:00     9.9958    7029.3   54673.0   82.6737   55123.0
04/03/2025  06:49:00     9.9750    7031.2   54665.5   82.6707   55115.8
04/03/2025  06:50:00     9.9554    7041.0   54669.1   82.6611   55120.6
04/03/2025  06:51:00     9.9618    7046.0   54675.5   82.6568   55127.6
04/03/2025  06:52:00     9.9484    7046.4   54677.3   82.6566   55129.4
04/03/2025  06:53:00     9.9453    7044.6   54676.1   82.6583   55128.1
04/03/2025  06:54:00     9.9166    7045.3   54672.1   82.6571   55124.2
04/03/2025  06:55:00     9.8965    7042.7   54674.1   82.6600   55125.9
04/03/2025  06:56:00     9.9274    7043.5   54681.7   82.6602   55133.5
04/03/2025  06:57:00     9.9974    7047.3   54690.1   82.6574   55142.3
04/03/2025  06:58:00    10.0427    7046.6   54695.8   82.6589   55147.9
04/03/2025  06:59:00    10.0543    7042.6   54698.0   82.6633   55149.5
04/03/2025  07:00:00    10.0725    7036.5   54699.7   82.6698   55150.5
04/03/2025  07:01:00    10.0605    7029.5   54697.8   82.6768   55147.6
04/03/2025  07:02:00    10.0327    7029.2   54692.0   82.6763   55141.9
04/03/2025  07:03:00     9.9802    7029.2   54683.2   82.6752   55133.1
04/03/2025  07:04:00     9.9483    7027.3   54677.6   82.6763   55127.3
04/03/2025  07:05:00     9.9225    7027.9   54673.8   82.6752   55123.6
04/03/2025  07:06:00     9.9148    7028.1   54669.8   82.6745   55119.7
04/03/2025  07:07:00     9.9123    7026.7   54666.0   82.6754   55115.8
04/03/2025  07:08:00     9.8890    7026.8   54662.3   82.6748   55112.1
04/03/2025  07:09:00     9.8510    7028.3   54662.0   82.6732   55112.0
04/03/2025  07:10:00     9.8286    7028.0   54665.9   82.6741   55115.8
04/03/2025  07:11:00     9.8244    7027.6   54670.3   82.6751   55120.1
04/03/2025  07:12:00     9.8582    7027.6   54675.2   82.6758   55124.9
04/03/2025  07:13:00     9.8979    7029.4   54682.4   82.6749   55132.3
04/03/2025  07:14:00     9.9346    7023.3   54688.1   82.6818   55137.3
04/03/2025  07:15:00     9.9271    7016.2   54688.3   82.6892   55136.5
04/03/2025  07:16:00     9.9263    7015.4   54687.4   82.6900   55135.6
04/03/2025  07:17:00     9.9315    7014.8   54684.5   82.6902   55132.6
04/03/2025  07:18:00     9.9379    7017.9   54684.0   82.6869   55132.5
04/03/2025  07:19:00     9.9704    7020.2   54684.7   82.6846   55133.4
04/03/2025  07:20:00     9.9870    7020.2   54684.4   82.6846   55133.2
04/03/2025  07:21:00     9.9828    7021.0   54682.2   82.6835   55131.0
04/03/2025  07:22:00     9.9868    7019.7   54682.3   82.6848   55131.0
04/03/2025  07:23:00     9.9958    7021.0   54684.5   82.6838   55133.3
04/03/2025  07:24:00    10.0290    7022.1   54690.5   82.6835   55139.5
04/03/2025  07:25:00    10.0731    7023.1   54694.4   82.6829   55143.5
04/03/2025  07:26:00    10.0715    7021.1   54693.7   82.6849   55142.5
04/03/2025  07:27:00    10.0712    7018.9   54691.8   82.6868   55140.3
04/03/2025  07:28:00    10.0597    7017.4   54690.7   82.6883   55139.0
04/03/2025  07:29:00    10.0166    7018.2   54684.8   82.6867   55133.3
04/03/2025  07:30:00     9.9591    7022.4   54678.0   82.6814   55127.2
04/03/2025  07:31:00     9.9096    7026.8   54672.6   82.6762   55122.3
04/03/2025  07:32:00     9.8819    7030.6   54669.6   82.6719   55119.8
04/03/2025  07:33:00     9.8336    7032.6   54665.4   82.6693   55115.9
04/03/2025  07:34:00     9.8592    7033.4   54669.3   82.6689   55119.9
04/03/2025  07:35:00     9.8920    7033.6   54676.8   82.6698   55127.4
04/03/2025  07:36:00     9.8964    7031.9   54679.9   82.6719   55130.2
04/03/2025  07:37:00     9.8979    7030.5   54680.6   82.6734   55130.7
04/03/2025  07:38:00     9.9016    7029.3   54682.4   82.6750   55132.4
04/03/2025  07:39:00     9.8939    7028.2   54684.4   82.6763   55134.2
04/03/2025  07:40:00     9.8898    7029.6   54685.5   82.6751   55135.4
04/03/2025  07:41:00     9.9181    7031.7   54686.4   82.6730   55136.6
04/03/2025  07:42:00     9.9515    7030.9   54689.7   82.6742   55139.8
04/03/2025  07:43:00     9.9724    7027.7   54691.5   82.6778   55141.2
04/03/2025  07:44:00     9.9886    7022.7   54692.6   82.6830   55141.6
04/03/2025  07:45:00     9.9989    7018.3   54692.8   82.6877   55141.3
04/03/2025  07:46:00     9.9979    7015.1   54692.1   82.6909   55140.1
04/03/2025  07:47:00     9.9928    7012.5   54691.3   82.6934   55139.0
04/03/2025  07:48:00     9.9879    7010.9   54690.9   82.6950   55138.4
04/03/2025  07:49:00     9.9926    7010.9   54690.1   82.6949   55137.6
04/03/2025  07:50:00     9.9956    7011.0   54687.0   82.6944   55134.6
04/03/2025  07:51:00     9.9908    7010.4   54683.7   82.6946   55131.2
04/03/2025  07:52:00     9.9979    7010.9   54682.0   82.6939   55129.6
04/03/2025  07:53:00    10.0124    7012.5   54680.0   82.6920   55127.8
04/03/2025  07:54:00    10.0033    7014.9   54675.8   82.6888   55123.9
04/03/2025  07:55:00     9.9696    7018.4   54672.8   82.6849   55121.5
04/03/2025  07:56:00     9.9684    7025.7   54673.7   82.6775   55123.3
04/03/2025  07:57:00     9.9709    7030.5   54676.2   82.6729   55126.3
04/03/2025  07:58:00     9.9934    7030.7   54683.4   82.6736   55133.5
04/03/2025  07:59:00    10.0499    7026.2   54693.7   82.6797   55143.1
04/03/2025  08:00:00    10.1148    7016.9   54701.4   82.6902   55149.6
04/03/2025  08:01:00    10.1298    7009.7   54700.7   82.6975   55148.0
04/03/2025  08:02:00    10.1260    7005.9   54696.7   82.7009   55143.5
04/03/2025  08:03:00    10.1319    7003.4   54694.0   82.7032   55140.5
04/03/2025  08:04:00    10.1158    7003.7   54688.9   82.7022   55135.6
04/03/2025  08:05:00    10.0927    7006.0   54683.4   82.6991   55130.3
04/03/2025  08:06:00    10.0854    7011.1   54681.7   82.6935   55129.3
04/03/2025  08:07:00    10.0932    7015.6   54682.2   82.6890   55130.4
04/03/2025  08:08:00    10.0892    7020.7   54680.3   82.6835   55129.1
04/03/2025  08:09:00    10.0838    7016.9   54679.9   82.6874   55128.3
04/03/2025  08:10:00    10.0784    7012.0   54679.3   82.6923   55127.1
04/03/2025  08:11:00    10.0666    7012.5   54677.9   82.6916   55125.8
04/03/2025  08:12:00    10.0580    7013.5   54677.6   82.6906   55125.5
04/03/2025  08:13:00    10.0731    7010.9   54678.8   82.6934   55126.4
04/03/2025  08:14:00    10.1071    7008.7   54684.0   82.6963   55131.3
04/03/2025  08:15:00    10.1354    7010.8   54687.1   82.6946   55134.7
04/03/2025  08:16:00    10.1575    7023.1   54688.1   82.6821   55137.2
04/03/2025  08:17:00    10.2013    7036.1   54692.0   82.6692   55142.8
04/03/2025  08:18:00    10.2292    7047.3   54700.2   82.6587   55152.3
04/03/2025  08:19:00    10.1835    7057.2   54702.1   82.6487   55155.5
04/03/2025  08:20:00    10.2109    7062.9   54710.1   82.6439   55164.1
04/03/2025  08:21:00    10.2429    7065.2   54710.3   82.6416   55164.7
04/03/2025  08:22:00    10.2527    7064.3   54711.0   82.6426   55165.1
04/03/2025  08:23:00    10.2288    7060.9   54710.9   82.6461   55164.7
04/03/2025  08:24:00    10.1748    7066.3   54703.2   82.6396   55157.7
04/03/2025  08:25:00    10.1372    7064.3   54695.5   82.6406   55149.8
04/03/2025  08:26:00    10.0945    7064.4   54682.8   82.6388   55137.3
04/03/2025  08:27:00    10.0254    7066.7   54669.7   82.6347   55124.5
04/03/2025  08:28:00     9.9969    7073.4   54667.0   82.6274   55122.7
04/03/2025  08:29:00     9.9941    7076.1   54670.1   82.6250   55126.1
04/03/2025  08:30:00     9.8997    7074.1   54664.7   82.6264   55120.6
04/03/2025  08:31:00     9.8533    7078.4   54662.4   82.6217   55118.8
04/03/2025  08:32:00     9.8517    7080.5   54669.2   82.6204   55125.8
04/03/2025  08:33:00     9.9050    7081.7   54681.9   82.6208   55138.6
04/03/2025  08:34:00     9.9915    7081.2   54695.0   82.6231   55151.5
04/03/2025  08:35:00     9.9843    7085.4   54691.8   82.6184   55148.8
04/03/2025  08:36:00     9.9449    7080.6   54685.4   82.6224   55141.9
04/03/2025  08:37:00     9.8969    7071.6   54676.5   82.6306   55131.9
04/03/2025  08:38:00     9.8097    7068.5   54660.3   82.6316   55115.4
04/03/2025  08:39:00     9.6902    7067.3   54644.7   82.6307   55099.8
04/03/2025  08:40:00     9.5908    7069.9   54643.4   82.6278   55098.8
04/03/2025  08:41:00     9.5508    7079.8   54661.6   82.6201   55118.1
04/03/2025  08:42:00     9.6039    7093.6   54690.3   82.6097   55148.5
04/03/2025  08:43:00     9.6074    7090.3   54709.4   82.6157   55166.9
04/03/2025  08:44:00     9.5803    7079.0   54717.8   82.6285   55173.8
04/03/2025  08:45:00     9.7017    7075.8   54730.6   82.6335   55186.1
04/03/2025  08:46:00     9.8648    7078.4   54728.5   82.6304   55184.4
04/03/2025  08:47:00     9.8713    7072.2   54710.8   82.6345   55166.0
04/03/2025  08:48:00     9.9061    7064.8   54705.4   82.6414   55159.7
04/03/2025  08:49:00     9.9402    7060.4   54692.9   82.6443   55146.7
04/03/2025  08:50:00     9.9074    7060.5   54676.8   82.6421   55130.8
04/03/2025  08:51:00     9.8526    7061.5   54666.2   82.6396   55120.4
04/03/2025  08:52:00     9.7890    7062.2   54661.4   82.6382   55115.7
04/03/2025  08:53:00     9.7460    7061.2   54662.4   82.6393   55116.6
04/03/2025  08:54:00     9.7952    7057.9   54669.0   82.6437   55122.7
04/03/2025  08:55:00     9.8137    7054.4   54673.0   82.6479   55126.2
04/03/2025  08:56:00     9.8315    7050.0   54675.9   82.6527   55128.5
04/03/2025  08:57:00     9.8679    7045.6   54678.6   82.6577   55130.7
04/03/2025  08:58:00     9.8812    7040.6   54679.5   82.6628   55130.9
04/03/2025  08:59:00     9.8890    7035.8   54679.9   82.6679   55130.7
04/03/2025  09:00:00     9.8942    7031.7   54679.8   82.6721   55130.1
04/03/2025  09:01:00     9.9079    7027.9   54680.1   82.6760   55129.9
04/03/2025  09:02:00     9.9237    7025.3   54678.7   82.6786   55128.1
04/03/2025  09:03:00     9.9348    7022.5   54676.0   82.6811   55125.1
04/03/2025  09:04:00     9.9289    7020.2   54674.0   82.6832   55122.8
04/03/2025  09:05:00     9.9158    7018.4   54673.3   82.6849   55121.9
04/03/2025  09:06:00     9.9190    7018.7   54675.9   82.6849   55124.5
04/03/2025  09:07:00     9.9413    7017.7   54680.2   82.6866   55128.7
04/03/2025  09:08:00     9.9556    7017.5   54683.0   82.6872   55131.4
04/03/2025  09:09:00     9.9688    7016.8   54685.0   82.6882   55133.3
04/03/2025  09:10:00     9.9737    7016.0   54687.0   82.6893   55135.2
04/03/2025  09:11:00     9.9705    7016.7   54686.9   82.6885   55135.2
04/03/2025  09:12:00     9.9582    7015.7   54684.3   82.6892   55132.5
04/03/2025  09:13:00     9.9395    7014.8   54681.1   82.6897   55129.2
04/03/2025  09:14:00     9.9336    7015.5   54680.0   82.6889   55128.2
04/03/2025  09:15:00     9.9499    7016.7   54682.2   82.6879   55130.5
04/03/2025  09:16:00     9.9750    7017.1   54686.1   82.6880   55134.5
04/03/2025  09:17:00     9.9952    7015.4   54688.1   82.6900   55136.2
04/03/2025  09:18:00    10.0093    7016.0   54689.2   82.6895   55137.4
04/03/2025  09:19:00    10.0396    7016.9   54694.2   82.6893   55142.5
04/03/2025  09:20:00    10.0467    7017.6   54696.2   82.6888   55144.5
04/03/2025  09:21:00    10.0521    7018.2   54696.1   82.6882   55144.5
04/03/2025  09:22:00    10.0328    7017.4   54693.4   82.6886   55141.8
04/03/2025  09:23:00     9.9928    7013.4   54687.4   82.6920   55135.3
04/03/2025  09:24:00     9.9594    7010.6   54680.7   82.6940   55128.3
04/03/2025  09:25:00     9.9372    7010.2   54676.3   82.6938   55123.9
04/03/2025  09:26:00     9.9337    7010.9   54675.3   82.6930   55122.9
04/03/2025  09:27:00     9.9459    7014.6   54676.8   82.6893   55124.9
04/03/2025  09:28:00     9.9751    7015.9   54681.1   82.6886   55129.3
04/03/2025  09:29:00     9.9975    7015.5   54684.9   82.6895   55133.1
04/03/2025  09:30:00    10.0181    7015.4   54687.3   82.6899   55135.5
04/03/2025  09:31:00    10.0111    7015.6   54688.3   82.6898   55136.5
04/03/2025  09:32:00    10.0058    7013.2   54689.3   82.6924   55137.1
04/03/2025  09:33:00     9.9904    7010.5   54688.7   82.6952   55136.2
04/03/2025  09:34:00     9.9826    7007.9   54689.5   82.6979   55136.7
04/03/2025  09:35:00     9.9907    7006.2   54691.2   82.6999   55138.1
04/03/2025  09:36:00    10.0064    7007.2   54691.8   82.6990   55138.9
04/03/2025  09:37:00    10.0002    7007.8   54689.7   82.6980   55136.8
04/03/2025  09:38:00     9.9869    7007.9   54687.4   82.6976   55134.6
04/03/2025  09:39:00     9.9636    7006.7   54684.2   82.6985   55131.3
04/03/2025  09:40:00     9.9559    7005.8   54681.7   82.6990   55128.7
04/03/2025  09:41:00     9.9646    7005.5   54681.7   82.6993   55128.6
04/03/2025  09:42:00     9.9760    7005.3   54682.3   82.6996   55129.2
04/03/2025  09:43:00     9.9875    7004.7   54683.3   82.7004   55130.1
04/03/2025  09:44:00     9.9982    7004.9   54684.7   82.7004   55131.5
04/03/2025  09:45:00    10.0174    7005.0   54686.2   82.7004   55133.0
04/03/2025  09:46:00    10.0423    7004.3   54688.7   82.7015   55135.5
04/03/2025  09:47:00    10.0581    7003.8   54690.2   82.7023   55136.9
04/03/2025  09:48:00    10.0678    7002.6   54690.9   82.7035   55137.4
04/03/2025  09:49:00    10.0771    7001.7   54691.1   82.7045   55137.4
04/03/2025  09:50:00    10.0744    7000.9   54690.2   82.7052   55136.5
04/03/2025  09:51:00    10.0788    7000.5   54690.3   82.7056   55136.5
04/03/2025  09:52:00    10.0782    6999.4   54689.1   82.7066   55135.2
04/03/2025  09:53:00    10.0866    6999.2   54689.0   82.7068   55135.1
04/03/2025  09:54:00    10.1006    7000.3   54689.5   82.7057   55135.7
04/03/2025  09:55:00    10.1126    7000.2   54689.5   82.7059   55135.7
04/03/2025  09:56:00    10.1068    7001.5   54688.2   82.7043   55134.5
04/03/2025  09:57:00    10.0970    7003.0   54686.4   82.7026   55133.0
04/03/2025  09:58:00    10.1042    7004.5   54686.7   82.7011   55133.4
04/03/2025  09:59:00    10.0932    7004.6   54686.0   82.7009   55132.7
04/03/2025  10:00:00    10.0697    7004.9   54683.8   82.7002   55130.7
04/03/2025  10:01:00    10.0597    7005.1   54682.9   82.7000   55129.7
04/03/2025  10:02:00    10.0582    7004.5   54682.8   82.7005   55129.6
04/03/2025  10:03:00    10.0541    7003.9   54683.1   82.7012   55129.8
04/03/2025  10:04:00    10.0472    7003.5   54682.3   82.7015   55128.9
04/03/2025  10:05:00    10.0399    7003.4   54681.8   82.7016   55128.4
04/03/2025  10:06:00    10.0326    7002.4   54681.2   82.7025   55127.8
04/03/2025  10:07:00    10.0290    7002.1   54680.9   82.7028   55127.4
04/03/2025  10:08:00    10.0220    7002.0   54680.2   82.7027   55126.7
04/03/2025  10:09:00    10.0262    7001.5   54680.5   82.7034   55126.9
04/03/2025  10:10:00    10.0211    6999.7   54679.7   82.7051   55125.9
04/03/2025  10:11:00    10.0204    6999.9   54678.7   82.7047   55124.9
04/03/2025  10:12:00    10.0407    7003.2   54679.5   82.7015   55126.1
04/03/2025  10:13:00    10.0565    7004.6   54680.3   82.7001   55127.1
04/03/2025  10:14:00    10.0592    7004.5   54681.6   82.7004   55128.4
04/03/2025  10:15:00    10.0725    7003.7   54683.7   82.7015   55130.3
04/03/2025  10:16:00    10.0837    7003.9   54685.9   82.7015   55132.6
04/03/2025  10:17:00    10.0814    7004.9   54686.7   82.7007   55133.5
04/03/2025  10:18:00    10.0730    7005.0   54685.4   82.7004   55132.3
04/03/2025  10:19:00    10.0559    7004.4   54682.5   82.7006   55129.3
04/03/2025  10:20:00    10.0483    7006.2   54681.7   82.6986   55128.7
04/03/2025  10:21:00    10.0605    7010.9   54683.3   82.6940   55130.9
04/03/2025  10:22:00    10.0684    7015.2   54684.3   82.6897   55132.4
04/03/2025  10:23:00    10.0684    7017.3   54683.9   82.6875   55132.3
04/03/2025  10:24:00    10.0670    7019.7   54682.4   82.6848   55131.1
04/03/2025  10:25:00    10.0533    7020.9   54683.6   82.6838   55132.5
04/03/2025  10:26:00    10.0522    7019.9   54685.2   82.6849   55134.0
04/03/2025  10:27:00    10.0356    7016.8   54682.0   82.6878   55130.3
04/03/2025  10:28:00     9.9812    7018.6   54673.6   82.6848   55122.3
04/03/2025  10:29:00     9.9768    7027.4   54669.7   82.6752   55119.5
04/03/2025  10:30:00     9.9600    7035.8   54669.8   82.6666   55120.7
04/03/2025  10:31:00     9.9552    7042.4   54671.1   82.6599   55122.8
04/03/2025  10:32:00     9.9820    7045.9   54671.4   82.6564   55123.6
04/03/2025  10:33:00     9.9659    7046.5   54667.9   82.6553   55120.2
04/03/2025  10:34:00     9.9792    7050.7   54674.5   82.6518   55127.2
04/03/2025  10:35:00    10.0079    7057.2   54681.7   82.6460   55135.2
04/03/2025  10:36:00     9.9558    7060.1   54677.1   82.6424   55131.0
04/03/2025  10:37:00     9.8970    7063.3   54675.5   82.6390   55129.8
04/03/2025  10:38:00     9.8482    7065.4   54671.9   82.6363   55126.5
04/03/2025  10:39:00     9.7769    7064.1   54667.3   82.6371   55121.8
04/03/2025  10:40:00     9.7443    7063.7   54670.2   82.6378   55124.6
04/03/2025  10:41:00     9.7482    7061.8   54672.7   82.6402   55126.9
04/03/2025  10:42:00     9.7718    7064.7   54675.9   82.6376   55130.5
04/03/2025  10:43:00     9.7854    7066.8   54672.7   82.6350   55127.5
04/03/2025  10:44:00     9.7911    7065.1   54675.6   82.6371   55130.2
04/03/2025  10:45:00     9.8487    7067.0   54684.5   82.6364   55139.2
04/03/2025  10:46:00     9.9203    7070.4   54691.2   82.6337   55146.3
04/03/2025  10:47:00     9.8795    7067.8   54678.0   82.6347   55132.9
04/03/2025  10:48:00     9.7877    7065.7   54667.5   82.6354   55122.2
04/03/2025  10:49:00     9.7792    7066.6   54667.1   82.6345   55121.9
04/03/2025  10:50:00     9.7627    7067.5   54665.7   82.6333   55120.7
04/03/2025  10:51:00     9.7300    7066.5   54661.4   82.6338   55116.3
04/03/2025  10:52:00     9.7583    7069.3   54667.3   82.6316   55122.5
04/03/2025  10:53:00     9.8074    7076.4   54668.8   82.6246   55124.9
04/03/2025  10:54:00     9.7996    7085.3   54666.3   82.6150   55123.5
04/03/2025  10:55:00     9.8055    7089.9   54669.9   82.6108   55127.7
04/03/2025  10:56:00     9.7942    7093.9   54670.6   82.6068   55128.9
04/03/2025  10:57:00     9.8336    7095.5   54675.0   82.6057   55133.5
04/03/2025  10:58:00     9.7766    7091.0   54666.2   82.6092   55124.1
04/03/2025  10:59:00     9.7841    7090.2   54668.4   82.6103   55126.3
04/03/2025  11:00:00     9.8260    7099.9   54670.4   82.6005   55129.4
04/03/2025  11:01:00     9.8537    7109.9   54674.5   82.5908   55134.8
04/03/2025  11:02:00     9.8124    7119.1   54666.7   82.5802   55128.3
04/03/2025  11:03:00     9.6781    7122.5   54655.5   82.5753   55117.6
04/03/2025  11:04:00     9.5842    7113.0   54648.8   82.5842   55109.7
04/03/2025  11:05:00     9.6158    7102.4   54653.0   82.5957   55112.6
04/03/2025  11:06:00     9.6308    7090.0   54650.9   82.6081   55108.8
04/03/2025  11:07:00     9.6133    7073.7   54650.7   82.6249   55106.6
04/03/2025  11:08:00     9.6654    7059.9   54657.6   82.6401   55111.6
04/03/2025  11:09:00     9.7271    7048.0   54663.9   82.6532   55116.4
04/03/2025  11:10:00     9.7723    7043.8   54667.3   82.6579   55119.2
04/03/2025  11:11:00     9.7783    7039.2   54663.7   82.6623   55115.1
04/03/2025  11:12:00     9.7783    7037.9   54661.1   82.6633   55112.3
04/03/2025  11:13:00     9.7926    7035.4   54661.1   82.6658   55112.0
04/03/2025  11:14:00     9.7913    7031.7   54659.8   82.6695   55110.3
04/03/2025  11:15:00     9.8014    7030.1   54660.6   82.6712   55110.9
04/03/2025  11:16:00     9.7903    7028.2   54659.4   82.6730   55109.4
04/03/2025  11:17:00     9.7881    7028.0   54659.2   82.6732   55109.2
04/03/2025  11:18:00     9.8045    7028.5   54661.5   82.6730   55111.5
04/03/2025  11:19:00     9.8216    7028.1   54664.0   82.6737   55113.9
04/03/2025  11:20:00     9.8269    7026.8   54664.5   82.6752   55114.2
04/03/2025  11:21:00     9.8342    7023.5   54663.1   82.6783   55112.5
04/03/2025  11:22:00     9.8616    7018.5   54663.3   82.6835   55112.0
04/03/2025  11:23:00     9.8965    7018.4   54667.6   82.6842   55116.3
04/03/2025  11:24:00     9.9162    7020.2   54670.2   82.6827   55119.1
04/03/2025  11:25:00     9.9253    7022.2   54670.8   82.6807   55120.0
04/03/2025  11:26:00     9.9196    7025.6   54671.0   82.6773   55120.6
04/03/2025  11:27:00     9.9009    7030.4   54670.5   82.6723   55120.7
04/03/2025  11:28:00     9.8817    7033.4   54668.8   82.6689   55119.4
04/03/2025  11:29:00     9.8812    7036.3   54668.2   82.6658   55119.2
04/03/2025  11:30:00     9.8782    7039.8   54669.6   82.6624   55121.0
04/03/2025  11:31:00     9.8673    7038.5   54669.0   82.6636   55120.3
04/03/2025  11:32:00     9.8721    7036.8   54671.1   82.6657   55122.1
04/03/2025  11:33:00     9.8548    7032.5   54671.4   82.6702   55121.8
04/03/2025  11:34:00     9.8649    7027.6   54672.3   82.6754   55122.1
04/03/2025  11:35:00     9.8839    7024.0   54672.1   82.6790   55121.5
04/03/2025  11:36:00     9.9086    7021.1   54672.8   82.6821   55121.8
04/03/2025  11:37:00     9.9299    7020.1   54674.1   82.6833   55122.9
04/03/2025  11:38:00     9.9366    7018.8   54673.7   82.6846   55122.4
04/03/2025  11:39:00     9.9447    7017.2   54672.3   82.6861   55120.8
04/03/2025  11:40:00     9.9550    7017.2   54671.4   82.6859   55119.9
04/03/2025  11:41:00     9.9542    7017.7   54670.4   82.6853   55118.9
04/03/2025  11:42:00     9.9592    7018.9   54669.8   82.6839   55118.6
04/03/2025  11:43:00     9.9593    7020.7   54669.6   82.6821   55118.6
04/03/2025  11:44:00     9.9587    7021.6   54669.4   82.6812   55118.5
04/03/2025  11:45:00     9.9665    7022.1   54670.1   82.6807   55119.2
04/03/2025  11:46:00     9.9636    7023.9   54671.7   82.6791   55121.0
04/03/2025  11:47:00     9.9441    7025.7   54671.8   82.6772   55121.4
04/03/2025  11:48:00     9.9361    7024.7   54670.9   82.6781   55120.3
04/03/2025  11:49:00     9.9415    7025.5   54672.1   82.6775   55121.7
04/03/2025  11:50:00     9.9422    7025.4   54672.8   82.6777   55122.3
04/03/2025  11:51:00     9.9536    7025.0   54674.3   82.6783   55123.8
04/03/2025  11:52:00     9.9556    7023.9   54673.5   82.6793   55122.8
04/03/2025  11:53:00     9.9574    7024.7   54673.4   82.6785   55122.9
04/03/2025  11:54:00     9.9542    7026.3   54672.9   82.6768   55122.6
04/03/2025  11:55:00     9.9558    7027.7   54672.6   82.6753   55122.4
04/03/2025  11:56:00     9.9587    7028.0   54671.9   82.6749   55121.7
04/03/2025  11:57:00     9.9552    7028.5   54671.2   82.6743   55121.1
04/03/2025  11:58:00     9.9462    7030.8   54670.6   82.6718   55120.9
04/03/2025  11:59:00     9.9312    7034.5   54669.9   82.6679   55120.7
04/03/2025  12:00:00     9.9005    7038.3   54667.6   82.6637   55118.8
04/03/2025  12:01:00     9.8796    7040.5   54665.8   82.6612   55117.3
04/03/2025  12:02:00     9.8680    7043.9   54667.1   82.6579   55119.0
04/03/2025  12:03:00     9.8623    7045.4   54668.0   82.6564   55120.2
04/03/2025  12:04:00     9.8521    7046.4   54669.2   82.6556   55121.4
04/03/2025  12:05:00     9.8571    7046.1   54670.1   82.6560   55122.3
04/03/2025  12:06:00     9.8727    7043.9   54669.2   82.6581   55121.1
04/03/2025  12:07:00     9.8910    7040.1   54669.7   82.6621   55121.1
04/03/2025  12:08:00     9.9092    7035.9   54671.7   82.6667   55122.5
04/03/2025  12:09:00     9.9086    7033.3   54671.0   82.6693   55121.5
04/03/2025  12:10:00     9.9069    7031.4   54667.0   82.6707   55117.4
04/03/2025  12:11:00     9.9099    7031.2   54662.0   82.6703   55112.4
04/03/2025  12:12:00     9.8996    7032.3   54659.2   82.6687   55109.7
04/03/2025  12:13:00     9.8796    7029.5   54655.3   82.6712   55105.5
04/03/2025  12:14:00     9.8617    7028.2   54652.1   82.6720   55102.2
04/03/2025  12:15:00     9.8529    7028.9   54648.7   82.6709   55098.9
04/03/2025  12:16:00     9.8312    7030.4   54645.7   82.6690   55096.1
04/03/2025  12:17:00     9.8125    7031.9   54642.2   82.6669   55092.8
04/03/2025  12:18:00     9.7897    7036.2   54639.6   82.6621   55090.8
04/03/2025  12:19:00     9.7794    7038.7   54638.4   82.6594   55089.9
04/03/2025  12:20:00     9.7664    7039.2   54636.9   82.6587   55088.4
04/03/2025  12:21:00     9.7656    7039.5   54636.8   82.6584   55088.4
04/03/2025  12:22:00     9.7712    7040.7   54638.0   82.6573   55089.7
04/03/2025  12:23:00     9.7770    7041.2   54639.8   82.6570   55091.7
04/03/2025  12:24:00     9.7694    7037.8   54639.0   82.6605   55090.4
04/03/2025  12:25:00     9.7588    7036.4   54639.7   82.6619   55090.9
04/03/2025  12:26:00     9.7822    7035.7   54641.4   82.6629   55092.5
04/03/2025  12:27:00     9.8267    7034.4   54645.1   82.6647   55096.0
04/03/2025  12:28:00     9.8498    7035.0   54648.8   82.6646   55099.7
04/03/2025  12:29:00     9.8676    7034.1   54650.8   82.6658   55101.6
04/03/2025  12:30:00     9.8774    7034.7   54652.0   82.6653   55102.9
04/03/2025  12:31:00     9.8754    7035.6   54651.3   82.6643   55102.3
04/03/2025  12:32:00     9.8884    7036.5   54652.6   82.6636   55103.7
04/03/2025  12:33:00     9.8999    7035.7   54653.3   82.6644   55104.3
04/03/2025  12:34:00     9.9082    7033.6   54654.9   82.6668   55105.6
04/03/2025  12:35:00     9.9229    7032.2   54656.9   82.6686   55107.4
04/03/2025  12:36:00     9.9302    7031.0   54657.9   82.6700   55108.3
04/03/2025  12:37:00     9.9283    7030.6   54658.9   82.6704   55109.2
04/03/2025  12:38:00     9.9293    7029.8   54660.0   82.6715   55110.2
04/03/2025  12:39:00     9.9280    7027.5   54661.8   82.6741   55111.6
04/03/2025  12:40:00     9.9331    7024.8   54663.7   82.6771   55113.3
04/03/2025  12:41:00     9.9361    7022.5   54665.1   82.6796   55114.3
04/03/2025  12:42:00     9.9402    7022.2   54666.6   82.6802   55115.8
04/03/2025  12:43:00     9.9375    7021.4   54667.3   82.6811   55116.4
04/03/2025  12:44:00     9.9279    7019.0   54668.0   82.6836   55116.7
04/03/2025  12:45:00     9.9290    7015.3   54667.9   82.6874   55116.2
04/03/2025  12:46:00     9.9230    7013.3   54667.2   82.6894   55115.2
04/03/2025  12:47:00     9.9161    7012.9   54665.8   82.6896   55113.8
04/03/2025  12:48:00     9.9134    7014.3   54664.1   82.6879   55112.3
04/03/2025  12:49:00     9.9085    7016.2   54662.2   82.6857   55110.6
04/03/2025  12:50:00     9.8952    7018.4   54659.6   82.6831   55108.3
04/03/2025  12:51:00     9.8825    7020.8   54657.0   82.6803   55106.1
04/03/2025  12:52:00     9.8662    7023.1   54655.6   82.6778   55105.0
04/03/2025  12:53:00     9.8515    7024.4   54654.2   82.6762   55103.8
04/03/2025  12:54:00     9.8468    7025.7   54653.3   82.6748   55103.0
04/03/2025  12:55:00     9.8335    7027.0   54648.9   82.6729   55098.8
04/03/2025  12:56:00     9.8142    7029.6   54645.1   82.6696   55095.4
04/03/2025  12:57:00     9.8050    7031.6   54641.8   82.6672   55092.4
04/03/2025  12:58:00     9.7952    7033.1   54639.1   82.6652   55089.9
04/03/2025  12:59:00     9.7887    7034.1   54639.3   82.6642   55090.2
04/03/2025  13:00:00     9.7746    7035.9   54640.2   82.6625   55091.3
04/03/2025  13:01:00     9.7598    7037.8   54640.5   82.6606   55091.9
04/03/2025  13:02:00     9.7216    7039.1   54636.9   82.6587   55088.5
04/03/2025  13:03:00     9.6968    7040.3   54632.7   82.6570   55084.5
04/03/2025  13:04:00     9.7037    7039.2   54630.9   82.6579   55082.6
04/03/2025  13:05:00     9.6768    7040.6   54628.2   82.6560   55080.0
04/03/2025  13:06:00     9.6580    7040.4   54627.1   82.6562   55078.9
04/03/2025  13:07:00     9.6532    7038.5   54626.7   82.6580   55078.3
04/03/2025  13:08:00     9.6459    7038.4   54625.1   82.6579   55076.7
04/03/2025  13:09:00     9.6488    7039.9   54623.7   82.6562   55075.5
04/03/2025  13:10:00     9.6545    7038.5   54623.6   82.6577   55075.2
04/03/2025  13:11:00     9.6662    7040.8   54626.4   82.6557   55078.3
04/03/2025  13:12:00     9.6887    7040.9   54629.2   82.6559   55081.0
04/03/2025  13:13:00     9.7183    7040.4   54633.2   82.6570   55084.9
04/03/2025  13:14:00     9.7303    7038.9   54635.9   82.6589   55087.4
04/03/2025  13:15:00     9.7390    7036.3   54637.1   82.6617   55088.4
04/03/2025  13:16:00     9.7446    7032.6   54641.5   82.6661   55092.2
04/03/2025  13:17:00     9.7437    7027.5   54643.7   82.6717   55093.8
04/03/2025  13:18:00     9.7330    7024.3   54643.4   82.6749   55093.0
04/03/2025  13:19:00     9.7193    7024.6   54640.4   82.6742   55090.1
04/03/2025  13:20:00     9.7053    7030.8   54636.5   82.6673   55087.0
04/03/2025  13:21:00     9.6722    7036.7   54632.4   82.6607   55083.7
04/03/2025  13:22:00     9.6535    7038.7   54630.0   82.6582   55081.6
04/03/2025  13:23:00     9.6381    7038.0   54628.3   82.6587   55079.8
04/03/2025  13:24:00     9.6460    7038.1   54629.0   82.6588   55080.5
04/03/2025  13:25:00     9.6664    7038.7   54631.4   82.6585   55082.9
04/03/2025  13:26:00     9.6981    7036.7   54635.0   82.6610   55086.3
04/03/2025  13:27:00     9.7316    7034.3   54639.1   82.6641   55090.0
04/03/2025  13:28:00     9.7467    7032.3   54641.7   82.6664   55092.3
04/03/2025  13:29:00     9.7568    7029.5   54644.1   82.6696   55094.4
04/03/2025  13:30:00     9.7645    7027.0   54646.1   82.6725   55096.0
04/03/2025  13:31:00     9.7810    7024.8   54647.6   82.6749   55097.3
04/03/2025  13:32:00     9.7995    7021.8   54650.9   82.6785   55100.1
04/03/2025  13:33:00     9.8052    7021.6   54651.0   82.6787   55100.2
04/03/2025  13:34:00     9.8083    7022.5   54651.2   82.6779   55100.5
04/03/2025  13:35:00     9.8141    7019.5   54652.0   82.6810   55101.0
04/03/2025  13:36:00     9.8173    7018.6   54654.4   82.6823   55103.3
04/03/2025  13:37:00     9.8167    7017.4   54657.7   82.6839   55106.3
04/03/2025  13:38:00     9.8156    7014.3   54658.1   82.6872   55106.3
04/03/2025  13:39:00     9.8137    7013.9   54657.9   82.6876   55106.1
04/03/2025  13:40:00     9.8128    7015.8   54655.9   82.6853   55104.4
04/03/2025  13:41:00     9.7845    7018.4   54652.6   82.6822   55101.5
04/03/2025  13:42:00     9.7580    7015.5   54647.6   82.6846   55096.1
04/03/2025  13:43:00     9.7302    7016.3   54641.5   82.6830   55090.1
04/03/2025  13:44:00     9.6765    7018.2   54635.8   82.6802   55084.7
04/03/2025  13:45:00     9.6561    7016.2   54629.6   82.6814   55078.3
04/03/2025  13:46:00     9.6319    7018.5   54624.8   82.6784   55073.8
04/03/2025  13:47:00     9.5882    7019.3   54619.3   82.6769   55068.5
04/03/2025  13:48:00     9.5609    7019.3   54615.7   82.6765   55065.0
04/03/2025  13:49:00     9.5586    7022.0   54613.5   82.6733   55063.1
04/03/2025  13:50:00     9.5649    7021.9   54610.9   82.6731   55060.5
04/03/2025  13:51:00     9.5480    7024.5   54606.2   82.6697   55056.2
04/03/2025  13:52:00     9.5556    7027.1   54604.1   82.6668   55054.5
04/03/2025  13:53:00     9.5626    7028.5   54603.8   82.6653   55054.3
04/03/2025  13:54:00     9.5782    7030.9   54606.0   82.6632   55056.8
04/03/2025  13:55:00     9.5919    7030.6   54608.4   82.6638   55059.1
04/03/2025  13:56:00     9.5904    7028.8   54608.2   82.6656   55058.7
04/03/2025  13:57:00     9.5954    7028.5   54607.5   82.6658   55057.9
04/03/2025  13:58:00     9.5994    7028.6   54606.5   82.6656   55057.0
04/03/2025  13:59:00     9.6163    7030.0   54608.3   82.6644   55059.0
04/03/2025  14:00:00     9.6486    7030.9   54612.7   82.6640   55063.4
04/03/2025  14:01:00     9.6709    7031.6   54615.7   82.6637   55066.5
04/03/2025  14:02:00     9.6816    7030.4   54617.5   82.6652   55068.1
04/03/2025  14:03:00     9.7026    7030.0   54620.6   82.6660   55071.1
04/03/2025  14:04:00     9.7312    7031.0   54625.2   82.6656   55075.9
04/03/2025  14:05:00     9.7516    7032.7   54630.5   82.6646   55081.3
04/03/2025  14:06:00     9.7553    7032.4   54633.8   82.6653   55084.5
04/03/2025  14:07:00     9.7437    7031.1   54635.4   82.6668   55086.0
04/03/2025  14:08:00     9.7372    7029.4   54634.6   82.6685   55084.9
04/03/2025  14:09:00     9.7241    7028.9   54634.3   82.6689   55084.6
04/03/2025  14:10:00     9.7152    7026.3   54633.0   82.6714   55083.0
04/03/2025  14:11:00     9.7104    7025.5   54631.3   82.6721   55081.2
04/03/2025  14:12:00     9.6945    7025.5   54629.4   82.6718   55079.3
04/03/2025  14:13:00     9.6842    7026.8   54628.8   82.6704   55078.9
04/03/2025  14:14:00     9.6898    7025.5   54628.5   82.6717   55078.4
04/03/2025  14:15:00     9.6812    7024.4   54627.7   82.6728   55077.5
04/03/2025  14:16:00     9.6661    7022.3   54624.5   82.6744   55074.1
04/03/2025  14:17:00     9.6840    7023.9   54625.2   82.6729   55075.0
04/03/2025  14:18:00     9.7219    7026.2   54626.8   82.6708   55076.8
04/03/2025  14:19:00     9.7446    7028.1   54630.1   82.6692   55080.3
04/03/2025  14:20:00     9.7386    7026.8   54631.9   82.6708   55082.0
04/03/2025  14:21:00     9.7402    7023.3   54631.9   82.6744   55081.5
04/03/2025  14:22:00     9.7606    7022.9   54634.0   82.6752   55083.5
04/03/2025  14:23:00     9.7685    7023.3   54637.0   82.6751   55086.5
04/03/2025  14:24:00     9.7644    7022.6   54639.3   82.6761   55088.7
04/03/2025  14:25:00     9.7682    7020.7   54641.3   82.6784   55090.5
04/03/2025  14:26:00     9.7622    7022.0   54642.1   82.6771   55091.4
04/03/2025  14:27:00     9.7364    7021.5   54638.7   82.6771   55088.0
04/03/2025  14:28:00     9.7773    7026.0   54640.9   82.6728   55090.8
04/03/2025  14:29:00     9.8241    7030.7   54645.4   82.6686   55095.8
04/03/2025  14:30:00     9.8036    7029.6   54644.5   82.6696   55094.8
04/03/2025  14:31:00     9.7633    7025.2   54640.7   82.6736   55090.5
04/03/2025  14:32:00     9.7384    7016.8   54639.1   82.6821   55087.8
04/03/2025  14:33:00     9.7234    7009.8   54637.8   82.6891   55085.6
04/03/2025  14:34:00     9.7085    7009.6   54632.9   82.6887   55080.7
04/03/2025  14:35:00     9.6897    7012.6   54627.7   82.6849   55076.0
04/03/2025  14:36:00     9.6549    7013.4   54621.4   82.6832   55069.8
04/03/2025  14:37:00     9.5965    7011.3   54611.6   82.6841   55059.8
04/03/2025  14:38:00     9.5655    7009.1   54602.2   82.6851   55050.3
04/03/2025  14:39:00     9.5206    7007.7   54594.9   82.6857   55042.8
04/03/2025  14:40:00     9.4988    7004.0   54590.4   82.6889   55037.8
04/03/2025  14:41:00     9.5024    7001.5   54588.6   82.6912   55035.7
04/03/2025  14:42:00     9.4923    6999.3   54587.2   82.6933   55034.1
04/03/2025  14:43:00     9.4989    6996.8   54588.1   82.6959   55034.7
04/03/2025  14:44:00     9.4934    6996.4   54589.1   82.6965   55035.6
04/03/2025  14:45:00     9.5084    6998.9   54591.0   82.6942   55037.9
04/03/2025  14:46:00     9.5316    7002.2   54594.4   82.6912   55041.6
04/03/2025  14:47:00     9.5175    7002.6   54594.8   82.6908   55042.1
04/03/2025  14:48:00     9.4939    7002.5   54591.3   82.6905   55038.6
04/03/2025  14:49:00     9.4891    7004.3   54590.3   82.6885   55037.8
04/03/2025  14:50:00     9.4790    6999.1   54589.7   82.6938   55036.6
04/03/2025  14:51:00     9.4952    6998.6   54591.2   82.6945   55038.0
04/03/2025  14:52:00     9.5025    7001.4   54591.9   82.6917   55039.0
04/03/2025  14:53:00     9.5210    7003.1   54594.5   82.6903   55041.9
04/03/2025  14:54:00     9.5457    7004.2   54597.6   82.6896   55045.0
04/03/2025  14:55:00     9.5558    7003.9   54598.4   82.6900   55045.8
04/03/2025  14:56:00     9.5396    7003.4   54596.2   82.6902   55043.6
04/03/2025  14:57:00     9.5417    7003.1   54595.5   82.6904   55042.8
04/03/2025  14:58:00     9.5247    7003.3   54594.5   82.6901   55041.9
04/03/2025  14:59:00     9.5310    7003.1   54594.6   82.6903   55042.0
04/03/2025  15:00:00     9.5570    7004.3   54597.4   82.6894   55044.9
04/03/2025  15:01:00     9.5732    7005.1   54600.2   82.6890   55047.7
04/03/2025  15:02:00     9.5981    7005.1   54603.3   82.6895   55050.8
04/03/2025  15:03:00     9.6214    7005.4   54606.3   82.6895   55053.8
04/03/2025  15:04:00     9.6407    7006.7   54609.1   82.6885   55056.7
04/03/2025  15:05:00     9.6639    7008.1   54612.6   82.6876   55060.4
04/03/2025  15:06:00     9.6964    7010.0   54617.8   82.6863   55065.8
04/03/2025  15:07:00     9.7178    7013.0   54622.6   82.6838   55070.9
04/03/2025  15:08:00     9.7313    7014.7   54625.7   82.6825   55074.2
04/03/2025  15:09:00     9.7532    7016.0   54629.4   82.6816   55078.1
04/03/2025  15:10:00     9.7674    7016.7   54632.2   82.6813   55081.0
04/03/2025  15:11:00     9.7789    7016.8   54634.4   82.6814   55083.2
04/03/2025  15:12:00     9.7910    7017.6   54636.6   82.6809   55085.4
04/03/2025  15:13:00     9.8008    7018.3   54639.2   82.6805   55088.1
04/03/2025  15:14:00     9.8182    7019.0   54642.7   82.6803   55091.7
04/03/2025  15:15:00     9.8188    7020.6   54645.1   82.6790   55094.2
04/03/2025  15:16:00     9.8222    7021.4   54646.5   82.6783   55095.7
04/03/2025  15:17:00     9.8375    7022.5   54649.4   82.6775   55098.7
04/03/2025  15:18:00     9.8344    7022.9   54650.4   82.6773   55099.8
04/03/2025  15:19:00     9.8348    7022.6   54651.1   82.6777   55100.4
04/03/2025  15:20:00     9.8474    7022.8   54652.9   82.6777   55102.3
04/03/2025  15:21:00     9.8624    7023.4   54655.7   82.6774   55105.1
04/03/2025  15:22:00     9.8691    7024.4   54657.5   82.6766   55107.0
04/03/2025  15:23:00     9.8531    7025.7   54656.1   82.6751   55105.8
04/03/2025  15:24:00     9.8335    7027.1   54653.5   82.6733   55103.4
04/03/2025  15:25:00     9.8191    7028.6   54650.6   82.6715   55100.7
04/03/2025  15:26:00     9.8222    7029.2   54649.8   82.6707   55100.0
04/03/2025  15:27:00     9.8237    7030.0   54649.8   82.6699   55100.1
04/03/2025  15:28:00     9.8220    7028.9   54649.2   82.6709   55099.4
04/03/2025  15:29:00     9.8165    7027.2   54648.8   82.6727   55098.7
04/03/2025  15:30:00     9.7980    7025.9   54647.6   82.6738   55097.4
04/03/2025  15:31:00     9.7827    7024.7   54646.4   82.6749   55096.1
04/03/2025  15:32:00     9.7981    7025.4   54647.5   82.6743   55097.2
04/03/2025  15:33:00     9.8201    7025.1   54648.9   82.6748   55098.6
04/03/2025  15:34:00     9.8362    7024.7   54649.5   82.6753   55099.2
04/03/2025  15:35:00     9.8265    7023.6   54646.9   82.6761   55096.4
04/03/2025  15:36:00     9.8062    7021.4   54643.8   82.6780   55093.0
04/03/2025  15:37:00     9.7980    7019.9   54642.6   82.6793   55091.7
04/03/2025  15:38:00     9.7960    7018.9   54642.7   82.6804   55091.6
04/03/2025  15:39:00     9.8073    7018.8   54644.3   82.6807   55093.2
04/03/2025  15:40:00     9.8221    7018.2   54646.3   82.6816   55095.1
04/03/2025  15:41:00     9.8288    7016.8   54647.6   82.6833   55096.3
04/03/2025  15:42:00     9.8409    7016.5   54648.9   82.6837   55097.5
04/03/2025  15:43:00     9.8504    7015.8   54649.8   82.6845   55098.3
04/03/2025  15:44:00     9.8613    7016.0   54650.2   82.6844   55098.8
04/03/2025  15:45:00     9.8685    7017.6   54650.3   82.6827   55099.0
04/03/2025  15:46:00     9.8829    7017.3   54650.2   82.6830   55098.9
04/03/2025  15:47:00     9.8995    7015.0   54650.4   82.6855   55098.8
04/03/2025  15:48:00     9.9079    7012.7   54648.9   82.6876   55097.0
04/03/2025  15:49:00     9.9146    7012.4   54646.5   82.6876   55094.6
04/03/2025  15:50:00     9.9161    7013.9   54644.4   82.6858   55092.7
04/03/2025  15:51:00     9.9125    7015.1   54643.2   82.6844   55091.6
04/03/2025  15:52:00     9.9241    7016.3   54645.4   82.6834   55094.0
04/03/2025  15:53:00     9.9230    7016.4   54646.4   82.6835   55095.0
04/03/2025  15:54:00     9.9050    7015.6   54645.0   82.6841   55093.5
04/03/2025  15:55:00     9.9025    7015.1   54645.4   82.6846   55093.8
04/03/2025  15:56:00     9.9021    7014.2   54646.9   82.6858   55095.2
04/03/2025  15:57:00     9.9022    7012.8   54647.8   82.6873   55096.0
04/03/2025  15:58:00     9.9066    7012.5   54650.5   82.6880   55098.6
04/03/2025  15:59:00     9.9100    7011.0   54653.3   82.6899   55101.2
04/03/2025  16:00:00     9.9161    7009.6   54655.5   82.6917   55103.1
04/03/2025  16:01:00     9.9165    7008.4   54656.8   82.6931   55104.3
04/03/2025  16:02:00     9.9131    7007.6   54656.9   82.6940   55104.3
04/03/2025  16:03:00     9.9200    7006.7   54657.0   82.6948   55104.2
04/03/2025  16:04:00     9.9198    7005.3   54656.0   82.6962   55103.1
04/03/2025  16:05:00     9.9125    7002.9   54654.2   82.6984   55101.0
04/03/2025  16:06:00     9.9022    6999.3   54651.7   82.7018   55098.1
04/03/2025  16:07:00     9.8854    6995.3   54649.1   82.7055   55095.0
04/03/2025  16:08:00     9.8710    6992.2   54645.9   82.7083   55091.4
04/03/2025  16:09:00     9.8535    6991.6   54643.7   82.7087   55089.1
04/03/2025  16:10:00     9.8352    6991.6   54641.3   82.7084   55086.8
04/03/2025  16:11:00     9.8293    6993.3   54640.9   82.7066   55086.6
04/03/2025  16:12:00     9.8350    6995.7   54641.7   82.7042   55087.8
04/03/2025  16:13:00     9.8377    6997.6   54642.6   82.7023   55088.8
04/03/2025  16:14:00     9.8340    7000.0   54643.0   82.6999   55089.6
04/03/2025  16:15:00     9.8262    7001.8   54642.2   82.6980   55088.9
04/03/2025  16:16:00     9.8145    7003.2   54641.3   82.6964   55088.3
04/03/2025  16:17:00     9.7854    7003.5   54638.8   82.6957   55085.8
04/03/2025  16:18:00     9.7582    7004.2   54635.4   82.6946   55082.5
04/03/2025  16:19:00     9.7291    7004.7   54631.2   82.6935   55078.4
04/03/2025  16:20:00     9.7127    7005.0   54628.7   82.6928   55076.0
04/03/2025  16:21:00     9.6927    7005.1   54626.4   82.6925   55073.7
04/03/2025  16:22:00     9.6817    7006.3   54624.6   82.6910   55072.1
04/03/2025  16:23:00     9.6840    7009.0   54625.5   82.6883   55073.3
04/03/2025  16:24:00     9.6846    7011.5   54626.8   82.6859   55074.9
04/03/2025  16:25:00     9.6962    7014.5   54628.8   82.6831   55077.3
04/03/2025  16:26:00     9.7029    7016.5   54629.7   82.6812   55078.5
04/03/2025  16:27:00     9.7002    7016.6   54628.8   82.6809   55077.5
04/03/2025  16:28:00     9.7031    7019.3   54628.2   82.6780   55077.3
04/03/2025  16:29:00     9.6976    7021.3   54627.6   82.6759   55077.0
04/03/2025  16:30:00     9.6978    7023.1   54629.2   82.6743   55078.8
04/03/2025  16:31:00     9.7120    7023.5   54632.2   82.6742   55081.8
04/03/2025  16:32:00     9.7363    7023.0   54635.6   82.6752   55085.2
04/03/2025  16:33:00     9.7522    7020.9   54638.5   82.6778   55087.8
04/03/2025  16:34:00     9.7564    7019.0   54640.1   82.6799   55089.1
04/03/2025  16:35:00     9.7642    7018.5   54641.5   82.6807   55090.4
04/03/2025  16:36:00     9.7747    7018.8   54642.8   82.6805   55091.7
04/03/2025  16:37:00     9.7753    7017.9   54642.5   82.6814   55091.3
04/03/2025  16:38:00     9.7783    7016.7   54641.9   82.6826   55090.6
04/03/2025  16:39:00     9.7878    7015.9   54643.3   82.6835   55091.9
04/03/2025  16:40:00     9.7908    7014.9   54643.8   82.6846   55092.3
04/03/2025  16:41:00     9.7865    7016.0   54645.2   82.6837   55093.7
04/03/2025  16:42:00     9.7835    7015.9   54646.1   82.6840   55094.6
04/03/2025  16:43:00     9.7872    7016.0   54647.9   82.6841   55096.4
04/03/2025  16:44:00     9.7894    7016.3   54649.2   82.6840   55097.8
04/03/2025  16:45:00     9.7842    7017.0   54649.0   82.6832   55097.7
04/03/2025  16:46:00     9.7738    7017.5   54646.5   82.6823   55095.2
04/03/2025  16:47:00     9.7643    7018.1   54643.2   82.6813   55092.1
04/03/2025  16:48:00     9.7650    7019.2   54640.8   82.6799   55089.8
04/03/2025  16:49:00     9.7588    7021.1   54640.1   82.6778   55089.3
04/03/2025  16:50:00     9.7577    7022.6   54640.6   82.6763   55090.0
04/03/2025  16:51:00     9.7612    7023.2   54641.6   82.6758   55091.1
04/03/2025  16:52:00     9.7608    7023.6   54642.2   82.6755   55091.7
04/03/2025  16:53:00     9.7585    7023.4   54643.4   82.6758   55092.9
04/03/2025  16:54:00     9.7600    7022.7   54644.8   82.6768   55094.2
04/03/2025  16:55:00     9.7695    7020.8   54646.1   82.6789   55095.2
04/03/2025  16:56:00     9.7731    7019.8   54647.5   82.6801   55096.5
04/03/2025  16:57:00     9.7852    7018.4   54649.0   82.6818   55097.9
04/03/2025  16:58:00     9.8045    7017.1   54650.0   82.6832   55098.7
04/03/2025  16:59:00     9.8075    7015.8   54650.2   82.6846   55098.7
04/03/2025  17:00:00     9.8235    7016.9   54651.4   82.6836   55100.0
04/03/2025  17:01:00     9.8348    7018.0   54652.7   82.6826   55101.4
04/03/2025  17:02:00     9.8531    7017.8   54653.9   82.6830   55102.6
04/03/2025  17:03:00     9.8654    7016.8   54653.5   82.6840   55102.1
04/03/2025  17:04:00     9.8578    7016.6   54651.8   82.6839   55100.4
04/03/2025  17:05:00     9.8387    7018.3   54649.9   82.6820   55098.7
04/03/2025  17:06:00     9.8216    7020.1   54648.4   82.6799   55097.4
04/03/2025  17:07:00     9.7976    7020.0   54646.5   82.6797   55095.6
04/03/2025  17:08:00     9.7639    7019.4   54643.5   82.6800   55092.5
04/03/2025  17:09:00     9.7406    7018.5   54640.8   82.6805   55089.7
04/03/2025  17:10:00     9.7152    7017.9   54639.5   82.6810   55088.3
04/03/2025  17:11:00     9.6835    7016.8   54636.7   82.6818   55085.4
04/03/2025  17:12:00     9.6613    7014.2   54633.5   82.6840   55081.9
04/03/2025  17:13:00     9.6343    7012.0   54630.0   82.6858   55078.2
04/03/2025  17:14:00     9.6175    7011.3   54627.7   82.6862   55075.8
04/03/2025  17:15:00     9.6126    7011.0   54626.3   82.6863   55074.4
04/03/2025  17:16:00     9.6167    7010.5   54626.2   82.6869   55074.2
04/03/2025  17:17:00     9.6197    7010.6   54626.0   82.6867   55074.1
04/03/2025  17:18:00     9.6219    7011.1   54627.2   82.6863   55075.3
04/03/2025  17:19:00     9.6236    7013.5   54628.8   82.6841   55077.1
04/03/2025  17:20:00     9.6262    7015.1   54630.0   82.6827   55078.6
04/03/2025  17:21:00     9.6320    7015.7   54631.2   82.6822   55079.9
04/03/2025  17:22:00     9.6353    7015.6   54632.3   82.6824   55080.9
04/03/2025  17:23:00     9.6350    7015.6   54632.4   82.6824   55081.0
04/03/2025  17:24:00     9.6363    7015.6   54632.9   82.6825   55081.5
04/03/2025  17:25:00     9.6399    7015.8   54633.9   82.6824   55082.5
04/03/2025  17:26:00     9.6451    7016.4   54634.2   82.6818   55082.9
04/03/2025  17:27:00     9.6461    7017.5   54634.9   82.6808   55083.8
04/03/2025  17:28:00     9.6468    7018.6   54635.6   82.6798   55084.6
04/03/2025  17:29:00     9.6466    7019.3   54636.3   82.6791   55085.3
04/03/2025  17:30:00     9.6538    7019.8   54637.8   82.6788   55086.9
04/03/2025  17:31:00     9.6635    7021.1   54639.7   82.6777   55088.9
04/03/2025  17:32:00     9.6777    7022.5   54641.6   82.6766   55091.0
04/03/2025  17:33:00     9.6919    7022.9   54643.9   82.6765   55093.3
04/03/2025  17:34:00     9.7049    7022.5   54645.6   82.6771   55095.0
04/03/2025  17:35:00     9.7139    7022.6   54646.6   82.6771   55096.0
04/03/2025  17:36:00     9.7218    7022.7   54647.0   82.6770   55096.4
04/03/2025  17:37:00     9.7302    7022.3   54646.7   82.6774   55096.0
04/03/2025  17:38:00     9.7335    7022.5   54645.3   82.6770   55094.7
04/03/2025  17:39:00     9.7330    7023.2   54644.6   82.6762   55094.1
04/03/2025  17:40:00     9.7325    7023.8   54644.0   82.6755   55093.5
04/03/2025  17:41:00     9.7320    7024.4   54643.8   82.6749   55093.5
04/03/2025  17:42:00     9.7273    7024.6   54643.5   82.6746   55093.1
04/03/2025  17:43:00     9.7232    7024.8   54643.0   82.6744   55092.7
04/03/2025  17:44:00     9.7256    7024.8   54643.3   82.6744   55093.0
04/03/2025  17:45:00     9.7089    7025.0   54642.4   82.6740   55092.1
04/03/2025  17:46:00     9.6783    7025.1   54638.9   82.6735   55088.7
04/03/2025  17:47:00     9.6432    7025.9   54635.1   82.6721   55085.0
04/03/2025  17:48:00     9.6225    7025.4   54631.8   82.6723   55081.7
04/03/2025  17:49:00     9.6075    7024.2   54629.2   82.6732   55078.9
04/03/2025  17:50:00     9.6138    7024.1   54629.6   82.6733   55079.3
04/03/2025  17:51:00     9.6248    7024.1   54631.9   82.6736   55081.6
04/03/2025  17:52:00     9.6252    7023.8   54634.2   82.6742   55083.8
04/03/2025  17:53:00     9.6262    7022.5   54636.4   82.6759   55085.8
04/03/2025  17:54:00     9.6225    7020.2   54637.1   82.6783   55086.3
04/03/2025  17:55:00     9.6119    7017.6   54636.8   82.6810   55085.6
04/03/2025  17:56:00     9.5793    7014.8   54634.1   82.6834   55082.6
04/03/2025  17:57:00     9.5500    7010.9   54630.2   82.6869   55078.2
04/03/2025  17:58:00     9.5337    7007.0   54627.8   82.6907   55075.3
04/03/2025  17:59:00     9.5146    7005.0   54626.2   82.6926   55073.6
04/03/2025  18:00:00     9.4982    7002.5   54625.8   82.6950   55072.8
04/03/2025  18:01:00     9.4778    7001.6   54625.2   82.6960   55072.1
04/03/2025  18:02:00     9.4720    7002.0   54626.9   82.6957   55073.8
04/03/2025  18:03:00     9.4841    7004.5   54631.2   82.6937   55078.4
04/03/2025  18:04:00     9.4838    7007.2   54634.7   82.6914   55082.3
04/03/2025  18:05:00     9.4842    7010.7   54638.3   82.6882   55086.3
04/03/2025  18:06:00     9.5001    7013.8   54642.4   82.6856   55090.7
04/03/2025  18:07:00     9.5173    7015.6   54646.0   82.6842   55094.5
04/03/2025  18:08:00     9.5365    7017.3   54650.3   82.6831   55099.0
04/03/2025  18:09:00     9.5578    7018.6   54654.4   82.6822   55103.2
04/03/2025  18:10:00     9.5806    7019.1   54658.3   82.6822   55107.2
04/03/2025  18:11:00     9.5990    7019.6   54661.5   82.6821   55110.4
04/03/2025  18:12:00     9.6191    7020.5   54664.2   82.6816   55113.2
04/03/2025  18:13:00     9.6414    7021.5   54666.6   82.6809   55115.6
04/03/2025  18:14:00     9.6588    7022.5   54669.1   82.6801   55118.3
04/03/2025  18:15:00     9.6759    7023.1   54671.2   82.6798   55120.4
04/03/2025  18:16:00     9.7003    7023.7   54673.7   82.6796   55123.0
04/03/2025  18:17:00     9.7232    7023.8   54676.9   82.6798   55126.2
04/03/2025  18:18:00     9.7333    7023.2   54678.5   82.6807   55127.7
04/03/2025  18:19:00     9.7216    7021.1   54677.3   82.6826   55126.2
04/03/2025  18:20:00     9.7089    7017.8   54675.4   82.6859   55124.0
04/03/2025  18:21:00     9.7085    7016.6   54674.1   82.6869   55122.5
04/03/2025  18:22:00     9.7213    7017.4   54675.3   82.6863   55123.8
04/03/2025  18:23:00     9.7180    7013.6   54675.1   82.6901   55123.1
04/03/2025  18:24:00     9.7150    7012.3   54673.7   82.6913   55121.5
04/03/2025  18:25:00     9.7176    7012.6   54673.0   82.6909   55120.9
04/03/2025  18:26:00     9.7281    7012.1   54673.0   82.6914   55120.9
04/03/2025  18:27:00     9.7244    7010.8   54672.1   82.6926   55119.7
04/03/2025  18:28:00     9.7217    7009.9   54670.2   82.6933   55117.8
04/03/2025  18:29:00     9.7269    7010.4   54669.6   82.6927   55117.3
04/03/2025  18:30:00     9.7237    7010.0   54668.3   82.6930   55115.9
04/03/2025  18:31:00     9.7308    7010.5   54668.5   82.6925   55116.1
04/03/2025  18:32:00     9.7396    7011.1   54669.3   82.6919   55117.0
04/03/2025  18:33:00     9.7456    7012.4   54670.2   82.6908   55118.1
04/03/2025  18:34:00     9.7510    7013.2   54671.1   82.6901   55119.1
04/03/2025  18:35:00     9.7514    7014.3   54671.6   82.6890   55119.7
04/03/2025  18:36:00     9.7352    7015.3   54669.6   82.6877   55117.9
04/03/2025  18:37:00     9.7125    7016.5   54667.5   82.6861   55115.9
04/03/2025  18:38:00     9.7215    7015.3   54666.9   82.6873   55115.2
04/03/2025  18:39:00     9.7346    7013.7   54668.5   82.6892   55116.6
04/03/2025  18:40:00     9.7476    7013.7   54669.6   82.6893   55117.6
04/03/2025  18:41:00     9.7399    7007.7   54668.9   82.6954   55116.2
04/03/2025  18:42:00     9.7052    7007.0   54667.0   82.6959   55114.2
04/03/2025  18:43:00     9.6592    7005.9   54663.8   82.6966   55110.9
04/03/2025  18:44:00     9.6307    7005.4   54660.7   82.6967   55107.8
04/03/2025  18:45:00     9.6109    7004.6   54657.8   82.6972   55104.8
04/03/2025  18:46:00     9.6018    7003.9   54655.8   82.6976   55102.7
04/03/2025  18:47:00     9.5918    7004.0   54653.8   82.6973   55100.8
04/03/2025  18:48:00     9.5928    7005.0   54653.6   82.6961   55100.7
04/03/2025  18:49:00     9.5676    6999.4   54651.4   82.7017   55097.8
04/03/2025  18:50:00     9.5755    7003.7   54653.3   82.6975   55100.2
04/03/2025  18:51:00     9.5745    7006.3   54656.3   82.6952   55103.5
04/03/2025  18:52:00     9.5602    7002.2   54656.1   82.6994   55102.9
04/03/2025  18:53:00     9.5720    6991.2   54656.3   82.7108   55101.6
04/03/2025  18:54:00     9.5641    6994.8   54660.2   82.7076   55105.9
04/03/2025  18:55:00     9.5560    6999.0   54662.0   82.7035   55108.3
04/03/2025  18:56:00     9.5461    6993.6   54661.8   82.7090   55107.3
04/03/2025  18:57:00     9.5377    6992.3   54662.5   82.7104   55107.9
04/03/2025  18:58:00     9.5260    6989.9   54661.9   82.7129   55107.0
04/03/2025  18:59:00     9.5003    6988.4   54660.3   82.7142   55105.2
04/03/2025  19:00:00     9.4766    6985.5   54659.8   82.7171   55104.3
04/03/2025  19:01:00     9.4178    6978.5   54657.4   82.7240   55101.1
04/03/2025  19:02:00     9.3537    6972.2   54655.7   82.7302   55098.6
04/03/2025  19:03:00     9.3491    6964.6   54660.2   82.7387   55102.1
04/03/2025  19:04:00     9.3178    6963.7   54665.9   82.7404   55107.7
04/03/2025  19:05:00     9.2834    6969.3   54671.1   82.7353   55113.5
04/03/2025  19:06:00     9.2769    6967.1   54673.9   82.7380   55116.0
04/03/2025  19:07:00     9.2201    6956.8   54672.9   82.7484   55113.7
04/03/2025  19:08:00     9.2014    6954.7   54671.7   82.7504   55112.2
04/03/2025  19:09:00     9.2041    6956.4   54674.2   82.7490   55115.0
04/03/2025  19:10:00     9.2053    6955.4   54675.6   82.7503   55116.3
04/03/2025  19:11:00     9.2262    6954.8   54681.7   82.7517   55122.2
04/03/2025  19:12:00     9.2544    6957.8   54689.4   82.7496   55130.2
04/03/2025  19:13:00     9.2397    6963.9   54688.3   82.7431   55129.9
04/03/2025  19:14:00     9.2199    6967.5   54683.1   82.7387   55125.2
04/03/2025  19:15:00     9.1796    6968.3   54673.3   82.7366   55115.6
04/03/2025  19:16:00     9.1643    6969.2   54665.3   82.7346   55107.8
04/03/2025  19:17:00     9.1808    6972.1   54660.9   82.7311   55103.7
04/03/2025  19:18:00     9.2134    6974.7   54660.0   82.7283   55103.2
04/03/2025  19:19:00     9.2326    6977.3   54659.8   82.7256   55103.3
04/03/2025  19:20:00     9.2450    6979.0   54659.6   82.7238   55103.3
04/03/2025  19:21:00     9.2545    6979.5   54660.1   82.7233   55103.9
04/03/2025  19:22:00     9.2692    6981.0   54661.6   82.7219   55105.5
04/03/2025  19:23:00     9.2750    6980.8   54662.6   82.7223   55106.6
04/03/2025  19:24:00     9.2609    6977.9   54662.6   82.7253   55106.2
04/03/2025  19:25:00     9.2347    6968.8   54662.9   82.7348   55105.4
04/03/2025  19:26:00     9.2247    6968.7   54668.5   82.7356   55110.8
04/03/2025  19:27:00     9.2513    6972.6   54679.8   82.7330   55122.6
04/03/2025  19:28:00     9.2598    6974.9   54691.6   82.7322   55134.6
04/03/2025  19:29:00     9.1975    6972.4   54696.1   82.7354   55138.8
04/03/2025  19:30:00     9.1431    6963.3   54696.3   82.7448   55137.8
04/03/2025  19:31:00     9.1697    6959.0   54701.3   82.7498   55142.2
04/03/2025  19:32:00     9.1816    6958.0   54707.8   82.7518   55148.5
04/03/2025  19:33:00     9.2137    6959.9   54717.1   82.7510   55157.9
04/03/2025  19:34:00     9.2441    6962.1   54727.5   82.7501   55168.6
04/03/2025  19:35:00     9.2245    6966.0   54730.2   82.7464   55171.8
04/03/2025  19:36:00     9.1917    6968.1   54732.2   82.7445   55174.0
04/03/2025  19:37:00     9.1445    6967.8   54734.6   82.7451   55176.3
04/03/2025  19:38:00     9.1359    6964.2   54736.6   82.7492   55177.9
04/03/2025  19:39:00     9.1738    6965.2   54743.6   82.7491   55184.9
04/03/2025  19:40:00     9.2295    6960.1   54754.5   82.7557   55195.0
04/03/2025  19:41:00     9.2490    6962.9   54765.6   82.7543   55206.5
04/03/2025  19:42:00     9.2025    6969.0   54759.5   82.7472   55201.2
04/03/2025  19:43:00     9.2029    6976.9   54757.1   82.7387   55199.8
04/03/2025  19:44:00     9.2125    6980.7   54754.9   82.7345   55198.1
04/03/2025  19:45:00     9.1857    6981.1   54748.0   82.7333   55191.3
04/03/2025  19:46:00     9.1892    6980.5   54743.1   82.7332   55186.4
04/03/2025  19:47:00     9.1622    6969.6   54737.9   82.7437   55179.8
04/03/2025  19:48:00     9.1063    6969.9   54731.5   82.7426   55173.5
04/03/2025  19:49:00     9.0874    6963.4   54735.3   82.7498   55176.4
04/03/2025  19:50:00     9.1335    6957.5   54744.9   82.7571   55185.3
04/03/2025  19:51:00     9.2341    6958.7   54760.6   82.7579   55200.9
04/03/2025  19:52:00     9.2204    6964.9   54766.1   82.7523   55207.2
04/03/2025  19:53:00     9.2755    6967.5   54780.9   82.7516   55222.2
04/03/2025  19:54:00     9.2817    6949.5   54792.5   82.7717   55231.5
04/03/2025  19:55:00     9.2855    6948.8   54798.3   82.7731   55237.1
04/03/2025  19:56:00     9.2583    6944.0   54791.7   82.7772   55230.0
04/03/2025  19:57:00     9.2149    6946.3   54784.1   82.7738   55222.7
04/03/2025  19:58:00     9.1708    6944.7   54785.2   82.7756   55223.6
04/03/2025  19:59:00     9.1925    6944.0   54784.4   82.7762   55222.8
04/03/2025  20:00:00     9.2170    6952.1   54778.5   82.7671   55217.9
04/03/2025  20:01:00     9.1663    6969.5   54776.2   82.7489   55217.8
04/03/2025  20:02:00     9.1952    6973.6   54774.3   82.7444   55216.4
04/03/2025  20:03:00     9.1636    6973.0   54777.0   82.7454   55219.0
04/03/2025  20:04:00     9.2061    6969.7   54790.1   82.7505   55231.6
04/03/2025  20:05:00     9.2275    6969.7   54808.1   82.7528   55249.5
04/03/2025  20:06:00     9.1842    6963.4   54802.5   82.7586   55243.1
04/03/2025  20:07:00     9.2864    6942.8   54807.2   82.7805   55245.2
04/03/2025  20:08:00     9.2670    6932.9   54807.0   82.7906   55243.8
04/03/2025  20:09:00     9.3069    6914.9   54811.3   82.8096   55245.7
04/03/2025  20:10:00     9.2881    6916.1   54814.8   82.8088   55249.4
04/03/2025  20:11:00     9.3683    6926.8   54819.7   82.7985   55255.6
04/03/2025  20:12:00     9.3928    6930.2   54820.0   82.7950   55256.3
04/03/2025  20:13:00     9.3983    6939.7   54822.1   82.7855   55259.6
04/03/2025  20:14:00     9.4870    6936.0   54830.3   82.7904   55267.3
04/03/2025  20:15:00     9.3918    6941.9   54823.4   82.7835   55261.2
04/03/2025  20:16:00     9.2491    6946.3   54788.9   82.7744   55227.5
04/03/2025  20:17:00     9.2260    6957.1   54767.6   82.7605   55207.7
04/03/2025  20:18:00     9.2298    6960.2   54751.9   82.7552   55192.5
04/03/2025  20:19:00     9.2125    6967.6   54740.7   82.7462   55182.4
04/03/2025  20:20:00     9.1771    6969.2   54730.6   82.7432   55172.5
04/03/2025  20:21:00     9.1488    6968.2   54724.3   82.7434   55166.1
04/03/2025  20:22:00     9.1221    6973.0   54719.9   82.7379   55162.4
04/03/2025  20:23:00     9.1253    6980.7   54718.7   82.7298   55162.2
04/03/2025  20:24:00     9.1066    6984.5   54717.0   82.7256   55161.0
04/03/2025  20:25:00     9.0703    6985.6   54712.6   82.7239   55156.7
04/03/2025  20:26:00     9.0787    6989.3   54710.6   82.7199   55155.2
04/03/2025  20:27:00     9.0942    6992.0   54710.3   82.7171   55155.2
04/03/2025  20:28:00     9.0982    6993.6   54709.9   82.7153   55155.0
04/03/2025  20:29:00     9.1029    6998.7   54710.8   82.7103   55156.6
04/03/2025  20:30:00     9.0665    7002.9   54708.9   82.7057   55155.3
04/03/2025  20:31:00     9.0584    7001.9   54706.8   82.7064   55153.0
04/03/2025  20:32:00     9.0704    7001.6   54706.4   82.7067   55152.6
04/03/2025  20:33:00     9.0976    7002.4   54709.5   82.7062   55155.8
04/03/2025  20:34:00     9.1180    7003.5   54712.5   82.7055   55158.9
04/03/2025  20:35:00     9.1043    7005.6   54713.4   82.7035   55160.0
04/03/2025  20:36:00     9.0358    7005.0   54707.6   82.7033   55154.2
04/03/2025  20:37:00     9.0066    7004.7   54703.5   82.7031   55150.1
04/03/2025  20:38:00     8.9918    7003.8   54701.1   82.7037   55147.6
04/03/2025  20:39:00     8.9916    7004.7   54702.2   82.7029   55148.8
04/03/2025  20:40:00     8.9948    7007.6   54704.1   82.7002   55151.1
04/03/2025  20:41:00     9.0216    7008.6   54708.3   82.6997   55155.4
04/03/2025  20:42:00     9.0314    7007.4   54710.1   82.7012   55157.0
04/03/2025  20:43:00     9.0064    7009.7   54708.4   82.6985   55155.6
04/03/2025  20:44:00     8.9883    7012.4   54707.7   82.6957   55155.2
04/03/2025  20:45:00     8.9845    7013.2   54709.6   82.6952   55157.2
04/03/2025  20:46:00     8.9615    7009.8   54706.1   82.6982   55153.3
04/03/2025  20:47:00     8.9810    7014.1   54705.8   82.6937   55153.7
04/03/2025  20:48:00     9.0177    7023.0   54711.7   82.6853   55160.6
04/03/2025  20:49:00     9.0047    7017.6   54710.2   82.6906   55158.5
04/03/2025  20:50:00     9.0031    7017.2   54708.6   82.6909   55156.8
04/03/2025  20:51:00     9.0046    7018.4   54707.6   82.6895   55156.0
04/03/2025  20:52:00     8.9999    7014.7   54706.3   82.6932   55154.2
04/03/2025  20:53:00     9.0169    7012.5   54706.7   82.6954   55154.3
04/03/2025  20:54:00     9.0483    7015.3   54709.2   82.6929   55157.1
04/03/2025  20:55:00     9.0580    7014.8   54710.4   82.6936   55158.3
04/03/2025  20:56:00     9.0776    7013.3   54711.9   82.6953   55159.6
04/03/2025  20:57:00     9.1058    7015.4   54715.1   82.6936   55163.0
04/03/2025  20:58:00     9.1241    7017.0   54716.8   82.6922   55164.9
04/03/2025  20:59:00     9.1174    7018.8   54716.7   82.6903   55165.0
04/03/2025  21:00:00     9.1290    7019.4   54716.7   82.6897   55165.1
04/03/2025  21:01:00     9.1259    7016.1   54715.8   82.6930   55163.8
04/03/2025  21:02:00     9.1256    7017.8   54713.8   82.6910   55162.0
04/03/2025  21:03:00     9.1503    7019.0   54714.1   82.6897   55162.5
04/03/2025  21:04:00     9.1269    7023.1   54713.7   82.6854   55162.6
04/03/2025  21:05:00     9.1628    7021.1   54715.6   82.6877   55164.2
04/03/2025  21:06:00     9.1863    7023.4   54718.0   82.6857   55166.9
04/03/2025  21:07:00     9.2145    7025.2   54720.8   82.6842   55169.9
04/03/2025  21:08:00     9.2437    7030.0   54723.9   82.6797   55173.6
04/03/2025  21:09:00     9.2490    7041.3   54727.3   82.6686   55178.4
04/03/2025  21:10:00     9.2509    7049.7   54729.8   82.6602   55181.9
04/03/2025  21:11:00     9.2038    7050.6   54727.0   82.6589   55179.3
04/03/2025  21:12:00     9.1723    7054.1   54723.7   82.6549   55176.5
04/03/2025  21:13:00     9.1379    7057.7   54721.9   82.6510   55175.2
04/03/2025  21:14:00     9.0945    7062.1   54719.7   82.6461   55173.5
04/03/2025  21:15:00     9.0081    7061.4   54711.6   82.6458   55165.4
04/03/2025  21:16:00     8.9183    7069.4   54705.8   82.6368   55160.7
04/03/2025  21:17:00     8.8435    7069.0   54699.9   82.6363   55154.8
04/03/2025  21:18:00     8.7636    7074.1   54700.1   82.6312   55155.7
04/03/2025  21:19:00     8.8018    7072.3   54707.1   82.6339   55162.3
04/03/2025  21:20:00     8.6837    7078.2   54713.6   82.6287   55169.6
04/03/2025  21:21:00     8.6644    7079.4   54728.2   82.6294   55184.2
04/03/2025  21:22:00     8.6998    7078.4   54752.7   82.6337   55208.4
04/03/2025  21:23:00     8.7596    7079.4   54781.9   82.6366   55237.5
04/03/2025  21:24:00     8.7298    7073.1   54806.3   82.6463   55260.8
04/03/2025  21:25:00     8.6987    7048.7   54835.6   82.6752   55286.7
04/03/2025  21:26:00     8.9393    7040.4   54905.2   82.6930   55354.8
04/03/2025  21:27:00     9.0010    7021.8   54972.8   82.7209   55419.4
04/03/2025  21:28:00     9.1157    7003.4   55047.1   82.7495   55490.8
04/03/2025  21:29:00     9.2644    6964.7   55114.5   82.7978   55552.8
04/03/2025  21:30:00     9.4835    6940.7   55172.7   82.8299   55607.6
04/03/2025  21:31:00     9.7246    6928.3   55255.2   82.8532   55687.9
04/03/2025  21:32:00     9.8676    6839.0   55289.9   82.9487   55711.2
04/03/2025  21:33:00    10.1148    6811.9   55327.3   82.9811   55745.1
04/03/2025  21:34:00    10.1018    6729.7   55278.7   83.0589   55686.8
04/03/2025  21:35:00    10.6757    6623.8   55269.1   83.1659   55664.6
04/03/2025  21:36:00    11.0408    6593.1   55296.5   83.2007   55688.2
04/03/2025  21:37:00    10.5526    6636.5   55265.0   83.1525   55662.0
04/03/2025  21:38:00    10.3190    6663.0   55215.9   83.1193   55616.4
04/03/2025  21:39:00    10.2469    6695.1   55184.8   83.0826   55589.4
04/03/2025  21:40:00    10.0593    6704.6   55147.7   83.0682   55553.8
04/03/2025  21:41:00    10.1324    6694.5   55127.1   83.0760   55532.1
04/03/2025  21:42:00    10.2122    6708.3   55139.2   83.0634   55545.8
04/03/2025  21:43:00    10.0323    6744.8   55134.5   83.0255   55545.6
04/03/2025  21:44:00     9.9027    6764.4   55129.0   83.0047   55542.4
04/03/2025  21:45:00     9.7718    6756.6   55113.6   83.0107   55526.2
04/03/2025  21:46:00     9.7695    6750.5   55090.6   83.0141   55502.7
04/03/2025  21:47:00     9.7358    6759.4   55071.7   83.0026   55485.0
04/03/2025  21:48:00     9.7123    6791.2   55066.0   82.9693   55483.2
04/03/2025  21:49:00     9.5100    6815.7   55056.1   82.9429   55476.4
04/03/2025  21:50:00     9.3793    6827.2   55020.2   82.9266   55442.2
04/03/2025  21:51:00     9.3526    6833.5   54997.1   82.9172   55420.0
04/03/2025  21:52:00     9.2916    6847.4   54993.8   82.9025   55418.5
04/03/2025  21:53:00     9.1253    6872.6   54986.1   82.8756   55413.9
04/03/2025  21:54:00     9.0330    6887.2   54977.2   82.8595   55406.9
04/03/2025  21:55:00     8.9331    6893.4   54954.3   82.8503   55385.0
04/03/2025  21:56:00     8.9509    6904.2   54937.0   82.8369   55369.1
04/03/2025  21:57:00     8.9774    6915.3   54933.9   82.8251   55367.5
04/03/2025  21:58:00     8.9337    6916.4   54928.0   82.8232   55361.8
04/03/2025  21:59:00     8.8979    6927.4   54921.0   82.8111   55356.1
04/03/2025  22:00:00     8.9298    6930.0   54916.2   82.8077   55351.7
04/03/2025  22:01:00     8.9999    6939.1   54915.7   82.7983   55352.4
04/03/2025  22:02:00     9.0030    6957.8   54910.4   82.7784   55349.5
04/03/2025  22:03:00     8.9559    6965.1   54900.3   82.7696   55340.4
04/03/2025  22:04:00     8.9488    6967.3   54890.6   82.7661   55331.0
04/03/2025  22:05:00     8.9291    6963.3   54880.6   82.7689   55320.5
04/03/2025  22:06:00     8.8315    6966.1   54864.7   82.7640   55305.2
04/03/2025  22:07:00     8.8925    6968.0   54857.1   82.7610   55297.9
04/03/2025  22:08:00     8.9316    6968.1   54855.0   82.7607   55295.8
04/03/2025  22:09:00     8.9492    6975.3   54852.2   82.7529   55294.0
04/03/2025  22:10:00     8.9669    6981.0   54851.3   82.7468   55293.8
04/03/2025  22:11:00     8.9639    6989.1   54849.5   82.7383   55293.0
04/03/2025  22:12:00     8.9989    6991.5   54848.5   82.7357   55292.3
04/03/2025  22:13:00     9.0128    6998.0   54848.0   82.7290   55292.7
04/03/2025  22:14:00     9.0476    7004.2   54847.0   82.7224   55292.4
04/03/2025  22:15:00     9.0277    7011.4   54844.3   82.7147   55290.7
04/03/2025  22:16:00     9.0267    7009.6   54838.1   82.7157   55284.3
04/03/2025  22:17:00     9.0548    7012.3   54835.3   82.7126   55281.9
04/03/2025  22:18:00     9.0606    7015.3   54832.2   82.7091   55279.1
04/03/2025  22:19:00     9.0624    7018.5   54829.0   82.7054   55276.4
04/03/2025  22:20:00     9.0660    7020.6   54826.8   82.7029   55274.5
04/03/2025  22:21:00     9.0758    7019.7   54825.0   82.7036   55272.5
04/03/2025  22:22:00     9.0860    7020.2   54823.7   82.7030   55271.3
04/03/2025  22:23:00     9.0861    7019.3   54821.8   82.7037   55269.4
04/03/2025  22:24:00     9.0910    7021.5   54820.0   82.7012   55267.8
04/03/2025  22:25:00     9.0983    7017.9   54817.4   82.7045   55264.8
04/03/2025  22:26:00     9.1279    7021.4   54818.5   82.7011   55266.3
04/03/2025  22:27:00     9.1313    7021.0   54817.4   82.7013   55265.2
04/03/2025  22:28:00     9.1858    7024.2   54820.5   82.6984   55268.7
04/03/2025  22:29:00     9.2058    7023.7   54821.8   82.6992   55269.9
04/03/2025  22:30:00     9.2084    7024.3   54821.6   82.6985   55269.7
04/03/2025  22:31:00     9.2582    7025.8   54824.3   82.6973   55272.7
04/03/2025  22:32:00     9.2758    7030.5   54825.8   82.6927   55274.7
04/03/2025  22:33:00     9.2973    7033.8   54827.0   82.6895   55276.4
04/03/2025  22:34:00     9.2861    7033.3   54825.9   82.6898   55275.2
04/03/2025  22:35:00     9.2794    7033.9   54823.2   82.6888   55272.6
04/03/2025  22:36:00     9.2885    7033.0   54821.0   82.6894   55270.3
04/03/2025  22:37:00     9.2856    7034.3   54819.4   82.6879   55268.8
04/03/2025  22:38:00     9.2919    7035.7   54817.8   82.6863   55267.4
04/03/2025  22:39:00     9.3054    7036.4   54816.0   82.6853   55265.7
04/03/2025  22:40:00     9.3189    7039.9   54815.5   82.6816   55265.7
04/03/2025  22:41:00     9.3328    7046.0   54817.5   82.6757   55268.5
04/03/2025  22:42:00     9.3279    7050.0   54817.7   82.6715   55269.2
04/03/2025  22:43:00     9.3454    7051.6   54817.5   82.6699   55269.2
04/03/2025  22:44:00     9.3556    7058.1   54817.8   82.6632   55270.3
04/03/2025  22:45:00     9.3417    7059.7   54813.5   82.6610   55266.2
04/03/2025  22:46:00     9.3218    7061.4   54808.5   82.6586   55261.5
04/03/2025  22:47:00     9.2789    7054.9   54798.6   82.6639   55250.9
04/03/2025  22:48:00     9.2812    7056.5   54794.0   82.6617   55246.5
04/03/2025  22:49:00     9.2727    7056.4   54790.9   82.6614   55243.4
04/03/2025  22:50:00     9.2473    7052.9   54785.8   82.6644   55237.9
04/03/2025  22:51:00     9.2580    7049.0   54783.8   82.6681   55235.4
04/03/2025  22:52:00     9.2831    7049.3   54784.7   82.6679   55236.3
04/03/2025  22:53:00     9.2790    7048.4   54783.8   82.6687   55235.3
04/03/2025  22:54:00     9.2696    7048.9   54781.9   82.6680   55233.5
04/03/2025  22:55:00     9.2741    7046.4   54780.2   82.6702   55231.5
04/03/2025  22:56:00     9.3031    7048.8   54782.5   82.6681   55234.1
04/03/2025  22:57:00     9.2838    7049.0   54781.2   82.6678   55232.9
04/03/2025  22:58:00     9.2839    7051.7   54781.8   82.6650   55233.8
04/03/2025  22:59:00     9.2944    7050.6   54782.0   82.6662   55233.8
04/03/2025  23:00:00     9.3457    7054.8   54788.1   82.6626   55240.4
04/03/2025  23:01:00     9.3493    7058.1   54790.7   82.6596   55243.4
04/03/2025  23:02:00     9.3642    7056.5   54791.5   82.6614   55244.1
04/03/2025  23:03:00     9.4158    7056.1   54794.9   82.6622   55247.3
04/03/2025  23:04:00     9.4477    7058.4   54797.9   82.6603   55250.6
04/03/2025  23:05:00     9.4988    7060.4   54802.7   82.6589   55255.6
04/03/2025  23:06:00     9.5166    7064.6   54805.7   82.6549   55259.2
04/03/2025  23:07:00     9.5218    7066.4   54805.3   82.6530   55259.0
04/03/2025  23:08:00     9.5229    7068.6   54803.5   82.6505   55257.5
04/03/2025  23:09:00     9.5032    7072.3   54800.2   82.6462   55254.6
04/03/2025  23:10:00     9.4983    7075.9   54797.5   82.6422   55252.5
04/03/2025  23:11:00     9.4809    7075.8   54793.4   82.6418   55248.4
04/03/2025  23:12:00     9.4889    7069.7   54791.0   82.6477   55245.2
04/03/2025  23:13:00     9.4980    7067.8   54790.1   82.6495   55244.0
04/03/2025  23:14:00     9.5000    7070.2   54789.5   82.6470   55243.8
04/03/2025  23:15:00     9.5207    7070.7   54789.8   82.6465   55244.2
04/03/2025  23:16:00     9.5440    7073.7   54792.4   82.6438   55247.1
04/03/2025  23:17:00     9.5311    7067.4   54790.1   82.6500   55244.1
04/03/2025  23:18:00     9.5356    7063.7   54788.8   82.6537   55242.2
04/03/2025  23:19:00     9.5736    7066.1   54791.3   82.6515   55245.1
04/03/2025  23:20:00     9.5850    7070.8   54793.4   82.6469   55247.7
04/03/2025  23:21:00     9.5960    7074.3   54793.8   82.6434   55248.6
04/03/2025  23:22:00     9.6202    7077.7   54795.6   82.6401   55250.8
04/03/2025  23:23:00     9.6246    7079.7   54796.1   82.6381   55251.6
04/03/2025  23:24:00     9.6222    7081.5   54796.7   82.6364   55252.3
04/03/2025  23:25:00     9.6329    7083.4   54797.9   82.6345   55253.8
04/03/2025  23:26:00     9.6303    7085.8   54798.9   82.6323   55255.1
04/03/2025  23:27:00     9.6326    7087.0   54798.5   82.6309   55254.9
04/03/2025  23:28:00     9.6130    7091.4   54797.6   82.6263   55254.5
04/03/2025  23:29:00     9.6014    7089.3   54794.6   82.6280   55251.3
04/03/2025  23:30:00     9.6041    7089.0   54793.6   82.6282   55250.3
04/03/2025  23:31:00     9.5942    7093.1   54792.4   82.6238   55249.6
04/03/2025  23:32:00     9.5119    7094.8   54785.5   82.6211   55242.9
04/03/2025  23:33:00     9.4512    7091.2   54777.2   82.6238   55234.3
04/03/2025  23:34:00     9.4552    7086.9   54775.0   82.6279   55231.6
04/03/2025  23:35:00     9.4305    7085.7   54774.4   82.6291   55230.8
04/03/2025  23:36:00     9.4443    7079.8   54773.9   82.6350   55229.6
04/03/2025  23:37:00     9.4353    7079.0   54775.3   82.6361   55230.8
04/03/2025  23:38:00     9.4175    7077.5   54774.7   82.6376   55230.0
04/03/2025  23:39:00     9.4099    7077.8   54776.2   82.6375   55231.6
04/03/2025  23:40:00     9.3766    7076.4   54774.5   82.6386   55229.7
04/03/2025  23:41:00     9.3479    7072.1   54771.0   82.6426   55225.7
04/03/2025  23:42:00     9.3470    7068.4   54769.3   82.6461   55223.5
04/03/2025  23:43:00     9.3805    7063.4   54770.7   82.6515   55224.3
04/03/2025  23:44:00     9.4151    7062.4   54774.4   82.6530   55227.8
04/03/2025  23:45:00     9.4300    7060.6   54776.5   82.6552   55229.7
04/03/2025  23:46:00     9.4356    7057.7   54776.6   82.6582   55229.4
04/03/2025  23:47:00     9.4648    7054.5   54777.3   82.6616   55229.7
04/03/2025  23:48:00     9.4931    7053.8   54778.9   82.6624   55231.2
04/03/2025  23:49:00     9.5042    7051.6   54778.8   82.6647   55230.8
04/03/2025  23:50:00     9.5128    7050.4   54778.1   82.6659   55230.0
04/03/2025  23:51:00     9.5541    7048.9   54780.0   82.6676   55231.7
04/03/2025  23:52:00     9.5617    7050.6   54781.2   82.6661   55233.1
04/03/2025  23:53:00     9.5576    7049.7   54779.8   82.6668   55231.6
04/03/2025  23:54:00     9.5685    7048.3   54779.9   82.6683   55231.5
04/03/2025  23:55:00     9.5862    7049.0   54780.9   82.6677   55232.6
04/03/2025  23:56:00     9.5940    7047.0   54780.8   82.6697   55232.2
04/03/2025  23:57:00     9.6288    7044.3   54782.9   82.6728   55233.9
04/03/2025  23:58:00     9.6618    7043.5   54786.3   82.6741   55237.2
04/03/2025  23:59:00     9.6828    7044.3   54788.3   82.6735   55239.3

