1740960002 52643 0
1740960004 52737 0
1740960006 52857 0
1740960008 52256 0
1740960010 53057 0
1740960012 52828 0
1740960014 52927 0
1740960016 52476 0
1740960018 52207 0
1740960021 52996 0
1740960023 52616 0
1740960025 53123 0
1740960027 52764 0
1740960029 52782 0
1740960031 52536 0
1740960033 52962 0
1740960035 52245 0
1740960037 53049 0
1740960039 52690 0
1740960041 52715 0
1740960043 52876 0
1740960045 52201 0
1740960047 52677 0
1740960049 52773 0
1740960051 52517 0
1740960053 52924 0
1740960055 52045 0
1740960057 52580 0
1740960059 52835 0
1740960061 52349 0
1740960063 52193 0
1740960065 52656 0
1740960067 52430 0
1740960069 52748 0
1740960071 52116 0
1740960073 52736 0
1740960075 52965 0
1740960077 53294 0
1740960079 52386 0
1740960081 53117 0
1740960083 52491 0
1740960085 52891 0
1740960087 53149 0
1740960089 52701 0
1740960091 52884 0
1740960093 52763 0
1740960095 52296 0
1740960097 52557 0
1740960099 52492 0
1740960101 52268 0
1740960103 52043 0
1740960105 52341 0
1740960107 52276 0
1740960109 52932 0
1740960111 52130 0
1740960113 52438 0
1740960115 52666 0
1740960117 53069 0
1740960119 52622 0
1740960121 53133 0
1740960123 52725 0
1740960125 53192 0
1740960127 52690 0
1740960129 52492 0
1740960131 52272 0
1740960133 52254 0
1740960135 52857 0
1740960137 52666 0
1740960139 52207 0
1740960141 52697 0
1740960143 52812 0
1740960145 52585 0
1740960147 53078 0
1740960149 52659 0
1740960151 52728 0
1740960153 52683 0
1740960155 52570 0
1740960157 52463 0
1740960159 52811 0
1740960161 52483 0
1740960163 52334 0
1740960165 52724 0
1740960167 52498 0
1740960169 52782 0
1740960171 52994 0
1740960173 52319 0
1740960175 53032 0
1740960177 52709 0
1740960179 52511 0
1740960181 52943 0
1740960183 53250 0
1740960185 53055 0
1740960187 52742 0
1740960189 52918 0
1740960191 52427 0
1740960193 53361 0
1740960195 52555 0
1740960197 52314 0
1740960199 52871 0
1740960201 52434 0
1740960203 52702 0
1740960205 52610 0
1740960207 52880 0
1740960209 52779 0
1740960211 52758 0
1740960213 52582 0
1740960215 53091 0
1740960217 52523 0
1740960219 52729 0
1740960221 52756 0
1740960223 52684 0
1740960225 52498 0
1740960227 52361 0
1740960229 52565 0
1740960231 52707 0
1740960233 52365 0
1740960235 52905 0
1740960237 52872 0
1740960239 52720 0
1740960241 52294 0
1740960243 52848 0
1740960245 52282 0
1740960247 53067 0
1740960249 53023 0
1740960251 53278 0
1740960253 52848 0
1740960255 53431 0
1740960257 52507 0
1740960259 52776 0
1740960261 52794 0
1740960263 52724 0
1740960265 53190 0
1740960267 52686 0
1740960269 52970 0
1740960271 52786 0
1740960273 53102 0
1740960275 52641 0
1740960277 53270 0
1740960279 52926 0
1740960281 52748 0
1740960283 52463 0
1740960285 52840 0
1740960287 52691 0
1740960289 52833 0
1740960291 52528 0
1740960293 52495 0
1740960295 52238 0
1740960297 52916 0
1740960299 52898 0
1740960301 52887 0
1740960303 53138 0
1740960305 52682 0
1740960307 53043 0
1740960309 52736 0
1740960311 53582 0
1740960313 52601 0
1740960315 52813 0
1740960317 52991 0
1740960319 52219 0
1740960321 53324 0
1740960323 52450 0
1740960325 52953 0
1740960327 53044 0
1740960329 53437 0
1740960331 52829 0
1740960333 52837 0
1740960336 52716 0
1740960338 53001 0
1740960340 52787 0
1740960342 52737 0
1740960344 52267 0
1740960346 52843 0
1740960348 52632 0
1740960350 52409 0
1740960352 51815 0
1740960354 53327 0
1740960356 52609 0
1740960358 52816 0
1740960360 52746 0
1740960362 52305 0
1740960364 52608 0
1740960366 52694 0
1740960368 52261 0
1740960370 52446 0
1740960372 53134 0
1740960374 52560 0
1740960376 53041 0
1740960378 53181 0
1740960380 52648 0
1740960382 52753 0
1740960384 53128 0
1740960386 52839 0
1740960388 52445 0
1740960390 52743 0
1740960392 52813 0
1740960394 53171 0
1740960396 52902 0
1740960398 52549 0
1740960400 52553 0
1740960402 52331 0
1740960404 52573 0
1740960406 52587 0
1740960408 52466 0
1740960410 53042 0
1740960412 52632 0
1740960414 53058 0
1740960416 52831 0
1740960418 52372 0
1740960420 52899 0
1740960422 52963 0
1740960424 52891 0
1740960426 52312 0
1740960428 52622 0
1740960430 52829 0
1740960432 52775 0
1740960434 52732 0
1740960436 53030 0
1740960438 53176 0
1740960440 52866 0
1740960442 52216 0
1740960444 52982 0
1740960446 52484 0
1740960448 52663 0
1740960450 53013 0
1740960452 52225 0
1740960454 52862 0
1740960456 52896 0
1740960458 52789 0
1740960460 52803 0
1740960462 52477 0
1740960464 52688 0
1740960466 53000 0
1740960468 52324 0
1740960470 52292 0
1740960472 52371 0
1740960474 52454 0
1740960476 52548 0
1740960478 52455 0
1740960480 52576 0
1740960482 52710 0
1740960484 52403 0
1740960486 52559 0
1740960488 53202 0
1740960490 53364 0
1740960492 52518 0
1740960494 52946 0
1740960496 52601 0
1740960498 52680 0
1740960500 53407 0
1740960502 52687 0
1740960504 53101 0
1740960506 52659 0
1740960508 52614 0
1740960510 53131 0
1740960512 52720 0
1740960514 52972 0
1740960516 52628 0
1740960518 52878 0
1740960520 52350 0
1740960522 53019 0
1740960524 52066 0
1740960526 53348 0
1740960528 53010 0
1740960530 52947 0
1740960532 52690 0
1740960534 52700 0
1740960536 53079 0
1740960538 52589 0
1740960540 52582 0
1740960542 52942 0
1740960544 52749 0
1740960546 52550 0
1740960548 52738 0
1740960550 52247 0
1740960552 53163 0
1740960554 52729 0
1740960556 53093 0
1740960558 52688 0
1740960560 52280 0
1740960562 52556 0
1740960564 52958 0
1740960566 53321 0
1740960568 52956 0
1740960570 53241 0
1740960572 53018 0
1740960574 52823 0
1740960576 53164 0
1740960578 52974 0
1740960580 52833 0
1740960582 53241 0
1740960584 53292 0
1740960586 52954 0
1740960588 52730 0
1740960590 52868 0
1740960592 52889 0
1740960594 52822 0
1740960596 53304 0
1740960598 52840 0
1740960600 52978 0
1740960602 53274 0
1740960604 52770 0
1740960606 52985 0
1740960608 53188 0
1740960610 52963 0
1740960612 53167 0
1740960614 52923 0
1740960616 53213 0
1740960618 53610 0
1740960620 53310 0
1740960622 53221 0
1740960624 52920 0
1740960626 53065 0
1740960628 52977 0
1740960630 53611 0
1740960632 53386 0
1740960634 53048 0
1740960636 53296 0
1740960638 52802 0
1740960640 53028 0
1740960642 53397 0
1740960644 53121 0
1740960647 53017 0
1740960649 52968 0
1740960651 52826 0
1740960653 52857 0
1740960655 53120 0
1740960657 53363 0
1740960659 52790 0
1740960661 53429 0
1740960663 53353 0
1740960665 53002 0
1740960667 52830 0
1740960669 52874 0
1740960671 52662 0
1740960673 53159 0
1740960675 53164 0
1740960677 53414 0
1740960679 53210 0
1740960681 53054 0
1740960683 52506 0
1740960685 53573 0
1740960687 53167 0
1740960689 53659 0
1740960691 53123 0
1740960693 52732 0
1740960695 53059 0
1740960697 53540 0
1740960699 53026 0
1740960701 53554 0
1740960703 53027 0
1740960705 52961 0
1740960707 53191 0
1740960709 53224 0
1740960711 53000 0
1740960713 53120 0
1740960715 53628 0
1740960717 53029 0
1740960719 52880 0
1740960721 53214 0
1740960723 52886 0
1740960725 53449 0
1740960727 52578 0
1740960729 53044 0
1740960731 53069 0
1740960733 53040 0
1740960735 52992 0
1740960737 52729 0
1740960739 52953 0
1740960741 53506 0
1740960743 52616 0
1740960745 53318 0
1740960747 53014 0
1740960749 52850 0
1740960751 52993 0
1740960753 52926 0
1740960755 52930 0
1740960757 52318 0
1740960759 52190 0
1740960761 52516 0
1740960763 53079 0
1740960765 53232 0
1740960767 53264 0
1740960769 53211 0
1740960771 52841 0
1740960773 53482 0
1740960775 52970 0
1740960777 52960 0
1740960779 52679 0
1740960781 52309 0
1740960783 52661 0
1740960785 53173 0
1740960787 52852 0
1740960789 53002 0
1740960791 53002 0
1740960793 53134 0
1740960795 53448 0
1740960797 52855 0
1740960799 52891 0
1740960801 52586 0
1740960803 52248 0
1740960805 53224 0
1740960807 52316 0
1740960809 53355 0
1740960811 52442 0
1740960813 53236 0
1740960815 53130 0
1740960817 53052 0
1740960819 52918 0
1740960821 52435 0
1740960823 53074 0
1740960825 52574 0
1740960827 53389 0
1740960829 53251 0
1740960831 52856 0
1740960833 52695 0
1740960835 52793 0
1740960837 52642 0
1740960839 52442 0
1740960841 52839 0
1740960843 53697 0
1740960845 53236 0
1740960847 53203 0
1740960849 53412 0
1740960851 52590 0
1740960853 53398 0
1740960855 53009 0
1740960857 52959 0
1740960859 52929 0
1740960861 52729 0
1740960863 53025 0
1740960865 53164 0
1740960867 52324 0
1740960869 52868 0
1740960871 52404 0
1740960873 52764 0
1740960875 52311 0
1740960877 52844 0
1740960879 52993 0
1740960881 52415 0
1740960883 53441 0
1740960885 52603 0
1740960887 52698 0
1740960889 53145 0
1740960891 53327 0
1740960893 52834 0
1740960895 52855 0
1740960897 53434 0
1740960899 52997 0
1740960901 52347 0
1740960903 52924 0
1740960905 53019 0
1740960907 52521 0
1740960909 52722 0
1740960911 52736 0
1740960913 52831 0
1740960915 52770 0
1740960917 52653 0
1740960919 53069 0
1740960921 52691 0
1740960923 53287 0
1740960925 53620 0
1740960927 53031 0
1740960929 53078 0
1740960931 52424 0
1740960933 53156 0
1740960935 52732 0
1740960937 53113 0
1740960939 52747 0
1740960941 52937 0
1740960943 52645 0
1740960945 52558 0
1740960947 52693 0
1740960949 52795 0
1740960951 52938 0
1740960953 53207 0
1740960955 52853 0
1740960957 53093 0
1740960959 53140 0
1740960962 53179 0
1740960964 52795 0
1740960966 53124 0
1740960968 52978 0
1740960970 53041 0
1740960972 53072 0
1740960974 52874 0
1740960976 53244 0
1740960978 53077 0
1740960980 52986 0
1740960982 53072 0
1740960984 53183 0
1740960986 52690 0
1740960988 52973 0
1740960990 52781 0
1740960992 52680 0
1740960994 53036 0
1740960996 53212 0
1740960998 52514 0
1740961000 52803 0
1740961002 52673 0
1740961004 52162 0
1740961006 52932 0
1740961008 53156 0
1740961010 52975 0
1740961012 52566 0
1740961014 52952 0
1740961016 53390 0
1740961018 53029 0
1740961020 52748 0
1740961022 52203 0
1740961024 52199 0
1740961026 52947 0
1740961028 52733 0
1740961030 52801 0
1740961032 52969 0
1740961034 52542 0
1740961036 52679 0
1740961038 52998 0
1740961040 52754 0
1740961042 52545 0
1740961044 53022 0
1740961046 52848 0
1740961048 53218 0
1740961050 53028 0
1740961052 53281 0
1740961054 53142 0
1740961056 53314 0
1740961058 52929 0
1740961060 52981 0
1740961062 52538 0
1740961064 52565 0
1740961066 52553 0
1740961068 53250 0
1740961070 52199 0
1740961072 53020 0
1740961074 52537 0
1740961076 52636 0
1740961078 53279 0
1740961080 52748 0
1740961082 53210 0
1740961084 52886 0
1740961086 52804 0
1740961088 53123 0
1740961090 52986 0
1740961092 53204 0
1740961094 52814 0
1740961096 52668 0
1740961098 52973 0
1740961100 53531 0
1740961102 52755 0
1740961104 52047 0
1740961106 52359 0
1740961108 52903 0
1740961110 52327 0
1740961112 52740 0
1740961114 52557 0
1740961116 52423 0
1740961118 52591 0
1740961120 53276 0
1740961122 52972 0
1740961124 53133 0
1740961126 52756 0
1740961128 52811 0
1740961130 53319 0
1740961132 52964 0
1740961134 52819 0
1740961136 52830 0
1740961138 52599 0
1740961140 53342 0
1740961142 53147 0
1740961144 52725 0
1740961146 53211 0
1740961148 53044 0
1740961150 53333 0
1740961152 53109 0
1740961154 52835 0
1740961156 53221 0
1740961158 52463 0
1740961160 52749 0
1740961162 52454 0
1740961164 52983 0
1740961166 52160 0
1740961168 52393 0
1740961170 52786 0
1740961172 52932 0
1740961174 52732 0
1740961176 52632 0
1740961178 52759 0
1740961180 52881 0
1740961182 52384 0
1740961184 52363 0
1740961186 52118 0
1740961188 51684 0
1740961190 52918 0
1740961192 52375 0
1740961194 53081 0
1740961196 53110 0
1740961198 52777 0
1740961200 53019 0
1740961202 52512 0
1740961204 52928 0
1740961206 53474 0
1740961208 53274 0
1740961210 53267 0
1740961212 52914 0
1740961214 52847 0
1740961216 52877 0
1740961218 52848 0
1740961220 53339 0
1740961222 53023 0
1740961224 52872 0
1740961226 53364 0
1740961228 52952 0
1740961230 53214 0
1740961232 53122 0
1740961234 52960 0
1740961236 52087 0
1740961238 53091 0
1740961240 53007 0
1740961242 52830 0
1740961244 52600 0
1740961246 52963 0
1740961248 52714 0
1740961250 53062 0
1740961252 52636 0
1740961254 52113 0
1740961256 52732 0
1740961258 52603 0
1740961260 53268 0
1740961262 52395 0
1740961264 52917 0
1740961266 52928 0
1740961268 53111 0
1740961270 52821 0
1740961272 52711 0
1740961275 52967 0
1740961277 52463 0
1740961279 52625 0
1740961281 52432 0
1740961283 53062 0
1740961285 52982 0
1740961287 53346 0
1740961289 52876 0
1740961291 53314 0
1740961293 53364 0
1740961295 52466 0
1740961297 53045 0
1740961299 52952 0
1740961301 52647 0
1740961303 52975 0
1740961305 51958 0
1740961307 51994 0
1740961309 52211 0
1740961311 52778 0
1740961313 52905 0
1740961315 52027 0
1740961317 53020 0
1740961319 52987 0
1740961321 53034 0
1740961323 52725 0
1740961325 52738 0
1740961327 53204 0
1740961329 52663 0
1740961331 52992 0
1740961333 52428 0
1740961335 53144 0
1740961337 52351 0
1740961339 52988 0
1740961341 52920 0
1740961343 52399 0
1740961345 52101 0
1740961347 52638 0
1740961349 52769 0
1740961351 52904 0
1740961353 51501 0
1740961355 52332 0
1740961357 51843 0
1740961359 52702 0
1740961361 52162 0
1740961363 52392 0
1740961365 52804 0
1740961367 52446 0
1740961369 52419 0
1740961371 53026 0
1740961373 52553 0
1740961375 52698 0
1740961377 52913 0
1740961379 52800 0
1740961381 52746 0
1740961383 53333 0
1740961385 53205 0
1740961387 53041 0
1740961389 52624 0
1740961391 52845 0
1740961393 52967 0
1740961395 52893 0
1740961397 52850 0
1740961399 52882 0
1740961401 53081 0
1740961403 52350 0
1740961405 52732 0
1740961407 52411 0
1740961409 52964 0
1740961411 52377 0
1740961413 51951 0
1740961415 52810 0
1740961417 52715 0
1740961419 52770 0
1740961421 52598 0
1740961423 52557 0
1740961425 52380 0
1740961427 53119 0
1740961429 52389 0
1740961431 52293 0
1740961433 52635 0
1740961435 52374 0
1740961437 52677 0
1740961439 52525 0
1740961441 52667 0
1740961443 52855 0
1740961445 52747 0
1740961447 52539 0
1740961449 52670 0
1740961451 53430 0
1740961453 52943 0
1740961455 53108 0
1740961457 53368 0
1740961459 53487 0
1740961461 52694 0
1740961463 52716 0
1740961465 53265 0
1740961467 53571 0
1740961469 52752 0
1740961471 52665 0
1740961473 52954 0
1740961475 52426 0
1740961477 53299 0
1740961479 52417 0
1740961481 51872 0
1740961483 52505 0
1740961485 53167 0
1740961487 52032 0
1740961489 55020 0
1740961491 54316 0
1740961493 55081 0
1740961495 54089 0
1740961497 52728 0
1740961499 59423 0
1740961501 55927 0
1740961503 64159 0
1740961505 57066 0
1740961507 53693 0
1740961509 53862 0
1740961511 54919 0
1740961513 54147 0
1740961515 54680 0
1740961517 53978 0
1740961519 54021 0
1740961521 55155 0
1740961523 54945 0
1740961525 53714 0
1740961527 54879 0
1740961529 53834 0
1740961531 59508 0
1740961533 57538 0
1740961535 53567 0
1740961537 54982 0
1740961539 54814 0
1740961541 54406 0
1740961543 54774 0
1740961545 56622 0
1740961547 55822 0
1740961549 54286 0
1740961551 55464 0
1740961553 56058 0
1740961555 54567 0
1740961557 54906 0
1740961559 54044 0
1740961561 54988 0
1740961563 54905 0
1740961565 54380 0
1740961567 55024 0
1740961569 55203 0
1740961571 54852 0
1740961573 55248 0
1740961575 55754 0
1740961577 54923 0
1740961579 54357 0
1740961581 54405 0
1740961583 54605 0
1740961585 54623 0
1740961588 55269 0
1740961590 54310 0
1740961592 54975 0
1740961594 54631 0
1740961596 54105 0
1740961598 54482 0
1740961600 54165 0
1740961602 55067 0
1740961604 54922 0
1740961606 55645 0
1740961608 54955 0
1740961610 54858 0
1740961612 53571 0
1740961614 54380 0
1740961616 53947 0
1740961618 54202 0
1740961620 53279 0
1740961622 54380 0
1740961624 54242 0
1740961626 53672 0
1740961628 54072 0
1740961630 54457 0
1740961632 54139 0
1740961634 54512 0
1740961636 53936 0
1740961638 58732 0
1740961640 54583 0
1740961642 56291 0
1740961644 59276 0
1740961646 52876 0
1740961648 54190 0
1740961650 53006 0
1740961652 53470 0
1740961654 54647 0
1740961656 53446 0
1740961658 54029 0
1740961660 53354 0
1740961662 54023 0
1740961664 54866 0
1740961666 55153 0
1740961668 57227 0
1740961670 56537 0
1740961672 56246 0
1740961674 55873 0
1740961676 53616 0
1740961678 54980 0
1740961680 54518 0
1740961682 55276 0
1740961684 55032 0
1740961686 53432 0
1740961688 53336 0
1740961690 53862 0
1740961692 53884 0
1740961694 54130 0
1740961696 54292 0
1740961698 54011 0
1740961700 53757 0
1740961702 53702 0
1740961704 53603 0
1740961706 54533 0
1740961708 53984 0
1740961710 54228 0
1740961712 54251 0
1740961714 53947 0
1740961716 54274 0
1740961718 54278 0
1740961720 54123 0
1740961722 54259 0
1740961724 53708 0
1740961726 54420 0
1740961728 54412 0
1740961730 52980 0
1740961732 54020 0
1740961734 53872 0
1740961736 53546 0
1740961738 53587 0
1740961740 53836 0
1740961742 53985 0
1740961744 54536 0
1740961746 53826 0
1740961748 53719 0
1740961750 52863 0
1740961752 54287 0
1740961754 54031 0
1740961756 53656 0
1740961758 53612 0
1740961760 53523 0
1740961762 53898 0
1740961764 54262 0
1740961766 54083 0
1740961768 54755 0
1740961770 55062 0
1740961772 54022 0
1740961774 53318 0
1740961776 53358 0
1740961778 53667 0
1740961780 52814 0
1740961782 53566 0
1740961784 54198 0
1740961786 53618 0
1740961788 53713 0
1740961790 52971 0
1740961792 53617 0
1740961794 53566 0
1740961796 54103 0
1740961798 53650 0
1740961800 55586 0
1740961802 54055 0
1740961804 54809 0
1740961806 54078 0
1740961808 53270 0
1740961810 54301 0
1740961812 54177 0
1740961814 53818 0
1740961816 53861 0
1740961818 54242 0
1740961820 52970 0
1740961822 53895 0
1740961824 53647 0
1740961826 53562 0
1740961828 53931 0
1740961830 53934 0
1740961832 54163 0
1740961834 54697 0
1740961836 53572 0
1740961838 53851 0
1740961840 54224 0
1740961842 54316 0
1740961844 54089 0
1740961846 53894 0
1740961848 54261 0
1740961850 54132 0
1740961852 54721 0
1740961854 53679 0
1740961856 53987 0
1740961858 54804 0
1740961860 53713 0
1740961862 53755 0
1740961864 52855 0
1740961866 53030 0
1740961868 53802 0
1740961870 54432 0
1740961872 53240 0
1740961874 54073 0
1740961876 53460 0
1740961878 54054 0
1740961880 53371 0
1740961882 54224 0
1740961884 53944 0
1740961886 53372 0
1740961888 54683 0
1740961890 54125 0
1740961892 53943 0
1740961894 53937 0
1740961896 53877 0
1740961898 53237 0
1740961901 53971 0
1740961903 53608 0
1740961905 53695 0
1740961907 54371 0
1740961909 52783 0
1740961911 53947 0
1740961913 53302 0
1740961915 54281 0
1740961917 53776 0
1740961919 54026 0
1740961921 53516 0
1740961923 53269 0
1740961925 54048 0
1740961927 53856 0
1740961929 54883 0
1740961931 54154 0
1740961933 59577 0
1740961935 57443 0
1740961937 53991 0
1740961939 54064 0
1740961941 54945 0
1740961943 54952 0
1740961945 54013 0
1740961947 54457 0
1740961949 53877 0
1740961951 53404 0
1740961953 54883 0
1740961955 55152 0
1740961957 54311 0
1740961959 54289 0
1740961961 57998 0
1740961963 54095 0
1740961965 56683 0
1740961967 54970 0
1740961969 54357 0
1740961971 53993 0
1740961973 54306 0
1740961975 54309 0
1740961977 54496 0
1740961979 54506 0
1740961981 55535 0
1740961983 55142 0
1740961985 53803 0
1740961987 53986 0
1740961989 53105 0
1740961991 54588 0
1740961993 54124 0
1740961995 52700 0
1740961997 54402 0
1740961999 53158 0
1740962001 53842 0
1740962003 53604 0
1740962005 53119 0
1740962007 52598 0
1740962009 53451 0
1740962011 53440 0
1740962013 53800 0
1740962015 53405 0
1740962017 53847 0
1740962019 53835 0
1740962021 53839 0
1740962023 54126 0
1740962025 53813 0
1740962027 54144 0
1740962029 53633 0
1740962031 54339 0
1740962033 53875 0
1740962035 54085 0
1740962037 53590 0
1740962039 52821 0
1740962041 53899 0
1740962043 53924 0
1740962045 53753 0
1740962047 54023 0
1740962049 53966 0
1740962051 54060 0
1740962053 53912 0
1740962055 53839 0
1740962057 53794 0
1740962059 53634 0
1740962061 54394 0
1740962063 53845 0
1740962065 53752 0
1740962067 53985 0
1740962069 54255 0
1740962071 53901 0
1740962073 54232 0
1740962075 54524 0
1740962077 53635 0
1740962079 53405 0
1740962081 53114 0
1740962083 53189 0
1740962085 54008 0
1740962087 54316 0
1740962089 53891 0
1740962091 53760 0
1740962093 53945 0
1740962095 53686 0
1740962097 53988 0
1740962099 53498 0
1740962101 53716 0
1740962103 54416 0
1740962105 54006 0
1740962107 53969 0
1740962109 59569 0
1740962111 59251 0
1740962113 53567 0
1740962115 55136 0
1740962117 54133 0
1740962119 53386 0
1740962121 53680 0
1740962123 53894 0
1740962125 54527 0
1740962127 53858 0
1740962129 53553 0
1740962131 53739 0
1740962133 53803 0
1740962135 54053 0
1740962137 54195 0
1740962139 53914 0
1740962141 54155 0
1740962143 53880 0
1740962145 54127 0
1740962147 53796 0
1740962149 53542 0
1740962151 53370 0
1740962153 54555 0
1740962155 53763 0
1740962157 53420 0
1740962159 54156 0
1740962161 53688 0
1740962163 53816 0
1740962165 54559 0
1740962167 54503 0
1740962169 55590 0
1740962171 54700 0
1740962173 54420 0
1740962175 54673 0
1740962177 59471 0
1740962179 57959 0
1740962181 53626 0
1740962183 57383 0
1740962185 53877 0
1740962187 54531 0
1740962189 54195 0
1740962191 54437 0
1740962193 54352 0
1740962195 53972 0
1740962197 54423 0
1740962199 53982 0
1740962201 55580 0
1740962203 55132 0
1740962205 54646 0
1740962207 55726 0
1740962209 55689 0
1740962211 55475 0
1740962213 55225 0
1740962216 55100 0
1740962218 55296 0
1740962220 56373 0
1740962222 56405 0
1740962224 56608 0
1740962226 56509 0
1740962228 55588 0
1740962230 56097 0
1740962232 55994 0
1740962234 56193 0
1740962236 55644 0
1740962238 55184 0
1740962240 56060 0
1740962242 65535 0
1740962244 55582 0
1740962246 53577 0
1740962248 55513 0
1740962250 60603 0
1740962252 55524 0
1740962254 56765 0
1740962256 55569 0
1740962258 55397 0
1740962260 55765 0
1740962262 56389 0
1740962264 56159 0
1740962266 56010 0
1740962268 55918 0
1740962270 56335 0
1740962272 55503 0
1740962274 55651 0
1740962276 56114 0
1740962278 55858 0
1740962280 56580 0
1740962282 60091 0
1740962284 56252 0
1740962286 55348 0
1740962288 56193 0
1740962290 54702 0
1740962292 55106 0
1740962294 56924 0
1740962296 59346 0
1740962298 56555 0
1740962300 61965 0
1740962302 55396 0
1740962304 54065 0
1740962306 61908 0
1740962308 57243 0
1740962310 55551 0
1740962312 62024 0
1740962314 59457 0
1740962316 56131 0
1740962318 55110 0
1740962320 56071 0
1740962322 56165 0
1740962324 56260 0
1740962326 56000 0
1740962328 55217 0
1740962330 55942 0
1740962332 55520 0
1740962334 55052 0
1740962336 55561 0
1740962338 54883 0
1740962340 55576 0
1740962342 55179 0
1740962344 55120 0
1740962346 55722 0
1740962348 55359 0
1740962350 55802 0
1740962352 55402 0
1740962354 55452 0
1740962356 55209 0
1740962358 55515 0
1740962360 55064 0
1740962362 55370 0
1740962364 55402 0
1740962366 55071 0
1740962368 55174 0
1740962370 55046 0
1740962372 55135 0
1740962374 55051 0
1740962376 56142 0
1740962378 55553 0
1740962380 55692 0
1740962382 55593 0
1740962384 55301 0
1740962386 55590 0
1740962388 55659 0
1740962390 55344 0
1740962392 56409 0
1740962394 56538 0
1740962396 54728 0
1740962398 55605 0
1740962400 54492 0
1740962402 54865 0
1740962404 55614 0
1740962406 54131 0
1740962408 55547 0
1740962410 55339 0
1740962412 54199 0
1740962414 55614 0
1740962416 54738 0
1740962418 55435 0
1740962420 54856 0
1740962422 55058 0
1740962424 55075 0
1740962426 54916 0
1740962428 55129 0
1740962430 55339 0
1740962432 55057 0
1740962434 55099 0
1740962436 55717 0
1740962438 55239 0
1740962440 55611 0
1740962442 55240 0
1740962444 54948 0
1740962446 55863 0
1740962448 55818 0
1740962450 55721 0
1740962452 55267 0
1740962454 55176 0
1740962456 55223 0
1740962458 55173 0
1740962460 55636 0
1740962462 55979 0
1740962464 55454 0
1740962466 55440 0
1740962468 55696 0
1740962470 55910 0
1740962472 55839 0
1740962474 55213 0
1740962476 56749 0
1740962478 57199 0
1740962480 55554 0
1740962482 55537 0
1740962484 55814 0
1740962486 56607 0
1740962488 56744 0
1740962490 56407 0
1740962492 54690 0
1740962494 60091 0
1740962496 56145 0
1740962498 55712 0
1740962500 54911 0
1740962502 54447 0
1740962504 59383 0
1740962506 55576 0
1740962508 54949 0
1740962510 56095 0
1740962512 55044 0
1740962514 54116 0
1740962516 55126 0
1740962518 55407 0
1740962520 55137 0
1740962522 55194 0
1740962524 54587 0
1740962527 55933 0
1740962529 55640 0
1740962531 55278 0
1740962533 54875 0
1740962535 55965 0
1740962537 55761 0
1740962539 55327 0
1740962541 55727 0
1740962543 55659 0
1740962545 54865 0
1740962547 55590 0
1740962549 55551 0
1740962551 60661 0
1740962553 55031 0
1740962555 54810 0
1740962557 54359 0
1740962559 56432 0
1740962561 61701 0
1740962563 58413 0
1740962565 57405 0
1740962567 57358 0
1740962569 56679 0
1740962571 56703 0
1740962573 55969 0
1740962575 55415 0
1740962577 56406 0
1740962579 55897 0
1740962581 56170 0
1740962583 55046 0
1740962585 56133 0
1740962587 55168 0
1740962589 55535 0
1740962591 54859 0
1740962593 54672 0
1740962595 55568 0
1740962597 55520 0
1740962599 55728 0
1740962601 55156 0
1740962603 55880 0
1740962605 55194 0
1740962607 55157 0
1740962609 55106 0
1740962611 54951 0
1740962613 54677 0
1740962615 56068 0
1740962617 55675 0
1740962619 55114 0
1740962621 55238 0
1740962623 55522 0
1740962625 54540 0
1740962627 55067 0
1740962629 54718 0
1740962631 55417 0
1740962633 55277 0
1740962635 55200 0
1740962637 55116 0
1740962639 55018 0
1740962641 55361 0
1740962643 55136 0
1740962645 55308 0
1740962647 55245 0
1740962649 55999 0
1740962651 55636 0
1740962653 55172 0
1740962655 56000 0
1740962657 55515 0
1740962659 56653 0
1740962661 55904 0
1740962663 55324 0
1740962665 55222 0
1740962667 54917 0
1740962669 54612 0
1740962671 55415 0
1740962673 55401 0
1740962675 55780 0
1740962677 55630 0
1740962679 56602 0
1740962681 55610 0
1740962683 55310 0
1740962685 55074 0
1740962687 54427 0
1740962689 56408 0
1740962691 55182 0
1740962693 56002 0
1740962695 55425 0
1740962697 58257 0
1740962699 56481 0
1740962701 55077 0
1740962703 55363 0
1740962705 55272 0
1740962707 56797 0
1740962709 55852 0
1740962711 56131 0
1740962713 55599 0
1740962715 55106 0
1740962717 54721 0
1740962719 54844 0
1740962721 55529 0
1740962723 55573 0
1740962725 56134 0
1740962727 55958 0
1740962729 55489 0
1740962731 55016 0
1740962733 55114 0
1740962735 55342 0
1740962737 55657 0
1740962739 54505 0
1740962741 54701 0
1740962743 55497 0
1740962745 55507 0
1740962747 55365 0
1740962749 55330 0
1740962751 57590 0
1740962753 61397 0
1740962755 55721 0
1740962757 58155 0
1740962759 54693 0
1740962761 55593 0
1740962763 55082 0
1740962765 54547 0
1740962767 55356 0
1740962769 55257 0
1740962771 56037 0
1740962773 55129 0
1740962775 55999 0
1740962777 54907 0
1740962779 55417 0
1740962781 55649 0
1740962783 55814 0
1740962785 56622 0
1740962787 56431 0
1740962789 56095 0
1740962791 55570 0
1740962793 56046 0
1740962795 55789 0
1740962797 55603 0
1740962799 55660 0
1740962801 54731 0
1740962803 55597 0
1740962805 55369 0
1740962807 56605 0
1740962809 56669 0
1740962811 55451 0
1740962813 55757 0
1740962815 55047 0
1740962817 55661 0
1740962819 55748 0
1740962821 55689 0
1740962823 55830 0
1740962825 55790 0
1740962827 55868 0
1740962829 55347 0
1740962831 56095 0
1740962833 54695 0
1740962835 55704 0
1740962837 56185 0
1740962839 56109 0
1740962841 55744 0
1740962844 55822 0
1740962846 55841 0
1740962848 56794 0
1740962850 54994 0
1740962852 54749 0
1740962854 55910 0
1740962856 53958 0
1740962858 55798 0
1740962860 55124 0
1740962862 54852 0
1740962864 55593 0
1740962866 55025 0
1740962868 55525 0
1740962870 55813 0
1740962872 54507 0
1740962874 54533 0
1740962876 54864 0
1740962878 54806 0
1740962880 55444 0
1740962882 55551 0
1740962884 55657 0
1740962886 55596 0
1740962888 54647 0
1740962890 55143 0
1740962892 55135 0
1740962894 55263 0
1740962896 56082 0
1740962898 54833 0
1740962900 55099 0
1740962902 55527 0
1740962904 56096 0
1740962906 55776 0
1740962908 56529 0
1740962910 55400 0
1740962912 56162 0
1740962914 54756 0
1740962916 55382 0
1740962918 54649 0
1740962920 55745 0
1740962922 55544 0
1740962924 54851 0
1740962926 57898 0
1740962928 55817 0
1740962930 55276 0
1740962932 56299 0
1740962934 55179 0
1740962936 55673 0
1740962938 55537 0
1740962940 55540 0
1740962942 56281 0
1740962944 55357 0
1740962946 56187 0
1740962948 56225 0
1740962950 56000 0
1740962952 55569 0
1740962954 56539 0
1740962956 56526 0
1740962958 55924 0
1740962960 55596 0
1740962962 60253 0
1740962964 56108 0
1740962966 56057 0
1740962968 55074 0
1740962970 54809 0
1740962972 54797 0
1740962974 54853 0
1740962976 54713 0
1740962978 54494 0
1740962980 55323 0
1740962982 54805 0
1740962984 54658 0
1740962986 55008 0
1740962988 55215 0
1740962990 55068 0
1740962992 55100 0
1740962994 55245 0
1740962996 54350 0
1740962998 55324 0
1740963000 54611 0
1740963002 55702 0
1740963004 54218 0
1740963006 54718 0
1740963008 55243 0
1740963010 55291 0
1740963012 54817 0
1740963014 55129 0
1740963016 55226 0
1740963018 54843 0
1740963020 55014 0
1740963022 54701 0
1740963024 54587 0
1740963026 54741 0
1740963028 54504 0
1740963030 54709 0
1740963032 54777 0
1740963034 55098 0
1740963036 54587 0
1740963038 55199 0
1740963040 54754 0
1740963042 55068 0
1740963044 54174 0
1740963046 55068 0
1740963048 54804 0
1740963050 54706 0
1740963052 54588 0
1740963054 55086 0
1740963056 54719 0
1740963058 54876 0
1740963060 54612 0
1740963062 55082 0
1740963064 54784 0
1740963066 54751 0
1740963068 55510 0
1740963070 54572 0
1740963072 55249 0
1740963074 54734 0
1740963076 55404 0
1740963078 55026 0
1740963080 54957 0
1740963082 55269 0
1740963084 55163 0
1740963086 54541 0
1740963088 55092 0
1740963090 54906 0
1740963092 54663 0
1740963094 55415 0
1740963096 54897 0
1740963098 55324 0
1740963100 54443 0
1740963102 55025 0
1740963104 55005 0
1740963106 54734 0
1740963108 55099 0
1740963110 55132 0
1740963112 54917 0
1740963114 54991 0
1740963116 54313 0
1740963118 54920 0
1740963120 54836 0
1740963122 55478 0
1740963124 55259 0
1740963126 54566 0
1740963128 54329 0
1740963130 54613 0
1740963132 54889 0
1740963134 54957 0
1740963136 54733 0
1740963138 55549 0
1740963140 54693 0
1740963142 54056 0
1740963144 54976 0
1740963146 54502 0
1740963148 54725 0
1740963150 54421 0
1740963152 55148 0
1740963154 54680 0
1740963156 54253 0
1740963159 55130 0
1740963161 55227 0
1740963163 54611 0
1740963165 55054 0
1740963167 55581 0
1740963169 55034 0
1740963171 54764 0
1740963173 55511 0
1740963175 55511 0
1740963177 55659 0
1740963179 55175 0
1740963181 54878 0
1740963183 54934 0
1740963185 54593 0
1740963187 54992 0
1740963189 55074 0
1740963191 54638 0
1740963193 55360 0
1740963195 55130 0
1740963197 55416 0
1740963199 54952 0
1740963201 54582 0
1740963203 54425 0
1740963205 54680 0
1740963207 54736 0
1740963209 54540 0
1740963211 54571 0
1740963213 54690 0
1740963215 55125 0
1740963217 54879 0
1740963219 55366 0
1740963221 54946 0
1740963223 54777 0
1740963225 54750 0
1740963227 54629 0
1740963229 54711 0
1740963231 55272 0
1740963233 55329 0
1740963235 54913 0
1740963237 54835 0
1740963239 54782 0
1740963241 55404 0
1740963243 55611 0
1740963245 55023 0
1740963247 55032 0
1740963249 54876 0
1740963251 54850 0
1740963253 55010 0
1740963255 54919 0
1740963257 55115 0
1740963259 54458 0
1740963261 54892 0
1740963263 54713 0
1740963265 55150 0
1740963267 54802 0
1740963269 54789 0
1740963271 55248 0
1740963273 55604 0
1740963275 54893 0
1740963277 54620 0
1740963279 54926 0
1740963281 61301 0
1740963283 55138 0
1740963285 60729 0
1740963287 61143 0
1740963289 55339 0
1740963291 55462 0
1740963293 55119 0
1740963295 55145 0
1740963297 55582 0
1740963299 55668 0
1740963301 54975 0
1740963303 55371 0
1740963305 55209 0
1740963307 56305 0
1740963309 56395 0
1740963311 59824 0
1740963313 56029 0
1740963315 56164 0
1740963317 56429 0
1740963319 55705 0
1740963321 55817 0
1740963323 55970 0
1740963325 55609 0
1740963327 56054 0
1740963329 56058 0
1740963331 55787 0
1740963333 55573 0
1740963335 55654 0
1740963337 55635 0
1740963339 55359 0
1740963341 56349 0
1740963343 56359 0
1740963345 55763 0
1740963347 56273 0
1740963349 55005 0
1740963351 56484 0
1740963353 56235 0
1740963355 54930 0
1740963357 55144 0
1740963359 55367 0
1740963361 55485 0
1740963363 55308 0
1740963365 55278 0
1740963367 55472 0
1740963369 55466 0
1740963371 55866 0
1740963373 55166 0
1740963375 55509 0
1740963377 56816 0
1740963379 56320 0
1740963381 55470 0
1740963383 55250 0
1740963385 55627 0
1740963387 55735 0
1740963389 55211 0
1740963391 55801 0
1740963393 55046 0
1740963395 55666 0
1740963397 54843 0
1740963399 55191 0
1740963401 55365 0
1740963403 55081 0
1740963405 54768 0
1740963407 54915 0
1740963409 55873 0
1740963411 55013 0
1740963413 54990 0
1740963415 54608 0
1740963417 54624 0
1740963419 55177 0
1740963421 55206 0
1740963423 55416 0
1740963425 55325 0
1740963427 55200 0
1740963429 54806 0
1740963431 55414 0
1740963433 55187 0
1740963435 54568 0
1740963437 55010 0
1740963439 55054 0
1740963441 55337 0
1740963443 55137 0
1740963445 54731 0
1740963447 54750 0
1740963449 55389 0
1740963451 55035 0
1740963453 55531 0
1740963455 55918 0
1740963457 55362 0
1740963459 55002 0
1740963461 54960 0
1740963463 55560 0
1740963465 57189 0
1740963467 55598 0
1740963469 56697 0
1740963472 56325 0
1740963474 56078 0
1740963476 56117 0
1740963478 55562 0
1740963480 55921 0
1740963482 56165 0
1740963484 54789 0
1740963486 55492 0
1740963488 54816 0
1740963490 55627 0
1740963492 55356 0
1740963494 56199 0
1740963496 56853 0
1740963498 56022 0
1740963500 55223 0
1740963502 55220 0
1740963504 56429 0
1740963506 56595 0
1740963508 55359 0
1740963510 54868 0
1740963512 55650 0
1740963514 54986 0
1740963516 55944 0
1740963518 55735 0
1740963520 55492 0
1740963522 55469 0
1740963524 56227 0
1740963526 55878 0
1740963528 55851 0
1740963530 55089 0
1740963532 55755 0
1740963534 55884 0
1740963536 56087 0
1740963538 55616 0
1740963540 55440 0
1740963542 55849 0
1740963544 55200 0
1740963546 55356 0
1740963548 55173 0
1740963550 55750 0
1740963552 54949 0
1740963554 55220 0
1740963556 55791 0
1740963558 55539 0
1740963560 55914 0
1740963562 55598 0
1740963564 55429 0
1740963566 55915 0
1740963568 55720 0
1740963570 55667 0
1740963572 55579 0
1740963574 55087 0
1740963576 55232 0
1740963578 55692 0
1740963580 55977 0
1740963582 55889 0
1740963584 55302 0
1740963586 55362 0
1740963588 55775 0
1740963590 55532 0
1740963592 55416 0
1740963594 56147 0
1740963596 55458 0
1740963598 55474 0
1740963600 55931 0
1740963602 54851 0
1740963604 55615 0
1740963606 55174 0
1740963608 55601 0
1740963610 55999 0
1740963612 55276 0
1740963614 55462 0
1740963616 55470 0
1740963618 55853 0
1740963620 56288 0
1740963622 55400 0
1740963624 54382 0
1740963626 55871 0
1740963628 54962 0
1740963630 54574 0
1740963632 54769 0
1740963634 56044 0
1740963636 55827 0
1740963638 55030 0
1740963640 54996 0
1740963642 55178 0
1740963644 55156 0
1740963646 55148 0
1740963648 55555 0
1740963650 55332 0
1740963652 55424 0
1740963654 54789 0
1740963656 54839 0
1740963658 54639 0
1740963660 55159 0
1740963662 55141 0
1740963664 54932 0
1740963666 54493 0
1740963668 54416 0
1740963670 54119 0
1740963672 55130 0
1740963674 54917 0
1740963676 55144 0
1740963678 54638 0
1740963680 54882 0
1740963682 54681 0
1740963684 54645 0
1740963686 54758 0
1740963688 54386 0
1740963690 55162 0
1740963692 54949 0
1740963694 54550 0
1740963696 54637 0
1740963698 54919 0
1740963700 55147 0
1740963702 54662 0
1740963704 54793 0
1740963706 54724 0
1740963708 54881 0
1740963710 54524 0
1740963712 54834 0
1740963714 54628 0
1740963716 54562 0
1740963718 54509 0
1740963720 54754 0
1740963722 54322 0
1740963724 54217 0
1740963726 54700 0
1740963728 54322 0
1740963730 54724 0
1740963732 54956 0
1740963734 54761 0
1740963736 55932 0
1740963738 54840 0
1740963740 54639 0
1740963742 55060 0
1740963744 54159 0
1740963746 54587 0
1740963748 55171 0
1740963750 55220 0
1740963752 55322 0
1740963754 57146 0
1740963756 55158 0
1740963758 55073 0
1740963760 54935 0
1740963762 54545 0
1740963764 54928 0
1740963766 54616 0
1740963768 55480 0
1740963770 54938 0
1740963772 55073 0
1740963774 55447 0
1740963776 54752 0
1740963778 54784 0
1740963780 55428 0
1740963782 54825 0
1740963785 54938 0
1740963787 54729 0
1740963789 54316 0
1740963791 54544 0
1740963793 54535 0
1740963795 54973 0
1740963797 54476 0
1740963799 54107 0
1740963801 54672 0
1740963803 54918 0
1740963805 54893 0
1740963807 54303 0
1740963809 54893 0
1740963811 54641 0
1740963813 54678 0
1740963815 54615 0
1740963817 54684 0
1740963819 54576 0
1740963821 55040 0
1740963823 54963 0
1740963825 54326 0
1740963827 54663 0
1740963829 54648 0
1740963831 54412 0
1740963833 54708 0
1740963835 54562 0
1740963837 55057 0
1740963839 54825 0
1740963841 54498 0
1740963843 55098 0
1740963845 54736 0
1740963847 54599 0
1740963849 54538 0
1740963851 54652 0
1740963853 54581 0
1740963855 54549 0
1740963857 54887 0
1740963859 54497 0
1740963861 54618 0
1740963863 55045 0
1740963865 54664 0
1740963867 55225 0
1740963869 55152 0
1740963871 54818 0
1740963873 54712 0
1740963875 55400 0
1740963877 54539 0
1740963879 55170 0
1740963881 54872 0
1740963883 55159 0
1740963885 54837 0
1740963887 55142 0
1740963889 55037 0
1740963891 55387 0
1740963893 54660 0
1740963895 54577 0
1740963897 54646 0
1740963899 54569 0
1740963901 54394 0
1740963903 54875 0
1740963905 55107 0
1740963907 54725 0
1740963909 54625 0
1740963911 54953 0
1740963913 54997 0
1740963915 55456 0
1740963917 55122 0
1740963919 55409 0
1740963921 55044 0
1740963923 54099 0
1740963925 54963 0
1740963927 54791 0
1740963929 55137 0
1740963931 54856 0
1740963933 54878 0
1740963935 55257 0
1740963937 54623 0
1740963939 55437 0
1740963941 54777 0
1740963943 54748 0
1740963945 54739 0
1740963947 55510 0
1740963949 54141 0
1740963951 55355 0
1740963953 54744 0
1740963955 54812 0
1740963957 54893 0
1740963959 55030 0
1740963961 54825 0
1740963963 54813 0
1740963965 54820 0
1740963967 55052 0
1740963969 54213 0
1740963971 55916 0
1740963973 55396 0
1740963975 55699 0
1740963977 55076 0
1740963979 55048 0
1740963981 54638 0
1740963983 55237 0
1740963985 54849 0
1740963987 54652 0
1740963989 54987 0
1740963991 54612 0
1740963993 54805 0
1740963995 55067 0
1740963997 54645 0
1740963999 53998 0
1740964001 54561 0
1740964003 54790 0
1740964005 53738 0
1740964007 54529 0
1740964009 55184 0
1740964011 54888 0
1740964013 54988 0
1740964015 54598 0
1740964017 55236 0
1740964019 53687 0
1740964021 54679 0
1740964023 55128 0
1740964025 54401 0
1740964027 53583 0
1740964029 54275 0
1740964031 54761 0
1740964033 54575 0
1740964035 54720 0
1740964037 54481 0
1740964039 54551 0
1740964041 54749 0
1740964043 54199 0
1740964045 54564 0
1740964047 54840 0
1740964049 54386 0
1740964051 54269 0
1740964053 54277 0
1740964055 54971 0
1740964057 54352 0
1740964059 54248 0
1740964061 53724 0
1740964063 54915 0
1740964065 54548 0
1740964067 54931 0
1740964069 54646 0
1740964071 54420 0
1740964073 54205 0
1740964075 54469 0
1740964077 54221 0
1740964079 54700 0
1740964081 54603 0
1740964083 54080 0
1740964085 54319 0
1740964087 54573 0
1740964089 54419 0
1740964091 54270 0
1740964093 54872 0
1740964096 54358 0
1740964098 54396 0
1740964100 54834 0
1740964102 54327 0
1740964104 54842 0
1740964106 55215 0
1740964108 54696 0
1740964110 54186 0
1740964112 55018 0
1740964114 53853 0
1740964116 54611 0
1740964118 54334 0
1740964120 54634 0
1740964122 53767 0
1740964124 54448 0
1740964126 54144 0
1740964128 54346 0
1740964130 53885 0
1740964132 55917 0
1740964134 59716 0
1740964136 55335 0
1740964138 55178 0
1740964140 60693 0
1740964142 55689 0
1740964144 55353 0
1740964146 55961 0
1740964148 54600 0
1740964150 55001 0
1740964152 55429 0
1740964154 55179 0
1740964156 54730 0
1740964158 55776 0
1740964160 54971 0
1740964162 56121 0
1740964164 55664 0
1740964166 55438 0
1740964168 54883 0
1740964170 55889 0
1740964172 55470 0
1740964174 55020 0
1740964176 55397 0
1740964178 54330 0
1740964180 55327 0
1740964182 55297 0
1740964184 55275 0
1740964186 55009 0
1740964188 55201 0
1740964190 54717 0
1740964192 55163 0
1740964194 55259 0
1740964196 54941 0
1740964198 55025 0
1740964200 55307 0
1740964202 55291 0
1740964204 55100 0
1740964206 55121 0
1740964208 55192 0
1740964210 55465 0
1740964212 54964 0
1740964214 55025 0
1740964216 55642 0
1740964218 55502 0
1740964220 54883 0
1740964222 55205 0
1740964224 55110 0
1740964226 55570 0
1740964228 54896 0
1740964230 55098 0
1740964232 54414 0
1740964234 55637 0
1740964236 55696 0
1740964238 55229 0
1740964240 54667 0
1740964242 54995 0
1740964244 55099 0
1740964246 55688 0
1740964248 54880 0
1740964250 55219 0
1740964252 55457 0
1740964254 54933 0
1740964256 55379 0
1740964258 55523 0
1740964260 55224 0
1740964262 55284 0
1740964264 55165 0
1740964266 55498 0
1740964268 55357 0
1740964270 54853 0
1740964272 55288 0
1740964274 55622 0
1740964276 55567 0
1740964278 55366 0
1740964280 54862 0
1740964282 55295 0
1740964284 55072 0
1740964286 55502 0
1740964288 54979 0
1740964290 54886 0
1740964292 55406 0
1740964294 55563 0
1740964296 55402 0
1740964298 55547 0
1740964300 55078 0
1740964302 55210 0
1740964304 54974 0
1740964306 55502 0
1740964308 54919 0
1740964310 54908 0
1740964312 55078 0
1740964314 54954 0
1740964316 54792 0
1740964318 55116 0
1740964320 54541 0
1740964322 54962 0
1740964324 55215 0
1740964326 54502 0
1740964328 55249 0
1740964330 54657 0
1740964332 55758 0
1740964334 54749 0
1740964336 55385 0
1740964338 54875 0
1740964340 55467 0
1740964342 54795 0
1740964344 55853 0
1740964346 54999 0
1740964348 55001 0
1740964350 55510 0
1740964352 54970 0
1740964354 55461 0
1740964356 54662 0
1740964358 55024 0
1740964360 55532 0
1740964362 55319 0
1740964364 56225 0
1740964366 56189 0
1740964368 55660 0
1740964370 55301 0
1740964372 54746 0
1740964374 54527 0
1740964376 53973 0
1740964378 54916 0
1740964380 54164 0
1740964382 54969 0
1740964384 54768 0
1740964386 54588 0
1740964388 54893 0
1740964390 54864 0
1740964392 54783 0
1740964394 54424 0
1740964396 54824 0
1740964398 54681 0
1740964400 54955 0
1740964402 54755 0
1740964405 55453 0
1740964407 55473 0
1740964409 54990 0
1740964411 55012 0
1740964413 55059 0
1740964415 55118 0
1740964417 54872 0
1740964419 55269 0
1740964421 54950 0
1740964423 54904 0
1740964425 55122 0
1740964427 54986 0
1740964429 54957 0
1740964431 55486 0
1740964433 54880 0
1740964435 55338 0
1740964437 54466 0
1740964439 54556 0
1740964441 55119 0
1740964443 54996 0
1740964445 55644 0
1740964447 54545 0
1740964449 54823 0
1740964451 54979 0
1740964453 55024 0
1740964455 55563 0
1740964457 55100 0
1740964459 54728 0
1740964461 54614 0
1740964463 55395 0
1740964465 54758 0
1740964467 54687 0
1740964469 54444 0
1740964471 55034 0
1740964473 54086 0
1740964475 54953 0
1740964477 54914 0
1740964479 55158 0
1740964481 55110 0
1740964483 55192 0
1740964485 54957 0
1740964487 54721 0
1740964489 55095 0
1740964491 54680 0
1740964493 54868 0
1740964495 54639 0
1740964497 54998 0
1740964499 54692 0
1740964501 54935 0
1740964503 54811 0
1740964505 54636 0
1740964507 54475 0
1740964509 54957 0
1740964511 54271 0
1740964513 54985 0
1740964515 54975 0
1740964517 55080 0
1740964519 54617 0
1740964521 55013 0
1740964523 55136 0
1740964525 55074 0
1740964527 54754 0
1740964529 55195 0
1740964531 54555 0
1740964533 54698 0
1740964535 54709 0
1740964537 55335 0
1740964539 54831 0
1740964541 54355 0
1740964543 55201 0
1740964545 54410 0
1740964547 54578 0
1740964549 55300 0
1740964551 55309 0
1740964553 55469 0
1740964555 54819 0
1740964557 55076 0
1740964559 55080 0
1740964561 54840 0
1740964563 55046 0
1740964565 54791 0
1740964567 54774 0
1740964569 55052 0
1740964571 55014 0
1740964573 54864 0
1740964575 54945 0
1740964577 54993 0
1740964579 55422 0
1740964581 54711 0
1740964583 55482 0
1740964585 56285 0
1740964587 55482 0
1740964589 55591 0
1740964591 55938 0
1740964593 55811 0
1740964595 55582 0
1740964597 55307 0
1740964599 55199 0
1740964601 55310 0
1740964603 55368 0
1740964605 55013 0
1740964607 55106 0
1740964609 55043 0
1740964611 55619 0
1740964613 55314 0
1740964615 55235 0
1740964617 54539 0
1740964619 55089 0
1740964621 55166 0
1740964623 54923 0
1740964625 54583 0
1740964627 54247 0
1740964629 54861 0
1740964631 54543 0
1740964633 54787 0
1740964635 54682 0
1740964637 55492 0
1740964639 55168 0
1740964641 54873 0
1740964643 55153 0
1740964645 54944 0
1740964647 55177 0
1740964649 55470 0
1740964651 54562 0
1740964653 55362 0
1740964655 54890 0
1740964657 54978 0
1740964659 55045 0
1740964661 55105 0
1740964663 54721 0
1740964665 54722 0
1740964667 54899 0
1740964669 55172 0
1740964671 54434 0
1740964673 54513 0
1740964675 54437 0
1740964677 55050 0
1740964679 55584 0
1740964681 54564 0
1740964683 54493 0
1740964685 54762 0
1740964687 55525 0
1740964689 54487 0
1740964691 55005 0
1740964693 54983 0
1740964695 55151 0
1740964697 55297 0
1740964699 54981 0
1740964701 55413 0
1740964703 54962 0
1740964705 54527 0
1740964707 54697 0
1740964709 55136 0
1740964711 55097 0
1740964713 55140 0
1740964715 55901 0
1740964718 54443 0
1740964720 54206 0
1740964722 54301 0
1740964724 55023 0
1740964726 54153 0
1740964728 54495 0
1740964730 54782 0
1740964732 55180 0
1740964734 54242 0
1740964736 54471 0
1740964738 55686 0
1740964740 54516 0
1740964742 54827 0
1740964744 54539 0
1740964746 54073 0
1740964748 54641 0
1740964750 54237 0
1740964752 55058 0
1740964754 54320 0
1740964756 54213 0
1740964758 54623 0
1740964760 54119 0
1740964762 54585 0
1740964764 54454 0
1740964766 54785 0
1740964768 54134 0
1740964770 55434 0
1740964772 55003 0
1740964774 54821 0
1740964776 54935 0
1740964778 54991 0
1740964780 54308 0
1740964782 54668 0
1740964784 54615 0
1740964786 54371 0
1740964788 54662 0
1740964790 54417 0
1740964792 54798 0
1740964794 54227 0
1740964796 55102 0
1740964798 54679 0
1740964800 54822 0
1740964802 54155 0
1740964804 54910 0
1740964806 54544 0
1740964808 54937 0
1740964810 54720 0
1740964812 54254 0
1740964814 54962 0
1740964816 54756 0
1740964818 54929 0
1740964820 54983 0
1740964822 54739 0
1740964824 54800 0
1740964826 54459 0
1740964828 54678 0
1740964830 55101 0
1740964832 54332 0
1740964834 54555 0
1740964836 54823 0
1740964838 54802 0
1740964840 54588 0
1740964842 54410 0
1740964844 54183 0
1740964846 54692 0
1740964848 54439 0
1740964850 54818 0
1740964852 54403 0
1740964854 55133 0
1740964856 54460 0
1740964858 53922 0
1740964860 54694 0
1740964862 54424 0
1740964864 54394 0
1740964866 54777 0
1740964868 54661 0
1740964870 54738 0
1740964872 55000 0
1740964874 53811 0
1740964876 54419 0
1740964878 54521 0
1740964880 54689 0
1740964882 53841 0
1740964884 54761 0
1740964886 54440 0
1740964888 54721 0
1740964890 54514 0
1740964892 54447 0
1740964894 56777 0
1740964896 55105 0
1740964898 54290 0
1740964900 55164 0
1740964902 55323 0
1740964904 54772 0
1740964906 55341 0
1740964908 55004 0
1740964910 55415 0
1740964912 55015 0
1740964914 55187 0
1740964916 55676 0
1740964918 55349 0
1740964920 54817 0
1740964922 55206 0
1740964924 54732 0
1740964926 54694 0
1740964928 55211 0
1740964930 55226 0
1740964932 54801 0
1740964934 54800 0
1740964936 54952 0
1740964938 54437 0
1740964940 54814 0
1740964942 55032 0
1740964944 54504 0
1740964946 54876 0
1740964948 54345 0
1740964950 54839 0
1740964952 54431 0
1740964954 55275 0
1740964956 54602 0
1740964958 54352 0
1740964960 55149 0
1740964962 54426 0
1740964964 54568 0
1740964966 54409 0
1740964968 54417 0
1740964970 54193 0
1740964972 54481 0
1740964974 54280 0
1740964976 55144 0
1740964978 54242 0
1740964980 54438 0
1740964982 54252 0
1740964984 54592 0
1740964986 54135 0
1740964988 54477 0
1740964990 54573 0
1740964992 54177 0
1740964994 54352 0
1740964996 54164 0
1740964998 54650 0
1740965000 54865 0
1740965002 54788 0
1740965004 54580 0
1740965006 54852 0
1740965008 54613 0
1740965010 55234 0
1740965012 55115 0
1740965014 55166 0
1740965016 54937 0
1740965018 54682 0
1740965020 54714 0
1740965022 54904 0
1740965024 54585 0
1740965026 54575 0
1740965028 55001 0
1740965030 55042 0
1740965033 54610 0
1740965035 54634 0
1740965037 54634 0
1740965039 54676 0
1740965041 54318 0
1740965043 54930 0
1740965045 54582 0
1740965047 54528 0
1740965049 54770 0
1740965051 54407 0
1740965053 54951 0
1740965055 54704 0
1740965057 54807 0
1740965059 55110 0
1740965061 54921 0
1740965063 54830 0
1740965065 55004 0
1740965067 54651 0
1740965069 54718 0
1740965071 55062 0
1740965073 54654 0
1740965075 54343 0
1740965077 54485 0
1740965079 58008 0
1740965081 55603 0
1740965083 54839 0
1740965085 55115 0
1740965087 55088 0
1740965089 56381 0
1740965091 55088 0
1740965093 54976 0
1740965095 54617 0
1740965097 54556 0
1740965099 54960 0
1740965101 54884 0
1740965103 55172 0
1740965105 54308 0
1740965107 54762 0
1740965109 54803 0
1740965111 54341 0
1740965113 54790 0
1740965115 54141 0
1740965117 54383 0
1740965119 55242 0
1740965121 55350 0
1740965123 55412 0
1740965125 54350 0
1740965127 54449 0
1740965129 54056 0
1740965131 54346 0
1740965133 54768 0
1740965135 54318 0
1740965137 54498 0
1740965139 55566 0
1740965141 54652 0
1740965143 54745 0
1740965145 54700 0
1740965147 54507 0
1740965149 55239 0
1740965151 54553 0
1740965153 54466 0
1740965155 54842 0
1740965157 54406 0
1740965159 54463 0
1740965161 54802 0
1740965163 54251 0
1740965165 55427 0
1740965167 55696 0
1740965169 54791 0
1740965171 56090 0
1740965173 54563 0
1740965175 55010 0
1740965177 55716 0
1740965179 55833 0
1740965181 55114 0
1740965183 54588 0
1740965185 53940 0
1740965187 55531 0
1740965189 54895 0
1740965191 55110 0
1740965193 55739 0
1740965195 55183 0
1740965197 55662 0
1740965199 54456 0
1740965201 54866 0
1740965203 54715 0
1740965205 55614 0
1740965207 55303 0
1740965209 54139 0
1740965211 55005 0
1740965213 54968 0
1740965215 55229 0
1740965217 54818 0
1740965219 55066 0
1740965221 55353 0
1740965223 55347 0
1740965225 55538 0
1740965227 54567 0
1740965229 54461 0
1740965231 54398 0
1740965233 55426 0
1740965235 54837 0
1740965237 53777 0
1740965239 55272 0
1740965241 56359 0
1740965243 55616 0
1740965245 54274 0
1740965247 55608 0
1740965249 56329 0
1740965251 55061 0
1740965253 55190 0
1740965255 54136 0
1740965257 54727 0
1740965259 54188 0
1740965261 55290 0
1740965263 54604 0
1740965265 54424 0
1740965267 54848 0
1740965269 54691 0
1740965271 54543 0
1740965273 54276 0
1740965275 54833 0
1740965277 55048 0
1740965279 54798 0
1740965281 54622 0
1740965283 55087 0
1740965285 54543 0
1740965287 54858 0
1740965289 54261 0
1740965291 54527 0
1740965293 54748 0
1740965295 54189 0
1740965297 54498 0
1740965299 54499 0
1740965301 54784 0
1740965303 54840 0
1740965305 54432 0
1740965307 55709 0
1740965309 54089 0
1740965311 54831 0
1740965313 55585 0
1740965315 53724 0
1740965317 54696 0
1740965319 54536 0
1740965321 54361 0
1740965323 54418 0
1740965325 53991 0
1740965327 60000 0
1740965329 60170 0
1740965331 55557 0
1740965333 55200 0
1740965335 54853 0
1740965337 54391 0
1740965339 54569 0
1740965341 54380 0
1740965343 55233 0
1740965345 54270 0
1740965347 54035 0
1740965350 54530 0
1740965352 54237 0
1740965354 54164 0
1740965356 54786 0
1740965358 54294 0
1740965360 54566 0
1740965362 54759 0
1740965364 53998 0
1740965366 54317 0
1740965368 54131 0
1740965370 54461 0
1740965372 54533 0
1740965374 54738 0
1740965376 54532 0
1740965378 54625 0
1740965380 54091 0
1740965382 54765 0
1740965384 55134 0
1740965386 54575 0
1740965388 60116 0
1740965390 54850 0
1740965392 54118 0
1740965394 54740 0
1740965396 54516 0
1740965398 53921 0
1740965400 55726 0
1740965402 53359 0
1740965404 54361 0
1740965406 53832 0
1740965408 53850 0
1740965410 54828 0
1740965412 54199 0
1740965414 54751 0
1740965416 54564 0
1740965418 54944 0
1740965420 54989 0
1740965422 55039 0
1740965424 54672 0
1740965426 54790 0
1740965428 54804 0
1740965430 54979 0
1740965432 55107 0
1740965434 55133 0
1740965436 55337 0
1740965438 54663 0
1740965440 54891 0
1740965442 54329 0
1740965444 54521 0
1740965446 55321 0
1740965448 54562 0
1740965450 54613 0
1740965452 54064 0
1740965454 54423 0
1740965456 53857 0
1740965458 54558 0
1740965460 54362 0
1740965462 54006 0
1740965464 54439 0
1740965466 54585 0
1740965468 54465 0
1740965470 54671 0
1740965472 54752 0
1740965474 54659 0
1740965476 54619 0
1740965478 54050 0
1740965480 53732 0
1740965482 54098 0
1740965484 55951 0
1740965486 56915 0
1740965488 54541 0
1740965490 54375 0
1740965492 54589 0
1740965494 55096 0
1740965496 54148 0
1740965498 55316 0
1740965500 55068 0
1740965502 55036 0
1740965504 54993 0
1740965506 55963 0
1740965508 53849 0
1740965510 54559 0
1740965512 55206 0
1740965514 55314 0
1740965516 54091 0
1740965518 54890 0
1740965520 53738 0
1740965522 55456 0
1740965524 54767 0
1740965526 55328 0
1740965528 54996 0
1740965530 54887 0
1740965532 55502 0
1740965534 55290 0
1740965536 55043 0
1740965538 54273 0
1740965540 54441 0
1740965542 55391 0
1740965544 58073 0
1740965546 54411 0
1740965548 54755 0
1740965550 54389 0
1740965552 54402 0
1740965554 55178 0
1740965556 54520 0
1740965558 54645 0
1740965560 54346 0
1740965562 55030 0
1740965564 54543 0
1740965566 54828 0
1740965568 54052 0
1740965570 54018 0
1740965572 54118 0
1740965574 55010 0
1740965576 54871 0
1740965578 55011 0
1740965580 54300 0
1740965582 54390 0
1740965584 54335 0
1740965586 54557 0
1740965588 54410 0
1740965590 54112 0
1740965592 54540 0
1740965594 54795 0
1740965596 54755 0
1740965598 54642 0
1740965600 54203 0
1740965602 54314 0
1740965604 54095 0
1740965606 54139 0
1740965608 54767 0
1740965610 54260 0
1740965612 54252 0
1740965614 54630 0
1740965616 53949 0
1740965618 54075 0
1740965620 54328 0
1740965622 54135 0
1740965624 54401 0
1740965626 54366 0
1740965628 54762 0
1740965630 54704 0
1740965632 54945 0
1740965634 54464 0
1740965636 54716 0
1740965638 54495 0
1740965640 54352 0
1740965642 54680 0
1740965644 54551 0
1740965646 55055 0
1740965648 55070 0
1740965650 54838 0
1740965652 53989 0
1740965654 54417 0
1740965656 54281 0
1740965658 54075 0
1740965660 54338 0
1740965663 54866 0
1740965665 54705 0
1740965667 54653 0
1740965669 54786 0
1740965671 54501 0
1740965673 53728 0
1740965675 53991 0
1740965677 54443 0
1740965679 54235 0
1740965681 54533 0
1740965683 54019 0
1740965685 54881 0
1740965687 53965 0
1740965689 54427 0
1740965691 55562 0
1740965693 54415 0
1740965695 54192 0
1740965697 53750 0
1740965699 54261 0
1740965701 54730 0
1740965703 54421 0
1740965705 54164 0
1740965707 54108 0
1740965709 53795 0
1740965711 54135 0
1740965713 54775 0
1740965715 53917 0
1740965717 54659 0
1740965719 53708 0
1740965721 54218 0
1740965723 54422 0
1740965725 54085 0
1740965727 54233 0
1740965729 54350 0
1740965731 54687 0
1740965733 54598 0
1740965735 54008 0
1740965737 54635 0
1740965739 54297 0
1740965741 54505 0
1740965743 54820 0
1740965745 54319 0
1740965747 54770 0
1740965749 54399 0
1740965751 54440 0
1740965753 53868 0
1740965755 53834 0
1740965757 54519 0
1740965759 57575 0
1740965761 54963 0
1740965763 54111 0
1740965765 54314 0
1740965767 54792 0
1740965769 54556 0
1740965771 54901 0
1740965773 55022 0
1740965775 55191 0
1740965777 55054 0
1740965779 54901 0
1740965781 54823 0
1740965783 54917 0
1740965785 54229 0
1740965787 54844 0
1740965789 55333 0
1740965791 54948 0
1740965793 54863 0
1740965795 55101 0
1740965797 54785 0
1740965799 54433 0
1740965801 54757 0
1740965803 54864 0
1740965805 54915 0
1740965807 54601 0
1740965809 54628 0
1740965811 54518 0
1740965813 54762 0
1740965815 54518 0
1740965817 54875 0
1740965819 54369 0
1740965821 54323 0
1740965823 54598 0
1740965825 54443 0
1740965827 54536 0
1740965829 54237 0
1740965831 53938 0
1740965833 54691 0
1740965835 53994 0
1740965837 54247 0
1740965839 54262 0
1740965841 53970 0
1740965843 54494 0
1740965845 54115 0
1740965847 54439 0
1740965849 55186 0
1740965851 55077 0
1740965853 53896 0
1740965855 54386 0
1740965857 54466 0
1740965859 54492 0
1740965861 54423 0
1740965863 53988 0
1740965865 54072 0
1740965867 54731 0
1740965869 54252 0
1740965871 54421 0
1740965873 54245 0
1740965875 53992 0
1740965877 54347 0
1740965879 54484 0
1740965881 54434 0
1740965883 54810 0
1740965885 54257 0
1740965887 54877 0
1740965889 54844 0
1740965891 54816 0
1740965893 54110 0
1740965895 54269 0
1740965897 54190 0
1740965899 53850 0
1740965901 54296 0
1740965903 54192 0
1740965905 54547 0
1740965907 54554 0
1740965909 54627 0
1740965911 54300 0
1740965913 54783 0
1740965915 54945 0
1740965917 54575 0
1740965919 54909 0
1740965921 53825 0
1740965923 54016 0
1740965925 54323 0
1740965927 55294 0
1740965929 54759 0
1740965931 54013 0
1740965933 54731 0
1740965935 54565 0
1740965937 54059 0
1740965939 55414 0
1740965941 55437 0
1740965943 54406 0
1740965945 54742 0
1740965947 55058 0
1740965949 54967 0
1740965951 54929 0
1740965953 55106 0
1740965955 54712 0
1740965957 54216 0
1740965959 54801 0
1740965961 54907 0
1740965963 55565 0
1740965965 55083 0
1740965967 54900 0
1740965969 55232 0
1740965971 54775 0
1740965973 54606 0
1740965975 54234 0
1740965977 54399 0
1740965980 54758 0
1740965982 54728 0
1740965984 56676 0
1740965986 54673 0
1740965988 59569 0
1740965990 58332 0
1740965992 54941 0
1740965994 54790 0
1740965996 54859 0
1740965998 54830 0
1740966000 54774 0
1740966002 54836 0
1740966004 55181 0
1740966006 54491 0
1740966008 54789 0
1740966010 54583 0
1740966012 54302 0
1740966014 55033 0
1740966016 55059 0
1740966018 54665 0
1740966020 54551 0
1740966022 54870 0
1740966024 55831 0
1740966026 55105 0
1740966028 55483 0
1740966030 55197 0
1740966032 54695 0
1740966034 54831 0
1740966036 55516 0
1740966038 55218 0
1740966040 54854 0
1740966042 54360 0
1740966044 55185 0
1740966046 56545 0
1740966048 56003 0
1740966050 55496 0
1740966052 54797 0
1740966054 55467 0
1740966056 55444 0
1740966058 55889 0
1740966060 55454 0
1740966062 54891 0
1740966064 54645 0
1740966066 54635 0
1740966068 55200 0
1740966070 54763 0
1740966072 54722 0
1740966074 56199 0
1740966076 55819 0
1740966078 54428 0
1740966080 54963 0
1740966082 54781 0
1740966084 54482 0
1740966086 54682 0
1740966088 54779 0
1740966090 54581 0
1740966092 53954 0
1740966094 54851 0
1740966096 54674 0
1740966098 54966 0
1740966100 55334 0
1740966102 54964 0
1740966104 54024 0
1740966106 55054 0
1740966108 54736 0
1740966110 54416 0
1740966112 53722 0
1740966114 55263 0
1740966116 53885 0
1740966118 54660 0
1740966120 54308 0
1740966122 54942 0
1740966124 55101 0
1740966126 54566 0
1740966128 54262 0
1740966130 55226 0
1740966132 54416 0
1740966134 54520 0
1740966136 54350 0
1740966138 54023 0
1740966140 54640 0
1740966142 55054 0
1740966144 54667 0
1740966146 54548 0
1740966148 54318 0
1740966150 54474 0
1740966152 54846 0
1740966154 54887 0
1740966156 54473 0
1740966158 54160 0
1740966160 54285 0
1740966162 54189 0
1740966164 54528 0
1740966166 54462 0
1740966168 54525 0
1740966170 54468 0
1740966172 54976 0
1740966174 54492 0
1740966176 54499 0
1740966178 53932 0
1740966180 54176 0
1740966182 54485 0
1740966184 54176 0
1740966186 54461 0
1740966188 54928 0
1740966190 54328 0
1740966192 54713 0
1740966194 54312 0
1740966196 54969 0
1740966198 54013 0
1740966200 54622 0
1740966202 54301 0
1740966204 55211 0
1740966206 55389 0
1740966208 54268 0
1740966210 55424 0
1740966212 54241 0
1740966214 54547 0
1740966216 54627 0
1740966218 54381 0
1740966220 54663 0
1740966222 54612 0
1740966224 54133 0
1740966226 55607 0
1740966228 55477 0
1740966230 58001 0
1740966232 53998 0
1740966234 55401 0
1740966236 55958 0
1740966238 54765 0
1740966240 54082 0
1740966242 55019 0
1740966244 54603 0
1740966246 55557 0
1740966248 55481 0
1740966250 54953 0
1740966252 55313 0
1740966254 54916 0
1740966256 55290 0
1740966258 55380 0
1740966260 54955 0
1740966262 54598 0
1740966264 54865 0
1740966266 54262 0
1740966268 55225 0
1740966270 54597 0
1740966272 54980 0
1740966274 55058 0
1740966276 55376 0
1740966278 58615 0
1740966280 55162 0
1740966282 56039 0
1740966284 55770 0
1740966286 55980 0
1740966288 55759 0
1740966290 54600 0
1740966292 54201 0
1740966295 55590 0
1740966297 55561 0
1740966299 54861 0
1740966301 54693 0
1740966303 55059 0
1740966305 54154 0
1740966307 54347 0
1740966309 54632 0
1740966311 54033 0
1740966313 55811 0
1740966315 55623 0
1740966317 55718 0
1740966319 55716 0
1740966321 54362 0
1740966323 55911 0
1740966325 54956 0
1740966327 55919 0
1740966329 54968 0
1740966331 54953 0
1740966333 54776 0
1740966335 53152 0
1740966337 54992 0
1740966339 54639 0
1740966341 54939 0
1740966343 55510 0
1740966345 55314 0
1740966347 55013 0
1740966349 54780 0
1740966351 54976 0
1740966353 55292 0
1740966355 54996 0
1740966357 54692 0
1740966359 54758 0
1740966361 55258 0
1740966363 55250 0
1740966365 55030 0
1740966367 54970 0
1740966369 54416 0
1740966371 55137 0
1740966373 54639 0
1740966375 55173 0
1740966377 54977 0
1740966379 55024 0
1740966381 54974 0
1740966383 54529 0
1740966385 55545 0
1740966387 54447 0
1740966389 54819 0
1740966391 54821 0
1740966393 55182 0
1740966395 54679 0
1740966397 54922 0
1740966399 54936 0
1740966401 55098 0
1740966403 55087 0
1740966405 54778 0
1740966407 54969 0
1740966409 55084 0
1740966411 54933 0
1740966413 55076 0
1740966415 55522 0
1740966417 54521 0
1740966419 54478 0
1740966421 54625 0
1740966423 54539 0
1740966425 54914 0
1740966427 54690 0
1740966429 55199 0
1740966431 55137 0
1740966433 55014 0
1740966435 54581 0
1740966437 54411 0
1740966439 54556 0
1740966441 54830 0
1740966443 54619 0
1740966445 55106 0
1740966447 54899 0
1740966449 54563 0
1740966451 55660 0
1740966453 60446 0
1740966455 54494 0
1740966457 55764 0
1740966459 59137 0
1740966461 56625 0
1740966463 55792 0
1740966465 55862 0
1740966467 54912 0
1740966469 54870 0
1740966471 55478 0
1740966473 55348 0
1740966475 54628 0
1740966477 55224 0
1740966479 54726 0
1740966481 55809 0
1740966483 55019 0
1740966485 55084 0
1740966487 55720 0
1740966489 54633 0
1740966491 55449 0
1740966493 54565 0
1740966495 55206 0
1740966497 56580 0
1740966499 55099 0
1740966501 54929 0
1740966503 52266 0
1740966505 53944 0
1740966507 54234 0
1740966509 54394 0
1740966511 55480 0
1740966513 55209 0
1740966515 55016 0
1740966517 53847 0
1740966519 55560 0
1740966521 55248 0
1740966523 55704 0
1740966525 54210 0
1740966527 54939 0
1740966529 55577 0
1740966531 55198 0
1740966533 54904 0
1740966535 55004 0
1740966537 55291 0
1740966539 56013 0
1740966541 55920 0
1740966543 55074 0
1740966545 54902 0
1740966547 55060 0
1740966549 54683 0
1740966551 55001 0
1740966553 55057 0
1740966555 54993 0
1740966557 54812 0
1740966559 54673 0
1740966561 54534 0
1740966563 55673 0
1740966565 55179 0
1740966567 55025 0
1740966569 54379 0
1740966571 54593 0
1740966573 54620 0
1740966575 54566 0
1740966577 54656 0
1740966579 54841 0
1740966581 54628 0
1740966583 55143 0
1740966585 54479 0
1740966587 54295 0
1740966589 54734 0
1740966591 54866 0
1740966593 55259 0
1740966595 54917 0
1740966597 54419 0
1740966599 55132 0
1740966601 55107 0
1740966603 54382 0
1740966605 54528 0
1740966608 53624 0
1740966610 54477 0
1740966612 54366 0
1740966614 55075 0
1740966616 54940 0
1740966618 54650 0
1740966620 55049 0
1740966622 54117 0
1740966624 54667 0
1740966626 55138 0
1740966628 54426 0
1740966630 54917 0
1740966632 54909 0
1740966634 54417 0
1740966636 55066 0
1740966638 54100 0
1740966640 54591 0
1740966642 55112 0
1740966644 54803 0
1740966646 54246 0
1740966648 54742 0
1740966650 54835 0
1740966652 54200 0
1740966654 54687 0
1740966656 53699 0
1740966658 54243 0
1740966660 55023 0
1740966662 53406 0
1740966664 54602 0
1740966666 54014 0
1740966668 54711 0
1740966670 55518 0
1740966672 54510 0
1740966674 54943 0
1740966676 61531 0
1740966678 59268 0
1740966680 58536 0
1740966682 55616 0
1740966684 54674 0
1740966686 54996 0
1740966688 55265 0
1740966690 55497 0
1740966692 56303 0
1740966694 55115 0
1740966696 54363 0
1740966698 54300 0
1740966700 54919 0
1740966702 55192 0
1740966704 55280 0
1740966706 55369 0
1740966708 55633 0
1740966710 55594 0
1740966712 55000 0
1740966714 54963 0
1740966716 55055 0
1740966718 56170 0
1740966720 57423 0
1740966722 55623 0
1740966724 55467 0
1740966726 55600 0
1740966728 54996 0
1740966730 55056 0
1740966732 54951 0
1740966734 54709 0
1740966736 55382 0
1740966738 55134 0
1740966740 55133 0
1740966742 54820 0
1740966744 54933 0
1740966746 55335 0
1740966748 55071 0
1740966750 54910 0
1740966752 56598 0
1740966754 55079 0
1740966756 56116 0
1740966758 54849 0
1740966760 55694 0
1740966762 55097 0
1740966764 55084 0
1740966766 54802 0
1740966768 54851 0
1740966770 55019 0
1740966772 55346 0
1740966774 55221 0
1740966776 55211 0
1740966778 54613 0
1740966780 54070 0
1740966782 55501 0
1740966784 55215 0
1740966786 55724 0
1740966788 55024 0
1740966790 54650 0
1740966792 54902 0
1740966794 55033 0
1740966796 54786 0
1740966798 55577 0
1740966800 54788 0
1740966802 55159 0
1740966804 54350 0
1740966806 55491 0
1740966808 54748 0
1740966810 54844 0
1740966812 55648 0
1740966814 55298 0
1740966816 57706 0
1740966818 62422 0
1740966820 59261 0
1740966822 55048 0
1740966824 55412 0
1740966826 54794 0
1740966828 55143 0
1740966830 54484 0
1740966832 54591 0
1740966834 54549 0
1740966836 54589 0
1740966838 55502 0
1740966840 55121 0
1740966842 55357 0
1740966844 54780 0
1740966846 55014 0
1740966848 55292 0
1740966850 56127 0
1740966852 54901 0
1740966854 55023 0
1740966856 55034 0
1740966858 54208 0
1740966860 54358 0
1740966862 56801 0
1740966864 55219 0
1740966866 54692 0
1740966868 54550 0
1740966870 54687 0
1740966872 54730 0
1740966874 55086 0
1740966876 54184 0
1740966878 53397 0
1740966880 54021 0
1740966882 54798 0
1740966884 54319 0
1740966886 54477 0
1740966888 54955 0
1740966890 55153 0
1740966892 54453 0
1740966894 60181 0
1740966896 55734 0
1740966898 54556 0
1740966900 55635 0
1740966902 54535 0
1740966904 54952 0
1740966906 54366 0
1740966908 55076 0
1740966910 55282 0
1740966912 55316 0
1740966914 55601 0
1740966916 54913 0
1740966918 54909 0
1740966920 55411 0
1740966923 54479 0
1740966925 55360 0
1740966927 55824 0
1740966929 60023 0
1740966931 55353 0
1740966933 54533 0
1740966935 57595 0
1740966937 55130 0
1740966939 53866 0
1740966941 54803 0
1740966943 54273 0
1740966945 56505 0
1740966947 54702 0
1740966949 54278 0
1740966951 54395 0
1740966953 54879 0
1740966955 55025 0
1740966957 55628 0
1740966959 54414 0
1740966961 53915 0
1740966963 54038 0
1740966965 53605 0
1740966967 53688 0
1740966969 55431 0
1740966971 55076 0
1740966973 55481 0
1740966975 58143 0
1740966977 55248 0
1740966979 54977 0
1740966981 61716 0
1740966983 55927 0
1740966985 54748 0
1740966987 54857 0
1740966989 54532 0
1740966991 54838 0
1740966993 54585 0
1740966995 55062 0
1740966997 54321 0
1740966999 54367 0
1740967001 54502 0
1740967003 54450 0
1740967005 54547 0
1740967007 54075 0
1740967009 54544 0
1740967011 54803 0
1740967013 55111 0
1740967015 54214 0
1740967017 54263 0
1740967019 54975 0
1740967021 54491 0
1740967023 54588 0
1740967025 54879 0
1740967027 54999 0
1740967029 54927 0
1740967031 54387 0
1740967033 54068 0
1740967035 56136 0
1740967037 54060 0
1740967039 54721 0
1740967041 55521 0
1740967043 54617 0
1740967045 54119 0
1740967047 53798 0
1740967049 54380 0
1740967051 54491 0
1740967053 53790 0
1740967055 54375 0
1740967057 54695 0
1740967059 54316 0
1740967061 54233 0
1740967063 54686 0
1740967065 54339 0
1740967067 54479 0
1740967069 54613 0
1740967071 54515 0
1740967073 53882 0
1740967075 53536 0
1740967077 54849 0
1740967079 54195 0
1740967081 54458 0
1740967083 54533 0
1740967085 54271 0
1740967087 54342 0
1740967089 54181 0
1740967091 54232 0
1740967093 60782 0
1740967095 55002 0
1740967097 53891 0
1740967099 54596 0
1740967101 54367 0
1740967103 54640 0
1740967105 54959 0
1740967107 54749 0
1740967109 54464 0
1740967111 53762 0
1740967113 55021 0
1740967115 54230 0
1740967117 54751 0
1740967119 54463 0
1740967121 54311 0
1740967123 54681 0
1740967125 54727 0
1740967127 54507 0
1740967129 54669 0
1740967131 54507 0
1740967133 53960 0
1740967135 54684 0
1740967137 54831 0
1740967139 54254 0
1740967141 54818 0
1740967143 54388 0
1740967145 54015 0
1740967147 54316 0
1740967149 53973 0
1740967151 54750 0
1740967153 54109 0
1740967155 54952 0
1740967157 54746 0
1740967159 55510 0
1740967161 55010 0
1740967163 55102 0
1740967165 54983 0
1740967167 54530 0
1740967169 55126 0
1740967171 54361 0
1740967173 54811 0
1740967175 55021 0
1740967177 54462 0
1740967179 55122 0
1740967181 54493 0
1740967183 54643 0
1740967185 54591 0
1740967187 54545 0
1740967189 54604 0
1740967191 55127 0
1740967193 55360 0
1740967195 54925 0
1740967197 55313 0
1740967199 54420 0
1740967201 55423 0
1740967203 55026 0
1740967205 55026 0
1740967207 54912 0
1740967209 54433 0
1740967211 54671 0
1740967213 55418 0
1740967215 54665 0
1740967217 55376 0
1740967219 55200 0
1740967221 54915 0
1740967223 55040 0
1740967225 54772 0
1740967227 55037 0
1740967229 55026 0
1740967231 54520 0
1740967233 54510 0
1740967235 55082 0
1740967238 54670 0
1740967240 54002 0
1740967242 54634 0
1740967244 54049 0
1740967246 54951 0
1740967248 54792 0
1740967250 54814 0
1740967252 55299 0
1740967254 54632 0
1740967256 54679 0
1740967258 54959 0
1740967260 54349 0
1740967262 54924 0
1740967264 53977 0
1740967266 54123 0
1740967268 54744 0
1740967270 54396 0
1740967272 54856 0
1740967274 54320 0
1740967276 54517 0
1740967278 54543 0
1740967280 55158 0
1740967282 55253 0
1740967284 54899 0
1740967286 54586 0
1740967288 54219 0
1740967290 55025 0
1740967292 54807 0
1740967294 55274 0
1740967296 54457 0
1740967298 55083 0
1740967300 54612 0
1740967302 58801 0
1740967304 55584 0
1740967306 58378 0
1740967308 60818 0
1740967310 55742 0
1740967312 54356 0
1740967314 55260 0
1740967316 54359 0
1740967318 54249 0
1740967320 54917 0
1740967322 54408 0
1740967324 54374 0
1740967326 54745 0
1740967328 54934 0
1740967330 54965 0
1740967332 57132 0
1740967334 54447 0
1740967336 59508 0
1740967338 55420 0
1740967340 56017 0
1740967342 55654 0
1740967344 56271 0
1740967346 53555 0
1740967348 54364 0
1740967350 54118 0
1740967352 54314 0
1740967354 54492 0
1740967356 54428 0
1740967358 53714 0
1740967360 54959 0
1740967362 54741 0
1740967364 53040 0
1740967366 56013 0
1740967368 55338 0
1740967370 54455 0
1740967372 54830 0
1740967374 54778 0
1740967376 55388 0
1740967378 59955 0
1740967380 57590 0
1740967382 55883 0
1740967384 60516 0
1740967386 54648 0
1740967388 54907 0
1740967390 54478 0
1740967392 54881 0
1740967394 54311 0
1740967396 55065 0
1740967398 54414 0
1740967400 54695 0
1740967402 54337 0
1740967404 54668 0
1740967406 54820 0
1740967408 54551 0
1740967410 54829 0
1740967412 54751 0
1740967414 54334 0
1740967416 54459 0
1740967418 54276 0
1740967420 55067 0
1740967422 54813 0
1740967424 54836 0
1740967426 54431 0
1740967428 61478 0
1740967430 55095 0
1740967432 55089 0
1740967434 54994 0
1740967436 54679 0
1740967438 55465 0
1740967440 55180 0
1740967442 54913 0
1740967444 55098 0
1740967446 54635 0
1740967448 54888 0
1740967450 55741 0
1740967452 54851 0
1740967454 55421 0
1740967456 55233 0
1740967458 54816 0
1740967460 54750 0
1740967462 55194 0
1740967464 54668 0
1740967466 55370 0
1740967468 55437 0
1740967470 55527 0
1740967472 55492 0
1740967474 56087 0
1740967476 55116 0
1740967478 55593 0
1740967480 60940 0
1740967482 55143 0
1740967484 56051 0
1740967486 55333 0
1740967488 54686 0
1740967490 54690 0
1740967492 54629 0
1740967494 54426 0
1740967496 54051 0
1740967498 53765 0
1740967500 54175 0
1740967502 56248 0
1740967504 54632 0
1740967506 54797 0
1740967508 54378 0
1740967510 54713 0
1740967512 55283 0
1740967514 55189 0
1740967516 54447 0
1740967518 55129 0
1740967520 53789 0
1740967522 53879 0
1740967524 53055 0
1740967526 54505 0
1740967528 53536 0
1740967530 54276 0
1740967532 53975 0
1740967534 54644 0
1740967536 54647 0
1740967538 54385 0
1740967540 54269 0
1740967542 54809 0
1740967544 54764 0
1740967546 54705 0
1740967548 54548 0
1740967551 54367 0
1740967553 54750 0
1740967555 54183 0
1740967557 54648 0
1740967559 55144 0
1740967561 53827 0
1740967563 57779 0
1740967565 55850 0
1740967567 54250 0
1740967569 53452 0
1740967571 53180 0
1740967573 54515 0
1740967575 54137 0
1740967577 54454 0
1740967579 54041 0
1740967581 54936 0
1740967583 54685 0
1740967585 54755 0
1740967587 54884 0
1740967589 54836 0
1740967591 54290 0
1740967593 54657 0
1740967595 54321 0
1740967597 55585 0
1740967599 54416 0
1740967601 54853 0
1740967603 54525 0
1740967605 54540 0
1740967607 54035 0
1740967609 55366 0
1740967611 54242 0
1740967613 54390 0
1740967615 53933 0
1740967617 53706 0
1740967619 55320 0
1740967621 54513 0
1740967623 54108 0
1740967625 55306 0
1740967627 55068 0
1740967629 57467 0
1740967631 54150 0
1740967633 54726 0
1740967635 54213 0
1740967637 54186 0
1740967639 54629 0
1740967641 54562 0
1740967643 54770 0
1740967645 54815 0
1740967647 54603 0
1740967649 54294 0
1740967651 54273 0
1740967653 54814 0
1740967655 54966 0
1740967657 54895 0
1740967659 55134 0
1740967661 58697 0
1740967663 57782 0
1740967665 55247 0
1740967667 54769 0
1740967669 55311 0
1740967671 54206 0
1740967673 55592 0
1740967675 55062 0
1740967677 54943 0
1740967679 55255 0
1740967681 54465 0
1740967683 58347 0
1740967685 58090 0
1740967687 55023 0
1740967689 54843 0
1740967691 54682 0
1740967693 54040 0
1740967695 54735 0
1740967697 55014 0
1740967699 54921 0
1740967701 55121 0
1740967703 54633 0
1740967705 55043 0
1740967707 54475 0
1740967709 55150 0
1740967711 55589 0
1740967713 54980 0
1740967715 55403 0
1740967717 54656 0
1740967719 54182 0
1740967721 54915 0
1740967723 54807 0
1740967725 54569 0
1740967727 54869 0
1740967729 54241 0
1740967731 54677 0
1740967733 54180 0
1740967735 54710 0
1740967737 54655 0
1740967739 55215 0
1740967741 54908 0
1740967743 54822 0
1740967745 54949 0
1740967747 54875 0
1740967749 55312 0
1740967751 54821 0
1740967753 54743 0
1740967755 54546 0
1740967757 55246 0
1740967759 55036 0
1740967761 55169 0
1740967763 54681 0
1740967765 54853 0
1740967767 54129 0
1740967769 55795 0
1740967771 55193 0
1740967773 55312 0
1740967775 54962 0
1740967777 54600 0
1740967779 55637 0
1740967781 55306 0
1740967783 54492 0
1740967785 54717 0
1740967787 55314 0
1740967789 54520 0
1740967791 54934 0
1740967793 54640 0
1740967795 55200 0
1740967797 55067 0
1740967799 55280 0
1740967801 55116 0
1740967803 54931 0
1740967805 54146 0
1740967807 54560 0
1740967809 54765 0
1740967811 54459 0
1740967813 54875 0
1740967815 55082 0
1740967817 54473 0
1740967819 55263 0
1740967821 54963 0
1740967823 56878 0
1740967825 55694 0
1740967827 55896 0
1740967829 55268 0
1740967831 55414 0
1740967833 55802 0
1740967835 55378 0
1740967837 56228 0
1740967839 55236 0
1740967841 54663 0
1740967843 55670 0
1740967845 59559 0
1740967847 54363 0
1740967849 54008 0
1740967851 54583 0
1740967853 56162 0
1740967855 55460 0
1740967858 54965 0
1740967860 55330 0
1740967862 55628 0
1740967864 54764 0
1740967866 54305 0
1740967868 54185 0
1740967870 54675 0
1740967872 54745 0
1740967874 54858 0
1740967876 54371 0
1740967878 54364 0
1740967880 56354 0
1740967882 55859 0
1740967884 56751 0
1740967886 55265 0
1740967888 55238 0
1740967890 54487 0
1740967892 54602 0
1740967894 55765 0
1740967896 55783 0
1740967898 54970 0
1740967900 55189 0
1740967902 55565 0
1740967904 54543 0
1740967906 55592 0
1740967908 53988 0
1740967910 54701 0
1740967912 55249 0
1740967914 55108 0
1740967916 54709 0
1740967918 54763 0
1740967920 55448 0
1740967922 54508 0
1740967924 58590 0
1740967926 55193 0
1740967928 59433 0
1740967930 55621 0
1740967932 55473 0
1740967934 54558 0
1740967936 54593 0
1740967938 54757 0
1740967940 54821 0
1740967942 56604 0
1740967944 54653 0
1740967946 54822 0
1740967948 55057 0
1740967950 55250 0
1740967952 55159 0
1740967954 54320 0
1740967956 55221 0
1740967958 55179 0
1740967960 54240 0
1740967962 54753 0
1740967964 54836 0
1740967966 54902 0
1740967968 54667 0
1740967970 55016 0
1740967972 55259 0
1740967974 54933 0
1740967976 54931 0
1740967978 54786 0
1740967980 54706 0
1740967982 55144 0
1740967984 55144 0
1740967986 55464 0
1740967988 54684 0
1740967990 55136 0
1740967992 55195 0
1740967994 55208 0
1740967996 55597 0
1740967998 54757 0
1740968000 54612 0
1740968002 54398 0
1740968004 54203 0
1740968006 54743 0
1740968008 56351 0
1740968010 61009 0
1740968012 53958 0
1740968014 59636 0
1740968016 54698 0
1740968018 54171 0
1740968020 54388 0
1740968022 55005 0
1740968024 55078 0
1740968026 54481 0
1740968028 54801 0
1740968030 59855 0
1740968032 54677 0
1740968034 55037 0
1740968036 55451 0
1740968038 56730 0
1740968040 54958 0
1740968042 55298 0
1740968044 55532 0
1740968046 55475 0
1740968048 55871 0
1740968050 55763 0
1740968052 55020 0
1740968054 54904 0
1740968056 55081 0
1740968058 55130 0
1740968060 56069 0
1740968062 54177 0
1740968064 55263 0
1740968066 54945 0
1740968068 54488 0
1740968070 54713 0
1740968072 55229 0
1740968074 55033 0
1740968076 55293 0
1740968078 55636 0
1740968080 54856 0
1740968082 55721 0
1740968084 55302 0
1740968086 55115 0
1740968088 55779 0
1740968090 55811 0
1740968092 56168 0
1740968094 54976 0
1740968096 54922 0
1740968098 55070 0
1740968100 55188 0
1740968102 54701 0
1740968104 54651 0
1740968106 55184 0
1740968108 55204 0
1740968110 54659 0
1740968112 55579 0
1740968114 55254 0
1740968116 56042 0
1740968118 55269 0
1740968120 57042 0
1740968122 55639 0
1740968124 55587 0
1740968126 55000 0
1740968128 54365 0
1740968130 54754 0
1740968132 55206 0
1740968134 55561 0
1740968136 55102 0
1740968138 54969 0
1740968140 55022 0
1740968142 55551 0
1740968144 55611 0
1740968146 55326 0
1740968148 54994 0
1740968150 55827 0
1740968152 55043 0
1740968154 55428 0
1740968156 55407 0
1740968159 55149 0
1740968161 55463 0
1740968163 55005 0
1740968165 55749 0
1740968167 55212 0
1740968169 55164 0
1740968171 55048 0
1740968173 55299 0
1740968175 54761 0
1740968177 55550 0
1740968179 55478 0
1740968181 55431 0
1740968183 55084 0
1740968185 54973 0
1740968187 55250 0
1740968189 54236 0
1740968191 55368 0
1740968193 55363 0
1740968195 54533 0
1740968197 55462 0
1740968199 54917 0
1740968201 55193 0
1740968203 55705 0
1740968205 55274 0
1740968207 55266 0
1740968209 54877 0
1740968211 55392 0
1740968213 54891 0
1740968215 53991 0
1740968217 54954 0
1740968219 54550 0
1740968221 54620 0
1740968223 54961 0
1740968225 54776 0
1740968227 55483 0
1740968229 54345 0
1740968231 53967 0
1740968233 55330 0
1740968235 54333 0
1740968237 54816 0
1740968239 54865 0
1740968241 54379 0
1740968243 55290 0
1740968245 55139 0
1740968247 54896 0
1740968249 54994 0
1740968251 54844 0
1740968253 55281 0
1740968255 54476 0
1740968257 55056 0
1740968259 54394 0
1740968261 54761 0
1740968263 54574 0
1740968265 54569 0
1740968267 54933 0
1740968269 55081 0
1740968271 54644 0
1740968273 55250 0
1740968275 54448 0
1740968277 54897 0
1740968279 54551 0
1740968281 54801 0
1740968283 55723 0
1740968285 54967 0
1740968287 54938 0
1740968289 55368 0
1740968291 55012 0
1740968293 54907 0
1740968295 54971 0
1740968297 54958 0
1740968299 57158 0
1740968301 56231 0
1740968303 54857 0
1740968305 55996 0
1740968307 54350 0
1740968309 53655 0
1740968311 53492 0
1740968313 61112 0
1740968315 57531 0
1740968317 55060 0
1740968319 57193 0
1740968321 53559 0
1740968323 53405 0
1740968325 54392 0
1740968327 53862 0
1740968329 54124 0
1740968331 54114 0
1740968333 54057 0
1740968335 54801 0
1740968337 55238 0
1740968339 54715 0
1740968341 60347 0
1740968343 54620 0
1740968345 54836 0
1740968347 53994 0
1740968349 54668 0
1740968351 54450 0
1740968353 55635 0
1740968355 54009 0
1740968357 54897 0
1740968359 54854 0
1740968361 54803 0
1740968363 54318 0
1740968365 55078 0
1740968367 54368 0
1740968369 55165 0
1740968371 54676 0
1740968373 54170 0
1740968375 54394 0
1740968377 54497 0
1740968379 54435 0
1740968381 54897 0
1740968383 54822 0
1740968385 54951 0
1740968387 55082 0
1740968389 55241 0
1740968391 55825 0
1740968393 54508 0
1740968395 55198 0
1740968397 55103 0
1740968399 55134 0
1740968401 54507 0
1740968403 55162 0
1740968405 55085 0
1740968407 55442 0
1740968409 54768 0
1740968411 55154 0
1740968413 54389 0
1740968415 54600 0
1740968417 54969 0
1740968419 54963 0
1740968421 55171 0
1740968423 55009 0
1740968425 54257 0
1740968427 55460 0
1740968429 54896 0
1740968431 55578 0
1740968433 54595 0
1740968435 54837 0
1740968437 55298 0
1740968439 54961 0
1740968441 54798 0
1740968443 54761 0
1740968445 54611 0
1740968447 54675 0
1740968449 55191 0
1740968451 55980 0
1740968453 55480 0
1740968455 55062 0
1740968457 55101 0
1740968459 55511 0
1740968461 61449 0
1740968463 55143 0
1740968465 54309 0
1740968467 53431 0
1740968469 54392 0
1740968472 55442 0
1740968474 54806 0
1740968476 55569 0
1740968478 55485 0
1740968480 56565 0
1740968482 57398 0
1740968484 55586 0
1740968486 55516 0
1740968488 54418 0
1740968490 55507 0
1740968492 54922 0
1740968494 55720 0
1740968496 54612 0
1740968498 54310 0
1740968500 54708 0
1740968502 55403 0
1740968504 55575 0
1740968506 55128 0
1740968508 56914 0
1740968510 55578 0
1740968512 55086 0
1740968514 55659 0
1740968516 55188 0
1740968518 55041 0
1740968520 54187 0
1740968522 55034 0
1740968524 54978 0
1740968526 55234 0
1740968528 55587 0
1740968530 60315 0
1740968532 60694 0
1740968534 54278 0
1740968536 54496 0
1740968538 56088 0
1740968540 55009 0
1740968542 60459 0
1740968544 55433 0
1740968546 55908 0
1740968548 55261 0
1740968550 55005 0
1740968552 55276 0
1740968554 55130 0
1740968556 55271 0
1740968558 56088 0
1740968560 54850 0
1740968562 54873 0
1740968564 56809 0
1740968566 56234 0
1740968568 56215 0
1740968570 57215 0
1740968572 56507 0
1740968574 56457 0
1740968576 55382 0
1740968578 55480 0
1740968580 54971 0
1740968582 54459 0
1740968584 54726 0
1740968586 55252 0
1740968588 54719 0
1740968590 54833 0
1740968592 54972 0
1740968594 55150 0
1740968596 54753 0
1740968598 56403 0
1740968600 57160 0
1740968602 54917 0
1740968604 60738 0
1740968606 55910 0
1740968608 55740 0
1740968610 55231 0
1740968612 55937 0
1740968614 55353 0
1740968616 55376 0
1740968618 55735 0
1740968620 56047 0
1740968622 54816 0
1740968624 55120 0
1740968626 55920 0
1740968628 54894 0
1740968630 55341 0
1740968632 55062 0
1740968634 54819 0
1740968636 55403 0
1740968638 54830 0
1740968640 56178 0
1740968642 55406 0
1740968644 54402 0
1740968646 55142 0
1740968648 55209 0
1740968650 55196 0
1740968652 54554 0
1740968654 55285 0
1740968656 54986 0
1740968658 54914 0
1740968660 55555 0
1740968662 56021 0
1740968664 54505 0
1740968666 55256 0
1740968668 55337 0
1740968670 55114 0
1740968672 54894 0
1740968674 54761 0
1740968676 55003 0
1740968678 54494 0
1740968680 54737 0
1740968682 54973 0
1740968684 54183 0
1740968686 54742 0
1740968688 55231 0
1740968690 54453 0
1740968692 55550 0
1740968694 55265 0
1740968696 55324 0
1740968698 54375 0
1740968700 54390 0
1740968702 54984 0
1740968704 55097 0
1740968706 54932 0
1740968708 54830 0
1740968710 54721 0
1740968712 55229 0
1740968714 60424 0
1740968716 55534 0
1740968718 54208 0
1740968720 55456 0
1740968722 54850 0
1740968724 55364 0
1740968726 55132 0
1740968728 55019 0
1740968730 55053 0
1740968732 54839 0
1740968734 55403 0
1740968736 54563 0
1740968738 54903 0
1740968740 54782 0
1740968742 55336 0
1740968744 54836 0
1740968746 56009 0
1740968748 55748 0
1740968750 54703 0
1740968752 55152 0
1740968754 55044 0
1740968756 55098 0
1740968758 55247 0
1740968760 55040 0
1740968762 55135 0
1740968764 55019 0
1740968766 55339 0
1740968768 55231 0
1740968770 55172 0
1740968772 54707 0
1740968774 55344 0
1740968776 54908 0
1740968778 55629 0
1740968780 55006 0
1740968782 56435 0
1740968784 53691 0
1740968786 56114 0
1740968789 55312 0
1740968791 56090 0
1740968793 56325 0
1740968795 55289 0
1740968797 54873 0
1740968799 55108 0
1740968801 54321 0
1740968803 53670 0
1740968805 54427 0
1740968807 54492 0
1740968809 55425 0
1740968811 57865 0
1740968813 57301 0
1740968815 57612 0
1740968817 55703 0
1740968819 54994 0
1740968821 55393 0
1740968823 55426 0
1740968825 55824 0
1740968827 54944 0
1740968829 55569 0
1740968831 55847 0
1740968833 55373 0
1740968835 55565 0
1740968837 55027 0
1740968839 55050 0
1740968841 54739 0
1740968843 55018 0
1740968845 54386 0
1740968847 55154 0
1740968849 54671 0
1740968851 54628 0
1740968853 54957 0
1740968855 56061 0
1740968857 55272 0
1740968859 54937 0
1740968861 55932 0
1740968863 55455 0
1740968865 55956 0
1740968867 56040 0
1740968869 55737 0
1740968871 55676 0
1740968873 55268 0
1740968875 55574 0
1740968877 55681 0
1740968879 55430 0
1740968881 54931 0
1740968883 55098 0
1740968885 55240 0
1740968887 55471 0
1740968889 55146 0
1740968891 54343 0
1740968893 55395 0
1740968895 55264 0
1740968897 54667 0
1740968899 55010 0
1740968901 54881 0
1740968903 55491 0
1740968905 55193 0
1740968907 54829 0
1740968909 54852 0
1740968911 54735 0
1740968913 55477 0
1740968915 54793 0
1740968917 54814 0
1740968919 54902 0
1740968921 55454 0
1740968923 54847 0
1740968925 55471 0
1740968927 54871 0
1740968929 54945 0
1740968931 55045 0
1740968933 55477 0
1740968935 54421 0
1740968937 55117 0
1740968939 55149 0
1740968941 55286 0
1740968943 54684 0
1740968945 54915 0
1740968947 55419 0
1740968949 54549 0
1740968951 54751 0
1740968953 54849 0
1740968955 54972 0
1740968957 54898 0
1740968959 58632 0
1740968961 56239 0
1740968963 55991 0
1740968965 54302 0
1740968967 55018 0
1740968969 54705 0
1740968971 54534 0
1740968973 55218 0
1740968975 55235 0
1740968977 55704 0
1740968979 54668 0
1740968981 55533 0
1740968983 55260 0
1740968985 55335 0
1740968987 54719 0
1740968989 54457 0
1740968991 54924 0
1740968993 54720 0
1740968995 55010 0
1740968997 55377 0
1740968999 55093 0
1740969001 54510 0
1740969003 55451 0
1740969005 54332 0
1740969007 55835 0
1740969009 54982 0
1740969011 55494 0
1740969013 55701 0
1740969015 54919 0
1740969017 56032 0
1740969019 55066 0
1740969021 54976 0
1740969023 54390 0
1740969025 55260 0
1740969027 55312 0
1740969029 54857 0
1740969031 55266 0
1740969033 55075 0
1740969035 54658 0
1740969037 55430 0
1740969039 55272 0
1740969041 55580 0
1740969043 57118 0
1740969045 55681 0
1740969047 55393 0
1740969049 55646 0
1740969051 54937 0
1740969053 55163 0
1740969055 61925 0
1740969057 59278 0
1740969059 55836 0
1740969061 56929 0
1740969063 55163 0
1740969065 55568 0
1740969067 55343 0
1740969069 55102 0
1740969071 54379 0
1740969073 55104 0
1740969075 56087 0
1740969077 55156 0
1740969079 56725 0
1740969081 55588 0
1740969083 57078 0
1740969085 60250 0
1740969087 61147 0
1740969089 55902 0
1740969091 56325 0
1740969093 55778 0
1740969095 54889 0
1740969097 54968 0
1740969099 54876 0
1740969102 55168 0
1740969104 54608 0
1740969106 55434 0
1740969108 54942 0
1740969110 55048 0
1740969112 55561 0
1740969114 55310 0
1740969116 54874 0
1740969118 55340 0
1740969120 54933 0
1740969122 55690 0
1740969124 55605 0
1740969126 54904 0
1740969128 54840 0
1740969130 55156 0
1740969132 56461 0
1740969134 56808 0
1740969136 53960 0
1740969138 60210 0
1740969140 61672 0
1740969142 60468 0
1740969144 58578 0
1740969146 54109 0
1740969148 55813 0
1740969150 55213 0
1740969152 55742 0
1740969154 55920 0
1740969156 56522 0
1740969158 55825 0
1740969160 55664 0
1740969162 56289 0
1740969164 54872 0
1740969166 55112 0
1740969168 56442 0
1740969170 55019 0
1740969172 55290 0
1740969174 54925 0
1740969176 55638 0
1740969178 56436 0
1740969180 56471 0
1740969182 55772 0
1740969184 55640 0
1740969186 56359 0
1740969188 55858 0
1740969190 56445 0
1740969192 54895 0
1740969194 55046 0
1740969196 56070 0
1740969198 55082 0
1740969200 55370 0
1740969202 55217 0
1740969204 54652 0
1740969206 54559 0
1740969208 55447 0
1740969210 54708 0
1740969212 56005 0
1740969214 55576 0
1740969216 54920 0
1740969218 55024 0
1740969220 54728 0
1740969222 55126 0
1740969224 55403 0
1740969226 55062 0
1740969228 55320 0
1740969230 55278 0
1740969232 55126 0
1740969234 55583 0
1740969236 55325 0
1740969238 54913 0
1740969240 55479 0
1740969242 55769 0
1740969244 56070 0
1740969246 55559 0
1740969248 55619 0
1740969250 55129 0
1740969252 55515 0
1740969254 54835 0
1740969256 55269 0
1740969258 55081 0
1740969260 55085 0
1740969262 55688 0
1740969264 55388 0
1740969266 55838 0
1740969268 57077 0
1740969270 56750 0
1740969272 54991 0
1740969274 54047 0
1740969276 55317 0
1740969278 52996 0
1740969280 53397 0
1740969282 59130 0
1740969284 54787 0
1740969286 55506 0
1740969288 54509 0
1740969290 56143 0
1740969292 55576 0
1740969294 55548 0
1740969296 56035 0
1740969298 56117 0
1740969300 56191 0
1740969302 56302 0
1740969304 55512 0
1740969306 55618 0
1740969308 55745 0
1740969310 57615 0
1740969312 55924 0
1740969314 55546 0
1740969316 55722 0
1740969318 56165 0
1740969320 54975 0
1740969322 56237 0
1740969324 61987 0
1740969326 55692 0
1740969328 56589 0
1740969330 61089 0
1740969332 54710 0
1740969334 54851 0
1740969336 55770 0
1740969338 55883 0
1740969340 55390 0
1740969342 54957 0
1740969344 55507 0
1740969346 55343 0
1740969348 55842 0
1740969350 55272 0
1740969352 55321 0
1740969354 55928 0
1740969356 55897 0
1740969358 55871 0
1740969360 55609 0
1740969362 55579 0
1740969364 54550 0
1740969366 55546 0
1740969368 55824 0
1740969370 56160 0
1740969372 55049 0
1740969374 56202 0
1740969376 55064 0
1740969378 55084 0
1740969380 55755 0
1740969382 55072 0
1740969384 54873 0
1740969386 56147 0
1740969388 55466 0
1740969390 55406 0
1740969392 56064 0
1740969394 56087 0
1740969396 55287 0
1740969398 56031 0
1740969400 55528 0
1740969402 56037 0
1740969404 55422 0
1740969406 55901 0
1740969408 55301 0
1740969410 55896 0
1740969412 55648 0
1740969414 55518 0
1740969417 54877 0
1740969419 55307 0
1740969421 56403 0
1740969423 62090 0
1740969425 61346 0
1740969427 56818 0
1740969429 55989 0
1740969431 55775 0
1740969433 55087 0
1740969435 58671 0
1740969437 58748 0
1740969439 55282 0
1740969441 55660 0
1740969443 55432 0
1740969445 55483 0
1740969447 56926 0
1740969449 55727 0
1740969451 55969 0
1740969453 56410 0
1740969455 55653 0
1740969457 55515 0
1740969459 55942 0
1740969461 55857 0
1740969463 55670 0
1740969465 56920 0
1740969467 56143 0
1740969469 59726 0
1740969471 58452 0
1740969473 59115 0
1740969475 59387 0
1740969477 59852 0
1740969479 62616 0
1740969481 60623 0
1740969483 60618 0
1740969485 58496 0
1740969487 62110 0
1740969489 59765 0
1740969491 59723 0
1740969493 60487 0
1740969495 59845 0
1740969497 60443 0
1740969499 59630 0
1740969501 60375 0
1740969503 60689 0
1740969505 60837 0
1740969507 60468 0
1740969509 60152 0
1740969511 60422 0
1740969513 60835 0
1740969515 61173 0
1740969517 60586 0
1740969519 60515 0
1740969521 60063 0
1740969523 60892 0
1740969525 60236 0
1740969527 60399 0
1740969529 59724 0
1740969531 60407 0
1740969533 60755 0
1740969535 59898 0
1740969537 59688 0
1740969539 59346 0
1740969541 59256 0
1740969543 59337 0
1740969545 59429 0
1740969547 59867 0
1740969549 58921 0
1740969551 59848 0
1740969553 59868 0
1740969555 59088 0
1740969557 59587 0
1740969559 60259 0
1740969561 59773 0
1740969563 59757 0
1740969565 59768 0
1740969567 59545 0
1740969569 60280 0
1740969571 60082 0
1740969573 59986 0
1740969575 59831 0
1740969577 59612 0
1740969579 59822 0
1740969581 60025 0
1740969583 59650 0
1740969585 59525 0
1740969587 59883 0
1740969589 59826 0
1740969591 60247 0
1740969593 58960 0
1740969595 59631 0
1740969597 59100 0
1740969599 60850 0
1740969601 60083 0
1740969603 59959 0
1740969605 60061 0
1740969607 59688 0
1740969609 60486 0
1740969611 60331 0
1740969613 59550 0
1740969615 60732 0
1740969617 60183 0
1740969619 59737 0
1740969621 60038 0
1740969623 59314 0
1740969625 60732 0
1740969627 59399 0
1740969629 54176 0
1740969631 51787 0
1740969633 56974 0
1740969635 59646 0
1740969637 56903 0
1740969639 53083 0
1740969641 53344 0
1740969643 55077 0
1740969645 54170 0
1740969647 55135 0
1740969649 58649 0
1740969651 54779 0
1740969653 54473 0
1740969655 55584 0
1740969657 53931 0
1740969659 54924 0
1740969661 56658 0
1740969663 56483 0
1740969665 55309 0
1740969667 55951 0
1740969669 59668 0
1740969671 60802 0
1740969673 60934 0
1740969675 61352 0
1740969677 57947 0
1740969679 61088 0
1740969681 55063 0
1740969683 55642 0
1740969685 53821 0
1740969687 56217 0
1740969689 54754 0
1740969691 56621 0
1740969693 55360 0
1740969695 56548 0
1740969697 55000 0
1740969699 54970 0
1740969701 55475 0
1740969703 55153 0
1740969705 55780 0
1740969707 54501 0
1740969709 55626 0
1740969711 55345 0
1740969713 55582 0
1740969715 57370 0
1740969718 59736 0
1740969720 60805 0
1740969722 60093 0
1740969724 58801 0
1740969726 53306 0
1740969728 55172 0
1740969730 55252 0
1740969732 54613 0
1740969734 55412 0
1740969736 58471 0
1740969738 54956 0
1740969740 55395 0
1740969742 55153 0
1740969744 55376 0
1740969746 55000 0
1740969748 54839 0
1740969750 55158 0
1740969752 55692 0
1740969754 56368 0
1740969756 56039 0
1740969758 55280 0
1740969760 55361 0
1740969762 55654 0
1740969764 54951 0
1740969766 55183 0
1740969768 54952 0
1740969770 54858 0
1740969772 55271 0
1740969774 55125 0
1740969776 54460 0
1740969778 54596 0
1740969780 55199 0
1740969782 54343 0
1740969784 55552 0
1740969786 54125 0
1740969788 55404 0
1740969790 54246 0
1740969792 55034 0
1740969794 56665 0
1740969796 55855 0
1740969798 54859 0
1740969800 55065 0
1740969802 55668 0
1740969804 61507 0
1740969806 59406 0
1740969808 54866 0
1740969810 55996 0
1740969812 54914 0
1740969814 55603 0
1740969816 55573 0
1740969818 55577 0
1740969820 55947 0
1740969822 55520 0
1740969824 55870 0
1740969826 56271 0
1740969828 56075 0
1740969830 57186 0
1740969832 55323 0
1740969834 56354 0
1740969836 61943 0
1740969838 57130 0
1740969840 58007 0
1740969842 57951 0
1740969844 61035 0
1740969846 54999 0
1740969848 55966 0
1740969850 57468 0
1740969852 58198 0
1740969854 55862 0
1740969856 54954 0
1740969858 55442 0
1740969860 55973 0
1740969862 56066 0
1740969864 55312 0
1740969866 56713 0
1740969868 55870 0
1740969870 55159 0
1740969872 55491 0
1740969874 55557 0
1740969876 57406 0
1740969878 56429 0
1740969880 55901 0
1740969882 55143 0
1740969884 59240 0
1740969886 56830 0
1740969888 55889 0
1740969890 55766 0
1740969892 55354 0
1740969894 55318 0
1740969896 55362 0
1740969898 56034 0
1740969900 55809 0
1740969902 56262 0
1740969904 55854 0
1740969906 55050 0
1740969908 56334 0
1740969910 55203 0
1740969912 55164 0
1740969914 55719 0
1740969916 55539 0
1740969918 56294 0
1740969920 55194 0
1740969922 55713 0
1740969924 55545 0
1740969926 55331 0
1740969928 55341 0
1740969930 55331 0
1740969932 55861 0
1740969934 55830 0
1740969936 55288 0
1740969938 55311 0
1740969940 55491 0
1740969942 56499 0
1740969944 55886 0
1740969946 55509 0
1740969948 55449 0
1740969950 56076 0
1740969952 56076 0
1740969954 56275 0
1740969956 56032 0
1740969958 56555 0
1740969960 55552 0
1740969962 55659 0
1740969964 56274 0
1740969966 61060 0
1740969968 61797 0
1740969970 54414 0
1740969972 55421 0
1740969974 55422 0
1740969976 54998 0
1740969978 56183 0
1740969980 55576 0
1740969982 55448 0
1740969984 55141 0
1740969986 55556 0
1740969988 56741 0
1740969990 55948 0
1740969992 55988 0
1740969994 55983 0
1740969997 56025 0
1740969999 55717 0
1740970001 55751 0
1740970003 56210 0
1740970005 55292 0
1740970007 55421 0
1740970009 55624 0
1740970011 56149 0
1740970013 55094 0
1740970015 55154 0
1740970017 55434 0
1740970019 55186 0
1740970021 54938 0
1740970023 55802 0
1740970025 55164 0
1740970027 55277 0
1740970029 55820 0
1740970031 55991 0
1740970033 54564 0
1740970035 59043 0
1740970037 54176 0
1740970039 56656 0
1740970041 55220 0
1740970043 55663 0
1740970045 55703 0
1740970047 55766 0
1740970049 54958 0
1740970051 56025 0
1740970053 55797 0
1740970055 55834 0
1740970057 55703 0
1740970059 56323 0
1740970061 55089 0
1740970063 54975 0
1740970065 55500 0
1740970067 55369 0
1740970069 56269 0
1740970071 55589 0
1740970073 55810 0
1740970075 55684 0
1740970077 55589 0
1740970079 55411 0
1740970081 55483 0
1740970083 55705 0
1740970085 58483 0
1740970087 56001 0
1740970089 54636 0
1740970091 56210 0
1740970093 56875 0
1740970095 55330 0
1740970097 55900 0
1740970099 55475 0
1740970101 55694 0
1740970103 55318 0
1740970105 56557 0
1740970107 56132 0
1740970109 55579 0
1740970111 56848 0
1740970113 56473 0
1740970115 56797 0
1740970117 55850 0
1740970119 55606 0
1740970121 56725 0
1740970123 56627 0
1740970125 55731 0
1740970127 55581 0
1740970129 55558 0
1740970131 55591 0
1740970133 55919 0
1740970135 56013 0
1740970137 56479 0
1740970139 55895 0
1740970141 55507 0
1740970143 55680 0
1740970145 55554 0
1740970147 55866 0
1740970149 55246 0
1740970151 56074 0
1740970153 55600 0
1740970155 55235 0
1740970157 55405 0
1740970159 55736 0
1740970161 56107 0
1740970163 55537 0
1740970165 55448 0
1740970167 55371 0
1740970169 55670 0
1740970171 55768 0
1740970173 56319 0
1740970175 55768 0
1740970177 55371 0
1740970179 56180 0
1740970181 56200 0
1740970183 56963 0
1740970185 60997 0
1740970187 55930 0
1740970189 57424 0
1740970191 56481 0
1740970193 57645 0
1740970195 55961 0
1740970197 56040 0
1740970199 56520 0
1740970201 55862 0
1740970203 56411 0
1740970205 56283 0
1740970207 55987 0
1740970209 56690 0
1740970211 55479 0
1740970213 55978 0
1740970215 55923 0
1740970217 56614 0
1740970219 56487 0
1740970221 56411 0
1740970223 56638 0
1740970225 56653 0
1740970227 56193 0
1740970229 55918 0
1740970231 55950 0
1740970233 55887 0
1740970235 55911 0
1740970237 55572 0
1740970239 55603 0
1740970241 54887 0
1740970243 55438 0
1740970245 55740 0
1740970247 55051 0
1740970249 55761 0
1740970251 55168 0
1740970253 55553 0
1740970255 55565 0
1740970257 56109 0
1740970259 55697 0
1740970261 56030 0
1740970263 55926 0
1740970265 55837 0
1740970267 56775 0
1740970269 55936 0
1740970271 55423 0
1740970274 55791 0
1740970276 56225 0
1740970278 55544 0
1740970280 54869 0
1740970282 55962 0
1740970284 55091 0
1740970286 55678 0
1740970288 54272 0
1740970290 56059 0
1740970292 55699 0
1740970294 55316 0
1740970296 55865 0
1740970298 56074 0
1740970300 55695 0
1740970302 55869 0
1740970304 55306 0
1740970306 55795 0
1740970308 55294 0
1740970310 56181 0
1740970312 55928 0
1740970314 55890 0
1740970316 55829 0
1740970318 55571 0
1740970320 55012 0
1740970322 56027 0
1740970324 55137 0
1740970326 58029 0
1740970328 54414 0
1740970330 56592 0
1740970332 56138 0
1740970334 55670 0
1740970336 56177 0
1740970338 55789 0
1740970340 56281 0
1740970342 60963 0
1740970344 58619 0
1740970346 56092 0
1740970348 56874 0
1740970350 56086 0
1740970352 55946 0
1740970354 55293 0
1740970356 55705 0
1740970358 55782 0
1740970360 55682 0
1740970362 56320 0
1740970364 55802 0
1740970366 55723 0
1740970368 56692 0
1740970370 56767 0
1740970372 56431 0
1740970374 56905 0
1740970376 56836 0
1740970378 56645 0
1740970380 56424 0
1740970382 55970 0
1740970384 56185 0
1740970386 55841 0
1740970388 56442 0
1740970390 55975 0
1740970392 56203 0
1740970394 56386 0
1740970396 56445 0
1740970398 57015 0
1740970400 57119 0
1740970402 58591 0
1740970404 56037 0
1740970406 57132 0
1740970408 56763 0
1740970410 55498 0
1740970412 56169 0
1740970414 56794 0
1740970416 56503 0
1740970418 55519 0
1740970420 56773 0
1740970422 57445 0
1740970424 56642 0
1740970426 55550 0
1740970428 55878 0
1740970430 55184 0
1740970432 55366 0
1740970434 55559 0
1740970436 55887 0
1740970438 56205 0
1740970440 55186 0
1740970442 55659 0
1740970444 56143 0
1740970446 55728 0
1740970448 56179 0
1740970450 55948 0
1740970452 55645 0
1740970454 55737 0
1740970456 56526 0
1740970458 55471 0
1740970460 58397 0
1740970462 55963 0
1740970464 55678 0
1740970466 55919 0
1740970468 55552 0
1740970470 55712 0
1740970472 55401 0
1740970474 55998 0
1740970476 55559 0
1740970478 56012 0
1740970480 55484 0
1740970482 55435 0
1740970484 55353 0
1740970486 56129 0
1740970488 56038 0
1740970490 55789 0
1740970492 55762 0
1740970494 55635 0
1740970496 55958 0
1740970498 56212 0
1740970500 55832 0
1740970502 56104 0
1740970504 55600 0
1740970506 56140 0
1740970508 55846 0
1740970510 55614 0
1740970512 56295 0
1740970514 56000 0
1740970516 55380 0
1740970518 55996 0
1740970520 55635 0
1740970522 56334 0
1740970524 56484 0
1740970526 55778 0
1740970528 56098 0
1740970530 55982 0
1740970532 55629 0
1740970534 55714 0
1740970536 55229 0
1740970538 55226 0
1740970540 56226 0
1740970542 56063 0
1740970544 55531 0
1740970547 56526 0
1740970549 55410 0
1740970551 55812 0
1740970553 55906 0
1740970555 55767 0
1740970557 55834 0
1740970559 55963 0
1740970561 55898 0
1740970563 56152 0
1740970565 56020 0
1740970567 56182 0
1740970569 60393 0
1740970571 59956 0
1740970573 61156 0
1740970575 56633 0
1740970577 54879 0
1740970579 56317 0
1740970581 56503 0
1740970583 55436 0
1740970585 56494 0
1740970587 57564 0
1740970589 60907 0
1740970591 60854 0
1740970593 56121 0
1740970595 55229 0
1740970597 59192 0
1740970599 56163 0
1740970601 56647 0
1740970603 57087 0
1740970605 57125 0
1740970607 56282 0
1740970609 57590 0
1740970611 59947 0
1740970613 56435 0
1740970615 56286 0
1740970617 57342 0
1740970619 56357 0
1740970621 54944 0
1740970623 55830 0
1740970625 55541 0
1740970627 55621 0
1740970629 55857 0
1740970631 55579 0
1740970633 56038 0
1740970635 56332 0
1740970637 56542 0
1740970639 56132 0
1740970641 55655 0
1740970643 55209 0
1740970645 55371 0
1740970647 55026 0
1740970649 56155 0
1740970651 55294 0
1740970653 56599 0
1740970655 55593 0
1740970657 55900 0
1740970659 55569 0
1740970661 55058 0
1740970663 55695 0
1740970665 56265 0
1740970667 56383 0
1740970669 56884 0
1740970671 56318 0
1740970673 56079 0
1740970675 56015 0
1740970677 55913 0
1740970679 55974 0
1740970681 55773 0
1740970683 56692 0
1740970685 55994 0
1740970687 56312 0
1740970689 56035 0
1740970691 56165 0
1740970693 55273 0
1740970695 56014 0
1740970697 55475 0
1740970699 56585 0
1740970701 56339 0
1740970703 56228 0
1740970705 56298 0
1740970707 57051 0
1740970709 56516 0
1740970711 55960 0
1740970713 56751 0
1740970715 57373 0
1740970717 60253 0
1740970719 56818 0
1740970721 57465 0
1740970723 62109 0
1740970725 56231 0
1740970727 56049 0
1740970729 60801 0
1740970731 57437 0
1740970733 57296 0
1740970735 55834 0
1740970737 56530 0
1740970739 56396 0
1740970741 56763 0
1740970743 55691 0
1740970745 56470 0
1740970747 55852 0
1740970749 56473 0
1740970751 56494 0
1740970753 55570 0
1740970755 56119 0
1740970757 56149 0
1740970759 55869 0
1740970761 56258 0
1740970763 55929 0
1740970765 56101 0
1740970767 56201 0
1740970769 57023 0
1740970771 56690 0
1740970773 55395 0
1740970775 55459 0
1740970777 56613 0
1740970779 57075 0
1740970781 54966 0
1740970783 56470 0
1740970785 56336 0
1740970787 57041 0
1740970789 58837 0
1740970791 56309 0
1740970793 54697 0
1740970795 55601 0
1740970797 56525 0
1740970799 62916 0
1740970801 56334 0
1740970803 56479 0
1740970805 56770 0
1740970807 57011 0
1740970809 56461 0
1740970811 56508 0
1740970813 56009 0
1740970815 56111 0
1740970817 56344 0
1740970820 55859 0
1740970822 55521 0
1740970824 56288 0
1740970826 56271 0
1740970828 56264 0
1740970830 55724 0
1740970832 55696 0
1740970834 56157 0
1740970836 56332 0
1740970838 55893 0
1740970840 56044 0
1740970842 55410 0
1740970844 56213 0
1740970846 55826 0
1740970848 55840 0
1740970850 55977 0
1740970852 55917 0
1740970854 56309 0
1740970856 55979 0
1740970858 55741 0
1740970860 55978 0
1740970862 55959 0
1740970864 55343 0
1740970866 55770 0
1740970868 55597 0
1740970870 55450 0
1740970872 56667 0
1740970874 56209 0
1740970876 55644 0
1740970878 56274 0
1740970880 55724 0
1740970882 56487 0
1740970884 55828 0
1740970886 55526 0
1740970888 55657 0
1740970890 55509 0
1740970892 55905 0
1740970894 56500 0
1740970896 55185 0
1740970898 56214 0
1740970900 55068 0
1740970902 55615 0
1740970904 55914 0
1740970906 55946 0
1740970908 55595 0
1740970910 54909 0
1740970912 55549 0
1740970914 56460 0
1740970916 60516 0
1740970918 60256 0
1740970920 59466 0
1740970922 56045 0
1740970924 55401 0
1740970926 55881 0
1740970928 55704 0
1740970930 55147 0
1740970932 55659 0
1740970934 55577 0
1740970936 55357 0
1740970938 55470 0
1740970940 55137 0
1740970942 54287 0
1740970944 55949 0
1740970946 55160 0
1740970948 60741 0
1740970950 58313 0
1740970952 60580 0
1740970954 55691 0
1740970956 54693 0
1740970958 55362 0
1740970960 56516 0
1740970962 56123 0
1740970964 56420 0
1740970966 55649 0
1740970968 55718 0
1740970970 57435 0
1740970972 57603 0
1740970974 57527 0
1740970976 57060 0
1740970978 57996 0
1740970980 56241 0
1740970982 56951 0
1740970984 56183 0
1740970986 55973 0
1740970988 56174 0
1740970990 55150 0
1740970992 56429 0
1740970994 55306 0
1740970996 56046 0
1740970998 56130 0
1740971000 56033 0
1740971002 56480 0
1740971004 55037 0
1740971006 55894 0
1740971008 56059 0
1740971010 55777 0
1740971012 56065 0
1740971014 56430 0
1740971016 56010 0
1740971018 56045 0
1740971020 55551 0
1740971022 55780 0
1740971024 56486 0
1740971026 56435 0
1740971028 56286 0
1740971030 56113 0
1740971032 56128 0
1740971034 56265 0
1740971036 56063 0
1740971038 55428 0
1740971040 55738 0
1740971042 55572 0
1740971044 56238 0
1740971046 55612 0
1740971048 55753 0
1740971050 55878 0
1740971052 55718 0
1740971054 58470 0
1740971056 55846 0
1740971058 57280 0
1740971060 55698 0
1740971062 56879 0
1740971064 56269 0
1740971066 60646 0
1740971068 57255 0
1740971070 54866 0
1740971072 58129 0
1740971074 56767 0
1740971076 57552 0
1740971078 55658 0
1740971080 55601 0
1740971082 55748 0
1740971084 56015 0
1740971086 55132 0
1740971088 53766 0
1740971090 55503 0
1740971092 54566 0
1740971094 55331 0
1740971096 55368 0
1740971099 55395 0
1740971101 54489 0
1740971103 55026 0
1740971105 55563 0
1740971107 54948 0
1740971109 55786 0
1740971111 55462 0
1740971113 56048 0
1740971115 55138 0
1740971117 55598 0
1740971119 56171 0
1740971121 55792 0
1740971123 55115 0
1740971125 55152 0
1740971127 55280 0
1740971129 55301 0
1740971131 55385 0
1740971133 55440 0
1740971135 55632 0
1740971137 55072 0
1740971139 55724 0
1740971141 54785 0
1740971143 55179 0
1740971145 54508 0
1740971147 54651 0
1740971149 55738 0
1740971151 54511 0
1740971153 56001 0
1740971155 55175 0
1740971157 56083 0
1740971159 55691 0
1740971161 55302 0
1740971163 55648 0
1740971165 55230 0
1740971167 55419 0
1740971169 54757 0
1740971171 55349 0
1740971173 56120 0
1740971175 55971 0
1740971177 55587 0
1740971179 56443 0
1740971181 55901 0
1740971183 55956 0
1740971185 55913 0
1740971187 55747 0
1740971189 55495 0
1740971191 55535 0
1740971193 55976 0
1740971195 56589 0
1740971197 55742 0
1740971199 56651 0
1740971201 55027 0
1740971203 55981 0
1740971205 55874 0
1740971207 56217 0
1740971209 55270 0
1740971211 55911 0
1740971213 55229 0
1740971215 55490 0
1740971217 54714 0
1740971219 55701 0
1740971221 54841 0
1740971223 55553 0
1740971225 55300 0
1740971227 55601 0
1740971229 56246 0
1740971231 57072 0
1740971233 56341 0
1740971235 55609 0
1740971237 56299 0
1740971239 55513 0
1740971241 55774 0
1740971243 55495 0
1740971245 55727 0
1740971247 54845 0
1740971249 54808 0
1740971251 56087 0
1740971253 55574 0
1740971255 55525 0
1740971257 55584 0
1740971259 55284 0
1740971261 55344 0
1740971263 55252 0
1740971265 54996 0
1740971267 54776 0
1740971269 55566 0
1740971271 56246 0
1740971273 55887 0
1740971275 55238 0
1740971277 55132 0
1740971279 55107 0
1740971281 55101 0
1740971283 55361 0
1740971285 55308 0
1740971287 55319 0
1740971289 55935 0
1740971291 55543 0
1740971293 55692 0
1740971295 55670 0
1740971297 57569 0
1740971299 56229 0
1740971301 56933 0
1740971303 56000 0
1740971305 56058 0
1740971307 56573 0
1740971309 55048 0
1740971311 55483 0
1740971313 55237 0
1740971315 56105 0
1740971317 56253 0
1740971319 55440 0
1740971321 56463 0
1740971323 54783 0
1740971325 54553 0
1740971327 56243 0
1740971329 55579 0
1740971331 56187 0
1740971333 54871 0
1740971335 55489 0
1740971337 55373 0
1740971339 55601 0
1740971341 55279 0
1740971343 55851 0
1740971345 55174 0
1740971347 55457 0
1740971349 55177 0
1740971351 55439 0
1740971353 55420 0
1740971355 55483 0
1740971357 54744 0
1740971359 55321 0
1740971361 55659 0
1740971363 55488 0
1740971365 55554 0
1740971367 56410 0
1740971369 55382 0
1740971371 56163 0
1740971373 56692 0
1740971375 54980 0
1740971378 56054 0
1740971380 55260 0
1740971382 55368 0
1740971384 55156 0
1740971386 55933 0
1740971388 55394 0
1740971390 55534 0
1740971392 55801 0
1740971394 55350 0
1740971396 55318 0
1740971398 55490 0
1740971400 55716 0
1740971402 55676 0
1740971404 55909 0
1740971406 55896 0
1740971408 55824 0
1740971410 56167 0
1740971412 55989 0
1740971414 56047 0
1740971416 55372 0
1740971418 56483 0
1740971420 55541 0
1740971422 55985 0
1740971424 55808 0
1740971426 55777 0
1740971428 55581 0
1740971430 56238 0
1740971432 55377 0
1740971434 56075 0
1740971436 56180 0
1740971438 56168 0
1740971440 56277 0
1740971442 55217 0
1740971444 55388 0
1740971446 55700 0
1740971448 56239 0
1740971450 55648 0
1740971452 56340 0
1740971454 55626 0
1740971456 55623 0
1740971458 55928 0
1740971460 56033 0
1740971462 55794 0
1740971464 55584 0
1740971466 55501 0
1740971468 55621 0
1740971470 55891 0
1740971472 56025 0
1740971474 55661 0
1740971476 55717 0
1740971478 55349 0
1740971480 56028 0
1740971482 56250 0
1740971484 55011 0
1740971486 55340 0
1740971488 55583 0
1740971490 55655 0
1740971492 55899 0
1740971494 55999 0
1740971496 55550 0
1740971498 55581 0
1740971500 55906 0
1740971502 55726 0
1740971504 55302 0
1740971506 55585 0
1740971508 55625 0
1740971510 55642 0
1740971512 56148 0
1740971514 55221 0
1740971516 56116 0
1740971518 55534 0
1740971520 55573 0
1740971522 55515 0
1740971524 56099 0
1740971526 55928 0
1740971528 55816 0
1740971530 55053 0
1740971532 55717 0
1740971534 55171 0
1740971536 55323 0
1740971538 55232 0
1740971540 55443 0
1740971542 55654 0
1740971544 56073 0
1740971546 56208 0
1740971548 55233 0
1740971550 55229 0
1740971552 55751 0
1740971554 55743 0
1740971556 55077 0
1740971558 55380 0
1740971560 55445 0
1740971562 55285 0
1740971564 55795 0
1740971566 55645 0
1740971568 55687 0
1740971570 55359 0
1740971572 55533 0
1740971574 55738 0
1740971576 55375 0
1740971578 55664 0
1740971580 55543 0
1740971582 55886 0
1740971584 55592 0
1740971586 56125 0
1740971588 55574 0
1740971590 55816 0
1740971592 55791 0
1740971594 55422 0
1740971596 55557 0
1740971598 56305 0
1740971600 55603 0
1740971602 55671 0
1740971604 55526 0
1740971606 56172 0
1740971608 56496 0
1740971610 55787 0
1740971612 55701 0
1740971614 55576 0
1740971616 56559 0
1740971618 56234 0
1740971620 56219 0
1740971622 55961 0
1740971624 54979 0
1740971626 56026 0
1740971628 56356 0
1740971630 55905 0
1740971632 55595 0
1740971634 55892 0
1740971636 56242 0
1740971638 55615 0
1740971640 55820 0
1740971642 55828 0
1740971644 55317 0
1740971647 55920 0
1740971649 55773 0
1740971651 55199 0
1740971653 55692 0
1740971655 56198 0
1740971657 55747 0
1740971659 56170 0
1740971661 55756 0
1740971663 55998 0
1740971665 55955 0
1740971667 56382 0
1740971669 56092 0
1740971671 56380 0
1740971673 55902 0
1740971675 55676 0
1740971677 55779 0
1740971679 55298 0
1740971681 56581 0
1740971683 55583 0
1740971685 56497 0
1740971687 56470 0
1740971689 56189 0
1740971691 56682 0
1740971693 56447 0
1740971695 56110 0
1740971697 55562 0
1740971699 56154 0
1740971701 55495 0
1740971703 56156 0
1740971705 55685 0
1740971707 55633 0
1740971709 55936 0
1740971711 55977 0
1740971713 56300 0
1740971715 55549 0
1740971717 56116 0
1740971719 55946 0
1740971721 56263 0
1740971723 56101 0
1740971725 55689 0
1740971727 55819 0
1740971729 55557 0
1740971731 56500 0
1740971733 56305 0
1740971735 55778 0
1740971737 55687 0
1740971739 55960 0
1740971741 55647 0
1740971743 55857 0
1740971745 56327 0
1740971747 56375 0
1740971749 55870 0
1740971751 56248 0
1740971753 55335 0
1740971755 55897 0
1740971757 56132 0
1740971759 56461 0
1740971761 55491 0
1740971763 55620 0
1740971765 54937 0
1740971767 55502 0
1740971769 55374 0
1740971771 55743 0
1740971773 56076 0
1740971775 55820 0
1740971777 56380 0
1740971779 55666 0
1740971781 55848 0
1740971783 55515 0
1740971785 56219 0
1740971787 56799 0
1740971789 55979 0
1740971791 60942 0
1740971793 56641 0
1740971795 56503 0
1740971797 56300 0
1740971799 56220 0
1740971801 55611 0
1740971803 56660 0
1740971805 56126 0
1740971807 55789 0
1740971809 56430 0
1740971811 56251 0
1740971813 56331 0
1740971815 55936 0
1740971817 56351 0
1740971819 55262 0
1740971821 55801 0
1740971823 55899 0
1740971825 55928 0
1740971827 56280 0
1740971829 56426 0
1740971831 56791 0
1740971833 56452 0
1740971835 56471 0
1740971837 56499 0
1740971839 56308 0
1740971841 56845 0
1740971843 56709 0
1740971845 56909 0
1740971847 56090 0
1740971849 56546 0
1740971851 56097 0
1740971853 56796 0
1740971855 56053 0
1740971857 56418 0
1740971859 56135 0
1740971861 56966 0
1740971863 56125 0
1740971865 56182 0
1740971867 56005 0
1740971869 56449 0
1740971871 55938 0
1740971873 56515 0
1740971875 56122 0
1740971877 55670 0
1740971879 55952 0
1740971881 56733 0
1740971883 55871 0
1740971885 55995 0
1740971887 55971 0
1740971889 55708 0
1740971891 56509 0
1740971893 55746 0
1740971895 56162 0
1740971897 55975 0
1740971899 56692 0
1740971901 56956 0
1740971903 57946 0
1740971905 55377 0
1740971907 56038 0
1740971909 56023 0
1740971911 58712 0
1740971913 55124 0
1740971915 56519 0
1740971917 56564 0
1740971920 56900 0
1740971922 55740 0
1740971924 57222 0
1740971926 56131 0
1740971928 56235 0
1740971930 56130 0
1740971932 55536 0
1740971934 55755 0
1740971936 55878 0
1740971938 55907 0
1740971940 56204 0
1740971942 55993 0
1740971944 56073 0
1740971946 55987 0
1740971948 55814 0
1740971950 55977 0
1740971952 56618 0
1740971954 56826 0
1740971956 56775 0
1740971958 56412 0
1740971960 55260 0
1740971962 57328 0
1740971964 57398 0
1740971966 56290 0
1740971968 56332 0
1740971970 55915 0
1740971972 56107 0
1740971974 56761 0
1740971976 56771 0
1740971978 56223 0
1740971980 55828 0
1740971982 56055 0
1740971984 56355 0
1740971986 56245 0
1740971988 56608 0
1740971990 56457 0
1740971992 55543 0
1740971994 56001 0
1740971996 55627 0
1740971998 55579 0
1740972000 55778 0
1740972002 56255 0
1740972004 55458 0
1740972006 55728 0
1740972008 56545 0
1740972010 55956 0
1740972012 55837 0
1740972014 56480 0
1740972016 56103 0
1740972018 56461 0
1740972020 56502 0
1740972022 56434 0
1740972024 56044 0
1740972026 55952 0
1740972028 56059 0
1740972030 55746 0
1740972032 56073 0
1740972034 56792 0
1740972036 55631 0
1740972038 56111 0
1740972040 56148 0
1740972042 56097 0
1740972044 56559 0
1740972046 55547 0
1740972048 57038 0
1740972050 55451 0
1740972052 55913 0
1740972054 56279 0
1740972056 55403 0
1740972058 56095 0
1740972060 56141 0
1740972062 55805 0
1740972064 56384 0
1740972066 56805 0
1740972068 56422 0
1740972070 56095 0
1740972072 56302 0
1740972074 56814 0
1740972076 56295 0
1740972078 56369 0
1740972080 55688 0
1740972082 56359 0
1740972084 56495 0
1740972086 56216 0
1740972088 56127 0
1740972090 55482 0
1740972092 56136 0
1740972094 56266 0
1740972096 56241 0
1740972098 55792 0
1740972100 56103 0
1740972102 55729 0
1740972104 55432 0
1740972106 56733 0
1740972108 55949 0
1740972110 56480 0
1740972112 56219 0
1740972114 56001 0
1740972116 56208 0
1740972118 56197 0
1740972120 55457 0
1740972122 55084 0
1740972124 55938 0
1740972126 56473 0
1740972128 55403 0
1740972130 55277 0
1740972132 55262 0
1740972134 55572 0
1740972136 56150 0
1740972138 56321 0
1740972140 55422 0
1740972142 56078 0
1740972144 54956 0
1740972146 56136 0
1740972148 55984 0
1740972150 55626 0
1740972152 56273 0
1740972154 61331 0
1740972156 55802 0
1740972158 55959 0
1740972160 57044 0
1740972162 55862 0
1740972164 56339 0
1740972166 55701 0
1740972168 56336 0
1740972170 56080 0
1740972172 55947 0
1740972174 56014 0
1740972176 57020 0
1740972178 56167 0
1740972180 55826 0
1740972182 55244 0
1740972184 56077 0
1740972186 55914 0
1740972188 56003 0
1740972191 56478 0
1740972193 55782 0
1740972195 55569 0
1740972197 55911 0
1740972199 56142 0
1740972201 56197 0
1740972203 56271 0
1740972205 55613 0
1740972207 55575 0
1740972209 54843 0
1740972211 56039 0
1740972213 55626 0
1740972215 55784 0
1740972217 55690 0
1740972219 55440 0
1740972221 55658 0
1740972223 55972 0
1740972225 54818 0
1740972227 55451 0
1740972229 55195 0
1740972231 55542 0
1740972233 54838 0
1740972235 56592 0
1740972237 56090 0
1740972239 55957 0
1740972241 55477 0
1740972243 55981 0
1740972245 56758 0
1740972247 56011 0
1740972249 55924 0
1740972251 55880 0
1740972253 56306 0
1740972255 55715 0
1740972257 56983 0
1740972259 55577 0
1740972261 56258 0
1740972263 56575 0
1740972265 55894 0
1740972267 55761 0
1740972269 55734 0
1740972271 55613 0
1740972273 56328 0
1740972275 55771 0
1740972277 56022 0
1740972279 55398 0
1740972281 56336 0
1740972283 54992 0
1740972285 55982 0
1740972287 55465 0
1740972289 56149 0
1740972291 54829 0
1740972293 55508 0
1740972295 55776 0
1740972297 55582 0
1740972299 55633 0
1740972301 55124 0
1740972303 55127 0
1740972305 55339 0
1740972307 55631 0
1740972309 55781 0
1740972311 55828 0
1740972313 55426 0
1740972315 56233 0
1740972317 55143 0
1740972319 54646 0
1740972321 55685 0
1740972323 55311 0
1740972325 55769 0
1740972327 56027 0
1740972329 55919 0
1740972331 55750 0
1740972333 55772 0
1740972335 55682 0
1740972337 55963 0
1740972339 55908 0
1740972341 56121 0
1740972343 56770 0
1740972345 56102 0
1740972347 55963 0
1740972349 56053 0
1740972351 56332 0
1740972353 55372 0
1740972355 56718 0
1740972357 55847 0
1740972359 55671 0
1740972361 56015 0
1740972363 55346 0
1740972365 55743 0
1740972367 55912 0
1740972369 56391 0
1740972371 56835 0
1740972373 55231 0
1740972375 56305 0
1740972377 56209 0
1740972379 55477 0
1740972381 55450 0
1740972383 56124 0
1740972385 55494 0
1740972387 55847 0
1740972389 56366 0
1740972391 56004 0
1740972393 55932 0
1740972395 55784 0
1740972397 55779 0
1740972399 56033 0
1740972401 55880 0
1740972403 56161 0
1740972405 56075 0
1740972407 57342 0
1740972409 56300 0
1740972411 55988 0
1740972413 56083 0
1740972415 55585 0
1740972417 55829 0
1740972419 56328 0
1740972421 57206 0
1740972423 57481 0
1740972425 56883 0
1740972427 56143 0
1740972429 55004 0
1740972431 55997 0
1740972433 56108 0
1740972435 55311 0
1740972437 55443 0
1740972439 55935 0
1740972441 56518 0
1740972443 56368 0
1740972445 55721 0
1740972447 55954 0
1740972449 55858 0
1740972451 55791 0
1740972453 55662 0
1740972455 55912 0
1740972457 56301 0
1740972459 56583 0
1740972461 55994 0
1740972463 56190 0
1740972465 56948 0
1740972467 55114 0
1740972470 61557 0
1740972472 55848 0
1740972474 56492 0
1740972476 55860 0
1740972478 55449 0
1740972480 56024 0
1740972482 54401 0
1740972484 54289 0
1740972486 55998 0
1740972488 55942 0
1740972490 55279 0
1740972492 55570 0
1740972494 55800 0
1740972496 55576 0
1740972498 56741 0
1740972500 55510 0
1740972502 56070 0
1740972504 55722 0
1740972506 56236 0
1740972508 56211 0
1740972510 56551 0
1740972512 56350 0
1740972514 55809 0
1740972516 56047 0
1740972518 56273 0
1740972520 55081 0
1740972522 55628 0
1740972524 54952 0
1740972526 56473 0
1740972528 55409 0
1740972530 56240 0
1740972532 55175 0
1740972534 56302 0
1740972536 55467 0
1740972538 55567 0
1740972540 56140 0
1740972542 55676 0
1740972544 55522 0
1740972546 55109 0
1740972548 55884 0
1740972550 55442 0
1740972552 55416 0
1740972554 57114 0
1740972556 56681 0
1740972558 55952 0
1740972560 57107 0
1740972562 56111 0
1740972564 56747 0
1740972566 55789 0
1740972568 56155 0
1740972570 55648 0
1740972572 55669 0
1740972574 55521 0
1740972576 55588 0
1740972578 55585 0
1740972580 56028 0
1740972582 56198 0
1740972584 55551 0
1740972586 55784 0
1740972588 56490 0
1740972590 56262 0
1740972592 55862 0
1740972594 55879 0
1740972596 55319 0
1740972598 55757 0
1740972600 55832 0
1740972602 55401 0
1740972604 56070 0
1740972606 55997 0
1740972608 55421 0
1740972610 55891 0
1740972612 55715 0
1740972614 55608 0
1740972616 55745 0
1740972618 56015 0
1740972620 56023 0
1740972622 55746 0
1740972624 56120 0
1740972626 56264 0
1740972628 55949 0
1740972630 56197 0
1740972632 56433 0
1740972634 55944 0
1740972636 55938 0
1740972638 55804 0
1740972640 55567 0
1740972642 55907 0
1740972644 55633 0
1740972646 56037 0
1740972648 55092 0
1740972650 55843 0
1740972652 55291 0
1740972654 56364 0
1740972656 56154 0
1740972658 55979 0
1740972660 56089 0
1740972662 55831 0
1740972664 55849 0
1740972666 55574 0
1740972668 57408 0
1740972670 57170 0
1740972672 57101 0
1740972674 55924 0
1740972676 55708 0
1740972678 56315 0
1740972680 55597 0
1740972682 55872 0
1740972684 56881 0
1740972686 55984 0
1740972688 55442 0
1740972690 55788 0
1740972692 55665 0
1740972694 56111 0
1740972696 56875 0
1740972698 55679 0
1740972700 55387 0
1740972702 55436 0
1740972704 56395 0
1740972706 55357 0
1740972708 56166 0
1740972710 55552 0
1740972712 55968 0
1740972714 55192 0
1740972716 55968 0
1740972718 56767 0
1740972720 57600 0
1740972722 56299 0
1740972724 56044 0
1740972726 55922 0
1740972728 55467 0
1740972730 55855 0
1740972732 55834 0
1740972734 55655 0
1740972736 56125 0
1740972738 56038 0
1740972740 55583 0
1740972742 55827 0
1740972744 56064 0
1740972746 55727 0
1740972748 55956 0
1740972750 55855 0
1740972752 55602 0
1740972754 55991 0
1740972756 56766 0
1740972758 55979 0
1740972760 55678 0
1740972762 56435 0
1740972764 55511 0
1740972766 55892 0
1740972768 56031 0
1740972770 56095 0
1740972772 58290 0
1740972774 55848 0
1740972776 58786 0
1740972778 62575 0
1740972781 55546 0
1740972783 55412 0
1740972785 55814 0
1740972787 55490 0
1740972789 55182 0
1740972791 55826 0
1740972793 54921 0
1740972795 55970 0
1740972797 56099 0
1740972799 56328 0
1740972801 55418 0
1740972803 55578 0
1740972805 55829 0
1740972807 56184 0
1740972809 55496 0
1740972811 55591 0
1740972813 55345 0
1740972815 56817 0
1740972817 55722 0
1740972819 55427 0
1740972821 55554 0
1740972823 54686 0
1740972825 55869 0
1740972827 55451 0
1740972829 55344 0
1740972831 55622 0
1740972833 55723 0
1740972835 55627 0
1740972837 56121 0
1740972839 55515 0
1740972841 55914 0
1740972843 55522 0
1740972845 56066 0
1740972847 55546 0
1740972849 55055 0
1740972851 56071 0
1740972853 55357 0
1740972855 55296 0
1740972857 56349 0
1740972859 55834 0
1740972861 55461 0
1740972863 55861 0
1740972865 56631 0
1740972867 55836 0
1740972869 55434 0
1740972871 56202 0
1740972873 55311 0
1740972875 56373 0
1740972877 55999 0
1740972879 55648 0
1740972881 55546 0
1740972883 55753 0
1740972885 55407 0
1740972887 55742 0
1740972889 55124 0
1740972891 56099 0
1740972893 55730 0
1740972895 55256 0
1740972897 56115 0
1740972899 55835 0
1740972901 55255 0
1740972903 55157 0
1740972905 54562 0
1740972907 54995 0
1740972909 55348 0
1740972911 55370 0
1740972913 55394 0
1740972915 55771 0
1740972917 56169 0
1740972919 55607 0
1740972921 55693 0
1740972923 55618 0
1740972925 55917 0
1740972927 56187 0
1740972929 55721 0
1740972931 55561 0
1740972933 55572 0
1740972935 55774 0
1740972937 56567 0
1740972939 55687 0
1740972941 56025 0
1740972943 54740 0
1740972945 56768 0
1740972947 54860 0
1740972949 55131 0
1740972951 55309 0
1740972953 55609 0
1740972955 55907 0
1740972957 56012 0
1740972959 54996 0
1740972961 55620 0
1740972963 55598 0
1740972965 55197 0
1740972967 56145 0
1740972969 54642 0
1740972971 54596 0
1740972973 56016 0
1740972975 54949 0
1740972977 55833 0
1740972979 55235 0
1740972981 56131 0
1740972983 55582 0
1740972985 56313 0
1740972987 55652 0
1740972989 55814 0
1740972991 55099 0
1740972993 55931 0
1740972995 55241 0
1740972997 55244 0
1740972999 55926 0
1740973001 55480 0
1740973003 55817 0
1740973005 55541 0
1740973007 55187 0
1740973009 55393 0
1740973011 56039 0
1740973013 55981 0
1740973015 54805 0
1740973017 55453 0
1740973019 55782 0
1740973021 55624 0
1740973023 55378 0
1740973025 55617 0
1740973027 55113 0
1740973029 55277 0
1740973031 55552 0
1740973033 55658 0
1740973035 54970 0
1740973037 55419 0
1740973039 55390 0
1740973041 55572 0
1740973043 55593 0
1740973045 55339 0
1740973047 55294 0
1740973049 55412 0
1740973051 55685 0
1740973053 55750 0
1740973055 54890 0
1740973057 54630 0
1740973059 55174 0
1740973061 55422 0
1740973063 55314 0
1740973065 55142 0
1740973067 55005 0
1740973069 54832 0
1740973071 54816 0
1740973073 55381 0
1740973075 54727 0
1740973077 54559 0
1740973079 54586 0
1740973081 54748 0
1740973083 55260 0
1740973085 54882 0
1740973087 55011 0
1740973089 55027 0
1740973091 55265 0
1740973093 54811 0
1740973095 55237 0
1740973098 55105 0
1740973100 55053 0
1740973102 55135 0
1740973104 54501 0
1740973106 55471 0
1740973108 55166 0
1740973110 55099 0
1740973112 54749 0
1740973114 54616 0
1740973116 55087 0
1740973118 54545 0
1740973120 55020 0
1740973122 55008 0
1740973124 55232 0
1740973126 55691 0
1740973128 55450 0
1740973130 55222 0
1740973132 55321 0
1740973134 55554 0
1740973136 55400 0
1740973138 55434 0
1740973140 55379 0
1740973142 54979 0
1740973144 55584 0
1740973146 55473 0
1740973148 56151 0
1740973150 55670 0
1740973152 55339 0
1740973154 55483 0
1740973156 55440 0
1740973158 55638 0
1740973160 55042 0
1740973162 55482 0
1740973164 56016 0
1740973166 55533 0
1740973168 56047 0
1740973170 55572 0
1740973172 55328 0
1740973174 55417 0
1740973176 55474 0
1740973178 55994 0
1740973180 55557 0
1740973182 56707 0
1740973184 57790 0
1740973186 55474 0
1740973188 55783 0
1740973190 56165 0
1740973192 55391 0
1740973194 55904 0
1740973196 55483 0
1740973198 55573 0
1740973200 55735 0
1740973202 55735 0
1740973204 55952 0
1740973206 56031 0
1740973208 56282 0
1740973210 56042 0
1740973212 56089 0
1740973214 55922 0
1740973216 56768 0
1740973218 55659 0
1740973220 56593 0
1740973222 56667 0
1740973224 55543 0
1740973226 56095 0
1740973228 57120 0
1740973230 56025 0
1740973232 55620 0
1740973234 55241 0
1740973236 55944 0
1740973238 55736 0
1740973240 56130 0
1740973242 56205 0
1740973244 55485 0
1740973246 56091 0
1740973248 55756 0
1740973250 55928 0
1740973252 56431 0
1740973254 56002 0
1740973256 56471 0
1740973258 56092 0
1740973260 56025 0
1740973262 55966 0
1740973264 56016 0
1740973266 56314 0
1740973268 55957 0
1740973270 55880 0
1740973272 55049 0
1740973274 55706 0
1740973276 55685 0
1740973278 55898 0
1740973280 55547 0
1740973282 55854 0
1740973284 56066 0
1740973286 55816 0
1740973288 55899 0
1740973290 54747 0
1740973292 56028 0
1740973294 55507 0
1740973296 54844 0
1740973298 55106 0
1740973300 56032 0
1740973302 55864 0
1740973304 56204 0
1740973306 56617 0
1740973308 55758 0
1740973310 55854 0
1740973312 55408 0
1740973314 56004 0
1740973316 55916 0
1740973318 55729 0
1740973320 55534 0
1740973322 55851 0
1740973324 55144 0
1740973326 55872 0
1740973328 55509 0
1740973330 56034 0
1740973332 55866 0
1740973334 55701 0
1740973336 55802 0
1740973338 56055 0
1740973340 55704 0
1740973342 55193 0
1740973344 56093 0
1740973346 55383 0
1740973348 55941 0
1740973350 56238 0
1740973352 56441 0
1740973354 55933 0
1740973356 55654 0
1740973358 55793 0
1740973360 54919 0
1740973362 55607 0
1740973364 55467 0
1740973366 55595 0
1740973368 55394 0
1740973370 56133 0
1740973372 56112 0
1740973374 55024 0
1740973376 55778 0
1740973378 55605 0
1740973380 55640 0
1740973382 55644 0
1740973384 55467 0
1740973386 55384 0
1740973388 55701 0
1740973390 56037 0
1740973392 56615 0
1740973394 55788 0
1740973396 55541 0
1740973398 55233 0
1740973400 55879 0
1740973402 55523 0
1740973404 55744 0
1740973406 55619 0
1740973408 55717 0
1740973410 55121 0
1740973413 56140 0
1740973415 55104 0
1740973417 55775 0
1740973419 56288 0
1740973421 56128 0
1740973423 55681 0
1740973425 55519 0
1740973427 55575 0
1740973429 55259 0
1740973431 55729 0
1740973433 55675 0
1740973435 55683 0
1740973437 55826 0
1740973439 56045 0
1740973441 56141 0
1740973443 55363 0
1740973445 56059 0
1740973447 55457 0
1740973449 55842 0
1740973451 55968 0
1740973453 56107 0
1740973455 60994 0
1740973457 55097 0
1740973459 54947 0
1740973461 54781 0
1740973463 55732 0
1740973465 55715 0
1740973467 55693 0
1740973469 55831 0
1740973471 55956 0
1740973473 55618 0
1740973475 54979 0
1740973477 56142 0
1740973479 55518 0
1740973481 55885 0
1740973483 55853 0
1740973485 56166 0
1740973487 55801 0
1740973489 55574 0
1740973491 55789 0
1740973493 56112 0
1740973495 55710 0
1740973497 57069 0
1740973499 55782 0
1740973501 55297 0
1740973503 55415 0
1740973505 55022 0
1740973507 56212 0
1740973509 55689 0
1740973511 56096 0
1740973513 55954 0
1740973515 56333 0
1740973517 55488 0
1740973519 54687 0
1740973521 55462 0
1740973523 55923 0
1740973525 56047 0
1740973527 55602 0
1740973529 55909 0
1740973531 57156 0
1740973533 57201 0
1740973535 55999 0
1740973537 56315 0
1740973539 56328 0
1740973541 56065 0
1740973543 55612 0
1740973545 55645 0
1740973547 56012 0
1740973549 55634 0
1740973551 56059 0
1740973553 55823 0
1740973555 55870 0
1740973557 56793 0
1740973559 56368 0
1740973561 56123 0
1740973563 56797 0
1740973565 55928 0
1740973567 55743 0
1740973569 56349 0
1740973571 55943 0
1740973573 56028 0
1740973575 55483 0
1740973577 55972 0
1740973579 55713 0
1740973581 56810 0
1740973583 55587 0
1740973585 56306 0
1740973587 55417 0
1740973589 56002 0
1740973591 55237 0
1740973593 56442 0
1740973595 56147 0
1740973597 56023 0
1740973599 56281 0
1740973601 55546 0
1740973603 55345 0
1740973605 56064 0
1740973607 56715 0
1740973609 56370 0
1740973611 56013 0
1740973613 55045 0
1740973615 55967 0
1740973617 56506 0
1740973619 55500 0
1740973621 55456 0
1740973623 55787 0
1740973625 56334 0
1740973627 56490 0
1740973629 55621 0
1740973631 54924 0
1740973633 55424 0
1740973635 55526 0
1740973637 56189 0
1740973639 55832 0
1740973641 56090 0
1740973643 56361 0
1740973645 55942 0
1740973647 55900 0
1740973649 55588 0
1740973651 55833 0
1740973653 55575 0
1740973655 56225 0
1740973657 55039 0
1740973659 55956 0
1740973661 55967 0
1740973663 55453 0
1740973665 55794 0
1740973667 55795 0
1740973669 55153 0
1740973671 55966 0
1740973673 56183 0
1740973675 56244 0
1740973677 54883 0
1740973679 55452 0
1740973681 56159 0
1740973683 55081 0
1740973685 55848 0
1740973687 55130 0
1740973689 55414 0
1740973691 56041 0
1740973693 55738 0
1740973695 55368 0
1740973697 56458 0
1740973699 55038 0
1740973701 55810 0
1740973703 55512 0
1740973705 55264 0
1740973707 55909 0
1740973709 55079 0
1740973711 56273 0
1740973713 58543 0
1740973715 55802 0
1740973717 56857 0
1740973719 54499 0
1740973721 55745 0
1740973723 55760 0
1740973725 55584 0
1740973727 55845 0
1740973729 55256 0
1740973732 55269 0
1740973734 55873 0
1740973736 54987 0
1740973738 55417 0
1740973740 54957 0
1740973742 55343 0
1740973744 55314 0
1740973746 56204 0
1740973748 55851 0
1740973750 56328 0
1740973752 56379 0
1740973754 56194 0
1740973756 56566 0
1740973758 56436 0
1740973760 55998 0
1740973762 55784 0
1740973764 55929 0
1740973766 56237 0
1740973768 56072 0
1740973770 55763 0
1740973772 55630 0
1740973774 56109 0
1740973776 56075 0
1740973778 56041 0
1740973780 56148 0
1740973782 55933 0
1740973784 55920 0
1740973786 55531 0
1740973788 55472 0
1740973790 56007 0
1740973792 55577 0
1740973794 55873 0
1740973796 55346 0
1740973798 55932 0
1740973800 56044 0
1740973802 55807 0
1740973804 55727 0
1740973806 55936 0
1740973808 55889 0
1740973810 55920 0
1740973812 55664 0
1740973814 55918 0
1740973816 55648 0
1740973818 55931 0
1740973820 55931 0
1740973822 55196 0
1740973824 56442 0
1740973826 55637 0
1740973828 55717 0
1740973830 55904 0
1740973832 55538 0
1740973834 55505 0
1740973836 55480 0
1740973838 55721 0
1740973840 55899 0
1740973842 55084 0
1740973844 56119 0
1740973846 55398 0
1740973848 55238 0
1740973850 56258 0
1740973852 55420 0
1740973854 56390 0
1740973856 55883 0
1740973858 55235 0
1740973860 55843 0
1740973862 55857 0
1740973864 56544 0
1740973866 55244 0
1740973868 55454 0
1740973870 55584 0
1740973872 56572 0
1740973874 56155 0
1740973876 55902 0
1740973878 55631 0
1740973880 55559 0
1740973882 55992 0
1740973884 55682 0
1740973886 55840 0
1740973888 56344 0
1740973890 56121 0
1740973892 55678 0
1740973894 55767 0
1740973896 55653 0
1740973898 55958 0
1740973900 55790 0
1740973902 55690 0
1740973904 55595 0
1740973906 56518 0
1740973908 56436 0
1740973910 56205 0
1740973912 55866 0
1740973914 55621 0
1740973916 56136 0
1740973918 55808 0
1740973920 55401 0
1740973922 55315 0
1740973924 55625 0
1740973926 55605 0
1740973928 55674 0
1740973930 55532 0
1740973932 56501 0
1740973934 56357 0
1740973936 56065 0
1740973938 56355 0
1740973940 55736 0
1740973942 55532 0
1740973944 56027 0
1740973946 55695 0
1740973948 56042 0
1740973950 54993 0
1740973952 55079 0
1740973954 55708 0
1740973956 56195 0
1740973958 55937 0
1740973960 55243 0
1740973962 55705 0
1740973964 55504 0
1740973966 55538 0
1740973968 54917 0
1740973970 54953 0
1740973972 55891 0
1740973974 55653 0
1740973976 55312 0
1740973978 54909 0
1740973980 55722 0
1740973982 56311 0
1740973984 55680 0
1740973986 55386 0
1740973988 55309 0
1740973990 55381 0
1740973992 55718 0
1740973994 55700 0
1740973996 55573 0
1740973998 55787 0
1740974000 55770 0
1740974002 55373 0
1740974004 55431 0
1740974006 55312 0
1740974008 55935 0
1740974010 55357 0
1740974012 55813 0
1740974014 55153 0
1740974016 55603 0
1740974018 56182 0
1740974020 55033 0
1740974022 55760 0
1740974024 55540 0
1740974026 55415 0
1740974028 55525 0
1740974030 55306 0
1740974032 55236 0
1740974034 55796 0
1740974037 55137 0
1740974039 55900 0
1740974041 55305 0
1740974043 55628 0
1740974045 55496 0
1740974047 55227 0
1740974049 56241 0
1740974051 55570 0
1740974053 55756 0
1740974055 55739 0
1740974057 55788 0
1740974059 55377 0
1740974061 55220 0
1740974063 56153 0
1740974065 55752 0
1740974067 55444 0
1740974069 55701 0
1740974071 55243 0
1740974073 55669 0
1740974075 55834 0
1740974077 55479 0
1740974079 55362 0
1740974081 55292 0
1740974083 55566 0
1740974085 55626 0
1740974087 55375 0
1740974089 55819 0
1740974091 55766 0
1740974093 55572 0
1740974095 55573 0
1740974097 55085 0
1740974099 55237 0
1740974101 55620 0
1740974103 55937 0
1740974105 55880 0
1740974107 55700 0
1740974109 55287 0
1740974111 55745 0
1740974113 56003 0
1740974115 56260 0
1740974117 55990 0
1740974119 55578 0
1740974121 55452 0
1740974123 55226 0
1740974125 55201 0
1740974127 55557 0
1740974129 55302 0
1740974131 55452 0
1740974133 55822 0
1740974135 55548 0
1740974137 55695 0
1740974139 55367 0
1740974141 55387 0
1740974143 55548 0
1740974145 55958 0
1740974147 55464 0
1740974149 56282 0
1740974151 55701 0
1740974153 55883 0
1740974155 56399 0
1740974157 56159 0
1740974159 55858 0
1740974161 55622 0
1740974163 55071 0
1740974165 55946 0
1740974167 55983 0
1740974169 55417 0
1740974171 55901 0
1740974173 55869 0
1740974175 55105 0
1740974177 56042 0
1740974179 55485 0
1740974181 55843 0
1740974183 55950 0
1740974185 54877 0
1740974187 55713 0
1740974189 55576 0
1740974191 55719 0
1740974193 55714 0
1740974195 55523 0
1740974197 55982 0
1740974199 55681 0
1740974201 55338 0
1740974203 55575 0
1740974205 55355 0
1740974207 55875 0
1740974209 56135 0
1740974211 55688 0
1740974213 55351 0
1740974215 55120 0
1740974217 56359 0
1740974219 55735 0
1740974221 56057 0
1740974223 55486 0
1740974225 55251 0
1740974227 55897 0
1740974229 55621 0
1740974231 55444 0
1740974233 55696 0
1740974235 55983 0
1740974237 55678 0
1740974239 55359 0
1740974241 55919 0
1740974243 54843 0
1740974245 55639 0
1740974247 55362 0
1740974249 56026 0
1740974251 55588 0
1740974253 55831 0
1740974255 54991 0
1740974257 55011 0
1740974259 54590 0
1740974261 55763 0
1740974263 55910 0
1740974265 55733 0
1740974267 55592 0
1740974269 55561 0
1740974271 55162 0
1740974273 56527 0
1740974275 55675 0
1740974277 54764 0
1740974279 54970 0
1740974281 57174 0
1740974283 55728 0
1740974285 55824 0
1740974287 56120 0
1740974289 55460 0
1740974291 55586 0
1740974293 55481 0
1740974295 55686 0
1740974297 54667 0
1740974299 55354 0
1740974301 55396 0
1740974303 55522 0
1740974305 55605 0
1740974307 55607 0
1740974309 56049 0
1740974311 55801 0
1740974313 55461 0
1740974315 55823 0
1740974317 54630 0
1740974319 55305 0
1740974321 55144 0
1740974323 55599 0
1740974325 54948 0
1740974327 55408 0
1740974329 56324 0
1740974331 54746 0
1740974333 55213 0
1740974335 55445 0
1740974337 56019 0
1740974339 55851 0
1740974341 55013 0
1740974343 55862 0
1740974345 54496 0
1740974347 54732 0
1740974350 56136 0
1740974352 55518 0
1740974354 55423 0
1740974356 55681 0
1740974358 55911 0
1740974360 55889 0
1740974362 55468 0
1740974364 56210 0
1740974366 55579 0
1740974368 55445 0
1740974370 55421 0
1740974372 55408 0
1740974374 56166 0
1740974376 55748 0
1740974378 55593 0
1740974380 55603 0
1740974382 55851 0
1740974384 55223 0
1740974386 55544 0
1740974388 55263 0
1740974390 55629 0
1740974392 54666 0
1740974394 55666 0
1740974396 55633 0
1740974398 55721 0
1740974400 56459 0
1740974402 55200 0
1740974404 55967 0
1740974406 55782 0
1740974408 55894 0
1740974410 56309 0
1740974412 56663 0
1740974414 56954 0
1740974416 56099 0
1740974418 56092 0
1740974420 55882 0
1740974422 56590 0
1740974424 55631 0
1740974426 56329 0
1740974428 55895 0
1740974430 56219 0
1740974432 56356 0
1740974434 56084 0
1740974436 56150 0
1740974438 56521 0
1740974440 56805 0
1740974442 55931 0
1740974444 56525 0
1740974446 56059 0
1740974448 55721 0
1740974450 55579 0
1740974452 55843 0
1740974454 56280 0
1740974456 55913 0
1740974458 56489 0
1740974460 55610 0
1740974462 56413 0
1740974464 55911 0
1740974466 55964 0
1740974468 56229 0
1740974470 55514 0
1740974472 56279 0
1740974474 55184 0
1740974476 55151 0
1740974478 55506 0
1740974480 55661 0
1740974482 55757 0
1740974484 55784 0
1740974486 56143 0
1740974488 55728 0
1740974490 55357 0
1740974492 55744 0
1740974494 55042 0
1740974496 56322 0
1740974498 56591 0
1740974500 56109 0
1740974502 55997 0
1740974504 56504 0
1740974506 55816 0
1740974508 55923 0
1740974510 55992 0
1740974512 55805 0
1740974514 55873 0
1740974516 56351 0
1740974518 56190 0
1740974520 56079 0
1740974522 56180 0
1740974524 56175 0
1740974526 55996 0
1740974528 55745 0
1740974530 56287 0
1740974532 55500 0
1740974534 55938 0
1740974536 56120 0
1740974538 56056 0
1740974540 55362 0
1740974542 55920 0
1740974544 55135 0
1740974546 55692 0
1740974548 56105 0
1740974550 55714 0
1740974552 55988 0
1740974554 55562 0
1740974556 55688 0
1740974558 55836 0
1740974560 55981 0
1740974562 55420 0
1740974564 55839 0
1740974566 55563 0
1740974568 56079 0
1740974570 55607 0
1740974572 55565 0
1740974574 55823 0
1740974576 55835 0
1740974578 55775 0
1740974580 56154 0
1740974582 55933 0
1740974584 54916 0
1740974586 55510 0
1740974588 55731 0
1740974590 56006 0
1740974592 55967 0
1740974594 55734 0
1740974596 56164 0
1740974598 56054 0
1740974600 55879 0
1740974602 56632 0
1740974604 55687 0
1740974606 55714 0
1740974608 55827 0
1740974610 55709 0
1740974612 56005 0
1740974614 55504 0
1740974616 57358 0
1740974618 56346 0
1740974620 55639 0
1740974622 55682 0
1740974624 55394 0
1740974626 56129 0
1740974628 56193 0
1740974630 55873 0
1740974632 55791 0
1740974634 55562 0
1740974636 55995 0
1740974638 55345 0
1740974640 56289 0
1740974642 54954 0
1740974644 54750 0
1740974646 55282 0
1740974648 55408 0
1740974650 55840 0
1740974652 55198 0
1740974654 55792 0
1740974656 55566 0
1740974658 55018 0
1740974660 55381 0
1740974662 55815 0
1740974665 54744 0
1740974667 55919 0
1740974669 54160 0
1740974671 55660 0
1740974673 55707 0
1740974675 54930 0
1740974677 55435 0
1740974679 55658 0
1740974681 55386 0
1740974683 55913 0
1740974685 55484 0
1740974687 55460 0
1740974689 55948 0
1740974691 55728 0
1740974693 55272 0
1740974695 55889 0
1740974697 55851 0
1740974699 55294 0
1740974701 55458 0
1740974703 55369 0
1740974705 55945 0
1740974707 55407 0
1740974709 55376 0
1740974711 55020 0
1740974713 55566 0
1740974715 55208 0
1740974717 56086 0
1740974719 55482 0
1740974721 56046 0
1740974723 55684 0
1740974725 55826 0
1740974727 56262 0
1740974729 56003 0
1740974731 55923 0
1740974733 55869 0
1740974735 55968 0
1740974737 55724 0
1740974739 55522 0
1740974741 55996 0
1740974743 56043 0
1740974745 55924 0
1740974747 55557 0
1740974749 55604 0
1740974751 55721 0
1740974753 55438 0
1740974755 55568 0
1740974757 55860 0
1740974759 55736 0
1740974761 56040 0
1740974763 55636 0
1740974765 55680 0
1740974767 55532 0
1740974769 56077 0
1740974771 55569 0
1740974773 55506 0
1740974775 55739 0
1740974777 55773 0
1740974779 56078 0
1740974781 55650 0
1740974783 56212 0
1740974785 55330 0
1740974787 55698 0
1740974789 55996 0
1740974791 56379 0
1740974793 55946 0
1740974795 55488 0
1740974797 55457 0
1740974799 55590 0
1740974801 55364 0
1740974803 56255 0
1740974805 55109 0
1740974807 55090 0
1740974809 56059 0
1740974811 56332 0
1740974813 55424 0
1740974815 56496 0
1740974817 55975 0
1740974819 56371 0
1740974821 55597 0
1740974823 55466 0
1740974825 55358 0
1740974827 55178 0
1740974829 55977 0
1740974831 55641 0
1740974833 55183 0
1740974835 55748 0
1740974837 55069 0
1740974839 56071 0
1740974841 54947 0
1740974843 55703 0
1740974845 55486 0
1740974847 55225 0
1740974849 55474 0
1740974851 55805 0
1740974853 55066 0
1740974855 55821 0
1740974857 55441 0
1740974859 55458 0
1740974861 55258 0
1740974863 55725 0
1740974865 55448 0
1740974867 55123 0
1740974869 55714 0
1740974871 55349 0
1740974873 55974 0
1740974875 56623 0
1740974877 55483 0
1740974879 55541 0
1740974881 55033 0
1740974883 55729 0
1740974885 55599 0
1740974887 55416 0
1740974889 55541 0
1740974891 55631 0
1740974893 55456 0
1740974895 55846 0
1740974897 56108 0
1740974899 55855 0
1740974901 56496 0
1740974903 56005 0
1740974905 55392 0
1740974907 55414 0
1740974909 54858 0
1740974911 55474 0
1740974913 55705 0
1740974915 55960 0
1740974917 55563 0
1740974919 55241 0
1740974921 54934 0
1740974923 55562 0
1740974925 55770 0
1740974927 55472 0
1740974929 55640 0
1740974931 55591 0
1740974933 55662 0
1740974935 55421 0
1740974937 55777 0
1740974939 55451 0
1740974941 56109 0
1740974943 55305 0
1740974945 55304 0
1740974947 55795 0
1740974949 55514 0
1740974951 55664 0
1740974953 55844 0
1740974955 55449 0
1740974957 55795 0
1740974959 55742 0
1740974961 54916 0
1740974963 55460 0
1740974965 55326 0
1740974967 54015 0
1740974969 55271 0
1740974971 55960 0
1740974973 56102 0
1740974975 55398 0
1740974978 55759 0
1740974980 55395 0
1740974982 56187 0
1740974984 56112 0
1740974986 55182 0
1740974988 55209 0
1740974990 55411 0
1740974992 55525 0
1740974994 55515 0
1740974996 55387 0
1740974998 56164 0
1740975000 55943 0
1740975002 55675 0
1740975004 55719 0
1740975006 56044 0
1740975008 54982 0
1740975010 55580 0
1740975012 56183 0
1740975014 55159 0
1740975016 55545 0
1740975018 55546 0
1740975020 55863 0
1740975022 56512 0
1740975024 55853 0
1740975026 55689 0
1740975028 55640 0
1740975030 56478 0
1740975032 55734 0
1740975034 56069 0
1740975036 55688 0
1740975038 55810 0
1740975040 56677 0
1740975042 56485 0
1740975044 56703 0
1740975046 56275 0
1740975048 56547 0
1740975050 56757 0
1740975052 56080 0
1740975054 57046 0
1740975056 57855 0
1740975058 57050 0
1740975060 56416 0
1740975062 56608 0
1740975064 57116 0
1740975066 56640 0
1740975068 56501 0
1740975070 57259 0
1740975072 56809 0
1740975074 56756 0
1740975076 57178 0
1740975078 56417 0
1740975080 57357 0
1740975082 56989 0
1740975084 57046 0
1740975086 57521 0
1740975088 56964 0
1740975090 57196 0
1740975092 56918 0
1740975094 57225 0
1740975096 57463 0
1740975098 57550 0
1740975100 57049 0
1740975102 57186 0
1740975104 57143 0
1740975106 57063 0
1740975108 57554 0
1740975110 57237 0
1740975112 56988 0
1740975114 56914 0
1740975116 56492 0
1740975118 56226 0
1740975120 56960 0
1740975122 56464 0
1740975124 55878 0
1740975126 56510 0
1740975128 56331 0
1740975130 56888 0
1740975132 57048 0
1740975134 57137 0
1740975136 56429 0
1740975138 57057 0
1740975140 56540 0
1740975142 57222 0
1740975144 56215 0
1740975146 56824 0
1740975148 57103 0
1740975150 57311 0
1740975152 56525 0
1740975154 56693 0
1740975156 57497 0
1740975158 56579 0
1740975160 56749 0
1740975162 56217 0
1740975164 57478 0
1740975166 56981 0
1740975168 57110 0
1740975170 56824 0
1740975172 56859 0
1740975174 56359 0
1740975176 56546 0
1740975178 57381 0
1740975180 57277 0
1740975182 56542 0
1740975184 56102 0
1740975186 56879 0
1740975188 56975 0
1740975190 56667 0
1740975192 56506 0
1740975194 56497 0
1740975196 56833 0
1740975198 56623 0
1740975200 56359 0
1740975202 57120 0
1740975204 56650 0
1740975206 57024 0
1740975208 56591 0
1740975210 57157 0
1740975212 57775 0
1740975214 57098 0
1740975216 56687 0
1740975218 56585 0
1740975220 56376 0
1740975222 57456 0
1740975224 56769 0
1740975226 56619 0
1740975228 56911 0
1740975230 56071 0
1740975232 56438 0
1740975234 56202 0
1740975236 56621 0
1740975238 56400 0
1740975240 56427 0
1740975242 56927 0
1740975244 56565 0
1740975246 56088 0
1740975248 56630 0
1740975250 57040 0
1740975252 57070 0
1740975254 56636 0
1740975256 56491 0
1740975258 56846 0
1740975260 56841 0
1740975262 56920 0
1740975264 56767 0
1740975266 56449 0
1740975268 56602 0
1740975270 56489 0
1740975272 56169 0
1740975274 55630 0
1740975276 56508 0
1740975278 57258 0
1740975280 57079 0
1740975283 56737 0
1740975285 57354 0
1740975287 57349 0
1740975289 56291 0
1740975291 56248 0
1740975293 55874 0
1740975295 55666 0
1740975297 57053 0
1740975299 56084 0
1740975301 56348 0
1740975303 56360 0
1740975305 57203 0
1740975307 56682 0
1740975309 56727 0
1740975311 57933 0
1740975313 56245 0
1740975315 57293 0
1740975317 57509 0
1740975319 57580 0
1740975321 57327 0
1740975323 56709 0
1740975325 56861 0
1740975327 56958 0
1740975329 57226 0
1740975331 56989 0
1740975333 57901 0
1740975335 57366 0
1740975337 57161 0
1740975339 56410 0
1740975341 56925 0
1740975343 56140 0
1740975345 56686 0
1740975347 56945 0
1740975349 56115 0
1740975351 56366 0
1740975353 57253 0
1740975355 57020 0
1740975357 56935 0
1740975359 56489 0
1740975361 57569 0
1740975363 56521 0
1740975365 57303 0
1740975367 56684 0
1740975369 57329 0
1740975371 57214 0
1740975373 57731 0
1740975375 57243 0
1740975377 57197 0
1740975379 56822 0
1740975381 57819 0
1740975383 57360 0
1740975385 57188 0
1740975387 56778 0
1740975389 56933 0
1740975391 57716 0
1740975393 56900 0
1740975395 57234 0
1740975397 56947 0
1740975399 57215 0
1740975401 57221 0
1740975403 56880 0
1740975405 56880 0
1740975407 56542 0
1740975409 57010 0
1740975411 56999 0
1740975413 56745 0
1740975415 56704 0
1740975417 57908 0
1740975419 56365 0
1740975421 56932 0
1740975423 56335 0
1740975425 56528 0
1740975427 56131 0
1740975429 56652 0
1740975431 55564 0
1740975433 56897 0
1740975435 56087 0
1740975437 56484 0
1740975439 56508 0
1740975441 56889 0
1740975443 56039 0
1740975445 57090 0
1740975447 56697 0
1740975449 56263 0
1740975451 56507 0
1740975453 56560 0
1740975455 57183 0
1740975457 57062 0
1740975459 57049 0
1740975461 55941 0
1740975463 55435 0
1740975465 56196 0
1740975467 55112 0
1740975469 55473 0
1740975471 56206 0
1740975473 54807 0
1740975475 55505 0
1740975477 56023 0
1740975479 55591 0
1740975481 55874 0
1740975483 54816 0
1740975485 55947 0
1740975487 55557 0
1740975489 56090 0
1740975491 55701 0
1740975493 55736 0
1740975495 56108 0
1740975497 55825 0
1740975499 56262 0
1740975501 55696 0
1740975503 55632 0
1740975505 55516 0
1740975507 55336 0
1740975509 55719 0
1740975511 54886 0
1740975513 55540 0
1740975515 56046 0
1740975517 55393 0
1740975519 55888 0
1740975521 56323 0
1740975523 56140 0
1740975525 55862 0
1740975527 56191 0
1740975529 55637 0
1740975531 55631 0
1740975533 55858 0
1740975535 55535 0
1740975537 55387 0
1740975539 55471 0
1740975541 55567 0
1740975543 55518 0
1740975545 55581 0
1740975547 55875 0
1740975549 55760 0
1740975551 56108 0
1740975553 54872 0
1740975555 55527 0
1740975557 55842 0
1740975559 56223 0
1740975561 55255 0
1740975563 56022 0
1740975565 55691 0
1740975567 55450 0
1740975569 55529 0
1740975571 56287 0
1740975573 55629 0
1740975575 55210 0
1740975577 55346 0
1740975579 55694 0
1740975581 55644 0
1740975583 55411 0
1740975585 55974 0
1740975587 55346 0
1740975589 56260 0
1740975591 55578 0
1740975593 56345 0
1740975596 55187 0
1740975598 55404 0
1740975600 55411 0
1740975602 55338 0
1740975604 55776 0
1740975606 56059 0
1740975608 56015 0
1740975610 55156 0
1740975612 55581 0
1740975614 55901 0
1740975616 55937 0
1740975618 55884 0
1740975620 55810 0
1740975622 56375 0
1740975624 55963 0
1740975626 56358 0
1740975628 55829 0
1740975630 55374 0
1740975632 55879 0
1740975634 56223 0
1740975636 56310 0
1740975638 55929 0
1740975640 56016 0
1740975642 56066 0
1740975644 56332 0
1740975646 56623 0
1740975648 55915 0
1740975650 56048 0
1740975652 56668 0
1740975654 56194 0
1740975656 55946 0
1740975658 56640 0
1740975660 57311 0
1740975662 57000 0
1740975664 56701 0
1740975666 56859 0
1740975668 57144 0
1740975670 56604 0
1740975672 56997 0
1740975674 56871 0
1740975676 56983 0
1740975678 56855 0
1740975680 56799 0
1740975682 57250 0
1740975684 56779 0
1740975686 57138 0
1740975688 57586 0
1740975690 57093 0
1740975692 57043 0
1740975694 56718 0
1740975696 56747 0
1740975698 57499 0
1740975700 56458 0
1740975702 57557 0
1740975704 57235 0
1740975706 56627 0
1740975708 57050 0
1740975710 57179 0
1740975712 56843 0
1740975714 55972 0
1740975716 56178 0
1740975718 56361 0
1740975720 56351 0
1740975722 55731 0
1740975724 55769 0
1740975726 56198 0
1740975728 56485 0
1740975730 55788 0
1740975732 56063 0
1740975734 56160 0
1740975736 55267 0
1740975738 56125 0
1740975740 55838 0
1740975742 55760 0
1740975744 56397 0
1740975746 56038 0
1740975748 56784 0
1740975750 56193 0
1740975752 55828 0
1740975754 55694 0
1740975756 55696 0
1740975758 55725 0
1740975760 56189 0
1740975762 55373 0
1740975764 55689 0
1740975766 55640 0
1740975768 55342 0
1740975770 55733 0
1740975772 55788 0
1740975774 55128 0
1740975776 55564 0
1740975778 56064 0
1740975780 55848 0
1740975782 55911 0
1740975784 55987 0
1740975786 55671 0
1740975788 55390 0
1740975790 56315 0
1740975792 55665 0
1740975794 56289 0
1740975796 55758 0
1740975798 55795 0
1740975800 54912 0
1740975802 54851 0
1740975804 55888 0
1740975806 55688 0
1740975808 55778 0
1740975810 55683 0
1740975812 55804 0
1740975814 55898 0
1740975816 55837 0
1740975818 56002 0
1740975820 56049 0
1740975822 55560 0
1740975824 55574 0
1740975826 56297 0
1740975828 55536 0
1740975830 55820 0
1740975832 56115 0
1740975834 55551 0
1740975836 55783 0
1740975838 55386 0
1740975840 55470 0
1740975842 56091 0
1740975844 55488 0
1740975846 55923 0
1740975848 55770 0
1740975850 55708 0
1740975852 56045 0
1740975854 56240 0
1740975856 55666 0
1740975858 56026 0
1740975860 55879 0
1740975862 55786 0
1740975864 56145 0
1740975866 55928 0
1740975868 55825 0
1740975870 56193 0
1740975872 55713 0
1740975874 55253 0
1740975876 56079 0
1740975878 55690 0
1740975880 55638 0
1740975882 55782 0
1740975884 55781 0
1740975886 55617 0
1740975888 56083 0
1740975890 56567 0
1740975892 55272 0
1740975894 55669 0
1740975896 57002 0
1740975898 57009 0
1740975900 56851 0
1740975902 56917 0
1740975904 55994 0
1740975906 57606 0
1740975908 56608 0
1740975910 62508 0
1740975913 54890 0
1740975915 55977 0
1740975917 55929 0
1740975919 56975 0
1740975921 57076 0
1740975923 55951 0
1740975925 57635 0
1740975927 57971 0
1740975929 58828 0
1740975931 57466 0
1740975933 56511 0
1740975935 55852 0
1740975937 56601 0
1740975939 56865 0
1740975941 56411 0
1740975943 57169 0
1740975945 57435 0
1740975947 56906 0
1740975949 57076 0
1740975951 56774 0
1740975953 56662 0
1740975955 56983 0
1740975957 57129 0
1740975959 56684 0
1740975961 57163 0
1740975963 57923 0
1740975965 56282 0
1740975967 57702 0
1740975969 57929 0
1740975971 57899 0
1740975973 57733 0
1740975975 57427 0
1740975977 56671 0
1740975979 56589 0
1740975981 56285 0
1740975983 56924 0
1740975985 57110 0
1740975987 56874 0
1740975989 56938 0
1740975991 57365 0
1740975993 57353 0
1740975995 57087 0
1740975997 56746 0
1740975999 57562 0
1740976001 57140 0
1740976003 57214 0
1740976005 56995 0
1740976007 57063 0
1740976009 57079 0
1740976011 57044 0
1740976013 57060 0
1740976015 57418 0
1740976017 56665 0
1740976019 57240 0
1740976021 57455 0
1740976023 57057 0
1740976025 57337 0
1740976027 56985 0
1740976029 57252 0
1740976031 56670 0
1740976033 57697 0
1740976035 57398 0
1740976037 57143 0
1740976039 57589 0
1740976041 56887 0
1740976043 57194 0
1740976045 57045 0
1740976047 56929 0
1740976049 57554 0
1740976051 57510 0
1740976053 56972 0
1740976055 57016 0
1740976057 56526 0
1740976059 56995 0
1740976061 57744 0
1740976063 56886 0
1740976065 57592 0
1740976067 57046 0
1740976069 56943 0
1740976071 57373 0
1740976073 57485 0
1740976075 62425 0
1740976077 58090 0
1740976079 58102 0
1740976081 57132 0
1740976083 58431 0
1740976085 57839 0
1740976087 58039 0
1740976089 58460 0
1740976091 56854 0
1740976093 56511 0
1740976095 56540 0
1740976097 57180 0
1740976099 57018 0
1740976101 55804 0
1740976103 56700 0
1740976105 56902 0
1740976107 56768 0
1740976109 56654 0
1740976111 56677 0
1740976113 56458 0
1740976115 56567 0
1740976117 56560 0
1740976119 57206 0
1740976121 57068 0
1740976123 57227 0
1740976125 57145 0
1740976127 56768 0
1740976129 57286 0
1740976131 57134 0
1740976133 57082 0
1740976135 57125 0
1740976137 57230 0
1740976139 57117 0
1740976141 56798 0
1740976143 57586 0
1740976145 57011 0
1740976147 56714 0
1740976149 57328 0
1740976151 56557 0
1740976153 56988 0
1740976155 56594 0
1740976157 57211 0
1740976159 57430 0
1740976161 56887 0
1740976163 56791 0
1740976165 56939 0
1740976167 56260 0
1740976169 57305 0
1740976171 56709 0
1740976173 57094 0
1740976175 57164 0
1740976177 56921 0
1740976179 57236 0
1740976181 57628 0
1740976183 56786 0
1740976185 56720 0
1740976187 56562 0
1740976189 56609 0
1740976191 56548 0
1740976193 56919 0
1740976195 57001 0
1740976197 56804 0
1740976199 57432 0
1740976201 57174 0
1740976203 57935 0
1740976205 57143 0
1740976207 57119 0
1740976209 57160 0
1740976211 57483 0
1740976213 57944 0
1740976215 57586 0
1740976217 57659 0
1740976219 57095 0
1740976221 57483 0
1740976224 57153 0
1740976226 56746 0
1740976228 57592 0
1740976230 56927 0
1740976232 57449 0
1740976234 57063 0
1740976236 57100 0
1740976238 56574 0
1740976240 57259 0
1740976242 56432 0
1740976244 56747 0
1740976246 57046 0
1740976248 57461 0
1740976250 57332 0
1740976252 57237 0
1740976254 59544 0
1740976256 59117 0
1740976258 57275 0
1740976260 56790 0
1740976262 56682 0
1740976264 57923 0
1740976266 56669 0
1740976268 57425 0
1740976270 57101 0
1740976272 57476 0
1740976274 56928 0
1740976276 57078 0
1740976278 56639 0
1740976280 57130 0
1740976282 57366 0
1740976284 57916 0
1740976286 57518 0
1740976288 57037 0
1740976290 56774 0
1740976292 56768 0
1740976294 57097 0
1740976296 57093 0
1740976298 57158 0
1740976300 57567 0
1740976302 57214 0
1740976304 57159 0
1740976306 57046 0
1740976308 57556 0
1740976310 57205 0
1740976312 57130 0
1740976314 57319 0
1740976316 57128 0
1740976318 57565 0
1740976320 57243 0
1740976322 57121 0
1740976324 57194 0
1740976326 57369 0
1740976328 56931 0
1740976330 57008 0
1740976332 56970 0
1740976334 57305 0
1740976336 57290 0
1740976338 57077 0
1740976340 57443 0
1740976342 57001 0
1740976344 56522 0
1740976346 57283 0
1740976348 56976 0
1740976350 57262 0
1740976352 57215 0
1740976354 57700 0
1740976356 57396 0
1740976358 57536 0
1740976360 57379 0
1740976362 57465 0
1740976364 57206 0
1740976366 59565 0
1740976368 57721 0
1740976370 58202 0
1740976372 56865 0
1740976374 56774 0
1740976376 57357 0
1740976378 57823 0
1740976380 57119 0
1740976382 56963 0
1740976384 57257 0
1740976386 57882 0
1740976388 57713 0
1740976390 57534 0
1740976392 57091 0
1740976394 56910 0
1740976396 56865 0
1740976398 57066 0
1740976400 57519 0
1740976402 57666 0
1740976404 56579 0
1740976406 55943 0
1740976408 56749 0
1740976410 57139 0
1740976412 57082 0
1740976414 56955 0
1740976416 56858 0
1740976418 57537 0
1740976420 56705 0
1740976422 56901 0
1740976424 57211 0
1740976426 57103 0
1740976428 57151 0
1740976430 57331 0
1740976432 57325 0
1740976434 56661 0
1740976436 57700 0
1740976438 57636 0
1740976440 56653 0
1740976442 57114 0
1740976444 56863 0
1740976446 57883 0
1740976448 56955 0
1740976450 56713 0
1740976452 56665 0
1740976454 57509 0
1740976456 57780 0
1740976458 57448 0
1740976460 56766 0
1740976462 56881 0
1740976464 56973 0
1740976466 57927 0
1740976468 57293 0
1740976470 57090 0
1740976472 57087 0
1740976474 57450 0
1740976476 57472 0
1740976478 57134 0
1740976480 57463 0
1740976482 57147 0
1740976484 57486 0
1740976486 57591 0
1740976488 57201 0
1740976490 56329 0
1740976492 57750 0
1740976494 56634 0
1740976496 57189 0
1740976498 56682 0
1740976500 57012 0
1740976502 56676 0
1740976504 57096 0
1740976506 57030 0
1740976508 57879 0
1740976510 57561 0
1740976512 57560 0
1740976514 57167 0
1740976516 57011 0
1740976518 56713 0
1740976520 57013 0
1740976522 57313 0
1740976524 56334 0
1740976526 56657 0
1740976528 56765 0
1740976530 56450 0
1740976532 56368 0
1740976534 57022 0
1740976537 56976 0
1740976539 57324 0
1740976541 57324 0
1740976543 56480 0
1740976545 56488 0
1740976547 57069 0
1740976549 56971 0
1740976551 57013 0
1740976553 57211 0
1740976555 57428 0
1740976557 57497 0
1740976559 57309 0
1740976561 57087 0
1740976563 56675 0
1740976565 56555 0
1740976567 56226 0
1740976569 57303 0
1740976571 57871 0
1740976573 56258 0
1740976575 57494 0
1740976577 57191 0
1740976579 57423 0
1740976581 57701 0
1740976583 57592 0
1740976585 57615 0
1740976587 56813 0
1740976589 56961 0
1740976591 57756 0
1740976593 58199 0
1740976595 57487 0
1740976597 57282 0
1740976599 56620 0
1740976601 56693 0
1740976603 57112 0
1740976605 57700 0
1740976607 56922 0
1740976609 56550 0
1740976611 57039 0
1740976613 56354 0
1740976615 57259 0
1740976617 57012 0
1740976619 56996 0
1740976621 57258 0
1740976623 57116 0
1740976625 57097 0
1740976627 56865 0
1740976629 56412 0
1740976631 56929 0
1740976633 57067 0
1740976635 56943 0
1740976637 57293 0
1740976639 56853 0
1740976641 56833 0
1740976643 56922 0
1740976645 56763 0
1740976647 57018 0
1740976649 56805 0
1740976651 56826 0
1740976653 57568 0
1740976655 57394 0
1740976657 56850 0
1740976659 58078 0
1740976661 58118 0
1740976663 57646 0
1740976665 57175 0
1740976667 56886 0
1740976669 56865 0
1740976671 57554 0
1740976673 57294 0
1740976675 58044 0
1740976677 57406 0
1740976679 57098 0
1740976681 56926 0
1740976683 57064 0
1740976685 57270 0
1740976687 57053 0
1740976689 57448 0
1740976691 57012 0
1740976693 57555 0
1740976695 57040 0
1740976697 57596 0
1740976699 57563 0
1740976701 57057 0
1740976703 57727 0
1740976705 57035 0
1740976707 56832 0
1740976709 57395 0
1740976711 56890 0
1740976713 57324 0
1740976715 57596 0
1740976717 57488 0
1740976719 57179 0
1740976721 57172 0
1740976723 57176 0
1740976725 56928 0
1740976727 57052 0
1740976729 57662 0
1740976731 57160 0
1740976733 57733 0
1740976735 57348 0
1740976737 57491 0
1740976739 56884 0
1740976741 57847 0
1740976743 56896 0
1740976745 57397 0
1740976747 56908 0
1740976749 57143 0
1740976751 57396 0
1740976753 57504 0
1740976755 57352 0
1740976757 57267 0
1740976759 56894 0
1740976761 57024 0
1740976763 57853 0
1740976765 56806 0
1740976767 57063 0
1740976769 57391 0
1740976771 57177 0
1740976773 57822 0
1740976775 56943 0
1740976777 56809 0
1740976779 57575 0
1740976781 58203 0
1740976783 59359 0
1740976785 57420 0
1740976787 57473 0
1740976789 57015 0
1740976791 57517 0
1740976793 57115 0
1740976795 56490 0
1740976797 57428 0
1740976799 57246 0
1740976801 57124 0
1740976803 57967 0
1740976805 59134 0
1740976807 58303 0
1740976809 57456 0
1740976811 58569 0
1740976813 58778 0
1740976815 57995 0
1740976817 56873 0
1740976819 57177 0
1740976821 57099 0
1740976823 57227 0
1740976825 57263 0
1740976827 57141 0
1740976829 58054 0
1740976831 57071 0
1740976833 57483 0
1740976835 57682 0
1740976837 56661 0
1740976839 57175 0
1740976841 57127 0
1740976843 57229 0
1740976845 57535 0
1740976847 57130 0
1740976849 57055 0
1740976851 56973 0
1740976854 57389 0
1740976856 56967 0
1740976858 56977 0
1740976860 57378 0
1740976862 57532 0
1740976864 57292 0
1740976866 57453 0
1740976868 56821 0
1740976870 57562 0
1740976872 57368 0
1740976874 57720 0
1740976876 57278 0
1740976878 57380 0
1740976880 57289 0
1740976882 57113 0
1740976884 56475 0
1740976886 57444 0
1740976888 56706 0
1740976890 58298 0
1740976892 58242 0
1740976894 57896 0
1740976896 56864 0
1740976898 57226 0
1740976900 56555 0
1740976902 57478 0
1740976904 56629 0
1740976906 57812 0
1740976908 57793 0
1740976910 56529 0
1740976912 58468 0
1740976914 57769 0
1740976916 56705 0
1740976918 57153 0
1740976920 55559 0
1740976922 57431 0
1740976924 56954 0
1740976926 57400 0
1740976928 57352 0
1740976930 57235 0
1740976932 57026 0
1740976934 57128 0
1740976936 56375 0
1740976938 56704 0
1740976940 57255 0
1740976942 57944 0
1740976944 57295 0
1740976946 57281 0
1740976948 57393 0
1740976950 57071 0
1740976952 57174 0
1740976954 57061 0
1740976956 57050 0
1740976958 57027 0
1740976960 56750 0
1740976962 57532 0
1740976964 56853 0
1740976966 56936 0
1740976968 57448 0
1740976970 57686 0
1740976972 57493 0
1740976974 57195 0
1740976976 57435 0
1740976978 56828 0
1740976980 56959 0
1740976982 57035 0
1740976984 56578 0
1740976986 57168 0
1740976988 57492 0
1740976990 57624 0
1740976992 57428 0
1740976994 58152 0
1740976996 57541 0
1740976998 57559 0
1740977000 57311 0
1740977002 56740 0
1740977004 57515 0
1740977006 56836 0
1740977008 57576 0
1740977010 57032 0
1740977012 57615 0
1740977014 56878 0
1740977016 57607 0
1740977018 57019 0
1740977020 57336 0
1740977022 56901 0
1740977024 56889 0
1740977026 56991 0
1740977028 57005 0
1740977030 56952 0
1740977032 57297 0
1740977034 58325 0
1740977036 58066 0
1740977038 57495 0
1740977040 56826 0
1740977042 56578 0
1740977044 56962 0
1740977046 57086 0
1740977048 57531 0
1740977050 56973 0
1740977052 56947 0
1740977054 57147 0
1740977056 56575 0
1740977058 57121 0
1740977060 56831 0
1740977062 56499 0
1740977064 58018 0
1740977066 57229 0
1740977068 56699 0
1740977070 57523 0
1740977072 56707 0
1740977074 57311 0
1740977076 56793 0
1740977078 56865 0
1740977080 57200 0
1740977082 57116 0
1740977084 56972 0
1740977086 57446 0
1740977088 56958 0
1740977090 57326 0
1740977092 57174 0
1740977094 56592 0
1740977096 57344 0
1740977098 57038 0
1740977100 58182 0
1740977102 57280 0
1740977104 57059 0
1740977106 57526 0
1740977108 56487 0
1740977110 57300 0
1740977112 57193 0
1740977114 57332 0
1740977116 57376 0
1740977118 57364 0
1740977120 57292 0
1740977122 56511 0
1740977124 57424 0
1740977126 57047 0
1740977128 56485 0
1740977130 56853 0
1740977132 56624 0
1740977134 56658 0
1740977136 57035 0
1740977138 56820 0
1740977140 56495 0
1740977142 57065 0
1740977144 56880 0
1740977146 57500 0
1740977148 57022 0
1740977150 57197 0
1740977152 56778 0
1740977154 56443 0
1740977156 56940 0
1740977158 56952 0
1740977160 57457 0
1740977162 56042 0
1740977164 56612 0
1740977167 56673 0
1740977169 56946 0
1740977171 56899 0
1740977173 57269 0
1740977175 56749 0
1740977177 56348 0
1740977179 57044 0
1740977181 56865 0
1740977183 57002 0
1740977185 56853 0
1740977187 57097 0
1740977189 56986 0
1740977191 57391 0
1740977193 56773 0
1740977195 56430 0
1740977197 57745 0
1740977199 58388 0
1740977201 57891 0
1740977203 57347 0
1740977205 57264 0
1740977207 57153 0
1740977209 57317 0
1740977211 57938 0
1740977213 56812 0
1740977215 56774 0
1740977217 57214 0
1740977219 57515 0
1740977221 56736 0
1740977223 57385 0
1740977225 57442 0
1740977227 57384 0
1740977229 57430 0
1740977231 57010 0
1740977233 56875 0
1740977235 57188 0
1740977237 56629 0
1740977239 57161 0
1740977241 57047 0
1740977243 56888 0
1740977245 57130 0
1740977247 57481 0
1740977249 57106 0
1740977251 56895 0
1740977253 57657 0
1740977255 56884 0
1740977257 56607 0
1740977259 55911 0
1740977261 56878 0
1740977263 56308 0
1740977265 57021 0
1740977267 56446 0
1740977269 56783 0
1740977271 56368 0
1740977273 57286 0
1740977275 56562 0
1740977277 56720 0
1740977279 57504 0
1740977281 56448 0
1740977283 56129 0
1740977285 56409 0
1740977287 56818 0
1740977289 57161 0
1740977291 55940 0
1740977293 56179 0
1740977295 56892 0
1740977297 57001 0
1740977299 57373 0
1740977301 57437 0
1740977303 56256 0
1740977305 57192 0
1740977307 56957 0
1740977309 56774 0
1740977311 57444 0
1740977313 56880 0
1740977315 56511 0
1740977317 57555 0
1740977319 57480 0
1740977321 57100 0
1740977323 56560 0
1740977325 57681 0
1740977327 56490 0
1740977329 57293 0
1740977331 60498 0
1740977333 61323 0
1740977335 56373 0
1740977337 56340 0
1740977339 57457 0
1740977341 56584 0
1740977343 57074 0
1740977345 56275 0
1740977347 62060 0
1740977349 62457 0
1740977351 56866 0
1740977353 56456 0
1740977355 56829 0
1740977357 56209 0
1740977359 56216 0
1740977361 55763 0
1740977363 57130 0
1740977365 57537 0
1740977367 57165 0
1740977369 56159 0
1740977371 57277 0
1740977373 57304 0
1740977375 57354 0
1740977377 56870 0
1740977379 56253 0
1740977381 56273 0
1740977383 57234 0
1740977385 57376 0
1740977387 57134 0
1740977389 57043 0
1740977391 57151 0
1740977393 57070 0
1740977395 56652 0
1740977397 57236 0
1740977399 56283 0
1740977401 56987 0
1740977403 56932 0
1740977405 57157 0
1740977407 56703 0
1740977409 56421 0
1740977411 56286 0
1740977413 56664 0
1740977415 56809 0
1740977417 56275 0
1740977419 56505 0
1740977421 56662 0
1740977423 56035 0
1740977425 56433 0
1740977427 56711 0
1740977429 56130 0
1740977431 56437 0
1740977433 56383 0
1740977435 57165 0
1740977437 56877 0
1740977439 56842 0
1740977441 56552 0
1740977443 56507 0
1740977445 56265 0
1740977447 56335 0
1740977449 56176 0
1740977451 56622 0
1740977453 56747 0
1740977455 56344 0
1740977457 60459 0
1740977459 58234 0
1740977461 57087 0
1740977463 55955 0
1740977465 56684 0
1740977467 56347 0
1740977469 56504 0
1740977471 56031 0
1740977473 56397 0
1740977475 55932 0
1740977477 57076 0
1740977480 56710 0
1740977482 56364 0
1740977484 56554 0
1740977486 56802 0
1740977488 56878 0
1740977490 57756 0
1740977492 56780 0
1740977494 56408 0
1740977496 57365 0
1740977498 57371 0
1740977500 57049 0
1740977502 56903 0
1740977504 56681 0
1740977506 56891 0
1740977508 57025 0
1740977510 57359 0
1740977512 56891 0
1740977514 56130 0
1740977516 57199 0
1740977518 57182 0
1740977520 57538 0
1740977522 56771 0
1740977524 56813 0
1740977526 57323 0
1740977528 56565 0
1740977530 56648 0
1740977532 56516 0
1740977534 57281 0
1740977536 56757 0
1740977538 57088 0
1740977540 56956 0
1740977542 56764 0
1740977544 57089 0
1740977546 56576 0
1740977548 56556 0
1740977550 56698 0
1740977552 56463 0
1740977554 56656 0
1740977556 57099 0
1740977558 56666 0
1740977560 57284 0
1740977562 57199 0
1740977564 57265 0
1740977566 56994 0
1740977568 56457 0
1740977570 56883 0
1740977572 56485 0
1740977574 56589 0
1740977576 57085 0
1740977578 57054 0
1740977580 57338 0
1740977582 56691 0
1740977584 57146 0
1740977586 56034 0
1740977588 56653 0
1740977590 56699 0
1740977592 56824 0
1740977594 56726 0
1740977596 56423 0
1740977598 56214 0
1740977600 57409 0
1740977602 57023 0
1740977604 57631 0
1740977606 57289 0
1740977608 56780 0
1740977610 56895 0
1740977612 56064 0
1740977614 56310 0
1740977616 56665 0
1740977618 55993 0
1740977620 56393 0
1740977622 56019 0
1740977624 56257 0
1740977626 56337 0
1740977628 56372 0
1740977630 56612 0
1740977632 56025 0
1740977634 56579 0
1740977636 56727 0
1740977638 56184 0
1740977640 56073 0
1740977642 56821 0
1740977644 56413 0
1740977646 56806 0
1740977648 56769 0
1740977650 56006 0
1740977652 56448 0
1740977654 56074 0
1740977656 56344 0
1740977658 56001 0
1740977660 56127 0
1740977662 55591 0
1740977664 56594 0
1740977666 56232 0
1740977668 56699 0
1740977670 56184 0
1740977672 56164 0
1740977674 56142 0
1740977676 56267 0
1740977678 56457 0
1740977680 55947 0
1740977682 56073 0
1740977684 55942 0
1740977686 56465 0
1740977688 56300 0
1740977690 55888 0
1740977692 55505 0
1740977694 55993 0
1740977696 56012 0
1740977698 56420 0
1740977700 56747 0
1740977702 56492 0
1740977704 56086 0
1740977706 57023 0
1740977708 56371 0
1740977710 57143 0
1740977712 56540 0
1740977714 56747 0
1740977716 55811 0
1740977718 56044 0
1740977720 56599 0
1740977722 56235 0
1740977724 56166 0
1740977726 56281 0
1740977728 56592 0
1740977730 56470 0
1740977732 56140 0
1740977734 56615 0
1740977736 56181 0
1740977738 56198 0
1740977740 56323 0
1740977742 56115 0
1740977744 56473 0
1740977746 56363 0
1740977748 56038 0
1740977750 56245 0
1740977752 56653 0
1740977754 55821 0
1740977756 56394 0
1740977758 56693 0
1740977760 56313 0
1740977762 56623 0
1740977764 56227 0
1740977766 56443 0
1740977768 56373 0
1740977770 56303 0
1740977772 56323 0
1740977774 56588 0
1740977776 56164 0
1740977778 56939 0
1740977780 56784 0
1740977782 55845 0
1740977784 56503 0
1740977786 56481 0
1740977788 56462 0
1740977790 56548 0
1740977792 56527 0
1740977795 56668 0
1740977797 56621 0
1740977799 56619 0
1740977801 56862 0
1740977803 56508 0
1740977805 56416 0
1740977807 56504 0
1740977809 56397 0
1740977811 56564 0
1740977813 56223 0
1740977815 56834 0
1740977817 57633 0
1740977819 58016 0
1740977821 57300 0
1740977823 56711 0
1740977825 56348 0
1740977827 55459 0
1740977829 57314 0
1740977831 57162 0
1740977833 57273 0
1740977835 56543 0
1740977837 56734 0
1740977839 56079 0
1740977841 57157 0
1740977843 56993 0
1740977845 56235 0
1740977847 56768 0
1740977849 57046 0
1740977851 56390 0
1740977853 56998 0
1740977855 57085 0
1740977857 57229 0
1740977859 56562 0
1740977861 56173 0
1740977863 55907 0
1740977865 56236 0
1740977867 56297 0
1740977869 57042 0
1740977871 56550 0
1740977873 57128 0
1740977875 56600 0
1740977877 56999 0
1740977879 56510 0
1740977881 56920 0
1740977883 56927 0
1740977885 56548 0
1740977887 56727 0
1740977889 57426 0
1740977891 56584 0
1740977893 56499 0
1740977895 56905 0
1740977897 56807 0
1740977899 56514 0
1740977901 56762 0
1740977903 56686 0
1740977905 56374 0
1740977907 56772 0
1740977909 56824 0
1740977911 56448 0
1740977913 57526 0
1740977915 56661 0
1740977917 56933 0
1740977919 56901 0
1740977921 57222 0
1740977923 56219 0
1740977925 56319 0
1740977927 55744 0
1740977929 56845 0
1740977931 56447 0
1740977933 56103 0
1740977935 58557 0
1740977937 60843 0
1740977939 56590 0
1740977941 56436 0
1740977943 55362 0
1740977945 56455 0
1740977947 56400 0
1740977949 56687 0
1740977951 56711 0
1740977953 56728 0
1740977955 56141 0
1740977957 58930 0
1740977959 56350 0
1740977961 56264 0
1740977963 57109 0
1740977965 57245 0
1740977967 56371 0
1740977969 55993 0
1740977971 56625 0
1740977973 56372 0
1740977975 56985 0
1740977977 56947 0
1740977979 56446 0
1740977981 56896 0
1740977983 56651 0
1740977985 56796 0
1740977987 56043 0
1740977989 56570 0
1740977991 56947 0
1740977993 56405 0
1740977995 56939 0
1740977997 57468 0
1740977999 57263 0
1740978001 57234 0
1740978003 57162 0
1740978005 56163 0
1740978007 56634 0
1740978009 56466 0
1740978011 56748 0
1740978013 56295 0
1740978015 56455 0
1740978017 56285 0
1740978019 56281 0
1740978021 56765 0
1740978023 56886 0
1740978025 57280 0
1740978027 56533 0
1740978029 56682 0
1740978031 56022 0
1740978033 56960 0
1740978035 56483 0
1740978037 57516 0
1740978039 57055 0
1740978041 57090 0
1740978043 57199 0
1740978045 56906 0
1740978047 57516 0
1740978049 56504 0
1740978051 56964 0
1740978053 56914 0
1740978055 57255 0
1740978057 56586 0
1740978059 57317 0
1740978061 58167 0
1740978063 56881 0
1740978065 57118 0
1740978067 57359 0
1740978069 57456 0
1740978071 57360 0
1740978073 57376 0
1740978075 56323 0
1740978077 56903 0
1740978079 56721 0
1740978081 57097 0
1740978083 56810 0
1740978085 57548 0
1740978087 55988 0
1740978089 55771 0
1740978091 56315 0
1740978093 56403 0
1740978095 56824 0
1740978097 58131 0
1740978099 56594 0
1740978101 57629 0
1740978103 56670 0
1740978105 57573 0
1740978107 56320 0
1740978110 56284 0
1740978112 55843 0
1740978114 56914 0
1740978116 56721 0
1740978118 56358 0
1740978120 56429 0
1740978122 56739 0
1740978124 56583 0
1740978126 56656 0
1740978128 56975 0
1740978130 56196 0
1740978132 55988 0
1740978134 56341 0
1740978136 54818 0
1740978138 56386 0
1740978140 56015 0
1740978142 55813 0
1740978144 54885 0
1740978146 55957 0
1740978148 55109 0
1740978150 56090 0
1740978152 56125 0
1740978154 55644 0
1740978156 55666 0
1740978158 55094 0
1740978160 55937 0
1740978162 55241 0
1740978164 56144 0
1740978166 55714 0
1740978168 56134 0
1740978170 56127 0
1740978172 55846 0
1740978174 56317 0
1740978176 55814 0
1740978178 58859 0
1740978180 54854 0
1740978182 61231 0
1740978184 60312 0
1740978186 60423 0
1740978188 56902 0
1740978190 55137 0
1740978192 55616 0
1740978194 56660 0
1740978196 56334 0
1740978198 57090 0
1740978200 56143 0
1740978202 56417 0
1740978204 56459 0
1740978206 56761 0
1740978208 56482 0
1740978210 56757 0
1740978212 55751 0
1740978214 57259 0
1740978216 56042 0
1740978218 56174 0
1740978220 55625 0
1740978222 56353 0
1740978224 56696 0
1740978226 57170 0
1740978228 57413 0
1740978230 55897 0
1740978232 56029 0
1740978234 56701 0
1740978236 55909 0
1740978238 56813 0
1740978240 56879 0
1740978242 55769 0
1740978244 56235 0
1740978246 57782 0
1740978248 55429 0
1740978250 56492 0
1740978252 56641 0
1740978254 56722 0
1740978256 56782 0
1740978258 56712 0
1740978260 56648 0
1740978262 55080 0
1740978264 55442 0
1740978266 55735 0
1740978268 55815 0
1740978270 55810 0
1740978272 56643 0
1740978274 57924 0
1740978276 57159 0
1740978278 56081 0
1740978280 56176 0
1740978282 55209 0
1740978284 56236 0
1740978286 55439 0
1740978288 55711 0
1740978290 55437 0
1740978292 56345 0
1740978294 56862 0
1740978296 59203 0
1740978298 55153 0
1740978300 56515 0
1740978302 55885 0
1740978304 55337 0
1740978306 56222 0
1740978308 57031 0
1740978310 56221 0
1740978312 55887 0
1740978314 55965 0
1740978316 58198 0
1740978318 55464 0
1740978320 55639 0
1740978322 56254 0
1740978324 55917 0
1740978326 55844 0
1740978328 55603 0
1740978330 56011 0
1740978332 55744 0
1740978334 56114 0
1740978336 56514 0
1740978338 56829 0
1740978340 56431 0
1740978342 56145 0
1740978344 56343 0
1740978346 55962 0
1740978348 55927 0
1740978350 56166 0
1740978352 56163 0
1740978354 56484 0
1740978356 56784 0
1740978358 56638 0
1740978360 56054 0
1740978362 56079 0
1740978364 56118 0
1740978366 56496 0
1740978368 55790 0
1740978370 55559 0
1740978372 56203 0
1740978374 56369 0
1740978376 56602 0
1740978378 56526 0
1740978380 56036 0
1740978382 55804 0
1740978384 56144 0
1740978386 56128 0
1740978388 56071 0
1740978390 55813 0
1740978392 56116 0
1740978394 56475 0
1740978396 56509 0
1740978398 56307 0
1740978400 55981 0
1740978402 56030 0
1740978404 56545 0
1740978406 55759 0
1740978408 56882 0
1740978410 55867 0
1740978412 55999 0
1740978414 55841 0
1740978416 56394 0
1740978418 56521 0
1740978420 56002 0
1740978423 56210 0
1740978425 56065 0
1740978427 56266 0
1740978429 56124 0
1740978431 55574 0
1740978433 55764 0
1740978435 56128 0
1740978437 56305 0
1740978439 56295 0
1740978441 55735 0
1740978443 55769 0
1740978445 56003 0
1740978447 56291 0
1740978449 55838 0
1740978451 55365 0
1740978453 55563 0
1740978455 55867 0
1740978457 55832 0
1740978459 55567 0
1740978461 56327 0
1740978463 55875 0
1740978465 56483 0
1740978467 55824 0
1740978469 56138 0
1740978471 55512 0
1740978473 55941 0
1740978475 56047 0
1740978477 55849 0
1740978479 56339 0
1740978481 56180 0
1740978483 56869 0
1740978485 56124 0
1740978487 57062 0
1740978489 56418 0
1740978491 56070 0
1740978493 56636 0
1740978495 56815 0
1740978497 57174 0
1740978499 55796 0
1740978501 56592 0
1740978503 55927 0
1740978505 57740 0
1740978507 56097 0
1740978509 58659 0
1740978511 60931 0
1740978513 55780 0
1740978515 57185 0
1740978517 55695 0
1740978519 55382 0
1740978521 56316 0
1740978523 55947 0
1740978525 56332 0
1740978527 60880 0
1740978529 56137 0
1740978531 56859 0
1740978533 56903 0
1740978535 56908 0
1740978537 56548 0
1740978539 55924 0
1740978541 56290 0
1740978543 55610 0
1740978545 56027 0
1740978547 56149 0
1740978549 56086 0
1740978551 56046 0
1740978553 56612 0
1740978555 55031 0
1740978557 56486 0
1740978559 56868 0
1740978561 55710 0
1740978563 56180 0
1740978565 55916 0
1740978567 55737 0
1740978569 56382 0
1740978571 56125 0
1740978573 55736 0
1740978575 55871 0
1740978577 55828 0
1740978579 56757 0
1740978581 55890 0
1740978583 56215 0
1740978585 56861 0
1740978587 56905 0
1740978589 55885 0
1740978591 56099 0
1740978593 56188 0
1740978595 55985 0
1740978597 56227 0
1740978599 55569 0
1740978601 56290 0
1740978603 56134 0
1740978605 56534 0
1740978607 56832 0
1740978609 55499 0
1740978611 56185 0
1740978613 55973 0
1740978615 57129 0
1740978617 57086 0
1740978619 55635 0
1740978621 56673 0
1740978623 55872 0
1740978625 56069 0
1740978627 55615 0
1740978629 56342 0
1740978631 56415 0
1740978633 55830 0
1740978635 56320 0
1740978637 56530 0
1740978639 56155 0
1740978641 56087 0
1740978643 56048 0
1740978645 56747 0
1740978647 58225 0
1740978649 56164 0
1740978651 55991 0
1740978653 54637 0
1740978655 55579 0
1740978657 59892 0
1740978659 56256 0
1740978661 56073 0
1740978663 55624 0
1740978665 56514 0
1740978667 55501 0
1740978669 55805 0
1740978671 56027 0
1740978673 55476 0
1740978675 54912 0
1740978677 56034 0
1740978679 55622 0
1740978681 55930 0
1740978683 56255 0
1740978685 55561 0
1740978687 55776 0
1740978689 55960 0
1740978691 56114 0
1740978693 55487 0
1740978695 56005 0
1740978697 55689 0
1740978699 55860 0
1740978701 55462 0
1740978703 55806 0
1740978705 56255 0
1740978707 56082 0
1740978709 55952 0
1740978711 56414 0
1740978713 57127 0
1740978715 56427 0
1740978717 56612 0
1740978719 56778 0
1740978721 56877 0
1740978723 57329 0
1740978725 56184 0
1740978728 54735 0
1740978730 55568 0
1740978732 53711 0
1740978734 55334 0
1740978736 53938 0
1740978738 54410 0
1740978740 54740 0
1740978742 54233 0
1740978744 55675 0
1740978746 54361 0
1740978748 54608 0
1740978750 56182 0
1740978752 54524 0
1740978754 54958 0
1740978756 54619 0
1740978758 54767 0
1740978760 54214 0
1740978762 54330 0
1740978764 57128 0
1740978766 54365 0
1740978768 55769 0
1740978770 55597 0
1740978772 55399 0
1740978774 55534 0
1740978776 55867 0
1740978778 56279 0
1740978780 55234 0
1740978782 56043 0
1740978784 56398 0
1740978786 60314 0
1740978788 56260 0
1740978790 56534 0
1740978792 55851 0
1740978794 55813 0
1740978796 55745 0
1740978798 54726 0
1740978800 54586 0
1740978802 54384 0
1740978804 55430 0
1740978806 54264 0
1740978808 58317 0
1740978810 56737 0
1740978812 54850 0
1740978814 54901 0
1740978816 55018 0
1740978818 56108 0
1740978820 57118 0
1740978822 55401 0
1740978824 55763 0
1740978826 55249 0
1740978828 55556 0
1740978830 56378 0
1740978832 55310 0
1740978834 55607 0
1740978836 55659 0
1740978838 55109 0
1740978840 54653 0
1740978842 54478 0
1740978844 54099 0
1740978846 54487 0
1740978848 54900 0
1740978850 54840 0
1740978852 54716 0
1740978854 54822 0
1740978856 54268 0
1740978858 53958 0
1740978860 54284 0
1740978862 54942 0
1740978864 55136 0
1740978866 54649 0
1740978868 54463 0
1740978870 54837 0
1740978872 54465 0
1740978874 54617 0
1740978876 54299 0
1740978878 54888 0
1740978880 54942 0
1740978882 54659 0
1740978884 54425 0
1740978886 54756 0
1740978888 54375 0
1740978890 54303 0
1740978892 54550 0
1740978894 54870 0
1740978896 54114 0
1740978898 54523 0
1740978900 54585 0
1740978902 54384 0
1740978904 54750 0
1740978906 54555 0
1740978908 54188 0
1740978910 53690 0
1740978912 55223 0
1740978914 54295 0
1740978916 54252 0
1740978918 54681 0
1740978920 54245 0
1740978922 54477 0
1740978924 54446 0
1740978926 54037 0
1740978928 54767 0
1740978930 54248 0
1740978932 54439 0
1740978934 54575 0
1740978936 54725 0
1740978938 54545 0
1740978940 54876 0
1740978942 57297 0
1740978944 54903 0
1740978946 54709 0
1740978948 54287 0
1740978950 54372 0
1740978952 54277 0
1740978954 54270 0
1740978956 54965 0
1740978958 53463 0
1740978960 54337 0
1740978962 53913 0
1740978964 54345 0
1740978966 54316 0
1740978968 54518 0
1740978970 54867 0
1740978972 54524 0
1740978974 54403 0
1740978976 54279 0
1740978978 54447 0
1740978980 54487 0
1740978982 54458 0
1740978984 54545 0
1740978986 54741 0
1740978988 54874 0
1740978990 54652 0
1740978992 54029 0
1740978994 54764 0
1740978996 54253 0
1740978998 54134 0
1740979000 54776 0
1740979002 53990 0
1740979004 54257 0
1740979006 54542 0
1740979008 54426 0
1740979010 54244 0
1740979012 54172 0
1740979014 54318 0
1740979016 54201 0
1740979018 53916 0
1740979020 53889 0
1740979022 54727 0
1740979024 54820 0
1740979026 55656 0
1740979028 55247 0
1740979030 55840 0
1740979032 56182 0
1740979034 55774 0
1740979036 56297 0
1740979038 55586 0
1740979040 56443 0
1740979043 55287 0
1740979045 55325 0
1740979047 55479 0
1740979049 55220 0
1740979051 55881 0
1740979053 55917 0
1740979055 57597 0
1740979057 56313 0
1740979059 56115 0
1740979061 56114 0
1740979063 54991 0
1740979065 55441 0
1740979067 53592 0
1740979069 55587 0
1740979071 55564 0
1740979073 56183 0
1740979075 55730 0
1740979077 56172 0
1740979079 55235 0
1740979081 55739 0
1740979083 56025 0
1740979085 54895 0
1740979087 54800 0
1740979089 54871 0
1740979091 55811 0
1740979093 55715 0
1740979095 55633 0
1740979097 55678 0
1740979099 55786 0
1740979101 55418 0
1740979103 55747 0
1740979105 55441 0
1740979107 55790 0
1740979109 57096 0
1740979111 56924 0
1740979113 56321 0
1740979115 55689 0
1740979117 56026 0
1740979119 55621 0
1740979121 55958 0
1740979123 55548 0
1740979125 56098 0
1740979127 55984 0
1740979129 55785 0
1740979131 56249 0
1740979133 54904 0
1740979135 55800 0
1740979137 55036 0
1740979139 55766 0
1740979141 55252 0
1740979143 56276 0
1740979145 56302 0
1740979147 58834 0
1740979149 56473 0
1740979151 57027 0
1740979153 56363 0
1740979155 60494 0
1740979157 56381 0
1740979159 59425 0
1740979161 56160 0
1740979163 55889 0
1740979165 55933 0
1740979167 56771 0
1740979169 54983 0
1740979171 55057 0
1740979173 56328 0
1740979175 55202 0
1740979177 54578 0
1740979179 55404 0
1740979181 54722 0
1740979183 55146 0
1740979185 54532 0
1740979187 55176 0
1740979189 55004 0
1740979191 55424 0
1740979193 55589 0
1740979195 54669 0
1740979197 54782 0
1740979199 53478 0
1740979201 54408 0
1740979203 54372 0
1740979205 55802 0
1740979207 55955 0
1740979209 54261 0
1740979211 55211 0
1740979213 54334 0
1740979215 56314 0
1740979217 56162 0
1740979219 55990 0
1740979221 55397 0
1740979223 55611 0
1740979225 55276 0
1740979227 55414 0
1740979229 55691 0
1740979231 55508 0
1740979233 55159 0
1740979235 55471 0
1740979237 55632 0
1740979239 55920 0
1740979241 56051 0
1740979243 55493 0
1740979245 55092 0
1740979247 53952 0
1740979249 55567 0
1740979251 56214 0
1740979253 54829 0
1740979255 56033 0
1740979257 55651 0
1740979259 54988 0
1740979261 55457 0
1740979263 54587 0
1740979265 55775 0
1740979267 56088 0
1740979269 55991 0
1740979271 55484 0
1740979273 55295 0
1740979275 55542 0
1740979277 55592 0
1740979279 55656 0
1740979281 55655 0
1740979283 55655 0
1740979285 55511 0
1740979287 55172 0
1740979289 55255 0
1740979291 55998 0
1740979293 55542 0
1740979295 55724 0
1740979297 55908 0
1740979299 55286 0
1740979301 56417 0
1740979303 56024 0
1740979305 55184 0
1740979307 55953 0
1740979309 55776 0
1740979311 55195 0
1740979313 55777 0
1740979315 55864 0
1740979317 55514 0
1740979319 61023 0
1740979321 59926 0
1740979323 55758 0
1740979325 55372 0
1740979327 54853 0
1740979329 55887 0
1740979331 55712 0
1740979333 55371 0
1740979335 55280 0
1740979337 55391 0
1740979339 59771 0
1740979341 55876 0
1740979343 55991 0
1740979345 55488 0
1740979347 55021 0
1740979349 54675 0
1740979351 56667 0
1740979353 58286 0
1740979355 55479 0
1740979358 56960 0
1740979360 56964 0
1740979362 56365 0
1740979364 55883 0
1740979366 55426 0
1740979368 56537 0
1740979370 56117 0
1740979372 56704 0
1740979374 57141 0
1740979376 56796 0
1740979378 61576 0
1740979380 56164 0
1740979382 54560 0
1740979384 54927 0
1740979386 55899 0
1740979388 54932 0
1740979390 55697 0
1740979392 55724 0
1740979394 55471 0
1740979396 55345 0
1740979398 56186 0
1740979400 55981 0
1740979402 57190 0
1740979404 55775 0
1740979406 59459 0
1740979408 55994 0
1740979410 56210 0
1740979412 55988 0
1740979414 54340 0
1740979416 55424 0
1740979418 56423 0
1740979420 54865 0
1740979422 62132 0
1740979424 56894 0
1740979426 55627 0
1740979428 54104 0
1740979430 58291 0
1740979432 56149 0
1740979434 56079 0
1740979436 55732 0
1740979438 55348 0
1740979440 55587 0
1740979442 55069 0
1740979444 56092 0
1740979446 55206 0
1740979448 56119 0
1740979450 56374 0
1740979452 55631 0
1740979454 56496 0
1740979456 56487 0
1740979458 55236 0
1740979460 54846 0
1740979462 54969 0
1740979464 54595 0
1740979466 55460 0
1740979468 55434 0
1740979470 55254 0
1740979472 55425 0
1740979474 55282 0
1740979476 55111 0
1740979478 54546 0
1740979480 55065 0
1740979482 55048 0
1740979484 55162 0
1740979486 56016 0
1740979488 55978 0
1740979490 55553 0
1740979492 55449 0
1740979494 55712 0
1740979496 54887 0
1740979498 55528 0
1740979500 56865 0
1740979502 56213 0
1740979504 55011 0
1740979506 54652 0
1740979508 54534 0
1740979510 54426 0
1740979512 56326 0
1740979514 54652 0
1740979516 54865 0
1740979518 54565 0
1740979520 55607 0
1740979522 54458 0
1740979524 55910 0
1740979526 55618 0
1740979528 55098 0
1740979530 54909 0
1740979532 54836 0
1740979534 55112 0
1740979536 55086 0
1740979538 55833 0
1740979540 55756 0
1740979542 54674 0
1740979544 55263 0
1740979546 55253 0
1740979548 55058 0
1740979550 55182 0
1740979552 55142 0
1740979554 55092 0
1740979556 54991 0
1740979558 54984 0
1740979560 54686 0
1740979562 54591 0
1740979564 54810 0
1740979566 54489 0
1740979568 54546 0
1740979570 55077 0
1740979572 55094 0
1740979574 55040 0
1740979576 54400 0
1740979578 54605 0
1740979580 54498 0
1740979582 54477 0
1740979584 54796 0
1740979586 55212 0
1740979588 54715 0
1740979590 54516 0
1740979592 54745 0
1740979594 54814 0
1740979596 54138 0
1740979598 55001 0
1740979600 55003 0
1740979602 54487 0
1740979604 54738 0
1740979606 54733 0
1740979608 55101 0
1740979610 54347 0
1740979612 54807 0
1740979614 54714 0
1740979616 54563 0
1740979618 54814 0
1740979620 54215 0
1740979622 54517 0
1740979624 54521 0
1740979626 54762 0
1740979628 54454 0
1740979630 54730 0
1740979632 54717 0
1740979634 54361 0
1740979636 54839 0
1740979638 54575 0
1740979640 54998 0
1740979642 54679 0
1740979644 54814 0
1740979646 55509 0
1740979648 54969 0
1740979650 55302 0
1740979652 54583 0
1740979654 54568 0
1740979656 54770 0
1740979658 54929 0
1740979660 54857 0
1740979662 54868 0
1740979664 54765 0
1740979666 54477 0
1740979668 54356 0
1740979670 54522 0
1740979673 54818 0
1740979675 54814 0
1740979677 55099 0
1740979679 54101 0
1740979681 54790 0
1740979683 55182 0
1740979685 55178 0
1740979687 54559 0
1740979689 55642 0
1740979691 55062 0
1740979693 55342 0
1740979695 54740 0
1740979697 55028 0
1740979699 54740 0
1740979701 55308 0
1740979703 55266 0
1740979705 55300 0
1740979707 54884 0
1740979709 55652 0
1740979711 55564 0
1740979713 54232 0
1740979715 54943 0
1740979717 55168 0
1740979719 55074 0
1740979721 55271 0
1740979723 55984 0
1740979725 56041 0
1740979727 55440 0
1740979729 55160 0
1740979731 55160 0
1740979733 55052 0
1740979735 54673 0
1740979737 54850 0
1740979739 55232 0
1740979741 55326 0
1740979743 57550 0
1740979745 56101 0
1740979747 54457 0
1740979749 55325 0
1740979751 55310 0
1740979753 54440 0
1740979755 55513 0
1740979757 54646 0
1740979759 54978 0
1740979761 54971 0
1740979763 55365 0
1740979765 54727 0
1740979767 54666 0
1740979769 55004 0
1740979771 56014 0
1740979773 56030 0
1740979775 56296 0
1740979777 55719 0
1740979779 56080 0
1740979781 55749 0
1740979783 56284 0
1740979785 55867 0
1740979787 55581 0
1740979789 56306 0
1740979791 55489 0
1740979793 55409 0
1740979795 55177 0
1740979797 55974 0
1740979799 56014 0
1740979801 55022 0
1740979803 60060 0
1740979805 58558 0
1740979807 59919 0
1740979809 54515 0
1740979811 55967 0
1740979813 56003 0
1740979815 55688 0
1740979817 55211 0
1740979819 55161 0
1740979821 55438 0
1740979823 55368 0
1740979825 55128 0
1740979827 55659 0
1740979829 56475 0
1740979831 54389 0
1740979833 55072 0
1740979835 54906 0
1740979837 56412 0
1740979839 55767 0
1740979841 55402 0
1740979843 55888 0
1740979845 55713 0
1740979847 55415 0
1740979849 55899 0
1740979851 55246 0
1740979853 56643 0
1740979855 56228 0
1740979857 55539 0
1740979859 55639 0
1740979861 55473 0
1740979863 55482 0
1740979865 55466 0
1740979867 58720 0
1740979869 56512 0
1740979871 55562 0
1740979873 55612 0
1740979875 54753 0
1740979877 56461 0
1740979879 54793 0
1740979881 59750 0
1740979883 59265 0
1740979885 55515 0
1740979887 56968 0
1740979889 55079 0
1740979891 56256 0
1740979893 56783 0
1740979895 55179 0
1740979897 55618 0
1740979899 55387 0
1740979901 58850 0
1740979903 56083 0
1740979905 56254 0
1740979907 56212 0
1740979909 55859 0
1740979911 59033 0
1740979913 56805 0
1740979915 56114 0
1740979917 56764 0
1740979919 56321 0
1740979921 56028 0
1740979923 56557 0
1740979925 55468 0
1740979927 55852 0
1740979929 55335 0
1740979931 55800 0
1740979933 55944 0
1740979935 55499 0
1740979937 55868 0
1740979939 60139 0
1740979941 55364 0
1740979943 55371 0
1740979945 57283 0
1740979947 59351 0
1740979949 58883 0
1740979951 55046 0
1740979953 53494 0
1740979955 55748 0
1740979957 52943 0
1740979959 53342 0
1740979961 53925 0
1740979963 53252 0
1740979965 53231 0
1740979967 53430 0
1740979969 53593 0
1740979971 54165 0
1740979973 53646 0
1740979975 53622 0
1740979977 53918 0
1740979979 53425 0
1740979981 53857 0
1740979983 54045 0
1740979985 54492 0
1740979987 53420 0
1740979990 53335 0
1740979992 53250 0
1740979994 53946 0
1740979996 53714 0
1740979998 55305 0
1740980000 52915 0
1740980002 53475 0
1740980004 53683 0
1740980006 54375 0
1740980008 53136 0
1740980010 53581 0
1740980012 52944 0
1740980014 53517 0
1740980016 54233 0
1740980018 53987 0
1740980020 53332 0
1740980022 53723 0
1740980024 53664 0
1740980026 54156 0
1740980028 54120 0
1740980030 53680 0
1740980032 53346 0
1740980034 53808 0
1740980036 52878 0
1740980038 53780 0
1740980040 54392 0
1740980042 53709 0
1740980044 53334 0
1740980046 54478 0
1740980048 55189 0
1740980050 55070 0
1740980052 54641 0
1740980054 54846 0
1740980056 54633 0
1740980058 55313 0
1740980060 55211 0
1740980062 54842 0
1740980064 54904 0
1740980066 53809 0
1740980068 53686 0
1740980070 54237 0
1740980072 55752 0
1740980074 55319 0
1740980076 55110 0
1740980078 55507 0
1740980080 55443 0
1740980082 54818 0
1740980084 59008 0
1740980086 52734 0
1740980088 54565 0
1740980090 53476 0
1740980092 55043 0
1740980094 54034 0
1740980096 55045 0
1740980098 55255 0
1740980100 54641 0
1740980102 55336 0
1740980104 54762 0
1740980106 54829 0
1740980108 54977 0
1740980110 55057 0
1740980112 55062 0
1740980114 55295 0
1740980116 54891 0
1740980118 55186 0
1740980120 54692 0
1740980122 54552 0
1740980124 54403 0
1740980126 55431 0
1740980128 54390 0
1740980130 54560 0
1740980132 53841 0
1740980134 53685 0
1740980136 54909 0
1740980138 54626 0
1740980140 55640 0
1740980142 54760 0
1740980144 55373 0
1740980146 54983 0
1740980148 54998 0
1740980150 56027 0
1740980152 55506 0
1740980154 55998 0
1740980156 55276 0
1740980158 55045 0
1740980160 55361 0
1740980162 56075 0
1740980164 55853 0
1740980166 55507 0
1740980168 55604 0
1740980170 55629 0
1740980172 55360 0
1740980174 55417 0
1740980176 54404 0
1740980178 54812 0
1740980180 55565 0
1740980182 54117 0
1740980184 55347 0
1740980186 55438 0
1740980188 55942 0
1740980190 55858 0
1740980192 55881 0
1740980194 55050 0
1740980196 55249 0
1740980198 55281 0
1740980200 55889 0
1740980202 55720 0
1740980204 55058 0
1740980206 55273 0
1740980208 54991 0
1740980210 54562 0
1740980212 55745 0
1740980214 55482 0
1740980216 55443 0
1740980218 55392 0
1740980220 55072 0
1740980222 55217 0
1740980224 55840 0
1740980226 55581 0
1740980228 55685 0
1740980230 55166 0
1740980232 55787 0
1740980234 55274 0
1740980236 56728 0
1740980238 56291 0
1740980240 55590 0
1740980242 55180 0
1740980244 55580 0
1740980246 55631 0
1740980248 55134 0
1740980250 55781 0
1740980252 55150 0
1740980254 56170 0
1740980256 55426 0
1740980258 55015 0
1740980260 55373 0
1740980262 55645 0
1740980264 55283 0
1740980266 55564 0
1740980268 55127 0
1740980270 55813 0
1740980272 54901 0
1740980274 55565 0
1740980276 55464 0
1740980278 55743 0
1740980280 55640 0
1740980282 56152 0
1740980284 55382 0
1740980286 55874 0
1740980288 55278 0
1740980290 54344 0
1740980292 54924 0
1740980294 55753 0
1740980296 54601 0
1740980298 54564 0
1740980300 55177 0
1740980302 55899 0
1740980305 58429 0
1740980307 60335 0
1740980309 58738 0
1740980311 55650 0
1740980313 57258 0
1740980315 57030 0
1740980317 57059 0
1740980319 56641 0
1740980321 56331 0
1740980323 55847 0
1740980325 55041 0
1740980327 55673 0
1740980329 55518 0
1740980331 56453 0
1740980333 55694 0
1740980335 55862 0
1740980337 55180 0
1740980339 55861 0
1740980341 55630 0
1740980343 55734 0
1740980345 55625 0
1740980347 55936 0
1740980349 56292 0
1740980351 55597 0
1740980353 55001 0
1740980355 55265 0
1740980357 55317 0
1740980359 55515 0
1740980361 55477 0
1740980363 55209 0
1740980365 55222 0
1740980367 55939 0
1740980369 56059 0
1740980371 55675 0
1740980373 55597 0
1740980375 55422 0
1740980377 55608 0
1740980379 53996 0
1740980381 54221 0
1740980383 55623 0
1740980385 54619 0
1740980387 57740 0
1740980389 58096 0
1740980391 55298 0
1740980393 58591 0
1740980395 55356 0
1740980397 55192 0
1740980399 55563 0
1740980401 55080 0
1740980403 56044 0
1740980405 55452 0
1740980407 56478 0
1740980409 55588 0
1740980411 55876 0
1740980413 55786 0
1740980415 55718 0
1740980417 55328 0
1740980419 55421 0
1740980421 55154 0
1740980423 55279 0
1740980425 55697 0
1740980427 54931 0
1740980429 55378 0
1740980431 55698 0
1740980433 55637 0
1740980435 55733 0
1740980437 55972 0
1740980439 55017 0
1740980441 55511 0
1740980443 56252 0
1740980445 55069 0
1740980447 55644 0
1740980449 55194 0
1740980451 55853 0
1740980453 55852 0
1740980455 55133 0
1740980457 55955 0
1740980459 55743 0
1740980461 56128 0
1740980463 55399 0
1740980465 56029 0
1740980467 55237 0
1740980469 54964 0
1740980471 55674 0
1740980473 57605 0
1740980475 56220 0
1740980477 55942 0
1740980479 54415 0
1740980481 55103 0
1740980483 56258 0
1740980485 55257 0
1740980487 54762 0
1740980489 55855 0
1740980491 55520 0
1740980493 54439 0
1740980495 55280 0
1740980497 55490 0
1740980499 54431 0
1740980501 55392 0
1740980503 55986 0
1740980505 55542 0
1740980507 55456 0
1740980509 54895 0
1740980511 55578 0
1740980513 55521 0
1740980515 55193 0
1740980517 55359 0
1740980519 55507 0
1740980521 55070 0
1740980523 55523 0
1740980525 55229 0
1740980527 54874 0
1740980529 55076 0
1740980531 56204 0
1740980533 55083 0
1740980535 54592 0
1740980537 56035 0
1740980539 56355 0
1740980541 55835 0
1740980543 55151 0
1740980545 54656 0
1740980547 56771 0
1740980549 56206 0
1740980551 55733 0
1740980553 55220 0
1740980555 55377 0
1740980557 55068 0
1740980559 54807 0
1740980561 54903 0
1740980563 55297 0
1740980565 55316 0
1740980567 54905 0
1740980569 54557 0
1740980571 55816 0
1740980573 56287 0
1740980575 55270 0
1740980577 55964 0
1740980579 55783 0
1740980581 55623 0
1740980583 57885 0
1740980585 56137 0
1740980587 55303 0
1740980589 55235 0
1740980591 55412 0
1740980593 55692 0
1740980595 59239 0
1740980597 55325 0
1740980599 56087 0
1740980601 55416 0
1740980603 55213 0
1740980605 55498 0
1740980607 55539 0
1740980609 54853 0
1740980611 55025 0
1740980613 55609 0
1740980615 55818 0
1740980617 56079 0
1740980620 55170 0
1740980622 55025 0
1740980624 54374 0
1740980626 55460 0
1740980628 56047 0
1740980630 54624 0
1740980632 55671 0
1740980634 54832 0
1740980636 54679 0
1740980638 55024 0
1740980640 54492 0
1740980642 55576 0
1740980644 54826 0
1740980646 55349 0
1740980648 54484 0
1740980650 55020 0
1740980652 54604 0
1740980654 54883 0
1740980656 55369 0
1740980658 54780 0
1740980660 55411 0
1740980662 55492 0
1740980664 55389 0
1740980666 54713 0
1740980668 55283 0
1740980670 55406 0
1740980672 55196 0
1740980674 55445 0
1740980676 55405 0
1740980678 54902 0
1740980680 55179 0
1740980682 55197 0
1740980684 54630 0
1740980686 54981 0
1740980688 54936 0
1740980690 54864 0
1740980692 54135 0
1740980694 54724 0
1740980696 54525 0
1740980698 54960 0
1740980700 55515 0
1740980702 55060 0
1740980704 55678 0
1740980706 54826 0
1740980708 55471 0
1740980710 54569 0
1740980712 55152 0
1740980714 54733 0
1740980716 54891 0
1740980718 54981 0
1740980720 55043 0
1740980722 55076 0
1740980724 55102 0
1740980726 55058 0
1740980728 55587 0
1740980730 54790 0
1740980732 55350 0
1740980734 55990 0
1740980736 55513 0
1740980738 55944 0
1740980740 55413 0
1740980742 55549 0
1740980744 55351 0
1740980746 55255 0
1740980748 54909 0
1740980750 55632 0
1740980752 55632 0
1740980754 55344 0
1740980756 55343 0
1740980758 55089 0
1740980760 55574 0
1740980762 54707 0
1740980764 54917 0
1740980766 54855 0
1740980768 54854 0
1740980770 55066 0
1740980772 55833 0
1740980774 55260 0
1740980776 55576 0
1740980778 54987 0
1740980780 55585 0
1740980782 54698 0
1740980784 55167 0
1740980786 55075 0
1740980788 55131 0
1740980790 55508 0
1740980792 54965 0
1740980794 55394 0
1740980796 55409 0
1740980798 54876 0
1740980800 55231 0
1740980802 55184 0
1740980804 55197 0
1740980806 55193 0
1740980808 55467 0
1740980810 55121 0
1740980812 55464 0
1740980814 55239 0
1740980816 55262 0
1740980818 55144 0
1740980820 55450 0
1740980822 55280 0
1740980824 55316 0
1740980826 55422 0
1740980828 55486 0
1740980830 54915 0
1740980832 55149 0
1740980834 55248 0
1740980836 55205 0
1740980838 54574 0
1740980840 54940 0
1740980842 55157 0
1740980844 55365 0
1740980846 55104 0
1740980848 55156 0
1740980850 55473 0
1740980852 54490 0
1740980854 55291 0
1740980856 54981 0
1740980858 54927 0
1740980860 55182 0
1740980862 54920 0
1740980864 54857 0
1740980866 54840 0
1740980868 55693 0
1740980870 55207 0
1740980872 55467 0
1740980874 54974 0
1740980876 55762 0
1740980878 55116 0
1740980880 55126 0
1740980882 54951 0
1740980884 54471 0
1740980886 55388 0
1740980888 54903 0
1740980890 54470 0
1740980892 55015 0
1740980894 55191 0
1740980896 54716 0
1740980898 55214 0
1740980900 54551 0
1740980902 54564 0
1740980904 54748 0
1740980906 54963 0
1740980908 54255 0
1740980910 54552 0
1740980912 54384 0
1740980914 55287 0
1740980916 54604 0
1740980918 55087 0
1740980920 55317 0
1740980922 55652 0
1740980924 55640 0
1740980926 54997 0
1740980928 54838 0
1740980930 55358 0
1740980932 55182 0
1740980935 54857 0
1740980937 55119 0
1740980939 54910 0
1740980941 54524 0
1740980943 54714 0
1740980945 55142 0
1740980947 54341 0
1740980949 55327 0
1740980951 54977 0
1740980953 54237 0
1740980955 54778 0
1740980957 54619 0
1740980959 55107 0
1740980961 54585 0
1740980963 54529 0
1740980965 54933 0
1740980967 54545 0
1740980969 54618 0
1740980971 54552 0
1740980973 54641 0
1740980975 54521 0
1740980977 55114 0
1740980979 54630 0
1740980981 54584 0
1740980983 55352 0
1740980985 54911 0
1740980987 54998 0
1740980989 54860 0
1740980991 54983 0
1740980993 54895 0
1740980995 56739 0
1740980997 54756 0
1740980999 53443 0
1740981001 54103 0
1740981003 54624 0
1740981005 54839 0
1740981007 55117 0
1740981009 55743 0
1740981011 55446 0
1740981013 55544 0
1740981015 54955 0
1740981017 55658 0
1740981019 56239 0
1740981021 54777 0
1740981023 55283 0
1740981025 54689 0
1740981027 54071 0
1740981029 55205 0
1740981031 55374 0
1740981033 54676 0
1740981035 54727 0
1740981037 55315 0
1740981039 55441 0
1740981041 55502 0
1740981043 54643 0
1740981045 55057 0
1740981047 55314 0
1740981049 55429 0
1740981051 54624 0
1740981053 55541 0
1740981055 54949 0
1740981057 55810 0
1740981059 55152 0
1740981061 54756 0
1740981063 55264 0
1740981065 55298 0
1740981067 54972 0
1740981069 54941 0
1740981071 54942 0
1740981073 54727 0
1740981075 55312 0
1740981077 54786 0
1740981079 54492 0
1740981081 55023 0
1740981083 55165 0
1740981085 54736 0
1740981087 55454 0
1740981089 55294 0
1740981091 55339 0
1740981093 54589 0
1740981095 54726 0
1740981097 55157 0
1740981099 54813 0
1740981101 55382 0
1740981103 55648 0
1740981105 55300 0
1740981107 55096 0
1740981109 55176 0
1740981111 54417 0
1740981113 54432 0
1740981115 55217 0
1740981117 54606 0
1740981119 55292 0
1740981121 54598 0
1740981123 55037 0
1740981125 54121 0
1740981127 54947 0
1740981129 54929 0
1740981131 55567 0
1740981133 55137 0
1740981135 55235 0
1740981137 54486 0
1740981139 55147 0
1740981141 54654 0
1740981143 54840 0
1740981145 54767 0
1740981147 54955 0
1740981149 54900 0
1740981151 54537 0
1740981153 54227 0
1740981155 58224 0
1740981157 53930 0
1740981159 54249 0
1740981161 55083 0
1740981163 54852 0
1740981165 54439 0
1740981167 54623 0
1740981169 56022 0
1740981171 54550 0
1740981173 54954 0
1740981175 54569 0
1740981177 54167 0
1740981179 54778 0
1740981181 54531 0
1740981183 54931 0
1740981185 55020 0
1740981187 54195 0
1740981189 55161 0
1740981191 55123 0
1740981193 54043 0
1740981195 54956 0
1740981197 53978 0
1740981199 54699 0
1740981201 54652 0
1740981203 53636 0
1740981205 54866 0
1740981207 59306 0
1740981209 54759 0
1740981211 55738 0
1740981213 54002 0
1740981215 54331 0
1740981217 54537 0
1740981219 56390 0
1740981221 55035 0
1740981223 54320 0
1740981225 55129 0
1740981227 53618 0
1740981229 54673 0
1740981231 54936 0
1740981233 54821 0
1740981235 55131 0
1740981237 55045 0
1740981239 54947 0
1740981242 55339 0
1740981244 55491 0
1740981246 55500 0
1740981248 55067 0
1740981250 55209 0
1740981252 54848 0
1740981254 54720 0
1740981256 54795 0
1740981258 54598 0
1740981260 54312 0
1740981262 55123 0
1740981264 54871 0
1740981266 54836 0
1740981268 55102 0
1740981270 54389 0
1740981272 55166 0
1740981274 54758 0
1740981276 54758 0
1740981278 54483 0
1740981280 54819 0
1740981282 55040 0
1740981284 54869 0
1740981286 54431 0
1740981288 54781 0
1740981290 54706 0
1740981292 55107 0
1740981294 54725 0
1740981296 54686 0
1740981298 54844 0
1740981300 55594 0
1740981302 55673 0
1740981304 54982 0
1740981306 54835 0
1740981308 54556 0
1740981310 54611 0
1740981312 54532 0
1740981314 55048 0
1740981316 54652 0
1740981318 54536 0
1740981320 54526 0
1740981322 55253 0
1740981324 55466 0
1740981326 55250 0
1740981328 54925 0
1740981330 55148 0
1740981332 54886 0
1740981334 54589 0
1740981336 55309 0
1740981338 54821 0
1740981340 54464 0
1740981342 55145 0
1740981344 54698 0
1740981346 55075 0
1740981348 54366 0
1740981350 54883 0
1740981352 55215 0
1740981354 55552 0
1740981356 55688 0
1740981358 54170 0
1740981360 54644 0
1740981362 55203 0
1740981364 55204 0
1740981366 54757 0
1740981368 54829 0
1740981370 54938 0
1740981372 55392 0
1740981374 55443 0
1740981376 55206 0
1740981378 55270 0
1740981380 54420 0
1740981382 54984 0
1740981384 54868 0
1740981386 54797 0
1740981388 54982 0
1740981390 54723 0
1740981392 54682 0
1740981394 54492 0
1740981396 54595 0
1740981398 54499 0
1740981400 55229 0
1740981402 55087 0
1740981404 54501 0
1740981406 54062 0
1740981408 54748 0
1740981410 54738 0
1740981412 54597 0
1740981414 55145 0
1740981416 55149 0
1740981418 54567 0
1740981420 54663 0
1740981422 54680 0
1740981424 54478 0
1740981426 54655 0
1740981428 54302 0
1740981430 54286 0
1740981432 54802 0
1740981434 54499 0
1740981436 53946 0
1740981438 54345 0
1740981440 54187 0
1740981442 54643 0
1740981444 55054 0
1740981446 55004 0
1740981448 54580 0
1740981450 54170 0
1740981452 54157 0
1740981454 53899 0
1740981456 55107 0
1740981458 54685 0
1740981460 54394 0
1740981462 53713 0
1740981464 54588 0
1740981466 54211 0
1740981468 54258 0
1740981470 54649 0
1740981472 54626 0
1740981474 54789 0
1740981476 54139 0
1740981478 54274 0
1740981480 54390 0
1740981482 55007 0
1740981484 54393 0
1740981486 54127 0
1740981488 54516 0
1740981490 54743 0
1740981492 54159 0
1740981494 54924 0
1740981496 54463 0
1740981498 54665 0
1740981500 53780 0
1740981502 54348 0
1740981504 54172 0
1740981506 54090 0
1740981508 53740 0
1740981510 54204 0
1740981512 53996 0
1740981514 54678 0
1740981516 56835 0
1740981518 54539 0
1740981520 54814 0
1740981522 54432 0
1740981524 54579 0
1740981526 54820 0
1740981528 54154 0
1740981530 54233 0
1740981532 54289 0
1740981534 54325 0
1740981536 54463 0
1740981538 53964 0
1740981540 53909 0
1740981542 55033 0
1740981544 54228 0
1740981546 53906 0
1740981548 54300 0
1740981550 53896 0
1740981552 53234 0
1740981555 54332 0
1740981557 53889 0
1740981559 54284 0
1740981561 54355 0
1740981563 54545 0
1740981565 54321 0
1740981567 54633 0
1740981569 55033 0
1740981571 58935 0
1740981573 54284 0
1740981575 58729 0
1740981577 54504 0
1740981579 54043 0
1740981581 55225 0
1740981583 54126 0
1740981585 54763 0
1740981587 54458 0
1740981589 54146 0
1740981591 53823 0
1740981593 54343 0
1740981595 54511 0
1740981597 53854 0
1740981599 54730 0
1740981601 54900 0
1740981603 54568 0
1740981605 54565 0
1740981607 54662 0
1740981609 54444 0
1740981611 54574 0
1740981613 55365 0
1740981615 54160 0
1740981617 54387 0
1740981619 59142 0
1740981621 56143 0
1740981623 58480 0
1740981625 54983 0
1740981627 55486 0
1740981629 54822 0
1740981631 55384 0
1740981633 54612 0
1740981635 54928 0
1740981637 54713 0
1740981639 54727 0
1740981641 54602 0
1740981643 54989 0
1740981645 54087 0
1740981647 54530 0
1740981649 57550 0
1740981651 55655 0
1740981653 55063 0
1740981655 55295 0
1740981657 54898 0
1740981659 55227 0
1740981661 54701 0
1740981663 54773 0
1740981665 55250 0
1740981667 54593 0
1740981669 54709 0
1740981671 54677 0
1740981673 54472 0
1740981675 54875 0
1740981677 54342 0
1740981679 54403 0
1740981681 54521 0
1740981683 54843 0
1740981685 54499 0
1740981687 54745 0
1740981689 54900 0
1740981691 54733 0
1740981693 54750 0
1740981695 54498 0
1740981697 54413 0
1740981699 55009 0
1740981701 54265 0
1740981703 54899 0
1740981705 53896 0
1740981707 54535 0
1740981709 54237 0
1740981711 54595 0
1740981713 54520 0
1740981715 54715 0
1740981717 54395 0
1740981719 54820 0
1740981721 54666 0
1740981723 54947 0
1740981725 54322 0
1740981727 54996 0
1740981729 54720 0
1740981731 54485 0
1740981733 54857 0
1740981735 54581 0
1740981737 54392 0
1740981739 54511 0
1740981741 54834 0
1740981743 54269 0
1740981745 54723 0
1740981747 54374 0
1740981749 54591 0
1740981751 54885 0
1740981753 54647 0
1740981755 54326 0
1740981757 54330 0
1740981759 54626 0
1740981761 54739 0
1740981763 54111 0
1740981765 54247 0
1740981767 54834 0
1740981769 54992 0
1740981771 58549 0
1740981773 54604 0
1740981775 56063 0
1740981777 54632 0
1740981779 54750 0
1740981781 54442 0
1740981783 54806 0
1740981785 55136 0
1740981787 55510 0
1740981789 54907 0
1740981791 55317 0
1740981793 55332 0
1740981795 55085 0
1740981797 54687 0
1740981799 54743 0
1740981801 54429 0
1740981803 53744 0
1740981805 54309 0
1740981807 54418 0
1740981809 53775 0
1740981811 56038 0
1740981813 54170 0
1740981815 55004 0
1740981817 54920 0
1740981819 54146 0
1740981821 54580 0
1740981823 54392 0
1740981825 55491 0
1740981827 55113 0
1740981829 54499 0
1740981831 54704 0
1740981833 55418 0
1740981835 55132 0
1740981837 55261 0
1740981839 55460 0
1740981841 55632 0
1740981843 55014 0
1740981845 54566 0
1740981847 55321 0
1740981849 55036 0
1740981851 55156 0
1740981853 55071 0
1740981855 55751 0
1740981857 55246 0
1740981860 55101 0
1740981862 55756 0
1740981864 55051 0
1740981866 55340 0
1740981868 54798 0
1740981870 54566 0
1740981872 54651 0
1740981874 55164 0
1740981876 55190 0
1740981878 54537 0
1740981880 55288 0
1740981882 54939 0
1740981884 55691 0
1740981886 55153 0
1740981888 55130 0
1740981890 54706 0
1740981892 55111 0
1740981894 54651 0
1740981896 54773 0
1740981898 55065 0
1740981900 55007 0
1740981902 55362 0
1740981904 54527 0
1740981906 55527 0
1740981908 54669 0
1740981910 55265 0
1740981912 55035 0
1740981914 54714 0
1740981916 55245 0
1740981918 54588 0
1740981920 55398 0
1740981922 54625 0
1740981924 55034 0
1740981926 55641 0
1740981928 55484 0
1740981930 55018 0
1740981932 55305 0
1740981934 54715 0
1740981936 55301 0
1740981938 54472 0
1740981940 55338 0
1740981942 54991 0
1740981944 54644 0
1740981946 54986 0
1740981948 55045 0
1740981950 54741 0
1740981952 55177 0
1740981954 55413 0
1740981956 55112 0
1740981958 55000 0
1740981960 54958 0
1740981962 55044 0
1740981964 55057 0
1740981966 54870 0
1740981968 55274 0
1740981970 55329 0
1740981972 53389 0
1740981974 54237 0
1740981976 54888 0
1740981978 55237 0
1740981980 55855 0
1740981982 55529 0
1740981984 55002 0
1740981986 54762 0
1740981988 55243 0
1740981990 55012 0
1740981992 55607 0
1740981994 54989 0
1740981996 54654 0
1740981998 55781 0
1740982000 56372 0
1740982002 58901 0
1740982004 54968 0
1740982006 55630 0
1740982008 55009 0
1740982010 55383 0
1740982012 54742 0
1740982014 55181 0
1740982016 54361 0
1740982018 54543 0
1740982020 55363 0
1740982022 55527 0
1740982024 55016 0
1740982026 55002 0
1740982028 54405 0
1740982030 55005 0
1740982032 54749 0
1740982034 54744 0
1740982036 55331 0
1740982038 55085 0
1740982040 55287 0
1740982042 54844 0
1740982044 54909 0
1740982046 54782 0
1740982048 54571 0
1740982050 54706 0
1740982052 54949 0
1740982054 54712 0
1740982056 54272 0
1740982058 55133 0
1740982060 55694 0
1740982062 54840 0
1740982064 54061 0
1740982066 54663 0
1740982068 54324 0
1740982070 54512 0
1740982072 54197 0
1740982074 54529 0
1740982076 54482 0
1740982078 55091 0
1740982080 54163 0
1740982082 54353 0
1740982084 54777 0
1740982086 53930 0
1740982088 54290 0
1740982090 54047 0
1740982092 54404 0
1740982094 53830 0
1740982096 52781 0
1740982098 55734 0
1740982100 54379 0
1740982102 54019 0
1740982104 54389 0
1740982106 54361 0
1740982108 54199 0
1740982110 54270 0
1740982112 54720 0
1740982114 53778 0
1740982116 54449 0
1740982118 54272 0
1740982120 54237 0
1740982122 54322 0
1740982124 54492 0
1740982126 54246 0
1740982128 54071 0
1740982130 54249 0
1740982132 54479 0
1740982134 54785 0
1740982136 54560 0
1740982138 53761 0
1740982140 54235 0
1740982142 54580 0
1740982144 54145 0
1740982146 54329 0
1740982148 54414 0
1740982150 55167 0
1740982152 54609 0
1740982154 54215 0
1740982156 54151 0
1740982158 54041 0
1740982161 54184 0
1740982163 54172 0
1740982165 54555 0
1740982167 54385 0
1740982169 54484 0
1740982171 54435 0
1740982173 54851 0
1740982175 54410 0
1740982177 54399 0
1740982179 56258 0
1740982181 54188 0
1740982183 54957 0
1740982185 53882 0
1740982187 54862 0
1740982189 53786 0
1740982191 54184 0
1740982193 53872 0
1740982195 54168 0
1740982197 54676 0
1740982199 54483 0
1740982201 54398 0
1740982203 54392 0
1740982205 54727 0
1740982207 53854 0
1740982209 54755 0
1740982211 54461 0
1740982213 54321 0
1740982215 54659 0
1740982217 54882 0
1740982219 54999 0
1740982221 56165 0
1740982223 54496 0
1740982225 55914 0
1740982227 55453 0
1740982229 55289 0
1740982231 55066 0
1740982233 55092 0
1740982235 55049 0
1740982237 54902 0
1740982239 58604 0
1740982241 53868 0
1740982243 54624 0
1740982245 54280 0
1740982247 55048 0
1740982249 54395 0
1740982251 54978 0
1740982253 54490 0
1740982255 54213 0
1740982257 54948 0
1740982259 54778 0
1740982261 54756 0
1740982263 54407 0
1740982265 54065 0
1740982267 54173 0
1740982269 54670 0
1740982271 54998 0
1740982273 54481 0
1740982275 54886 0
1740982277 54623 0
1740982279 53478 0
1740982281 54115 0
1740982283 54294 0
1740982285 54392 0
1740982287 53759 0
1740982289 55347 0
1740982291 56063 0
1740982293 56186 0
1740982295 54825 0
1740982297 55263 0
1740982299 54880 0
1740982301 55577 0
1740982303 54955 0
1740982305 54823 0
1740982307 54907 0
1740982309 54067 0
1740982311 54981 0
1740982313 54178 0
1740982315 54710 0
1740982317 53464 0
1740982319 53025 0
1740982321 54727 0
1740982323 53353 0
1740982325 54429 0
1740982327 53861 0
1740982329 54192 0
1740982331 54596 0
1740982333 54188 0
1740982335 54301 0
1740982337 55111 0
1740982339 54346 0
1740982341 55001 0
1740982343 54975 0
1740982345 54477 0
1740982347 55016 0
1740982349 54924 0
1740982351 54530 0
1740982353 55152 0
1740982355 55005 0
1740982357 54930 0
1740982359 55191 0
1740982361 54425 0
1740982363 54557 0
1740982365 54051 0
1740982367 54470 0
1740982369 54723 0
1740982371 54754 0
1740982373 55257 0
1740982375 55090 0
1740982377 55096 0
1740982379 54647 0
1740982381 54405 0
1740982383 55071 0
1740982385 54863 0
1740982387 54964 0
1740982389 54766 0
1740982391 55004 0
1740982393 54443 0
1740982395 55320 0
1740982397 55190 0
1740982399 54540 0
1740982401 54810 0
1740982403 55012 0
1740982405 54444 0
1740982407 54727 0
1740982409 54402 0
1740982411 55061 0
1740982413 54930 0
1740982415 55091 0
1740982417 55266 0
1740982419 54799 0
1740982421 54944 0
1740982423 55163 0
1740982425 54573 0
1740982427 54750 0
1740982429 54761 0
1740982431 54677 0
1740982433 54208 0
1740982435 55278 0
1740982437 54915 0
1740982439 54441 0
1740982442 55074 0
1740982444 54820 0
1740982446 54350 0
1740982448 55101 0
1740982450 55066 0
1740982452 55070 0
1740982454 54761 0
1740982456 54262 0
1740982458 55005 0
1740982460 54764 0
1740982462 54764 0
1740982464 54615 0
1740982466 54815 0
1740982468 55205 0
1740982470 55027 0
1740982472 54535 0
1740982474 54811 0
1740982476 54455 0
1740982478 55417 0
1740982480 54840 0
1740982482 55167 0
1740982484 55309 0
1740982486 55248 0
1740982488 54913 0
1740982490 55273 0
1740982492 55359 0
1740982494 55010 0
1740982496 55274 0
1740982498 55004 0
1740982500 55140 0
1740982502 54554 0
1740982504 55489 0
1740982506 55458 0
1740982508 54814 0
1740982510 55552 0
1740982512 55173 0
1740982514 55408 0
1740982516 54860 0
1740982518 54704 0
1740982520 55393 0
1740982522 55042 0
1740982524 54682 0
1740982526 54857 0
1740982528 55105 0
1740982530 54747 0
1740982532 55143 0
1740982534 54640 0
1740982536 55670 0
1740982538 55971 0
1740982540 54501 0
1740982542 53922 0
1740982544 54468 0
1740982546 54403 0
1740982548 55051 0
1740982550 54950 0
1740982552 55069 0
1740982554 54923 0
1740982556 54446 0
1740982558 54537 0
1740982560 55057 0
1740982562 54904 0
1740982564 55115 0
1740982566 55214 0
1740982568 54853 0
1740982570 55030 0
1740982572 55186 0
1740982574 55194 0
1740982576 54972 0
1740982578 54748 0
1740982580 54754 0
1740982582 54892 0
1740982584 54928 0
1740982586 55277 0
1740982588 54154 0
1740982590 54901 0
1740982592 56238 0
1740982594 55048 0
1740982596 55166 0
1740982598 54823 0
1740982600 55482 0
1740982602 55008 0
1740982604 55866 0
1740982606 54990 0
1740982608 55002 0
1740982610 54827 0
1740982612 55115 0
1740982614 55636 0
1740982616 55355 0
1740982618 55437 0
1740982620 55230 0
1740982622 54992 0
1740982624 55751 0
1740982626 54683 0
1740982628 54222 0
1740982630 55042 0
1740982632 54861 0
1740982634 54685 0
1740982636 55190 0
1740982638 54788 0
1740982640 54886 0
1740982642 54680 0
1740982644 54429 0
1740982646 55337 0
1740982648 54338 0
1740982650 54599 0
1740982652 54731 0
1740982654 54687 0
1740982656 55206 0
1740982658 55302 0
1740982660 54378 0
1740982662 55378 0
1740982664 54885 0
1740982666 54841 0
1740982668 54865 0
1740982670 54944 0
1740982672 55616 0
1740982674 55637 0
1740982676 55076 0
1740982678 54914 0
1740982680 54897 0
1740982682 55376 0
1740982684 55159 0
1740982686 55261 0
1740982688 55572 0
1740982690 55663 0
1740982692 54927 0
1740982694 55217 0
1740982696 54910 0
1740982698 55006 0
1740982700 55286 0
1740982702 55033 0
1740982704 55144 0
1740982706 55473 0
1740982708 57254 0
1740982710 55020 0
1740982712 54411 0
1740982714 55077 0
1740982716 54934 0
1740982718 55263 0
1740982720 55165 0
1740982722 55369 0
1740982724 55200 0
1740982726 54937 0
1740982728 54887 0
1740982730 54780 0
1740982732 55174 0
1740982734 55121 0
1740982736 54869 0
1740982738 54924 0
1740982740 54994 0
1740982742 54253 0
1740982744 55067 0
1740982746 57042 0
1740982748 56293 0
1740982750 54882 0
1740982752 55625 0
1740982755 54851 0
1740982757 55178 0
1740982759 55209 0
1740982761 55355 0
1740982763 55152 0
1740982765 54935 0
1740982767 54978 0
1740982769 54481 0
1740982771 55280 0
1740982773 55421 0
1740982775 55481 0
1740982777 54806 0
1740982779 54624 0
1740982781 55696 0
1740982783 55141 0
1740982785 54786 0
1740982787 55210 0
1740982789 55209 0
1740982791 55735 0
1740982793 55104 0
1740982795 54923 0
1740982797 55169 0
1740982799 54561 0
1740982801 55379 0
1740982803 54199 0
1740982805 54854 0
1740982807 54775 0
1740982809 55372 0
1740982811 54364 0
1740982813 54581 0
1740982815 54374 0
1740982817 54980 0
1740982819 55239 0
1740982821 55328 0
1740982823 54713 0
1740982825 54740 0
1740982827 54683 0
1740982829 55025 0
1740982831 54945 0
1740982833 54965 0
1740982835 55549 0
1740982837 55457 0
1740982839 55274 0
1740982841 55556 0
1740982843 54923 0
1740982845 55110 0
1740982847 55109 0
1740982849 54394 0
1740982851 55634 0
1740982853 54516 0
1740982855 56060 0
1740982857 55379 0
1740982859 55111 0
1740982861 54955 0
1740982863 59767 0
1740982865 56226 0
1740982867 54527 0
1740982869 55451 0
1740982871 54729 0
1740982873 55354 0
1740982875 54172 0
1740982877 54265 0
1740982879 54669 0
1740982881 54611 0
1740982883 55271 0
1740982885 55437 0
1740982887 54662 0
1740982889 54920 0
1740982891 54693 0
1740982893 55066 0
1740982895 54628 0
1740982897 55357 0
1740982899 55025 0
1740982901 55173 0
1740982903 54993 0
1740982905 54673 0
1740982907 55055 0
1740982909 54679 0
1740982911 54646 0
1740982913 55203 0
1740982915 55269 0
1740982917 54716 0
1740982919 55172 0
1740982921 55171 0
1740982923 54960 0
1740982925 55218 0
1740982927 54918 0
1740982929 55267 0
1740982931 54497 0
1740982933 54672 0
1740982935 54792 0
1740982937 55265 0
1740982939 55270 0
1740982941 54914 0
1740982943 55162 0
1740982945 55394 0
1740982947 54991 0
1740982949 55073 0
1740982951 54325 0
1740982953 55513 0
1740982955 55001 0
1740982957 55424 0
1740982959 54789 0
1740982961 55075 0
1740982963 55358 0
1740982965 55191 0
1740982967 55425 0
1740982969 55344 0
1740982971 54915 0
1740982973 56233 0
1740982975 55079 0
1740982977 54482 0
1740982979 54552 0
1740982981 54772 0
1740982983 55192 0
1740982985 55445 0
1740982987 54428 0
1740982989 55153 0
1740982991 55008 0
1740982993 55003 0
1740982995 55419 0
1740982997 54357 0
1740982999 54630 0
1740983001 54793 0
1740983003 55336 0
1740983005 54737 0
1740983007 54931 0
1740983009 54946 0
1740983011 55378 0
1740983013 55045 0
1740983015 55257 0
1740983017 54487 0
1740983019 54991 0
1740983021 54747 0
1740983023 54912 0
1740983025 54588 0
1740983027 54854 0
1740983029 54675 0
1740983031 54673 0
1740983033 54295 0
1740983035 54600 0
1740983037 55226 0
1740983039 54680 0
1740983041 54186 0
1740983043 55165 0
1740983045 54978 0
1740983047 56073 0
1740983049 53489 0
1740983051 53481 0
1740983053 54180 0
1740983055 54483 0
1740983057 54485 0
1740983059 54748 0
1740983061 54634 0
1740983063 54600 0
1740983065 54420 0
1740983068 55360 0
1740983070 54449 0
1740983072 55000 0
1740983074 54457 0
1740983076 54856 0
1740983078 55188 0
1740983080 54636 0
1740983082 55369 0
1740983084 54562 0
1740983086 54986 0
1740983088 55562 0
1740983090 55456 0
1740983092 55489 0
1740983094 55262 0
1740983096 55169 0
1740983098 54783 0
1740983100 55249 0
1740983102 54801 0
1740983104 54981 0
1740983106 55358 0
1740983108 55268 0
1740983110 55590 0
1740983112 54829 0
1740983114 55030 0
1740983116 54302 0
1740983118 55721 0
1740983120 55144 0
1740983122 55113 0
1740983124 55296 0
1740983126 55026 0
1740983128 55244 0
1740983130 55426 0
1740983132 55693 0
1740983134 55501 0
1740983136 55446 0
1740983138 55775 0
1740983140 55386 0
1740983142 55331 0
1740983144 54761 0
1740983146 55221 0
1740983148 55205 0
1740983150 55245 0
1740983152 54838 0
1740983154 55141 0
1740983156 54725 0
1740983158 54568 0
1740983160 54612 0
1740983162 54767 0
1740983164 55129 0
1740983166 55848 0
1740983168 60309 0
1740983170 55547 0
1740983172 55957 0
1740983174 54862 0
1740983176 56052 0
1740983178 59554 0
1740983180 55807 0
1740983182 59179 0
1740983184 57163 0
1740983186 55465 0
1740983188 55107 0
1740983190 55047 0
1740983192 55071 0
1740983194 56060 0
1740983196 56860 0
1740983198 56162 0
1740983200 54962 0
1740983202 55511 0
1740983204 55133 0
1740983206 55009 0
1740983208 54945 0
1740983210 54904 0
1740983212 54668 0
1740983214 55441 0
1740983216 55085 0
1740983218 55001 0
1740983220 58711 0
1740983222 56316 0
1740983224 54713 0
1740983226 57901 0
1740983228 59387 0
1740983230 58284 0
1740983232 53406 0
1740983234 54877 0
1740983236 53996 0
1740983238 54857 0
1740983240 54652 0
1740983242 54664 0
1740983244 54707 0
1740983246 54302 0
1740983248 54382 0
1740983250 54673 0
1740983252 54890 0
1740983254 54961 0
1740983256 55190 0
1740983258 54591 0
1740983260 54811 0
1740983262 54306 0
1740983264 54932 0
1740983266 54855 0
1740983268 54563 0
1740983270 55126 0
1740983272 54892 0
1740983274 55612 0
1740983276 55345 0
1740983278 54929 0
1740983280 53925 0
1740983282 55133 0
1740983284 54200 0
1740983286 54858 0
1740983288 54797 0
1740983290 54661 0
1740983292 54517 0
1740983294 54940 0
1740983296 54575 0
1740983298 54341 0
1740983300 55162 0
1740983302 54539 0
1740983304 54321 0
1740983306 53505 0
1740983308 55171 0
1740983310 53707 0
1740983312 54373 0
1740983314 54539 0
1740983316 55710 0
1740983318 56218 0
1740983320 54802 0
1740983322 55695 0
1740983324 54879 0
1740983326 55053 0
1740983328 54977 0
1740983330 54596 0
1740983332 54962 0
1740983334 54970 0
1740983336 55098 0
1740983338 54682 0
1740983340 55020 0
1740983342 54979 0
1740983344 55510 0
1740983346 54805 0
1740983348 56703 0
1740983350 55418 0
1740983352 54643 0
1740983354 54985 0
1740983356 56271 0
1740983358 54523 0
1740983360 55176 0
1740983362 54466 0
1740983364 54018 0
1740983366 55208 0
1740983368 54140 0
1740983370 54410 0
1740983372 54080 0
1740983374 54573 0
1740983376 54371 0
1740983378 55584 0
1740983380 58854 0
1740983383 56147 0
1740983385 58386 0
1740983387 57091 0
1740983389 55758 0
1740983391 55970 0
1740983393 54912 0
1740983395 55373 0
1740983397 54809 0
1740983399 54332 0
1740983401 54803 0
1740983403 54685 0
1740983405 54413 0
1740983407 55502 0
1740983409 55356 0
1740983411 54441 0
1740983413 54569 0
1740983415 55303 0
1740983417 54446 0
1740983419 54687 0
1740983421 54410 0
1740983423 54737 0
1740983425 55606 0
1740983427 55008 0
1740983429 55046 0
1740983431 55338 0
1740983433 55182 0
1740983435 55641 0
1740983437 55963 0
1740983439 54799 0
1740983441 54627 0
1740983443 54994 0
1740983445 55005 0
1740983447 54285 0
1740983449 54692 0
1740983451 54810 0
1740983453 56162 0
1740983455 54869 0
1740983457 55328 0
1740983459 54607 0
1740983461 55789 0
1740983463 55580 0
1740983465 55221 0
1740983467 55797 0
1740983469 54853 0
1740983471 55222 0
1740983473 55289 0
1740983475 55475 0
1740983477 53941 0
1740983479 55471 0
1740983481 54724 0
1740983483 54825 0
1740983485 55147 0
1740983487 55530 0
1740983489 54802 0
1740983491 55045 0
1740983493 54413 0
1740983495 55261 0
1740983497 54422 0
1740983499 55822 0
1740983501 54969 0
1740983503 54609 0
1740983505 55274 0
1740983507 55318 0
1740983509 55843 0
1740983511 54887 0
1740983513 54836 0
1740983515 55282 0
1740983517 55595 0
1740983519 56070 0
1740983521 55473 0
1740983523 56302 0
1740983525 54664 0
1740983527 55232 0
1740983529 55169 0
1740983531 55082 0
1740983533 54855 0
1740983535 55600 0
1740983537 55422 0
1740983539 54736 0
1740983541 55202 0
1740983543 55408 0
1740983545 55121 0
1740983547 55727 0
1740983549 55268 0
1740983551 55588 0
1740983553 55481 0
1740983555 55225 0
1740983557 55848 0
1740983559 55237 0
1740983561 55282 0
1740983563 55183 0
1740983565 54985 0
1740983567 54981 0
1740983569 55014 0
1740983571 55321 0
1740983573 54530 0
1740983575 55034 0
1740983577 54953 0
1740983579 54402 0
1740983581 55434 0
1740983583 54685 0
1740983585 55718 0
1740983587 55747 0
1740983589 54894 0
1740983591 55035 0
1740983593 55072 0
1740983595 55133 0
1740983597 55056 0
1740983599 55688 0
1740983601 55156 0
1740983603 55225 0
1740983605 55704 0
1740983607 55568 0
1740983609 55209 0
1740983611 55181 0
1740983613 55341 0
1740983615 55260 0
1740983617 55027 0
1740983619 55213 0
1740983621 55473 0
1740983623 56273 0
1740983625 55480 0
1740983627 55357 0
1740983629 55142 0
1740983631 55145 0
1740983633 56627 0
1740983635 55443 0
1740983637 56042 0
1740983639 55978 0
1740983641 55151 0
1740983643 55511 0
1740983645 55895 0
1740983647 55227 0
1740983649 55031 0
1740983651 56883 0
1740983653 55347 0
1740983655 55638 0
1740983657 55446 0
1740983659 55564 0
1740983661 55367 0
1740983663 55407 0
1740983665 54496 0
1740983667 55559 0
1740983669 56209 0
1740983671 55217 0
1740983673 54678 0
1740983675 55557 0
1740983677 56152 0
1740983679 55922 0
1740983681 56237 0
1740983683 55937 0
1740983685 55234 0
1740983687 56132 0
1740983689 56000 0
1740983691 56049 0
1740983693 56321 0
1740983695 56348 0
1740983698 56027 0
1740983700 56513 0
1740983702 57144 0
1740983704 56234 0
1740983706 57074 0
1740983708 55871 0
1740983710 55994 0
1740983712 56178 0
1740983714 56628 0
1740983716 60595 0
1740983718 56782 0
1740983720 56134 0
1740983722 56496 0
1740983724 57567 0
1740983726 57160 0
1740983728 59549 0
1740983730 55460 0
1740983732 56623 0
1740983734 55785 0
1740983736 55876 0
1740983738 55151 0
1740983740 57284 0
1740983742 55665 0
1740983744 56221 0
1740983746 55883 0
1740983748 55799 0
1740983750 55968 0
1740983752 55923 0
1740983754 55162 0
1740983756 55508 0
1740983758 55863 0
1740983760 55421 0
1740983762 55458 0
1740983764 55219 0
1740983766 55671 0
1740983768 56059 0
1740983770 56413 0
1740983772 56024 0
1740983774 55448 0
1740983776 57288 0
1740983778 57417 0
1740983780 56876 0
1740983782 56128 0
1740983784 55399 0
1740983786 56834 0
1740983788 54620 0
1740983790 56084 0
1740983792 56140 0
1740983794 56213 0
1740983796 56330 0
1740983798 56172 0
1740983800 55342 0
1740983802 57548 0
1740983804 56065 0
1740983806 55907 0
1740983808 58144 0
1740983810 56559 0
1740983812 56250 0
1740983814 55761 0
1740983816 56394 0
1740983818 56195 0
1740983820 60230 0
1740983822 56289 0
1740983824 56389 0
1740983826 56166 0
1740983828 55711 0
1740983830 55921 0
1740983832 55963 0
1740983834 56116 0
1740983836 55656 0
1740983838 56264 0
1740983840 55884 0
1740983842 56046 0
1740983844 56705 0
1740983846 56886 0
1740983848 55644 0
1740983850 55123 0
1740983852 56396 0
1740983854 56062 0
1740983856 55661 0
1740983858 56041 0
1740983860 55714 0
1740983862 55838 0
1740983864 57068 0
1740983866 59649 0
1740983868 55387 0
1740983870 55263 0
1740983872 55297 0
1740983874 54718 0
1740983876 55773 0
1740983878 54704 0
1740983880 55412 0
1740983882 55688 0
1740983884 55162 0
1740983886 56421 0
1740983888 56110 0
1740983890 56831 0
1740983892 55677 0
1740983894 54846 0
1740983896 54554 0
1740983898 54221 0
1740983900 55391 0
1740983902 55681 0
1740983904 55747 0
1740983906 56505 0
1740983908 56043 0
1740983910 55540 0
1740983912 55687 0
1740983914 55974 0
1740983916 56388 0
1740983918 55649 0
1740983920 56045 0
1740983922 55903 0
1740983924 55472 0
1740983926 55435 0
1740983928 55399 0
1740983930 55342 0
1740983932 56787 0
1740983934 56724 0
1740983936 55523 0
1740983938 56028 0
1740983940 56659 0
1740983942 56254 0
1740983944 55660 0
1740983946 56670 0
1740983948 55635 0
1740983950 55559 0
1740983952 55781 0
1740983954 57213 0
1740983956 57072 0
1740983958 55963 0
1740983960 56258 0
1740983962 56168 0
1740983964 55847 0
1740983966 56539 0
1740983968 56672 0
1740983970 55216 0
1740983972 57818 0
1740983974 56305 0
1740983976 56612 0
1740983978 55628 0
1740983980 56206 0
1740983982 55789 0
1740983984 58445 0
1740983986 57216 0
1740983988 55701 0
1740983990 55963 0
1740983992 56947 0
1740983994 56300 0
1740983996 57227 0
1740983998 56565 0
1740984000 56653 0
1740984002 56144 0
1740984004 59927 0
1740984006 56789 0
1740984008 56092 0
1740984010 55976 0
1740984012 56476 0
1740984015 56721 0
1740984017 56335 0
1740984019 56047 0
1740984021 56699 0
1740984023 57370 0
1740984025 57039 0
1740984027 56282 0
1740984029 55703 0
1740984031 55032 0
1740984033 56519 0
1740984035 55815 0
1740984037 55658 0
1740984039 55873 0
1740984041 56636 0
1740984043 56145 0
1740984045 56334 0
1740984047 56304 0
1740984049 56108 0
1740984051 55747 0
1740984053 55825 0
1740984055 56071 0
1740984057 56671 0
1740984059 55822 0
1740984061 55768 0
1740984063 56488 0
1740984065 56318 0
1740984067 56592 0
1740984069 55758 0
1740984071 56111 0
1740984073 56771 0
1740984075 55999 0
1740984077 56477 0
1740984079 56057 0
1740984081 56227 0
1740984083 56466 0
1740984085 56337 0
1740984087 56026 0
1740984089 55665 0
1740984091 55879 0
1740984093 55826 0
1740984095 56691 0
1740984097 55841 0
1740984099 55964 0
1740984101 56681 0
1740984103 56244 0
1740984105 55821 0
1740984107 55954 0
1740984109 55057 0
1740984111 55366 0
1740984113 55371 0
1740984115 56424 0
1740984117 55820 0
1740984119 56709 0
1740984121 56317 0
1740984123 55960 0
1740984125 56305 0
1740984127 59239 0
1740984129 56855 0
1740984131 59459 0
1740984133 56439 0
1740984135 56517 0
1740984137 59547 0
1740984139 57062 0
1740984141 56812 0
1740984143 55411 0
1740984145 56619 0
1740984147 55291 0
1740984149 56295 0
1740984151 56041 0
1740984153 56210 0
1740984155 55672 0
1740984157 56001 0
1740984159 55853 0
1740984161 56267 0
1740984163 55972 0
1740984165 56372 0
1740984167 56012 0
1740984169 56539 0
1740984171 55429 0
1740984173 55615 0
1740984175 55875 0
1740984177 55942 0
1740984179 56164 0
1740984181 55803 0
1740984183 55710 0
1740984185 55889 0
1740984187 55998 0
1740984189 56440 0
1740984191 56156 0
1740984193 56389 0
1740984195 55217 0
1740984197 56226 0
1740984199 56430 0
1740984201 55725 0
1740984203 55559 0
1740984205 56019 0
1740984207 55895 0
1740984209 55802 0
1740984211 56609 0
1740984213 56444 0
1740984215 55882 0
1740984217 56856 0
1740984219 56644 0
1740984221 55958 0
1740984223 56191 0
1740984225 55776 0
1740984227 56534 0
1740984229 56655 0
1740984231 56127 0
1740984233 55519 0
1740984235 55922 0
1740984237 55741 0
1740984239 56175 0
1740984241 56215 0
1740984243 56131 0
1740984245 55613 0
1740984247 55897 0
1740984249 56413 0
1740984251 55824 0
1740984253 56239 0
1740984255 55955 0
1740984257 55906 0
1740984259 55989 0
1740984261 56190 0
1740984263 56093 0
1740984265 55943 0
1740984267 55824 0
1740984269 56130 0
1740984271 56574 0
1740984273 55857 0
1740984275 55912 0
1740984277 56061 0
1740984279 56137 0
1740984281 56154 0
1740984283 56332 0
1740984285 55568 0
1740984287 56536 0
1740984289 56560 0
1740984291 56684 0
1740984293 56614 0
1740984295 56393 0
1740984297 55876 0
1740984299 56083 0
1740984301 56213 0
1740984303 56556 0
1740984305 56358 0
1740984307 56028 0
1740984309 55898 0
1740984311 56148 0
1740984313 56098 0
1740984315 56091 0
1740984317 56425 0
1740984319 56123 0
1740984321 56283 0
1740984323 55953 0
1740984325 55407 0
1740984328 55665 0
1740984330 55974 0
1740984332 55957 0
1740984334 55989 0
1740984336 55789 0
1740984338 55652 0
1740984340 55301 0
1740984342 55503 0
1740984344 55708 0
1740984346 56325 0
1740984348 55789 0
1740984350 55767 0
1740984352 56279 0
1740984354 56353 0
1740984356 56907 0
1740984358 56342 0
1740984360 55830 0
1740984362 55798 0
1740984364 56427 0
1740984366 55460 0
1740984368 56050 0
1740984370 56328 0
1740984372 55881 0
1740984374 55798 0
1740984376 55591 0
1740984378 55260 0
1740984380 55580 0
1740984382 56284 0
1740984384 56118 0
1740984386 56120 0
1740984388 55740 0
1740984390 55989 0
1740984392 55435 0
1740984394 55025 0
1740984396 55808 0
1740984398 56028 0
1740984400 56085 0
1740984402 55812 0
1740984404 55897 0
1740984406 56046 0
1740984408 55840 0
1740984410 55211 0
1740984412 55465 0
1740984414 55989 0
1740984416 56124 0
1740984418 55760 0
1740984420 56190 0
1740984422 55182 0
1740984424 55930 0
1740984426 55898 0
1740984428 56219 0
1740984430 55766 0
1740984432 55322 0
1740984434 55060 0
1740984436 54778 0
1740984438 56306 0
1740984440 55939 0
1740984442 55478 0
1740984444 55343 0
1740984446 56020 0
1740984448 55481 0
1740984450 55839 0
1740984452 55840 0
1740984454 55257 0
1740984456 55801 0
1740984458 55477 0
1740984460 56629 0
1740984462 55687 0
1740984464 56157 0
1740984466 56295 0
1740984468 56488 0
1740984470 56091 0
1740984472 55872 0
1740984474 55654 0
1740984476 55588 0
1740984478 56789 0
1740984480 55917 0
1740984482 55693 0
1740984484 55578 0
1740984486 55800 0
1740984488 55699 0
1740984490 56702 0
1740984492 55755 0
1740984494 55607 0
1740984496 55743 0
1740984498 55189 0
1740984500 55588 0
1740984502 55829 0
1740984504 55710 0
1740984506 55553 0
1740984508 55912 0
1740984510 55978 0
1740984512 56062 0
1740984514 55846 0
1740984516 55271 0
1740984518 54626 0
1740984520 54610 0
1740984522 55781 0
1740984524 55832 0
1740984526 58722 0
1740984528 55946 0
1740984530 56231 0
1740984532 56534 0
1740984534 57722 0
1740984536 55580 0
1740984538 60786 0
1740984540 57483 0
1740984542 56572 0
1740984544 55034 0
1740984546 59206 0
1740984548 55628 0
1740984550 55527 0
1740984552 56990 0
1740984554 56526 0
1740984556 55772 0
1740984558 56566 0
1740984560 58195 0
1740984562 57181 0
1740984564 56766 0
1740984566 55814 0
1740984568 56972 0
1740984570 56271 0
1740984572 55130 0
1740984574 55711 0
1740984576 56114 0
1740984578 55787 0
1740984580 55749 0
1740984582 55391 0
1740984584 56126 0
1740984586 56156 0
1740984588 56241 0
1740984590 57085 0
1740984592 56662 0
1740984594 56109 0
1740984596 56037 0
1740984598 55908 0
1740984600 55388 0
1740984602 55484 0
1740984604 55780 0
1740984606 55737 0
1740984608 56036 0
1740984610 56279 0
1740984612 55580 0
1740984614 56273 0
1740984616 56183 0
1740984618 55467 0
1740984620 56253 0
1740984622 56366 0
1740984624 56404 0
1740984626 56202 0
1740984628 56056 0
1740984630 55990 0
1740984632 56134 0
1740984634 56065 0
1740984636 55228 0
1740984638 55690 0
1740984640 55727 0
1740984642 56759 0
1740984645 56377 0
1740984647 55972 0
1740984649 55023 0
1740984651 56499 0
1740984653 56273 0
1740984655 56494 0
1740984657 55624 0
1740984659 55724 0
1740984661 55185 0
1740984663 55451 0
1740984665 55550 0
1740984667 56516 0
1740984669 55332 0
1740984671 56500 0
1740984673 60712 0
1740984675 57039 0
1740984677 56135 0
1740984679 57375 0
1740984681 56078 0
1740984683 55352 0
1740984685 56249 0
1740984687 55346 0
1740984689 57959 0
1740984691 55376 0
1740984693 56454 0
1740984695 55847 0
1740984697 55956 0
1740984699 56203 0
1740984701 56051 0
1740984703 55469 0
1740984705 55410 0
1740984707 55782 0
1740984709 56044 0
1740984711 55276 0
1740984713 55549 0
1740984715 56056 0
1740984717 56473 0
1740984719 55791 0
1740984721 55063 0
1740984723 55920 0
1740984725 55301 0
1740984727 55978 0
1740984729 55172 0
1740984731 55965 0
1740984733 55654 0
1740984735 55732 0
1740984737 56644 0
1740984739 55591 0
1740984741 56699 0
1740984743 56526 0
1740984745 56111 0
1740984747 56371 0
1740984749 55680 0
1740984751 55695 0
1740984753 56106 0
1740984755 56381 0
1740984757 55825 0
1740984759 55827 0
1740984761 55765 0
1740984763 56046 0
1740984765 55843 0
1740984767 55572 0
1740984769 55924 0
1740984771 56042 0
1740984773 55842 0
1740984775 55912 0
1740984777 55856 0
1740984779 55394 0
1740984781 55126 0
1740984783 56532 0
1740984785 56332 0
1740984787 56491 0
1740984789 55717 0
1740984791 55008 0
1740984793 55644 0
1740984795 55732 0
1740984797 55389 0
1740984799 55203 0
1740984801 55270 0
1740984803 55340 0
1740984805 55469 0
1740984807 55704 0
1740984809 55184 0
1740984811 54756 0
1740984813 56000 0
1740984815 55057 0
1740984817 55425 0
1740984819 54973 0
1740984821 55998 0
1740984823 58112 0
1740984825 55781 0
1740984827 54889 0
1740984829 55862 0
1740984831 56256 0
1740984833 54861 0
1740984835 56689 0
1740984837 55056 0
1740984839 55824 0
1740984841 55714 0
1740984843 55952 0
1740984845 54934 0
1740984847 54957 0
1740984849 55524 0
1740984851 54712 0
1740984853 54988 0
1740984855 53689 0
1740984857 54903 0
1740984859 54524 0
1740984861 54613 0
1740984863 54900 0
1740984865 54676 0
1740984867 55014 0
1740984869 55139 0
1740984871 54689 0
1740984873 55106 0
1740984875 55215 0
1740984877 56105 0
1740984879 55721 0
1740984881 55797 0
1740984883 55967 0
1740984885 55338 0
1740984887 55746 0
1740984889 55362 0
1740984891 55960 0
1740984893 55515 0
1740984895 55743 0
1740984897 56276 0
1740984899 55306 0
1740984901 55681 0
1740984903 56509 0
1740984905 55862 0
1740984907 54988 0
1740984909 56302 0
1740984911 55814 0
1740984913 55684 0
1740984915 55489 0
1740984917 55582 0
1740984919 55547 0
1740984921 56307 0
1740984923 56111 0
1740984925 55684 0
1740984927 55599 0
1740984929 55319 0
1740984931 56171 0
1740984933 55935 0
1740984935 55480 0
1740984937 56118 0
1740984939 55239 0
1740984941 55965 0
1740984943 55677 0
1740984945 55424 0
1740984947 55870 0
1740984949 55052 0
1740984952 56142 0
1740984954 55257 0
1740984956 55698 0
1740984958 55743 0
1740984960 55133 0
1740984962 55979 0
1740984964 56169 0
1740984966 55804 0
1740984968 55320 0
1740984970 55802 0
1740984972 54969 0
1740984974 55636 0
1740984976 55404 0
1740984978 54946 0
1740984980 54985 0
1740984982 55857 0
1740984984 55976 0
1740984986 55744 0
1740984988 56056 0
1740984990 55843 0
1740984992 56176 0
1740984994 56102 0
1740984996 56111 0
1740984998 55770 0
1740985000 56001 0
1740985002 55629 0
1740985004 55762 0
1740985006 55686 0
1740985008 55117 0
1740985010 57065 0
1740985012 55870 0
1740985014 56028 0
1740985016 56430 0
1740985018 56071 0
1740985020 55644 0
1740985022 55270 0
1740985024 55615 0
1740985026 55738 0
1740985028 55713 0
1740985030 55737 0
1740985032 55191 0
1740985034 55741 0
1740985036 56210 0
1740985038 55897 0
1740985040 55571 0
1740985042 55662 0
1740985044 55209 0
1740985046 55785 0
1740985048 55582 0
1740985050 55688 0
1740985052 55863 0
1740985054 55696 0
1740985056 55477 0
1740985058 55491 0
1740985060 56045 0
1740985062 55664 0
1740985064 56839 0
1740985066 55957 0
1740985068 57011 0
1740985070 56089 0
1740985072 56746 0
1740985074 55314 0
1740985076 56848 0
1740985078 56303 0
1740985080 56041 0
1740985082 56014 0
1740985084 56351 0
1740985086 56389 0
1740985088 56179 0
1740985090 55899 0
1740985092 56377 0
1740985094 55696 0
1740985096 56449 0
1740985098 56453 0
1740985100 55652 0
1740985102 55767 0
1740985104 55705 0
1740985106 55377 0
1740985108 55637 0
1740985110 55946 0
1740985112 55194 0
1740985114 55902 0
1740985116 55866 0
1740985118 55436 0
1740985120 55910 0
1740985122 55336 0
1740985124 55487 0
1740985126 55301 0
1740985128 55511 0
1740985130 55640 0
1740985132 55206 0
1740985134 55583 0
1740985136 55665 0
1740985138 55276 0
1740985140 55477 0
1740985142 55439 0
1740985144 55742 0
1740985146 56048 0
1740985148 55178 0
1740985150 55425 0
1740985152 54945 0
1740985154 55667 0
1740985156 55119 0
1740985158 54722 0
1740985160 55314 0
1740985162 55303 0
1740985164 55294 0
1740985166 55154 0
1740985168 55127 0
1740985170 54474 0
1740985172 55701 0
1740985174 55051 0
1740985176 56999 0
1740985178 55251 0
1740985180 54844 0
1740985182 55159 0
1740985184 55837 0
1740985186 55026 0
1740985188 55852 0
1740985190 55519 0
1740985192 55308 0
1740985194 55478 0
1740985196 55032 0
1740985198 55831 0
1740985200 55627 0
1740985202 55574 0
1740985204 54896 0
1740985206 55943 0
1740985208 55443 0
1740985210 55862 0
1740985212 55257 0
1740985214 54500 0
1740985216 54689 0
1740985218 56014 0
1740985220 55299 0
1740985222 56342 0
1740985224 54784 0
1740985226 55205 0
1740985228 55682 0
1740985230 54771 0
1740985232 55792 0
1740985234 55517 0
1740985236 56142 0
1740985238 55611 0
1740985240 55645 0
1740985242 55158 0
1740985244 55171 0
1740985246 57101 0
1740985248 57995 0
1740985250 55079 0
1740985252 56039 0
1740985254 55495 0
1740985256 55338 0
1740985258 55591 0
1740985260 55282 0
1740985262 55475 0
1740985264 55367 0
1740985267 55348 0
1740985269 55365 0
1740985271 55765 0
1740985273 55721 0
1740985275 55239 0
1740985277 55502 0
1740985279 55622 0
1740985281 55713 0
1740985283 55439 0
1740985285 55500 0
1740985287 55043 0
1740985289 55365 0
1740985291 55622 0
1740985293 55973 0
1740985295 55734 0
1740985297 55692 0
1740985299 55670 0
1740985301 56359 0
1740985303 56475 0
1740985305 56428 0
1740985307 56613 0
1740985309 56782 0
1740985311 56279 0
1740985313 56473 0
1740985315 54811 0
1740985317 56121 0
1740985319 56173 0
1740985321 56235 0
1740985323 55720 0
1740985325 55094 0
1740985327 55935 0
1740985329 55933 0
1740985331 55812 0
1740985333 55926 0
1740985335 56056 0
1740985337 54748 0
1740985339 55432 0
1740985341 55910 0
1740985343 56201 0
1740985345 55848 0
1740985347 55967 0
1740985349 55856 0
1740985351 55841 0
1740985353 55901 0
1740985355 55820 0
1740985357 55801 0
1740985359 55892 0
1740985361 55641 0
1740985363 55631 0
1740985365 55491 0
1740985367 55504 0
1740985369 55165 0
1740985371 55907 0
1740985373 56054 0
1740985375 55665 0
1740985377 55689 0
1740985379 56091 0
1740985381 55120 0
1740985383 56089 0
1740985385 55552 0
1740985387 55724 0
1740985389 55708 0
1740985391 55502 0
1740985393 55739 0
1740985395 55827 0
1740985397 55551 0
1740985399 55445 0
1740985401 55777 0
1740985403 55291 0
1740985405 55819 0
1740985407 55841 0
1740985409 55925 0
1740985411 55848 0
1740985413 55994 0
1740985415 55127 0
1740985417 55713 0
1740985419 55477 0
1740985421 55940 0
1740985423 55706 0
1740985425 56160 0
1740985427 55499 0
1740985429 55146 0
1740985431 56033 0
1740985433 55531 0
1740985435 55997 0
1740985437 56052 0
1740985439 56287 0
1740985441 55561 0
1740985443 55234 0
1740985445 55469 0
1740985447 55656 0
1740985449 55997 0
1740985451 56245 0
1740985453 56062 0
1740985455 56128 0
1740985457 55384 0
1740985459 56101 0
1740985461 55474 0
1740985463 55452 0
1740985465 55879 0
1740985467 56075 0
1740985469 56618 0
1740985471 55473 0
1740985473 56400 0
1740985475 56079 0
1740985477 55932 0
1740985479 56035 0
1740985481 55815 0
1740985483 55604 0
1740985485 55259 0
1740985487 56069 0
1740985489 55630 0
1740985491 55714 0
1740985493 55881 0
1740985495 55769 0
1740985497 56185 0
1740985499 55984 0
1740985501 55964 0
1740985503 56161 0
1740985505 56409 0
1740985507 55443 0
1740985509 55858 0
1740985511 55423 0
1740985513 55547 0
1740985515 55725 0
1740985517 55486 0
1740985519 55469 0
1740985521 56192 0
1740985523 55662 0
1740985525 55646 0
1740985527 55778 0
1740985529 55068 0
1740985531 55901 0
1740985533 55729 0
1740985535 56318 0
1740985537 55669 0
1740985539 55597 0
1740985541 55850 0
1740985543 55780 0
1740985545 55263 0
1740985547 55855 0
1740985549 55609 0
1740985551 55810 0
1740985553 55175 0
1740985555 55285 0
1740985557 55976 0
1740985559 55478 0
1740985561 55240 0
1740985563 55729 0
1740985565 55710 0
1740985567 55426 0
1740985569 55761 0
1740985571 55710 0
1740985573 55513 0
1740985575 56066 0
1740985577 55810 0
1740985580 55868 0
1740985582 56011 0
1740985584 55905 0
1740985586 55656 0
1740985588 55562 0
1740985590 55782 0
1740985592 56284 0
1740985594 55925 0
1740985596 56554 0
1740985598 55961 0
1740985600 56137 0
1740985602 55659 0
1740985604 55947 0
1740985606 54549 0
1740985608 55567 0
1740985610 60151 0
1740985612 57679 0
1740985614 54953 0
1740985616 58765 0
1740985618 58989 0
1740985620 57688 0
1740985622 57918 0
1740985624 59837 0
1740985626 58014 0
1740985628 58519 0
1740985630 58842 0
1740985632 58498 0
1740985634 59363 0
1740985636 59810 0
1740985638 59271 0
1740985640 58757 0
1740985642 58995 0
1740985644 58636 0
1740985646 58448 0
1740985648 59402 0
1740985650 59039 0
1740985652 59221 0
1740985654 58623 0
1740985656 59174 0
1740985658 58765 0
1740985660 58682 0
1740985662 58341 0
1740985664 59372 0
1740985666 58602 0
1740985668 59189 0
1740985670 58815 0
1740985672 58932 0
1740985674 58890 0
1740985676 58242 0
1740985678 59208 0
1740985680 58798 0
1740985682 56482 0
1740985684 57828 0
1740985686 57618 0
1740985688 57771 0
1740985690 57599 0
1740985692 57533 0
1740985694 57167 0
1740985696 57909 0
1740985698 57346 0
1740985700 57705 0
1740985702 57514 0
1740985704 58096 0
1740985706 58133 0
1740985708 58404 0
1740985710 57883 0
1740985712 57779 0
1740985714 58025 0
1740985716 57510 0
1740985718 57702 0
1740985720 57646 0
1740985722 57537 0
1740985724 57426 0
1740985726 57675 0
1740985728 58072 0
1740985730 58106 0
1740985732 57706 0
1740985734 57684 0
1740985736 58474 0
1740985738 58066 0
1740985740 58542 0
1740985742 57413 0
1740985744 58118 0
1740985746 57601 0
1740985748 57650 0
1740985750 57315 0
1740985752 56998 0
1740985754 56786 0
1740985756 57564 0
1740985758 57705 0
1740985760 57905 0
1740985762 57232 0
1740985764 57399 0
1740985766 57768 0
1740985768 57535 0
1740985770 57564 0
1740985772 57121 0
1740985774 57503 0
1740985776 57793 0
1740985778 57527 0
1740985780 56557 0
1740985782 56906 0
1740985784 56913 0
1740985786 57258 0
1740985788 57745 0
1740985790 56722 0
1740985792 57761 0
1740985794 57199 0
1740985796 57657 0
1740985798 58411 0
1740985800 58309 0
1740985802 58176 0
1740985804 58748 0
1740985806 57864 0
1740985808 57653 0
1740985810 58309 0
1740985812 58078 0
1740985814 58867 0
1740985816 57259 0
1740985818 53698 0
1740985820 54003 0
1740985822 54167 0
1740985824 53544 0
1740985826 54128 0
1740985828 53985 0
1740985830 54232 0
1740985832 54761 0
1740985834 54772 0
1740985836 54638 0
1740985838 54905 0
1740985840 54849 0
1740985842 54726 0
1740985844 54926 0
1740985846 53534 0
1740985848 54154 0
1740985850 54372 0
1740985852 53599 0
1740985854 53633 0
1740985856 54095 0
1740985858 54079 0
1740985860 53794 0
1740985862 53585 0
1740985864 53524 0
1740985866 53825 0
1740985868 53900 0
1740985870 54084 0
1740985872 54737 0
1740985874 54441 0
1740985876 54590 0
1740985878 54296 0
1740985880 54311 0
1740985882 53546 0
1740985884 54657 0
1740985886 53747 0
1740985888 53585 0
1740985890 53872 0
1740985893 56346 0
1740985895 55369 0
1740985897 53743 0
1740985899 54599 0
1740985901 54271 0
1740985903 54654 0
1740985905 54250 0
1740985907 54891 0
1740985909 54244 0
1740985911 54087 0
1740985913 54508 0
1740985915 54182 0
1740985917 54414 0
1740985919 53998 0
1740985921 54308 0
1740985923 54183 0
1740985925 54146 0
1740985927 54297 0
1740985929 54254 0
1740985931 54071 0
1740985933 54248 0
1740985935 53803 0
1740985937 54023 0
1740985939 54434 0
1740985941 53999 0
1740985943 54361 0
1740985945 54088 0
1740985947 54356 0
1740985949 54284 0
1740985951 53781 0
1740985953 53433 0
1740985955 54128 0
1740985957 53895 0
1740985959 54059 0
1740985961 54222 0
1740985963 54120 0
1740985965 54171 0
1740985967 54306 0
1740985969 54188 0
1740985971 54710 0
1740985973 54125 0
1740985975 54409 0
1740985977 54250 0
1740985979 54348 0
1740985981 54413 0
1740985983 53994 0
1740985985 54427 0
1740985987 53733 0
1740985989 53732 0
1740985991 54246 0
1740985993 54182 0
1740985995 54356 0
1740985997 53826 0
1740985999 53952 0
1740986001 54533 0
1740986003 54609 0
1740986005 53637 0
1740986007 53600 0
1740986009 53949 0
1740986011 54195 0
1740986013 53983 0
1740986015 54071 0
1740986017 54355 0
1740986019 54163 0
1740986021 54249 0
1740986023 54175 0
1740986025 53882 0
1740986027 53942 0
1740986029 54832 0
1740986031 54270 0
1740986033 53981 0
1740986035 54799 0
1740986037 54508 0
1740986039 54460 0
1740986041 53378 0
1740986043 54035 0
1740986045 53609 0
1740986047 54048 0
1740986049 53632 0
1740986051 54627 0
1740986053 54350 0
1740986055 53699 0
1740986057 53978 0
1740986059 53899 0
1740986061 54047 0
1740986063 54251 0
1740986065 54002 0
1740986067 54217 0
1740986069 54170 0
1740986071 54310 0
1740986073 54515 0
1740986075 54326 0
1740986077 53759 0
1740986079 54067 0
1740986081 54521 0
1740986083 53731 0
1740986085 54667 0
1740986087 54074 0
1740986089 54124 0
1740986091 54274 0
1740986093 53995 0
1740986095 54146 0
1740986097 53731 0
1740986099 54327 0
1740986101 54609 0
1740986103 54693 0
1740986105 54194 0
1740986107 54525 0
1740986109 54246 0
1740986111 54511 0
1740986113 53663 0
1740986115 54562 0
1740986117 54572 0
1740986119 54313 0
1740986121 54061 0
1740986123 54597 0
1740986125 54539 0
1740986127 54313 0
1740986129 53584 0
1740986131 54523 0
1740986133 53943 0
1740986135 53952 0
1740986137 54973 0
1740986139 54402 0
1740986141 55481 0
1740986143 54285 0
1740986145 54675 0
1740986147 54816 0
1740986149 54293 0
1740986151 54066 0
1740986153 54239 0
1740986155 54290 0
1740986157 54899 0
1740986159 54904 0
1740986161 54156 0
1740986163 54854 0
1740986165 54142 0
1740986167 55521 0
1740986169 54358 0
1740986171 53864 0
1740986173 53786 0
1740986175 54394 0
1740986177 54082 0
1740986179 54669 0
1740986181 54780 0
1740986183 54494 0
1740986185 54394 0
1740986187 54538 0
1740986189 55332 0
1740986191 54591 0
1740986193 55531 0
1740986195 54815 0
1740986197 54575 0
1740986199 54949 0
1740986201 55032 0
1740986203 54746 0
1740986205 54543 0
1740986208 54562 0
1740986210 55027 0
1740986212 54795 0
1740986214 54649 0
1740986216 54091 0
1740986218 54744 0
1740986220 54437 0
1740986222 54638 0
1740986224 54636 0
1740986226 54911 0
1740986228 54612 0
1740986230 55984 0
1740986232 54477 0
1740986234 54172 0
1740986236 54284 0
1740986238 55498 0
1740986240 53713 0
1740986242 55259 0
1740986244 54038 0
1740986246 54710 0
1740986248 53821 0
1740986250 54164 0
1740986252 54591 0
1740986254 54849 0
1740986256 54060 0
1740986258 53426 0
1740986260 54488 0
1740986262 54187 0
1740986264 53870 0
1740986266 54484 0
1740986268 54468 0
1740986270 54418 0
1740986272 54856 0
1740986274 54913 0
1740986276 55257 0
1740986278 54537 0
1740986280 54324 0
1740986282 54772 0
1740986284 55094 0
1740986286 54951 0
1740986288 54724 0
1740986290 54092 0
1740986292 54287 0
1740986294 54202 0
1740986296 54158 0
1740986298 54388 0
1740986300 54828 0
1740986302 54847 0
1740986304 54359 0
1740986306 54712 0
1740986308 54509 0
1740986310 54575 0
1740986312 54353 0
1740986314 54992 0
1740986316 54498 0
1740986318 54610 0
1740986320 54246 0
1740986322 54316 0
1740986324 54180 0
1740986326 53772 0
1740986328 53932 0
1740986330 54258 0
1740986332 54669 0
1740986334 54069 0
1740986336 54485 0
1740986338 53677 0
1740986340 54126 0
1740986342 54625 0
1740986344 53320 0
1740986346 55125 0
1740986348 53876 0
1740986350 54346 0
1740986352 54295 0
1740986354 54038 0
1740986356 54223 0
1740986358 54452 0
1740986360 54404 0
1740986362 54701 0
1740986364 55118 0
1740986366 54635 0
1740986368 54949 0
1740986370 54914 0
1740986372 54691 0
1740986374 53961 0
1740986376 55071 0
1740986378 54709 0
1740986380 54766 0
1740986382 55024 0
1740986384 54248 0
1740986386 55002 0
1740986388 54682 0
1740986390 54865 0
1740986392 54475 0
1740986394 54875 0
1740986396 54216 0
1740986398 54837 0
1740986400 54636 0
1740986402 54441 0
1740986404 54714 0
1740986406 54588 0
1740986408 55489 0
1740986410 54930 0
1740986412 54719 0
1740986414 54527 0
1740986416 54385 0
1740986418 53872 0
1740986420 55223 0
1740986422 54255 0
1740986424 55101 0
1740986426 54292 0
1740986428 54946 0
1740986430 53585 0
1740986432 53926 0
1740986434 54373 0
1740986436 54786 0
1740986438 54685 0
1740986440 53936 0
1740986442 54257 0
1740986444 54298 0
1740986446 53318 0
1740986448 54165 0
1740986450 53782 0
1740986452 54190 0
1740986454 54062 0
1740986456 53915 0
1740986458 54097 0
1740986460 54033 0
1740986462 54109 0
1740986464 54426 0
1740986466 54868 0
1740986468 54566 0
1740986470 53719 0
1740986472 54341 0
1740986474 54246 0
1740986476 54178 0
1740986478 54059 0
1740986480 54250 0
1740986482 54561 0
1740986484 54151 0
1740986486 55032 0
1740986488 54365 0
1740986490 54434 0
1740986492 54398 0
1740986494 54123 0
1740986496 54755 0
1740986498 54747 0
1740986500 53927 0
1740986502 54816 0
1740986504 54643 0
1740986506 54767 0
1740986508 54394 0
1740986510 54711 0
1740986512 54148 0
1740986514 54639 0
1740986516 54604 0
1740986518 54591 0
1740986521 54529 0
1740986523 55082 0
1740986525 54735 0
1740986527 55611 0
1740986529 54775 0
1740986531 54854 0
1740986533 54283 0
1740986535 54610 0
1740986537 54797 0
1740986539 53748 0
1740986541 54698 0
1740986543 54233 0
1740986545 54555 0
1740986547 54193 0
1740986549 54425 0
1740986551 54478 0
1740986553 54171 0
1740986555 54884 0
1740986557 54167 0
1740986559 53626 0
1740986561 54203 0
1740986563 54326 0
1740986565 54802 0
1740986567 53962 0
1740986569 54307 0
1740986571 54697 0
1740986573 54861 0
1740986575 53920 0
1740986577 54111 0
1740986579 54144 0
1740986581 53936 0
1740986583 54540 0
1740986585 54563 0
1740986587 54949 0
1740986589 53934 0
1740986591 54351 0
1740986593 53772 0
1740986595 54193 0
1740986597 54156 0
1740986599 54098 0
1740986601 54802 0
1740986603 54413 0
1740986605 54169 0
1740986607 53675 0
1740986609 54690 0
1740986611 54029 0
1740986613 54137 0
1740986615 54425 0
1740986617 53819 0
1740986619 54245 0
1740986621 53746 0
1740986623 54339 0
1740986625 54578 0
1740986627 53900 0
1740986629 54600 0
1740986631 53437 0
1740986633 54198 0
1740986635 54704 0
1740986637 54210 0
1740986639 54232 0
1740986641 53682 0
1740986643 54553 0
1740986645 54279 0
1740986647 53817 0
1740986649 53725 0
1740986651 54378 0
1740986653 54300 0
1740986655 54321 0
1740986657 54077 0
1740986659 54007 0
1740986661 54400 0
1740986663 54470 0
1740986665 54221 0
1740986667 52326 0
1740986669 55444 0
1740986671 54409 0
1740986673 54751 0
1740986675 54104 0
1740986677 55003 0
1740986679 54452 0
1740986681 55102 0
1740986683 55417 0
1740986685 54580 0
1740986687 55314 0
1740986689 55793 0
1740986691 54959 0
1740986693 54983 0
1740986695 54790 0
1740986697 53576 0
1740986699 54951 0
1740986701 54030 0
1740986703 55802 0
1740986705 54081 0
1740986707 54898 0
1740986709 54587 0
1740986711 54312 0
1740986713 54804 0
1740986715 54315 0
1740986717 54739 0
1740986719 54871 0
1740986721 54610 0
1740986723 54145 0
1740986725 54181 0
1740986727 54663 0
1740986729 54507 0
1740986731 54824 0
1740986733 54460 0
1740986735 54670 0
1740986737 54650 0
1740986739 54977 0
1740986741 54328 0
1740986743 54433 0
1740986745 54385 0
1740986747 54863 0
1740986749 55029 0
1740986751 54910 0
1740986753 54498 0
1740986755 54286 0
1740986757 54342 0
1740986759 54439 0
1740986761 54905 0
1740986763 54839 0
1740986765 54396 0
1740986767 54842 0
1740986769 54953 0
1740986771 55022 0
1740986773 54315 0
1740986775 54563 0
1740986777 54936 0
1740986779 54771 0
1740986781 54633 0
1740986783 55163 0
1740986785 54717 0
1740986787 54874 0
1740986789 54930 0
1740986791 54262 0
1740986793 54526 0
1740986795 54840 0
1740986797 55032 0
1740986799 54882 0
1740986801 54452 0
1740986803 53719 0
1740986805 54165 0
1740986807 54911 0
1740986809 55046 0
1740986811 54988 0
1740986813 55184 0
1740986815 55116 0
1740986817 54851 0
1740986819 54968 0
1740986821 54654 0
1740986823 55360 0
1740986825 54243 0
1740986827 54586 0
1740986829 54945 0
1740986831 54614 0
1740986833 54427 0
1740986836 54396 0
1740986838 54773 0
1740986840 54839 0
1740986842 54452 0
1740986844 54386 0
1740986846 54239 0
1740986848 54455 0
1740986850 54794 0
1740986852 54975 0
1740986854 55149 0
1740986856 54617 0
1740986858 54884 0
1740986860 54863 0
1740986862 55335 0
1740986864 54899 0
1740986866 55163 0
1740986868 55325 0
1740986870 54794 0
1740986872 54934 0
1740986874 55182 0
1740986876 54953 0
1740986878 54901 0
1740986880 55079 0
1740986882 55241 0
1740986884 55144 0
1740986886 54634 0
1740986888 54975 0
1740986890 54885 0
1740986892 55293 0
1740986894 54917 0
1740986896 55271 0
1740986898 55551 0
1740986900 54826 0
1740986902 55413 0
1740986904 55481 0
1740986906 55165 0
1740986908 55143 0
1740986910 55059 0
1740986912 55707 0
1740986914 55334 0
1740986916 55571 0
1740986918 55073 0
1740986920 55242 0
1740986922 54809 0
1740986924 55409 0
1740986926 55007 0
1740986928 54352 0
1740986930 54024 0
1740986932 54459 0
1740986934 54025 0
1740986936 58316 0
1740986938 58493 0
1740986940 53399 0
1740986942 54542 0
1740986944 58269 0
1740986946 57483 0
1740986948 57796 0
1740986950 59149 0
1740986952 58664 0
1740986954 58854 0
1740986956 58338 0
1740986958 58202 0
1740986960 59488 0
1740986962 58997 0
1740986964 58668 0
1740986966 59440 0
1740986968 58401 0
1740986970 59498 0
1740986972 57681 0
1740986974 58650 0
1740986976 58522 0
1740986978 58778 0
1740986980 60140 0
1740986982 57915 0
1740986984 55837 0
1740986986 54597 0
1740986988 54610 0
1740986990 54589 0
1740986992 54490 0
1740986994 54628 0
1740986996 54441 0
1740986998 54637 0
1740987000 53907 0
1740987002 53745 0
1740987004 54749 0
1740987006 54416 0
1740987008 54941 0
1740987010 55212 0
1740987012 54899 0
1740987014 54449 0
1740987016 55102 0
1740987018 55118 0
1740987020 54895 0
1740987022 54547 0
1740987024 55622 0
1740987026 54376 0
1740987028 54348 0
1740987030 55161 0
1740987032 55343 0
1740987034 54352 0
1740987036 55031 0
1740987038 54835 0
1740987040 55384 0
1740987042 55058 0
1740987044 55144 0
1740987046 54291 0
1740987048 54599 0
1740987050 54996 0
1740987052 54459 0
1740987054 53929 0
1740987056 54493 0
1740987058 54980 0
1740987060 53237 0
1740987062 55093 0
1740987064 54529 0
1740987066 55007 0
1740987068 54009 0
1740987070 54282 0
1740987072 53701 0
1740987074 54771 0
1740987076 54729 0
1740987078 53576 0
1740987080 54706 0
1740987082 54568 0
1740987084 54621 0
1740987086 54511 0
1740987088 55147 0
1740987090 54173 0
1740987092 54778 0
1740987094 54677 0
1740987096 54461 0
1740987098 54672 0
1740987100 54378 0
1740987102 53396 0
1740987104 54157 0
1740987106 54179 0
1740987108 55090 0
1740987110 55031 0
1740987112 54821 0
1740987114 54897 0
1740987116 54547 0
1740987118 54775 0
1740987120 54272 0
1740987122 55417 0
1740987124 54665 0
1740987126 55173 0
1740987128 54459 0
1740987130 54528 0
1740987132 54293 0
1740987134 54938 0
1740987136 55032 0
1740987138 54442 0
1740987140 54382 0
1740987142 54687 0
1740987144 54610 0
1740987146 55050 0
1740987148 54337 0
1740987151 53878 0
1740987153 54432 0
1740987155 54944 0
1740987157 53894 0
1740987159 55298 0
1740987161 54024 0
1740987163 54103 0
1740987165 54953 0
1740987167 54449 0
1740987169 53894 0
1740987171 54570 0
1740987173 54022 0
1740987175 55151 0
1740987177 54621 0
1740987179 54541 0
1740987181 55084 0
1740987183 55159 0
1740987185 54889 0
1740987187 55071 0
1740987189 54581 0
1740987191 55054 0
1740987193 54582 0
1740987195 55176 0
1740987197 54565 0
1740987199 55036 0
1740987201 54704 0
1740987203 54807 0
1740987205 54775 0
1740987207 54503 0
1740987209 54598 0
1740987211 54051 0
1740987213 54541 0
1740987215 54298 0
1740987217 54455 0
1740987219 55095 0
1740987221 54823 0
1740987223 54395 0
1740987225 55018 0
1740987227 54343 0
1740987229 54402 0
1740987231 54333 0
1740987233 54654 0
1740987235 54318 0
1740987237 53920 0
1740987239 54939 0
1740987241 55041 0
1740987243 54816 0
1740987245 54491 0
1740987247 54172 0
1740987249 54792 0
1740987251 55815 0
1740987253 54479 0
1740987255 54891 0
1740987257 53749 0
1740987259 55364 0
1740987261 54450 0
1740987263 54585 0
1740987265 53966 0
1740987267 54507 0
1740987269 54643 0
1740987271 54063 0
1740987273 54461 0
1740987275 55264 0
1740987277 54414 0
1740987279 54479 0
1740987281 54575 0
1740987283 54752 0
1740987285 55196 0
1740987287 54996 0
1740987289 54492 0
1740987291 54975 0
1740987293 54897 0
1740987295 55121 0
1740987297 55249 0
1740987299 55208 0
1740987301 54742 0
1740987303 55145 0
1740987305 54351 0
1740987307 55052 0
1740987309 54317 0
1740987311 55168 0
1740987313 53842 0
1740987315 55225 0
1740987317 54939 0
1740987319 55110 0
1740987321 55019 0
1740987323 54914 0
1740987325 54771 0
1740987327 55055 0
1740987329 55034 0
1740987331 54487 0
1740987333 55195 0
1740987335 55104 0
1740987337 53640 0
1740987339 53589 0
1740987341 53815 0
1740987343 53621 0
1740987345 54350 0
1740987347 53438 0
1740987349 54768 0
1740987351 55634 0
1740987353 54476 0
1740987355 54337 0
1740987357 54787 0
1740987359 54744 0
1740987361 54711 0
1740987363 55224 0
1740987365 55005 0
1740987367 54822 0
1740987369 54753 0
1740987371 55052 0
1740987373 54858 0
1740987375 54884 0
1740987377 54932 0
1740987379 54744 0
1740987381 54599 0
1740987383 55131 0
1740987385 55665 0
1740987387 55029 0
1740987389 54694 0
1740987391 54446 0
1740987393 55734 0
1740987395 55091 0
1740987397 55363 0
1740987399 54889 0
1740987401 55287 0
1740987403 54360 0
1740987405 55324 0
1740987407 55139 0
1740987409 54451 0
1740987411 54764 0
1740987413 54804 0
1740987415 54119 0
1740987417 54491 0
1740987419 55319 0
1740987421 54171 0
1740987423 55861 0
1740987425 55354 0
1740987427 55485 0
1740987429 55083 0
1740987431 54968 0
1740987433 54699 0
1740987435 54684 0
1740987437 54587 0
1740987439 55256 0
1740987441 54459 0
1740987443 55014 0
1740987445 54939 0
1740987447 54093 0
1740987449 54689 0
1740987451 54352 0
1740987453 55285 0
1740987455 54770 0
1740987457 54939 0
1740987459 54971 0
1740987461 55271 0
1740987463 55049 0
1740987465 55059 0
1740987468 54444 0
1740987470 55036 0
1740987472 54621 0
1740987474 55127 0
1740987476 54654 0
1740987478 53917 0
1740987480 54855 0
1740987482 54869 0
1740987484 54774 0
1740987486 54810 0
1740987488 54794 0
1740987490 54900 0
1740987492 55004 0
1740987494 55573 0
1740987496 55037 0
1740987498 54830 0
1740987500 54274 0
1740987502 54210 0
1740987504 54623 0
1740987506 54566 0
1740987508 54834 0
1740987510 54754 0
1740987512 54385 0
1740987514 54340 0
1740987516 54404 0
1740987518 55472 0
1740987520 54276 0
1740987522 54829 0
1740987524 54525 0
1740987526 54247 0
1740987528 54720 0
1740987530 54265 0
1740987532 54808 0
1740987534 55018 0
1740987536 55105 0
1740987538 55287 0
1740987540 55951 0
1740987542 55239 0
1740987544 54753 0
1740987546 54877 0
1740987548 54871 0
1740987550 54912 0
1740987552 54411 0
1740987554 54592 0
1740987556 54769 0
1740987558 55028 0
1740987560 55342 0
1740987562 55192 0
1740987564 55167 0
1740987566 54528 0
1740987568 54709 0
1740987570 54597 0
1740987572 54132 0
1740987574 55322 0
1740987576 55089 0
1740987578 54995 0
1740987580 55031 0
1740987582 55005 0
1740987584 54813 0
1740987586 54050 0
1740987588 55159 0
1740987590 54864 0
1740987592 54706 0
1740987594 54945 0
1740987596 54709 0
1740987598 54021 0
1740987600 55203 0
1740987602 54187 0
1740987604 54643 0
1740987606 54756 0
1740987608 55327 0
1740987610 55045 0
1740987612 55188 0
1740987614 54877 0
1740987616 55063 0
1740987618 55139 0
1740987620 54637 0
1740987622 54634 0
1740987624 54705 0
1740987626 54953 0
1740987628 54553 0
1740987630 54517 0
1740987632 54898 0
1740987634 54535 0
1740987636 54761 0
1740987638 54989 0
1740987640 54846 0
1740987642 55290 0
1740987644 54824 0
1740987646 54936 0
1740987648 54746 0
1740987650 55280 0
1740987652 55087 0
1740987654 54568 0
1740987656 54568 0
1740987658 54382 0
1740987660 54512 0
1740987662 54950 0
1740987664 54771 0
1740987666 55038 0
1740987668 54628 0
1740987670 53949 0
1740987672 54977 0
1740987674 54518 0
1740987676 54837 0
1740987678 54539 0
1740987680 54740 0
1740987682 54907 0
1740987684 54582 0
1740987686 54474 0
1740987688 54868 0
1740987690 55086 0
1740987692 54766 0
1740987694 54360 0
1740987696 54482 0
1740987698 54762 0
1740987700 55182 0
1740987702 54852 0
1740987704 54707 0
1740987706 55081 0
1740987708 54535 0
1740987710 54932 0
1740987712 55017 0
1740987714 54956 0
1740987716 54464 0
1740987718 54803 0
1740987720 54710 0
1740987722 55337 0
1740987724 54870 0
1740987726 54677 0
1740987728 54380 0
1740987730 54389 0
1740987732 54831 0
1740987734 53891 0
1740987736 54014 0
1740987738 55154 0
1740987740 54667 0
1740987742 54456 0
1740987744 54737 0
1740987746 54941 0
1740987748 54904 0
1740987750 54415 0
1740987752 55292 0
1740987754 54768 0
1740987756 54648 0
1740987758 53614 0
1740987760 54680 0
1740987762 54135 0
1740987764 54429 0
1740987766 53692 0
1740987768 54791 0
1740987770 54564 0
1740987772 54469 0
1740987774 55091 0
1740987776 54939 0
1740987778 53995 0
1740987781 54477 0
1740987783 54871 0
1740987785 55217 0
1740987787 54294 0
1740987789 54409 0
1740987791 53453 0
1740987793 54898 0
1740987795 55199 0
1740987797 55014 0
1740987799 54536 0
1740987801 55051 0
1740987803 55246 0
1740987805 54642 0
1740987807 55028 0
1740987809 54883 0
1740987811 54630 0
1740987813 54644 0
1740987815 55054 0
1740987817 54852 0
1740987819 54715 0
1740987821 54428 0
1740987823 54847 0
1740987825 53768 0
1740987827 54752 0
1740987829 53750 0
1740987831 54562 0
1740987833 54603 0
1740987835 54800 0
1740987837 55106 0
1740987839 55737 0
1740987841 55694 0
1740987843 54926 0
1740987845 55245 0
1740987847 54876 0
1740987849 54922 0
1740987851 54599 0
1740987853 54704 0
1740987855 55185 0
1740987857 54367 0
1740987859 54999 0
1740987861 55010 0
1740987863 55077 0
1740987865 54057 0
1740987867 54109 0
1740987869 55113 0
1740987871 54892 0
1740987873 55559 0
1740987875 54526 0
1740987877 54952 0
1740987879 54655 0
1740987881 54997 0
1740987883 55672 0
1740987885 55188 0
1740987887 54663 0
1740987889 53965 0
1740987891 54731 0
1740987893 55062 0
1740987895 54538 0
1740987897 55013 0
1740987899 54538 0
1740987901 54369 0
1740987903 54420 0
1740987905 55200 0
1740987907 55229 0
1740987909 54067 0
1740987911 54471 0
1740987913 55007 0
1740987915 55352 0
1740987917 55301 0
1740987919 54807 0
1740987921 54348 0
1740987923 54323 0
1740987925 54395 0
1740987927 55071 0
1740987929 54952 0
1740987931 53994 0
1740987933 54275 0
1740987935 55150 0
1740987937 54512 0
1740987939 54830 0
1740987941 54572 0
1740987943 54616 0
1740987945 54756 0
1740987947 55184 0
1740987949 54424 0
1740987951 54975 0
1740987953 54684 0
1740987955 55023 0
1740987957 54963 0
1740987959 55020 0
1740987961 54771 0
1740987963 55133 0
1740987965 55122 0
1740987967 54458 0
1740987969 54612 0
1740987971 54854 0
1740987973 54671 0
1740987975 54563 0
1740987977 54856 0
1740987979 55353 0
1740987981 55874 0
1740987983 54533 0
1740987985 55468 0
1740987987 54420 0
1740987989 54954 0
1740987991 54810 0
1740987993 54857 0
1740987995 54629 0
1740987997 55039 0
1740987999 55360 0
1740988001 54353 0
1740988003 54764 0
1740988005 55023 0
1740988007 54335 0
1740988009 54759 0
1740988011 54743 0
1740988013 54859 0
1740988015 54275 0
1740988017 55045 0
1740988019 54963 0
1740988021 54871 0
1740988023 55031 0
1740988025 54763 0
1740988027 54615 0
1740988029 54470 0
1740988031 53958 0
1740988033 54025 0
1740988035 54517 0
1740988037 54857 0
1740988039 54334 0
1740988041 54485 0
1740988043 54819 0
1740988045 54999 0
1740988047 54153 0
1740988049 54270 0
1740988051 54357 0
1740988053 54372 0
1740988055 54919 0
1740988057 54873 0
1740988059 54416 0
1740988061 55126 0
1740988063 54385 0
1740988065 54507 0
1740988067 54744 0
1740988069 54140 0
1740988071 54190 0
1740988073 54193 0
1740988075 54055 0
1740988077 55007 0
1740988079 54426 0
1740988081 55376 0
1740988083 55111 0
1740988085 54492 0
1740988087 54675 0
1740988089 54788 0
1740988091 54917 0
1740988093 55078 0
1740988096 54767 0
1740988098 55409 0
1740988100 54855 0
1740988102 54889 0
1740988104 54975 0
1740988106 55072 0
1740988108 55135 0
1740988110 54869 0
1740988112 55077 0
1740988114 54204 0
1740988116 54388 0
1740988118 55259 0
1740988120 54463 0
1740988122 54994 0
1740988124 54808 0
1740988126 54220 0
1740988128 55007 0
1740988130 54563 0
1740988132 54754 0
1740988134 55090 0
1740988136 53666 0
1740988138 53569 0
1740988140 53575 0
1740988142 55481 0
1740988144 54549 0
1740988146 54835 0
1740988148 54108 0
1740988150 54157 0
1740988152 54416 0
1740988154 53370 0
1740988156 53615 0
1740988158 53933 0
1740988160 54292 0
1740988162 54202 0
1740988164 54197 0
1740988166 53919 0
1740988168 54069 0
1740988170 54078 0
1740988172 54213 0
1740988174 54382 0
1740988176 54109 0
1740988178 54465 0
1740988180 54403 0
1740988182 54623 0
1740988184 54381 0
1740988186 54351 0
1740988188 54394 0
1740988190 54192 0
1740988192 54761 0
1740988194 54198 0
1740988196 54710 0
1740988198 54528 0
1740988200 54368 0
1740988202 54729 0
1740988204 53959 0
1740988206 54691 0
1740988208 54207 0
1740988210 54301 0
1740988212 54283 0
1740988214 54353 0
1740988216 53841 0
1740988218 54627 0
1740988220 54488 0
1740988222 54056 0
1740988224 53931 0
1740988226 54322 0
1740988228 53779 0
1740988230 54377 0
1740988232 54495 0
1740988234 54325 0
1740988236 54380 0
1740988238 53866 0
1740988240 53941 0
1740988242 54158 0
1740988244 54412 0
1740988246 54775 0
1740988248 54518 0
1740988250 54387 0
1740988252 54366 0
1740988254 54775 0
1740988256 54319 0
1740988258 54542 0
1740988260 53976 0
1740988262 54486 0
1740988264 54370 0
1740988266 54161 0
1740988268 54198 0
1740988270 53957 0
1740988272 54331 0
1740988274 53986 0
1740988276 54373 0
1740988278 54090 0
1740988280 53769 0
1740988282 53879 0
1740988284 53647 0
1740988286 54252 0
1740988288 54364 0
1740988290 54272 0
1740988292 54259 0
1740988294 53494 0
1740988296 54315 0
1740988298 54101 0
1740988300 54696 0
1740988302 54100 0
1740988304 54186 0
1740988306 54505 0
1740988308 54221 0
1740988310 53916 0
1740988312 54370 0
1740988314 53755 0
1740988316 54682 0
1740988318 54045 0
1740988320 54194 0
1740988322 54392 0
1740988324 53603 0
1740988326 54299 0
1740988328 54208 0
1740988330 54057 0
1740988332 53701 0
1740988334 53649 0
1740988336 54260 0
1740988338 53860 0
1740988340 53979 0
1740988342 54356 0
1740988344 53650 0
1740988346 54512 0
1740988348 54193 0
1740988350 54684 0
1740988352 53997 0
1740988354 54589 0
1740988356 54528 0
1740988358 53511 0
1740988360 54092 0
1740988362 53840 0
1740988364 54098 0
1740988366 54992 0
1740988368 54372 0
1740988370 54371 0
1740988372 54330 0
1740988374 54261 0
1740988376 53874 0
1740988378 54232 0
1740988380 54771 0
1740988382 54500 0
1740988384 54037 0
1740988386 54264 0
1740988388 54577 0
1740988390 54070 0
1740988392 54154 0
1740988394 54135 0
1740988396 54089 0
1740988399 54694 0
1740988401 54704 0
1740988403 54187 0
1740988405 54331 0
1740988407 54456 0
1740988409 54088 0
1740988411 54469 0
1740988413 53361 0
1740988415 53740 0
1740988417 54170 0
1740988419 54472 0
1740988421 54103 0
1740988423 54173 0
1740988425 54718 0
1740988427 54029 0
1740988429 54346 0
1740988431 54623 0
1740988433 54960 0
1740988435 54973 0
1740988437 54898 0
1740988439 55142 0
1740988441 57916 0
1740988443 55181 0
1740988445 55026 0
1740988447 54221 0
1740988449 54800 0
1740988451 54652 0
1740988453 54982 0
1740988455 54321 0
1740988457 53894 0
1740988459 54407 0
1740988461 54991 0
1740988463 55309 0
1740988465 53954 0
1740988467 53100 0
1740988469 53310 0
1740988471 53981 0
1740988473 53519 0
1740988475 54111 0
1740988477 53409 0
1740988479 54036 0
1740988481 53774 0
1740988483 54920 0
1740988485 54794 0
1740988487 54408 0
1740988489 54166 0
1740988491 54525 0
1740988493 54299 0
1740988495 53912 0
1740988497 54367 0
1740988499 54070 0
1740988501 54738 0
1740988503 54134 0
1740988505 55094 0
1740988507 54292 0
1740988509 55286 0
1740988511 54597 0
1740988513 54013 0
1740988515 54453 0
1740988517 54353 0
1740988519 53754 0
1740988521 54654 0
1740988523 53027 0
1740988525 54707 0
1740988527 53706 0
1740988529 54613 0
1740988531 53263 0
1740988533 53758 0
1740988535 53091 0
1740988537 53567 0
1740988539 53019 0
1740988541 53440 0
1740988543 53415 0
1740988545 52888 0
1740988547 53524 0
1740988549 53273 0
1740988551 53720 0
1740988553 53067 0
1740988555 53868 0
1740988557 53781 0
1740988559 53809 0
1740988561 53612 0
1740988563 54573 0
1740988565 53909 0
1740988567 54393 0
1740988569 53772 0
1740988571 54092 0
1740988573 54052 0
1740988575 53931 0
1740988577 54093 0
1740988579 54005 0
1740988581 54284 0
1740988583 54011 0
1740988585 53555 0
1740988587 53895 0
1740988589 53433 0
1740988591 53276 0
1740988593 53862 0
1740988595 53621 0
1740988597 53847 0
1740988599 53634 0
1740988601 53795 0
1740988603 53699 0
1740988605 53839 0
1740988607 53859 0
1740988609 53111 0
1740988611 54337 0
1740988613 53859 0
1740988615 54276 0
1740988617 54177 0
1740988619 53846 0
1740988621 53840 0
1740988623 53862 0
1740988625 53777 0
1740988627 53776 0
1740988629 53678 0
1740988631 54061 0
1740988633 54031 0
1740988635 53846 0
1740988637 53758 0
1740988639 53723 0
1740988641 53738 0
1740988643 54271 0
1740988645 53995 0
1740988647 54313 0
1740988649 53705 0
1740988651 54086 0
1740988653 54221 0
1740988655 54124 0
1740988657 54186 0
1740988659 53339 0
1740988661 53165 0
1740988663 53888 0
1740988665 54260 0
1740988667 54802 0
1740988669 54461 0
1740988671 53378 0
1740988673 54060 0
1740988675 53688 0
1740988677 53836 0
1740988679 53844 0
1740988681 54624 0
1740988683 55360 0
1740988685 55092 0
1740988687 54673 0
1740988689 54818 0
1740988691 55099 0
1740988693 54742 0
1740988695 54697 0
1740988697 55494 0
1740988699 54737 0
1740988701 55037 0
1740988703 54848 0
1740988705 54895 0
1740988707 54707 0
1740988709 54520 0
1740988712 54617 0
1740988714 54664 0
1740988716 55036 0
1740988718 55482 0
1740988720 55176 0
1740988722 55217 0
1740988724 54962 0
1740988726 55167 0
1740988728 55107 0
1740988730 54416 0
1740988732 54748 0
1740988734 54895 0
1740988736 55238 0
1740988738 55472 0
1740988740 56530 0
1740988742 54424 0
1740988744 54587 0
1740988746 55217 0
1740988748 54196 0
1740988750 54366 0
1740988752 54720 0
1740988754 54705 0
1740988756 54721 0
1740988758 54753 0
1740988760 54715 0
1740988762 54951 0
1740988764 55082 0
1740988766 55076 0
1740988768 55135 0
1740988770 54577 0
1740988772 55665 0
1740988774 54876 0
1740988776 54988 0
1740988778 54717 0
1740988780 55296 0
1740988782 55688 0
1740988784 56119 0
1740988786 54999 0
1740988788 54861 0
1740988790 54832 0
1740988792 54790 0
1740988794 54343 0
1740988796 54846 0
1740988798 54820 0
1740988800 54779 0
1740988802 54958 0
1740988804 55075 0
1740988806 55121 0
1740988808 55314 0
1740988810 54869 0
1740988812 54763 0
1740988814 54777 0
1740988816 54818 0
1740988818 54452 0
1740988820 54546 0
1740988822 54161 0
1740988824 55013 0
1740988826 54635 0
1740988828 54951 0
1740988830 54942 0
1740988832 55282 0
1740988834 55158 0
1740988836 54828 0
1740988838 53809 0
1740988840 54775 0
1740988842 54428 0
1740988844 54462 0
1740988846 54895 0
1740988848 54040 0
1740988850 54431 0
1740988852 54163 0
1740988854 54396 0
1740988856 54722 0
1740988858 54865 0
1740988860 56237 0
1740988862 54851 0
1740988864 55215 0
1740988866 54753 0
1740988868 54682 0
1740988870 54328 0
1740988872 54574 0
1740988874 54271 0
1740988876 53906 0
1740988878 54357 0
1740988880 54255 0
1740988882 54070 0
1740988884 54002 0
1740988886 54458 0
1740988888 54605 0
1740988890 54155 0
1740988892 55128 0
1740988894 53954 0
1740988896 55203 0
1740988898 54371 0
1740988900 55341 0
1740988902 54740 0
1740988904 54817 0
1740988906 54517 0
1740988908 54084 0
1740988910 54580 0
1740988912 55396 0
1740988914 54572 0
1740988916 54977 0
1740988918 54753 0
1740988920 55226 0
1740988922 54872 0
1740988924 55068 0
1740988926 54986 0
1740988928 54283 0
1740988930 54385 0
1740988932 54692 0
1740988934 54642 0
1740988936 54190 0
1740988938 54259 0
1740988940 54789 0
1740988942 56108 0
1740988944 55094 0
1740988946 54962 0
1740988948 54473 0
1740988950 53830 0
1740988952 54937 0
1740988954 55159 0
1740988956 54695 0
1740988958 54542 0
1740988960 54423 0
1740988962 54306 0
1740988964 54468 0
1740988966 54459 0
1740988968 55113 0
1740988970 54367 0
1740988972 54929 0
1740988974 54633 0
1740988976 54953 0
1740988978 54079 0
1740988980 54804 0
1740988982 54472 0
1740988984 54708 0
1740988986 54687 0
1740988988 54247 0
1740988990 54046 0
1740988992 53752 0
1740988994 53519 0
1740988996 53577 0
1740988998 54344 0
1740989000 54519 0
1740989002 55233 0
1740989004 54412 0
1740989006 54331 0
1740989008 54255 0
1740989010 54206 0
1740989012 54364 0
1740989014 55234 0
1740989016 53502 0
1740989019 53881 0
1740989021 53470 0
1740989023 54669 0
1740989025 54161 0
1740989027 53842 0
1740989029 54343 0
1740989031 54152 0
1740989033 54443 0
1740989035 54765 0
1740989037 54146 0
1740989039 53998 0
1740989041 54914 0
1740989043 54137 0
1740989045 53676 0
1740989047 54643 0
1740989049 54710 0
1740989051 54814 0
1740989053 54370 0
1740989055 54560 0
1740989057 54234 0
1740989059 53374 0
1740989061 54370 0
1740989063 54449 0
1740989065 53918 0
1740989067 54367 0
1740989069 54568 0
1740989071 54996 0
1740989073 54809 0
1740989075 54394 0
1740989077 55263 0
1740989079 54724 0
1740989081 54638 0
1740989083 54522 0
1740989085 54808 0
1740989087 54325 0
1740989089 54130 0
1740989091 54393 0
1740989093 54560 0
1740989095 55086 0
1740989097 53766 0
1740989099 54302 0
1740989101 55210 0
1740989103 54459 0
1740989105 54497 0
1740989107 53917 0
1740989109 54763 0
1740989111 54440 0
1740989113 54248 0
1740989115 55114 0
1740989117 55146 0
1740989119 55247 0
1740989121 55588 0
1740989123 55225 0
1740989125 55636 0
1740989127 55378 0
1740989129 56080 0
1740989131 55285 0
1740989133 55795 0
1740989135 55327 0
1740989137 55055 0
1740989139 54677 0
1740989141 55455 0
1740989143 56143 0
1740989145 55448 0
1740989147 55401 0
1740989149 54681 0
1740989151 54349 0
1740989153 54451 0
1740989155 54869 0
1740989157 54475 0
1740989159 55620 0
1740989161 55398 0
1740989163 55870 0
1740989165 55329 0
1740989167 54792 0
1740989169 56087 0
1740989171 56205 0
1740989173 56777 0
1740989175 57149 0
1740989177 56536 0
1740989179 56756 0
1740989181 56087 0
1740989183 55675 0
1740989185 56743 0
1740989187 56374 0
1740989189 55947 0
1740989191 56334 0
1740989193 56858 0
1740989195 54943 0
1740989197 55061 0
1740989199 57418 0
1740989201 56972 0
1740989203 55234 0
1740989205 55634 0
1740989207 55839 0
1740989209 55413 0
1740989211 55813 0
1740989213 55575 0
1740989215 56310 0
1740989217 56819 0
1740989219 56878 0
1740989221 56908 0
1740989223 56589 0
1740989225 57205 0
1740989227 56896 0
1740989229 55713 0
1740989231 55557 0
1740989233 56319 0
1740989235 55975 0
1740989237 55456 0
1740989239 56478 0
1740989241 56148 0
1740989243 56017 0
1740989245 59022 0
1740989247 60261 0
1740989249 58459 0
1740989251 57918 0
1740989253 57418 0
1740989255 58814 0
1740989257 59678 0
1740989259 59820 0
1740989261 61262 0
1740989263 62612 0
1740989265 62859 0
1740989267 63161 0
1740989269 61970 0
1740989271 61475 0
1740989273 61504 0
1740989275 61934 0
1740989277 61752 0
1740989279 61777 0
1740989281 61160 0
1740989283 59971 0
1740989285 59759 0
1740989287 59670 0
1740989289 58895 0
1740989291 57344 0
1740989293 56692 0
1740989295 57002 0
1740989297 57027 0
1740989299 57789 0
1740989301 58084 0
1740989303 59916 0
1740989305 59625 0
1740989307 60487 0
1740989309 60836 0
1740989311 60684 0
1740989313 60713 0
1740989315 59793 0
1740989317 60355 0
1740989319 61946 0
1740989321 60240 0
1740989323 59756 0
1740989325 59256 0
1740989327 58662 0
1740989330 58292 0
1740989332 58623 0
1740989334 57941 0
1740989336 57796 0
1740989338 57641 0
1740989340 58753 0
1740989342 59996 0
1740989344 60500 0
1740989346 61015 0
1740989348 60340 0
1740989350 60063 0
1740989352 59616 0
1740989354 59626 0
1740989356 58277 0
1740989358 59068 0
1740989360 58836 0
1740989362 60099 0
1740989364 60192 0
1740989366 59713 0
1740989368 59029 0
1740989370 61178 0
1740989372 61350 0
1740989374 59286 0
1740989376 59678 0
1740989378 59588 0
1740989380 57565 0
1740989382 56991 0
1740989384 56924 0
1740989386 56589 0
1740989388 55526 0
1740989390 56457 0
1740989392 56986 0
1740989394 57077 0
1740989396 57035 0
1740989398 55967 0
1740989400 57389 0
1740989402 56624 0
1740989404 57203 0
1740989406 57216 0
1740989408 57226 0
1740989410 57617 0
1740989412 57668 0
1740989414 57359 0
1740989416 56515 0
1740989418 57690 0
1740989420 58854 0
1740989422 58319 0
1740989424 56655 0
1740989426 57494 0
1740989428 57448 0
1740989430 57137 0
1740989432 56998 0
1740989434 57965 0
1740989436 58141 0
1740989438 58691 0
1740989440 60539 0
1740989442 63213 0
1740989444 62290 0
1740989446 61477 0
1740989448 63740 0
1740989450 62426 0
1740989452 61611 0
1740989454 60619 0
1740989456 59877 0
1740989458 61289 0
1740989460 61909 0
1740989462 61623 0
1740989464 62999 0
1740989466 64394 0
1740989468 62534 0
1740989470 62101 0
1740989472 61283 0
1740989474 61085 0
1740989476 60473 0
1740989478 61479 0
1740989480 60825 0
1740989482 58987 0
1740989484 57935 0
1740989486 58489 0
1740989488 58840 0
1740989490 59752 0
1740989492 60034 0
1740989494 60179 0
1740989496 60514 0
1740989498 54317 0
1740989500 54332 0
1740989502 58862 0
1740989504 57805 0
1740989506 57781 0
1740989508 57321 0
1740989510 56666 0
1740989512 56475 0
1740989514 56326 0
1740989516 56575 0
1740989518 57304 0
1740989520 57334 0
1740989522 57274 0
1740989524 56863 0
1740989526 56781 0
1740989528 58015 0
1740989530 58334 0
1740989532 59128 0
1740989534 58299 0
1740989536 58449 0
1740989538 58435 0
1740989540 58033 0
1740989542 59045 0
1740989544 60408 0
1740989546 59965 0
1740989548 61524 0
1740989550 62360 0
1740989552 61345 0
1740989554 61312 0
1740989556 62000 0
1740989558 60041 0
1740989560 58913 0
1740989562 57401 0
1740989564 58490 0
1740989566 57383 0
1740989568 57482 0
1740989570 57458 0
1740989572 57179 0
1740989574 56826 0
1740989576 57733 0
1740989578 57866 0
1740989580 58792 0
1740989582 60289 0
1740989584 59147 0
1740989586 59688 0
1740989588 58278 0
1740989590 58124 0
1740989592 57393 0
1740989594 57911 0
1740989596 59137 0
1740989598 60146 0
1740989600 59035 0
1740989602 58239 0
1740989604 58894 0
1740989606 59461 0
1740989608 59836 0
1740989610 59758 0
1740989612 61740 0
1740989614 60803 0
1740989616 59453 0
1740989618 58852 0
1740989620 58450 0
1740989622 58529 0
1740989624 58514 0
1740989626 59366 0
1740989628 59232 0
1740989630 58370 0
1740989632 58760 0
1740989634 60442 0
1740989636 61170 0
1740989638 60849 0
1740989641 61132 0
1740989643 58505 0
1740989645 58147 0
1740989647 56081 0
1740989649 56961 0
1740989651 57680 0
1740989653 57386 0
1740989655 57868 0
1740989657 57209 0
1740989659 56480 0
1740989661 57198 0
1740989663 57041 0
1740989665 56384 0
1740989667 56811 0
1740989669 56800 0
1740989671 56406 0
1740989673 56545 0
1740989675 56213 0
1740989677 56213 0
1740989679 56703 0
1740989681 56722 0
1740989683 56735 0
1740989685 56727 0
1740989687 57256 0
1740989689 57318 0
1740989691 58279 0
1740989693 58435 0
1740989695 57443 0
1740989697 57361 0
1740989699 55920 0
1740989701 56505 0
1740989703 58091 0
1740989705 57874 0
1740989707 57982 0
1740989709 57014 0
1740989711 56877 0
1740989713 55937 0
1740989715 56752 0
1740989717 56913 0
1740989719 57114 0
1740989721 56399 0
1740989723 56017 0
1740989725 56441 0
1740989727 56906 0
1740989729 56788 0
1740989731 57091 0
1740989733 56994 0
1740989735 55518 0
1740989737 55284 0
1740989739 55211 0
1740989741 55296 0
1740989743 55227 0
1740989745 56206 0
1740989747 55359 0
1740989749 55208 0
1740989751 55737 0
1740989753 56126 0
1740989755 56960 0
1740989757 57435 0
1740989759 56656 0
1740989761 57421 0
1740989763 57468 0
1740989765 58282 0
1740989767 57399 0
1740989769 57868 0
1740989771 59602 0
1740989773 59810 0
1740989775 59048 0
1740989777 57343 0
1740989779 57446 0
1740989781 55970 0
1740989783 56636 0
1740989785 57775 0
1740989787 57169 0
1740989789 57625 0
1740989791 57657 0
1740989793 58461 0
1740989795 59371 0
1740989797 60235 0
1740989799 59346 0
1740989801 53862 0
1740989803 53564 0
1740989805 53475 0
1740989807 62156 0
1740989809 62901 0
1740989811 61483 0
1740989813 60026 0
1740989815 59735 0
1740989817 59770 0
1740989819 59215 0
1740989821 58715 0
1740989823 58834 0
1740989825 58164 0
1740989827 58976 0
1740989829 57649 0
1740989831 57761 0
1740989833 56555 0
1740989835 58116 0
1740989837 57736 0
1740989839 57721 0
1740989841 56963 0
1740989843 57483 0
1740989845 56890 0
1740989847 57165 0
1740989849 56929 0
1740989851 57065 0
1740989853 58097 0
1740989855 57459 0
1740989857 57071 0
1740989859 57062 0
1740989861 57604 0
1740989863 57989 0
1740989865 58600 0
1740989867 58264 0
1740989869 59125 0
1740989871 59486 0
1740989873 58672 0
1740989875 56701 0
1740989877 57080 0
1740989879 56456 0
1740989881 55955 0
1740989883 55899 0
1740989885 56396 0
1740989887 55106 0
1740989889 55512 0
1740989891 55359 0
1740989893 55252 0
1740989895 55200 0
1740989897 55397 0
1740989899 55159 0
1740989901 54846 0
1740989903 54708 0
1740989905 55611 0
1740989907 55509 0
1740989909 54921 0
1740989911 54597 0
1740989913 55205 0
1740989915 55352 0
1740989917 55276 0
1740989919 56493 0
1740989921 56443 0
1740989923 56595 0
1740989925 56625 0
1740989927 56573 0
1740989929 56284 0
1740989931 56664 0
1740989933 56215 0
1740989935 57303 0
1740989937 56078 0
1740989939 59375 0
1740989941 56595 0
1740989943 56525 0
1740989945 57210 0
1740989947 55789 0
1740989949 56156 0
1740989951 57233 0
1740989954 56677 0
1740989956 56225 0
1740989958 56530 0
1740989960 56503 0
1740989962 56895 0
1740989964 57231 0
1740989966 56669 0
1740989968 56531 0
1740989970 57067 0
1740989972 56110 0
1740989974 55287 0
1740989976 55339 0
1740989978 55775 0
1740989980 56248 0
1740989982 55710 0
1740989984 56343 0
1740989986 56213 0
1740989988 56810 0
1740989990 56463 0
1740989992 57389 0
1740989994 57015 0
1740989996 55921 0
1740989998 54991 0
1740990000 54539 0
1740990002 54847 0
1740990004 54621 0
1740990006 53649 0
1740990008 53653 0
1740990010 54108 0
1740990012 53761 0
1740990014 55160 0
1740990016 54296 0
1740990018 54841 0
1740990020 56233 0
1740990022 55962 0
1740990024 56265 0
1740990026 55970 0
1740990028 56103 0
1740990030 56219 0
1740990032 57388 0
1740990034 58584 0
1740990036 58767 0
1740990038 58255 0
1740990040 58386 0
1740990042 56840 0
1740990044 55844 0
1740990046 56186 0
1740990048 55812 0
1740990050 56336 0
1740990052 55889 0
1740990054 55673 0
1740990056 54379 0
1740990058 54983 0
1740990060 55000 0
1740990062 54802 0
1740990064 55222 0
1740990066 55648 0
1740990068 54862 0
1740990070 54889 0
1740990072 55362 0
1740990074 55352 0
1740990076 55369 0
1740990078 55641 0
1740990080 55516 0
1740990082 55265 0
1740990084 55192 0
1740990086 55353 0
1740990088 55375 0
1740990090 55442 0
1740990092 55283 0
1740990094 56015 0
1740990096 56159 0
1740990098 56337 0
1740990100 56448 0
1740990102 56000 0
1740990104 56791 0
1740990106 57132 0
1740990108 54253 0
1740990110 57110 0
1740990112 56587 0
1740990114 57129 0
1740990116 56960 0
1740990118 58315 0
1740990120 58154 0
1740990122 58776 0
1740990124 58580 0
1740990126 60105 0
1740990128 58853 0
1740990130 58539 0
1740990132 57639 0
1740990134 57067 0
1740990136 58040 0
1740990138 57565 0
1740990140 56937 0
1740990142 56504 0
1740990144 55733 0
1740990146 56034 0
1740990148 55038 0
1740990150 55729 0
1740990152 55630 0
1740990154 55520 0
1740990156 55356 0
1740990158 55145 0
1740990160 55644 0
1740990162 55140 0
1740990164 55188 0
1740990166 55251 0
1740990168 55128 0
1740990170 55337 0
1740990172 55024 0
1740990174 55497 0
1740990176 54838 0
1740990178 55927 0
1740990180 55064 0
1740990182 55022 0
1740990184 56013 0
1740990186 56316 0
1740990188 55854 0
1740990190 55749 0
1740990192 54580 0
1740990194 54401 0
1740990196 55293 0
1740990198 55724 0
1740990200 56362 0
1740990202 56334 0
1740990204 56851 0
1740990206 56781 0
1740990208 56806 0
1740990210 56085 0
1740990212 56291 0
1740990214 56307 0
1740990216 56351 0
1740990218 55796 0
1740990220 56087 0
1740990222 56146 0
1740990224 55423 0
1740990226 55020 0
1740990228 55296 0
1740990230 55269 0
1740990232 54604 0
1740990234 55233 0
1740990236 55029 0
1740990238 54793 0
1740990240 56802 0
1740990242 55300 0
1740990244 55672 0
1740990246 55461 0
1740990248 55623 0
1740990250 55163 0
1740990252 54720 0
1740990254 55917 0
1740990256 56839 0
1740990258 56765 0
1740990260 56636 0
1740990262 55842 0
1740990264 55866 0
1740990266 55356 0
1740990269 55260 0
1740990271 55446 0
1740990273 54664 0
1740990275 54929 0
1740990277 54313 0
1740990279 55194 0
1740990281 54068 0
1740990283 54222 0
1740990285 53947 0
1740990287 54628 0
1740990289 54491 0
1740990291 55011 0
1740990293 54556 0
1740990295 54724 0
1740990297 54304 0
1740990299 54915 0
1740990301 54315 0
1740990303 54354 0
1740990305 55439 0
1740990307 54715 0
1740990309 54765 0
1740990311 54438 0
1740990313 54874 0
1740990315 54804 0
1740990317 54580 0
1740990319 55321 0
1740990321 55189 0
1740990323 55703 0
1740990325 55951 0
1740990327 56528 0
1740990329 56617 0
1740990331 58073 0
1740990333 58717 0
1740990335 59269 0
1740990337 58187 0
1740990339 57573 0
1740990341 56559 0
1740990343 54730 0
1740990345 55010 0
1740990347 54768 0
1740990349 55287 0
1740990351 54840 0
1740990353 54953 0
1740990355 54674 0
1740990357 54757 0
1740990359 54361 0
1740990361 54787 0
1740990363 54736 0
1740990365 55066 0
1740990367 54075 0
1740990369 54184 0
1740990371 54616 0
1740990373 54620 0
1740990375 54070 0
1740990377 54472 0
1740990379 54548 0
1740990381 54810 0
1740990383 55079 0
1740990385 56293 0
1740990387 56552 0
1740990389 56975 0
1740990391 57664 0
1740990393 57343 0
1740990395 57436 0
1740990397 57003 0
1740990399 57078 0
1740990401 58280 0
1740990403 58099 0
1740990405 58150 0
1740990407 58486 0
1740990409 57779 0
1740990411 55355 0
1740990413 54845 0
1740990415 55982 0
1740990417 55916 0
1740990419 57719 0
1740990421 57619 0
1740990423 57340 0
1740990425 57085 0
1740990427 56145 0
1740990429 56034 0
1740990431 55521 0
1740990433 55211 0
1740990435 59656 0
1740990437 54886 0
1740990439 54982 0
1740990441 55181 0
1740990443 55466 0
1740990445 54574 0
1740990447 54289 0
1740990449 54684 0
1740990451 55494 0
1740990453 55542 0
1740990455 55533 0
1740990457 55191 0
1740990459 55898 0
1740990461 55814 0
1740990463 56411 0
1740990465 56304 0
1740990467 55806 0
1740990469 55862 0
1740990471 55394 0
1740990473 56076 0
1740990475 55939 0
1740990477 56170 0
1740990479 56946 0
1740990481 56465 0
1740990483 56735 0
1740990485 56471 0
1740990487 56690 0
1740990489 57241 0
1740990491 57529 0
1740990493 57403 0
1740990495 57527 0
1740990497 56802 0
1740990499 56314 0
1740990501 56173 0
1740990503 56910 0
1740990505 56814 0
1740990507 56600 0
1740990509 55270 0
1740990511 56017 0
1740990513 55753 0
1740990515 55948 0
1740990517 56381 0
1740990519 57003 0
1740990521 57347 0
1740990523 57601 0
1740990525 56455 0
1740990527 57489 0
1740990529 57412 0
1740990531 56472 0
1740990533 56697 0
1740990535 57534 0
1740990537 56391 0
1740990539 57187 0
1740990541 56678 0
1740990543 56285 0
1740990545 56029 0
1740990547 55866 0
1740990549 56097 0
1740990551 55978 0
1740990553 55496 0
1740990555 55927 0
1740990557 54836 0
1740990559 55519 0
1740990561 54792 0
1740990563 54721 0
1740990565 55835 0
1740990567 55795 0
1740990569 55849 0
1740990571 54613 0
1740990573 54446 0
1740990575 55030 0
1740990577 54737 0
1740990579 54942 0
1740990581 54933 0
1740990584 56136 0
1740990586 56644 0
1740990588 55355 0
1740990590 56245 0
1740990592 57414 0
1740990594 57032 0
1740990596 57311 0
1740990598 57498 0
1740990600 57955 0
1740990602 57174 0
1740990604 57127 0
1740990606 56426 0
1740990608 56307 0
1740990610 56153 0
1740990612 55748 0
1740990614 55400 0
1740990616 56015 0
1740990618 56837 0
1740990620 56220 0
1740990622 56671 0
1740990624 56691 0
1740990626 55978 0
1740990628 55502 0
1740990630 54859 0
1740990632 55079 0
1740990634 55494 0
1740990636 55359 0
1740990638 55255 0
1740990640 55841 0
1740990642 55100 0
1740990644 55149 0
1740990646 54769 0
1740990648 54568 0
1740990650 54577 0
1740990652 54290 0
1740990654 54727 0
1740990656 54762 0
1740990658 54773 0
1740990660 54798 0
1740990662 54755 0
1740990664 55349 0
1740990666 57570 0
1740990668 58324 0
1740990670 60028 0
1740990672 59985 0
1740990674 58528 0
1740990676 56446 0
1740990678 56221 0
1740990680 55667 0
1740990682 56328 0
1740990684 56266 0
1740990686 56411 0
1740990688 56644 0
1740990690 56500 0
1740990692 55474 0
1740990694 55788 0
1740990696 55422 0
1740990698 55147 0
1740990700 55052 0
1740990702 54178 0
1740990704 54972 0
1740990706 54731 0
1740990708 55258 0
1740990710 54959 0
1740990712 55672 0
1740990714 55249 0
1740990716 53938 0
1740990718 55038 0
1740990720 55228 0
1740990722 56072 0
1740990724 55989 0
1740990726 56288 0
1740990728 55645 0
1740990730 56497 0
1740990732 54518 0
1740990734 54363 0
1740990736 54647 0
1740990738 54249 0
1740990740 54093 0
1740990742 55429 0
1740990744 55319 0
1740990746 55983 0
1740990748 56189 0
1740990750 55626 0
1740990752 55746 0
1740990754 55699 0
1740990756 56275 0
1740990758 56338 0
1740990760 57020 0
1740990762 57153 0
1740990764 56366 0
1740990766 56757 0
1740990768 56338 0
1740990770 56830 0
1740990772 57066 0
1740990774 56049 0
1740990776 56037 0
1740990778 55713 0
1740990780 56104 0
1740990782 56563 0
1740990784 56611 0
1740990786 55886 0
1740990788 56204 0
1740990790 54450 0
1740990792 55462 0
1740990794 55804 0
1740990796 55499 0
1740990798 55403 0
1740990800 55357 0
1740990802 55150 0
1740990804 55110 0
1740990806 54346 0
1740990808 56248 0
1740990810 55332 0
1740990812 54599 0
1740990814 54029 0
1740990816 53774 0
1740990818 54149 0
1740990820 54177 0
1740990822 53773 0
1740990824 55205 0
1740990826 54318 0
1740990828 53804 0
1740990830 53962 0
1740990832 54297 0
1740990834 54624 0
1740990836 54483 0
1740990838 54177 0
1740990840 55454 0
1740990842 54494 0
1740990844 54574 0
1740990846 54352 0
1740990848 54507 0
1740990850 54042 0
1740990852 53518 0
1740990854 53867 0
1740990856 53262 0
1740990858 53607 0
1740990860 53226 0
1740990862 53061 0
1740990864 53315 0
1740990866 53498 0
1740990868 53696 0
1740990870 53618 0
1740990872 54220 0
1740990874 53609 0
1740990876 53622 0
1740990878 53327 0
1740990880 53548 0
1740990882 53470 0
1740990884 53555 0
1740990886 53512 0
1740990888 53877 0
1740990890 53868 0
1740990892 53851 0
1740990894 53043 0
1740990896 53106 0
1740990898 53359 0
1740990901 53212 0
1740990903 52958 0
1740990905 53212 0
1740990907 53305 0
1740990909 54985 0
1740990911 54721 0
1740990913 53839 0
1740990915 54941 0
1740990917 53244 0
1740990919 53562 0
1740990921 53731 0
1740990923 54268 0
1740990925 53620 0
1740990927 53752 0
1740990929 53766 0
1740990931 53489 0
1740990933 53943 0
1740990935 53738 0
1740990937 53480 0
1740990939 53320 0
1740990941 53443 0
1740990943 53991 0
1740990945 53271 0
1740990947 54060 0
1740990949 53200 0
1740990951 53204 0
1740990953 53308 0
1740990955 53166 0
1740990957 53294 0
1740990959 53754 0
1740990961 53777 0
1740990963 53851 0
1740990965 53308 0
1740990967 53986 0
1740990969 52975 0
1740990971 53879 0
1740990973 53275 0
1740990975 53545 0
1740990977 53263 0
1740990979 53719 0
1740990981 52880 0
1740990983 53418 0
1740990985 53189 0
1740990987 53513 0
1740990989 53947 0
1740990991 53743 0
1740990993 54586 0
1740990995 53092 0
1740990997 53975 0
1740990999 53660 0
1740991001 53112 0
1740991003 53819 0
1740991005 53531 0
1740991007 53644 0
1740991009 53102 0
1740991011 53450 0
1740991013 53210 0
1740991015 53603 0
1740991017 53733 0
1740991019 54921 0
1740991021 54723 0
1740991023 54872 0
1740991025 53609 0
1740991027 54294 0
1740991029 54652 0
1740991031 54066 0
1740991033 54621 0
1740991035 54504 0
1740991037 53143 0
1740991039 54559 0
1740991041 53512 0
1740991043 54547 0
1740991045 54322 0
1740991047 53695 0
1740991049 54097 0
1740991051 54014 0
1740991053 54123 0
1740991055 54924 0
1740991057 54953 0
1740991059 54332 0
1740991061 54632 0
1740991063 54578 0
1740991065 54468 0
1740991067 54378 0
1740991069 54734 0
1740991071 54050 0
1740991073 54591 0
1740991075 55315 0
1740991077 53918 0
1740991079 53758 0
1740991081 53492 0
1740991083 53683 0
1740991085 53748 0
1740991087 53391 0
1740991089 53668 0
1740991091 54535 0
1740991093 54704 0
1740991095 54650 0
1740991097 54928 0
1740991099 54957 0
1740991101 54960 0
1740991103 54274 0
1740991105 54646 0
1740991107 54548 0
1740991109 53835 0
1740991111 53638 0
1740991113 53070 0
1740991115 53473 0
1740991117 54023 0
1740991119 54236 0
1740991121 54790 0
1740991123 53571 0
1740991125 53243 0
1740991127 53445 0
1740991129 53630 0
1740991131 53518 0
1740991133 54500 0
1740991135 54582 0
1740991137 54314 0
1740991139 55267 0
1740991141 55108 0
1740991143 53843 0
1740991145 54189 0
1740991147 53326 0
1740991149 53575 0
1740991151 53175 0
1740991153 53256 0
1740991155 53268 0
1740991157 53368 0
1740991159 53920 0
1740991161 53234 0
1740991163 53559 0
1740991165 53021 0
1740991167 53026 0
1740991169 53481 0
1740991171 53622 0
1740991173 53513 0
1740991175 53318 0
1740991177 53347 0
1740991179 53427 0
1740991181 53914 0
1740991183 53451 0
1740991185 53497 0
1740991187 53728 0
1740991189 53591 0
1740991191 53439 0
1740991193 53749 0
1740991195 53491 0
1740991197 53768 0
1740991199 53666 0
1740991201 53314 0
1740991203 53361 0
1740991205 53120 0
1740991207 53806 0
1740991209 53602 0
1740991211 53322 0
1740991213 53625 0
1740991216 53250 0
1740991218 53590 0
1740991220 53582 0
1740991222 53120 0
1740991224 53645 0
1740991226 53627 0
1740991228 53727 0
1740991230 53717 0
1740991232 53618 0
1740991234 53414 0
1740991236 53144 0
1740991238 53239 0
1740991240 53513 0
1740991242 53567 0
1740991244 53723 0
1740991246 53491 0
1740991248 53073 0
1740991250 53187 0
1740991252 52968 0
1740991254 53745 0
1740991256 53596 0
1740991258 52957 0
1740991260 53129 0
1740991262 53123 0
1740991264 52544 0
1740991266 53216 0
1740991268 53085 0
1740991270 53210 0
1740991272 53274 0
1740991274 52970 0
1740991276 52763 0
1740991278 52780 0
1740991280 53057 0
1740991282 52576 0
1740991284 52535 0
1740991286 52771 0
1740991288 53326 0
1740991290 52658 0
1740991292 52828 0
1740991294 53006 0
1740991296 52946 0
1740991298 53063 0
1740991300 53136 0
1740991302 53094 0
1740991304 53267 0
1740991306 53438 0
1740991308 52871 0
1740991310 53179 0
1740991312 53308 0
1740991314 53599 0
1740991316 53127 0
1740991318 53129 0
1740991320 53590 0
1740991322 53559 0
1740991324 53401 0
1740991326 53524 0
1740991328 53511 0
1740991330 53567 0
1740991332 53129 0
1740991334 53263 0
1740991336 53572 0
1740991338 53500 0
1740991340 53566 0
1740991342 53257 0
1740991344 53293 0
1740991346 53426 0
1740991348 53256 0
1740991350 53651 0
1740991352 53012 0
1740991354 53136 0
1740991356 53482 0
1740991358 53044 0
1740991360 53868 0
1740991362 53485 0
1740991364 53617 0
1740991366 53459 0
1740991368 53056 0
1740991370 53124 0
1740991372 52960 0
1740991374 53416 0
1740991376 52906 0
1740991378 53107 0
1740991380 52857 0
1740991382 52771 0
1740991384 53245 0
1740991386 53146 0
1740991388 52715 0
1740991390 52520 0
1740991392 53305 0
1740991394 53009 0
1740991396 53112 0
1740991398 52983 0
1740991400 53200 0
1740991402 52591 0
1740991404 53253 0
1740991406 52908 0
1740991408 53024 0
1740991410 52325 0
1740991412 52969 0
1740991414 52768 0
1740991416 52955 0
1740991418 53345 0
1740991420 52964 0
1740991422 53380 0
1740991424 53335 0
1740991426 53075 0
1740991428 53760 0
1740991430 53221 0
1740991432 53421 0
1740991434 53629 0
1740991436 53631 0
1740991438 53093 0
1740991440 56946 0
1740991442 52956 0
1740991444 53310 0
1740991446 53318 0
1740991448 53338 0
1740991450 52886 0
1740991452 53378 0
1740991454 53468 0
1740991456 53516 0
1740991458 53716 0
1740991460 52698 0
1740991462 53563 0
1740991464 53019 0
1740991466 53685 0
1740991468 52960 0
1740991470 52546 0
1740991472 51851 0
1740991474 53676 0
1740991476 52707 0
1740991478 53697 0
1740991480 53290 0
1740991482 53444 0
1740991484 53156 0
1740991486 53401 0
1740991488 52624 0
1740991490 53124 0
1740991492 53321 0
1740991494 53280 0
1740991496 53001 0
1740991498 53231 0
1740991500 53206 0
1740991502 52908 0
1740991504 53528 0
1740991506 53477 0
1740991508 53426 0
1740991510 52991 0
1740991512 52650 0
1740991514 53206 0
1740991516 52780 0
1740991518 53158 0
1740991520 53021 0
1740991522 53309 0
1740991524 52929 0
1740991526 53241 0
1740991529 53352 0
1740991531 53128 0
1740991533 53050 0
1740991535 53158 0
1740991537 53396 0
1740991539 53383 0
1740991541 53252 0
1740991543 53177 0
1740991545 52668 0
1740991547 52714 0
1740991549 53097 0
1740991551 52739 0
1740991553 53032 0
1740991555 53049 0
1740991557 52938 0
1740991559 53010 0
1740991561 53155 0
1740991563 52982 0
1740991565 53362 0
1740991567 53769 0
1740991569 53059 0
1740991571 53360 0
1740991573 52905 0
1740991575 52468 0
1740991577 53079 0
1740991579 52453 0
1740991581 53094 0
1740991583 52397 0
1740991585 52895 0
1740991587 52351 0
1740991589 52735 0
1740991591 53052 0
1740991593 53538 0
1740991595 52688 0
1740991597 52722 0
1740991599 52606 0
1740991601 52589 0
1740991603 53266 0
1740991605 52917 0
1740991607 53531 0
1740991609 52637 0
1740991611 53129 0
1740991613 52824 0
1740991615 53105 0
1740991617 53047 0
1740991619 52987 0
1740991621 53088 0
1740991623 53573 0
1740991625 53206 0
1740991627 53417 0
1740991629 53574 0
1740991631 53017 0
1740991633 52952 0
1740991635 52818 0
1740991637 52514 0
1740991639 52590 0
1740991641 53497 0
1740991643 53165 0
1740991645 52961 0
1740991647 53803 0
1740991649 53080 0
1740991651 53345 0
1740991653 53775 0
1740991655 53631 0
1740991657 53129 0
1740991659 53886 0
1740991661 53351 0
1740991663 53155 0
1740991665 53595 0
1740991667 52962 0
1740991669 53001 0
1740991671 52897 0
1740991673 53269 0
1740991675 53487 0
1740991677 53386 0
1740991679 53117 0
1740991681 53251 0
1740991683 53010 0
1740991685 53370 0
1740991687 53089 0
1740991689 53037 0
1740991691 53437 0
1740991693 53062 0
1740991695 53536 0
1740991697 53146 0
1740991699 53475 0
1740991701 53235 0
1740991703 53433 0
1740991705 53103 0
1740991707 53511 0
1740991709 53573 0
1740991711 53456 0
1740991713 53588 0
1740991715 53980 0
1740991717 53639 0
1740991719 53903 0
1740991721 53354 0
1740991723 53047 0
1740991725 53356 0
1740991727 53175 0
1740991729 52916 0
1740991731 53342 0
1740991733 53494 0
1740991735 53196 0
1740991737 53231 0
1740991739 54761 0
1740991741 53227 0
1740991743 53075 0
1740991745 53673 0
1740991747 54014 0
1740991749 53467 0
1740991751 53364 0
1740991753 53017 0
1740991755 53408 0
1740991757 53433 0
1740991759 53495 0
1740991761 53082 0
1740991763 53268 0
1740991765 53287 0
1740991767 52982 0
1740991769 53453 0
1740991771 53258 0
1740991773 53259 0
1740991775 53722 0
1740991777 53735 0
1740991779 53674 0
1740991781 53659 0
1740991783 53529 0
1740991785 53515 0
1740991787 53784 0
1740991789 53542 0
1740991791 53234 0
1740991793 53733 0
1740991795 53768 0
1740991797 53489 0
1740991799 53639 0
1740991801 53787 0
1740991803 53938 0
1740991805 53365 0
1740991807 53534 0
1740991809 53791 0
1740991811 53652 0
1740991813 53208 0
1740991815 53638 0
1740991817 53174 0
1740991819 53431 0
1740991821 53161 0
1740991823 53479 0
1740991825 53295 0
1740991827 53286 0
1740991829 53326 0
1740991831 53483 0
1740991833 53514 0
1740991836 53573 0
1740991838 53257 0
1740991840 53360 0
1740991842 53788 0
1740991844 53630 0
1740991846 53686 0
1740991848 52992 0
1740991850 53082 0
1740991852 52260 0
1740991854 51702 0
1740991856 52524 0
1740991858 52810 0
1740991860 52886 0
1740991862 53373 0
1740991864 53008 0
1740991866 52975 0
1740991868 52921 0
1740991870 53078 0
1740991872 52949 0
1740991874 52647 0
1740991876 52469 0
1740991878 52975 0
1740991880 52240 0
1740991882 53277 0
1740991884 52682 0
1740991886 53212 0
1740991888 53275 0
1740991890 52666 0
1740991892 52982 0
1740991894 53058 0
1740991896 53479 0
1740991898 53519 0
1740991900 52302 0
1740991902 53521 0
1740991904 53231 0
1740991906 52873 0
1740991908 52711 0
1740991910 53003 0
1740991912 53080 0
1740991914 53233 0
1740991916 53089 0
1740991918 52995 0
1740991920 53101 0
1740991922 53642 0
1740991924 53471 0
1740991926 53088 0
1740991928 53890 0
1740991930 53216 0
1740991932 53635 0
1740991934 53175 0
1740991936 52082 0
1740991938 53168 0
1740991940 52707 0
1740991942 53122 0
1740991944 53041 0
1740991946 53234 0
1740991948 53557 0
1740991950 53281 0
1740991952 52924 0
1740991954 52904 0
1740991956 52832 0
1740991958 53021 0
1740991960 52887 0
1740991962 53245 0
1740991964 53564 0
1740991966 52783 0
1740991968 53124 0
1740991970 53552 0
1740991972 53343 0
1740991974 53667 0
1740991976 53057 0
1740991978 52971 0
1740991980 52991 0
1740991982 53338 0
1740991984 52847 0
1740991986 53217 0
1740991988 53328 0
1740991990 52628 0
1740991992 52804 0
1740991994 53306 0
1740991996 52902 0
1740991998 52985 0
1740992000 52497 0
1740992002 53492 0
1740992004 53064 0
1740992006 52936 0
1740992008 52926 0
1740992010 52827 0
1740992012 52776 0
1740992014 52904 0
1740992016 52854 0
1740992018 53110 0
1740992020 53283 0
1740992022 52810 0
1740992024 52802 0
1740992026 52475 0
1740992028 53329 0
1740992030 52320 0
1740992032 53090 0
1740992034 53299 0
1740992036 53080 0
1740992038 53175 0
1740992040 53864 0
1740992042 53689 0
1740992044 52994 0
1740992046 53402 0
1740992048 52890 0
1740992050 52754 0
1740992052 53064 0
1740992054 53156 0
1740992056 53045 0
1740992058 53062 0
1740992060 53080 0
1740992062 52971 0
1740992064 53647 0
1740992066 53267 0
1740992068 52871 0
1740992070 53165 0
1740992072 53231 0
1740992074 53074 0
1740992076 53420 0
1740992078 52889 0
1740992080 53177 0
1740992082 52964 0
1740992084 52794 0
1740992086 52882 0
1740992088 52752 0
1740992090 52853 0
1740992092 53457 0
1740992094 53268 0
1740992096 53545 0
1740992098 53182 0
1740992100 53565 0
1740992102 53305 0
1740992104 52937 0
1740992106 53036 0
1740992108 53406 0
1740992110 53400 0
1740992112 52948 0
1740992114 53004 0
1740992116 53315 0
1740992118 53040 0
1740992120 53202 0
1740992122 53146 0
1740992125 53050 0
1740992127 53337 0
1740992129 52433 0
1740992131 52970 0
1740992133 53207 0
1740992135 53079 0
1740992137 52924 0
1740992139 53297 0
1740992141 52841 0
1740992143 52807 0
1740992145 51942 0
1740992147 52579 0
1740992149 52255 0
1740992151 52513 0
1740992153 52351 0
1740992155 52679 0
1740992157 52777 0
1740992159 52797 0
1740992161 52619 0
1740992163 52793 0
1740992165 52836 0
1740992167 52788 0
1740992169 52752 0
1740992171 52681 0
1740992173 53093 0
1740992175 52377 0
1740992177 52868 0
1740992179 52804 0
1740992181 52640 0
1740992183 52765 0
1740992185 52188 0
1740992187 53135 0
1740992189 53416 0
1740992191 52901 0
1740992193 52796 0
1740992195 53125 0
1740992197 52430 0
1740992199 53238 0
1740992201 52588 0
1740992203 52378 0
1740992205 52974 0
1740992207 52954 0
1740992209 52935 0
1740992211 53190 0
1740992213 52556 0
1740992215 52825 0
1740992217 52942 0
1740992219 52726 0
1740992221 53343 0
1740992223 52838 0
1740992225 53089 0
1740992227 53168 0
1740992229 52839 0
1740992231 52911 0
1740992233 52546 0
1740992235 53112 0
1740992237 52813 0
1740992239 52834 0
1740992241 53308 0
1740992243 52643 0
1740992245 52711 0
1740992247 52811 0
1740992249 53252 0
1740992251 52572 0
1740992253 52805 0
1740992255 52810 0
1740992257 52886 0
1740992259 52781 0
1740992261 52734 0
1740992263 52596 0
1740992265 52331 0
1740992267 52948 0
1740992269 53119 0
1740992271 52783 0
1740992273 52817 0
1740992275 52825 0
1740992277 52351 0
1740992279 52584 0
1740992281 52851 0
1740992283 52351 0
1740992285 52971 0
1740992287 53368 0
1740992289 52710 0
1740992291 52618 0
1740992293 53218 0
1740992295 52457 0
1740992297 52670 0
1740992299 53078 0
1740992301 52708 0
1740992303 52648 0
1740992305 52983 0
1740992307 52429 0
1740992309 52762 0
1740992311 52793 0
1740992313 53088 0
1740992315 52891 0
1740992317 53181 0
1740992319 52277 0
1740992321 52845 0
1740992323 52614 0
1740992325 52758 0
1740992327 52551 0
1740992329 52388 0
1740992331 52049 0
1740992333 52516 0
1740992335 52769 0
1740992337 52733 0
1740992339 53722 0
1740992341 52578 0
1740992343 52604 0
1740992345 52939 0
1740992347 52035 0
1740992349 52468 0
1740992351 52853 0
1740992353 52452 0
1740992355 52613 0
1740992357 52658 0
1740992359 52263 0
1740992361 52583 0
1740992363 52486 0
1740992365 52485 0
1740992367 53183 0
1740992369 52296 0
1740992371 53035 0
1740992373 52241 0
1740992375 52597 0
1740992377 52966 0
1740992379 52447 0
1740992381 52351 0
1740992383 52328 0
1740992385 52524 0
1740992387 52728 0
1740992389 52393 0
1740992391 52090 0
1740992393 52276 0
1740992395 52576 0
1740992397 52439 0
1740992399 52516 0
1740992401 52295 0
1740992403 52863 0
1740992406 52592 0
1740992408 52790 0
1740992410 51810 0
1740992412 52496 0
1740992414 52860 0
1740992416 52391 0
1740992418 52837 0
1740992420 52607 0
1740992422 52691 0
1740992424 52231 0
1740992426 52406 0
1740992428 52263 0
1740992430 52198 0
1740992432 52527 0
1740992434 53108 0
1740992436 52728 0
1740992438 52390 0
1740992440 52513 0
1740992442 52257 0
1740992444 52709 0
1740992446 52782 0
1740992448 52618 0
1740992450 52924 0
1740992452 52623 0
1740992454 53067 0
1740992456 52786 0
1740992458 52986 0
1740992460 52934 0
1740992462 52396 0
1740992464 52428 0
1740992466 52926 0
1740992468 52711 0
1740992470 52884 0
1740992472 52809 0
1740992474 52540 0
1740992476 52637 0
1740992478 52780 0
1740992480 52565 0
1740992482 52260 0
1740992484 52574 0
1740992486 52578 0
1740992488 52622 0
1740992490 52711 0
1740992492 52528 0
1740992494 52741 0
1740992496 52346 0
1740992498 52828 0
1740992500 52609 0
1740992502 52815 0
1740992504 53085 0
1740992506 52401 0
1740992508 52667 0
1740992510 52538 0
1740992512 52616 0
1740992514 52798 0
1740992516 52121 0
1740992518 52513 0
1740992520 52276 0
1740992522 52406 0
1740992524 52471 0
1740992526 51869 0
1740992528 52322 0
1740992530 52743 0
1740992532 52770 0
1740992534 52637 0
1740992536 52959 0
1740992538 52957 0
1740992540 52819 0
1740992542 52751 0
1740992544 52598 0
1740992546 52798 0
1740992548 52945 0
1740992550 52511 0
1740992552 52419 0
1740992554 52488 0
1740992556 52704 0
1740992558 52668 0
1740992560 52440 0
1740992562 52323 0
1740992564 52818 0
1740992566 52860 0
1740992568 52388 0
1740992570 53035 0
1740992572 52786 0
1740992574 52660 0
1740992576 52366 0
1740992578 52903 0
1740992580 52517 0
1740992582 52209 0
1740992584 52617 0
1740992586 53071 0
1740992588 52941 0
1740992590 52748 0
1740992592 52485 0
1740992594 52702 0
1740992596 52115 0
1740992598 53042 0
1740992600 52759 0
1740992602 52575 0
1740992604 52349 0
1740992606 52508 0
1740992608 52382 0
1740992610 52075 0
1740992612 52064 0
1740992614 52370 0
1740992616 52152 0
1740992618 52502 0
1740992620 51903 0
1740992622 52763 0
1740992624 53551 0
1740992626 52496 0
1740992628 52413 0
1740992630 52053 0
1740992632 52505 0
1740992634 52401 0
1740992636 52542 0
1740992638 52495 0
1740992640 53016 0
1740992642 52236 0
1740992644 52518 0
1740992646 52260 0
1740992648 52164 0
1740992650 52037 0
1740992652 52439 0
1740992654 52494 0
1740992656 52505 0
1740992658 52470 0
1740992660 52759 0
1740992662 52482 0
1740992664 52719 0
1740992666 53179 0
1740992668 52316 0
1740992670 52497 0
1740992672 52050 0
1740992674 52465 0
1740992676 52348 0
1740992678 52485 0
1740992680 52527 0
1740992682 52756 0
1740992684 51953 0
1740992686 52452 0
1740992688 52029 0
1740992690 51921 0
1740992692 52060 0
1740992694 52552 0
1740992696 52143 0
1740992698 52389 0
1740992700 52542 0
1740992702 52500 0
1740992704 52914 0
1740992706 52304 0
1740992708 52168 0
1740992710 52514 0
1740992712 52141 0
1740992714 52639 0
1740992716 52449 0
1740992719 52550 0
1740992721 52304 0
1740992723 52465 0
1740992725 51690 0
1740992727 52238 0
1740992729 52146 0
1740992731 52472 0
1740992733 52677 0
1740992735 52218 0
1740992737 52706 0
1740992739 52211 0
1740992741 52695 0
1740992743 52658 0
1740992745 52521 0
1740992747 52664 0
1740992749 52590 0
1740992751 52461 0
1740992753 52204 0
1740992755 52791 0
1740992757 52279 0
1740992759 53524 0
1740992761 52812 0
1740992763 53117 0
1740992765 52588 0
1740992767 52971 0
1740992769 52367 0
1740992771 53023 0
1740992773 52522 0
1740992775 52805 0
1740992777 52612 0
1740992779 53236 0
1740992781 52906 0
1740992783 52622 0
1740992785 52668 0
1740992787 52183 0
1740992789 52189 0
1740992791 52571 0
1740992793 52237 0
1740992795 53090 0
1740992797 52994 0
1740992799 52507 0
1740992801 52238 0
1740992803 52507 0
1740992805 52562 0
1740992807 52812 0
1740992809 52525 0
1740992811 52396 0
1740992813 52687 0
1740992815 52725 0
1740992817 52736 0
1740992819 52282 0
1740992821 52698 0
1740992823 53366 0
1740992825 52946 0
1740992827 53104 0
1740992829 53019 0
1740992831 52600 0
1740992833 52710 0
1740992835 53230 0
1740992837 52963 0
1740992839 52485 0
1740992841 52642 0
1740992843 52740 0
1740992845 53215 0
1740992847 53285 0
1740992849 53150 0
1740992851 53510 0
1740992853 53567 0
1740992855 52578 0
1740992857 52666 0
1740992859 52459 0
1740992861 52559 0
1740992863 52870 0
1740992865 52870 0
1740992867 53287 0
1740992869 52806 0
1740992871 52524 0
1740992873 51749 0
1740992875 51790 0
1740992877 51997 0
1740992879 51879 0
1740992881 52885 0
1740992883 52726 0
1740992885 52758 0
1740992887 52412 0
1740992889 52724 0
1740992891 52601 0
1740992893 52421 0
1740992895 52625 0
1740992897 52202 0
1740992899 52845 0
1740992901 52889 0
1740992903 52413 0
1740992905 52156 0
1740992907 52694 0
1740992909 52551 0
1740992911 52431 0
1740992913 52312 0
1740992915 52395 0
1740992917 52161 0
1740992919 52489 0
1740992921 52276 0
1740992923 52097 0
1740992925 52422 0
1740992927 52086 0
1740992929 52472 0
1740992931 52159 0
1740992933 52374 0
1740992935 51866 0
1740992937 52383 0
1740992939 53801 0
1740992941 52432 0
1740992943 52242 0
1740992945 52487 0
1740992947 52124 0
1740992949 52318 0
1740992951 52237 0
1740992953 52014 0
1740992955 52457 0
1740992957 51409 0
1740992959 52433 0
1740992961 52150 0
1740992963 51899 0
1740992965 52161 0
1740992967 52133 0
1740992969 52171 0
1740992971 52504 0
1740992973 52502 0
1740992975 52109 0
1740992977 52541 0
1740992979 52314 0
1740992981 52696 0
1740992983 52545 0
1740992985 52146 0
1740992987 52017 0
1740992989 52518 0
1740992991 52186 0
1740992993 52273 0
1740992995 52177 0
1740992997 52890 0
1740992999 52030 0
1740993001 52313 0
1740993003 52258 0
1740993005 52544 0
1740993007 52349 0
1740993009 52431 0
1740993011 52252 0
1740993013 52547 0
1740993015 52779 0
1740993017 52487 0
1740993019 52431 0
1740993021 52302 0
1740993023 52464 0
1740993025 52521 0
1740993027 52128 0
1740993029 52345 0
1740993032 52843 0
1740993034 52248 0
1740993036 52169 0
1740993038 52591 0
1740993040 52238 0
1740993042 52882 0
1740993044 52200 0
1740993046 52651 0
1740993048 52239 0
1740993050 52428 0
1740993052 52370 0
1740993054 52652 0
1740993056 52258 0
1740993058 52457 0
1740993060 52056 0
1740993062 52372 0
1740993064 52478 0
1740993066 52385 0
1740993068 52426 0
1740993070 52397 0
1740993072 51906 0
1740993074 52478 0
1740993076 52436 0
1740993078 52403 0
1740993080 52166 0
1740993082 52554 0
1740993084 52336 0
1740993086 52755 0
1740993088 52441 0
1740993090 52443 0
1740993092 52466 0
1740993094 52464 0
1740993096 52764 0
1740993098 52425 0
1740993100 52106 0
1740993102 52130 0
1740993104 52686 0
1740993106 52485 0
1740993108 52914 0
1740993110 52671 0
1740993112 52325 0
1740993114 53082 0
1740993116 52250 0
1740993118 52817 0
1740993120 52621 0
1740993122 53111 0
1740993124 53031 0
1740993126 52951 0
1740993128 53247 0
1740993130 52852 0
1740993132 52581 0
1740993134 53148 0
1740993136 53387 0
1740993138 53445 0
1740993140 52900 0
1740993142 52828 0
1740993144 52848 0
1740993146 52991 0
1740993148 53236 0
1740993150 53172 0
1740993152 52640 0
1740993154 52726 0
1740993156 52980 0
1740993158 52699 0
1740993160 53127 0
1740993162 52526 0
1740993164 53185 0
1740993166 52999 0
1740993168 52508 0
1740993170 52431 0
1740993172 52558 0
1740993174 52637 0
1740993176 52809 0
1740993178 52784 0
1740993180 52254 0
1740993182 53287 0
1740993184 52945 0
1740993186 52484 0
1740993188 53426 0
1740993190 53433 0
1740993192 53476 0
1740993194 53243 0
1740993196 52996 0
1740993198 51967 0
1740993200 53083 0
1740993202 52065 0
1740993204 52486 0
1740993206 51903 0
1740993208 52025 0
1740993210 52368 0
1740993212 52378 0
1740993214 52313 0
1740993216 52160 0
1740993218 52254 0
1740993220 52158 0
1740993222 52378 0
1740993224 52211 0
1740993226 52451 0
1740993228 52423 0
1740993230 52155 0
1740993232 51873 0
1740993234 53235 0
1740993236 52964 0
1740993238 53069 0
1740993240 54647 0
1740993242 53146 0
1740993244 53247 0
1740993246 52946 0
1740993248 52829 0
1740993250 52426 0
1740993252 52965 0
1740993254 53202 0
1740993256 53446 0
1740993258 53289 0
1740993260 52804 0
1740993262 52782 0
1740993264 52619 0
1740993266 53291 0
1740993268 53333 0
1740993270 52578 0
1740993272 52973 0
1740993274 52507 0
1740993276 52872 0
1740993278 53496 0
1740993280 53174 0
1740993282 53297 0
1740993284 53482 0
1740993286 53320 0
1740993288 52894 0
1740993290 52909 0
1740993292 52934 0
1740993294 52814 0
1740993296 53219 0
1740993298 52699 0
1740993300 53321 0
1740993302 53226 0
1740993304 52990 0
1740993306 53058 0
1740993308 53081 0
1740993310 52958 0
1740993312 53445 0
1740993314 52464 0
1740993316 52731 0
1740993318 53023 0
1740993320 52818 0
1740993322 52676 0
1740993324 52686 0
1740993326 52956 0
1740993328 52957 0
1740993330 52508 0
1740993332 53030 0
1740993334 53276 0
1740993336 53066 0
1740993338 53394 0
1740993340 53422 0
1740993342 53355 0
1740993344 53865 0
1740993347 53218 0
1740993349 53554 0
1740993351 53428 0
1740993353 53021 0
1740993355 53140 0
1740993357 53633 0
1740993359 53177 0
1740993361 53121 0
1740993363 53172 0
1740993365 53157 0
1740993367 53469 0
1740993369 53264 0
1740993371 53813 0
1740993373 53145 0
1740993375 53040 0
1740993377 52957 0
1740993379 53362 0
1740993381 53507 0
1740993383 53820 0
1740993385 53730 0
1740993387 53357 0
1740993389 53745 0
1740993391 53602 0
1740993393 53231 0
1740993395 53700 0
1740993397 53863 0
1740993399 53612 0
1740993401 53668 0
1740993403 53429 0
1740993405 53243 0
1740993407 53368 0
1740993409 52983 0
1740993411 53250 0
1740993413 53120 0
1740993415 53283 0
1740993417 53182 0
1740993419 52856 0
1740993421 53159 0
1740993423 53152 0
1740993425 53471 0
1740993427 53492 0
1740993429 53675 0
1740993431 53453 0
1740993433 53417 0
1740993435 58403 0
1740993437 53263 0
1740993439 53141 0
1740993441 53454 0
1740993443 53002 0
1740993445 53450 0
1740993447 53316 0
1740993449 53086 0
1740993451 53263 0
1740993453 53867 0
1740993455 52917 0
1740993457 52970 0
1740993459 53538 0
1740993461 53842 0
1740993463 53517 0
1740993465 53200 0
1740993467 53115 0
1740993469 53025 0
1740993471 53252 0
1740993473 52872 0
1740993475 53114 0
1740993477 53144 0
1740993479 53437 0
1740993481 52738 0
1740993483 53830 0
1740993485 53405 0
1740993487 53564 0
1740993489 53061 0
1740993491 53241 0
1740993493 53622 0
1740993495 52959 0
1740993497 53923 0
1740993499 53331 0
1740993501 53096 0
1740993503 53413 0
1740993505 53908 0
1740993507 54254 0
1740993509 54282 0
1740993511 53940 0
1740993513 53634 0
1740993515 53057 0
1740993517 53279 0
1740993519 53712 0
1740993521 54049 0
1740993523 53470 0
1740993525 53517 0
1740993527 53497 0
1740993529 53488 0
1740993531 53431 0
1740993533 53050 0
1740993535 52959 0
1740993537 53012 0
1740993539 55416 0
1740993541 52991 0
1740993543 52937 0
1740993545 52840 0
1740993547 53254 0
1740993549 52932 0
1740993551 53298 0
1740993553 53288 0
1740993555 53338 0
1740993557 53314 0
1740993559 53623 0
1740993561 53775 0
1740993563 53668 0
1740993565 53330 0
1740993567 53031 0
1740993569 52867 0
1740993571 53410 0
1740993573 53458 0
1740993575 53572 0
1740993577 53706 0
1740993579 53610 0
1740993581 53363 0
1740993583 53436 0
1740993585 53544 0
1740993587 53487 0
1740993589 53592 0
1740993591 53329 0
1740993593 53644 0
1740993595 53115 0
1740993597 53497 0
1740993599 53317 0
1740993601 53830 0
1740993603 53880 0
1740993605 53377 0
1740993607 54806 0
1740993609 53528 0
1740993611 54425 0
1740993613 54351 0
1740993615 53774 0
1740993617 53659 0
1740993619 54134 0
1740993621 55246 0
1740993623 55116 0
1740993625 53848 0
1740993627 53216 0
1740993629 54004 0
1740993631 53369 0
1740993633 54015 0
1740993635 53324 0
1740993637 53135 0
1740993639 53336 0
1740993641 53298 0
1740993643 53116 0
1740993645 53152 0
1740993647 53511 0
1740993649 53979 0
1740993651 53909 0
1740993653 54688 0
1740993656 52812 0
1740993658 54185 0
1740993660 53266 0
1740993662 53170 0
1740993664 53380 0
1740993666 53498 0
1740993668 53461 0
1740993670 53644 0
1740993672 53411 0
1740993674 54670 0
1740993676 53226 0
1740993678 53774 0
1740993680 53450 0
1740993682 53005 0
1740993684 53356 0
1740993686 53383 0
1740993688 53880 0
1740993690 53242 0
1740993692 52897 0
1740993694 54291 0
1740993696 53510 0
1740993698 54117 0
1740993700 54234 0
1740993702 53246 0
1740993704 54446 0
1740993706 53277 0
1740993708 53186 0
1740993710 53411 0
1740993712 52871 0
1740993714 53906 0
1740993716 52687 0
1740993718 54023 0
1740993720 52970 0
1740993722 52990 0
1740993724 54560 0
1740993726 54871 0
1740993728 54709 0
1740993730 53122 0
1740993732 54893 0
1740993734 52951 0
1740993736 53067 0
1740993738 53803 0
1740993740 53223 0
1740993742 54137 0
1740993744 53423 0
1740993746 54248 0
1740993748 54277 0
1740993750 52854 0
1740993752 55068 0
1740993754 53098 0
1740993756 53067 0
1740993758 54795 0
1740993760 54898 0
1740993762 54784 0
1740993764 53304 0
1740993766 55067 0
1740993768 54418 0
1740993770 54583 0
1740993772 54959 0
1740993774 52928 0
1740993776 55413 0
1740993778 53417 0
1740993780 55402 0
1740993782 54976 0
1740993784 53549 0
1740993786 55118 0
1740993788 53022 0
1740993790 53648 0
1740993792 54162 0
1740993794 53185 0
1740993796 53577 0
1740993798 53594 0
1740993800 53731 0
1740993802 53446 0
1740993804 53916 0
1740993806 52898 0
1740993808 52818 0
1740993810 54053 0
1740993812 53107 0
1740993814 54155 0
1740993816 54982 0
1740993818 53309 0
1740993820 53833 0
1740993822 52855 0
1740993824 54393 0
1740993826 53973 0
1740993828 52771 0
1740993830 54457 0
1740993832 53021 0
1740993834 54332 0
1740993836 52966 0
1740993838 54071 0
1740993840 55604 0
1740993842 53184 0
1740993844 53619 0
1740993846 53508 0
1740993848 55002 0
1740993850 53190 0
1740993852 53123 0
1740993854 54083 0
1740993856 53178 0
1740993858 53484 0
1740993860 53111 0
1740993862 53878 0
1740993864 52887 0
1740993866 53232 0
1740993868 54005 0
1740993870 54116 0
1740993872 54765 0
1740993874 54545 0
1740993876 54200 0
1740993878 52933 0
1740993880 53490 0
1740993882 53799 0
1740993884 52790 0
1740993886 53983 0
1740993888 53410 0
1740993890 53597 0
1740993892 53535 0
1740993894 52657 0
1740993896 53871 0
1740993898 52723 0
1740993900 54274 0
1740993902 53594 0
1740993904 53078 0
1740993906 53547 0
1740993908 52294 0
1740993910 53201 0
1740993912 53319 0
1740993914 52790 0
1740993916 53479 0
1740993918 53244 0
1740993920 53352 0
1740993922 53453 0
1740993924 53260 0
1740993926 54099 0
1740993928 53000 0
1740993930 53536 0
1740993932 55293 0
1740993934 55604 0
1740993936 55113 0
1740993938 53272 0
1740993940 55492 0
1740993942 53049 0
1740993944 55085 0
1740993946 54287 0
1740993948 53479 0
1740993950 53375 0
1740993952 52905 0
1740993954 52999 0
1740993956 53082 0
1740993958 53106 0
1740993960 53055 0
1740993962 53051 0
1740993965 53293 0
1740993967 52512 0
1740993969 52763 0
1740993971 53012 0
1740993973 52780 0
1740993975 52782 0
1740993977 53349 0
1740993979 53493 0
1740993981 53134 0
1740993983 53219 0
1740993985 53087 0
1740993987 53389 0
1740993989 53121 0
1740993991 53325 0
1740993993 53122 0
1740993995 53094 0
1740993997 52815 0
1740993999 52935 0
1740994001 53430 0
1740994003 52613 0
1740994005 52771 0
1740994007 52513 0
1740994009 52965 0
1740994011 52958 0
1740994013 53330 0
1740994015 53542 0
1740994017 53085 0
1740994019 52743 0
1740994021 53087 0
1740994023 52944 0
1740994025 53316 0
1740994027 53184 0
1740994029 53854 0
1740994031 53513 0
1740994033 52881 0
1740994035 53474 0
1740994037 52751 0
1740994039 52943 0
1740994041 53297 0
1740994043 52914 0
1740994045 53122 0
1740994047 52899 0
1740994049 52849 0
1740994051 53219 0
1740994053 52927 0
1740994055 53133 0
1740994057 52774 0
1740994059 53559 0
1740994061 52780 0
1740994063 53523 0
1740994065 53002 0
1740994067 52861 0
1740994069 53298 0
1740994071 53170 0
1740994073 52953 0
1740994075 53034 0
1740994077 53273 0
1740994079 53392 0
1740994081 53090 0
1740994083 53224 0
1740994085 53124 0
1740994087 53408 0
1740994089 52887 0
1740994091 53357 0
1740994093 52674 0
1740994095 53329 0
1740994097 53267 0
1740994099 53735 0
1740994101 53117 0
1740994103 53489 0
1740994105 53458 0
1740994107 53382 0
1740994109 53761 0
1740994111 52863 0
1740994113 53157 0
1740994115 52961 0
1740994117 52895 0
1740994119 53480 0
1740994121 53480 0
1740994123 53724 0
1740994125 53409 0
1740994127 53709 0
1740994129 53227 0
1740994131 53389 0
1740994133 53364 0
1740994135 53951 0
1740994137 53719 0
1740994139 54732 0
1740994141 53708 0
1740994143 53455 0
1740994145 53298 0
1740994147 53760 0
1740994149 53581 0
1740994151 53866 0
1740994153 53412 0
1740994155 54057 0
1740994157 53655 0
1740994159 53589 0
1740994161 53579 0
1740994163 53078 0
1740994165 53856 0
1740994167 53598 0
1740994169 54553 0
1740994171 54659 0
1740994173 53785 0
1740994175 54070 0
1740994177 54303 0
1740994179 55585 0
1740994181 55087 0
1740994183 53661 0
1740994185 54156 0
1740994187 54990 0
1740994189 54297 0
1740994191 53842 0
1740994193 54642 0
1740994195 55327 0
1740994197 55195 0
1740994199 55588 0
1740994201 54484 0
1740994203 53582 0
1740994205 53923 0
1740994207 54899 0
1740994209 57814 0
1740994211 55522 0
1740994213 57168 0
1740994215 57525 0
1740994217 55801 0
1740994219 57296 0
1740994221 57258 0
1740994223 55243 0
1740994225 56505 0
1740994227 55338 0
1740994229 55491 0
1740994231 55004 0
1740994233 57260 0
1740994235 57424 0
1740994237 57076 0
1740994239 56044 0
1740994241 55774 0
1740994243 55560 0
1740994245 55361 0
1740994247 54433 0
1740994249 54038 0
1740994251 55691 0
1740994253 57071 0
1740994255 54794 0
1740994257 54913 0
1740994259 54909 0
1740994261 54948 0
1740994263 54574 0
1740994265 56595 0
1740994267 57886 0
1740994270 56426 0
1740994272 55659 0
1740994274 55297 0
1740994276 55455 0
1740994278 56809 0
1740994280 57276 0
1740994282 58657 0
1740994284 57077 0
1740994286 54739 0
1740994288 54614 0
1740994290 56016 0
1740994292 57200 0
1740994294 55724 0
1740994296 56738 0
1740994298 57858 0
1740994300 56820 0
1740994302 56346 0
1740994304 58624 0
1740994306 58879 0
1740994308 57247 0
1740994310 57549 0
1740994312 58245 0
1740994314 57623 0
1740994316 56610 0
1740994318 55346 0
1740994320 55746 0
1740994322 56439 0
1740994324 55984 0
1740994326 56196 0
1740994328 57007 0
1740994330 56402 0
1740994332 57338 0
1740994334 56476 0
1740994336 56376 0
1740994338 56759 0
1740994340 56391 0
1740994342 55804 0
1740994344 55280 0
1740994346 55132 0
1740994348 55618 0
1740994350 54495 0
1740994352 54703 0
1740994354 54816 0
1740994356 55885 0
1740994358 53429 0
1740994360 53227 0
1740994362 55684 0
1740994364 57007 0
1740994366 56262 0
1740994368 56108 0
1740994370 56151 0
1740994372 56523 0
1740994374 55755 0
1740994376 56210 0
1740994378 55990 0
1740994380 56115 0
1740994382 56575 0
1740994384 56910 0
1740994386 55254 0
1740994388 55424 0
1740994390 56305 0
1740994392 55596 0
1740994394 55278 0
1740994396 54529 0
1740994398 55138 0
1740994400 55154 0
1740994402 55977 0
1740994404 55763 0
1740994406 57829 0
1740994408 57666 0
1740994410 56151 0
1740994412 55049 0
1740994414 55744 0
1740994416 55829 0
1740994418 55777 0
1740994420 56178 0
1740994422 55478 0
1740994424 56309 0
1740994426 55730 0
1740994428 54592 0
1740994430 56040 0
1740994432 56292 0
1740994434 56043 0
1740994436 56852 0
1740994438 56082 0
1740994440 58280 0
1740994442 56114 0
1740994444 56506 0
1740994446 56338 0
1740994448 55441 0
1740994450 56789 0
1740994452 55684 0
1740994454 56017 0
1740994456 57511 0
1740994458 56475 0
1740994460 56238 0
1740994462 56671 0
1740994464 55594 0
1740994466 55112 0
1740994468 55324 0
1740994470 54625 0
1740994472 55194 0
1740994474 55743 0
1740994476 55635 0
1740994478 54609 0
1740994480 54741 0
1740994482 55384 0
1740994484 55118 0
1740994486 55181 0
1740994488 55020 0
1740994490 55097 0
1740994492 54724 0
1740994494 55040 0
1740994496 54899 0
1740994498 55293 0
1740994500 56176 0
1740994502 57124 0
1740994504 55701 0
1740994506 54888 0
1740994508 54638 0
1740994510 55058 0
1740994512 56178 0
1740994514 55706 0
1740994516 55384 0
1740994518 55301 0
1740994520 55418 0
1740994522 56144 0
1740994524 56652 0
1740994526 56674 0
1740994528 56605 0
1740994530 56321 0
1740994532 56041 0
1740994534 56017 0
1740994536 56540 0
1740994538 55687 0
1740994540 55784 0
1740994542 55599 0
1740994544 55652 0
1740994546 55970 0
1740994548 56491 0
1740994550 55971 0
1740994553 55714 0
1740994555 55713 0
1740994557 54900 0
1740994559 54999 0
1740994561 55105 0
1740994563 54960 0
1740994565 54614 0
1740994567 54836 0
1740994569 55111 0
1740994571 54808 0
1740994573 55422 0
1740994575 55501 0
1740994577 55722 0
1740994579 55534 0
1740994581 54912 0
1740994583 55521 0
1740994585 55267 0
1740994587 54682 0
1740994589 54662 0
1740994591 55697 0
1740994593 55161 0
1740994595 55300 0
1740994597 54379 0
1740994599 54651 0
1740994601 54768 0
1740994603 54306 0
1740994605 54204 0
1740994607 54546 0
1740994609 54469 0
1740994611 55111 0
1740994613 54348 0
1740994615 53790 0
1740994617 53973 0
1740994619 54335 0
1740994621 54293 0
1740994623 53985 0
1740994625 53629 0
1740994627 54789 0
1740994629 54962 0
1740994631 54699 0
1740994633 54504 0
1740994635 53912 0
1740994637 54406 0
1740994639 54536 0
1740994641 54221 0
1740994643 54373 0
1740994645 53986 0
1740994647 54178 0
1740994649 53967 0
1740994651 53647 0
1740994653 53987 0
1740994655 53535 0
1740994657 53986 0
1740994659 53752 0
1740994661 53944 0
1740994663 53395 0
1740994665 54144 0
1740994667 54030 0
1740994669 53708 0
1740994671 53470 0
1740994673 54644 0
1740994675 54907 0
1740994677 54385 0
1740994679 53927 0
1740994681 53846 0
1740994683 53744 0
1740994685 53762 0
1740994687 53491 0
1740994689 53549 0
1740994691 53351 0
1740994693 53399 0
1740994695 53295 0
1740994697 54008 0
1740994699 53616 0
1740994701 53334 0
1740994703 53910 0
1740994705 54101 0
1740994707 53831 0
1740994709 53953 0
1740994711 53981 0
1740994713 53927 0
1740994715 53382 0
1740994717 53679 0
1740994719 53369 0
1740994721 53606 0
1740994723 53232 0
1740994725 53369 0
1740994727 53682 0
1740994729 53640 0
1740994731 52926 0
1740994733 53167 0
1740994735 53020 0
1740994737 53475 0
1740994739 54821 0
1740994741 54321 0
1740994743 53233 0
1740994745 53215 0
1740994747 53404 0
1740994749 53064 0
1740994751 53568 0
1740994753 52746 0
1740994755 53716 0
1740994757 53455 0
1740994759 53812 0
1740994761 52742 0
1740994763 53620 0
1740994765 54028 0
1740994767 53462 0
1740994769 53878 0
1740994771 53696 0
1740994773 53499 0
1740994775 53181 0
1740994777 53426 0
1740994779 53544 0
1740994781 53128 0
1740994783 53611 0
1740994785 53559 0
1740994787 54088 0
1740994789 53644 0
1740994791 53508 0
1740994793 53785 0
1740994795 53513 0
1740994797 53285 0
1740994799 53738 0
1740994801 53650 0
1740994803 53308 0
1740994805 53106 0
1740994807 53396 0
1740994809 53252 0
1740994811 54331 0
1740994813 53790 0
1740994815 54044 0
1740994817 54451 0
1740994819 55641 0
1740994821 53433 0
1740994823 53246 0
1740994825 53721 0
1740994827 53701 0
1740994829 53068 0
1740994831 53570 0
1740994833 53592 0
1740994835 53118 0
1740994837 53449 0
1740994839 53339 0
1740994841 53387 0
1740994843 53553 0
1740994845 53325 0
1740994847 53778 0
1740994849 52988 0
1740994851 53174 0
1740994853 53637 0
1740994856 54537 0
1740994858 53493 0
1740994860 54329 0
1740994862 53929 0
1740994864 53826 0
1740994866 53930 0
1740994868 53563 0
1740994870 53826 0
1740994872 53508 0
1740994874 53811 0
1740994876 53563 0
1740994878 53612 0
1740994880 53675 0
1740994882 53318 0
1740994884 53739 0
1740994886 53863 0
1740994888 53861 0
1740994890 53937 0
1740994892 54150 0
1740994894 53581 0
1740994896 53509 0
1740994898 54733 0
1740994900 54260 0
1740994902 54853 0
1740994904 54019 0
1740994906 53959 0
1740994908 54101 0
1740994910 53791 0
1740994912 54599 0
1740994914 54459 0
1740994916 54659 0
1740994918 54623 0
1740994920 54490 0
1740994922 53730 0
1740994924 53586 0
1740994926 53719 0
1740994928 54019 0
1740994930 54098 0
1740994932 53540 0
1740994934 53810 0
1740994936 53881 0
1740994938 53884 0
1740994940 54391 0
1740994942 54198 0
1740994944 54277 0
1740994946 54337 0
1740994948 54213 0
1740994950 54651 0
1740994952 55193 0
1740994954 54423 0
1740994956 54605 0
1740994958 53935 0
1740994960 53767 0
1740994962 53947 0
1740994964 54242 0
1740994966 53637 0
1740994968 54195 0
1740994970 54036 0
1740994972 53856 0
1740994974 54567 0
1740994976 54573 0
1740994978 54205 0
1740994980 54131 0
1740994982 53813 0
1740994984 53959 0
1740994986 54628 0
1740994988 54574 0
1740994990 53950 0
1740994992 53867 0
1740994994 54541 0
1740994996 55169 0
1740994998 55024 0
1740995000 54975 0
1740995002 54723 0
1740995004 54470 0
1740995006 54496 0
1740995008 54189 0
1740995010 54321 0
1740995012 54292 0
1740995014 53649 0
1740995016 54266 0
1740995018 54014 0
1740995020 53941 0
1740995022 53845 0
1740995024 54126 0
1740995026 54465 0
1740995028 54051 0
1740995030 54539 0
1740995032 54820 0
1740995034 54775 0
1740995036 54739 0
1740995038 54625 0
1740995040 56572 0
1740995042 54430 0
1740995044 54002 0
1740995046 54689 0
1740995048 54112 0
1740995050 54330 0
1740995052 54826 0
1740995054 55050 0
1740995056 56154 0
1740995058 55674 0
1740995060 54734 0
1740995062 54647 0
1740995064 54844 0
1740995066 55094 0
1740995068 55016 0
1740995070 55339 0
1740995072 55200 0
1740995074 56901 0
1740995076 56281 0
1740995078 57748 0
1740995080 55863 0
1740995082 60465 0
1740995084 56535 0
1740995086 56933 0
1740995088 56208 0
1740995090 54865 0
1740995092 58365 0
1740995094 58360 0
1740995096 60841 0
1740995098 56613 0
1740995100 57368 0
1740995102 60085 0
1740995104 56141 0
1740995106 59122 0
1740995108 57343 0
1740995110 56337 0
1740995112 58450 0
1740995114 56996 0
1740995116 58676 0
1740995118 57121 0
1740995120 56919 0
1740995122 59159 0
1740995124 58507 0
1740995126 60247 0
1740995128 56981 0
1740995130 60534 0
1740995132 60793 0
1740995134 60320 0
1740995136 59467 0
1740995138 59674 0
1740995140 60041 0
1740995142 59025 0
1740995144 62178 0
1740995146 58264 0
1740995148 57711 0
1740995150 58795 0
1740995152 58823 0
1740995154 57047 0
1740995156 58162 0
1740995158 58267 0
1740995160 56838 0
1740995162 56282 0
1740995164 55911 0
1740995166 55880 0
1740995168 55346 0
1740995171 55609 0
1740995173 56429 0
1740995175 56358 0
1740995177 56886 0
1740995179 59000 0
1740995181 61949 0
1740995183 58848 0
1740995185 61855 0
1740995187 59170 0
1740995189 55891 0
1740995191 55664 0
1740995193 55979 0
1740995195 56403 0
1740995197 56055 0
1740995199 56182 0
1740995201 57079 0
1740995203 57419 0
1740995205 57757 0
1740995207 57865 0
1740995209 57821 0
1740995211 56793 0
1740995213 57049 0
1740995215 56329 0
1740995217 55422 0
1740995219 55563 0
1740995221 56644 0
1740995223 57449 0
1740995225 59398 0
1740995227 61548 0
1740995229 63247 0
1740995231 63523 0
1740995233 61082 0
1740995235 59486 0
1740995237 57945 0
1740995239 57647 0
1740995241 58599 0
1740995243 58579 0
1740995245 58155 0
1740995247 59564 0
1740995249 59124 0
1740995251 58263 0
1740995253 57906 0
1740995255 57038 0
1740995257 58469 0
1740995259 58700 0
1740995261 57862 0
1740995263 56691 0
1740995265 57262 0
1740995267 57414 0
1740995269 53815 0
1740995271 53481 0
1740995273 57608 0
1740995275 57257 0
1740995277 58004 0
1740995279 58454 0
1740995281 58192 0
1740995283 57622 0
1740995285 57390 0
1740995287 57373 0
1740995289 58154 0
1740995291 58264 0
1740995293 58298 0
1740995295 59922 0
1740995297 59609 0
1740995299 62693 0
1740995301 60548 0
1740995303 59018 0
1740995305 59061 0
1740995307 58240 0
1740995309 59399 0
1740995311 59918 0
1740995313 62176 0
1740995315 61346 0
1740995317 62786 0
1740995319 57250 0
1740995321 57325 0
1740995323 59982 0
1740995325 56243 0
1740995327 56440 0
1740995329 56953 0
1740995331 57947 0
1740995333 58839 0
1740995335 60371 0
1740995337 59573 0
1740995339 61985 0
1740995341 61991 0
1740995343 58978 0
1740995345 58715 0
1740995347 58393 0
1740995349 58743 0
1740995351 59805 0
1740995353 62016 0
1740995355 62918 0
1740995357 62311 0
1740995359 59412 0
1740995361 58883 0
1740995363 60264 0
1740995365 60217 0
1740995367 60594 0
1740995369 57295 0
1740995371 57852 0
1740995373 58671 0
1740995375 58896 0
1740995377 60100 0
1740995379 62343 0
1740995381 59760 0
1740995383 58077 0
1740995385 57906 0
1740995387 58285 0
1740995389 59957 0
1740995391 61707 0
1740995393 64766 0
1740995395 62380 0
1740995397 62729 0
1740995399 61771 0
1740995401 61304 0
1740995403 63196 0
1740995405 61751 0
1740995407 59575 0
1740995409 58578 0
1740995411 60028 0
1740995413 61770 0
1740995415 59748 0
1740995417 59643 0
1740995419 61411 0
1740995421 60274 0
1740995423 60246 0
1740995425 59075 0
1740995427 60006 0
1740995429 60692 0
1740995431 60737 0
1740995433 58936 0
1740995435 59692 0
1740995437 60013 0
1740995439 61547 0
1740995441 63150 0
1740995443 64152 0
1740995445 63048 0
1740995447 63900 0
1740995449 63822 0
1740995451 64635 0
1740995453 64701 0
1740995455 62852 0
1740995457 61625 0
1740995459 62249 0
1740995461 60457 0
1740995463 59245 0
1740995465 59909 0
1740995467 60615 0
1740995469 60348 0
1740995471 60885 0
1740995473 59800 0
1740995475 59943 0
1740995477 59089 0
1740995479 61706 0
1740995481 61949 0
1740995484 63595 0
1740995486 64732 0
1740995488 61228 0
1740995490 61971 0
1740995492 59839 0
1740995494 59738 0
1740995496 59660 0
1740995498 60886 0
1740995500 59930 0
1740995502 61650 0
1740995504 62502 0
1740995506 59987 0
1740995508 58581 0
1740995510 60066 0
1740995512 61296 0
1740995514 61608 0
1740995516 60089 0
1740995518 58893 0
1740995520 58671 0
1740995522 65119 0
1740995524 65232 0
1740995526 61470 0
1740995528 61984 0
1740995530 62352 0
1740995532 60250 0
1740995534 59039 0
1740995536 59776 0
1740995538 62147 0
1740995540 61977 0
1740995542 59749 0
1740995544 58612 0
1740995546 59590 0
1740995548 61164 0
1740995550 63058 0
1740995552 62047 0
1740995554 61520 0
1740995556 60201 0
1740995558 58982 0
1740995560 58240 0
1740995562 61783 0
1740995564 61541 0
1740995566 59694 0
1740995568 59420 0
1740995570 58756 0
1740995572 58642 0
1740995574 55754 0
1740995576 56811 0
1740995578 61045 0
1740995580 59295 0
1740995582 60393 0
1740995584 60307 0
1740995586 59626 0
1740995588 58812 0
1740995590 58823 0
1740995592 58418 0
1740995594 58588 0
1740995596 59152 0
1740995598 60053 0
1740995600 59628 0
1740995602 59404 0
1740995604 60264 0
1740995606 60589 0
1740995608 62806 0
1740995610 59395 0
1740995612 58961 0
1740995614 57854 0
1740995616 57643 0
1740995618 59248 0
1740995620 60523 0
1740995622 62650 0
1740995624 63072 0
1740995626 60738 0
1740995628 59587 0
1740995630 60154 0
1740995632 58515 0
1740995634 58586 0
1740995636 58019 0
1740995638 58995 0
1740995640 61982 0
1740995642 62133 0
1740995644 59396 0
1740995646 57937 0
1740995648 57685 0
1740995650 58367 0
1740995652 60903 0
1740995654 59461 0
1740995656 58687 0
1740995658 58505 0
1740995660 58130 0
1740995662 58342 0
1740995664 59910 0
1740995666 61167 0
1740995668 60864 0
1740995670 62889 0
1740995672 62732 0
1740995674 62080 0
1740995676 62128 0
1740995678 60411 0
1740995680 59710 0
1740995682 58394 0
1740995684 57863 0
1740995686 60039 0
1740995688 61150 0
1740995690 60697 0
1740995692 59917 0
1740995694 60092 0
1740995696 58877 0
1740995698 57976 0
1740995700 58958 0
1740995702 61159 0
1740995704 60677 0
1740995706 59353 0
1740995708 57595 0
1740995710 57811 0
1740995712 58046 0
1740995714 57426 0
1740995716 57003 0
1740995718 58215 0
1740995720 58498 0
1740995722 58235 0
1740995724 58907 0
1740995726 58910 0
1740995728 57780 0
1740995730 55249 0
1740995732 56180 0
1740995734 57283 0
1740995736 56227 0
1740995738 57798 0
1740995740 58909 0
1740995742 60260 0
1740995744 59501 0
1740995746 57638 0
1740995748 57378 0
1740995750 56627 0
1740995752 56122 0
1740995754 56910 0
1740995756 56276 0
1740995758 56288 0
1740995760 56595 0
1740995762 55891 0
1740995764 55951 0
1740995766 58355 0
1740995768 58577 0
1740995770 57537 0
1740995772 57235 0
1740995774 65535 0
1740995776 55986 0
1740995778 55301 0
1740995780 55341 0
1740995782 55215 0
1740995784 55604 0
1740995786 55666 0
1740995789 56270 0
1740995791 55985 0
1740995793 56072 0
1740995795 56679 0
1740995797 56061 0
1740995799 57266 0
1740995801 57112 0
1740995803 57722 0
1740995805 57355 0
1740995807 57088 0
1740995809 56668 0
1740995811 55639 0
1740995813 56188 0
1740995815 57181 0
1740995817 57485 0
1740995819 58279 0
1740995821 57237 0
1740995823 57200 0
1740995825 56928 0
1740995827 57094 0
1740995829 57555 0
1740995831 58026 0
1740995833 57211 0
1740995835 56395 0
1740995837 56087 0
1740995839 56932 0
1740995841 58200 0
1740995843 58914 0
1740995845 57881 0
1740995847 57806 0
1740995849 57997 0
1740995851 57513 0
1740995853 57604 0
1740995855 57978 0
1740995857 57042 0
1740995859 56350 0
1740995861 56918 0
1740995863 56641 0
1740995865 56123 0
1740995867 56110 0
1740995869 55796 0
1740995871 56152 0
1740995873 57214 0
1740995875 56285 0
1740995877 54091 0
1740995879 54229 0
1740995881 56615 0
1740995883 57247 0
1740995885 57106 0
1740995887 55874 0
1740995889 55800 0
1740995891 55815 0
1740995893 56278 0
1740995895 57250 0
1740995897 56996 0
1740995899 56812 0
1740995901 56556 0
1740995903 55828 0
1740995905 55711 0
1740995907 54852 0
1740995909 54437 0
1740995911 54905 0
1740995913 55584 0
1740995915 56809 0
1740995917 55256 0
1740995919 55599 0
1740995921 54807 0
1740995923 55495 0
1740995925 56410 0
1740995927 57115 0
1740995929 57103 0
1740995931 57361 0
1740995933 57317 0
1740995935 56971 0
1740995937 56601 0
1740995939 58278 0
1740995941 56535 0
1740995943 55349 0
1740995945 54862 0
1740995947 54348 0
1740995949 55395 0
1740995951 54934 0
1740995953 55036 0
1740995955 55600 0
1740995957 55617 0
1740995959 55226 0
1740995961 55441 0
1740995963 55765 0
1740995965 57109 0
1740995967 57280 0
1740995969 56318 0
1740995971 55812 0
1740995973 56048 0
1740995975 55345 0
1740995977 54823 0
1740995979 55494 0
1740995981 55701 0
1740995983 55408 0
1740995985 55276 0
1740995987 55019 0
1740995989 54950 0
1740995991 55234 0
1740995993 55069 0
1740995995 55069 0
1740995997 54720 0
1740995999 54783 0
1740996001 55021 0
1740996003 55542 0
1740996005 55602 0
1740996007 55929 0
1740996009 54814 0
1740996011 54585 0
1740996013 54563 0
1740996015 55033 0
1740996017 54860 0
1740996019 55358 0
1740996021 54515 0
1740996023 55176 0
1740996025 54914 0
1740996027 55478 0
1740996029 54532 0
1740996031 56954 0
1740996033 54112 0
1740996035 55050 0
1740996037 54790 0
1740996039 54202 0
1740996041 54882 0
1740996043 54791 0
1740996045 55259 0
1740996047 54538 0
1740996049 55303 0
1740996051 55198 0
1740996053 54937 0
1740996055 54935 0
1740996057 55969 0
1740996059 55096 0
1740996061 56265 0
1740996063 55032 0
1740996065 55057 0
1740996067 55202 0
1740996069 54120 0
1740996071 55571 0
1740996073 57560 0
1740996075 54946 0
1740996077 59977 0
1740996079 57533 0
1740996081 55356 0
1740996083 54927 0
1740996085 57658 0
1740996087 59407 0
1740996089 57618 0
1740996092 55554 0
1740996094 55104 0
1740996096 57591 0
1740996098 62311 0
1740996100 60909 0
1740996102 56702 0
1740996104 56736 0
1740996106 56311 0
1740996108 62628 0
1740996110 59462 0
1740996112 59697 0
1740996114 65535 0
1740996116 65535 0
1740996118 65535 0
1740996120 62292 0
1740996122 65020 0
1740996124 65535 0
1740996126 65535 0
1740996128 60042 0
1740996130 59079 0
1740996132 60423 0
1740996134 65535 0
1740996136 65535 0
1740996138 65535 0
1740996140 65535 0
1740996142 65535 0
1740996144 63596 0
1740996146 65535 0
1740996148 65535 0
1740996150 63779 0
1740996152 56604 0
1740996154 61934 0
1740996156 65535 0
1740996158 65535 0
1740996160 64200 0
1740996162 55806 0
1740996164 56264 0
1740996166 57191 0
1740996168 61163 0
1740996170 59981 0
1740996172 60268 0
1740996174 61636 0
1740996176 58095 0
1740996178 59638 0
1740996180 62847 0
1740996182 65535 0
1740996184 65535 0
1740996186 63730 0
1740996188 57369 0
1740996190 56550 0
1740996192 56542 0
1740996194 59336 0
1740996196 65535 0
1740996198 65535 0
1740996200 65535 0
1740996202 65535 0
1740996204 62334 0
1740996206 59741 0
1740996208 56800 0
1740996210 57739 0
1740996212 65535 0
1740996214 65535 0
1740996216 65535 0
1740996218 65277 0
1740996220 62775 0
1740996222 58758 0
1740996224 57651 0
1740996226 58426 0
1740996228 58537 0
1740996230 57383 0
1740996232 56737 0
1740996234 56938 0
1740996236 56177 0
1740996238 56345 0
1740996240 58833 0
1740996242 54763 0
1740996244 54562 0
1740996246 54754 0
1740996248 54592 0
1740996250 54959 0
1740996252 54530 0
1740996254 55063 0
1740996256 54265 0
1740996258 54555 0
1740996260 55414 0
1740996262 54736 0
1740996264 54918 0
1740996266 54735 0
1740996268 55062 0
1740996270 55015 0
1740996272 55127 0
1740996274 55076 0
1740996276 54991 0
1740996278 54099 0
1740996280 54897 0
1740996282 54553 0
1740996284 55134 0
1740996286 55059 0
1740996288 55046 0
1740996290 54888 0
1740996292 54575 0
1740996294 54486 0
1740996296 54516 0
1740996298 54818 0
1740996300 54847 0
1740996302 54748 0
1740996304 54911 0
1740996306 54660 0
1740996308 55502 0
1740996310 54686 0
1740996312 54993 0
1740996314 54584 0
1740996316 54457 0
1740996318 54205 0
1740996320 54516 0
1740996322 54913 0
1740996324 55468 0
1740996326 54188 0
1740996328 54750 0
1740996330 54614 0
1740996332 54875 0
1740996334 55027 0
1740996336 54298 0
1740996338 54496 0
1740996340 54433 0
1740996342 54470 0
1740996344 55002 0
1740996346 54699 0
1740996348 54302 0
1740996350 54580 0
1740996352 54378 0
1740996354 54538 0
1740996356 54857 0
1740996358 54911 0
1740996360 54321 0
1740996362 54479 0
1740996364 54550 0
1740996366 54376 0
1740996368 54141 0
1740996371 54345 0
1740996373 54531 0
1740996375 54300 0
1740996377 54759 0
1740996379 54898 0
1740996381 54479 0
1740996383 54128 0
1740996385 54632 0
1740996387 54401 0
1740996389 54745 0
1740996391 54338 0
1740996393 54479 0
1740996395 54048 0
1740996397 54324 0
1740996399 54831 0
1740996401 54313 0
1740996403 54114 0
1740996405 54730 0
1740996407 54431 0
1740996409 55186 0
1740996411 54467 0
1740996413 54317 0
1740996415 54724 0
1740996417 54651 0
1740996419 54290 0
1740996421 54350 0
1740996423 54018 0
1740996425 54673 0
1740996427 54183 0
1740996429 54770 0
1740996431 54405 0
1740996433 54496 0
1740996435 54758 0
1740996437 54415 0
1740996439 54127 0
1740996441 54099 0
1740996443 54557 0
1740996445 54168 0
1740996447 54476 0
1740996449 54715 0
1740996451 53967 0
1740996453 54573 0
1740996455 54196 0
1740996457 54515 0
1740996459 55034 0
1740996461 54806 0
1740996463 54572 0
1740996465 54086 0
1740996467 54116 0
1740996469 54968 0
1740996471 54484 0
1740996473 55593 0
1740996475 54520 0
1740996477 54097 0
1740996479 54975 0
1740996481 54820 0
1740996483 55097 0
1740996485 54877 0
1740996487 54782 0
1740996489 54543 0
1740996491 54876 0
1740996493 54131 0
1740996495 54436 0
1740996497 55751 0
1740996499 54413 0
1740996501 54397 0
1740996503 54743 0
1740996505 54404 0
1740996507 54313 0
1740996509 54328 0
1740996511 54168 0
1740996513 54391 0
1740996515 54538 0
1740996517 55251 0
1740996519 54788 0
1740996521 54581 0
1740996523 54702 0
1740996525 54549 0
1740996527 54668 0
1740996529 54519 0
1740996531 54532 0
1740996533 54766 0
1740996535 54846 0
1740996537 54396 0
1740996539 55717 0
1740996541 54667 0
1740996543 54978 0
1740996545 54491 0
1740996547 54524 0
1740996549 54500 0
1740996551 54888 0
1740996553 54254 0
1740996555 54128 0
1740996557 54074 0
1740996559 54494 0
1740996561 54166 0
1740996563 54381 0
1740996565 54567 0
1740996567 54359 0
1740996569 54585 0
1740996571 54535 0
1740996573 53939 0
1740996575 54287 0
1740996577 54742 0
1740996579 54917 0
1740996581 54603 0
1740996583 54461 0
1740996585 54272 0
1740996587 54747 0
1740996589 55203 0
1740996591 54892 0
1740996593 54918 0
1740996595 54852 0
1740996597 54574 0
1740996599 54188 0
1740996601 54520 0
1740996603 54834 0
1740996605 54956 0
1740996607 54896 0
1740996609 54781 0
1740996611 54974 0
1740996613 54904 0
1740996615 54782 0
1740996617 54845 0
1740996619 54681 0
1740996621 54819 0
1740996623 54387 0
1740996625 54858 0
1740996627 54783 0
1740996629 54969 0
1740996631 54479 0
1740996633 54690 0
1740996635 54443 0
1740996637 54177 0
1740996639 54200 0
1740996641 54540 0
1740996643 54690 0
1740996646 54523 0
1740996648 54526 0
1740996650 54344 0
1740996652 54520 0
1740996654 54248 0
1740996656 54334 0
1740996658 53918 0
1740996660 54358 0
1740996662 54337 0
1740996664 54258 0
1740996666 54052 0
1740996668 54917 0
1740996670 54340 0
1740996672 54772 0
1740996674 54106 0
1740996676 54248 0
1740996678 54130 0
1740996680 54246 0
1740996682 54506 0
1740996684 54478 0
1740996686 54150 0
1740996688 54001 0
1740996690 54275 0
1740996692 54653 0
1740996694 54915 0
1740996696 54518 0
1740996698 54766 0
1740996700 54572 0
1740996702 54768 0
1740996704 54549 0
1740996706 54624 0
1740996708 54781 0
1740996710 54324 0
1740996712 54860 0
1740996714 54638 0
1740996716 54416 0
1740996718 54540 0
1740996720 54995 0
1740996722 54461 0
1740996724 54729 0
1740996726 54467 0
1740996728 54741 0
1740996730 55109 0
1740996732 55031 0
1740996734 55172 0
1740996736 58408 0
1740996738 55130 0
1740996740 54832 0
1740996742 55125 0
1740996744 54382 0
1740996746 54773 0
1740996748 55106 0
1740996750 54920 0
1740996752 54838 0
1740996754 55260 0
1740996756 54793 0
1740996758 55110 0
1740996760 55024 0
1740996762 54691 0
1740996764 54379 0
1740996766 54778 0
1740996768 54921 0
1740996770 54643 0
1740996772 54950 0
1740996774 55003 0
1740996776 54106 0
1740996778 55370 0
1740996780 55111 0
1740996782 54932 0
1740996784 54820 0
1740996786 54390 0
1740996788 54729 0
1740996790 54875 0
1740996792 54915 0
1740996794 54546 0
1740996796 54620 0
1740996798 54631 0
1740996800 54724 0
1740996802 55236 0
1740996804 54542 0
1740996806 54495 0
1740996808 54757 0
1740996810 54686 0
1740996812 54695 0
1740996814 54737 0
1740996816 54441 0
1740996818 54363 0
1740996820 54297 0
1740996822 54192 0
1740996824 54579 0
1740996826 54815 0
1740996828 54354 0
1740996830 54561 0
1740996832 54551 0
1740996834 54436 0
1740996836 54581 0
1740996838 54437 0
1740996840 56867 0
1740996842 54385 0
1740996844 54424 0
1740996846 54454 0
1740996848 54215 0
1740996850 54799 0
1740996852 54687 0
1740996854 54659 0
1740996856 54169 0
1740996858 53848 0
1740996860 54818 0
1740996862 54379 0
1740996864 54436 0
1740996866 54469 0
1740996868 54473 0
1740996870 54908 0
1740996872 54100 0
1740996874 54469 0
1740996876 55699 0
1740996878 55421 0
1740996880 54754 0
1740996882 54623 0
1740996884 54667 0
1740996886 55494 0
1740996888 54884 0
1740996890 55439 0
1740996892 54710 0
1740996894 55402 0
1740996896 54494 0
1740996898 54914 0
1740996900 55013 0
1740996902 56672 0
1740996904 56730 0
1740996906 57560 0
1740996908 57136 0
1740996910 54813 0
1740996913 54827 0
1740996915 54652 0
1740996917 54843 0
1740996919 55178 0
1740996921 54605 0
1740996923 54306 0
1740996925 54378 0
1740996927 55486 0
1740996929 54679 0
1740996931 54311 0
1740996933 55101 0
1740996935 55219 0
1740996937 54211 0
1740996939 53788 0
1740996941 54211 0
1740996943 54210 0
1740996945 54273 0
1740996947 54017 0
1740996949 53774 0
1740996951 54592 0
1740996953 54674 0
1740996955 54055 0
1740996957 53849 0
1740996959 53939 0
1740996961 54402 0
1740996963 54370 0
1740996965 53913 0
1740996967 53827 0
1740996969 54038 0
1740996971 53871 0
1740996973 53822 0
1740996975 53618 0
1740996977 53602 0
1740996979 54151 0
1740996981 54191 0
1740996983 53836 0
1740996985 53916 0
1740996987 53692 0
1740996989 53602 0
1740996991 53989 0
1740996993 53960 0
1740996995 54097 0
1740996997 54284 0
1740996999 53836 0
1740997001 54014 0
1740997003 54002 0
1740997005 53731 0
1740997007 53892 0
1740997009 53626 0
1740997011 53995 0
1740997013 53706 0
1740997015 54218 0
1740997017 53606 0
1740997019 53557 0
1740997021 53613 0
1740997023 53815 0
1740997025 53972 0
1740997027 53961 0
1740997029 53412 0
1740997031 54066 0
1740997033 53798 0
1740997035 53681 0
1740997037 54040 0
1740997039 53303 0
1740997041 53455 0
1740997043 53864 0
1740997045 53801 0
1740997047 53704 0
1740997049 53460 0
1740997051 53736 0
1740997053 53466 0
1740997055 53706 0
1740997057 53750 0
1740997059 54151 0
1740997061 53235 0
1740997063 53568 0
1740997065 53773 0
1740997067 53520 0
1740997069 53880 0
1740997071 53716 0
1740997073 53618 0
1740997075 53452 0
1740997077 53502 0
1740997079 53789 0
1740997081 53612 0
1740997083 53655 0
1740997085 53734 0
1740997087 53515 0
1740997089 53490 0
1740997091 53951 0
1740997093 53688 0
1740997095 53810 0
1740997097 53922 0
1740997099 53874 0
1740997101 53556 0
1740997103 53908 0
1740997105 53151 0
1740997107 53810 0
1740997109 53682 0
1740997111 53897 0
1740997113 53815 0
1740997115 54425 0
1740997117 54013 0
1740997119 54115 0
1740997121 53810 0
1740997123 54048 0
1740997125 54010 0
1740997127 53908 0
1740997129 54123 0
1740997131 54014 0
1740997133 53770 0
1740997135 54165 0
1740997137 53959 0
1740997139 55388 0
1740997141 53711 0
1740997143 53973 0
1740997145 53802 0
1740997147 54403 0
1740997149 53756 0
1740997151 54007 0
1740997153 53942 0
1740997155 53720 0
1740997157 54290 0
1740997159 53754 0
1740997161 53893 0
1740997163 53652 0
1740997165 54357 0
1740997167 53799 0
1740997169 53512 0
1740997171 54230 0
1740997173 53730 0
1740997175 53788 0
1740997177 53858 0
1740997179 54129 0
1740997181 53841 0
1740997183 53166 0
1740997186 53385 0
1740997188 54077 0
1740997190 54329 0
1740997192 54456 0
1740997194 53999 0
1740997196 53948 0
1740997198 54154 0
1740997200 53829 0
1740997202 53794 0
1740997204 54333 0
1740997206 54163 0
1740997208 53866 0
1740997210 53917 0
1740997212 54433 0
1740997214 54895 0
1740997216 59435 0
1740997218 53760 0
1740997220 53864 0
1740997222 54195 0
1740997224 53513 0
1740997226 53930 0
1740997228 53874 0
1740997230 53927 0
1740997232 53856 0
1740997234 53691 0
1740997236 54141 0
1740997238 54266 0
1740997240 54772 0
1740997242 54715 0
1740997244 54181 0
1740997246 54426 0
1740997248 54576 0
1740997250 54629 0
1740997252 54174 0
1740997254 54188 0
1740997256 53961 0
1740997258 54030 0
1740997260 54789 0
1740997262 54503 0
1740997264 54257 0
1740997266 54028 0
1740997268 54354 0
1740997270 53933 0
1740997272 54202 0
1740997274 54141 0
1740997276 53819 0
1740997278 54182 0
1740997280 53434 0
1740997282 54055 0
1740997284 54077 0
1740997286 54275 0
1740997288 54039 0
1740997290 53792 0
1740997292 53902 0
1740997294 54159 0
1740997296 54255 0
1740997298 54077 0
1740997300 54835 0
1740997302 54237 0
1740997304 54246 0
1740997306 54226 0
1740997308 53649 0
1740997310 54076 0
1740997312 53292 0
1740997314 53481 0
1740997316 53891 0
1740997318 53604 0
1740997320 54279 0
1740997322 53669 0
1740997324 53554 0
1740997326 53968 0
1740997328 54378 0
1740997330 54643 0
1740997332 54206 0
1740997334 53978 0
1740997336 53727 0
1740997338 53892 0
1740997340 53532 0
1740997342 53703 0
1740997344 53628 0
1740997346 53787 0
1740997348 53687 0
1740997350 54138 0
1740997352 53800 0
1740997354 53676 0
1740997356 53860 0
1740997358 54209 0
1740997360 54651 0
1740997362 53573 0
1740997364 53875 0
1740997366 54093 0
1740997368 53890 0
1740997370 53664 0
1740997372 53778 0
1740997374 53609 0
1740997376 53800 0
1740997378 54355 0
1740997380 54002 0
1740997382 53974 0
1740997384 54637 0
1740997386 53858 0
1740997388 54064 0
1740997390 53752 0
1740997392 53985 0
1740997394 54119 0
1740997396 54541 0
1740997398 54188 0
1740997400 54061 0
1740997402 53876 0
1740997404 53744 0
1740997406 53570 0
1740997408 53935 0
1740997410 53739 0
1740997412 53756 0
1740997414 54213 0
1740997416 53835 0
1740997418 53619 0
1740997420 53178 0
1740997422 53723 0
1740997424 53496 0
1740997426 53387 0
1740997428 53471 0
1740997430 53542 0
1740997432 53912 0
1740997434 54525 0
1740997436 53928 0
1740997438 53993 0
1740997440 55083 0
1740997442 53667 0
1740997444 54188 0
1740997446 53414 0
1740997448 54242 0
1740997450 53895 0
1740997452 53777 0
1740997454 53964 0
1740997456 54415 0
1740997458 53822 0
1740997460 55058 0
1740997462 53956 0
1740997465 53931 0
1740997467 54588 0
1740997469 54713 0
1740997471 53816 0
1740997473 54631 0
1740997475 54866 0
1740997477 54104 0
1740997479 53934 0
1740997481 53823 0
1740997483 53720 0
1740997485 53766 0
1740997487 53900 0
1740997489 54740 0
1740997491 53540 0
1740997493 53686 0
1740997495 54194 0
1740997497 53988 0
1740997499 53648 0
1740997501 53862 0
1740997503 53507 0
1740997505 54514 0
1740997507 53814 0
1740997509 53986 0
1740997511 53924 0
1740997513 53732 0
1740997515 54199 0
1740997517 53970 0
1740997519 53745 0
1740997521 54334 0
1740997523 54209 0
1740997525 54299 0
1740997527 54048 0
1740997529 53760 0
1740997531 54023 0
1740997533 54253 0
1740997535 53617 0
1740997537 53946 0
1740997539 54301 0
1740997541 53649 0
1740997543 53593 0
1740997545 53595 0
1740997547 53726 0
1740997549 53907 0
1740997551 53943 0
1740997553 54095 0
1740997555 53641 0
1740997557 53681 0
1740997559 53599 0
1740997561 53639 0
1740997563 53870 0
1740997565 53963 0
1740997567 54047 0
1740997569 54063 0
1740997571 53660 0
1740997573 53453 0
1740997575 53879 0
1740997577 54308 0
1740997579 54248 0
1740997581 54191 0
1740997583 54609 0
1740997585 54034 0
1740997587 53872 0
1740997589 53963 0
1740997591 54184 0
1740997593 53861 0
1740997595 53860 0
1740997597 53980 0
1740997599 54048 0
1740997601 54018 0
1740997603 53721 0
1740997605 57986 0
1740997607 53825 0
1740997609 54168 0
1740997611 53960 0
1740997613 54069 0
1740997615 53898 0
1740997617 53998 0
1740997619 53701 0
1740997621 54390 0
1740997623 54413 0
1740997625 54496 0
1740997627 54522 0
1740997629 53622 0
1740997631 53780 0
1740997633 54006 0
1740997635 53779 0
1740997637 54081 0
1740997639 53835 0
1740997641 53888 0
1740997643 53746 0
1740997645 55355 0
1740997647 54038 0
1740997649 53708 0
1740997651 54020 0
1740997653 54444 0
1740997655 53815 0
1740997657 53828 0
1740997659 53697 0
1740997661 54043 0
1740997663 53280 0
1740997665 53730 0
1740997667 53642 0
1740997669 53546 0
1740997671 54579 0
1740997673 54110 0
1740997675 54641 0
1740997677 55026 0
1740997679 54070 0
1740997681 54450 0
1740997683 53945 0
1740997685 57723 0
1740997687 56203 0
1740997689 54449 0
1740997691 53977 0
1740997693 54277 0
1740997695 53540 0
1740997697 53379 0
1740997699 53739 0
1740997701 53726 0
1740997703 55208 0
1740997705 53686 0
1740997707 53768 0
1740997709 53545 0
1740997711 53889 0
1740997713 53529 0
1740997715 53530 0
1740997717 53859 0
1740997719 53360 0
1740997721 53853 0
1740997723 53708 0
1740997725 52661 0
1740997727 53829 0
1740997729 53661 0
1740997731 53542 0
1740997733 54165 0
1740997735 53867 0
1740997737 53448 0
1740997739 54611 0
1740997741 53851 0
1740997744 54206 0
1740997746 53820 0
1740997748 53806 0
1740997750 54121 0
1740997752 54358 0
1740997754 54220 0
1740997756 53938 0
1740997758 54915 0
1740997760 54475 0
1740997762 54160 0
1740997764 54558 0
1740997766 54214 0
1740997768 54242 0
1740997770 54174 0
1740997772 53898 0
1740997774 54474 0
1740997776 54485 0
1740997778 54087 0
1740997780 53416 0
1740997782 53484 0
1740997784 54174 0
1740997786 54881 0
1740997788 53912 0
1740997790 53486 0
1740997792 53995 0
1740997794 53956 0
1740997796 53886 0
1740997798 54058 0
1740997800 54087 0
1740997802 54280 0
1740997804 54359 0
1740997806 55101 0
1740997808 55184 0
1740997810 55632 0
1740997812 56201 0
1740997814 57055 0
1740997816 55214 0
1740997818 55481 0
1740997820 55330 0
1740997822 56123 0
1740997824 54423 0
1740997826 54184 0
1740997828 54109 0
1740997830 54456 0
1740997832 55344 0
1740997834 55927 0
1740997836 55207 0
1740997838 54579 0
1740997840 54519 0
1740997842 53923 0
1740997844 54773 0
1740997846 54907 0
1740997848 56866 0
1740997850 55294 0
1740997852 56939 0
1740997854 55915 0
1740997856 55368 0
1740997858 55550 0
1740997860 55528 0
1740997862 55033 0
1740997864 55115 0
1740997866 55224 0
1740997868 54876 0
1740997870 54535 0
1740997872 54224 0
1740997874 53564 0
1740997876 54116 0
1740997878 54120 0
1740997880 54911 0
1740997882 54277 0
1740997884 54372 0
1740997886 54683 0
1740997888 54706 0
1740997890 54072 0
1740997892 54589 0
1740997894 55329 0
1740997896 54516 0
1740997898 54261 0
1740997900 54067 0
1740997902 54617 0
1740997904 53724 0
1740997906 53421 0
1740997908 54180 0
1740997910 53936 0
1740997912 53761 0
1740997914 53603 0
1740997916 53945 0
1740997918 53799 0
1740997920 53588 0
1740997922 54655 0
1740997924 54892 0
1740997926 54534 0
1740997928 53615 0
1740997930 53904 0
1740997932 53491 0
1740997934 53242 0
1740997936 53814 0
1740997938 54453 0
1740997940 54156 0
1740997942 53684 0
1740997944 54282 0
1740997946 53920 0
1740997948 53871 0
1740997950 53807 0
1740997952 54241 0
1740997954 53934 0
1740997956 54090 0
1740997958 53967 0
1740997960 55090 0
1740997962 53953 0
1740997964 53796 0
1740997966 53788 0
1740997968 54444 0
1740997970 54000 0
1740997972 54656 0
1740997974 54101 0
1740997976 54156 0
1740997978 54546 0
1740997980 55055 0
1740997982 54796 0
1740997984 54696 0
1740997986 54866 0
1740997988 54131 0
1740997990 54267 0
1740997992 54147 0
1740997994 53924 0
1740997996 53254 0
1740997998 54573 0
1740998000 54011 0
1740998002 53560 0
1740998004 53524 0
1740998006 53688 0
1740998008 53523 0
1740998010 53472 0
1740998012 54755 0
1740998014 54795 0
1740998016 55942 0
1740998018 55261 0
1740998020 54908 0
1740998023 55560 0
1740998025 54570 0
1740998027 54592 0
1740998029 54140 0
1740998031 54276 0
1740998033 53785 0
1740998035 54141 0
1740998037 54278 0
1740998039 55077 0
1740998041 57845 0
1740998043 56670 0
1740998045 55872 0
1740998047 56785 0
1740998049 54882 0
1740998051 54555 0
1740998053 55066 0
1740998055 55070 0
1740998057 54888 0
1740998059 54855 0
1740998061 54712 0
1740998063 55092 0
1740998065 54767 0
1740998067 54927 0
1740998069 55083 0
1740998071 54485 0
1740998073 54293 0
1740998075 54497 0
1740998077 54664 0
1740998079 55104 0
1740998081 55257 0
1740998083 55596 0
1740998085 54807 0
1740998087 54431 0
1740998089 54616 0
1740998091 54016 0
1740998093 54329 0
1740998095 53941 0
1740998097 54357 0
1740998099 54273 0
1740998101 54249 0
1740998103 54231 0
1740998105 54233 0
1740998107 54085 0
1740998109 54044 0
1740998111 54220 0
1740998113 53626 0
1740998115 54440 0
1740998117 61365 0
1740998119 53993 0
1740998121 54060 0
1740998123 53939 0
1740998125 54458 0
1740998127 53908 0
1740998129 54974 0
1740998131 54261 0
1740998133 54459 0
1740998135 54325 0
1740998137 55022 0
1740998139 54665 0
1740998141 56362 0
1740998143 56978 0
1740998145 55957 0
1740998147 56066 0
1740998149 56983 0
1740998151 57411 0
1740998153 56240 0
1740998155 55046 0
1740998157 55297 0
1740998159 54949 0
1740998161 55088 0
1740998163 55490 0
1740998165 55272 0
1740998167 55059 0
1740998169 55987 0
1740998171 55556 0
1740998173 54563 0
1740998175 54232 0
1740998177 55019 0
1740998179 55194 0
1740998181 54485 0
1740998183 55167 0
1740998185 55030 0
1740998187 55581 0
1740998189 55332 0
1740998191 55422 0
1740998193 55174 0
1740998195 55612 0
1740998197 55759 0
1740998199 56202 0
1740998201 55202 0
1740998203 54972 0
1740998205 55655 0
1740998207 55332 0
1740998209 55610 0
1740998211 55989 0
1740998213 55783 0
1740998215 55695 0
1740998217 55493 0
1740998219 55784 0
1740998221 55460 0
1740998223 56053 0
1740998225 56623 0
1740998227 55999 0
1740998229 56035 0
1740998231 56735 0
1740998233 56589 0
1740998235 54499 0
1740998237 57068 0
1740998239 56022 0
1740998241 55254 0
1740998243 55057 0
1740998245 54493 0
1740998247 56179 0
1740998249 54265 0
1740998251 55401 0
1740998253 55228 0
1740998255 56473 0
1740998257 59567 0
1740998259 57310 0
1740998261 55837 0
1740998263 54989 0
1740998265 55414 0
1740998267 55155 0
1740998269 54803 0
1740998271 54807 0
1740998273 54964 0
1740998275 55746 0
1740998277 55918 0
1740998279 54785 0
1740998281 55056 0
1740998283 55119 0
1740998285 56145 0
1740998287 55835 0
1740998289 55394 0
1740998291 55639 0
1740998293 54964 0
1740998295 54985 0
1740998297 55253 0
1740998299 54986 0
1740998301 54466 0
1740998303 55022 0
1740998306 54888 0
1740998308 55080 0
1740998310 55099 0
1740998312 55000 0
1740998314 54891 0
1740998316 54824 0
1740998318 54020 0
1740998320 54334 0
1740998322 54633 0
1740998324 54292 0
1740998326 54451 0
1740998328 53998 0
1740998330 55724 0
1740998332 56173 0
1740998334 53891 0
1740998336 54073 0
1740998338 53707 0
1740998340 55222 0
1740998342 54599 0
1740998344 54268 0
1740998346 54237 0
1740998348 54694 0
1740998350 54686 0
1740998352 54782 0
1740998354 54349 0
1740998356 54425 0
1740998358 53933 0
1740998360 54354 0
1740998362 53826 0
1740998364 53844 0
1740998366 54313 0
1740998368 53840 0
1740998370 54185 0
1740998372 53752 0
1740998374 53838 0
1740998376 53965 0
1740998378 53740 0
1740998380 55538 0
1740998382 56577 0
1740998384 54056 0
1740998386 54166 0
1740998388 53859 0
1740998390 53894 0
1740998392 54191 0
1740998394 54379 0
1740998396 54269 0
1740998398 54140 0
1740998400 54170 0
1740998402 54130 0
1740998404 54009 0
1740998406 54069 0
1740998408 53785 0
1740998410 54080 0
1740998412 53698 0
1740998414 53806 0
1740998416 53921 0
1740998418 54047 0
1740998420 54330 0
1740998422 54014 0
1740998424 54053 0
1740998426 54340 0
1740998428 53970 0
1740998430 53990 0
1740998432 54987 0
1740998434 54243 0
1740998436 54287 0
1740998438 54211 0
1740998440 53771 0
1740998442 53797 0
1740998444 55075 0
1740998446 54973 0
1740998448 54074 0
1740998450 53972 0
1740998452 53879 0
1740998454 54245 0
1740998456 54449 0
1740998458 54026 0
1740998460 53382 0
1740998462 54004 0
1740998464 54179 0
1740998466 53892 0
1740998468 54513 0
1740998470 54194 0
1740998472 54213 0
1740998474 54151 0
1740998476 54360 0
1740998478 53612 0
1740998480 54192 0
1740998482 53790 0
1740998484 54413 0
1740998486 53645 0
1740998488 54518 0
1740998490 53748 0
1740998492 53996 0
1740998494 53682 0
1740998496 54065 0
1740998498 54733 0
1740998500 54742 0
1740998502 54401 0
1740998504 54162 0
1740998506 54524 0
1740998508 54093 0
1740998510 53980 0
1740998512 53454 0
1740998514 54192 0
1740998516 53871 0
1740998518 54259 0
1740998520 54202 0
1740998522 54274 0
1740998524 55075 0
1740998526 54020 0
1740998528 54186 0
1740998530 53842 0
1740998532 54295 0
1740998534 54018 0
1740998536 54472 0
1740998538 53588 0
1740998540 55086 0
1740998542 53992 0
1740998544 53829 0
1740998546 53908 0
1740998548 54159 0
1740998550 53603 0
1740998552 53840 0
1740998554 54057 0
1740998556 53670 0
1740998558 53970 0
1740998560 53908 0
1740998562 54023 0
1740998564 54130 0
1740998566 54039 0
1740998568 53586 0
1740998570 55390 0
1740998572 54060 0
1740998574 53669 0
1740998576 54248 0
1740998578 53867 0
1740998580 53988 0
1740998582 55157 0
1740998585 53712 0
1740998587 53868 0
1740998589 53787 0
1740998591 54029 0
1740998593 55048 0
1740998595 54322 0
1740998597 54110 0
1740998599 54261 0
1740998601 53658 0
1740998603 54211 0
1740998605 53761 0
1740998607 54009 0
1740998609 54551 0
1740998611 54038 0
1740998613 53963 0
1740998615 53799 0
1740998617 54021 0
1740998619 53693 0
1740998621 53840 0
1740998623 53646 0
1740998625 53665 0
1740998627 53721 0
1740998629 53694 0
1740998631 53616 0
1740998633 54156 0
1740998635 54212 0
1740998637 54137 0
1740998639 54202 0
1740998641 53733 0
1740998643 54574 0
1740998645 54302 0
1740998647 54330 0
1740998649 54341 0
1740998651 53982 0
1740998653 54183 0
1740998655 53537 0
1740998657 54053 0
1740998659 53858 0
1740998661 54411 0
1740998663 53809 0
1740998665 54658 0
1740998667 53990 0
1740998669 54191 0
1740998671 54236 0
1740998673 54244 0
1740998675 54134 0
1740998677 53444 0
1740998679 54112 0
1740998681 53747 0
1740998683 54157 0
1740998685 54071 0
1740998687 53943 0
1740998689 53774 0
1740998691 53889 0
1740998693 53608 0
1740998695 53836 0
1740998697 53893 0
1740998699 53762 0
1740998701 53864 0
1740998703 54168 0
1740998705 54046 0
1740998707 54023 0
1740998709 53463 0
1740998711 53626 0
1740998713 53712 0
1740998715 53492 0
1740998717 53114 0
1740998719 53819 0
1740998721 53761 0
1740998723 53496 0
1740998725 53839 0
1740998727 53434 0
1740998729 53721 0
1740998731 53649 0
1740998733 53772 0
1740998735 53817 0
1740998737 53510 0
1740998739 53620 0
1740998741 53834 0
1740998743 53559 0
1740998745 53815 0
1740998747 53468 0
1740998749 53748 0
1740998751 53692 0
1740998753 53234 0
1740998755 53573 0
1740998757 53137 0
1740998759 53703 0
1740998761 53913 0
1740998763 53455 0
1740998765 53583 0
1740998767 53401 0
1740998769 53335 0
1740998771 53866 0
1740998773 53617 0
1740998775 53666 0
1740998777 53625 0
1740998779 53860 0
1740998781 53492 0
1740998783 53548 0
1740998785 53684 0
1740998787 53508 0
1740998789 53541 0
1740998791 53549 0
1740998793 53397 0
1740998795 54018 0
1740998797 53208 0
1740998799 53643 0
1740998801 53620 0
1740998803 53682 0
1740998805 53623 0
1740998807 53645 0
1740998809 53419 0
1740998811 53497 0
1740998813 53435 0
1740998815 53822 0
1740998817 54013 0
1740998819 54889 0
1740998821 53994 0
1740998823 53362 0
1740998825 53781 0
1740998827 53791 0
1740998829 53684 0
1740998831 53903 0
1740998833 53832 0
1740998835 54153 0
1740998837 53962 0
1740998839 53641 0
1740998841 53851 0
1740998843 54330 0
1740998845 54300 0
1740998847 53715 0
1740998849 54096 0
1740998851 53781 0
1740998853 53633 0
1740998855 53848 0
1740998857 53685 0
1740998859 53487 0
1740998861 53558 0
1740998864 54003 0
1740998866 53568 0
1740998868 53621 0
1740998870 53503 0
1740998872 54133 0
1740998874 53882 0
1740998876 53679 0
1740998878 53757 0
1740998880 53822 0
1740998882 54083 0
1740998884 54205 0
1740998886 53594 0
1740998888 54159 0
1740998890 53829 0
1740998892 53903 0
1740998894 54083 0
1740998896 54437 0
1740998898 54460 0
1740998900 53741 0
1740998902 54026 0
1740998904 53510 0
1740998906 53919 0
1740998908 54635 0
1740998910 54321 0
1740998912 54461 0
1740998914 54374 0
1740998916 54225 0
1740998918 54050 0
1740998920 54236 0
1740998922 54938 0
1740998924 54121 0
1740998926 54184 0
1740998928 53717 0
1740998930 53738 0
1740998932 54440 0
1740998934 53882 0
1740998936 54277 0
1740998938 54082 0
1740998940 54945 0
1740998942 53930 0
1740998944 54081 0
1740998946 53871 0
1740998948 53989 0
1740998950 54865 0
1740998952 55132 0
1740998954 54250 0
1740998956 54046 0
1740998958 53565 0
1740998960 53888 0
1740998962 53635 0
1740998964 55558 0
1740998966 53672 0
1740998968 53890 0
1740998970 53366 0
1740998972 53518 0
1740998974 54648 0
1740998976 54075 0
1740998978 53604 0
1740998980 53725 0
1740998982 53398 0
1740998984 54106 0
1740998986 53672 0
1740998988 54495 0
1740998990 53667 0
1740998992 53340 0
1740998994 53603 0
1740998996 53590 0
1740998998 54026 0
1740999000 53726 0
1740999002 54035 0
1740999004 53986 0
1740999006 53841 0
1740999008 53510 0
1740999010 53474 0
1740999012 53882 0
1740999014 53692 0
1740999016 53461 0
1740999018 53639 0
1740999020 53476 0
1740999022 53282 0
1740999024 53682 0
1740999026 53252 0
1740999028 53372 0
1740999030 53684 0
1740999032 53144 0
1740999034 54149 0
1740999036 53837 0
1740999038 53996 0
1740999040 53810 0
1740999042 53618 0
1740999044 53851 0
1740999046 54000 0
1740999048 53477 0
1740999050 53544 0
1740999052 53589 0
1740999054 53858 0
1740999056 53606 0
1740999058 54438 0
1740999060 55246 0
1740999062 53901 0
1740999064 53547 0
1740999066 53356 0
1740999068 53475 0
1740999070 53445 0
1740999072 53594 0
1740999074 53315 0
1740999076 53509 0
1740999078 53366 0
1740999080 53464 0
1740999082 53485 0
1740999084 53132 0
1740999086 53258 0
1740999088 54944 0
1740999090 53776 0
1740999092 53781 0
1740999094 53236 0
1740999096 53233 0
1740999098 53560 0
1740999100 54668 0
1740999102 53651 0
1740999104 53577 0
1740999106 53631 0
1740999108 53717 0
1740999110 53702 0
1740999112 52964 0
1740999114 53019 0
1740999116 53567 0
1740999118 53222 0
1740999120 53332 0
1740999122 54207 0
1740999124 53591 0
1740999126 53711 0
1740999128 53587 0
1740999130 53369 0
1740999132 53505 0
1740999135 53258 0
1740999137 53543 0
1740999139 53698 0
1740999141 53765 0
1740999143 53996 0
1740999145 53991 0
1740999147 53082 0
1740999149 53241 0
1740999151 53318 0
1740999153 53238 0
1740999155 53683 0
1740999157 54104 0
1740999159 53027 0
1740999161 53248 0
1740999163 53798 0
1740999165 53256 0
1740999167 54604 0
1740999169 54288 0
1740999171 53554 0
1740999173 53360 0
1740999175 53525 0
1740999177 53621 0
1740999179 53531 0
1740999181 53888 0
1740999183 52998 0
1740999185 53142 0
1740999187 53487 0
1740999189 52927 0
1740999191 53406 0
1740999193 54380 0
1740999195 53550 0
1740999197 53465 0
1740999199 53238 0
1740999201 53147 0
1740999203 53122 0
1740999205 53173 0
1740999207 54055 0
1740999209 53262 0
1740999211 53131 0
1740999213 53466 0
1740999215 53316 0
1740999217 54554 0
1740999219 53701 0
1740999221 53701 0
1740999223 53345 0
1740999225 52949 0
1740999227 53755 0
1740999229 53296 0
1740999231 53146 0
1740999233 53224 0
1740999235 53422 0
1740999237 53283 0
1740999239 54468 0
1740999241 53408 0
1740999243 53205 0
1740999245 53264 0
1740999247 52932 0
1740999249 53268 0
1740999251 53434 0
1740999253 53541 0
1740999255 53102 0
1740999257 53101 0
1740999259 53228 0
1740999261 53397 0
1740999263 53325 0
1740999265 53473 0
1740999267 53649 0
1740999269 53447 0
1740999271 53017 0
1740999273 53592 0
1740999275 53106 0
1740999277 53027 0
1740999279 53065 0
1740999281 53264 0
1740999283 53133 0
1740999285 54693 0
1740999287 53336 0
1740999289 52818 0
1740999291 53107 0
1740999293 52908 0
1740999295 52881 0
1740999297 53004 0
1740999299 53336 0
1740999301 52992 0
1740999303 53079 0
1740999305 53000 0
1740999307 53033 0
1740999309 52863 0
1740999311 53146 0
1740999313 53048 0
1740999315 53497 0
1740999317 53435 0
1740999319 53172 0
1740999321 53112 0
1740999323 53365 0
1740999325 53199 0
1740999327 52971 0
1740999329 53274 0
1740999331 53566 0
1740999333 53464 0
1740999335 53291 0
1740999337 53131 0
1740999339 52867 0
1740999341 53351 0
1740999343 53277 0
1740999345 53315 0
1740999347 52879 0
1740999349 53340 0
1740999351 53195 0
1740999353 53189 0
1740999355 53116 0
1740999357 53380 0
1740999359 53120 0
1740999361 53118 0
1740999363 53011 0
1740999365 53402 0
1740999367 53042 0
1740999369 53367 0
1740999371 52575 0
1740999373 52861 0
1740999375 53151 0
1740999377 53781 0
1740999379 53026 0
1740999381 53188 0
1740999383 53234 0
1740999385 53354 0
1740999387 53339 0
1740999389 53549 0
1740999391 53570 0
1740999393 53458 0
1740999395 53465 0
1740999397 53328 0
1740999399 53638 0
1740999401 53223 0
1740999403 52908 0
1740999405 52943 0
1740999408 53208 0
1740999410 53254 0
1740999412 53083 0
1740999414 52817 0
1740999416 53165 0
1740999418 53514 0
1740999420 53074 0
1740999422 53009 0
1740999424 53067 0
1740999426 53994 0
1740999428 53878 0
1740999430 53435 0
1740999432 54460 0
1740999434 54123 0
1740999436 53499 0
1740999438 53946 0
1740999440 52868 0
1740999442 52880 0
1740999444 53185 0
1740999446 53259 0
1740999448 53455 0
1740999450 52929 0
1740999452 53380 0
1740999454 53307 0
1740999456 53097 0
1740999458 53105 0
1740999460 53457 0
1740999462 53121 0
1740999464 52922 0
1740999466 52836 0
1740999468 52584 0
1740999470 53018 0
1740999472 52864 0
1740999474 52965 0
1740999476 52842 0
1740999478 52531 0
1740999480 53499 0
1740999482 53430 0
1740999484 53580 0
1740999486 52454 0
1740999488 53091 0
1740999490 53180 0
1740999492 52981 0
1740999494 53162 0
1740999496 52894 0
1740999498 53456 0
1740999500 52905 0
1740999502 52972 0
1740999504 53124 0
1740999506 53082 0
1740999508 53180 0
1740999510 53195 0
1740999512 53352 0
1740999514 53214 0
1740999516 53039 0
1740999518 52954 0
1740999520 53285 0
1740999522 53132 0
1740999524 53046 0
1740999526 52823 0
1740999528 52982 0
1740999530 52617 0
1740999532 52915 0
1740999534 53179 0
1740999536 52856 0
1740999538 53191 0
1740999540 54543 0
1740999542 52786 0
1740999544 53113 0
1740999546 52840 0
1740999548 53327 0
1740999550 53002 0
1740999552 53073 0
1740999554 52939 0
1740999556 53104 0
1740999558 53280 0
1740999560 53008 0
1740999562 53220 0
1740999564 52770 0
1740999566 53139 0
1740999568 52776 0
1740999570 52745 0
1740999572 52886 0
1740999574 52771 0
1740999576 52599 0
1740999578 53014 0
1740999580 52934 0
1740999582 52667 0
1740999584 52755 0
1740999586 53029 0
1740999588 53123 0
1740999590 53085 0
1740999592 52978 0
1740999594 52999 0
1740999596 52832 0
1740999598 53215 0
1740999600 52992 0
1740999602 53442 0
1740999604 53361 0
1740999606 52939 0
1740999608 53216 0
1740999610 52921 0
1740999612 53690 0
1740999614 53405 0
1740999616 52817 0
1740999618 52797 0
1740999620 53076 0
1740999622 53115 0
1740999624 53322 0
1740999626 52799 0
1740999628 53398 0
1740999630 53115 0
1740999632 52559 0
1740999634 52820 0
1740999636 53287 0
1740999638 53608 0
1740999640 52833 0
1740999642 53623 0
1740999644 52668 0
1740999646 53033 0
1740999648 53197 0
1740999650 54026 0
1740999652 53011 0
1740999654 53111 0
1740999656 53501 0
1740999658 53117 0
1740999660 53324 0
1740999662 52794 0
1740999664 53351 0
1740999666 52983 0
1740999668 53080 0
1740999670 53238 0
1740999672 53160 0
1740999674 53142 0
1740999677 53299 0
1740999679 53177 0
1740999681 52699 0
1740999683 52911 0
1740999685 52963 0
1740999687 53104 0
1740999689 52683 0
1740999691 53111 0
1740999693 53320 0
1740999695 53263 0
1740999697 53248 0
1740999699 53011 0
1740999701 53341 0
1740999703 53071 0
1740999705 52823 0
1740999707 53175 0
1740999709 52869 0
1740999711 53229 0
1740999713 53008 0
1740999715 53179 0
1740999717 53264 0
1740999719 53136 0
1740999721 52885 0
1740999723 52923 0
1740999725 53063 0
1740999727 52967 0
1740999729 52946 0
1740999731 53013 0
1740999733 53337 0
1740999735 53168 0
1740999737 53274 0
1740999739 52963 0
1740999741 53038 0
1740999743 53408 0
1740999745 53532 0
1740999747 53128 0
1740999749 53230 0
1740999751 53294 0
1740999753 53040 0
1740999755 53236 0
1740999757 53293 0
1740999759 52939 0
1740999761 53318 0
1740999763 53201 0
1740999765 53212 0
1740999767 53088 0
1740999769 53205 0
1740999771 52848 0
1740999773 53115 0
1740999775 53380 0
1740999777 52870 0
1740999779 52934 0
1740999781 52825 0
1740999783 52428 0
1740999785 52752 0
1740999787 53294 0
1740999789 52940 0
1740999791 53038 0
1740999793 53035 0
1740999795 52738 0
1740999797 52825 0
1740999799 53280 0
1740999801 52901 0
1740999803 52914 0
1740999805 52989 0
1740999807 53037 0
1740999809 52720 0
1740999811 53110 0
1740999813 53130 0
1740999815 53034 0
1740999817 54075 0
1740999819 53132 0
1740999821 53290 0
1740999823 52784 0
1740999825 53215 0
1740999827 53044 0
1740999829 52818 0
1740999831 53285 0
1740999833 52653 0
1740999835 53277 0
1740999837 53132 0
1740999839 53231 0
1740999841 53306 0
1740999843 52719 0
1740999845 52820 0
1740999847 52818 0
1740999849 53289 0
1740999851 52647 0
1740999853 52911 0
1740999855 52659 0
1740999857 52801 0
1740999859 52474 0
1740999861 52850 0
1740999863 53353 0
1740999865 52777 0
1740999867 52833 0
1740999869 52952 0
1740999871 53579 0
1740999873 53656 0
1740999875 52805 0
1740999877 52779 0
1740999879 52599 0
1740999881 53277 0
1740999883 52981 0
1740999885 53318 0
1740999887 52813 0
1740999889 53167 0
1740999891 53155 0
1740999893 52910 0
1740999895 52900 0
1740999897 53049 0
1740999899 53408 0
1740999901 53235 0
1740999903 53111 0
1740999905 53125 0
1740999907 53003 0
1740999909 53020 0
1740999911 52941 0
1740999913 52801 0
1740999915 52575 0
1740999917 52492 0
1740999919 53063 0
1740999921 52979 0
1740999923 52475 0
1740999925 52558 0
1740999927 53187 0
1740999929 53022 0
1740999931 53046 0
1740999933 52855 0
1740999935 52808 0
1740999937 52943 0
1740999939 52746 0
1740999941 52841 0
1740999943 52601 0
1740999945 52683 0
1740999947 52522 0
1740999950 52984 0
1740999952 53117 0
1740999954 53170 0
1740999956 53031 0
1740999958 52810 0
1740999960 53104 0
1740999962 52713 0
1740999964 53041 0
1740999966 53092 0
1740999968 53036 0
1740999970 52800 0
1740999972 53002 0
1740999974 53065 0
1740999976 53055 0
1740999978 53038 0
1740999980 52953 0
1740999982 52572 0
1740999984 52842 0
1740999986 52855 0
1740999988 52887 0
1740999990 53280 0
1740999992 52809 0
1740999994 52571 0
1740999996 53010 0
1740999998 52940 0
1741000000 52860 0
1741000002 52616 0
1741000004 53025 0
1741000006 52520 0
1741000008 52891 0
1741000010 53054 0
1741000012 53059 0
1741000014 52764 0
1741000016 53161 0
1741000018 53253 0
1741000020 53065 0
1741000022 52881 0
1741000024 52863 0
1741000026 53132 0
1741000028 52864 0
1741000030 52846 0
1741000032 52919 0
1741000034 53026 0
1741000036 52646 0
1741000038 52819 0
1741000040 52730 0
1741000042 52521 0
1741000044 52365 0
1741000046 52695 0
1741000048 52698 0
1741000050 52948 0
1741000052 52984 0
1741000054 52992 0
1741000056 52667 0
1741000058 52536 0
1741000060 52989 0
1741000062 53105 0
1741000064 53321 0
1741000066 52898 0
1741000068 52833 0
1741000070 53058 0
1741000072 52954 0
1741000074 53046 0
1741000076 52893 0
1741000078 52825 0
1741000080 52743 0
1741000082 52454 0
1741000084 52266 0
1741000086 52917 0
1741000088 52741 0
1741000090 52928 0
1741000092 52821 0
1741000094 52753 0
1741000096 52664 0
1741000098 53171 0
1741000100 53644 0
1741000102 53169 0
1741000104 52745 0
1741000106 52912 0
1741000108 53066 0
1741000110 52900 0
1741000112 53152 0
1741000114 52571 0
1741000116 52949 0
1741000118 52944 0
1741000120 52780 0
1741000122 52723 0
1741000124 52424 0
1741000126 53032 0
1741000128 52756 0
1741000130 53066 0
1741000132 52665 0
1741000134 52851 0
1741000136 53152 0
1741000138 52989 0
1741000140 53333 0
1741000142 53248 0
1741000144 52916 0
1741000146 53107 0
1741000148 52821 0
1741000150 53043 0
1741000152 52710 0
1741000154 52773 0
1741000156 52817 0
1741000158 52845 0
1741000160 52895 0
1741000162 52725 0
1741000164 52706 0
1741000166 53177 0
1741000168 52861 0
1741000170 52948 0
1741000172 52797 0
1741000174 52179 0
1741000176 52239 0
1741000178 53118 0
1741000180 52901 0
1741000182 52985 0
1741000184 52505 0
1741000186 52587 0
1741000188 52745 0
1741000190 52654 0
1741000192 52784 0
1741000194 52847 0
1741000196 53023 0
1741000198 52650 0
1741000200 52509 0
1741000202 52797 0
1741000204 53104 0
1741000206 53055 0
1741000208 53135 0
1741000210 52843 0
1741000212 52846 0
1741000215 52889 0
1741000217 52708 0
1741000219 52644 0
1741000221 52981 0
1741000223 52717 0
1741000225 52755 0
1741000227 52761 0
1741000229 53025 0
1741000231 52967 0
1741000233 52730 0
1741000235 52772 0
1741000237 52890 0
1741000239 53009 0
1741000241 52965 0
1741000243 52776 0
1741000245 52921 0
1741000247 52518 0
1741000249 52629 0
1741000251 52662 0
1741000253 52600 0
1741000255 52867 0
1741000257 52799 0
1741000259 53155 0
1741000261 52596 0
1741000263 52502 0
1741000265 53072 0
1741000267 52754 0
1741000269 53016 0
1741000271 52821 0
1741000273 52783 0
1741000275 52872 0
1741000277 52600 0
1741000279 52837 0
1741000281 52833 0
1741000283 52834 0
1741000285 52777 0
1741000287 53007 0
1741000289 52697 0
1741000291 52325 0
1741000293 52541 0
1741000295 52554 0
1741000297 53047 0
1741000299 52986 0
1741000301 52791 0
1741000303 52663 0
1741000305 52514 0
1741000307 52851 0
1741000309 53143 0
1741000311 52810 0
1741000313 52955 0
1741000315 52607 0
1741000317 52572 0
1741000319 52822 0
1741000321 53215 0
1741000323 53054 0
1741000325 53232 0
1741000327 52677 0
1741000329 52612 0
1741000331 52771 0
1741000333 52944 0
1741000335 53071 0
1741000337 52977 0
1741000339 53069 0
1741000341 52762 0
1741000343 52671 0
1741000345 52920 0
1741000347 52573 0
1741000349 52506 0
1741000351 52938 0
1741000353 52906 0
1741000355 52712 0
1741000357 52820 0
1741000359 53066 0
1741000361 52859 0
1741000363 52832 0
1741000365 52729 0
1741000367 52749 0
1741000369 52596 0
1741000371 53283 0
1741000373 53023 0
1741000375 52440 0
1741000377 52738 0
1741000379 52673 0
1741000381 52663 0
1741000383 52244 0
1741000385 52552 0
1741000387 52509 0
1741000389 52290 0
1741000391 52689 0
1741000393 52795 0
1741000395 52477 0
1741000397 52774 0
1741000399 52586 0
1741000401 52286 0
1741000403 52318 0
1741000405 52182 0
1741000407 52498 0
1741000409 52923 0
1741000411 52666 0
1741000413 52901 0
1741000415 52936 0
1741000417 53117 0
1741000419 53076 0
1741000421 52921 0
1741000423 52558 0
1741000425 52783 0
1741000427 52866 0
1741000429 52474 0
1741000431 52551 0
1741000433 52435 0
1741000435 53447 0
1741000437 52891 0
1741000439 53453 0
1741000441 52644 0
1741000443 52832 0
1741000445 52643 0
1741000447 53000 0
1741000449 52948 0
1741000451 52772 0
1741000453 52792 0
1741000455 52618 0
1741000457 52844 0
1741000459 53063 0
1741000461 54278 0
1741000463 54121 0
1741000465 53012 0
1741000467 53493 0
1741000469 52816 0
1741000471 52815 0
1741000473 52718 0
1741000475 52525 0
1741000477 53076 0
1741000479 52870 0
1741000481 53005 0
1741000483 52494 0
1741000485 52736 0
1741000487 52996 0
1741000489 52565 0
1741000491 52848 0
1741000494 52660 0
1741000496 52585 0
1741000498 52811 0
1741000500 52640 0
1741000502 52615 0
1741000504 53080 0
1741000506 52923 0
1741000508 53097 0
1741000510 53236 0
1741000512 53400 0
1741000514 53208 0
1741000516 52912 0
1741000518 52757 0
1741000520 52902 0
1741000522 52559 0
1741000524 52655 0
1741000526 52650 0
1741000528 52484 0
1741000530 52462 0
1741000532 52484 0
1741000534 52584 0
1741000536 52802 0
1741000538 52972 0
1741000540 52620 0
1741000542 52601 0
1741000544 52481 0
1741000546 52458 0
1741000548 52621 0
1741000550 52638 0
1741000552 52600 0
1741000554 52824 0
1741000556 52765 0
1741000558 52417 0
1741000560 52680 0
1741000562 52629 0
1741000564 52404 0
1741000566 52274 0
1741000568 52548 0
1741000570 52950 0
1741000572 52549 0
1741000574 53167 0
1741000576 53224 0
1741000578 52711 0
1741000580 52731 0
1741000582 52405 0
1741000584 52658 0
1741000586 52868 0
1741000588 52568 0
1741000590 52596 0
1741000592 53076 0
1741000594 52758 0
1741000596 52415 0
1741000598 52081 0
1741000600 52658 0
1741000602 52810 0
1741000604 52240 0
1741000606 52443 0
1741000608 52987 0
1741000610 52585 0
1741000612 52710 0
1741000614 52719 0
1741000616 52320 0
1741000618 52642 0
1741000620 52543 0
1741000622 52606 0
1741000624 53015 0
1741000626 52745 0
1741000628 52838 0
1741000630 52782 0
1741000632 52548 0
1741000634 52902 0
1741000636 52179 0
1741000638 52708 0
1741000640 52873 0
1741000642 53085 0
1741000644 52775 0
1741000646 52769 0
1741000648 52892 0
1741000650 52463 0
1741000652 52645 0
1741000654 52748 0
1741000656 52880 0
1741000658 52611 0
1741000660 52934 0
1741000662 53169 0
1741000664 52648 0
1741000666 53534 0
1741000668 53087 0
1741000670 53079 0
1741000672 53319 0
1741000674 52678 0
1741000676 52906 0
1741000678 53025 0
1741000680 52929 0
1741000682 52800 0
1741000684 52660 0
1741000686 52672 0
1741000688 52666 0
1741000690 52599 0
1741000692 52423 0
1741000694 52853 0
1741000696 53206 0
1741000698 52643 0
1741000700 52809 0
1741000702 52796 0
1741000704 52992 0
1741000706 53117 0
1741000708 53065 0
1741000710 53060 0
1741000712 52896 0
1741000714 52990 0
1741000716 52570 0
1741000718 52885 0
1741000720 52772 0
1741000722 53032 0
1741000724 52704 0
1741000726 53050 0
1741000728 52937 0
1741000730 52753 0
1741000732 52766 0
1741000734 53054 0
1741000736 52401 0
1741000738 52664 0
1741000740 53590 0
1741000742 52528 0
1741000744 52371 0
1741000746 52846 0
1741000748 52551 0
1741000750 52708 0
1741000752 52902 0
1741000754 52950 0
1741000756 52923 0
1741000758 52511 0
1741000760 52724 0
1741000762 52417 0
1741000764 53093 0
1741000766 52601 0
1741000769 52952 0
1741000771 52656 0
1741000773 52605 0
1741000775 52682 0
1741000777 52400 0
1741000779 52739 0
1741000781 52917 0
1741000783 52971 0
1741000785 52388 0
1741000787 52591 0
1741000789 52341 0
1741000791 52543 0
1741000793 52648 0
1741000795 52419 0
1741000797 52608 0
1741000799 52670 0
1741000801 52236 0
1741000803 52789 0
1741000805 52640 0
1741000807 52862 0
1741000809 52704 0
1741000811 52584 0
1741000813 52459 0
1741000815 52911 0
1741000817 52532 0
1741000819 53090 0
1741000821 52592 0
1741000823 52308 0
1741000825 52819 0
1741000827 52714 0
1741000829 53085 0
1741000831 52534 0
1741000833 52501 0
1741000835 52746 0
1741000837 52438 0
1741000839 52657 0
1741000841 52429 0
1741000843 52400 0
1741000845 53095 0
1741000847 52843 0
1741000849 52522 0
1741000851 52686 0
1741000853 52491 0
1741000855 53079 0
1741000857 52703 0
1741000859 52807 0
1741000861 53184 0
1741000863 52486 0
1741000865 53112 0
1741000867 52841 0
1741000869 52757 0
1741000871 52788 0
1741000873 53307 0
1741000875 52908 0
1741000877 53198 0
1741000879 52825 0
1741000881 53206 0
1741000883 52638 0
1741000885 52660 0
1741000887 52625 0
1741000889 52797 0
1741000891 52894 0
1741000893 52888 0
1741000895 52664 0
1741000897 52648 0
1741000899 52693 0
1741000901 53032 0
1741000903 53091 0
1741000905 52844 0
1741000907 52701 0
1741000909 52761 0
1741000911 52755 0
1741000913 52976 0
1741000915 52940 0
1741000917 53684 0
1741000919 52989 0
1741000921 52697 0
1741000923 53019 0
1741000925 52719 0
1741000927 52814 0
1741000929 52954 0
1741000931 52855 0
1741000933 52933 0
1741000935 52931 0
1741000937 52813 0
1741000939 52825 0
1741000941 53030 0
1741000943 52848 0
1741000945 52739 0
1741000947 52349 0
1741000949 52963 0
1741000951 52810 0
1741000953 52587 0
1741000955 52873 0
1741000957 53297 0
1741000959 53187 0
1741000961 52291 0
1741000963 52677 0
1741000965 52913 0
1741000967 52626 0
1741000969 52979 0
1741000971 51924 0
1741000973 52534 0
1741000975 52316 0
1741000977 52668 0
1741000979 52330 0
1741000981 52775 0
1741000983 52241 0
1741000985 52740 0
1741000987 52387 0
1741000989 52251 0
1741000991 52295 0
1741000993 52181 0
1741000995 52430 0
1741000997 52397 0
1741000999 53213 0
1741001001 52559 0
1741001003 52614 0
1741001005 52417 0
1741001007 52396 0
1741001009 52888 0
1741001011 52694 0
1741001013 52481 0
1741001015 52301 0
1741001017 52557 0
1741001019 52258 0
1741001021 52161 0
1741001023 52582 0
1741001025 52373 0
1741001027 52313 0
1741001029 52369 0
1741001031 52329 0
1741001033 52253 0
1741001035 52272 0
1741001037 52250 0
1741001039 52988 0
1741001041 52359 0
1741001043 52641 0
1741001045 52697 0
1741001048 53135 0
1741001050 52395 0
1741001052 52658 0
1741001054 52380 0
1741001056 52137 0
1741001058 52447 0
1741001060 52414 0
1741001062 52346 0
1741001064 52475 0
1741001066 52566 0
1741001068 52424 0
1741001070 52638 0
1741001072 52344 0
1741001074 52036 0
1741001076 52371 0
1741001078 52252 0
1741001080 52474 0
1741001082 51969 0
1741001084 52274 0
1741001086 52310 0
1741001088 52785 0
1741001090 52117 0
1741001092 52499 0
1741001094 52408 0
1741001096 51998 0
1741001098 52494 0
1741001100 52565 0
1741001102 52328 0
1741001104 52438 0
1741001106 52553 0
1741001108 52085 0
1741001110 52299 0
1741001112 52031 0
1741001114 52455 0
1741001116 52697 0
1741001118 52233 0
1741001120 52405 0
1741001122 52400 0
1741001124 53037 0
1741001126 52313 0
1741001128 52461 0
1741001130 52228 0
1741001132 52223 0
1741001134 52164 0
1741001136 52086 0
1741001138 52236 0
1741001140 52365 0
1741001142 52289 0
1741001144 52525 0
1741001146 52653 0
1741001148 52088 0
1741001150 52176 0
1741001152 52295 0
1741001154 52652 0
1741001156 52343 0
1741001158 52506 0
1741001160 52465 0
1741001162 52513 0
1741001164 52039 0
1741001166 52339 0
1741001168 52337 0
1741001170 52700 0
1741001172 52482 0
1741001174 52270 0
1741001176 52060 0
1741001178 51970 0
1741001180 52445 0
1741001182 52454 0
1741001184 52001 0
1741001186 52276 0
1741001188 52363 0
1741001190 52567 0
1741001192 52230 0
1741001194 52352 0
1741001196 52228 0
1741001198 52119 0
1741001200 52555 0
1741001202 52252 0
1741001204 52275 0
1741001206 52662 0
1741001208 52561 0
1741001210 52468 0
1741001212 52481 0
1741001214 52252 0
1741001216 52540 0
1741001218 52015 0
1741001220 52547 0
1741001222 52320 0
1741001224 52211 0
1741001226 52114 0
1741001228 52483 0
1741001230 52677 0
1741001232 52343 0
1741001234 52130 0
1741001236 52803 0
1741001238 52514 0
1741001240 52296 0
1741001242 52431 0
1741001244 52046 0
1741001246 52209 0
1741001248 52314 0
1741001250 52018 0
1741001252 51968 0
1741001254 52259 0
1741001256 52406 0
1741001258 52309 0
1741001260 52190 0
1741001262 52438 0
1741001264 52988 0
1741001266 52644 0
1741001268 52729 0
1741001270 52030 0
1741001272 52765 0
1741001274 52439 0
1741001276 52608 0
1741001278 52321 0
1741001280 52186 0
1741001282 52326 0
1741001284 52176 0
1741001286 52490 0
1741001288 52136 0
1741001290 52580 0
1741001292 52780 0
1741001294 52331 0
1741001296 52376 0
1741001298 52760 0
1741001300 52780 0
1741001302 52957 0
1741001304 52850 0
1741001306 52361 0
1741001308 52223 0
1741001310 52735 0
1741001312 52896 0
1741001314 52285 0
1741001316 52295 0
1741001318 52434 0
1741001320 52602 0
1741001322 52440 0
1741001324 52519 0
1741001326 52713 0
1741001329 53357 0
1741001331 52524 0
1741001333 52760 0
1741001335 53139 0
1741001337 52699 0
1741001339 52266 0
1741001341 54083 0
1741001343 52491 0
1741001345 52816 0
1741001347 52621 0
1741001349 52267 0
1741001351 52265 0
1741001353 51839 0
1741001355 53134 0
1741001357 52463 0
1741001359 52699 0
1741001361 53003 0
1741001363 52334 0
1741001365 52689 0
1741001367 52069 0
1741001369 51979 0
1741001371 52311 0
1741001373 52223 0
1741001375 52069 0
1741001377 52425 0
1741001379 52050 0
1741001381 52838 0
1741001383 52165 0
1741001385 53812 0
1741001387 53579 0
1741001389 53529 0
1741001391 54153 0
1741001393 53609 0
1741001395 53258 0
1741001397 52300 0
1741001399 52410 0
1741001401 52633 0
1741001403 52028 0
1741001405 52637 0
1741001407 52186 0
1741001409 52371 0
1741001411 52655 0
1741001413 53197 0
1741001415 55424 0
1741001417 52767 0
1741001419 52424 0
1741001421 53018 0
1741001423 52634 0
1741001425 52879 0
1741001427 52429 0
1741001429 53049 0
1741001431 52552 0
1741001433 52396 0
1741001435 52203 0
1741001437 52347 0
1741001439 52394 0
1741001441 52375 0
1741001443 52858 0
1741001445 53314 0
1741001447 53747 0
1741001449 52429 0
1741001451 53602 0
1741001453 52771 0
1741001455 53127 0
1741001457 53125 0
1741001459 52770 0
1741001461 52197 0
1741001463 52545 0
1741001465 52871 0
1741001467 52768 0
1741001469 52692 0
1741001471 52327 0
1741001473 52568 0
1741001475 52609 0
1741001477 53043 0
1741001479 52532 0
1741001481 52573 0
1741001483 52424 0
1741001485 52792 0
1741001487 52154 0
1741001489 52699 0
1741001491 52626 0
1741001493 52671 0
1741001495 52287 0
1741001497 52895 0
1741001499 52458 0
1741001501 52358 0
1741001503 52723 0
1741001505 52530 0
1741001507 52929 0
1741001509 52151 0
1741001511 52623 0
1741001513 52681 0
1741001515 53230 0
1741001517 51910 0
1741001519 52522 0
1741001521 52516 0
1741001523 52426 0
1741001525 52657 0
1741001527 52717 0
1741001529 52604 0
1741001531 52167 0
1741001533 52282 0
1741001535 52865 0
1741001537 53154 0
1741001539 52745 0
1741001541 53006 0
1741001543 52828 0
1741001545 52413 0
1741001547 53023 0
1741001549 52820 0
1741001551 52682 0
1741001553 52517 0
1741001555 52836 0
1741001557 52658 0
1741001559 52640 0
1741001561 52591 0
1741001563 52817 0
1741001565 52646 0
1741001567 53060 0
1741001569 54038 0
1741001571 53761 0
1741001573 53041 0
1741001575 52933 0
1741001577 52905 0
1741001579 53006 0
1741001581 52668 0
1741001583 52836 0
1741001585 52706 0
1741001587 52616 0
1741001589 52654 0
1741001591 52726 0
1741001593 52447 0
1741001595 53015 0
1741001597 52729 0
1741001599 53033 0
1741001601 52866 0
1741001603 53344 0
1741001605 52236 0
1741001608 52973 0
1741001610 53203 0
1741001612 52642 0
1741001614 52615 0
1741001616 52709 0
1741001618 52856 0
1741001620 52465 0
1741001622 52380 0
1741001624 52583 0
1741001626 52487 0
1741001628 53556 0
1741001630 53087 0
1741001632 52148 0
1741001634 53762 0
1741001636 53096 0
1741001638 52827 0
1741001640 54407 0
1741001642 52628 0
1741001644 52567 0
1741001646 52343 0
1741001648 52499 0
1741001650 52656 0
1741001652 52452 0
1741001654 52749 0
1741001656 52725 0
1741001658 52716 0
1741001660 53087 0
1741001662 52810 0
1741001664 52769 0
1741001666 52371 0
1741001668 53090 0
1741001670 52947 0
1741001672 52870 0
1741001674 52420 0
1741001676 52480 0
1741001678 52246 0
1741001680 52675 0
1741001682 52616 0
1741001684 52473 0
1741001686 52355 0
1741001688 52449 0
1741001690 53312 0
1741001692 52179 0
1741001694 52224 0
1741001696 52828 0
1741001698 54598 0
1741001700 53572 0
1741001702 52604 0
1741001704 52682 0
1741001706 52354 0
1741001708 52433 0
1741001710 52419 0
1741001712 52321 0
1741001714 53130 0
1741001716 52757 0
1741001718 52605 0
1741001720 53628 0
1741001722 52868 0
1741001724 52950 0
1741001726 52520 0
1741001728 53298 0
1741001730 52391 0
1741001732 52622 0
1741001734 52967 0
1741001736 52532 0
1741001738 52868 0
1741001740 52662 0
1741001742 52576 0
1741001744 52517 0
1741001746 52411 0
1741001748 52633 0
1741001750 53143 0
1741001752 52368 0
1741001754 53325 0
1741001756 52771 0
1741001758 53217 0
1741001760 52554 0
1741001762 52800 0
1741001764 52475 0
1741001766 52773 0
1741001768 52835 0
1741001770 53202 0
1741001772 52190 0
1741001774 52770 0
1741001776 52607 0
1741001778 52807 0
1741001780 54126 0
1741001782 53962 0
1741001784 54334 0
1741001786 54449 0
1741001788 53110 0
1741001790 53640 0
1741001792 52239 0
1741001794 52624 0
1741001796 52808 0
1741001798 52489 0
1741001800 52623 0
1741001802 52632 0
1741001804 52475 0
1741001806 52778 0
1741001808 52290 0
1741001810 53208 0
1741001812 52957 0
1741001814 52984 0
1741001816 53606 0
1741001818 52697 0
1741001820 52761 0
1741001822 52703 0
1741001824 52603 0
1741001826 52377 0
1741001828 52335 0
1741001830 52440 0
1741001832 52929 0
1741001834 52615 0
1741001836 52651 0
1741001838 52750 0
1741001840 53235 0
1741001842 52226 0
1741001844 52367 0
1741001846 53203 0
1741001848 52550 0
1741001850 53104 0
1741001852 52932 0
1741001854 52699 0
1741001856 52323 0
1741001858 52906 0
1741001860 52906 0
1741001862 52747 0
1741001864 52690 0
1741001866 52714 0
1741001868 52880 0
1741001870 52602 0
1741001872 52917 0
1741001874 53154 0
1741001876 52803 0
1741001878 52725 0
1741001880 52629 0
1741001882 53382 0
1741001884 52695 0
1741001886 52740 0
1741001888 52737 0
1741001891 52699 0
1741001893 52763 0
1741001895 52460 0
1741001897 52309 0
1741001899 53029 0
1741001901 53066 0
1741001903 52982 0
1741001905 52443 0
1741001907 53143 0
1741001909 53307 0
1741001911 53271 0
1741001913 52731 0
1741001915 52695 0
1741001917 52788 0
1741001919 52413 0
1741001921 53139 0
1741001923 52471 0
1741001925 52612 0
1741001927 52838 0
1741001929 52475 0
1741001931 52669 0
1741001933 53781 0
1741001935 52882 0
1741001937 53187 0
1741001939 52653 0
1741001941 54060 0
1741001943 52663 0
1741001945 52425 0
1741001947 52757 0
1741001949 52688 0
1741001951 52772 0
1741001953 52626 0
1741001955 52425 0
1741001957 52142 0
1741001959 52607 0
1741001961 52312 0
1741001963 52172 0
1741001965 52614 0
1741001967 52252 0
1741001969 53030 0
1741001971 52862 0
1741001973 53695 0
1741001975 52584 0
1741001977 52379 0
1741001979 52335 0
1741001981 52720 0
1741001983 52614 0
1741001985 53035 0
1741001987 52553 0
1741001989 52799 0
1741001991 52729 0
1741001993 53760 0
1741001995 53496 0
1741001997 53549 0
1741001999 52564 0
1741002001 52858 0
1741002003 52623 0
1741002005 52818 0
1741002007 52468 0
1741002009 52746 0
1741002011 52731 0
1741002013 52654 0
1741002015 52542 0
1741002017 53054 0
1741002019 52995 0
1741002021 53008 0
1741002023 53369 0
1741002025 53224 0
1741002027 52896 0
1741002029 53540 0
1741002031 53067 0
1741002033 54476 0
1741002035 52624 0
1741002037 52561 0
1741002039 52757 0
1741002041 52706 0
1741002043 52520 0
1741002045 52360 0
1741002047 52716 0
1741002049 52712 0
1741002051 52590 0
1741002053 53094 0
1741002055 52630 0
1741002057 52832 0
1741002059 53045 0
1741002061 52659 0
1741002063 53366 0
1741002065 52436 0
1741002067 52628 0
1741002069 52752 0
1741002071 52838 0
1741002073 52705 0
1741002075 52777 0
1741002077 52881 0
1741002079 52869 0
1741002081 53109 0
1741002083 52976 0
1741002085 53035 0
1741002087 52583 0
1741002089 53189 0
1741002091 52454 0
1741002093 53123 0
1741002095 53271 0
1741002097 52443 0
1741002099 52748 0
1741002101 52570 0
1741002103 53038 0
1741002105 52369 0
1741002107 52844 0
1741002109 52675 0
1741002111 52432 0
1741002113 52838 0
1741002115 52708 0
1741002117 52553 0
1741002119 53225 0
1741002121 53649 0
1741002123 51795 0
1741002125 53375 0
1741002127 52744 0
1741002129 52571 0
1741002131 52871 0
1741002133 52991 0
1741002135 52707 0
1741002137 52915 0
1741002139 52575 0
1741002141 52866 0
1741002143 53243 0
1741002145 54087 0
1741002147 52523 0
1741002149 53414 0
1741002151 52701 0
1741002153 52931 0
1741002155 52866 0
1741002157 52949 0
1741002159 53113 0
1741002161 52802 0
1741002163 52482 0
1741002166 52798 0
1741002168 52771 0
1741002170 52575 0
1741002172 52685 0
1741002174 52593 0
1741002176 53114 0
1741002178 53168 0
1741002180 52939 0
1741002182 52270 0
1741002184 52527 0
1741002186 52853 0
1741002188 52643 0
1741002190 52566 0
1741002192 53184 0
1741002194 52832 0
1741002196 52865 0
1741002198 52678 0
1741002200 53072 0
1741002202 52943 0
1741002204 52558 0
1741002206 53326 0
1741002208 53409 0
1741002210 52396 0
1741002212 53138 0
1741002214 52708 0
1741002216 52942 0
1741002218 53018 0
1741002220 52758 0
1741002222 54020 0
1741002224 54036 0
1741002226 53207 0
1741002228 53066 0
1741002230 53736 0
1741002232 53433 0
1741002234 53294 0
1741002236 53207 0
1741002238 53045 0
1741002240 53245 0
1741002242 53531 0
1741002244 52966 0
1741002246 53658 0
1741002248 53047 0
1741002250 53098 0
1741002252 53235 0
1741002254 53240 0
1741002256 52876 0
1741002258 53546 0
1741002260 53246 0
1741002262 53199 0
1741002264 53606 0
1741002266 55043 0
1741002268 54562 0
1741002270 55097 0
1741002272 54875 0
1741002274 53047 0
1741002276 53781 0
1741002278 52917 0
1741002280 53410 0
1741002282 53052 0
1741002284 53330 0
1741002286 53322 0
1741002288 53206 0
1741002290 52917 0
1741002292 53236 0
1741002294 53175 0
1741002296 53299 0
1741002298 53975 0
1741002300 53307 0
1741002302 53788 0
1741002304 53212 0
1741002306 54567 0
1741002308 53839 0
1741002310 53725 0
1741002312 53296 0
1741002314 53654 0
1741002316 53473 0
1741002318 54292 0
1741002320 53532 0
1741002322 53470 0
1741002324 54048 0
1741002326 53565 0
1741002328 53191 0
1741002330 53330 0
1741002332 53829 0
1741002334 53431 0
1741002336 53727 0
1741002338 53505 0
1741002340 53958 0
1741002342 53766 0
1741002344 53373 0
1741002346 53872 0
1741002348 53554 0
1741002350 53928 0
1741002352 53258 0
1741002354 53429 0
1741002356 53935 0
1741002358 53989 0
1741002360 53213 0
1741002362 53901 0
1741002364 53544 0
1741002366 54671 0
1741002368 53702 0
1741002370 53769 0
1741002372 53810 0
1741002374 53579 0
1741002376 53543 0
1741002378 54259 0
1741002380 53812 0
1741002382 53835 0
1741002384 53728 0
1741002386 54168 0
1741002388 54502 0
1741002390 55138 0
1741002392 54675 0
1741002394 53688 0
1741002396 54687 0
1741002398 54055 0
1741002400 53801 0
1741002402 53592 0
1741002404 53757 0
1741002406 53873 0
1741002408 53975 0
1741002410 54017 0
1741002412 53995 0
1741002414 53800 0
1741002416 54685 0
1741002418 55150 0
1741002420 55784 0
1741002422 55237 0
1741002424 54015 0
1741002426 54467 0
1741002428 53925 0
1741002430 54481 0
1741002432 54089 0
1741002434 54176 0
1741002436 54607 0
1741002438 54575 0
1741002440 54635 0
1741002442 53902 0
1741002444 54270 0
1741002447 54877 0
1741002449 54954 0
1741002451 54374 0
1741002453 55477 0
1741002455 54713 0
1741002457 55062 0
1741002459 54754 0
1741002461 54800 0
1741002463 55002 0
1741002465 53684 0
1741002467 54048 0
1741002469 53639 0
1741002471 54152 0
1741002473 54362 0
1741002475 54490 0
1741002477 54878 0
1741002479 55217 0
1741002481 55155 0
1741002483 54987 0
1741002485 56123 0
1741002487 54979 0
1741002489 55231 0
1741002491 54740 0
1741002493 54565 0
1741002495 54493 0
1741002497 55630 0
1741002499 54685 0
1741002501 54615 0
1741002503 54805 0
1741002505 55113 0
1741002507 55778 0
1741002509 56010 0
1741002511 55606 0
1741002513 55113 0
1741002515 55617 0
1741002517 55742 0
1741002519 55607 0
1741002521 55609 0
1741002523 55461 0
1741002525 54159 0
1741002527 54530 0
1741002529 54500 0
1741002531 54882 0
1741002533 54874 0
1741002535 56696 0
1741002537 55971 0
1741002539 55357 0
1741002541 55906 0
1741002543 56305 0
1741002545 56193 0
1741002547 57478 0
1741002549 56340 0
1741002551 55836 0
1741002553 56046 0
1741002555 55549 0
1741002557 54924 0
1741002559 53405 0
1741002561 53232 0
1741002563 55226 0
1741002565 54736 0
1741002567 55746 0
1741002569 55396 0
1741002571 54939 0
1741002573 54690 0
1741002575 55003 0
1741002577 54641 0
1741002579 54668 0
1741002581 55143 0
1741002583 54192 0
1741002585 54059 0
1741002587 54766 0
1741002589 54490 0
1741002591 54747 0
1741002593 54434 0
1741002595 55460 0
1741002597 55737 0
1741002599 56710 0
1741002601 56561 0
1741002603 56098 0
1741002605 55511 0
1741002607 54914 0
1741002609 54733 0
1741002611 54796 0
1741002613 55685 0
1741002615 56569 0
1741002617 56784 0
1741002619 56213 0
1741002621 55657 0
1741002623 55386 0
1741002625 55542 0
1741002627 56371 0
1741002629 57302 0
1741002631 58118 0
1741002633 57843 0
1741002635 57947 0
1741002637 56351 0
1741002639 56550 0
1741002641 56131 0
1741002643 55535 0
1741002645 54538 0
1741002647 54741 0
1741002649 54505 0
1741002651 54555 0
1741002653 55052 0
1741002655 55216 0
1741002657 56531 0
1741002659 56930 0
1741002661 56720 0
1741002663 55831 0
1741002665 55225 0
1741002667 54513 0
1741002669 54297 0
1741002671 54112 0
1741002673 54414 0
1741002675 55061 0
1741002677 54887 0
1741002679 54972 0
1741002681 54387 0
1741002683 54586 0
1741002685 54651 0
1741002687 54777 0
1741002689 54180 0
1741002691 53840 0
1741002693 54318 0
1741002695 54022 0
1741002697 55908 0
1741002699 56530 0
1741002701 55286 0
1741002703 55241 0
1741002705 55823 0
1741002707 55594 0
1741002709 55779 0
1741002711 54284 0
1741002713 54224 0
1741002715 54345 0
1741002717 54313 0
1741002720 54185 0
1741002722 54269 0
1741002724 55191 0
1741002726 55596 0
1741002728 56372 0
1741002730 56178 0
1741002732 56548 0
1741002734 57374 0
1741002736 57969 0
1741002738 57073 0
1741002740 56475 0
1741002742 55759 0
1741002744 55264 0
1741002746 55175 0
1741002748 55865 0
1741002750 56575 0
1741002752 55514 0
1741002754 55016 0
1741002756 54415 0
1741002758 54826 0
1741002760 54224 0
1741002762 54435 0
1741002764 54347 0
1741002766 54490 0
1741002768 54110 0
1741002770 53853 0
1741002772 54539 0
1741002774 54912 0
1741002776 54691 0
1741002778 54705 0
1741002780 54972 0
1741002782 55414 0
1741002784 55919 0
1741002786 53872 0
1741002788 53786 0
1741002790 53652 0
1741002792 54370 0
1741002794 54755 0
1741002796 55103 0
1741002798 54884 0
1741002800 54046 0
1741002802 54441 0
1741002804 53636 0
1741002806 53817 0
1741002808 54385 0
1741002810 54672 0
1741002812 54361 0
1741002814 53884 0
1741002816 54188 0
1741002818 54175 0
1741002820 54355 0
1741002822 54294 0
1741002824 54287 0
1741002826 54560 0
1741002828 54952 0
1741002830 54884 0
1741002832 55561 0
1741002834 54564 0
1741002836 53872 0
1741002838 53795 0
1741002840 55625 0
1741002842 54136 0
1741002844 53713 0
1741002846 53698 0
1741002848 53696 0
1741002850 53910 0
1741002852 53354 0
1741002854 53112 0
1741002856 53309 0
1741002858 53362 0
1741002860 53344 0
1741002862 53074 0
1741002864 52768 0
1741002866 53669 0
1741002868 54419 0
1741002870 53547 0
1741002872 53750 0
1741002874 53541 0
1741002876 54104 0
1741002878 54114 0
1741002880 53440 0
1741002882 53753 0
1741002884 53058 0
1741002886 53213 0
1741002888 53158 0
1741002890 52893 0
1741002892 53023 0
1741002894 53463 0
1741002896 52969 0
1741002898 53098 0
1741002900 52791 0
1741002902 53007 0
1741002904 53560 0
1741002906 53436 0
1741002908 53472 0
1741002910 53485 0
1741002912 53698 0
1741002914 53251 0
1741002916 52776 0
1741002918 53280 0
1741002920 53207 0
1741002922 53421 0
1741002924 53168 0
1741002926 53137 0
1741002928 53125 0
1741002930 53077 0
1741002932 53671 0
1741002934 53483 0
1741002936 53145 0
1741002938 52628 0
1741002940 53220 0
1741002942 52798 0
1741002944 52787 0
1741002946 52811 0
1741002948 53117 0
1741002950 53024 0
1741002952 52872 0
1741002954 53205 0
1741002956 53103 0
1741002958 52675 0
1741002960 52993 0
1741002962 52654 0
1741002964 53060 0
1741002966 52762 0
1741002968 52794 0
1741002970 53366 0
1741002972 53024 0
1741002974 53050 0
1741002976 53101 0
1741002978 52647 0
1741002980 52892 0
1741002982 52469 0
1741002984 52870 0
1741002986 53337 0
1741002988 53126 0
1741002990 53304 0
1741002992 53215 0
1741002994 52537 0
1741002997 53225 0
1741002999 52795 0
1741003001 53052 0
1741003003 52776 0
1741003005 53238 0
1741003007 52992 0
1741003009 52830 0
1741003011 53071 0
1741003013 52581 0
1741003015 52687 0
1741003017 52782 0
1741003019 52857 0
1741003021 53012 0
1741003023 53010 0
1741003025 53322 0
1741003027 53251 0
1741003029 53018 0
1741003031 53249 0
1741003033 53217 0
1741003035 53332 0
1741003037 53244 0
1741003039 53268 0
1741003041 53004 0
1741003043 52937 0
1741003045 52752 0
1741003047 52856 0
1741003049 53359 0
1741003051 53062 0
1741003053 52603 0
1741003055 53302 0
1741003057 53235 0
1741003059 52888 0
1741003061 52793 0
1741003063 53303 0
1741003065 53166 0
1741003067 53036 0
1741003069 52589 0
1741003071 52754 0
1741003073 53016 0
1741003075 52961 0
1741003077 53254 0
1741003079 52983 0
1741003081 53229 0
1741003083 52775 0
1741003085 53517 0
1741003087 53193 0
1741003089 53301 0
1741003091 53088 0
1741003093 53373 0
1741003095 53126 0
1741003097 52804 0
1741003099 52987 0
1741003101 53163 0
1741003103 53070 0
1741003105 53419 0
1741003107 53165 0
1741003109 53702 0
1741003111 53387 0
1741003113 53354 0
1741003115 53972 0
1741003117 53634 0
1741003119 53555 0
1741003121 52860 0
1741003123 52961 0
1741003125 53064 0
1741003127 52888 0
1741003129 53210 0
1741003131 53095 0
1741003133 53275 0
1741003135 53569 0
1741003137 52960 0
1741003139 54994 0
1741003141 54169 0
1741003143 53378 0
1741003145 53218 0
1741003147 53082 0
1741003149 53222 0
1741003151 52829 0
1741003153 52981 0
1741003155 52974 0
1741003157 52706 0
1741003159 53032 0
1741003161 53106 0
1741003163 53064 0
1741003165 53439 0
1741003167 52824 0
1741003169 52864 0
1741003171 53116 0
1741003173 53032 0
1741003175 53171 0
1741003177 53143 0
1741003179 53328 0
1741003181 53275 0
1741003183 53381 0
1741003185 53014 0
1741003187 53459 0
1741003189 53361 0
1741003191 53425 0
1741003193 53426 0
1741003195 53522 0
1741003197 53026 0
1741003199 53246 0
1741003201 53261 0
1741003203 53080 0
1741003205 53377 0
1741003207 53071 0
1741003209 53355 0
1741003211 52980 0
1741003213 53160 0
1741003215 52823 0
1741003217 53132 0
1741003219 53269 0
1741003221 53229 0
1741003223 53182 0
1741003225 53250 0
1741003227 53319 0
1741003229 53465 0
1741003231 53113 0
1741003233 53683 0
1741003235 53077 0
1741003237 53734 0
1741003239 53649 0
1741003241 53088 0
1741003243 53082 0
1741003245 53154 0
1741003247 53592 0
1741003249 52795 0
1741003251 52835 0
1741003253 53414 0
1741003255 52913 0
1741003257 53009 0
1741003259 53184 0
1741003261 53735 0
1741003263 53360 0
1741003265 53367 0
1741003267 53813 0
1741003269 53368 0
1741003271 53338 0
1741003273 53154 0
1741003275 53195 0
1741003277 53311 0
1741003279 53460 0
1741003281 53315 0
1741003284 53213 0
1741003286 53536 0
1741003288 53360 0
1741003290 53461 0
1741003292 53669 0
1741003294 53000 0
1741003296 53035 0
1741003298 53118 0
1741003300 53152 0
1741003302 53439 0
1741003304 52710 0
1741003306 53001 0
1741003308 53163 0
1741003310 53690 0
1741003312 53184 0
1741003314 53008 0
1741003316 53160 0
1741003318 53142 0
1741003320 53037 0
1741003322 52801 0
1741003324 52968 0
1741003326 53124 0
1741003328 53227 0
1741003330 52888 0
1741003332 53301 0
1741003334 52890 0
1741003336 53395 0
1741003338 53481 0
1741003340 52788 0
1741003342 53060 0
1741003344 53032 0
1741003346 53472 0
1741003348 53351 0
1741003350 53454 0
1741003352 53244 0
1741003354 52884 0
1741003356 53251 0
1741003358 53486 0
1741003360 53337 0
1741003362 53196 0
1741003364 53099 0
1741003366 53264 0
1741003368 53229 0
1741003370 53505 0
1741003372 53070 0
1741003374 53306 0
1741003376 53463 0
1741003378 52954 0
1741003380 53130 0
1741003382 53197 0
1741003384 53542 0
1741003386 53593 0
1741003388 53319 0
1741003390 52965 0
1741003392 53054 0
1741003394 53070 0
1741003396 52967 0
1741003398 52948 0
1741003400 52834 0
1741003402 53184 0
1741003404 53009 0
1741003406 53051 0
1741003408 52902 0
1741003410 53207 0
1741003412 53026 0
1741003414 52865 0
1741003416 53415 0
1741003418 52810 0
1741003420 52965 0
1741003422 52884 0
1741003424 52882 0
1741003426 52998 0
1741003428 53347 0
1741003430 53296 0
1741003432 53929 0
1741003434 53557 0
1741003436 53214 0
1741003438 52967 0
1741003440 54298 0
1741003442 52813 0
1741003444 53033 0
1741003446 53030 0
1741003448 53197 0
1741003450 53287 0
1741003452 53090 0
1741003454 53510 0
1741003456 53071 0
1741003458 53031 0
1741003460 52662 0
1741003462 53092 0
1741003464 52620 0
1741003466 53025 0
1741003468 53185 0
1741003470 53867 0
1741003472 53441 0
1741003474 53724 0
1741003476 52896 0
1741003478 53952 0
1741003480 53245 0
1741003482 53265 0
1741003484 53414 0
1741003486 52973 0
1741003488 52826 0
1741003490 53631 0
1741003492 52865 0
1741003494 52990 0
1741003496 52751 0
1741003498 52983 0
1741003500 53014 0
1741003502 53002 0
1741003504 53490 0
1741003506 53183 0
1741003508 53348 0
1741003510 53046 0
1741003512 53015 0
1741003514 52988 0
1741003516 53418 0
1741003518 53157 0
1741003520 53058 0
1741003522 53511 0
1741003524 53189 0
1741003526 52442 0
1741003528 53219 0
1741003530 53343 0
1741003532 53109 0
1741003534 52992 0
1741003536 53141 0
1741003538 53237 0
1741003540 53116 0
1741003542 53099 0
1741003544 53077 0
1741003546 64350 0
1741003548 52609 0
1741003550 53063 0
1741003552 52762 0
1741003554 52603 0
1741003556 52425 0
1741003558 53032 0
1741003560 52659 0
1741003562 53090 0
1741003564 52890 0
1741003566 52706 0
1741003568 52533 0
1741003570 53061 0
1741003572 52375 0
1741003574 52698 0
1741003576 52652 0
1741003579 52949 0
1741003581 52497 0
1741003583 52907 0
1741003585 52939 0
1741003587 52565 0
1741003589 53125 0
1741003591 52689 0
1741003593 52938 0
1741003595 52922 0
1741003597 52867 0
1741003599 53018 0
1741003601 52457 0
1741003603 53135 0
1741003605 52521 0
1741003607 52798 0
1741003609 52770 0
1741003611 52702 0
1741003613 52748 0
1741003615 52527 0
1741003617 52513 0
1741003619 52876 0
1741003621 52687 0
1741003623 52785 0
1741003625 52538 0
1741003627 52838 0
1741003629 52653 0
1741003631 52624 0
1741003633 52800 0
1741003635 53060 0
1741003637 52961 0
1741003639 53015 0
1741003641 52473 0
1741003643 52764 0
1741003645 52752 0
1741003647 53146 0
1741003649 52940 0
1741003651 53136 0
1741003653 52739 0
1741003655 52972 0
1741003657 53087 0
1741003659 52865 0
1741003661 53160 0
1741003663 52936 0
1741003665 52864 0
1741003667 52918 0
1741003669 53036 0
1741003671 52993 0
1741003673 53102 0
1741003675 52915 0
1741003677 53171 0
1741003679 53219 0
1741003681 52770 0
1741003683 52868 0
1741003685 52614 0
1741003687 52582 0
1741003689 52855 0
1741003691 52703 0
1741003693 52826 0
1741003695 52938 0
1741003697 52929 0
1741003699 52758 0
1741003701 52791 0
1741003703 52728 0
1741003705 52823 0
1741003707 52585 0
1741003709 53090 0
1741003711 52932 0
1741003713 52686 0
1741003715 53080 0
1741003717 52752 0
1741003719 52738 0
1741003721 52766 0
1741003723 53070 0
1741003725 52925 0
1741003727 52830 0
1741003729 52633 0
1741003731 52722 0
1741003733 52706 0
1741003735 53253 0
1741003737 52704 0
1741003739 54481 0
1741003741 53173 0
1741003743 52868 0
1741003745 52885 0
1741003747 54939 0
1741003749 52584 0
1741003751 52802 0
1741003753 53169 0
1741003755 53482 0
1741003757 52784 0
1741003759 52809 0
1741003761 53126 0
1741003763 53167 0
1741003765 52536 0
1741003767 52809 0
1741003769 52545 0
1741003771 52805 0
1741003773 53060 0
1741003775 54891 0
1741003777 55297 0
1741003779 52882 0
1741003781 53089 0
1741003783 52917 0
1741003785 52889 0
1741003787 53378 0
1741003789 53231 0
1741003791 52861 0
1741003793 52939 0
1741003795 53105 0
1741003797 54103 0
1741003799 55223 0
1741003801 53083 0
1741003803 53690 0
1741003805 53483 0
1741003807 53399 0
1741003809 53258 0
1741003811 54563 0
1741003813 53234 0
1741003815 53617 0
1741003817 53557 0
1741003819 53300 0
1741003821 53363 0
1741003823 52861 0
1741003825 53225 0
1741003827 53046 0
1741003829 52860 0
1741003831 54648 0
1741003833 53959 0
1741003835 53744 0
1741003837 53775 0
1741003839 53562 0
1741003841 52726 0
1741003843 52865 0
1741003845 54106 0
1741003847 52942 0
1741003849 52971 0
1741003851 52908 0
1741003854 52955 0
1741003856 53044 0
1741003858 52767 0
1741003860 52868 0
1741003862 52614 0
1741003864 53281 0
1741003866 53218 0
1741003868 53382 0
1741003870 52933 0
1741003872 53024 0
1741003874 53451 0
1741003876 53012 0
1741003878 53631 0
1741003880 54440 0
1741003882 54090 0
1741003884 53777 0
1741003886 55237 0
1741003888 53003 0
1741003890 53376 0
1741003892 52931 0
1741003894 53004 0
1741003896 53217 0
1741003898 52991 0
1741003900 52913 0
1741003902 52953 0
1741003904 52928 0
1741003906 52940 0
1741003908 52875 0
1741003910 52879 0
1741003912 52952 0
1741003914 52770 0
1741003916 52720 0
1741003918 52626 0
1741003920 53115 0
1741003922 53037 0
1741003924 52796 0
1741003926 52992 0
1741003928 52973 0
1741003930 52821 0
1741003932 53147 0
1741003934 53033 0
1741003936 53166 0
1741003938 52606 0
1741003940 52967 0
1741003942 52839 0
1741003944 53360 0
1741003946 52733 0
1741003948 52899 0
1741003950 52438 0
1741003952 53315 0
1741003954 52974 0
1741003956 52933 0
1741003958 53074 0
1741003960 53069 0
1741003962 52794 0
1741003964 52978 0
1741003966 52580 0
1741003968 53077 0
1741003970 52956 0
1741003972 52609 0
1741003974 52707 0
1741003976 53030 0
1741003978 52715 0
1741003980 52663 0
1741003982 53088 0
1741003984 52829 0
1741003986 52554 0
1741003988 53049 0
1741003990 53165 0
1741003992 53622 0
1741003994 54847 0
1741003996 54948 0
1741003998 54681 0
1741004000 54795 0
1741004002 53534 0
1741004004 52911 0
1741004006 52874 0
1741004008 52946 0
1741004010 52559 0
1741004012 52285 0
1741004014 52805 0
1741004016 53171 0
1741004018 53996 0
1741004020 52816 0
1741004022 52538 0
1741004024 52885 0
1741004026 53197 0
1741004028 53268 0
1741004030 53508 0
1741004032 53004 0
1741004034 52980 0
1741004036 52556 0
1741004038 52747 0
1741004040 54908 0
1741004042 53500 0
1741004044 53105 0
1741004046 53306 0
1741004048 52868 0
1741004050 52804 0
1741004052 52859 0
1741004054 53020 0
1741004056 52840 0
1741004058 53197 0
1741004060 52751 0
1741004062 52566 0
1741004064 52569 0
1741004066 53322 0
1741004068 53035 0
1741004070 52934 0
1741004072 53021 0
1741004074 53456 0
1741004076 52882 0
1741004078 52726 0
1741004080 52937 0
1741004082 52985 0
1741004084 53073 0
1741004086 52652 0
1741004088 52994 0
1741004090 52729 0
1741004092 52864 0
1741004094 52948 0
1741004096 52914 0
1741004098 52784 0
1741004100 52615 0
1741004102 52908 0
1741004104 52891 0
1741004106 52588 0
1741004108 52522 0
1741004110 52651 0
1741004112 52521 0
1741004114 52746 0
1741004116 52375 0
1741004118 52537 0
1741004120 52575 0
1741004122 52386 0
1741004124 52267 0
1741004126 52522 0
1741004129 52975 0
1741004131 52683 0
1741004133 52801 0
1741004135 52348 0
1741004137 52700 0
1741004139 52676 0
1741004141 52721 0
1741004143 53045 0
1741004145 52829 0
1741004147 52860 0
1741004149 52317 0
1741004151 53124 0
1741004153 52736 0
1741004155 52890 0
1741004157 53133 0
1741004159 53259 0
1741004161 53075 0
1741004163 52458 0
1741004165 53113 0
1741004167 52599 0
1741004169 52820 0
1741004171 53123 0
1741004173 52857 0
1741004175 53050 0
1741004177 52579 0
1741004179 52575 0
1741004181 53258 0
1741004183 52986 0
1741004185 52963 0
1741004187 52744 0
1741004189 52797 0
1741004191 53421 0
1741004193 52832 0
1741004195 53055 0
1741004197 53031 0
1741004199 53344 0
1741004201 53071 0
1741004203 52941 0
1741004205 52986 0
1741004207 53277 0
1741004209 52898 0
1741004211 52517 0
1741004213 52907 0
1741004215 52787 0
1741004217 52479 0
1741004219 53063 0
1741004221 52971 0
1741004223 52970 0
1741004225 52891 0
1741004227 52712 0
1741004229 53044 0
1741004231 53088 0
1741004233 52404 0
1741004235 52538 0
1741004237 52816 0
1741004239 52701 0
1741004241 52868 0
1741004243 52279 0
1741004245 52849 0
1741004247 52733 0
1741004249 52483 0
1741004251 52934 0
1741004253 52291 0
1741004255 52344 0
1741004257 52898 0
1741004259 52484 0
1741004261 52771 0
1741004263 52580 0
1741004265 52932 0
1741004267 52661 0
1741004269 52107 0
1741004271 53252 0
1741004273 52808 0
1741004275 52422 0
1741004277 52970 0
1741004279 52781 0
1741004281 52693 0
1741004283 52879 0
1741004285 52855 0
1741004287 53230 0
1741004289 52946 0
1741004291 53048 0
1741004293 53191 0
1741004295 53200 0
1741004297 53094 0
1741004299 53536 0
1741004301 53514 0
1741004303 53127 0
1741004305 53127 0
1741004307 53159 0
1741004309 52491 0
1741004311 52956 0
1741004313 52586 0
1741004315 52871 0
1741004317 52814 0
1741004319 53201 0
1741004321 53435 0
1741004323 53237 0
1741004325 53164 0
1741004327 52842 0
1741004329 53240 0
1741004331 52909 0
1741004333 53210 0
1741004335 53732 0
1741004337 53578 0
1741004339 54306 0
1741004341 53741 0
1741004343 53222 0
1741004345 53577 0
1741004347 53976 0
1741004349 53762 0
1741004351 54223 0
1741004353 54142 0
1741004355 53147 0
1741004357 54090 0
1741004359 53292 0
1741004361 53617 0
1741004363 53424 0
1741004365 53573 0
1741004367 53419 0
1741004369 53394 0
1741004371 53504 0
1741004373 53754 0
1741004375 53425 0
1741004377 53494 0
1741004379 53571 0
1741004381 53383 0
1741004383 53093 0
1741004385 53796 0
1741004387 53629 0
1741004389 53436 0
1741004391 53722 0
1741004393 53725 0
1741004395 53443 0
1741004397 53567 0
1741004399 53609 0
1741004401 53612 0
1741004403 53564 0
1741004406 54291 0
1741004408 53408 0
1741004410 53753 0
1741004412 53642 0
1741004414 53792 0
1741004416 53638 0
1741004418 53680 0
1741004420 54243 0
1741004422 53780 0
1741004424 53821 0
1741004426 53787 0
1741004428 53516 0
1741004430 53085 0
1741004432 53333 0
1741004434 53145 0
1741004436 53601 0
1741004438 53260 0
1741004440 53978 0
1741004442 53613 0
1741004444 53516 0
1741004446 54673 0
1741004448 53863 0
1741004450 53184 0
1741004452 53373 0
1741004454 53201 0
1741004456 52929 0
1741004458 53306 0
1741004460 53493 0
1741004462 53472 0
1741004464 52969 0
1741004466 53349 0
1741004468 53212 0
1741004470 53763 0
1741004472 53507 0
1741004474 53354 0
1741004476 52939 0
1741004478 54101 0
1741004480 53995 0
1741004482 53334 0
1741004484 53435 0
1741004486 53756 0
1741004488 53163 0
1741004490 53459 0
1741004492 53585 0
1741004494 53573 0
1741004496 53581 0
1741004498 53011 0
1741004500 53577 0
1741004502 53288 0
1741004504 53468 0
1741004506 53385 0
1741004508 53340 0
1741004510 52900 0
1741004512 52654 0
1741004514 52924 0
1741004516 52889 0
1741004518 52625 0
1741004520 52764 0
1741004522 52766 0
1741004524 52851 0
1741004526 53468 0
1741004528 53073 0
1741004530 53392 0
1741004532 53195 0
1741004534 53309 0
1741004536 52971 0
1741004538 53181 0
1741004540 52737 0
1741004542 52975 0
1741004544 53267 0
1741004546 53264 0
1741004548 53293 0
1741004550 53112 0
1741004552 53079 0
1741004554 53268 0
1741004556 52805 0
1741004558 52840 0
1741004560 53288 0
1741004562 52993 0
1741004564 53116 0
1741004566 53158 0
1741004568 52977 0
1741004570 52843 0
1741004572 53309 0
1741004574 52850 0
1741004576 53334 0
1741004578 53335 0
1741004580 53234 0
1741004582 52888 0
1741004584 53103 0
1741004586 52934 0
1741004588 52639 0
1741004590 53212 0
1741004592 53125 0
1741004594 53273 0
1741004596 52917 0
1741004598 52694 0
1741004600 53171 0
1741004602 52703 0
1741004604 53031 0
1741004606 52981 0
1741004608 53276 0
1741004610 53057 0
1741004612 53466 0
1741004614 53010 0
1741004616 52867 0
1741004618 52717 0
1741004620 52986 0
1741004622 52875 0
1741004624 52792 0
1741004626 52839 0
1741004628 53717 0
1741004630 52808 0
1741004632 53164 0
1741004634 53890 0
1741004636 53265 0
1741004638 53035 0
1741004640 54681 0
1741004642 53791 0
1741004644 53479 0
1741004646 53290 0
1741004648 53409 0
1741004650 53448 0
1741004652 53507 0
1741004654 53447 0
1741004656 53437 0
1741004658 53539 0
1741004660 53253 0
1741004662 52916 0
1741004664 52975 0
1741004666 53518 0
1741004668 53491 0
1741004670 53300 0
1741004672 53914 0
1741004674 52889 0
1741004676 53346 0
1741004678 53775 0
1741004681 53665 0
1741004683 53494 0
1741004685 53434 0
1741004687 53264 0
1741004689 53049 0
1741004691 52808 0
1741004693 53666 0
1741004695 53463 0
1741004697 52971 0
1741004699 53197 0
1741004701 53071 0
1741004703 53188 0
1741004705 53514 0
1741004707 53644 0
1741004709 53412 0
1741004711 53625 0
1741004713 53891 0
1741004715 54147 0
1741004717 53887 0
1741004719 53926 0
1741004721 54029 0
1741004723 53651 0
1741004725 53239 0
1741004727 53606 0
1741004729 53636 0
1741004731 53371 0
1741004733 53396 0
1741004735 53454 0
1741004737 53583 0
1741004739 53169 0
1741004741 53387 0
1741004743 53524 0
1741004745 52891 0
1741004747 52953 0
1741004749 53048 0
1741004751 53286 0
1741004753 53746 0
1741004755 54042 0
1741004757 54091 0
1741004759 53572 0
1741004761 53916 0
1741004763 53085 0
1741004765 53206 0
1741004767 53335 0
1741004769 53504 0
1741004771 53596 0
1741004773 53350 0
1741004775 53423 0
1741004777 53426 0
1741004779 53569 0
1741004781 53684 0
1741004783 53804 0
1741004785 53675 0
1741004787 53443 0
1741004789 53089 0
1741004791 53255 0
1741004793 53068 0
1741004795 53716 0
1741004797 53818 0
1741004799 53734 0
1741004801 53459 0
1741004803 53846 0
1741004805 53289 0
1741004807 54177 0
1741004809 54348 0
1741004811 53803 0
1741004813 53686 0
1741004815 54166 0
1741004817 54138 0
1741004819 54119 0
1741004821 54358 0
1741004823 53929 0
1741004825 54640 0
1741004827 54208 0
1741004829 54332 0
1741004831 54418 0
1741004833 54345 0
1741004835 55332 0
1741004837 54679 0
1741004839 54068 0
1741004841 53950 0
1741004843 54069 0
1741004845 53664 0
1741004847 54168 0
1741004849 60588 0
1741004851 54084 0
1741004853 54273 0
1741004855 54026 0
1741004857 53809 0
1741004859 53988 0
1741004861 54480 0
1741004863 54022 0
1741004865 53545 0
1741004867 53420 0
1741004869 53890 0
1741004871 53617 0
1741004873 53685 0
1741004875 53377 0
1741004877 53589 0
1741004879 53758 0
1741004881 53700 0
1741004883 53496 0
1741004885 55860 0
1741004887 53801 0
1741004889 55773 0
1741004891 53697 0
1741004893 53167 0
1741004895 53454 0
1741004897 53346 0
1741004899 56144 0
1741004901 54086 0
1741004903 53894 0
1741004905 53796 0
1741004907 53797 0
1741004909 54634 0
1741004911 53717 0
1741004913 54927 0
1741004915 53770 0
1741004917 53235 0
1741004919 53527 0
1741004921 53276 0
1741004923 54000 0
1741004925 65134 0
1741004927 53424 0
1741004929 52949 0
1741004931 53276 0
1741004933 53994 0
1741004935 53815 0
1741004937 53925 0
1741004939 54311 0
1741004941 53620 0
1741004943 53394 0
1741004945 53608 0
1741004947 53496 0
1741004949 53822 0
1741004951 53694 0
1741004953 54130 0
1741004955 53710 0
1741004957 54482 0
1741004960 54008 0
1741004962 54911 0
1741004964 53922 0
1741004966 54311 0
1741004968 53806 0
1741004970 53642 0
1741004972 53519 0
1741004974 53226 0
1741004976 53470 0
1741004978 53722 0
1741004980 53758 0
1741004982 54257 0
1741004984 53665 0
1741004986 53515 0
1741004988 54224 0
1741004990 53636 0
1741004992 54131 0
1741004994 53478 0
1741004996 53702 0
1741004998 52911 0
1741005000 53325 0
1741005002 53560 0
1741005004 53789 0
1741005006 54941 0
1741005008 54243 0
1741005010 54124 0
1741005012 54896 0
1741005014 54734 0
1741005016 55187 0
1741005018 55161 0
1741005020 54832 0
1741005022 54719 0
1741005024 54263 0
1741005026 55253 0
1741005028 54360 0
1741005030 55290 0
1741005032 54673 0
1741005034 54133 0
1741005036 54364 0
1741005038 53747 0
1741005040 54327 0
1741005042 54225 0
1741005044 53646 0
1741005046 53615 0
1741005048 53790 0
1741005050 53434 0
1741005052 53441 0
1741005054 53237 0
1741005056 52939 0
1741005058 53092 0
1741005060 53018 0
1741005062 53509 0
1741005064 53714 0
1741005066 53884 0
1741005068 53888 0
1741005070 54197 0
1741005072 53869 0
1741005074 54816 0
1741005076 53594 0
1741005078 54224 0
1741005080 53804 0
1741005082 53758 0
1741005084 53901 0
1741005086 53518 0
1741005088 53668 0
1741005090 53318 0
1741005092 53250 0
1741005094 53605 0
1741005096 53103 0
1741005098 53288 0
1741005100 53343 0
1741005102 53252 0
1741005104 53412 0
1741005106 54082 0
1741005108 53539 0
1741005110 53977 0
1741005112 54161 0
1741005114 54050 0
1741005116 53923 0
1741005118 54287 0
1741005120 54368 0
1741005122 54071 0
1741005124 54245 0
1741005126 53643 0
1741005128 53582 0
1741005130 53464 0
1741005132 53356 0
1741005134 53538 0
1741005136 53268 0
1741005138 53457 0
1741005140 53226 0
1741005142 53910 0
1741005144 53290 0
1741005146 53893 0
1741005148 53676 0
1741005150 53361 0
1741005152 53556 0
1741005154 53044 0
1741005156 53139 0
1741005158 53799 0
1741005160 53663 0
1741005162 53251 0
1741005164 53178 0
1741005166 53883 0
1741005168 53226 0
1741005170 53634 0
1741005172 53141 0
1741005174 53657 0
1741005176 53516 0
1741005178 53184 0
1741005180 53293 0
1741005182 53001 0
1741005184 53368 0
1741005186 53186 0
1741005188 53223 0
1741005190 53091 0
1741005192 53478 0
1741005194 53432 0
1741005196 53345 0
1741005198 53635 0
1741005200 53732 0
1741005202 53638 0
1741005204 53260 0
1741005206 53222 0
1741005208 53729 0
1741005210 53888 0
1741005212 53353 0
1741005214 53465 0
1741005216 53379 0
1741005218 53805 0
1741005220 53481 0
1741005222 53703 0
1741005224 54243 0
1741005226 53307 0
1741005228 53511 0
1741005230 53528 0
1741005232 53392 0
1741005234 53714 0
1741005236 53485 0
1741005238 53283 0
1741005240 53584 0
1741005242 53428 0
1741005245 53201 0
1741005247 52930 0
1741005249 54809 0
1741005251 53292 0
1741005253 53543 0
1741005255 53057 0
1741005257 53141 0
1741005259 53442 0
1741005261 53345 0
1741005263 52961 0
1741005265 52626 0
1741005267 53032 0
1741005269 53195 0
1741005271 52946 0
1741005273 52726 0
1741005275 52681 0
1741005277 53048 0
1741005279 53270 0
1741005281 53062 0
1741005283 53469 0
1741005285 53259 0
1741005287 53318 0
1741005289 52947 0
1741005291 52641 0
1741005293 53497 0
1741005295 52606 0
1741005297 52884 0
1741005299 52796 0
1741005301 52607 0
1741005303 53063 0
1741005305 52894 0
1741005307 53442 0
1741005309 53463 0
1741005311 53100 0
1741005313 52897 0
1741005315 53156 0
1741005317 53480 0
1741005319 52866 0
1741005321 52701 0
1741005323 53415 0
1741005325 53082 0
1741005327 53160 0
1741005329 53132 0
1741005331 53264 0
1741005333 53265 0
1741005335 53047 0
1741005337 53386 0
1741005339 53202 0
1741005341 53405 0
1741005343 53258 0
1741005345 53152 0
1741005347 53070 0
1741005349 52919 0
1741005351 53438 0
1741005353 52858 0
1741005355 53281 0
1741005357 53095 0
1741005359 53153 0
1741005361 53358 0
1741005363 53495 0
1741005365 53214 0
1741005367 53499 0
1741005369 53083 0
1741005371 53117 0
1741005373 53398 0
1741005375 53261 0
1741005377 53117 0
1741005379 53455 0
1741005381 52846 0
1741005383 53145 0
1741005385 53062 0
1741005387 53739 0
1741005389 53585 0
1741005391 52862 0
1741005393 53199 0
1741005395 53101 0
1741005397 53160 0
1741005399 53421 0
1741005401 53357 0
1741005403 53654 0
1741005405 53769 0
1741005407 53674 0
1741005409 53421 0
1741005411 53267 0
1741005413 53567 0
1741005415 53388 0
1741005417 53348 0
1741005419 53421 0
1741005421 53542 0
1741005423 53315 0
1741005425 53034 0
1741005427 53503 0
1741005429 53410 0
1741005431 53100 0
1741005433 53548 0
1741005435 53502 0
1741005437 53041 0
1741005439 53055 0
1741005441 53312 0
1741005443 53511 0
1741005445 53694 0
1741005447 53228 0
1741005449 53162 0
1741005451 53302 0
1741005453 53527 0
1741005455 53310 0
1741005457 53125 0
1741005459 53542 0
1741005461 53412 0
1741005463 53494 0
1741005465 52968 0
1741005467 53176 0
1741005469 53344 0
1741005471 53425 0
1741005473 53464 0
1741005475 53292 0
1741005477 53332 0
1741005479 52723 0
1741005481 53140 0
1741005483 52816 0
1741005485 53517 0
1741005487 53056 0
1741005489 52804 0
1741005491 53708 0
1741005493 53382 0
1741005495 53389 0
1741005497 53497 0
1741005499 53380 0
1741005501 53269 0
1741005503 53066 0
1741005505 53090 0
1741005507 53247 0
1741005509 53026 0
1741005511 52893 0
1741005513 53094 0
1741005515 53129 0
1741005517 52820 0
1741005520 53542 0
1741005522 53461 0
1741005524 53368 0
1741005526 53197 0
1741005528 52998 0
1741005530 53000 0
1741005532 53682 0
1741005534 53141 0
1741005536 54025 0
1741005538 53018 0
1741005540 54592 0
1741005542 53477 0
1741005544 53396 0
1741005546 53227 0
1741005548 52858 0
1741005550 53192 0
1741005552 53206 0
1741005554 52954 0
1741005556 53161 0
1741005558 52790 0
1741005560 52994 0
1741005562 53091 0
1741005564 52840 0
1741005566 52896 0
1741005568 53645 0
1741005570 52715 0
1741005572 52840 0
1741005574 53317 0
1741005576 52930 0
1741005578 52914 0
1741005580 53368 0
1741005582 52875 0
1741005584 52695 0
1741005586 52863 0
1741005588 52867 0
1741005590 53031 0
1741005592 52523 0
1741005594 52751 0
1741005596 53006 0
1741005598 53087 0
1741005600 52994 0
1741005602 53003 0
1741005604 52920 0
1741005606 52480 0
1741005608 53384 0
1741005610 53008 0
1741005612 53118 0
1741005614 53097 0
1741005616 52995 0
1741005618 52783 0
1741005620 52886 0
1741005622 53005 0
1741005624 53255 0
1741005626 52961 0
1741005628 52620 0
1741005630 53091 0
1741005632 52953 0
1741005634 52859 0
1741005636 52707 0
1741005638 52949 0
1741005640 52998 0
1741005642 53267 0
1741005644 53231 0
1741005646 53314 0
1741005648 53147 0
1741005650 53169 0
1741005652 52819 0
1741005654 52793 0
1741005656 52670 0
1741005658 53120 0
1741005660 53048 0
1741005662 53388 0
1741005664 52772 0
1741005666 52895 0
1741005668 53029 0
1741005670 52787 0
1741005672 52785 0
1741005674 52691 0
1741005676 52959 0
1741005678 52980 0
1741005680 52924 0
1741005682 53302 0
1741005684 52979 0
1741005686 52885 0
1741005688 53121 0
1741005690 52645 0
1741005692 52940 0
1741005694 52916 0
1741005696 53286 0
1741005698 53006 0
1741005700 53192 0
1741005702 52985 0
1741005704 52983 0
1741005706 52854 0
1741005708 53121 0
1741005710 53093 0
1741005712 53082 0
1741005714 53253 0
1741005716 53199 0
1741005718 53024 0
1741005720 53006 0
1741005722 53033 0
1741005724 53289 0
1741005726 52880 0
1741005728 52826 0
1741005730 53010 0
1741005732 52943 0
1741005734 53460 0
1741005736 52777 0
1741005738 53339 0
1741005740 53419 0
1741005742 53431 0
1741005744 52886 0
1741005746 53152 0
1741005748 52702 0
1741005750 52735 0
1741005752 52900 0
1741005754 53095 0
1741005756 53284 0
1741005758 53480 0
1741005760 53418 0
1741005762 52907 0
1741005764 53396 0
1741005766 53264 0
1741005768 53397 0
1741005770 52824 0
1741005772 52771 0
1741005774 53263 0
1741005776 53184 0
1741005778 53011 0
1741005780 53517 0
1741005782 53359 0
1741005784 53087 0
1741005786 53312 0
1741005788 53361 0
1741005790 53474 0
1741005792 52793 0
1741005794 53237 0
1741005796 53166 0
1741005798 53670 0
1741005801 53284 0
1741005803 53278 0
1741005805 53331 0
1741005807 53041 0
1741005809 55381 0
1741005811 53541 0
1741005813 53386 0
1741005815 53204 0
1741005817 53392 0
1741005819 53196 0
1741005821 53387 0
1741005823 53199 0
1741005825 53104 0
1741005827 52808 0
1741005829 53110 0
1741005831 53153 0
1741005833 53048 0
1741005835 53508 0
1741005837 52932 0
1741005839 53244 0
1741005841 53599 0
1741005843 53472 0
1741005845 53084 0
1741005847 53059 0
1741005849 53637 0
1741005851 53010 0
1741005853 52862 0
1741005855 53249 0
1741005857 53011 0
1741005859 53611 0
1741005861 53363 0
1741005863 53201 0
1741005865 53362 0
1741005867 52912 0
1741005869 53270 0
1741005871 53126 0
1741005873 53127 0
1741005875 52909 0
1741005877 52762 0
1741005879 53147 0
1741005881 53113 0
1741005883 52976 0
1741005885 52843 0
1741005887 52990 0
1741005889 52891 0
1741005891 52997 0
1741005893 52969 0
1741005895 53025 0
1741005897 53323 0
1741005899 53323 0
1741005901 53066 0
1741005903 53215 0
1741005905 53029 0
1741005907 53166 0
1741005909 52840 0
1741005911 52898 0
1741005913 52681 0
1741005915 52671 0
1741005917 53153 0
1741005919 53151 0
1741005921 53305 0
1741005923 53317 0
1741005925 52426 0
1741005927 52615 0
1741005929 52863 0
1741005931 53307 0
1741005933 53160 0
1741005935 53312 0
1741005937 53263 0
1741005939 52618 0
1741005941 52984 0
1741005943 52782 0
1741005945 52794 0
1741005947 53105 0
1741005949 52979 0
1741005951 53317 0
1741005953 52926 0
1741005955 53267 0
1741005957 53229 0
1741005959 52734 0
1741005961 53454 0
1741005963 53173 0
1741005965 54423 0
1741005967 53178 0
1741005969 53057 0
1741005971 53394 0
1741005973 53080 0
1741005975 52704 0
1741005977 52929 0
1741005979 52911 0
1741005981 53050 0
1741005983 52852 0
1741005985 53283 0
1741005987 53036 0
1741005989 53514 0
1741005991 52940 0
1741005993 53039 0
1741005995 52979 0
1741005997 53281 0
1741005999 53293 0
1741006001 53236 0
1741006003 53065 0
1741006005 52892 0
1741006007 52944 0
1741006009 53285 0
1741006011 52666 0
1741006013 53164 0
1741006015 52736 0
1741006017 52843 0
1741006019 53322 0
1741006021 52558 0
1741006023 52683 0
1741006025 53056 0
1741006027 52567 0
1741006029 53058 0
1741006031 52853 0
1741006033 52536 0
1741006035 53093 0
1741006037 52491 0
1741006039 53369 0
1741006041 52955 0
1741006043 52658 0
1741006045 52763 0
1741006047 52916 0
1741006049 52738 0
1741006051 52977 0
1741006053 53031 0
1741006055 53036 0
1741006057 53026 0
1741006059 53036 0
1741006061 52442 0
1741006063 53256 0
1741006065 52830 0
1741006067 53040 0
1741006069 52495 0
1741006071 52774 0
1741006073 53053 0
1741006075 52875 0
1741006078 53071 0
1741006080 53070 0
1741006082 52862 0
1741006084 53088 0
1741006086 52881 0
1741006088 53005 0
1741006090 53033 0
1741006092 52847 0
1741006094 52869 0
1741006096 53315 0
1741006098 52917 0
1741006100 53163 0
1741006102 52949 0
1741006104 53249 0
1741006106 53103 0
1741006108 53251 0
1741006110 53236 0
1741006112 53011 0
1741006114 53258 0
1741006116 53121 0
1741006118 52986 0
1741006120 53119 0
1741006122 52773 0
1741006124 52936 0
1741006126 52709 0
1741006128 53218 0
1741006130 53499 0
1741006132 53265 0
1741006134 53490 0
1741006136 53543 0
1741006138 53128 0
1741006140 54044 0
1741006142 53419 0
1741006144 53707 0
1741006146 53424 0
1741006148 53153 0
1741006150 53305 0
1741006152 53163 0
1741006154 53164 0
1741006156 53187 0
1741006158 53247 0
1741006160 53514 0
1741006162 53599 0
1741006164 53188 0
1741006166 53881 0
1741006168 53541 0
1741006170 53448 0
1741006172 53410 0
1741006174 53272 0
1741006176 53395 0
1741006178 53215 0
1741006180 52758 0
1741006182 53172 0
1741006184 53303 0
1741006186 53162 0
1741006188 53135 0
1741006190 53118 0
1741006192 53255 0
1741006194 53252 0
1741006196 53148 0
1741006198 53246 0
1741006200 53257 0
1741006202 53393 0
1741006204 53208 0
1741006206 52931 0
1741006208 53064 0
1741006210 53231 0
1741006212 53247 0
1741006214 52817 0
1741006216 53266 0
1741006218 53096 0
1741006220 53164 0
1741006222 53185 0
1741006224 53148 0
1741006226 53189 0
1741006228 53388 0
1741006230 53425 0
1741006232 53085 0
1741006234 53336 0
1741006236 53073 0
1741006238 53295 0
1741006240 53107 0
1741006242 53508 0
1741006244 53105 0
1741006246 53107 0
1741006248 52940 0
1741006250 53393 0
1741006252 52657 0
1741006254 53516 0
1741006256 53378 0
1741006258 53132 0
1741006260 53075 0
1741006262 53208 0
1741006264 52875 0
1741006266 52994 0
1741006268 53080 0
1741006270 52967 0
1741006272 53224 0
1741006274 52953 0
1741006276 53097 0
1741006278 53361 0
1741006280 53047 0
1741006282 53476 0
1741006284 53056 0
1741006286 52902 0
1741006288 53072 0
1741006290 53302 0
1741006292 52736 0
1741006294 52730 0
1741006296 53056 0
1741006298 53238 0
1741006300 53144 0
1741006302 53249 0
1741006304 52899 0
1741006306 53002 0
1741006308 53069 0
1741006310 52902 0
1741006312 52998 0
1741006314 52689 0
1741006316 52979 0
1741006318 52594 0
1741006320 52578 0
1741006322 52999 0
1741006324 52371 0
1741006326 52940 0
1741006328 52768 0
1741006330 52430 0
1741006332 52758 0
1741006334 53117 0
1741006336 52989 0
1741006338 52901 0
1741006340 53274 0
1741006342 53053 0
1741006344 52951 0
1741006346 53480 0
1741006348 52960 0
1741006350 52954 0
1741006352 53242 0
1741006354 53012 0
1741006356 52943 0
1741006359 52935 0
1741006361 53100 0
1741006363 52775 0
1741006365 52705 0
1741006367 52930 0
1741006369 52764 0
1741006371 52626 0
1741006373 52685 0
1741006375 52468 0
1741006377 52792 0
1741006379 52416 0
1741006381 52549 0
1741006383 52956 0
1741006385 53221 0
1741006387 52712 0
1741006389 52654 0
1741006391 52738 0
1741006393 53016 0
1741006395 52976 0
1741006397 53027 0
1741006399 52790 0
1741006401 53014 0
1741006403 52363 0
1741006405 52988 0
1741006407 53044 0
1741006409 53001 0
1741006411 52843 0
1741006413 52985 0
1741006415 52919 0
1741006417 52559 0
1741006419 52978 0
1741006421 52716 0
1741006423 52832 0
1741006425 52666 0
1741006427 52871 0
1741006429 52792 0
1741006431 52584 0
1741006433 52919 0
1741006435 53135 0
1741006437 52637 0
1741006439 52876 0
1741006441 52643 0
1741006443 52765 0
1741006445 52725 0
1741006447 52395 0
1741006449 53056 0
1741006451 52351 0
1741006453 52692 0
1741006455 52751 0
1741006457 52899 0
1741006459 52767 0
1741006461 52867 0
1741006463 52830 0
1741006465 52444 0
1741006467 52856 0
1741006469 52307 0
1741006471 53044 0
1741006473 53122 0
1741006475 53007 0
1741006477 52570 0
1741006479 53072 0
1741006481 52920 0
1741006483 52774 0
1741006485 52928 0
1741006487 53006 0
1741006489 52684 0
1741006491 52494 0
1741006493 52651 0
1741006495 52617 0
1741006497 52606 0
1741006499 52778 0
1741006501 52991 0
1741006503 52928 0
1741006505 52594 0
1741006507 52924 0
1741006509 52791 0
1741006511 52677 0
1741006513 52560 0
1741006515 52819 0
1741006517 52836 0
1741006519 52909 0
1741006521 52968 0
1741006523 52884 0
1741006525 52542 0
1741006527 52551 0
1741006529 52534 0
1741006531 52919 0
1741006533 53053 0
1741006535 52899 0
1741006537 52475 0
1741006539 52803 0
1741006541 52586 0
1741006543 52709 0
1741006545 52630 0
1741006547 53224 0
1741006549 52786 0
1741006551 52959 0
1741006553 52687 0
1741006555 52613 0
1741006557 52979 0
1741006559 52649 0
1741006561 52757 0
1741006563 52895 0
1741006565 52643 0
1741006567 52950 0
1741006569 52574 0
1741006571 52861 0
1741006573 52938 0
1741006575 52782 0
1741006577 52916 0
1741006579 52801 0
1741006581 52847 0
1741006583 52955 0
1741006585 52958 0
1741006587 53074 0
1741006589 52889 0
1741006591 52634 0
1741006593 52677 0
1741006595 52535 0
1741006597 52663 0
1741006599 52493 0
1741006601 52540 0
1741006603 52706 0
1741006605 53027 0
1741006607 52642 0
1741006609 53026 0
1741006611 52720 0
1741006613 52812 0
1741006615 52707 0
1741006617 52999 0
1741006619 52421 0
1741006621 52414 0
1741006623 52585 0
1741006625 52677 0
1741006627 52263 0
1741006629 52862 0
1741006631 52639 0
1741006633 53037 0
1741006635 52440 0
1741006637 52728 0
1741006639 52763 0
1741006641 52731 0
1741006643 52883 0
1741006645 52624 0
1741006647 52682 0
1741006649 52779 0
1741006651 52544 0
1741006653 52390 0
1741006655 52674 0
1741006657 52611 0
1741006659 52678 0
1741006661 52682 0
1741006663 53503 0
1741006665 52583 0
1741006667 52757 0
1741006669 52763 0
1741006672 52689 0
1741006674 52569 0
1741006676 52918 0
1741006678 53266 0
1741006680 52626 0
1741006682 52544 0
1741006684 52699 0
1741006686 52497 0
1741006688 52810 0
1741006690 52668 0
1741006692 52683 0
1741006694 52783 0
1741006696 53043 0
1741006698 52839 0
1741006700 52804 0
1741006702 52545 0
1741006704 52554 0
1741006706 52678 0
1741006708 53423 0
1741006710 52758 0
1741006712 52152 0
1741006714 52594 0
1741006716 52437 0
1741006718 52633 0
1741006720 53018 0
1741006722 52534 0
1741006724 52594 0
1741006726 52794 0
1741006728 52374 0
1741006730 52815 0
1741006732 52452 0
1741006734 52428 0
1741006736 52477 0
1741006738 52556 0
1741006740 53476 0
1741006742 52345 0
1741006744 52240 0
1741006746 52610 0
1741006748 52724 0
1741006750 52616 0
1741006752 52370 0
1741006754 52655 0
1741006756 52831 0
1741006758 52266 0
1741006760 52436 0
1741006762 52463 0
1741006764 52275 0
1741006766 52397 0
1741006768 52396 0
1741006770 52329 0
1741006772 52503 0
1741006774 52323 0
1741006776 52467 0
1741006778 52515 0
1741006780 52306 0
1741006782 52113 0
1741006784 52220 0
1741006786 52780 0
1741006788 52204 0
1741006790 52871 0
1741006792 52485 0
1741006794 52424 0
1741006796 52415 0
1741006798 52571 0
1741006800 52430 0
1741006802 52669 0
1741006804 52447 0
1741006806 52375 0
1741006808 52929 0
1741006810 52848 0
1741006812 52332 0
1741006814 52640 0
1741006816 52321 0
1741006818 52362 0
1741006820 52928 0
1741006822 52527 0
1741006824 52577 0
1741006826 52702 0
1741006828 52474 0
1741006830 52375 0
1741006832 52782 0
1741006834 52433 0
1741006836 52714 0
1741006838 52018 0
1741006840 52621 0
1741006842 52330 0
1741006844 52385 0
1741006846 52588 0
1741006848 52229 0
1741006850 52652 0
1741006852 52524 0
1741006854 52612 0
1741006856 52607 0
1741006858 52829 0
1741006860 52388 0
1741006862 52233 0
1741006864 52642 0
1741006866 52312 0
1741006868 52426 0
1741006870 52218 0
1741006872 52096 0
1741006874 52467 0
1741006876 52402 0
1741006878 52387 0
1741006880 52469 0
1741006882 52408 0
1741006884 52547 0
1741006886 52333 0
1741006888 52215 0
1741006890 52128 0
1741006892 52606 0
1741006894 52546 0
1741006896 52171 0
1741006898 52352 0
1741006900 52030 0
1741006902 52662 0
1741006904 52805 0
1741006906 52418 0
1741006908 52270 0
1741006910 52424 0
1741006912 52156 0
1741006914 52689 0
1741006916 52361 0
1741006918 52780 0
1741006920 52423 0
1741006922 52497 0
1741006924 52735 0
1741006926 52805 0
1741006928 52558 0
1741006930 52752 0
1741006932 52487 0
1741006934 52858 0
1741006936 52149 0
1741006938 52698 0
1741006940 52550 0
1741006942 52416 0
1741006944 53038 0
1741006946 52764 0
1741006948 52937 0
1741006950 52911 0
1741006952 52567 0
1741006954 52707 0
1741006956 52828 0
1741006958 52470 0
1741006960 52366 0
1741006962 53061 0
1741006964 52591 0
1741006966 52390 0
1741006968 52647 0
1741006970 52484 0
1741006972 52293 0
1741006974 52503 0
1741006976 52307 0
1741006978 52785 0
1741006980 52495 0
1741006983 52316 0
1741006985 52216 0
1741006987 52220 0
1741006989 52435 0
1741006991 52278 0
1741006993 52292 0
1741006995 52853 0
1741006997 52720 0
1741006999 52743 0
1741007001 52307 0
1741007003 52188 0
1741007005 52548 0
1741007007 52058 0
1741007009 52358 0
1741007011 52231 0
1741007013 51999 0
1741007015 52664 0
1741007017 52506 0
1741007019 52648 0
1741007021 52877 0
1741007023 52361 0
1741007025 52158 0
1741007027 51895 0
1741007029 52469 0
1741007031 52129 0
1741007033 52389 0
1741007035 52282 0
1741007037 52712 0
1741007039 52290 0
1741007041 53170 0
1741007043 51889 0
1741007045 52267 0
1741007047 52707 0
1741007049 52553 0
1741007051 52243 0
1741007053 52794 0
1741007055 52545 0
1741007057 52251 0
1741007059 52715 0
1741007061 52405 0
1741007063 53327 0
1741007065 52288 0
1741007067 52491 0
1741007069 52477 0
1741007071 52621 0
1741007073 52370 0
1741007075 52879 0
1741007077 52661 0
1741007079 52355 0
1741007081 52328 0
1741007083 52480 0
1741007085 52533 0
1741007087 52579 0
1741007089 52474 0
1741007091 52984 0
1741007093 53324 0
1741007095 52809 0
1741007097 52637 0
1741007099 52646 0
1741007101 52549 0
1741007103 52521 0
1741007105 52529 0
1741007107 52656 0
1741007109 52431 0
1741007111 52818 0
1741007113 52322 0
1741007115 52550 0
1741007117 52402 0
1741007119 51952 0
1741007121 52483 0
1741007123 52698 0
1741007125 52103 0
1741007127 52858 0
1741007129 52750 0
1741007131 52591 0
1741007133 52102 0
1741007135 52072 0
1741007137 52275 0
1741007139 52250 0
1741007141 52110 0
1741007143 52668 0
1741007145 52753 0
1741007147 52117 0
1741007149 51901 0
1741007151 52477 0
1741007153 52545 0
1741007155 52680 0
1741007157 52603 0
1741007159 52121 0
1741007161 53047 0
1741007163 52667 0
1741007165 52283 0
1741007167 52673 0
1741007169 52479 0
1741007171 52412 0
1741007173 52443 0
1741007175 52258 0
1741007177 52801 0
1741007179 52688 0
1741007181 52674 0
1741007183 52294 0
1741007185 52253 0
1741007187 52814 0
1741007189 52731 0
1741007191 52663 0
1741007193 52711 0
1741007195 52807 0
1741007197 52865 0
1741007199 52561 0
1741007201 52921 0
1741007203 52592 0
1741007205 52349 0
1741007207 52466 0
1741007209 52316 0
1741007211 52234 0
1741007213 52251 0
1741007215 52751 0
1741007217 52108 0
1741007219 52090 0
1741007221 52477 0
1741007223 52764 0
1741007225 52471 0
1741007227 52419 0
1741007229 52298 0
1741007231 52167 0
1741007233 52434 0
1741007235 52145 0
1741007237 52096 0
1741007239 52488 0
1741007241 52779 0
1741007243 52204 0
1741007245 52098 0
1741007247 52184 0
1741007249 52141 0
1741007251 52015 0
1741007253 52012 0
1741007255 52319 0
1741007257 52176 0
1741007259 52115 0
1741007261 51882 0
1741007263 52380 0
1741007265 52044 0
1741007267 52043 0
1741007269 52434 0
1741007271 52321 0
1741007273 52260 0
1741007275 52325 0
1741007277 52370 0
1741007279 52291 0
1741007281 52570 0
1741007283 52593 0
1741007285 52339 0
1741007287 52391 0
1741007289 52549 0
1741007291 52652 0
1741007293 52240 0
1741007295 52627 0
1741007298 52218 0
1741007300 52444 0
1741007302 52583 0
1741007304 52349 0
1741007306 52386 0
1741007308 52081 0
1741007310 52655 0
1741007312 52554 0
1741007314 52242 0
1741007316 52121 0
1741007318 52433 0
1741007320 52575 0
1741007322 52916 0
1741007324 52554 0
1741007326 52409 0
1741007328 52679 0
1741007330 52313 0
1741007332 51999 0
1741007334 52078 0
1741007336 52043 0
1741007338 52055 0
1741007340 53481 0
1741007342 52529 0
1741007344 51989 0
1741007346 52684 0
1741007348 52084 0
1741007350 52233 0
1741007352 52766 0
1741007354 52413 0
1741007356 52408 0
1741007358 52759 0
1741007360 52392 0
1741007362 52226 0
1741007364 51888 0
1741007366 52290 0
1741007368 52466 0
1741007370 52371 0
1741007372 52855 0
1741007374 52213 0
1741007376 52500 0
1741007378 52546 0
1741007380 52070 0
1741007382 52261 0
1741007384 52534 0
1741007386 52025 0
1741007388 52259 0
1741007390 52354 0
1741007392 52729 0
1741007394 51884 0
1741007396 52668 0
1741007398 52896 0
1741007400 52670 0
1741007402 52093 0
1741007404 52020 0
1741007406 52633 0
1741007408 52275 0
1741007410 51699 0
1741007412 52689 0
1741007414 52343 0
1741007416 52263 0
1741007418 52161 0
1741007420 52000 0
1741007422 52264 0
1741007424 52930 0
1741007426 52028 0
1741007428 52269 0
1741007430 52220 0
1741007432 52091 0
1741007434 52183 0
1741007436 52165 0
1741007438 52296 0
1741007440 52488 0
1741007442 52002 0
1741007444 52227 0
1741007446 51990 0
1741007448 52429 0
1741007450 52120 0
1741007452 52167 0
1741007454 52316 0
1741007456 52451 0
1741007458 52521 0
1741007460 52098 0
1741007462 52417 0
1741007464 52199 0
1741007466 52504 0
1741007468 52005 0
1741007470 52305 0
1741007472 52132 0
1741007474 52051 0
1741007476 51966 0
1741007478 52327 0
1741007480 52106 0
1741007482 52234 0
1741007484 52686 0
1741007486 51951 0
1741007488 52647 0
1741007490 52408 0
1741007492 52409 0
1741007494 52239 0
1741007496 52412 0
1741007498 52239 0
1741007500 52162 0
1741007502 52331 0
1741007504 52233 0
1741007506 56485 0
1741007508 51724 0
1741007510 52556 0
1741007512 52548 0
1741007514 51794 0
1741007516 52031 0
1741007518 51954 0
1741007520 52324 0
1741007522 52411 0
1741007524 52346 0
1741007526 52453 0
1741007528 52303 0
1741007530 52816 0
1741007532 52349 0
1741007534 52268 0
1741007536 52075 0
1741007538 51952 0
1741007540 52119 0
1741007542 52370 0
1741007544 52456 0
1741007546 52675 0
1741007548 52223 0
1741007550 52063 0
1741007552 52360 0
1741007554 52031 0
1741007556 52564 0
1741007558 52167 0
1741007560 52164 0
1741007562 52110 0
1741007564 52312 0
1741007566 52335 0
1741007568 52710 0
1741007570 52518 0
1741007572 52518 0
1741007574 52810 0
1741007576 51956 0
1741007578 52538 0
1741007580 52261 0
1741007582 52332 0
1741007584 52075 0
1741007586 65535 0
1741007588 52599 0
1741007590 52369 0
1741007592 52138 0
1741007594 52606 0
1741007596 52113 0
1741007598 52489 0
1741007600 52526 0
1741007602 52683 0
1741007604 52344 0
1741007606 52274 0
1741007608 52411 0
1741007611 52091 0
1741007613 52450 0
1741007615 52397 0
1741007617 52052 0
1741007619 52227 0
1741007621 52171 0
1741007623 52231 0
1741007625 52176 0
1741007627 52050 0
1741007629 52311 0
1741007631 52310 0
1741007633 52406 0
1741007635 52390 0
1741007637 52094 0
1741007639 52656 0
1741007641 53348 0
1741007643 52213 0
1741007645 52541 0
1741007647 52175 0
1741007649 52290 0
1741007651 51909 0
1741007653 52318 0
1741007655 52159 0
1741007657 51994 0
1741007659 52483 0
1741007661 52427 0
1741007663 52508 0
1741007665 52754 0
1741007667 52205 0
1741007669 52141 0
1741007671 52396 0
1741007673 52425 0
1741007675 52638 0
1741007677 52518 0
1741007679 52136 0
1741007681 52251 0
1741007683 52509 0
1741007685 52386 0
1741007687 52386 0
1741007689 52668 0
1741007691 51768 0
1741007693 52068 0
1741007695 52151 0
1741007697 52347 0
1741007699 52076 0
1741007701 52231 0
1741007703 52152 0
1741007705 52106 0
1741007707 52100 0
1741007709 52533 0
1741007711 52081 0
1741007713 52860 0
1741007715 52299 0
1741007717 52243 0
1741007719 52329 0
1741007721 52579 0
1741007723 52373 0
1741007725 51978 0
1741007727 51760 0
1741007729 52242 0
1741007731 52698 0
1741007733 52419 0
1741007735 52651 0
1741007737 52800 0
1741007739 52434 0
1741007741 52531 0
1741007743 52464 0
1741007745 52445 0
1741007747 52691 0
1741007749 52695 0
1741007751 52395 0
1741007753 52311 0
1741007755 52719 0
1741007757 52136 0
1741007759 52158 0
1741007761 52563 0
1741007763 52322 0
1741007765 52178 0
1741007767 52499 0
1741007769 52190 0
1741007771 52323 0
1741007773 52465 0
1741007775 52565 0
1741007777 52631 0
1741007779 52327 0
1741007781 52456 0
1741007783 52712 0
1741007785 52354 0
1741007787 52416 0
1741007789 53048 0
1741007791 52363 0
1741007793 52356 0
1741007795 52369 0
1741007797 52321 0
1741007799 52128 0
1741007801 52302 0
1741007803 52311 0
1741007805 52697 0
1741007807 52316 0
1741007809 51962 0
1741007811 51999 0
1741007813 52496 0
1741007815 52143 0
1741007817 52319 0
1741007819 52055 0
1741007821 52203 0
1741007823 52489 0
1741007825 52635 0
1741007827 52524 0
1741007829 52483 0
1741007831 52461 0
1741007833 51585 0
1741007835 52666 0
1741007837 52316 0
1741007839 52425 0
1741007841 51943 0
1741007843 52846 0
1741007845 52493 0
1741007847 52359 0
1741007849 51965 0
1741007851 52305 0
1741007853 52464 0
1741007855 52320 0
1741007857 52187 0
1741007859 52318 0
1741007861 51887 0
1741007863 52471 0
1741007865 52038 0
1741007867 52391 0
1741007869 52583 0
1741007871 51981 0
1741007873 52176 0
1741007875 52745 0
1741007877 52570 0
1741007879 52224 0
1741007881 54050 0
1741007883 52872 0
1741007885 52145 0
1741007887 52800 0
1741007889 52506 0
1741007891 52776 0
1741007893 52650 0
1741007895 52409 0
1741007897 52779 0
1741007899 52739 0
1741007901 52076 0
1741007903 52323 0
1741007905 52079 0
1741007907 52523 0
1741007909 52452 0
1741007911 52783 0
1741007913 52509 0
1741007915 52897 0
1741007917 52573 0
1741007919 52266 0
1741007921 52308 0
1741007923 52424 0
1741007926 52284 0
1741007928 52342 0
1741007930 52426 0
1741007932 52320 0
1741007934 52451 0
1741007936 53114 0
1741007938 52265 0
1741007940 53378 0
1741007942 52073 0
1741007944 52430 0
1741007946 52160 0
1741007948 52396 0
1741007950 52526 0
1741007952 52735 0
1741007954 52459 0
1741007956 51851 0
1741007958 52406 0
1741007960 52110 0
1741007962 52693 0
1741007964 52821 0
1741007966 52929 0
1741007968 52158 0
1741007970 52026 0
1741007972 52179 0
1741007974 52272 0
1741007976 52535 0
1741007978 52203 0
1741007980 52530 0
1741007982 52786 0
1741007984 65535 0
1741007986 51979 0
1741007988 52683 0
1741007990 52632 0
1741007992 52607 0
1741007994 52190 0
1741007996 52700 0
1741007998 52546 0
1741008000 52140 0
1741008002 52206 0
1741008004 52715 0
1741008006 52391 0
1741008008 53118 0
1741008010 52080 0
1741008012 52487 0
1741008014 52490 0
1741008016 52430 0
1741008018 52487 0
1741008020 51977 0
1741008022 53415 0
1741008024 52333 0
1741008026 52260 0
1741008028 52576 0
1741008030 52276 0
1741008032 52562 0
1741008034 52315 0
1741008036 52299 0
1741008038 52514 0
1741008040 52411 0
1741008042 52420 0
1741008044 52333 0
1741008046 52389 0
1741008048 52746 0
1741008050 52678 0
1741008052 52374 0
1741008054 52313 0
1741008056 52240 0
1741008058 52305 0
1741008060 52068 0
1741008062 52501 0
1741008064 52567 0
1741008066 52597 0
1741008068 52690 0
1741008070 52525 0
1741008072 52653 0
1741008074 52652 0
1741008076 52611 0
1741008078 52813 0
1741008080 52685 0
1741008082 53620 0
1741008084 52320 0
1741008086 52194 0
1741008088 52506 0
1741008090 52434 0
1741008092 52619 0
1741008094 52519 0
1741008096 53062 0
1741008098 53089 0
1741008100 52863 0
1741008102 52814 0
1741008104 52577 0
1741008106 52719 0
1741008108 52634 0
1741008110 52944 0
1741008112 52531 0
1741008114 52136 0
1741008116 52501 0
1741008118 52511 0
1741008120 52741 0
1741008122 52429 0
1741008124 52768 0
1741008126 52689 0
1741008128 52798 0
1741008130 53017 0
1741008132 52827 0
1741008134 52619 0
1741008136 52695 0
1741008138 52347 0
1741008140 53167 0
1741008142 52682 0
1741008144 52462 0
1741008146 52566 0
1741008148 52294 0
1741008150 52729 0
1741008152 52434 0
1741008154 52474 0
1741008156 52632 0
1741008158 52317 0
1741008160 52565 0
1741008162 52874 0
1741008164 52698 0
1741008166 52956 0
1741008168 52250 0
1741008170 52409 0
1741008172 52131 0
1741008174 52541 0
1741008176 52186 0
1741008178 52304 0
1741008180 52529 0
1741008182 52288 0
1741008184 52377 0
1741008186 52275 0
1741008188 52045 0
1741008190 52442 0
1741008192 52391 0
1741008194 52363 0
1741008196 52286 0
1741008198 52521 0
1741008200 52386 0
1741008202 52446 0
1741008204 52865 0
1741008206 52563 0
1741008208 52851 0
1741008210 52593 0
1741008212 52058 0
1741008214 52240 0
1741008216 52227 0
1741008218 52358 0
1741008220 52166 0
1741008222 52505 0
1741008224 52159 0
1741008226 52269 0
1741008228 51993 0
1741008230 52004 0
1741008232 52402 0
1741008234 52636 0
1741008236 52695 0
1741008238 52402 0
1741008241 52961 0
1741008243 52535 0
1741008245 52551 0
1741008247 52640 0
1741008249 52605 0
1741008251 52655 0
1741008253 52047 0
1741008255 52612 0
1741008257 52721 0
1741008259 52631 0
1741008261 52568 0
1741008263 52554 0
1741008265 52287 0
1741008267 52439 0
1741008269 52736 0
1741008271 52800 0
1741008273 53094 0
1741008275 52495 0
1741008277 52584 0
1741008279 52651 0
1741008281 52667 0
1741008283 52530 0
1741008285 52853 0
1741008287 52346 0
1741008289 52534 0
1741008291 52305 0
1741008293 52526 0
1741008295 52474 0
1741008297 52064 0
1741008299 52401 0
1741008301 52387 0
1741008303 52541 0
1741008305 52367 0
1741008307 52270 0
1741008309 51992 0
1741008311 52321 0
1741008313 52307 0
1741008315 52424 0
1741008317 52238 0
1741008319 52509 0
1741008321 52325 0
1741008323 52124 0
1741008325 52349 0
1741008327 52097 0
1741008329 52716 0
1741008331 52080 0
1741008333 52054 0
1741008335 52466 0
1741008337 52570 0
1741008339 52271 0
1741008341 52615 0
1741008343 52692 0
1741008345 52688 0
1741008347 52716 0
1741008349 52890 0
1741008351 52128 0
1741008353 52624 0
1741008355 52379 0
1741008357 52740 0
1741008359 52144 0
1741008361 52374 0
1741008363 52599 0
1741008365 52035 0
1741008367 52359 0
1741008369 52304 0
1741008371 52590 0
1741008373 52971 0
1741008375 52383 0
1741008377 52893 0
1741008379 52975 0
1741008381 52854 0
1741008383 53204 0
1741008385 53025 0
1741008387 52797 0
1741008389 52412 0
1741008391 52193 0
1741008393 52798 0
1741008395 52942 0
1741008397 53258 0
1741008399 52955 0
1741008401 52796 0
1741008403 53078 0
1741008405 52623 0
1741008407 52625 0
1741008409 52144 0
1741008411 53180 0
1741008413 53088 0
1741008415 53134 0
1741008417 53732 0
1741008419 52297 0
1741008421 52516 0
1741008423 52494 0
1741008425 52567 0
1741008427 52538 0
1741008429 52200 0
1741008431 53045 0
1741008433 52479 0
1741008435 52723 0
1741008437 52277 0
1741008439 52428 0
1741008441 52514 0
1741008443 52387 0
1741008445 53188 0
1741008447 52406 0
1741008449 52546 0
1741008451 52317 0
1741008453 52232 0
1741008455 52724 0
1741008457 52541 0
1741008459 52485 0
1741008461 52793 0
1741008463 52400 0
1741008465 52579 0
1741008467 52472 0
1741008469 53167 0
1741008471 53130 0
1741008473 52858 0
1741008475 52770 0
1741008477 52616 0
1741008479 52340 0
1741008481 51886 0
1741008483 52292 0
1741008485 52580 0
1741008487 52741 0
1741008489 52717 0
1741008491 52592 0
1741008493 53313 0
1741008495 52428 0
1741008497 52627 0
1741008499 52719 0
1741008501 52666 0
1741008503 52421 0
1741008505 52515 0
1741008507 52308 0
1741008509 52185 0
1741008511 52255 0
1741008513 52946 0
1741008515 52859 0
1741008517 52599 0
1741008519 53035 0
1741008521 52294 0
1741008523 52629 0
1741008525 53265 0
1741008527 52585 0
1741008529 52374 0
1741008531 52790 0
1741008533 52544 0
1741008535 52801 0
1741008537 52940 0
1741008539 53266 0
1741008541 52529 0
1741008543 52257 0
1741008545 52469 0
1741008547 52841 0
1741008549 52295 0
1741008551 52616 0
1741008553 52256 0
1741008555 52653 0
1741008558 51986 0
1741008560 52686 0
1741008562 52357 0
1741008564 52798 0
1741008566 53684 0
1741008568 52259 0
1741008570 52324 0
1741008572 51814 0
1741008574 52512 0
1741008576 52523 0
1741008578 52103 0
1741008580 52510 0
1741008582 52589 0
1741008584 52275 0
1741008586 52395 0
1741008588 52458 0
1741008590 52781 0
1741008592 52956 0
1741008594 52929 0
1741008596 52691 0
1741008598 52708 0
1741008600 52214 0
1741008602 52391 0
1741008604 52465 0
1741008606 52853 0
1741008608 52708 0
1741008610 52568 0
1741008612 52638 0
1741008614 52924 0
1741008616 52753 0
1741008618 52500 0
1741008620 52858 0
1741008622 52582 0
1741008624 52902 0
1741008626 53042 0
1741008628 53288 0
1741008630 52893 0
1741008632 53118 0
1741008634 53392 0
1741008636 52924 0
1741008638 52268 0
1741008640 53008 0
1741008642 52869 0
1741008644 52829 0
1741008646 53153 0
1741008648 52751 0
1741008650 52974 0
1741008652 52647 0
1741008654 52844 0
1741008656 53249 0
1741008658 52533 0
1741008660 53053 0
1741008662 53807 0
1741008664 53390 0
1741008666 52531 0
1741008668 52753 0
1741008670 52191 0
1741008672 52407 0
1741008674 52856 0
1741008676 53283 0
1741008678 53538 0
1741008680 53347 0
1741008682 53502 0
1741008684 53225 0
1741008686 52989 0
1741008688 53293 0
1741008690 52865 0
1741008692 53046 0
1741008694 52885 0
1741008696 52804 0
1741008698 52842 0
1741008700 52898 0
1741008702 52636 0
1741008704 52809 0
1741008706 52637 0
1741008708 52281 0
1741008710 52650 0
1741008712 52239 0
1741008714 52222 0
1741008716 52379 0
1741008718 52707 0
1741008720 52857 0
1741008722 52805 0
1741008724 52597 0
1741008726 52560 0
1741008728 52031 0
1741008730 52233 0
1741008732 52402 0
1741008734 52717 0
1741008736 53244 0
1741008738 52619 0
1741008740 52408 0
1741008742 52018 0
1741008744 51934 0
1741008746 52208 0
1741008748 52146 0
1741008750 52248 0
1741008752 52649 0
1741008754 52244 0
1741008756 52466 0
1741008758 52151 0
1741008760 51938 0
1741008762 52321 0
1741008764 52262 0
1741008766 51908 0
1741008768 52247 0
1741008770 52564 0
1741008772 52184 0
1741008774 52001 0
1741008776 52293 0
1741008778 52436 0
1741008780 52099 0
1741008782 52148 0
1741008784 52497 0
1741008786 52063 0
1741008788 52531 0
1741008790 52101 0
1741008792 52118 0
1741008794 52212 0
1741008796 52147 0
1741008798 52154 0
1741008800 51901 0
1741008802 52158 0
1741008804 52681 0
1741008806 52792 0
1741008808 52192 0
1741008810 51665 0
1741008812 52206 0
1741008814 52520 0
1741008816 52013 0
1741008818 52359 0
1741008820 52519 0
1741008822 52448 0
1741008824 52647 0
1741008826 52345 0
1741008828 52599 0
1741008830 52206 0
1741008832 52003 0
1741008834 52376 0
1741008836 52196 0
1741008838 52272 0
1741008840 51975 0
1741008842 51901 0
1741008844 52266 0
1741008846 52454 0
1741008848 52093 0
1741008850 52365 0
1741008852 52464 0
1741008854 52220 0
1741008856 52275 0
1741008858 51966 0
1741008860 51809 0
1741008862 52574 0
1741008864 52432 0
1741008866 52701 0
1741008868 52072 0
1741008871 52276 0
1741008873 52138 0
1741008875 52904 0
1741008877 52140 0
1741008879 52345 0
1741008881 52139 0
1741008883 51952 0
1741008885 52320 0
1741008887 52365 0
1741008889 52125 0
1741008891 52427 0
1741008893 52102 0
1741008895 51936 0
1741008897 52037 0
1741008899 52572 0
1741008901 52701 0
1741008903 52130 0
1741008905 52383 0
1741008907 51756 0
1741008909 52162 0
1741008911 51948 0
1741008913 52278 0
1741008915 52032 0
1741008917 52207 0
1741008919 52450 0
1741008921 52241 0
1741008923 52474 0
1741008925 52373 0
1741008927 52265 0
1741008929 52238 0
1741008931 52399 0
1741008933 51902 0
1741008935 51901 0
1741008937 51789 0
1741008939 52156 0
1741008941 52010 0
1741008943 51895 0
1741008945 52014 0
1741008947 52013 0
1741008949 51895 0
1741008951 51974 0
1741008953 52131 0
1741008955 52185 0
1741008957 52180 0
1741008959 52083 0
1741008961 52345 0
1741008963 52382 0
1741008965 52117 0
1741008967 52154 0
1741008969 52588 0
1741008971 52665 0
1741008973 52134 0
1741008975 51861 0
1741008977 52189 0
1741008979 52813 0
1741008981 52005 0
1741008983 52224 0
1741008985 52358 0
1741008987 52097 0
1741008989 51889 0
1741008991 52666 0
1741008993 52470 0
1741008995 52292 0
1741008997 52361 0
1741008999 52210 0
1741009001 52116 0
1741009003 52388 0
1741009005 52113 0
1741009007 52247 0
1741009009 52546 0
1741009011 52193 0
1741009013 52072 0
1741009015 52391 0
1741009017 51839 0
1741009019 52631 0
1741009021 52075 0
1741009023 52124 0
1741009025 51943 0
1741009027 52285 0
1741009029 52408 0
1741009031 52166 0
1741009033 52520 0
1741009035 52829 0
1741009037 52543 0
1741009039 52157 0
1741009041 51855 0
1741009043 51919 0
1741009045 52272 0
1741009047 52044 0
1741009049 52099 0
1741009051 52171 0
1741009053 51839 0
1741009055 52293 0
1741009057 52390 0
1741009059 52776 0
1741009061 52364 0
1741009063 52151 0
1741009065 52012 0
1741009067 52381 0
1741009069 52278 0
1741009071 52299 0
1741009073 52738 0
1741009075 51841 0
1741009077 52632 0
1741009079 52628 0
1741009081 52522 0
1741009083 52607 0
1741009085 52898 0
1741009087 52298 0
1741009089 52774 0
1741009091 52383 0
1741009093 52266 0
1741009095 52455 0
1741009097 52298 0
1741009099 52390 0
1741009101 52501 0
1741009103 52375 0
1741009105 52188 0
1741009107 52197 0
1741009109 51972 0
1741009111 52531 0
1741009113 52210 0
1741009115 52838 0
1741009117 52156 0
1741009119 52784 0
1741009121 52600 0
1741009123 52605 0
1741009125 56819 0
1741009127 52262 0
1741009129 52366 0
1741009131 52431 0
1741009133 52509 0
1741009135 52786 0
1741009137 51909 0
1741009139 52866 0
1741009141 52351 0
1741009143 52550 0
1741009145 52581 0
1741009147 52186 0
1741009149 52453 0
1741009151 52406 0
1741009153 52041 0
1741009155 52747 0
1741009157 52525 0
1741009159 52759 0
1741009161 52433 0
1741009163 52684 0
1741009165 53016 0
1741009167 52431 0
1741009169 52728 0
1741009171 52690 0
1741009173 52438 0
1741009175 52730 0
1741009177 52495 0
1741009179 52631 0
1741009181 52795 0
1741009183 52083 0
1741009185 52126 0
1741009188 52816 0
1741009190 52511 0
1741009192 52587 0
1741009194 52694 0
1741009196 52417 0
1741009198 52426 0
1741009200 52496 0
1741009202 52108 0
1741009204 52801 0
1741009206 52584 0
1741009208 52261 0
1741009210 52795 0
1741009212 52522 0
1741009214 52143 0
1741009216 52742 0
1741009218 52594 0
1741009220 52521 0
1741009222 52329 0
1741009224 52536 0
1741009226 52603 0
1741009228 52596 0
1741009230 52391 0
1741009232 52422 0
1741009234 52177 0
1741009236 52323 0
1741009238 52319 0
1741009240 52791 0
1741009242 52443 0
1741009244 52494 0
1741009246 52642 0
1741009248 52398 0
1741009250 52767 0
1741009252 52315 0
1741009254 52129 0
1741009256 52496 0
1741009258 52509 0
1741009260 52469 0
1741009262 51912 0
1741009264 52471 0
1741009266 52193 0
1741009268 52689 0
1741009270 52542 0
1741009272 52470 0
1741009274 52378 0
1741009276 52468 0
1741009278 52398 0
1741009280 52974 0
1741009282 52483 0
1741009284 52630 0
1741009286 52200 0
1741009288 52055 0
1741009290 52030 0
1741009292 52229 0
1741009294 53490 0
1741009296 52526 0
1741009298 51887 0
1741009300 52329 0
1741009302 52429 0
1741009304 52707 0
1741009306 52188 0
1741009308 52549 0
1741009310 53518 0
1741009312 52424 0
1741009314 52559 0
1741009316 52613 0
1741009318 51937 0
1741009320 53150 0
1741009322 52474 0
1741009324 52660 0
1741009326 52714 0
1741009328 52721 0
1741009330 52562 0
1741009332 53020 0
1741009334 52700 0
1741009336 53076 0
1741009338 53100 0
1741009340 52779 0
1741009342 52292 0
1741009344 52959 0
1741009346 52490 0
1741009348 52195 0
1741009350 52094 0
1741009352 52088 0
1741009354 52623 0
1741009356 52511 0
1741009358 52344 0
1741009360 52479 0
1741009362 52610 0
1741009364 52528 0
1741009366 51824 0
1741009368 52187 0
1741009370 52994 0
1741009372 52227 0
1741009374 52804 0
1741009376 52116 0
1741009378 51999 0
1741009380 52283 0
1741009382 51802 0
1741009384 52473 0
1741009386 52075 0
1741009388 52030 0
1741009390 52397 0
1741009392 51754 0
1741009394 52170 0
1741009396 52837 0
1741009398 52665 0
1741009400 52540 0
1741009402 53063 0
1741009404 52558 0
1741009406 52722 0
1741009408 52126 0
1741009410 52134 0
1741009412 52288 0
1741009414 52473 0
1741009416 52638 0
1741009418 52702 0
1741009420 52556 0
1741009422 52743 0
1741009424 52803 0
1741009426 52567 0
1741009428 52599 0
1741009430 52533 0
1741009432 52518 0
1741009434 52738 0
1741009436 52988 0
1741009438 52385 0
1741009440 53550 0
1741009442 52674 0
1741009444 52615 0
1741009446 52381 0
1741009448 52839 0
1741009450 52915 0
1741009452 52313 0
1741009454 52472 0
1741009456 52396 0
1741009458 52117 0
1741009460 52542 0
1741009462 52537 0
1741009464 52413 0
1741009466 52119 0
1741009468 52356 0
1741009470 52630 0
1741009472 53047 0
1741009474 52633 0
1741009476 52809 0
1741009478 52849 0
1741009480 52872 0
1741009482 52313 0
1741009484 52582 0
1741009486 52758 0
1741009488 53239 0
1741009490 52560 0
1741009492 52606 0
1741009494 52777 0
1741009496 52703 0
1741009498 52996 0
1741009501 52620 0
1741009503 52919 0
1741009505 52960 0
1741009507 52619 0
1741009509 52757 0
1741009511 52150 0
1741009513 52290 0
1741009515 52703 0
1741009517 52603 0
1741009519 52723 0
1741009521 52406 0
1741009523 52468 0
1741009525 52120 0
1741009527 52955 0
1741009529 52937 0
1741009531 52658 0
1741009533 52681 0
1741009535 52374 0
1741009537 52297 0
1741009539 52543 0
1741009541 52582 0
1741009543 52617 0
1741009545 52491 0
1741009547 52433 0
1741009549 52286 0
1741009551 52487 0
1741009553 52527 0
1741009555 52486 0
1741009557 52148 0
1741009559 52398 0
1741009561 52836 0
1741009563 52494 0
1741009565 52925 0
1741009567 52504 0
1741009569 52407 0
1741009571 52386 0
1741009573 52275 0
1741009575 52620 0
1741009577 52738 0
1741009579 52723 0
1741009581 52337 0
1741009583 52497 0
1741009585 52778 0
1741009587 52793 0
1741009589 53003 0
1741009591 53028 0
1741009593 52960 0
1741009595 52904 0
1741009597 53044 0
1741009599 53137 0
1741009601 52612 0
1741009603 52536 0
1741009605 52996 0
1741009607 53002 0
1741009609 52792 0
1741009611 52285 0
1741009613 52341 0
1741009615 52475 0
1741009617 52477 0
1741009619 52357 0
1741009621 52413 0
1741009623 52395 0
1741009625 53203 0
1741009627 53680 0
1741009629 53469 0
1741009631 53192 0
1741009633 53429 0
1741009635 53724 0
1741009637 54576 0
1741009639 52833 0
1741009641 53053 0
1741009643 52669 0
1741009645 53753 0
1741009647 52783 0
1741009649 52735 0
1741009651 52662 0
1741009653 52681 0
1741009655 53245 0
1741009657 53629 0
1741009659 52789 0
1741009661 52682 0
1741009663 53177 0
1741009665 53121 0
1741009667 52758 0
1741009669 52692 0
1741009671 52628 0
1741009673 52598 0
1741009675 52975 0
1741009677 52569 0
1741009679 53064 0
1741009681 53625 0
1741009683 52354 0
1741009685 52894 0
1741009687 52801 0
1741009689 52631 0
1741009691 53205 0
1741009693 52875 0
1741009695 52695 0
1741009697 52479 0
1741009699 52747 0
1741009701 52450 0
1741009703 52832 0
1741009705 53206 0
1741009707 52909 0
1741009709 52820 0
1741009711 52563 0
1741009713 52689 0
1741009715 53414 0
1741009717 52873 0
1741009719 52974 0
1741009721 52903 0
1741009723 52530 0
1741009725 53073 0
1741009727 53231 0
1741009729 53415 0
1741009731 52931 0
1741009733 53279 0
1741009735 54101 0
1741009737 53150 0
1741009739 53491 0
1741009741 53148 0
1741009743 53382 0
1741009745 52555 0
1741009747 52824 0
1741009749 52755 0
1741009751 52846 0
1741009753 52890 0
1741009755 52700 0
1741009757 52612 0
1741009759 52524 0
1741009761 52672 0
1741009763 52926 0
1741009765 53067 0
1741009767 52786 0
1741009769 52713 0
1741009771 52477 0
1741009773 52765 0
1741009775 52703 0
1741009777 52275 0
1741009779 52199 0
1741009781 52683 0
1741009783 52550 0
1741009785 53060 0
1741009787 52770 0
1741009789 53358 0
1741009791 53148 0
1741009793 53126 0
1741009795 53072 0
1741009797 53467 0
1741009799 52942 0
1741009801 53208 0
1741009803 53390 0
1741009806 53144 0
1741009808 53232 0
1741009810 53385 0
1741009812 52962 0
1741009814 53017 0
1741009816 53474 0
1741009818 53216 0
1741009820 53398 0
1741009822 53560 0
1741009824 53015 0
1741009826 52994 0
1741009828 53104 0
1741009830 53277 0
1741009832 52583 0
1741009834 53126 0
1741009836 52659 0
1741009838 52870 0
1741009840 53061 0
1741009842 52946 0
1741009844 53181 0
1741009846 52510 0
1741009848 52645 0
1741009850 52558 0
1741009852 52809 0
1741009854 53078 0
1741009856 53214 0
1741009858 53300 0
1741009860 53366 0
1741009862 53276 0
1741009864 53390 0
1741009866 53030 0
1741009868 53046 0
1741009870 53012 0
1741009872 52895 0
1741009874 52898 0
1741009876 52932 0
1741009878 53542 0
1741009880 52939 0
1741009882 52526 0
1741009884 53007 0
1741009886 52482 0
1741009888 53103 0
1741009890 52569 0
1741009892 52750 0
1741009894 52859 0
1741009896 52992 0
1741009898 53377 0
1741009900 53327 0
1741009902 53492 0
1741009904 52796 0
1741009906 52940 0
1741009908 52591 0
1741009910 53063 0
1741009912 53125 0
1741009914 52957 0
1741009916 53378 0
1741009918 52751 0
1741009920 52718 0
1741009922 53370 0
1741009924 52933 0
1741009926 52782 0
1741009928 53132 0
1741009930 53201 0
1741009932 52701 0
1741009934 52992 0
1741009936 52722 0
1741009938 52857 0
1741009940 52860 0
1741009942 52753 0
1741009944 53025 0
1741009946 52972 0
1741009948 53063 0
1741009950 53298 0
1741009952 52993 0
1741009954 52863 0
1741009956 52851 0
1741009958 52400 0
1741009960 52459 0
1741009962 52910 0
1741009964 53015 0
1741009966 52695 0
1741009968 52703 0
1741009970 52640 0
1741009972 52868 0
1741009974 52569 0
1741009976 52707 0
1741009978 52762 0
1741009980 52496 0
1741009982 52255 0
1741009984 52997 0
1741009986 52707 0
1741009988 52777 0
1741009990 52748 0
1741009992 52933 0
1741009994 53026 0
1741009996 52952 0
1741009998 53150 0
1741010000 53014 0
1741010002 52751 0
1741010004 52841 0
1741010006 52417 0
1741010008 52570 0
1741010010 52473 0
1741010012 52328 0
1741010014 52737 0
1741010016 52891 0
1741010018 53146 0
1741010020 52947 0
1741010022 52236 0
1741010024 53321 0
1741010026 52887 0
1741010028 52827 0
1741010030 52688 0
1741010032 52450 0
1741010034 52777 0
1741010036 52629 0
1741010038 52223 0
1741010040 53618 0
1741010042 52659 0
1741010044 52756 0
1741010046 52549 0
1741010048 52952 0
1741010050 52657 0
1741010052 53277 0
1741010054 52408 0
1741010056 52435 0
1741010058 53191 0
1741010060 53122 0
1741010062 52219 0
1741010064 52270 0
1741010066 53209 0
1741010068 52526 0
1741010070 52906 0
1741010072 52939 0
1741010074 52493 0
1741010076 52440 0
1741010078 52575 0
1741010080 52702 0
1741010082 52559 0
1741010084 52795 0
1741010086 52619 0
1741010088 52546 0
1741010090 52409 0
1741010092 52780 0
1741010094 52379 0
1741010096 52630 0
1741010098 52528 0
1741010100 52611 0
1741010102 52902 0
1741010104 52698 0
1741010106 52258 0
1741010108 52531 0
1741010110 52714 0
1741010112 52585 0
1741010114 52734 0
1741010116 52457 0
1741010118 52649 0
1741010121 52967 0
1741010123 52682 0
1741010125 52521 0
1741010127 53256 0
1741010129 52292 0
1741010131 52417 0
1741010133 52507 0
1741010135 52973 0
1741010137 52672 0
1741010139 52531 0
1741010141 52686 0
1741010143 53361 0
1741010145 52978 0
1741010147 53158 0
1741010149 52914 0
1741010151 52695 0
1741010153 52818 0
1741010155 52556 0
1741010157 52486 0
1741010159 53090 0
1741010161 53074 0
1741010163 53010 0
1741010165 52696 0
1741010167 53104 0
1741010169 53089 0
1741010171 52881 0
1741010173 53047 0
1741010175 52680 0
1741010177 53142 0
1741010179 52756 0
1741010181 52796 0
1741010183 52534 0
1741010185 52870 0
1741010187 52765 0
1741010189 52352 0
1741010191 52783 0
1741010193 52823 0
1741010195 52635 0
1741010197 53099 0
1741010199 52716 0
1741010201 52978 0
1741010203 52732 0
1741010205 52937 0
1741010207 52728 0
1741010209 52788 0
1741010211 52855 0
1741010213 52569 0
1741010215 52780 0
1741010217 52997 0
1741010219 52592 0
1741010221 52434 0
1741010223 52782 0
1741010225 53108 0
1741010227 52494 0
1741010229 52500 0
1741010231 52815 0
1741010233 53012 0
1741010235 53002 0
1741010237 53533 0
1741010239 52947 0
1741010241 52970 0
1741010243 52968 0
1741010245 52769 0
1741010247 52805 0
1741010249 52524 0
1741010251 52718 0
1741010253 52529 0
1741010255 52535 0
1741010257 52392 0
1741010259 52409 0
1741010261 52770 0
1741010263 52928 0
1741010265 52692 0
1741010267 52771 0
1741010269 52792 0
1741010271 53001 0
1741010273 53018 0
1741010275 53173 0
1741010277 53150 0
1741010279 52699 0
1741010281 52631 0
1741010283 53002 0
1741010285 53496 0
1741010287 52864 0
1741010289 52974 0
1741010291 53473 0
1741010293 53078 0
1741010295 52876 0
1741010297 53105 0
1741010299 53096 0
1741010301 53279 0
1741010303 53198 0
1741010305 52945 0
1741010307 52898 0
1741010309 52696 0
1741010311 53364 0
1741010313 53189 0
1741010315 53220 0
1741010317 53593 0
1741010319 53694 0
1741010321 52817 0
1741010323 53178 0
1741010325 53115 0
1741010327 53588 0
1741010329 53383 0
1741010331 53134 0
1741010333 53296 0
1741010335 52959 0
1741010337 53024 0
1741010339 53359 0
1741010341 52940 0
1741010343 53070 0
1741010345 53272 0
1741010347 52973 0
1741010349 52877 0
1741010351 52851 0
1741010353 53619 0
1741010355 53410 0
1741010357 53064 0
1741010359 52996 0
1741010361 53117 0
1741010363 53012 0
1741010365 53217 0
1741010367 53427 0
1741010369 53193 0
1741010371 53360 0
1741010373 53291 0
1741010375 53574 0
1741010377 53583 0
1741010379 53513 0
1741010381 53361 0
1741010383 52923 0
1741010385 53350 0
1741010387 52966 0
1741010389 53417 0
1741010391 53422 0
1741010393 53475 0
1741010395 53405 0
1741010397 53185 0
1741010399 52770 0
1741010401 53312 0
1741010403 53369 0
1741010405 53410 0
1741010407 53784 0
1741010409 53775 0
1741010411 53628 0
1741010413 53209 0
1741010415 53136 0
1741010417 53113 0
1741010419 53258 0
1741010421 53306 0
1741010423 53605 0
1741010425 53132 0
1741010427 53232 0
1741010429 53114 0
1741010431 53315 0
1741010433 52997 0
1741010436 53117 0
1741010438 52737 0
1741010440 53167 0
1741010442 53397 0
1741010444 53372 0
1741010446 52937 0
1741010448 53274 0
1741010450 53268 0
1741010452 53470 0
1741010454 53438 0
1741010456 53057 0
1741010458 53048 0
1741010460 53392 0
1741010462 53105 0
1741010464 53547 0
1741010466 52986 0
1741010468 53144 0
1741010470 53283 0
1741010472 53319 0
1741010474 53408 0
1741010476 53318 0
1741010478 53168 0
1741010480 53505 0
1741010482 53159 0
1741010484 53063 0
1741010486 53279 0
1741010488 53576 0
1741010490 53505 0
1741010492 53389 0
1741010494 53385 0
1741010496 53360 0
1741010498 53502 0
1741010500 53392 0
1741010502 53300 0
1741010504 53252 0
1741010506 53353 0
1741010508 53350 0
1741010510 53760 0
1741010512 53339 0
1741010514 53432 0
1741010516 53383 0
1741010518 53057 0
1741010520 53349 0
1741010522 53108 0
1741010524 53405 0
1741010526 53476 0
1741010528 52996 0
1741010530 53130 0
1741010532 52729 0
1741010534 53253 0
1741010536 53058 0
1741010538 53038 0
1741010540 52962 0
1741010542 52840 0
1741010544 52634 0
1741010546 52427 0
1741010548 52773 0
1741010550 52456 0
1741010552 52861 0
1741010554 53208 0
1741010556 53041 0
1741010558 53443 0
1741010560 53045 0
1741010562 52721 0
1741010564 52570 0
1741010566 52939 0
1741010568 53249 0
1741010570 52980 0
1741010572 52918 0
1741010574 52984 0
1741010576 52916 0
1741010578 52706 0
1741010580 52376 0
1741010582 53373 0
1741010584 52813 0
1741010586 53084 0
1741010588 52694 0
1741010590 52673 0
1741010592 52677 0
1741010594 52454 0
1741010596 52921 0
1741010598 52837 0
1741010600 52774 0
1741010602 52730 0
1741010604 52466 0
1741010606 52820 0
1741010608 52721 0
1741010610 52816 0
1741010612 52786 0
1741010614 52586 0
1741010616 52627 0
1741010618 52821 0
1741010620 52893 0
1741010622 52493 0
1741010624 52628 0
1741010626 52416 0
1741010628 52787 0
1741010630 52443 0
1741010632 52615 0
1741010634 52919 0
1741010636 52690 0
1741010638 53000 0
1741010640 53018 0
1741010642 52676 0
1741010644 52928 0
1741010646 52538 0
1741010648 52546 0
1741010650 52739 0
1741010652 52620 0
1741010654 52703 0
1741010656 52644 0
1741010658 52736 0
1741010660 52797 0
1741010662 52403 0
1741010664 52813 0
1741010666 52421 0
1741010668 52540 0
1741010670 52378 0
1741010672 52724 0
1741010674 52386 0
1741010676 52473 0
1741010678 52578 0
1741010680 52598 0
1741010682 52570 0
1741010684 52392 0
1741010686 52817 0
1741010688 52622 0
1741010690 52608 0
1741010692 52031 0
1741010694 52859 0
1741010696 52339 0
1741010698 52084 0
1741010700 52407 0
1741010702 52593 0
1741010704 52353 0
1741010706 52711 0
1741010708 52052 0
1741010710 52711 0
1741010712 52537 0
1741010714 52751 0
1741010716 52527 0
1741010718 52543 0
1741010720 52471 0
1741010722 52893 0
1741010724 52208 0
1741010726 52438 0
1741010728 52143 0
1741010730 52489 0
1741010732 52204 0
1741010734 52804 0
1741010736 52301 0
1741010738 52419 0
1741010740 52235 0
1741010742 52432 0
1741010744 54064 0
1741010747 52518 0
1741010749 52765 0
1741010751 52656 0
1741010753 52634 0
1741010755 52498 0
1741010757 52486 0
1741010759 52211 0
1741010761 52798 0
1741010763 52580 0
1741010765 52492 0
1741010767 52849 0
1741010769 52404 0
1741010771 52472 0
1741010773 52721 0
1741010775 52806 0
1741010777 52234 0
1741010779 52911 0
1741010781 52174 0
1741010783 51999 0
1741010785 52316 0
1741010787 51887 0
1741010789 52377 0
1741010791 52283 0
1741010793 52440 0
1741010795 52331 0
1741010797 52603 0
1741010799 52659 0
1741010801 52382 0
1741010803 52501 0
1741010805 52424 0
1741010807 52627 0
1741010809 52245 0
1741010811 52546 0
1741010813 52437 0
1741010815 52578 0
1741010817 52174 0
1741010819 52125 0
1741010821 52367 0
1741010823 52373 0
1741010825 52727 0
1741010827 52395 0
1741010829 52606 0
1741010831 52170 0
1741010833 52175 0
1741010835 52592 0
1741010837 52506 0
1741010839 52391 0
1741010841 52228 0
1741010843 52390 0
1741010845 52507 0
1741010847 52327 0
1741010849 52464 0
1741010851 52214 0
1741010853 52303 0
1741010855 52484 0
1741010857 52310 0
1741010859 52358 0
1741010861 52619 0
1741010863 52516 0
1741010865 52769 0
1741010867 52668 0
1741010869 52777 0
1741010871 52124 0
1741010873 52558 0
1741010875 52341 0
1741010877 51976 0
1741010879 52191 0
1741010881 51970 0
1741010883 52978 0
1741010885 52081 0
1741010887 52266 0
1741010889 52432 0
1741010891 52191 0
1741010893 52138 0
1741010895 52189 0
1741010897 52834 0
1741010899 52575 0
1741010901 52421 0
1741010903 52839 0
1741010905 52465 0
1741010907 52094 0
1741010909 52474 0
1741010911 52442 0
1741010913 52742 0
1741010915 52400 0
1741010917 52334 0
1741010919 52314 0
1741010921 52142 0
1741010923 52328 0
1741010925 52218 0
1741010927 52371 0
1741010929 52338 0
1741010931 51902 0
1741010933 51991 0
1741010935 52528 0
1741010937 52601 0
1741010939 52433 0
1741010941 52577 0
1741010943 51879 0
1741010945 52382 0
1741010947 52483 0
1741010949 51847 0
1741010951 52418 0
1741010953 52194 0
1741010955 52265 0
1741010957 52359 0
1741010959 52300 0
1741010961 52634 0
1741010963 52073 0
1741010965 52066 0
1741010967 52210 0
1741010969 52120 0
1741010971 52434 0
1741010973 51879 0
1741010975 52040 0
1741010977 52340 0
1741010979 52060 0
1741010981 51943 0
1741010983 52184 0
1741010985 51881 0
1741010987 52171 0
1741010989 52329 0
1741010991 52280 0
1741010993 51882 0
1741010995 52156 0
1741010997 52313 0
1741010999 52063 0
1741011001 52206 0
1741011003 51979 0
1741011005 51791 0
1741011007 52191 0
1741011009 51887 0
1741011011 52110 0
1741011013 52200 0
1741011015 52409 0
1741011017 52472 0
1741011019 51806 0
1741011021 52335 0
1741011023 52256 0
1741011025 52058 0
1741011027 51985 0
1741011029 52116 0
1741011031 52034 0
1741011033 52027 0
1741011035 52170 0
1741011037 52202 0
1741011039 51943 0
1741011041 51827 0
1741011043 52494 0
1741011045 52223 0
1741011047 52437 0
1741011049 52363 0
1741011051 52020 0
1741011053 52017 0
1741011055 52082 0
1741011057 52126 0
1741011060 51756 0
1741011062 51985 0
1741011064 51528 0
1741011066 52076 0
1741011068 51980 0
1741011070 52324 0
1741011072 52127 0
1741011074 51667 0
1741011076 52036 0
1741011078 52293 0
1741011080 52178 0
1741011082 52180 0
1741011084 52401 0
1741011086 52107 0
1741011088 52393 0
1741011090 51793 0
1741011092 51723 0
1741011094 51905 0
1741011096 51924 0
1741011098 52198 0
1741011100 51824 0
1741011102 51864 0
1741011104 52083 0
1741011106 52036 0
1741011108 51945 0
1741011110 51938 0
1741011112 51962 0
1741011114 52343 0
1741011116 51855 0
1741011118 51960 0
1741011120 51925 0
1741011122 51875 0
1741011124 52012 0
1741011126 52240 0
1741011128 51930 0
1741011130 52243 0
1741011132 51984 0
1741011134 52059 0
1741011136 51859 0
1741011138 52439 0
1741011140 51873 0
1741011142 52012 0
1741011144 52123 0
1741011146 52077 0
1741011148 51807 0
1741011150 52455 0
1741011152 51947 0
1741011154 52026 0
1741011156 51923 0
1741011158 52551 0
1741011160 52007 0
1741011162 52209 0
1741011164 52112 0
1741011166 52620 0
1741011168 52083 0
1741011170 52284 0
1741011172 52049 0
1741011174 51924 0
1741011176 51825 0
1741011178 51794 0
1741011180 52165 0
1741011182 52256 0
1741011184 52173 0
1741011186 52191 0
1741011188 52095 0
1741011190 52543 0
1741011192 52487 0
1741011194 52280 0
1741011196 51885 0
1741011198 51908 0
1741011200 52186 0
1741011202 52279 0
1741011204 51897 0
1741011206 52406 0
1741011208 52239 0
1741011210 51866 0
1741011212 51724 0
1741011214 51286 0
1741011216 51971 0
1741011218 51888 0
1741011220 52085 0
1741011222 51767 0
1741011224 52014 0
1741011226 52020 0
1741011228 52578 0
1741011230 52346 0
1741011232 52079 0
1741011234 52258 0
1741011236 51954 0
1741011238 52109 0
1741011240 51968 0
1741011242 52188 0
1741011244 51539 0
1741011246 52180 0
1741011248 51940 0
1741011250 51929 0
1741011252 52170 0
1741011254 52024 0
1741011256 52184 0
1741011258 52518 0
1741011260 52170 0
1741011262 52584 0
1741011264 52159 0
1741011266 52461 0
1741011268 52353 0
1741011270 52142 0
1741011272 52345 0
1741011274 52321 0
1741011276 52273 0
1741011278 52184 0
1741011280 52075 0
1741011282 52367 0
1741011284 52859 0
1741011286 52166 0
1741011288 52519 0
1741011290 52058 0
1741011292 52350 0
1741011294 52355 0
1741011296 52286 0
1741011298 51927 0
1741011300 52164 0
1741011302 52374 0
1741011304 52368 0
1741011306 52208 0
1741011308 52606 0
1741011310 52317 0
1741011312 52209 0
1741011314 52212 0
1741011316 52218 0
1741011318 52311 0
1741011320 51913 0
1741011322 52318 0
1741011324 52283 0
1741011326 52240 0
1741011328 52378 0
1741011330 54365 0
1741011332 52481 0
1741011334 52417 0
1741011336 52591 0
1741011338 52339 0
1741011340 52489 0
1741011342 52182 0
1741011344 52458 0
1741011346 52442 0
1741011348 52211 0
1741011350 52364 0
1741011352 52020 0
1741011354 52419 0
1741011356 52251 0
1741011358 52273 0
1741011360 51941 0
1741011362 52361 0
1741011364 52257 0
1741011366 52253 0
1741011368 52265 0
1741011370 52088 0
1741011372 52376 0
1741011375 52376 0
1741011377 52807 0
1741011379 52544 0
1741011381 52660 0
1741011383 52498 0
1741011385 53165 0
1741011387 53009 0
1741011389 52851 0
1741011391 52815 0
1741011393 52483 0
1741011395 52690 0
1741011397 52559 0
1741011399 52766 0
1741011401 53246 0
1741011403 52453 0
1741011405 52853 0
1741011407 52976 0
1741011409 52446 0
1741011411 52764 0
1741011413 52051 0
1741011415 52704 0
1741011417 52142 0
1741011419 52431 0
1741011421 52520 0
1741011423 52191 0
1741011425 52506 0
1741011427 52542 0
1741011429 52614 0
1741011431 52654 0
1741011433 52905 0
1741011435 52268 0
1741011437 52640 0
1741011439 52578 0
1741011441 52603 0
1741011443 52460 0
1741011445 52407 0
1741011447 52494 0
1741011449 52097 0
1741011451 52242 0
1741011453 52173 0
1741011455 52487 0
1741011457 52307 0
1741011459 52218 0
1741011461 52095 0
1741011463 52541 0
1741011465 52146 0
1741011467 52441 0
1741011469 52163 0
1741011471 52419 0
1741011473 52035 0
1741011475 52174 0
1741011477 52219 0
1741011479 52058 0
1741011481 52318 0
1741011483 51932 0
1741011485 52522 0
1741011487 52342 0
1741011489 52786 0
1741011491 52324 0
1741011493 51898 0
1741011495 51975 0
1741011497 52034 0
1741011499 51819 0
1741011501 52227 0
1741011503 52354 0
1741011505 52616 0
1741011507 52221 0
1741011509 52012 0
1741011511 52461 0
1741011513 52155 0
1741011515 52213 0
1741011517 52596 0
1741011519 52688 0
1741011521 52512 0
1741011523 52348 0
1741011525 52028 0
1741011527 52441 0
1741011529 52252 0
1741011531 51827 0
1741011533 52377 0
1741011535 51966 0
1741011537 52357 0
1741011539 52274 0
1741011541 52210 0
1741011543 51974 0
1741011545 51907 0
1741011547 52348 0
1741011549 52147 0
1741011551 52419 0
1741011553 52248 0
1741011555 52184 0
1741011557 52245 0
1741011559 52005 0
1741011561 51956 0
1741011563 52063 0
1741011565 52516 0
1741011567 52088 0
1741011569 51694 0
1741011571 52241 0
1741011573 52124 0
1741011575 52028 0
1741011577 52306 0
1741011579 52115 0
1741011581 52242 0
1741011583 52041 0
1741011585 52465 0
1741011587 51968 0
1741011589 52396 0
1741011591 52305 0
1741011593 52160 0
1741011595 52239 0
1741011597 52122 0
1741011599 52036 0
1741011601 52354 0
1741011603 52440 0
1741011605 52465 0
1741011607 52253 0
1741011609 51888 0
1741011611 52272 0
1741011613 52409 0
1741011615 52272 0
1741011617 52775 0
1741011619 52240 0
1741011621 52485 0
1741011623 52216 0
1741011625 52187 0
1741011627 52058 0
1741011629 52462 0
1741011631 52461 0
1741011633 52412 0
1741011635 52054 0
1741011637 51931 0
1741011639 52140 0
1741011641 52309 0
1741011643 52343 0
1741011645 51950 0
1741011647 52189 0
1741011649 52485 0
1741011651 52300 0
1741011653 52076 0
1741011655 51878 0
1741011657 52388 0
1741011659 52158 0
1741011661 52195 0
1741011663 52082 0
1741011665 52317 0
1741011667 52317 0
1741011669 51911 0
1741011671 52070 0
1741011673 52490 0
1741011675 52375 0
1741011677 52323 0
1741011679 52132 0
1741011681 52503 0
1741011684 52493 0
1741011686 52369 0
1741011688 52556 0
1741011690 52373 0
1741011692 52529 0
1741011694 52046 0
1741011696 52462 0
1741011698 51973 0
1741011700 52091 0
1741011702 52232 0
1741011704 52186 0
1741011706 52357 0
1741011708 52298 0
1741011710 52232 0
1741011712 52120 0
1741011714 51940 0
1741011716 52030 0
1741011718 51783 0
1741011720 51938 0
1741011722 52263 0
1741011724 52218 0
1741011726 52428 0
1741011728 51855 0
1741011730 51920 0
1741011732 52045 0
1741011734 52334 0
1741011736 52618 0
1741011738 52024 0
1741011740 52324 0
1741011742 52414 0
1741011744 52158 0
1741011746 51870 0
1741011748 52180 0
1741011750 52228 0
1741011752 51931 0
1741011754 51930 0
1741011756 52482 0
1741011758 52149 0
1741011760 52622 0
1741011762 52006 0
1741011764 52868 0
1741011766 52263 0
1741011768 52239 0
1741011770 52398 0
1741011772 52455 0
1741011774 52633 0
1741011776 52663 0
1741011778 52266 0
1741011780 52455 0
1741011782 53392 0
1741011784 53415 0
1741011786 55031 0
1741011788 52704 0
1741011790 52248 0
1741011792 52232 0
1741011794 52668 0
1741011796 52818 0
1741011798 52724 0
1741011800 52991 0
1741011802 52764 0
1741011804 52658 0
1741011806 52221 0
1741011808 52487 0
1741011810 52918 0
1741011812 52202 0
1741011814 52527 0
1741011816 52384 0
1741011818 52606 0
1741011820 52112 0
1741011822 52229 0
1741011824 52055 0
1741011826 52520 0
1741011828 52921 0
1741011830 52460 0
1741011832 51955 0
1741011834 52624 0
1741011836 52278 0
1741011838 52068 0
1741011840 52896 0
1741011842 52797 0
1741011844 52456 0
1741011846 52427 0
1741011848 52824 0
1741011850 52587 0
1741011852 52377 0
1741011854 52214 0
1741011856 52423 0
1741011858 52535 0
1741011860 52473 0
1741011862 52160 0
1741011864 52240 0
1741011866 52490 0
1741011868 51758 0
1741011870 51773 0
1741011872 51933 0
1741011874 52364 0
1741011876 52071 0
1741011878 52377 0
1741011880 52316 0
1741011882 51840 0
1741011884 52460 0
1741011886 52091 0
1741011888 52162 0
1741011890 52396 0
1741011892 52056 0
1741011894 52040 0
1741011896 52166 0
1741011898 52099 0
1741011900 52284 0
1741011902 52072 0
1741011904 52097 0
1741011906 52256 0
1741011908 52020 0
1741011910 52385 0
1741011912 52517 0
1741011914 52096 0
1741011916 52328 0
1741011918 52335 0
1741011920 51704 0
1741011922 51854 0
1741011924 52207 0
1741011926 51808 0
1741011928 51807 0
1741011930 52363 0
1741011932 51893 0
1741011934 51974 0
1741011936 52004 0
1741011938 52335 0
1741011940 52490 0
1741011942 52368 0
1741011944 52542 0
1741011946 52450 0
1741011948 52301 0
1741011950 52941 0
1741011952 52518 0
1741011954 52497 0
1741011956 52474 0
1741011958 52331 0
1741011960 52183 0
1741011962 52409 0
1741011964 52167 0
1741011966 52264 0
1741011968 52568 0
1741011970 51726 0
1741011972 52198 0
1741011974 52390 0
1741011976 52196 0
1741011978 52352 0
1741011980 51989 0
1741011982 52308 0
1741011984 52489 0
1741011986 52588 0
1741011988 52317 0
1741011990 52167 0
1741011992 52257 0
1741011995 52322 0
1741011997 52080 0
1741011999 52138 0
1741012001 52120 0
1741012003 51978 0
1741012005 51941 0
1741012007 52025 0
1741012009 52212 0
1741012011 52165 0
1741012013 52099 0
1741012015 52036 0
1741012017 52281 0
1741012019 51459 0
1741012021 51779 0
1741012023 51864 0
1741012025 51974 0
1741012027 51685 0
1741012029 51782 0
1741012031 51927 0
1741012033 52150 0
1741012035 51723 0
1741012037 52080 0
1741012039 51670 0
1741012041 51103 0
1741012043 52122 0
1741012045 52390 0
1741012047 52454 0
1741012049 51923 0
1741012051 51902 0
1741012053 52040 0
1741012055 52224 0
1741012057 51568 0
1741012059 52228 0
1741012061 51811 0
1741012063 52322 0
1741012065 51986 0
1741012067 51859 0
1741012069 52175 0
1741012071 52087 0
1741012073 52082 0
1741012075 51947 0
1741012077 51905 0
1741012079 51770 0
1741012081 51863 0
1741012083 51991 0
1741012085 51644 0
1741012087 52177 0
1741012089 52115 0
1741012091 51944 0
1741012093 52069 0
1741012095 52021 0
1741012097 51634 0
1741012099 52401 0
1741012101 52396 0
1741012103 52329 0
1741012105 51826 0
1741012107 52444 0
1741012109 52599 0
1741012111 52570 0
1741012113 52158 0
1741012115 52317 0
1741012117 52240 0
1741012119 52777 0
1741012121 52616 0
1741012123 52338 0
1741012125 52032 0
1741012127 51945 0
1741012129 52005 0
1741012131 51810 0
1741012133 51884 0
1741012135 52149 0
1741012137 52096 0
1741012139 52158 0
1741012141 52075 0
1741012143 52580 0
1741012145 52878 0
1741012147 52053 0
1741012149 51810 0
1741012151 51958 0
1741012153 52486 0
1741012155 52334 0
1741012157 52235 0
1741012159 52023 0
1741012161 52202 0
1741012163 52290 0
1741012165 52757 0
1741012167 52332 0
1741012169 51801 0
1741012171 52462 0
1741012173 51771 0
1741012175 51876 0
1741012177 52157 0
1741012179 52283 0
1741012181 52435 0
1741012183 52001 0
1741012185 52196 0
1741012187 52268 0
1741012189 52316 0
1741012191 51911 0
1741012193 52090 0
1741012195 52154 0
1741012197 52176 0
1741012199 52100 0
1741012201 52187 0
1741012203 52419 0
1741012205 52503 0
1741012207 51823 0
1741012209 53797 0
1741012211 52299 0
1741012213 52660 0
1741012215 52021 0
1741012217 52262 0
1741012219 52251 0
1741012221 52346 0
1741012223 52005 0
1741012225 52160 0
1741012227 51954 0
1741012229 52033 0
1741012231 51823 0
1741012233 51891 0
1741012235 52024 0
1741012237 51874 0
1741012239 51962 0
1741012241 52049 0
1741012243 51892 0
1741012245 52298 0
1741012247 52137 0
1741012249 51638 0
1741012251 52198 0
1741012253 51779 0
1741012255 52063 0
1741012257 51610 0
1741012259 52044 0
1741012261 51979 0
1741012263 52083 0
1741012265 52008 0
1741012267 51938 0
1741012269 51818 0
1741012271 52364 0
1741012273 51750 0
1741012275 52711 0
1741012277 52446 0
1741012279 52242 0
1741012281 51749 0
1741012283 51973 0
1741012285 52545 0
1741012287 52192 0
1741012289 51786 0
1741012291 52462 0
1741012293 52037 0
1741012295 51983 0
1741012297 52278 0
1741012299 51742 0
1741012301 52291 0
1741012303 52334 0
1741012305 52293 0
1741012307 52304 0
1741012310 52495 0
1741012312 51964 0
1741012314 52003 0
1741012316 51948 0
1741012318 51955 0
1741012320 51968 0
1741012322 51844 0
1741012324 51885 0
1741012326 52533 0
1741012328 52008 0
1741012330 51802 0
1741012332 52368 0
1741012334 52002 0
1741012336 51956 0
1741012338 51507 0
1741012340 51721 0
1741012342 52099 0
1741012344 51841 0
1741012346 51706 0
1741012348 51863 0
1741012350 52280 0
1741012352 52021 0
1741012354 52103 0
1741012356 52249 0
1741012358 52102 0
1741012360 52289 0
1741012362 52104 0
1741012364 52170 0
1741012366 51672 0
1741012368 52024 0
1741012370 52369 0
1741012372 51996 0
1741012374 51906 0
1741012376 51763 0
1741012378 51768 0
1741012380 52089 0
1741012382 51981 0
1741012384 52076 0
1741012386 52152 0
1741012388 51937 0
1741012390 52275 0
1741012392 51903 0
1741012394 52028 0
1741012396 52078 0
1741012398 51932 0
1741012400 52324 0
1741012402 52213 0
1741012404 51767 0
1741012406 52045 0
1741012408 51687 0
1741012410 51695 0
1741012412 52070 0
1741012414 51687 0
1741012416 51806 0
1741012418 51693 0
1741012420 51846 0
1741012422 51860 0
1741012424 52082 0
1741012426 51651 0
1741012428 51774 0
1741012430 51939 0
1741012432 52594 0
1741012434 51454 0
1741012436 51895 0
1741012438 51541 0
1741012440 52152 0
1741012442 51701 0
1741012444 51790 0
1741012446 51856 0
1741012448 52071 0
1741012450 52083 0
1741012452 51861 0
1741012454 51935 0
1741012456 51865 0
1741012458 52934 0
1741012460 52106 0
1741012462 51815 0
1741012464 52186 0
1741012466 51872 0
1741012468 52237 0
1741012470 51516 0
1741012472 51449 0
1741012474 51835 0
1741012476 51408 0
1741012478 51853 0
1741012480 51771 0
1741012482 51555 0
1741012484 51886 0
1741012486 51520 0
1741012488 51848 0
1741012490 51914 0
1741012492 51589 0
1741012494 51546 0
1741012496 51664 0
1741012498 51680 0
1741012500 51593 0
1741012502 51979 0
1741012504 51564 0
1741012506 51562 0
1741012508 51562 0
1741012510 51857 0
1741012512 51854 0
1741012514 51282 0
1741012516 51582 0
1741012518 51892 0
1741012520 51812 0
1741012522 51961 0
1741012524 52068 0
1741012526 51657 0
1741012528 51882 0
1741012530 51726 0
1741012532 51270 0
1741012534 51662 0
1741012536 51755 0
1741012538 51881 0
1741012540 51805 0
1741012542 52024 0
1741012544 51862 0
1741012546 51426 0
1741012548 51581 0
1741012550 51254 0
1741012552 52001 0
1741012554 51201 0
1741012556 51659 0
1741012558 51984 0
1741012560 52072 0
1741012562 51857 0
1741012564 51748 0
1741012566 51554 0
1741012568 51530 0
1741012570 51923 0
1741012572 52034 0
1741012574 51897 0
1741012576 51817 0
1741012578 52823 0
1741012580 51748 0
1741012582 51725 0
1741012584 51710 0
1741012586 51725 0
1741012588 51592 0
1741012590 51440 0
1741012592 51663 0
1741012594 51437 0
1741012596 51684 0
1741012598 51583 0
1741012600 51731 0
1741012602 51533 0
1741012604 51582 0
1741012606 51570 0
1741012608 51678 0
1741012610 51453 0
1741012612 51568 0
1741012614 51334 0
1741012616 51404 0
1741012618 51726 0
1741012620 51720 0
1741012622 51299 0
1741012625 51514 0
1741012627 51664 0
1741012629 51366 0
1741012631 51537 0
1741012633 51600 0
1741012635 51545 0
1741012637 51276 0
1741012639 51497 0
1741012641 51443 0
1741012643 51770 0
1741012645 51518 0
1741012647 51887 0
1741012649 51474 0
1741012651 51348 0
1741012653 51667 0
1741012655 51783 0
1741012657 51698 0
1741012659 51459 0
1741012661 51657 0
1741012663 51551 0
1741012665 51780 0
1741012667 51627 0
1741012669 51620 0
1741012671 51337 0
1741012673 51692 0
1741012675 51324 0
1741012677 51575 0
1741012679 51968 0
1741012681 52102 0
1741012683 52218 0
1741012685 51469 0
1741012687 51618 0
1741012689 51523 0
1741012691 51772 0
1741012693 51711 0
1741012695 51671 0
1741012697 51465 0
1741012699 51947 0
1741012701 51729 0
1741012703 51953 0
1741012705 51753 0
1741012707 51723 0
1741012709 51744 0
1741012711 51717 0
1741012713 51623 0
1741012715 51961 0
1741012717 51507 0
1741012719 51855 0
1741012721 51633 0
1741012723 51661 0
1741012725 52095 0
1741012727 51845 0
1741012729 51721 0
1741012731 51740 0
1741012733 52070 0
1741012735 51843 0
1741012737 51777 0
1741012739 51774 0
1741012741 51631 0
1741012743 51791 0
1741012745 51626 0
1741012747 52066 0
1741012749 51754 0
1741012751 52048 0
1741012753 51661 0
1741012755 51449 0
1741012757 51596 0
1741012759 51528 0
1741012761 52001 0
1741012763 52164 0
1741012765 51899 0
1741012767 51844 0
1741012769 51439 0
1741012771 51589 0
1741012773 52010 0
1741012775 51988 0
1741012777 52099 0
1741012779 51530 0
1741012781 51574 0
1741012783 52027 0
1741012785 51546 0
1741012787 51479 0
1741012789 51429 0
1741012791 52076 0
1741012793 51739 0
1741012795 52065 0
1741012797 51633 0
1741012799 51805 0
1741012801 52094 0
1741012803 51989 0
1741012805 56808 0
1741012807 51787 0
1741012809 51646 0
1741012811 51784 0
1741012813 51998 0
1741012815 51793 0
1741012817 51800 0
1741012819 51689 0
1741012821 51521 0
1741012823 51813 0
1741012825 52108 0
1741012827 52154 0
1741012829 52381 0
1741012831 51512 0
1741012833 52024 0
1741012835 51772 0
1741012837 52071 0
1741012839 52067 0
1741012841 51912 0
1741012843 52124 0
1741012845 52045 0
1741012847 51959 0
1741012849 51973 0
1741012851 51821 0
1741012853 51723 0
1741012855 52218 0
1741012857 51847 0
1741012859 51983 0
1741012861 51727 0
1741012863 51900 0
1741012865 52034 0
1741012867 51915 0
1741012869 51582 0
1741012871 51844 0
1741012873 51935 0
1741012875 52108 0
1741012877 52303 0
1741012879 52253 0
1741012881 52109 0
1741012883 52089 0
1741012885 52036 0
1741012887 52087 0
1741012889 52135 0
1741012891 51595 0
1741012893 51927 0
1741012895 52327 0
1741012897 52136 0
1741012899 51795 0
1741012901 52345 0
1741012903 51731 0
1741012905 52752 0
1741012907 52020 0
1741012909 52224 0
1741012911 52232 0
1741012913 51860 0
1741012915 52068 0
1741012917 52459 0
1741012919 52073 0
1741012921 51707 0
1741012923 52186 0
1741012925 52264 0
1741012927 52204 0
1741012929 51868 0
1741012931 52404 0
1741012933 52279 0
1741012935 52088 0
1741012938 52348 0
1741012940 52063 0
1741012942 52308 0
1741012944 52303 0
1741012946 52313 0
1741012948 52153 0
1741012950 52270 0
1741012952 51971 0
1741012954 52521 0
1741012956 52400 0
1741012958 52181 0
1741012960 51997 0
1741012962 52170 0
1741012964 52466 0
1741012966 52894 0
1741012968 52349 0
1741012970 52390 0
1741012972 53013 0
1741012974 52271 0
1741012976 52180 0
1741012978 52607 0
1741012980 51983 0
1741012982 52006 0
1741012984 52286 0
1741012986 51989 0
1741012988 51705 0
1741012990 52384 0
1741012992 52051 0
1741012994 52373 0
1741012996 52208 0
1741012998 51742 0
1741013000 52231 0
1741013002 52276 0
1741013004 52178 0
1741013006 51955 0
1741013008 51928 0
1741013010 51896 0
1741013012 51846 0
1741013014 52023 0
1741013016 52004 0
1741013018 51691 0
1741013020 51445 0
1741013022 51587 0
1741013024 51688 0
1741013026 51978 0
1741013028 51835 0
1741013030 51418 0
1741013032 51843 0
1741013034 51930 0
1741013036 52034 0
1741013038 51881 0
1741013040 52684 0
1741013042 51681 0
1741013044 51667 0
1741013046 51855 0
1741013048 51786 0
1741013050 51845 0
1741013052 51892 0
1741013054 51738 0
1741013056 51996 0
1741013058 52122 0
1741013060 52004 0
1741013062 51614 0
1741013064 51876 0
1741013066 51684 0
1741013068 52048 0
1741013070 51908 0
1741013072 51977 0
1741013074 51797 0
1741013076 52059 0
1741013078 51998 0
1741013080 52050 0
1741013082 51913 0
1741013084 51680 0
1741013086 51906 0
1741013088 51998 0
1741013090 52325 0
1741013092 51520 0
1741013094 52121 0
1741013096 51982 0
1741013098 52235 0
1741013100 51553 0
1741013102 51622 0
1741013104 51983 0
1741013106 52213 0
1741013108 51930 0
1741013110 51505 0
1741013112 52117 0
1741013114 52122 0
1741013116 51984 0
1741013118 51589 0
1741013120 51486 0
1741013122 52120 0
1741013124 52181 0
1741013126 51643 0
1741013128 51806 0
1741013130 51646 0
1741013132 51459 0
1741013134 51667 0
1741013136 51983 0
1741013138 51794 0
1741013140 51417 0
1741013142 51522 0
1741013144 51539 0
1741013146 51925 0
1741013148 51418 0
1741013150 51698 0
1741013152 51864 0
1741013154 51825 0
1741013156 51631 0
1741013158 51929 0
1741013160 51813 0
1741013162 51598 0
1741013164 52014 0
1741013166 51734 0
1741013168 51745 0
1741013170 51899 0
1741013172 52074 0
1741013174 51567 0
1741013176 51551 0
1741013178 51840 0
1741013180 51982 0
1741013182 52052 0
1741013184 51656 0
1741013186 51553 0
1741013188 51854 0
1741013190 52155 0
1741013192 51711 0
1741013194 51803 0
1741013196 51872 0
1741013198 51620 0
1741013200 51954 0
1741013202 52074 0
1741013204 51838 0
1741013206 51773 0
1741013208 52063 0
1741013210 51485 0
1741013212 51529 0
1741013214 51604 0
1741013216 51409 0
1741013218 51782 0
1741013220 51485 0
1741013222 51772 0
1741013224 51944 0
1741013226 51735 0
1741013228 51673 0
1741013230 51663 0
1741013232 51641 0
1741013234 51879 0
1741013236 51809 0
1741013238 51891 0
1741013240 51617 0
1741013242 51298 0
1741013244 51742 0
1741013246 51419 0
1741013248 51613 0
1741013250 51669 0
1741013252 51671 0
1741013255 51729 0
1741013257 51651 0
1741013259 51734 0
1741013261 51330 0
1741013263 51440 0
1741013265 51675 0
1741013267 51936 0
1741013269 51395 0
1741013271 51560 0
1741013273 51040 0
1741013275 51226 0
1741013277 51648 0
1741013279 51303 0
1741013281 51473 0
1741013283 51529 0
1741013285 51622 0
1741013287 51630 0
1741013289 51629 0
1741013291 51489 0
1741013293 52010 0
1741013295 51427 0
1741013297 51291 0
1741013299 51548 0
1741013301 51653 0
1741013303 51495 0
1741013305 51435 0
1741013307 51401 0
1741013309 51422 0
1741013311 51554 0
1741013313 51739 0
1741013315 51474 0
1741013317 51442 0
1741013319 51584 0
1741013321 51696 0
1741013323 51729 0
1741013325 51322 0
1741013327 51493 0
1741013329 51576 0
1741013331 51633 0
1741013333 51630 0
1741013335 51780 0
1741013337 51854 0
1741013339 51619 0
1741013341 51167 0
1741013343 51692 0
1741013345 51630 0
1741013347 52059 0
1741013349 51556 0
1741013351 51528 0
1741013353 51626 0
1741013355 51876 0
1741013357 51351 0
1741013359 51597 0
1741013361 51633 0
1741013363 51794 0
1741013365 51566 0
1741013367 51738 0
1741013369 51633 0
1741013371 52089 0
1741013373 51481 0
1741013375 51240 0
1741013377 51439 0
1741013379 51410 0
1741013381 51604 0
1741013383 51696 0
1741013385 52023 0
1741013387 51901 0
1741013389 51772 0
1741013391 51690 0
1741013393 51535 0
1741013395 51810 0
1741013397 51431 0
1741013399 51749 0
1741013401 51726 0
1741013403 51700 0
1741013405 52020 0
1741013407 51989 0
1741013409 51761 0
1741013411 51583 0
1741013413 51591 0
1741013415 51919 0
1741013417 51538 0
1741013419 51585 0
1741013421 52300 0
1741013423 52013 0
1741013425 52096 0
1741013427 51533 0
1741013429 51952 0
1741013431 51870 0
1741013433 52069 0
1741013435 51887 0
1741013437 51678 0
1741013439 51844 0
1741013441 52118 0
1741013443 51599 0
1741013445 52052 0
1741013447 52245 0
1741013449 52068 0
1741013451 52097 0
1741013453 52427 0
1741013455 52155 0
1741013457 51450 0
1741013459 51365 0
1741013461 51896 0
1741013463 52168 0
1741013465 51877 0
1741013467 51777 0
1741013469 52032 0
1741013471 51702 0
1741013473 51721 0
1741013475 51734 0
1741013477 51695 0
1741013479 51691 0
1741013481 51712 0
1741013483 51706 0
1741013485 51884 0
1741013487 51895 0
1741013489 52116 0
1741013491 51702 0
1741013493 51995 0
1741013495 51696 0
1741013497 51729 0
1741013499 52219 0
1741013501 52302 0
1741013503 52222 0
1741013505 51929 0
1741013507 51684 0
1741013509 52252 0
1741013511 52232 0
1741013513 52068 0
1741013515 51301 0
1741013517 51780 0
1741013519 51892 0
1741013521 52100 0
1741013523 52026 0
1741013525 51579 0
1741013527 51606 0
1741013529 51898 0
1741013531 51579 0
1741013533 51801 0
1741013535 51859 0
1741013537 51836 0
1741013539 52073 0
1741013541 51954 0
1741013543 51942 0
1741013545 51727 0
1741013547 51753 0
1741013549 51648 0
1741013551 52251 0
1741013553 51899 0
1741013555 52044 0
1741013557 52330 0
1741013559 51778 0
1741013561 51949 0
1741013563 51627 0
1741013566 52055 0
1741013568 52222 0
1741013570 52038 0
1741013572 52327 0
1741013574 52034 0
1741013576 51803 0
1741013578 51542 0
1741013580 51952 0
1741013582 51928 0
1741013584 52018 0
1741013586 54111 0
1741013588 51838 0
1741013590 52110 0
1741013592 51858 0
1741013594 52194 0
1741013596 52294 0
1741013598 52276 0
1741013600 52785 0
1741013602 52806 0
1741013604 52228 0
1741013606 52212 0
1741013608 51964 0
1741013610 52117 0
1741013612 53115 0
1741013614 52655 0
1741013616 51791 0
1741013618 52264 0
1741013620 52338 0
1741013622 52526 0
1741013624 52712 0
1741013626 52525 0
1741013628 52184 0
1741013630 52082 0
1741013632 52505 0
1741013634 52608 0
1741013636 52188 0
1741013638 52159 0
1741013640 52482 0
1741013642 52424 0
1741013644 52426 0
1741013646 52342 0
1741013648 52036 0
1741013650 52524 0
1741013652 52597 0
1741013654 52848 0
1741013656 52280 0
1741013658 52976 0
1741013660 52497 0
1741013662 52277 0
1741013664 52441 0
1741013666 52333 0
1741013668 52265 0
1741013670 52165 0
1741013672 52566 0
1741013674 52372 0
1741013676 52505 0
1741013678 52626 0
1741013680 52026 0
1741013682 52287 0
1741013684 52046 0
1741013686 52479 0
1741013688 52502 0
1741013690 52594 0
1741013692 53056 0
1741013694 52350 0
1741013696 52132 0
1741013698 52455 0
1741013700 52318 0
1741013702 52344 0
1741013704 52445 0
1741013706 52561 0
1741013708 52151 0
1741013710 52197 0
1741013712 52301 0
1741013714 52243 0
1741013716 52169 0
1741013718 52417 0
1741013720 52565 0
1741013722 52275 0
1741013724 52848 0
1741013726 52335 0
1741013728 52372 0
1741013730 52693 0
1741013732 52372 0
1741013734 52360 0
1741013736 52298 0
1741013738 52159 0
1741013740 52427 0
1741013742 51953 0
1741013744 52211 0
1741013746 52391 0
1741013748 52029 0
1741013750 52016 0
1741013752 51969 0
1741013754 52121 0
1741013756 52077 0
1741013758 52126 0
1741013760 52067 0
1741013762 52355 0
1741013764 52567 0
1741013766 52181 0
1741013768 52050 0
1741013770 52277 0
1741013772 52252 0
1741013774 51987 0
1741013776 52123 0
1741013778 52507 0
1741013780 52072 0
1741013782 52120 0
1741013784 52005 0
1741013786 52475 0
1741013788 52206 0
1741013790 52041 0
1741013792 51723 0
1741013794 52151 0
1741013796 51757 0
1741013798 51954 0
1741013800 51982 0
1741013802 52487 0
1741013804 52170 0
1741013806 52319 0
1741013808 52225 0
1741013810 54478 0
1741013812 52360 0
1741013814 52641 0
1741013816 52008 0
1741013818 51811 0
1741013820 51841 0
1741013822 52254 0
1741013824 52141 0
1741013826 52519 0
1741013828 52322 0
1741013830 52309 0
1741013832 52523 0
1741013834 52256 0
1741013836 51944 0
1741013838 51862 0
1741013840 51884 0
1741013842 52254 0
1741013844 51744 0
1741013846 52429 0
1741013848 52054 0
1741013850 51828 0
1741013852 51837 0
1741013854 52018 0
1741013856 52504 0
1741013858 52210 0
1741013860 52287 0
1741013862 52317 0
1741013864 51856 0
1741013866 51857 0
1741013868 52280 0
1741013870 52384 0
1741013872 52014 0
1741013874 52028 0
1741013876 52126 0
1741013878 52156 0
1741013881 51774 0
1741013883 52024 0
1741013885 52350 0
1741013887 52240 0
1741013889 52097 0
1741013891 51838 0
1741013893 52073 0
1741013895 51891 0
1741013897 52079 0
1741013899 51321 0
1741013901 52038 0
1741013903 52547 0
1741013905 51971 0
1741013907 57671 0
1741013909 52135 0
1741013911 52344 0
1741013913 52035 0
1741013915 52148 0
1741013917 52173 0
1741013919 52099 0
1741013921 52419 0
1741013923 52294 0
1741013925 52046 0
1741013927 52381 0
1741013929 52111 0
1741013931 51987 0
1741013933 51611 0
1741013935 52519 0
1741013937 52018 0
1741013939 52138 0
1741013941 52694 0
1741013943 51648 0
1741013945 52034 0
1741013947 52175 0
1741013949 52176 0
1741013951 51796 0
1741013953 51897 0
1741013955 51637 0
1741013957 52083 0
1741013959 51936 0
1741013961 51776 0
1741013963 52009 0
1741013965 52239 0
1741013967 52068 0
1741013969 51698 0
1741013971 52162 0
1741013973 52092 0
1741013975 51857 0
1741013977 51827 0
1741013979 52188 0
1741013981 52025 0
1741013983 51927 0
1741013985 52339 0
1741013987 51662 0
1741013989 52019 0
1741013991 52092 0
1741013993 52216 0
1741013995 52313 0
1741013997 52010 0
1741013999 51786 0
1741014001 52325 0
1741014003 52157 0
1741014005 52085 0
1741014007 52222 0
1741014009 52088 0
1741014011 52110 0
1741014013 51930 0
1741014015 51802 0
1741014017 51714 0
1741014019 52147 0
1741014021 51917 0
1741014023 52143 0
1741014025 51819 0
1741014027 51968 0
1741014029 51428 0
1741014031 51508 0
1741014033 52725 0
1741014035 52592 0
1741014037 51909 0
1741014039 52351 0
1741014041 51639 0
1741014043 52149 0
1741014045 52361 0
1741014047 51643 0
1741014049 52128 0
1741014051 52042 0
1741014053 51833 0
1741014055 51735 0
1741014057 51940 0
1741014059 52084 0
1741014061 51737 0
1741014063 52104 0
1741014065 52334 0
1741014067 51982 0
1741014069 51967 0
1741014071 51820 0
1741014073 52029 0
1741014075 51836 0
1741014077 52045 0
1741014079 51806 0
1741014081 52082 0
1741014083 52029 0
1741014085 51505 0
1741014087 51675 0
1741014089 52013 0
1741014091 51910 0
1741014093 51761 0
1741014095 51619 0
1741014097 52294 0
1741014099 51894 0
1741014101 51999 0
1741014103 51717 0
1741014105 51727 0
1741014107 51968 0
1741014109 51937 0
1741014111 52121 0
1741014113 52529 0
1741014115 52003 0
1741014117 52230 0
1741014119 52049 0
1741014121 51626 0
1741014123 52214 0
1741014125 51979 0
1741014127 52144 0
1741014129 52010 0
1741014131 52107 0
1741014133 51838 0
1741014135 51630 0
1741014137 51870 0
1741014139 51974 0
1741014141 51932 0
1741014143 51723 0
1741014145 51972 0
1741014147 51394 0
1741014149 51946 0
1741014151 52080 0
1741014153 52151 0
1741014155 51779 0
1741014157 51906 0
1741014159 51919 0
1741014161 51698 0
1741014163 51770 0
1741014165 52414 0
1741014167 52499 0
1741014169 52824 0
1741014171 51619 0
1741014173 52024 0
1741014175 53251 0
1741014177 51380 0
1741014179 52516 0
1741014181 53210 0
1741014183 53055 0
1741014186 51546 0
1741014188 52902 0
1741014190 53048 0
1741014192 52499 0
1741014194 52537 0
1741014196 52467 0
1741014198 52281 0
1741014200 52407 0
1741014202 52785 0
1741014204 52726 0
1741014206 52826 0
1741014208 53212 0
1741014210 53019 0
1741014212 52966 0
1741014214 52540 0
1741014216 52891 0
1741014218 53117 0
1741014220 52472 0
1741014222 52675 0
1741014224 52887 0
1741014226 52647 0
1741014228 52805 0
1741014230 52728 0
1741014232 52286 0
1741014234 52443 0
1741014236 52939 0
1741014238 52531 0
1741014240 52668 0
1741014242 52605 0
1741014244 53255 0
1741014246 52407 0
1741014248 53080 0
1741014250 52470 0
1741014252 52744 0
1741014254 52894 0
1741014256 52693 0
1741014258 53041 0
1741014260 52765 0
1741014262 52675 0
1741014264 52706 0
1741014266 52257 0
1741014268 52676 0
1741014270 52650 0
1741014272 52981 0
1741014274 52838 0
1741014276 52784 0
1741014278 52823 0
1741014280 53080 0
1741014282 52678 0
1741014284 52859 0
1741014286 52884 0
1741014288 52340 0
1741014290 52481 0
1741014292 52497 0
1741014294 52478 0
1741014296 52668 0
1741014298 52736 0
1741014300 52412 0
1741014302 52575 0
1741014304 52359 0
1741014306 52189 0
1741014308 52666 0
1741014310 52411 0
1741014312 52573 0
1741014314 52413 0
1741014316 52740 0
1741014318 52537 0
1741014320 52625 0
1741014322 53125 0
1741014324 52368 0
1741014326 52695 0
1741014328 52920 0
1741014330 52763 0
1741014332 52696 0
1741014334 52331 0
1741014336 52308 0
1741014338 52826 0
1741014340 52676 0
1741014342 52099 0
1741014344 52459 0
1741014346 52200 0
1741014348 51800 0
1741014350 53073 0
1741014352 52927 0
1741014354 52317 0
1741014356 52504 0
1741014358 52557 0
1741014360 52605 0
1741014362 52365 0
1741014364 52046 0
1741014366 52580 0
1741014368 52534 0
1741014370 52883 0
1741014372 52504 0
1741014374 52762 0
1741014376 52890 0
1741014378 52793 0
1741014380 52462 0
1741014382 52226 0
1741014384 52546 0
1741014386 52576 0
1741014388 52691 0
1741014390 52076 0
1741014392 52416 0
1741014394 52112 0
1741014396 52220 0
1741014398 52310 0
1741014400 52609 0
1741014402 51855 0
1741014404 51957 0
1741014406 52729 0
1741014408 52396 0
1741014410 52556 0
1741014412 52572 0
1741014414 52557 0
1741014416 52346 0
1741014418 52352 0
1741014420 52053 0
1741014422 52368 0
1741014424 52303 0
1741014426 52145 0
1741014428 52276 0
1741014430 52437 0
1741014432 52446 0
1741014434 52309 0
1741014436 52703 0
1741014438 52430 0
1741014440 52305 0
1741014442 52340 0
1741014444 52010 0
1741014446 52145 0
1741014448 52880 0
1741014450 52843 0
1741014452 52846 0
1741014454 52699 0
1741014456 52790 0
1741014458 52442 0
1741014460 52777 0
1741014462 52434 0
1741014464 52512 0
1741014466 52752 0
1741014468 52732 0
1741014470 52228 0
1741014472 52319 0
1741014474 52503 0
1741014476 52889 0
1741014478 52516 0
1741014480 52399 0
1741014482 52446 0
1741014484 52357 0
1741014486 52063 0
1741014488 52922 0
1741014490 52759 0
1741014492 52421 0
1741014494 52379 0
1741014496 52225 0
1741014498 52493 0
1741014501 52434 0
1741014503 52953 0
1741014505 52616 0
1741014507 53193 0
1741014509 52534 0
1741014511 52549 0
1741014513 52264 0
1741014515 52511 0
1741014517 52836 0
1741014519 52764 0
1741014521 52472 0
1741014523 52345 0
1741014525 52960 0
1741014527 53105 0
1741014529 53087 0
1741014531 52742 0
1741014533 52699 0
1741014535 52708 0
1741014537 52463 0
1741014539 52715 0
1741014541 52648 0
1741014543 52854 0
1741014545 52807 0
1741014547 52769 0
1741014549 52694 0
1741014551 52640 0
1741014553 52786 0
1741014555 52581 0
1741014557 52356 0
1741014559 52328 0
1741014561 52729 0
1741014563 53032 0
1741014565 52441 0
1741014567 52591 0
1741014569 52382 0
1741014571 52207 0
1741014573 52674 0
1741014575 52405 0
1741014577 52172 0
1741014579 52452 0
1741014581 52723 0
1741014583 52493 0
1741014585 53020 0
1741014587 53164 0
1741014589 52471 0
1741014591 52382 0
1741014593 53097 0
1741014595 52414 0
1741014597 52278 0
1741014599 52148 0
1741014601 53238 0
1741014603 52320 0
1741014605 52980 0
1741014607 52804 0
1741014609 52478 0
1741014611 52413 0
1741014613 52516 0
1741014615 52438 0
1741014617 52472 0
1741014619 53093 0
1741014621 52443 0
1741014623 52374 0
1741014625 52423 0
1741014627 52369 0
1741014629 52348 0
1741014631 52637 0
1741014633 52652 0
1741014635 52720 0
1741014637 52709 0
1741014639 52761 0
1741014641 52584 0
1741014643 52590 0
1741014645 52314 0
1741014647 52627 0
1741014649 52468 0
1741014651 52177 0
1741014653 52028 0
1741014655 51932 0
1741014657 52641 0
1741014659 52566 0
1741014661 52368 0
1741014663 52877 0
1741014665 52567 0
1741014667 53105 0
1741014669 52409 0
1741014671 52362 0
1741014673 52532 0
1741014675 52245 0
1741014677 52180 0
1741014679 52030 0
1741014681 52049 0
1741014683 52388 0
1741014685 52639 0
1741014687 52640 0
1741014689 52459 0
1741014691 52743 0
1741014693 52531 0
1741014695 52393 0
1741014697 52741 0
1741014699 52287 0
1741014701 52776 0
1741014703 53690 0
1741014705 53063 0
1741014707 52861 0
1741014709 52366 0
1741014711 52472 0
1741014713 52243 0
1741014715 52563 0
1741014717 52332 0
1741014719 52300 0
1741014721 52485 0
1741014723 52545 0
1741014725 52832 0
1741014727 52691 0
1741014729 52426 0
1741014731 52829 0
1741014733 53018 0
1741014735 53011 0
1741014737 52679 0
1741014739 52620 0
1741014741 52466 0
1741014743 52408 0
1741014745 52571 0
1741014747 52223 0
1741014749 52321 0
1741014751 52381 0
1741014753 52311 0
1741014755 52217 0
1741014757 52551 0
1741014759 52336 0
1741014761 52597 0
1741014763 52872 0
1741014765 52630 0
1741014767 52599 0
1741014769 52460 0
1741014771 52710 0
1741014773 52184 0
1741014775 52839 0
1741014777 52402 0
1741014779 52230 0
1741014781 52445 0
1741014783 52172 0
1741014785 52065 0
1741014787 52226 0
1741014789 52993 0
1741014791 52544 0
1741014793 52519 0
1741014795 52434 0
1741014797 52282 0
1741014799 52361 0
1741014801 52237 0
1741014803 52654 0
1741014805 52156 0
1741014807 52296 0
1741014809 52433 0
1741014811 52277 0
1741014814 52548 0
1741014816 52663 0
1741014818 52604 0
1741014820 52170 0
1741014822 52175 0
1741014824 52548 0
1741014826 52637 0
1741014828 53114 0
1741014830 52602 0
1741014832 52532 0
1741014834 52875 0
1741014836 52847 0
1741014838 52419 0
1741014840 52267 0
1741014842 52244 0
1741014844 52788 0
1741014846 52508 0
1741014848 52483 0
1741014850 52280 0
1741014852 52138 0
1741014854 52520 0
1741014856 52067 0
1741014858 52359 0
1741014860 51900 0
1741014862 52243 0
1741014864 51979 0
1741014866 52637 0
1741014868 52501 0
1741014870 52370 0
1741014872 52375 0
1741014874 52682 0
1741014876 52575 0
1741014878 52262 0
1741014880 51924 0
1741014882 52802 0
1741014884 52237 0
1741014886 52494 0
1741014888 52892 0
1741014890 52996 0
1741014892 52607 0
1741014894 52552 0
1741014896 53704 0
1741014898 52951 0
1741014900 52853 0
1741014902 52604 0
1741014904 53014 0
1741014906 52899 0
1741014908 52621 0
1741014910 52781 0
1741014912 52724 0
1741014914 52710 0
1741014916 52333 0
1741014918 52482 0
1741014920 53672 0
1741014922 52870 0
1741014924 52886 0
1741014926 52633 0
1741014928 53227 0
1741014930 52981 0
1741014932 52458 0
1741014934 52372 0
1741014936 52477 0
1741014938 52226 0
1741014940 52554 0
1741014942 52518 0
1741014944 52520 0
1741014946 52384 0
1741014948 52244 0
1741014950 52454 0
1741014952 53020 0
1741014954 52660 0
1741014956 52992 0
1741014958 52288 0
1741014960 52139 0
1741014962 52421 0
1741014964 52604 0
1741014966 52965 0
1741014968 52639 0
1741014970 52934 0
1741014972 52369 0
1741014974 52581 0
1741014976 52768 0
1741014978 52481 0
1741014980 52576 0
1741014982 52537 0
1741014984 52118 0
1741014986 52371 0
1741014988 52866 0
1741014990 52813 0
1741014992 53055 0
1741014994 52729 0
1741014996 53149 0
1741014998 52876 0
1741015000 53249 0
1741015002 52498 0
1741015004 52804 0
1741015006 52927 0
1741015008 52789 0
1741015010 52725 0
1741015012 52309 0
1741015014 52866 0
1741015016 52708 0
1741015018 52683 0
1741015020 52905 0
1741015022 51941 0
1741015024 52546 0
1741015026 52727 0
1741015028 52066 0
1741015030 52337 0
1741015032 52780 0
1741015034 52398 0
1741015036 52287 0
1741015038 52139 0
1741015040 51903 0
1741015042 52104 0
1741015044 52859 0
1741015046 52864 0
1741015048 52501 0
1741015050 52338 0
1741015052 52137 0
1741015054 52266 0
1741015056 51831 0
1741015058 52311 0
1741015060 52855 0
1741015062 52162 0
1741015064 52336 0
1741015066 52678 0
1741015068 52151 0
1741015070 52460 0
1741015072 51965 0
1741015074 52004 0
1741015076 51999 0
1741015078 52293 0
1741015080 52532 0
1741015082 52159 0
1741015084 52512 0
1741015086 52292 0
1741015088 52305 0
1741015090 52503 0
1741015092 52495 0
1741015094 52530 0
1741015096 52370 0
1741015098 52215 0
1741015100 51949 0
1741015102 52005 0
1741015104 51829 0
1741015106 52212 0
1741015108 52224 0
1741015110 51847 0
1741015112 51957 0
1741015114 51794 0
1741015116 51969 0
1741015118 51798 0
1741015120 52075 0
1741015122 51817 0
1741015124 51789 0
1741015127 51883 0
1741015129 51759 0
1741015131 51912 0
1741015133 51582 0
1741015135 51768 0
1741015137 51622 0
1741015139 52051 0
1741015141 51787 0
1741015143 51695 0
1741015145 51896 0
1741015147 52055 0
1741015149 52095 0
1741015151 52199 0
1741015153 51672 0
1741015155 51776 0
1741015157 51590 0
1741015159 51808 0
1741015161 51526 0
1741015163 51747 0
1741015165 52200 0
1741015167 52312 0
1741015169 52021 0
1741015171 52129 0
1741015173 51803 0
1741015175 52653 0
1741015177 52119 0
1741015179 52374 0
1741015181 52655 0
1741015183 52740 0
1741015185 51789 0
1741015187 51466 0
1741015189 51722 0
1741015191 51910 0
1741015193 52051 0
1741015195 53030 0
1741015197 51734 0
1741015199 51989 0
1741015201 51795 0
1741015203 51776 0
1741015205 51411 0
1741015207 52055 0
1741015209 51508 0
1741015211 51800 0
1741015213 51824 0
1741015215 51569 0
1741015217 51262 0
1741015219 51486 0
1741015221 51953 0
1741015223 51656 0
1741015225 52010 0
1741015227 51693 0
1741015229 51434 0
1741015231 52478 0
1741015233 51916 0
1741015235 51713 0
1741015237 51848 0
1741015239 51684 0
1741015241 51777 0
1741015243 51959 0
1741015245 51678 0
1741015247 51674 0
1741015249 51906 0
1741015251 51420 0
1741015253 51468 0
1741015255 51549 0
1741015257 51705 0
1741015259 51932 0
1741015261 52115 0
1741015263 52691 0
1741015265 52111 0
1741015267 52892 0
1741015269 51415 0
1741015271 51686 0
1741015273 51944 0
1741015275 52088 0
1741015277 51933 0
1741015279 51504 0
1741015281 51702 0
1741015283 51824 0
1741015285 51756 0
1741015287 51770 0
1741015289 52085 0
1741015291 51825 0
1741015293 52139 0
1741015295 52111 0
1741015297 52036 0
1741015299 52267 0
1741015301 52154 0
1741015303 52130 0
1741015305 51858 0
1741015307 51840 0
1741015309 51719 0
1741015311 51986 0
1741015313 51978 0
1741015315 51872 0
1741015317 51783 0
1741015319 51907 0
1741015321 51864 0
1741015323 51610 0
1741015325 52012 0
1741015327 51691 0
1741015329 51605 0
1741015331 51642 0
1741015333 51817 0
1741015335 51576 0
1741015337 51481 0
1741015339 51654 0
1741015341 51864 0
1741015343 51470 0
1741015345 51924 0
1741015347 51399 0
1741015349 51552 0
1741015351 51296 0
1741015353 51840 0
1741015355 51735 0
1741015357 51988 0
1741015359 51871 0
1741015361 51385 0
1741015363 51901 0
1741015365 51799 0
1741015367 51702 0
1741015369 51492 0
1741015371 51494 0
1741015373 51717 0
1741015375 51624 0
1741015377 51660 0
1741015379 51912 0
1741015381 52029 0
1741015383 51574 0
1741015385 51394 0
1741015387 51528 0
1741015389 51683 0
1741015391 51415 0
1741015393 51797 0
1741015395 51402 0
1741015397 51887 0
1741015399 51626 0
1741015401 51351 0
1741015403 51631 0
1741015405 51604 0
1741015407 51716 0
1741015409 51638 0
1741015411 51724 0
1741015413 51307 0
1741015415 51566 0
1741015417 51876 0
1741015419 51927 0
1741015421 51893 0
1741015423 51526 0
1741015425 51433 0
1741015427 51654 0
1741015429 51770 0
1741015431 51394 0
1741015433 51552 0
1741015435 51729 0
1741015437 51590 0
1741015439 52005 0
1741015442 51833 0
1741015444 52014 0
1741015446 51551 0
1741015448 51902 0
1741015450 52295 0
1741015452 51529 0
1741015454 51553 0
1741015456 51697 0
1741015458 51855 0
1741015460 51683 0
1741015462 51400 0
1741015464 51514 0
1741015466 51492 0
1741015468 51673 0
1741015470 51511 0
1741015472 51720 0
1741015474 51508 0
1741015476 51354 0
1741015478 51273 0
1741015480 51710 0
1741015482 52170 0
1741015484 51650 0
1741015486 52545 0
1741015488 52917 0
1741015490 52501 0
1741015492 53529 0
1741015494 52566 0
1741015496 52399 0
1741015498 52456 0
1741015500 52015 0
1741015502 51674 0
1741015504 51510 0
1741015506 51878 0
1741015508 51840 0
1741015510 51725 0
1741015512 52215 0
1741015514 51818 0
1741015516 51953 0
1741015518 51750 0
1741015520 51939 0
1741015522 51906 0
1741015524 51696 0
1741015526 51767 0
1741015528 51939 0
1741015530 51518 0
1741015532 51478 0
1741015534 51384 0
1741015536 51318 0
1741015538 51433 0
1741015540 51322 0
1741015542 51312 0
1741015544 51388 0
1741015546 51622 0
1741015548 51432 0
1741015550 51711 0
1741015552 51559 0
1741015554 51809 0
1741015556 51792 0
1741015558 51374 0
1741015560 51498 0
1741015562 51433 0
1741015564 51521 0
1741015566 51574 0
1741015568 51549 0
1741015570 51740 0
1741015572 51911 0
1741015574 51676 0
1741015576 51523 0
1741015578 51422 0
1741015580 51501 0
1741015582 51559 0
1741015584 51508 0
1741015586 51211 0
1741015588 51469 0
1741015590 51577 0
1741015592 51331 0
1741015594 50985 0
1741015596 51167 0
1741015598 51262 0
1741015600 51584 0
1741015602 51172 0
1741015604 51922 0
1741015606 51576 0
1741015608 51348 0
1741015610 51403 0
1741015612 51780 0
1741015614 51906 0
1741015616 51467 0
1741015618 51743 0
1741015620 51562 0
1741015622 51589 0
1741015624 51271 0
1741015626 51995 0
1741015628 51773 0
1741015630 51456 0
1741015632 51546 0
1741015634 51479 0
1741015636 51097 0
1741015638 51879 0
1741015640 51724 0
1741015642 51697 0
1741015644 51575 0
1741015646 51516 0
1741015648 51504 0
1741015650 51221 0
1741015652 51705 0
1741015654 51433 0
1741015656 51715 0
1741015658 51307 0
1741015660 51454 0
1741015662 51825 0
1741015664 52065 0
1741015666 51643 0
1741015668 51499 0
1741015670 51196 0
1741015672 51188 0
1741015674 51593 0
1741015676 51801 0
1741015678 51827 0
1741015680 51894 0
1741015682 51548 0
1741015684 51935 0
1741015686 51507 0
1741015688 51558 0
1741015690 51372 0
1741015692 51616 0
1741015694 51396 0
1741015696 51654 0
1741015698 51461 0
1741015700 51609 0
1741015702 51675 0
1741015704 51319 0
1741015706 51391 0
1741015708 51844 0
1741015710 51825 0
1741015712 52317 0
1741015714 51554 0
1741015716 51722 0
1741015718 52417 0
1741015720 51898 0
1741015722 51336 0
1741015724 51854 0
1741015726 52231 0
1741015728 52502 0
1741015730 51966 0
1741015732 52129 0
1741015734 52062 0
1741015736 52131 0
1741015738 52098 0
1741015740 51807 0
1741015742 52233 0
1741015744 52031 0
1741015746 51950 0
1741015748 52018 0
1741015750 52085 0
1741015752 52005 0
1741015754 52144 0
1741015757 52514 0
1741015759 52225 0
1741015761 51739 0
1741015763 51209 0
1741015765 51692 0
1741015767 52351 0
1741015769 51936 0
1741015771 51749 0
1741015773 51462 0
1741015775 51352 0
1741015777 51604 0
1741015779 51543 0
1741015781 51354 0
1741015783 51460 0
1741015785 51645 0
1741015787 52498 0
1741015789 52521 0
1741015791 51539 0
1741015793 51549 0
1741015795 51310 0
1741015797 51550 0
1741015799 51438 0
1741015801 51352 0
1741015803 51544 0
1741015805 51882 0
1741015807 52382 0
1741015809 51801 0
1741015811 52227 0
1741015813 52206 0
1741015815 51605 0
1741015817 51812 0
1741015819 51472 0
1741015821 51867 0
1741015823 51469 0
1741015825 51762 0
1741015827 51792 0
1741015829 51866 0
1741015831 51710 0
1741015833 52099 0
1741015835 51544 0
1741015837 52206 0
1741015839 51961 0
1741015841 51378 0
1741015843 52416 0
1741015845 52048 0
1741015847 51954 0
1741015849 52264 0
1741015851 51896 0
1741015853 51414 0
1741015855 52361 0
1741015857 51778 0
1741015859 51315 0
1741015861 52041 0
1741015863 51809 0
1741015865 52113 0
1741015867 51617 0
1741015869 51657 0
1741015871 51469 0
1741015873 51430 0
1741015875 51824 0
1741015877 51778 0
1741015879 51907 0
1741015881 51454 0
1741015883 51946 0
1741015885 51828 0
1741015887 52127 0
1741015889 52003 0
1741015891 51485 0
1741015893 51603 0
1741015895 51392 0
1741015897 51518 0
1741015899 52087 0
1741015901 51716 0
1741015903 52048 0
1741015905 51513 0
1741015907 51236 0
1741015909 52397 0
1741015911 51441 0
1741015913 51471 0
1741015915 51992 0
1741015917 52050 0
1741015919 51643 0
1741015921 51637 0
1741015923 51251 0
1741015925 51647 0
1741015927 51674 0
1741015929 51484 0
1741015931 51355 0
1741015933 51143 0
1741015935 51781 0
1741015937 51626 0
1741015939 51886 0
1741015941 51968 0
1741015943 51695 0
1741015945 51534 0
1741015947 52044 0
1741015949 51987 0
1741015951 51987 0
1741015953 51791 0
1741015955 52063 0
1741015957 51562 0
1741015959 51895 0
1741015961 51711 0
1741015963 52115 0
1741015965 51995 0
1741015967 52486 0
1741015969 52245 0
1741015971 51487 0
1741015973 51838 0
1741015975 51668 0
1741015977 51500 0
1741015979 51798 0
1741015981 51343 0
1741015983 51521 0
1741015985 51106 0
1741015987 51539 0
1741015989 51014 0
1741015991 51301 0
1741015993 51606 0
1741015995 51581 0
1741015997 51300 0
1741015999 51332 0
1741016001 51537 0
1741016003 52213 0
1741016005 51483 0
1741016007 51943 0
1741016009 52882 0
1741016011 52096 0
1741016013 52377 0
1741016015 52128 0
1741016017 52257 0
1741016019 52888 0
1741016021 52539 0
1741016023 51526 0
1741016025 52529 0
1741016027 52844 0
1741016029 52330 0
1741016031 52208 0
1741016033 52482 0
1741016035 52297 0
1741016037 52054 0
1741016039 52322 0
1741016041 52658 0
1741016043 52127 0
1741016045 50887 0
1741016047 51518 0
1741016049 51427 0
1741016051 51382 0
1741016053 52028 0
1741016055 51756 0
1741016057 51842 0
1741016059 52267 0
1741016061 52474 0
1741016063 52307 0
1741016065 52059 0
1741016067 50817 0
1741016069 51023 0
1741016072 50842 0
1741016074 51630 0
1741016076 51695 0
1741016078 51437 0
1741016080 51880 0
1741016082 52171 0
1741016084 52346 0
1741016086 51658 0
1741016088 51116 0
1741016090 51630 0
1741016092 51645 0
1741016094 51578 0
1741016096 52304 0
1741016098 52160 0
1741016100 51843 0
1741016102 52361 0
1741016104 53031 0
1741016106 52253 0
1741016108 51643 0
1741016110 50998 0
1741016112 51078 0
1741016114 50836 0
1741016116 51485 0
1741016118 51549 0
1741016120 51117 0
1741016122 51541 0
1741016124 52236 0
1741016126 51569 0
1741016128 51610 0
1741016130 52499 0
1741016132 52299 0
1741016134 51574 0
1741016136 51461 0
1741016138 51764 0
1741016140 51689 0
1741016142 51963 0
1741016144 52262 0
1741016146 52191 0
1741016148 51937 0
1741016150 51766 0
1741016152 51249 0
1741016154 51276 0
1741016156 51590 0
1741016158 51556 0
1741016160 51398 0
1741016162 51168 0
1741016164 51002 0
1741016166 51047 0
1741016168 51961 0
1741016170 51543 0
1741016172 51993 0
1741016174 52710 0
1741016176 51912 0
1741016178 52958 0
1741016180 52521 0
1741016182 53681 0
1741016184 51916 0
1741016186 51620 0
1741016188 52043 0
1741016190 51827 0
1741016192 51474 0
1741016194 51850 0
1741016196 52124 0
1741016198 50948 0
1741016200 51411 0
1741016202 51717 0
1741016204 51683 0
1741016206 51373 0
1741016208 51542 0
1741016210 50950 0
1741016212 51506 0
1741016214 51778 0
1741016216 51119 0
1741016218 51526 0
1741016220 52616 0
1741016222 51830 0
1741016224 52639 0
1741016226 53558 0
1741016228 53455 0
1741016230 53664 0
1741016232 53616 0
1741016234 53512 0
1741016236 52635 0
1741016238 53883 0
1741016240 52889 0
1741016242 52367 0
1741016244 51596 0
1741016246 52226 0
1741016248 51391 0
1741016250 52181 0
1741016252 51336 0
1741016254 51107 0
1741016256 51541 0
1741016258 51512 0
1741016260 51903 0
1741016262 52390 0
1741016264 53070 0
1741016266 52572 0
1741016268 52276 0
1741016270 52461 0
1741016272 52813 0
1741016274 52429 0
1741016276 52166 0
1741016278 52498 0
1741016280 52116 0
1741016282 51571 0
1741016284 51966 0
1741016286 52270 0
1741016288 53699 0
1741016290 53477 0
1741016292 53267 0
1741016294 53952 0
1741016296 53364 0
1741016298 52976 0
1741016300 51629 0
1741016302 54009 0
1741016304 53750 0
1741016306 53082 0
1741016308 53518 0
1741016310 52517 0
1741016312 52535 0
1741016314 52429 0
1741016316 52134 0
1741016318 53490 0
1741016320 52621 0
1741016322 51187 0
1741016324 51576 0
1741016326 51546 0
1741016328 52174 0
1741016330 52467 0
1741016332 51345 0
1741016334 51072 0
1741016336 51341 0
1741016338 51949 0
1741016340 51422 0
1741016342 51543 0
1741016344 51458 0
1741016346 51075 0
1741016348 50944 0
1741016350 50997 0
1741016352 51088 0
1741016354 51461 0
1741016356 50627 0
1741016358 51076 0
1741016360 50863 0
1741016362 51625 0
1741016364 51887 0
1741016366 51288 0
1741016368 51244 0
1741016370 51506 0
1741016372 52784 0
1741016374 52945 0
1741016376 51516 0
1741016378 51780 0
1741016380 51533 0
1741016382 52966 0
1741016384 52872 0
1741016387 52003 0
1741016389 52222 0
1741016391 51720 0
1741016393 52268 0
1741016395 53074 0
1741016397 52610 0
1741016399 52850 0
1741016401 52579 0
1741016403 52710 0
1741016405 51791 0
1741016407 51534 0
1741016409 52089 0
1741016411 52267 0
1741016413 52645 0
1741016415 52558 0
1741016417 51233 0
1741016419 51711 0
1741016421 51480 0
1741016423 51659 0
1741016425 52284 0
1741016427 51956 0
1741016429 52402 0
1741016431 52452 0
1741016433 51689 0
1741016435 52732 0
1741016437 53873 0
1741016439 53469 0
1741016441 54028 0
1741016443 52583 0
1741016445 53755 0
1741016447 54500 0
1741016449 53187 0
1741016451 52007 0
1741016453 52122 0
1741016455 52040 0
1741016457 53088 0
1741016459 53224 0
1741016461 52258 0
1741016463 52191 0
1741016465 52368 0
1741016467 51931 0
1741016469 52097 0
1741016471 51792 0
1741016473 50997 0
1741016475 51357 0
1741016477 52383 0
1741016479 52428 0
1741016481 53242 0
1741016483 52415 0
1741016485 51935 0
1741016487 52111 0
1741016489 52010 0
1741016491 51428 0
1741016493 51804 0
1741016495 51261 0
1741016497 51266 0
1741016499 51025 0
1741016501 51585 0
1741016503 51144 0
1741016505 51287 0
1741016507 50386 0
1741016509 51238 0
1741016511 51768 0
1741016513 51371 0
1741016515 51158 0
1741016517 51121 0
1741016519 51936 0
1741016521 52144 0
1741016523 52881 0
1741016525 51928 0
1741016527 51687 0
1741016529 52349 0
1741016531 53476 0
1741016533 52830 0
1741016535 52596 0
1741016537 52496 0
1741016539 51409 0
1741016541 51839 0
1741016543 53285 0
1741016545 54845 0
1741016547 52057 0
1741016549 51744 0
1741016551 51980 0
1741016553 53495 0
1741016555 53452 0
1741016557 54208 0
1741016559 53406 0
1741016561 50893 0
1741016563 51378 0
1741016565 52470 0
1741016567 52684 0
1741016569 52851 0
1741016571 53521 0
1741016573 52316 0
1741016575 51508 0
1741016577 51150 0
1741016579 52881 0
1741016581 52768 0
1741016583 53175 0
1741016585 52539 0
1741016587 52966 0
1741016589 51959 0
1741016591 54114 0
1741016593 53620 0
1741016595 53637 0
1741016597 53285 0
1741016599 52392 0
1741016601 51400 0
1741016603 51044 0
1741016605 52613 0
1741016607 52291 0
1741016609 51094 0
1741016611 51319 0
1741016613 51993 0
1741016615 51684 0
1741016617 52439 0
1741016619 53675 0
1741016621 53499 0
1741016623 53512 0
1741016625 53951 0
1741016627 52811 0
1741016629 50930 0
1741016631 52677 0
1741016633 52078 0
1741016635 52310 0
1741016637 52642 0
1741016639 54096 0
1741016641 51918 0
1741016643 51266 0
1741016645 53610 0
1741016647 54946 0
1741016649 53912 0
1741016651 54073 0
1741016653 54759 0
1741016655 52548 0
1741016657 51463 0
1741016659 53138 0
1741016661 54603 0
1741016663 54380 0
1741016665 53299 0
1741016667 53574 0
1741016669 52271 0
1741016671 52346 0
1741016673 51957 0
1741016675 54280 0
1741016677 56537 0
1741016679 54986 0
1741016681 53609 0
1741016683 53450 0
1741016685 54048 0
1741016687 53541 0
1741016689 55164 0
1741016691 57674 0
1741016693 58988 0
1741016695 56194 0
1741016697 53487 0
1741016699 52546 0
1741016702 53531 0
1741016704 54373 0
1741016706 54771 0
1741016708 56485 0
1741016710 57122 0
1741016712 54441 0
1741016714 52419 0
1741016716 54642 0
1741016718 56142 0
1741016720 54781 0
1741016722 53509 0
1741016724 52211 0
1741016726 54889 0
1741016728 54318 0
1741016730 52920 0
1741016732 55247 0
1741016734 58566 0
1741016736 57823 0
1741016738 56596 0
1741016740 54464 0
1741016742 55542 0
1741016744 54422 0
1741016746 52189 0
1741016748 52606 0
1741016750 54866 0
1741016752 53670 0
1741016754 52165 0
1741016756 55247 0
1741016758 55582 0
1741016760 53280 0
1741016762 54831 0
1741016764 58632 0
1741016766 57278 0
1741016768 55134 0
1741016770 52056 0
1741016772 53016 0
1741016774 53449 0
1741016776 53926 0
1741016778 55455 0
1741016780 56423 0
1741016782 54284 0
1741016784 52248 0
1741016786 52493 0
1741016788 53638 0
1741016790 53027 0
1741016792 53452 0
1741016794 56773 0
1741016796 54575 0
1741016798 51592 0
1741016800 52130 0
1741016802 52976 0
1741016804 53357 0
1741016806 52387 0
1741016808 52788 0
1741016810 52513 0
1741016812 52573 0
1741016814 55934 0
1741016816 56544 0
1741016818 57193 0
1741016820 54942 0
1741016822 53894 0
1741016824 53605 0
1741016826 53103 0
1741016828 53761 0
1741016830 57887 0
1741016832 59042 0
1741016834 56150 0
1741016836 55854 0
1741016838 56759 0
1741016840 54918 0
1741016842 52473 0
1741016844 51201 0
1741016846 52076 0
1741016848 52354 0
1741016850 52317 0
1741016852 51940 0
1741016854 52925 0
1741016856 54585 0
1741016858 54044 0
1741016860 51109 0
1741016862 51951 0
1741016864 53896 0
1741016866 52578 0
1741016868 51516 0
1741016870 51803 0
1741016872 51631 0
1741016874 51818 0
1741016876 51402 0
1741016878 52185 0
1741016880 53176 0
1741016882 52958 0
1741016884 53075 0
1741016886 53156 0
1741016888 52692 0
1741016890 53200 0
1741016892 53902 0
1741016894 56045 0
1741016896 54053 0
1741016898 52058 0
1741016900 54200 0
1741016902 55438 0
1741016904 52453 0
1741016906 51536 0
1741016908 53009 0
1741016910 53688 0
1741016912 52734 0
1741016914 52089 0
1741016916 51946 0
1741016918 53469 0
1741016920 53507 0
1741016922 52889 0
1741016924 51955 0
1741016926 53359 0
1741016928 55932 0
1741016930 56200 0
1741016932 52973 0
1741016934 51955 0
1741016936 55636 0
1741016938 57770 0
1741016940 53780 0
1741016942 52496 0
1741016944 57745 0
1741016946 58996 0
1741016948 53621 0
1741016950 51876 0
1741016952 56638 0
1741016954 58174 0
1741016956 54047 0
1741016958 52377 0
1741016960 55912 0
1741016962 57179 0
1741016964 52780 0
1741016966 51193 0
1741016968 57748 0
1741016970 58181 0
1741016972 52074 0
1741016974 52074 0
1741016976 56604 0
1741016978 55560 0
1741016980 52259 0
1741016982 53565 0
1741016984 56337 0
1741016986 54186 0
1741016988 51271 0
1741016990 53136 0
1741016992 54220 0
1741016995 51951 0
1741016997 51641 0
1741016999 53697 0
1741017001 53131 0
1741017003 51778 0
1741017005 52313 0
1741017007 52737 0
1741017009 52889 0
1741017011 53190 0
1741017013 54358 0
1741017015 54135 0
1741017017 53475 0
1741017019 53970 0
1741017021 54654 0
1741017023 53513 0
1741017025 53664 0
1741017027 55057 0
1741017029 54668 0
1741017031 54798 0
1741017033 56373 0
1741017035 56620 0
1741017037 56767 0
1741017039 55906 0
1741017041 55495 0
1741017043 54943 0
1741017045 53887 0
1741017047 53313 0
1741017049 53168 0
1741017051 53799 0
1741017053 55580 0
1741017055 55769 0
1741017057 55472 0
1741017059 54885 0
1741017061 55710 0
1741017063 55454 0
1741017065 54228 0
1741017067 54187 0
1741017069 54914 0
1741017071 56080 0
1741017073 56030 0
1741017075 57109 0
1741017077 59787 0
1741017079 61059 0
1741017081 61282 0
1741017083 62430 0
1741017085 62196 0
1741017087 62950 0
1741017089 63920 0
1741017091 64464 0
1741017093 64987 0
1741017095 65535 0
1741017097 65122 0
1741017099 63385 0
1741017101 62125 0
1741017103 60746 0
1741017105 59370 0
1741017107 57713 0
1741017109 56421 0
1741017111 55093 0
1741017113 55908 0
1741017115 56568 0
1741017117 56025 0
1741017119 55289 0
1741017121 53148 0
1741017123 52404 0
1741017125 52900 0
1741017127 54578 0
1741017129 56023 0
1741017131 53788 0
1741017133 53074 0
1741017135 54025 0
1741017137 54816 0
1741017139 52626 0
1741017141 52810 0
1741017143 52322 0
1741017145 52830 0
1741017147 52921 0
1741017149 52517 0
1741017151 52162 0
1741017153 52822 0
1741017155 53355 0
1741017157 53080 0
1741017159 54118 0
1741017161 54094 0
1741017163 52896 0
1741017165 52712 0
1741017167 52921 0
1741017169 52185 0
1741017171 51853 0
1741017173 52895 0
1741017175 53416 0
1741017177 52680 0
1741017179 52702 0
1741017181 52297 0
1741017183 52494 0
1741017185 52592 0
1741017187 52273 0
1741017189 51611 0
1741017191 51284 0
1741017193 51079 0
1741017195 51185 0
1741017197 51355 0
1741017199 51142 0
1741017201 51549 0
1741017203 51553 0
1741017205 52553 0
1741017207 53608 0
1741017209 52681 0
1741017211 53159 0
1741017213 52953 0
1741017215 52789 0
1741017217 52176 0
1741017219 52194 0
1741017221 52572 0
1741017223 52349 0
1741017225 51473 0
1741017227 51203 0
1741017229 52035 0
1741017231 51852 0
1741017233 52628 0
1741017235 52168 0
1741017237 51995 0
1741017239 53789 0
1741017241 53051 0
1741017243 52851 0
1741017245 52775 0
1741017247 52381 0
1741017249 52072 0
1741017251 51636 0
1741017253 51377 0
1741017255 51879 0
1741017257 51308 0
1741017259 51520 0
1741017261 51734 0
1741017263 51584 0
1741017265 51043 0
1741017267 51310 0
1741017270 51660 0
1741017272 51458 0
1741017274 51774 0
1741017276 52321 0
1741017278 52551 0
1741017280 52196 0
1741017282 52511 0
1741017284 51808 0
1741017286 51262 0
1741017288 50935 0
1741017290 51727 0
1741017292 51786 0
1741017294 51968 0
1741017296 51676 0
1741017298 51461 0
1741017300 50963 0
1741017302 50610 0
1741017304 50516 0
1741017306 51068 0
1741017308 51080 0
1741017310 51990 0
1741017312 52267 0
1741017314 52163 0
1741017316 51931 0
1741017318 52031 0
1741017320 51884 0
1741017322 52269 0
1741017324 51808 0
1741017326 51618 0
1741017328 51960 0
1741017330 52798 0
1741017332 52591 0
1741017334 52340 0
1741017336 52137 0
1741017338 52214 0
1741017340 52450 0
1741017342 51922 0
1741017344 51710 0
1741017346 51391 0
1741017348 51358 0
1741017350 51785 0
1741017352 52582 0
1741017354 51917 0
1741017356 51187 0
1741017358 51738 0
1741017360 51502 0
1741017362 51297 0
1741017364 51856 0
1741017366 52356 0
1741017368 51039 0
1741017370 51746 0
1741017372 51782 0
1741017374 51143 0
1741017376 51294 0
1741017378 51870 0
1741017380 51695 0
1741017382 51429 0
1741017384 51498 0
1741017386 51785 0
1741017388 51328 0
1741017390 50569 0
1741017392 51248 0
1741017394 51432 0
1741017396 51252 0
1741017398 51384 0
1741017400 51737 0
1741017402 51661 0
1741017404 52425 0
1741017406 52628 0
1741017408 52029 0
1741017410 52229 0
1741017412 52307 0
1741017414 51930 0
1741017416 51960 0
1741017418 52887 0
1741017420 51134 0
1741017422 50880 0
1741017424 51655 0
1741017426 52366 0
1741017428 52488 0
1741017430 51816 0
1741017432 51733 0
1741017434 51892 0
1741017436 51325 0
1741017438 51801 0
1741017440 51524 0
1741017442 51362 0
1741017444 51808 0
1741017446 53001 0
1741017448 51896 0
1741017450 51936 0
1741017452 51305 0
1741017454 51021 0
1741017456 51517 0
1741017458 51932 0
1741017460 52128 0
1741017462 52018 0
1741017464 51886 0
1741017466 51532 0
1741017468 51609 0
1741017470 51739 0
1741017472 52042 0
1741017474 50905 0
1741017476 51132 0
1741017478 50985 0
1741017480 50842 0
1741017482 51690 0
1741017484 52807 0
1741017486 51196 0
1741017488 52228 0
1741017490 51745 0
1741017492 51243 0
1741017494 51297 0
1741017496 51284 0
1741017498 51323 0
1741017500 52631 0
1741017502 53834 0
1741017504 52379 0
1741017506 51520 0
1741017508 51377 0
1741017510 51146 0
1741017512 52041 0
1741017514 51732 0
1741017516 51259 0
1741017518 51828 0
1741017520 53009 0
1741017522 52030 0
1741017524 51724 0
1741017526 52105 0
1741017528 52135 0
1741017530 51182 0
1741017532 52170 0
1741017534 52764 0
1741017536 52244 0
1741017538 51617 0
1741017540 50961 0
1741017542 52030 0
1741017544 54103 0
1741017547 55007 0
1741017549 54977 0
1741017551 52328 0
1741017553 50365 0
1741017555 50657 0
1741017557 51041 0
1741017559 51263 0
1741017561 50886 0
1741017563 50787 0
1741017565 51385 0
1741017567 52717 0
1741017569 54368 0
1741017571 55631 0
1741017573 54215 0
1741017575 55938 0
1741017577 56154 0
1741017579 54988 0
1741017581 55234 0
1741017583 56127 0
1741017585 57743 0
1741017587 61832 0
1741017589 65535 0
1741017591 65535 0
1741017593 65535 0
1741017595 65535 0
1741017597 65535 0
1741017599 62591 0
1741017601 60703 0
1741017603 63500 0
1741017605 65535 0
1741017607 65535 0
1741017609 65535 0
1741017611 65535 0
1741017613 65535 0
1741017615 65535 0
1741017617 65535 0
1741017619 65535 0
1741017621 65535 0
1741017623 65535 0
1741017625 65535 0
1741017627 65535 0
1741017629 64025 0
1741017631 62109 0
1741017633 58420 0
1741017635 55694 0
1741017637 53404 0
1741017639 52949 0
1741017641 53467 0
1741017643 53733 0
1741017645 53647 0
1741017647 53098 0
1741017649 54725 0
1741017651 55534 0
1741017653 56028 0
1741017655 55768 0
1741017657 55932 0
1741017659 55463 0
1741017661 54623 0
1741017663 57111 0
1741017665 58822 0
1741017667 59732 0
1741017669 60882 0
1741017671 60184 0
1741017673 58277 0
1741017675 60377 0
1741017677 59317 0
1741017679 57043 0
1741017681 57020 0
1741017683 60829 0
1741017685 61290 0
1741017687 63896 0
1741017689 63838 0
1741017691 62381 0
1741017693 58548 0
1741017695 59044 0
1741017697 58325 0
1741017699 55004 0
1741017701 53645 0
1741017703 53586 0
1741017705 53746 0
1741017707 52223 0
1741017709 51402 0
1741017711 51926 0
1741017713 51308 0
1741017715 51183 0
1741017717 51554 0
1741017719 52295 0
1741017721 52391 0
1741017723 52033 0
1741017725 52843 0
1741017727 53241 0
1741017729 53815 0
1741017731 55744 0
1741017733 55951 0
1741017735 55038 0
1741017737 53433 0
1741017739 53851 0
1741017741 54871 0
1741017743 54323 0
1741017745 53376 0
1741017747 53082 0
1741017749 54144 0
1741017751 54419 0
1741017753 53856 0
1741017755 53482 0
1741017757 53176 0
1741017759 54786 0
1741017761 55944 0
1741017763 56738 0
1741017765 57993 0
1741017767 56484 0
1741017769 57350 0
1741017771 58267 0
1741017773 56119 0
1741017775 55228 0
1741017777 56622 0
1741017779 57095 0
1741017781 56800 0
1741017783 54246 0
1741017785 53185 0
1741017787 52936 0
1741017789 52563 0
1741017791 51822 0
1741017793 51939 0
1741017795 52134 0
1741017797 51351 0
1741017799 51162 0
1741017801 51418 0
1741017803 51466 0
1741017805 51413 0
1741017807 51978 0
1741017809 52692 0
1741017811 53088 0
1741017813 53544 0
1741017815 52205 0
1741017817 52676 0
1741017819 52222 0
1741017821 53645 0
1741017823 53625 0
1741017825 52628 0
1741017827 52204 0
1741017829 51367 0
1741017831 50967 0
1741017833 52195 0
1741017835 53673 0
1741017837 54976 0
1741017839 59270 0
1741017841 53628 0
1741017843 52707 0
1741017845 52211 0
1741017847 52438 0
1741017849 53146 0
1741017851 53379 0
1741017854 53362 0
1741017856 54244 0
1741017858 55355 0
1741017860 56570 0
1741017862 58588 0
1741017864 57398 0
1741017866 55870 0
1741017868 53675 0
1741017870 53737 0
1741017872 53710 0
1741017874 54196 0
1741017876 58485 0
1741017878 61968 0
1741017880 63024 0
1741017882 62730 0
1741017884 61085 0
1741017886 58484 0
1741017888 57335 0
1741017890 56405 0
1741017892 57689 0
1741017894 58860 0
1741017896 55986 0
1741017898 56845 0
1741017900 61203 0
1741017902 63255 0
1741017904 63039 0
1741017906 57841 0
1741017908 58782 0
1741017910 57135 0
1741017912 59286 0
1741017914 62273 0
1741017916 62339 0
1741017918 60346 0
1741017920 58652 0
1741017922 59071 0
1741017924 58278 0
1741017926 60085 0
1741017928 61861 0
1741017930 63806 0
1741017932 63888 0
1741017934 63548 0
1741017936 61305 0
1741017938 60806 0
1741017940 58218 0
1741017942 58641 0
1741017944 58815 0
1741017946 61112 0
1741017948 59544 0
1741017950 58188 0
1741017952 57248 0
1741017954 55702 0
1741017956 54936 0
1741017958 56561 0
1741017960 60105 0
1741017962 62902 0
1741017964 64676 0
1741017966 62986 0
1741017968 60006 0
1741017970 58646 0
1741017972 60271 0
1741017974 59423 0
1741017976 60451 0
1741017978 60468 0
1741017980 57565 0
1741017982 58061 0
1741017984 58762 0
1741017986 58518 0
1741017988 58126 0
1741017990 58912 0
1741017992 57719 0
1741017994 57833 0
1741017996 57365 0
1741017998 58358 0
1741018000 59435 0
1741018002 58939 0
1741018004 58397 0
1741018006 58838 0
1741018008 57481 0
1741018010 59389 0
1741018012 62284 0
1741018014 63171 0
1741018016 65535 0
1741018018 63773 0
1741018020 60826 0
1741018022 60055 0
1741018024 64283 0
1741018026 65535 0
1741018028 64439 0
1741018030 60371 0
1741018032 61629 0
1741018034 65535 0
1741018036 64562 0
1741018038 60117 0
1741018040 58618 0
1741018042 60806 0
1741018044 64037 0
1741018046 63859 0
1741018048 62102 0
1741018050 63217 0
1741018052 65535 0
1741018054 65046 0
1741018056 62691 0
1741018058 65535 0
1741018060 65535 0
1741018062 64093 0
1741018064 61921 0
1741018066 59963 0
1741018068 58170 0
1741018070 62055 0
1741018072 63796 0
1741018074 59374 0
1741018076 56595 0
1741018078 58213 0
1741018080 61277 0
1741018082 63143 0
1741018084 65535 0
1741018086 65535 0
1741018088 65535 0
1741018090 65535 0
1741018092 65535 0
1741018094 65535 0
1741018096 65535 0
1741018098 65535 0
1741018100 65535 0
1741018102 65535 0
1741018104 64896 0
1741018106 63213 0
1741018108 63099 0
1741018110 64483 0
1741018112 65535 0
1741018114 65535 0
1741018116 65535 0
1741018118 63851 0
1741018120 61699 0
1741018122 60805 0
1741018124 63178 0
1741018126 63531 0
1741018128 62672 0
1741018130 63022 0
1741018132 63648 0
1741018134 64897 0
1741018136 65261 0
1741018138 65535 0
1741018140 65535 0
1741018142 65535 0
1741018144 65535 0
1741018146 65535 0
1741018148 65535 0
1741018150 65535 0
1741018152 65535 0
1741018154 65535 0
1741018156 65535 0
1741018158 65535 0
1741018160 65535 0
1741018162 65535 0
1741018164 65535 0
1741018167 65535 0
1741018169 65535 0
1741018171 65535 0
1741018173 65535 0
1741018175 65535 0
1741018177 65470 0
1741018179 63415 0
1741018181 61939 0
1741018183 59927 0
1741018185 58555 0
1741018187 58460 0
1741018189 56820 0
1741018191 56295 0
1741018193 56467 0
1741018195 56448 0
1741018197 57583 0
1741018199 57578 0
1741018201 56208 0
1741018203 54785 0
1741018205 56096 0
1741018207 56209 0
1741018209 56685 0
1741018211 57575 0
1741018213 58168 0
1741018215 59222 0
1741018217 60812 0
1741018219 61334 0
1741018221 62605 0
1741018223 63475 0
1741018225 63887 0
1741018227 64798 0
1741018229 61558 0
1741018231 59839 0
1741018233 56034 0
1741018235 58666 0
1741018237 58670 0
1741018239 59190 0
1741018241 59422 0
1741018243 59521 0
1741018245 62594 0
1741018247 63629 0
1741018249 63059 0
1741018251 63104 0
1741018253 63020 0
1741018255 63169 0
1741018257 64622 0
1741018259 64087 0
1741018261 65535 0
1741018263 65535 0
1741018265 65535 0
1741018267 65535 0
1741018269 65158 0
1741018271 65023 0
1741018273 62231 0
1741018275 61542 0
1741018277 60609 0
1741018279 60408 0
1741018281 63635 0
1741018283 65535 0
1741018285 65535 0
1741018287 65535 0
1741018289 65535 0
1741018291 65535 0
1741018293 65535 0
1741018295 65535 0
1741018297 65334 0
1741018299 57311 0
1741018301 55901 0
1741018303 59467 0
1741018305 61172 0
1741018307 61288 0
1741018309 63929 0
1741018311 65184 0
1741018313 63720 0
1741018315 63907 0
1741018317 62378 0
1741018319 61441 0
1741018321 62471 0
1741018323 62042 0
1741018325 59128 0
1741018327 56974 0
1741018329 57621 0
1741018331 55451 0
1741018333 58659 0
1741018335 61411 0
1741018337 61194 0
1741018339 57736 0
1741018341 55432 0
1741018343 55158 0
1741018345 55014 0
1741018347 55278 0
1741018349 55987 0
1741018351 55418 0
1741018353 56760 0
1741018355 57144 0
1741018357 56389 0
1741018359 56162 0
1741018361 55469 0
1741018363 54482 0
1741018365 55920 0
1741018367 56765 0
1741018369 59605 0
1741018371 61192 0
1741018373 62667 0
1741018375 65535 0
1741018377 65244 0
1741018379 64241 0
1741018381 64231 0
1741018383 62610 0
1741018385 61632 0
1741018387 64831 0
1741018389 65371 0
1741018391 64762 0
1741018393 65535 0
1741018395 65535 0
1741018397 64662 0
1741018399 63100 0
1741018401 61277 0
1741018403 61287 0
1741018405 59972 0
1741018407 56705 0
1741018409 57878 0
1741018411 60175 0
1741018413 59408 0
1741018415 59692 0
1741018417 59243 0
1741018419 59690 0
1741018421 60541 0
1741018423 59694 0
1741018425 59173 0
1741018427 57294 0
1741018429 53602 0
1741018431 56362 0
1741018433 60898 0
1741018435 63471 0
1741018437 64415 0
1741018439 65535 0
1741018441 65535 0
1741018443 65535 0
1741018445 65535 0
1741018447 65535 0
1741018449 65535 0
1741018451 65535 0
1741018453 65535 0
1741018455 65535 0
1741018457 65535 0
1741018459 64843 0
1741018461 64591 0
1741018463 63695 0
1741018465 64747 0
1741018467 63064 0
1741018469 62126 0
1741018471 62118 0
1741018473 60347 0
1741018475 60497 0
1741018478 59966 0
1741018480 59794 0
1741018482 64901 0
1741018484 61537 0
1741018486 61204 0
1741018488 61544 0
1741018490 63324 0
1741018492 60708 0
1741018494 59168 0
1741018496 59438 0
1741018498 58957 0
1741018500 60387 0
1741018502 63049 0
1741018504 62423 0
1741018506 65467 0
1741018508 65535 0
1741018510 65271 0
1741018512 64246 0
1741018514 61337 0
1741018516 60794 0
1741018518 63117 0
1741018520 61862 0
1741018522 58991 0
1741018524 58499 0
1741018526 56715 0
1741018528 60868 0
1741018530 62081 0
1741018532 61140 0
1741018534 61243 0
1741018536 60138 0
1741018538 59237 0
1741018540 57537 0
1741018542 59279 0
1741018544 59153 0
1741018546 59210 0
1741018548 59658 0
1741018550 58399 0
1741018552 59183 0
1741018554 57637 0
1741018556 57769 0
1741018558 57161 0
1741018560 56520 0
1741018562 57122 0
1741018564 59773 0
1741018566 58982 0
1741018568 56812 0
1741018570 55339 0
1741018572 54265 0
1741018574 54445 0
1741018576 54691 0
1741018578 54835 0
1741018580 54122 0
1741018582 53934 0
1741018584 53146 0
1741018586 53941 0
1741018588 53674 0
1741018590 54177 0
1741018592 53989 0
1741018594 54670 0
1741018596 57053 0
1741018598 56802 0
1741018600 57629 0
1741018602 57474 0
1741018604 59410 0
1741018606 61009 0
1741018608 58112 0
1741018610 57069 0
1741018612 56534 0
1741018614 56912 0
1741018616 59758 0
1741018618 58784 0
1741018620 57842 0
1741018622 54628 0
1741018624 56502 0
1741018626 57704 0
1741018628 56867 0
1741018630 56536 0
1741018632 55386 0
1741018634 54577 0
1741018636 54855 0
1741018638 55589 0
1741018640 56389 0
1741018642 56140 0
1741018644 56260 0
1741018646 55418 0
1741018648 56002 0
1741018650 59103 0
1741018652 59582 0
1741018654 58636 0
1741018656 56754 0
1741018658 58572 0
1741018660 61107 0
1741018662 60301 0
1741018664 58796 0
1741018666 57082 0
1741018668 56277 0
1741018670 55334 0
1741018672 52814 0
1741018674 53606 0
1741018676 54887 0
1741018678 53791 0
1741018680 55117 0
1741018682 55428 0
1741018684 55224 0
1741018686 56519 0
1741018688 56604 0
1741018690 56158 0
1741018692 54869 0
1741018694 54314 0
1741018696 54411 0
1741018698 54921 0
1741018700 52678 0
1741018702 51874 0
1741018704 51541 0
1741018706 52062 0
1741018708 53168 0
1741018710 52246 0
1741018712 52055 0
1741018714 52546 0
1741018716 51870 0
1741018718 52596 0
1741018720 54065 0
1741018722 52583 0
1741018724 52585 0
1741018726 53123 0
1741018728 51933 0
1741018730 51450 0
1741018732 50760 0
1741018734 51338 0
1741018736 51755 0
1741018738 52127 0
1741018740 53219 0
1741018742 52496 0
1741018744 52442 0
1741018746 51951 0
1741018748 52015 0
1741018750 52223 0
1741018752 52963 0
1741018754 54457 0
1741018756 54603 0
1741018758 56045 0
1741018760 56556 0
1741018762 57402 0
1741018764 58763 0
1741018766 59477 0
1741018768 59798 0
1741018770 59855 0
1741018772 59191 0
1741018774 57953 0
1741018776 56813 0
1741018778 55583 0
1741018780 54087 0
1741018782 52050 0
1741018784 51221 0
1741018786 50804 0
1741018788 51031 0
1741018790 50800 0
1741018793 51154 0
1741018795 51000 0
1741018797 51263 0
1741018799 51141 0
1741018801 51150 0
1741018803 50940 0
1741018805 51032 0
1741018807 51496 0
1741018809 50769 0
1741018811 51073 0
1741018813 50891 0
1741018815 51035 0
1741018817 50862 0
1741018819 50755 0
1741018821 51519 0
1741018823 52114 0
1741018825 51431 0
1741018827 51418 0
1741018829 51074 0
1741018831 51657 0
1741018833 51275 0
1741018835 50374 0
1741018837 50785 0
1741018839 51272 0
1741018841 51779 0
1741018843 52698 0
1741018845 54814 0
1741018847 54567 0
1741018849 54825 0
1741018851 54307 0
1741018853 54349 0
1741018855 53977 0
1741018857 54541 0
1741018859 54772 0
1741018861 54411 0
1741018863 53425 0
1741018865 52139 0
1741018867 51716 0
1741018869 51819 0
1741018871 51157 0
1741018873 51319 0
1741018875 51935 0
1741018877 52157 0
1741018879 52507 0
1741018881 52039 0
1741018883 51286 0
1741018885 51183 0
1741018887 50873 0
1741018889 50373 0
1741018891 50246 0
1741018893 50525 0
1741018895 50887 0
1741018897 51244 0
1741018899 50935 0
1741018901 51492 0
1741018903 51437 0
1741018905 51473 0
1741018907 51537 0
1741018909 51345 0
1741018911 50482 0
1741018913 51241 0
1741018915 51151 0
1741018917 51323 0
1741018919 51069 0
1741018921 50847 0
1741018923 50734 0
1741018925 50747 0
1741018927 50562 0
1741018929 50756 0
1741018931 50678 0
1741018933 50763 0
1741018935 50408 0
1741018937 50819 0
1741018939 51002 0
1741018941 51361 0
1741018943 50480 0
1741018945 50764 0
1741018947 50548 0
1741018949 50607 0
1741018951 50697 0
1741018953 50556 0
1741018955 50910 0
1741018957 51000 0
1741018959 50476 0
1741018961 50333 0
1741018963 50924 0
1741018965 50661 0
1741018967 50640 0
1741018969 51029 0
1741018971 50583 0
1741018973 50188 0
1741018975 50553 0
1741018977 50482 0
1741018979 50725 0
1741018981 50358 0
1741018983 50594 0
1741018985 50813 0
1741018987 50725 0
1741018989 50877 0
1741018991 50919 0
1741018993 50913 0
1741018995 50406 0
1741018997 51243 0
1741018999 51793 0
1741019001 50953 0
1741019003 50620 0
1741019005 50983 0
1741019007 51196 0
1741019009 50904 0
1741019011 51586 0
1741019013 50605 0
1741019015 50798 0
1741019017 50966 0
1741019019 51180 0
1741019021 52025 0
1741019023 52505 0
1741019025 50594 0
1741019027 50188 0
1741019029 50199 0
1741019031 50432 0
1741019033 51119 0
1741019035 51396 0
1741019037 50852 0
1741019039 50985 0
1741019041 50917 0
1741019043 50647 0
1741019045 50746 0
1741019047 50910 0
1741019049 51099 0
1741019051 50652 0
1741019053 50551 0
1741019055 50375 0
1741019057 50620 0
1741019059 51176 0
1741019061 50743 0
1741019063 50261 0
1741019065 50812 0
1741019067 50872 0
1741019069 50621 0
1741019071 50392 0
1741019073 50633 0
1741019075 50647 0
1741019077 51301 0
1741019079 51396 0
1741019081 51018 0
1741019083 50742 0
1741019085 51054 0
1741019087 51328 0
1741019089 51385 0
1741019091 50905 0
1741019093 52557 0
1741019095 52399 0
1741019097 50582 0
1741019099 50808 0
1741019101 50586 0
1741019103 51202 0
1741019105 50551 0
1741019108 51625 0
1741019110 51114 0
1741019112 50683 0
1741019114 50408 0
1741019116 50057 0
1741019118 50096 0
1741019120 50501 0
1741019122 50218 0
1741019124 50578 0
1741019126 50477 0
1741019128 50617 0
1741019130 51045 0
1741019132 50462 0
1741019134 50677 0
1741019136 50703 0
1741019138 50603 0
1741019140 50665 0
1741019142 50167 0
1741019144 50251 0
1741019146 50350 0
1741019148 50729 0
1741019150 50813 0
1741019152 50572 0
1741019154 50412 0
1741019156 50400 0
1741019158 50555 0
1741019160 50692 0
1741019162 50428 0
1741019164 50331 0
1741019166 50126 0
1741019168 50481 0
1741019170 50520 0
1741019172 50309 0
1741019174 50499 0
1741019176 50342 0
1741019178 50585 0
1741019180 50129 0
1741019182 50287 0
1741019184 50552 0
1741019186 49846 0
1741019188 50337 0
1741019190 50996 0
1741019192 50412 0
1741019194 50861 0
1741019196 50635 0
1741019198 50450 0
1741019200 50600 0
1741019202 50494 0
1741019204 50147 0
1741019206 50378 0
1741019208 50230 0
1741019210 49985 0
1741019212 50382 0
1741019214 50444 0
1741019216 50038 0
1741019218 50220 0
1741019220 50176 0
1741019222 49862 0
1741019224 50095 0
1741019226 50338 0
1741019228 49949 0
1741019230 50270 0
1741019232 50251 0
1741019234 50274 0
1741019236 50703 0
1741019238 50172 0
1741019240 49759 0
1741019242 50025 0
1741019244 49902 0
1741019246 50098 0
1741019248 50001 0
1741019250 50041 0
1741019252 50440 0
1741019254 50034 0
1741019256 50049 0
1741019258 50213 0
1741019260 49974 0
1741019262 50147 0
1741019264 50239 0
1741019266 49966 0
1741019268 50020 0
1741019270 50012 0
1741019272 50184 0
1741019274 50377 0
1741019276 49982 0
1741019278 50362 0
1741019280 49865 0
1741019282 50461 0
1741019284 49863 0
1741019286 50172 0
1741019288 50244 0
1741019290 50193 0
1741019292 50012 0
1741019294 50230 0
1741019296 50291 0
1741019298 50266 0
1741019300 50098 0
1741019302 49878 0
1741019304 50365 0
1741019306 50273 0
1741019308 50223 0
1741019310 49992 0
1741019312 49914 0
1741019314 50076 0
1741019316 49998 0
1741019318 50359 0
1741019320 50283 0
1741019322 50226 0
1741019324 50545 0
1741019326 50260 0
1741019328 50538 0
1741019330 50149 0
1741019332 50145 0
1741019334 50251 0
1741019336 50124 0
1741019338 49982 0
1741019340 49910 0
1741019342 50454 0
1741019344 50355 0
1741019346 50088 0
1741019348 50076 0
1741019350 50293 0
1741019352 50131 0
1741019354 50005 0
1741019356 49784 0
1741019358 50068 0
1741019360 49685 0
1741019362 50551 0
1741019364 50018 0
1741019366 50404 0
1741019368 50144 0
1741019370 50216 0
1741019372 50300 0
1741019374 50262 0
1741019376 50387 0
1741019378 50232 0
1741019380 50401 0
1741019382 49767 0
1741019384 50298 0
1741019386 50243 0
1741019388 49926 0
1741019390 49939 0
1741019392 50240 0
1741019394 50273 0
1741019396 50119 0
1741019398 50154 0
1741019400 49973 0
1741019402 49945 0
1741019404 50421 0
1741019406 50465 0
1741019408 50409 0
1741019410 50491 0
1741019412 50284 0
1741019414 50692 0
1741019416 50484 0
1741019418 50771 0
1741019420 50593 0
1741019423 50199 0
1741019425 50076 0
1741019427 50322 0
1741019429 50010 0
1741019431 50878 0
1741019433 50103 0
1741019435 50520 0
1741019437 50242 0
1741019439 50166 0
1741019441 50485 0
1741019443 50408 0
1741019445 50495 0
1741019447 50659 0
1741019449 50331 0
1741019451 50359 0
1741019453 50370 0
1741019455 50239 0
1741019457 50631 0
1741019459 50444 0
1741019461 50803 0
1741019463 50425 0
1741019465 50564 0
1741019467 50548 0
1741019469 50407 0
1741019471 50592 0
1741019473 50258 0
1741019475 50633 0
1741019477 50895 0
1741019479 50717 0
1741019481 50594 0
1741019483 50359 0
1741019485 50440 0
1741019487 50294 0
1741019489 50263 0
1741019491 50294 0
1741019493 50808 0
1741019495 50102 0
1741019497 50364 0
1741019499 50410 0
1741019501 50642 0
1741019503 50600 0
1741019505 50288 0
1741019507 50335 0
1741019509 50728 0
1741019511 50533 0
1741019513 50709 0
1741019515 50479 0
1741019517 50437 0
1741019519 50764 0
1741019521 50492 0
1741019523 50774 0
1741019525 50284 0
1741019527 50566 0
1741019529 50619 0
1741019531 50565 0
1741019533 50413 0
1741019535 50569 0
1741019537 50513 0
1741019539 50590 0
1741019541 50620 0
1741019543 50527 0
1741019545 50654 0
1741019547 50236 0
1741019549 50482 0
1741019551 50183 0
1741019553 50523 0
1741019555 50468 0
1741019557 50401 0
1741019559 50305 0
1741019561 50471 0
1741019563 50339 0
1741019565 50619 0
1741019567 50597 0
1741019569 50671 0
1741019571 50365 0
1741019573 50694 0
1741019575 50197 0
1741019577 50288 0
1741019579 50443 0
1741019581 50491 0
1741019583 50181 0
1741019585 50452 0
1741019587 50168 0
1741019589 50218 0
1741019591 50416 0
1741019593 50174 0
1741019595 50411 0
1741019597 50522 0
1741019599 50634 0
1741019601 50470 0
1741019603 50285 0
1741019605 50337 0
1741019607 50683 0
1741019609 50605 0
1741019611 50537 0
1741019613 50114 0
1741019615 50345 0
1741019617 50457 0
1741019619 50697 0
1741019621 50783 0
1741019623 50689 0
1741019625 50167 0
1741019627 50292 0
1741019629 50047 0
1741019631 50465 0
1741019633 50476 0
1741019635 50849 0
1741019637 50623 0
1741019639 50531 0
1741019641 50275 0
1741019643 50568 0
1741019645 50239 0
1741019647 50417 0
1741019649 50475 0
1741019651 50354 0
1741019653 50148 0
1741019655 50177 0
1741019657 50110 0
1741019659 50344 0
1741019661 50800 0
1741019663 50512 0
1741019665 50414 0
1741019667 50401 0
1741019669 50188 0
1741019671 50075 0
1741019673 50576 0
1741019675 50458 0
1741019677 50651 0
1741019679 50259 0
1741019681 50336 0
1741019683 50437 0
1741019685 49997 0
1741019687 50171 0
1741019689 50299 0
1741019691 50199 0
1741019693 50168 0
1741019695 50196 0
1741019697 50139 0
1741019699 50291 0
1741019701 50337 0
1741019703 50415 0
1741019705 50354 0
1741019707 50017 0
1741019709 49930 0
1741019711 50067 0
1741019713 50166 0
1741019715 50204 0
1741019717 50133 0
1741019719 50295 0
1741019721 50172 0
1741019723 50215 0
1741019725 50123 0
1741019727 50557 0
1741019729 50335 0
1741019731 50316 0
1741019733 50204 0
1741019735 50349 0
1741019737 50369 0
1741019740 50200 0
1741019742 50336 0
1741019744 50643 0
1741019746 50388 0
1741019748 50280 0
1741019750 49981 0
1741019752 50074 0
1741019754 50361 0
1741019756 50312 0
1741019758 49820 0
1741019760 50191 0
1741019762 50028 0
1741019764 50404 0
1741019766 50788 0
1741019768 50377 0
1741019770 50396 0
1741019772 50573 0
1741019774 50305 0
1741019776 50313 0
1741019778 50658 0
1741019780 50566 0
1741019782 50240 0
1741019784 50437 0
1741019786 50312 0
1741019788 50018 0
1741019790 49990 0
1741019792 49933 0
1741019794 50479 0
1741019796 50045 0
1741019798 50539 0
1741019800 50521 0
1741019802 50278 0
1741019804 50076 0
1741019806 50296 0
1741019808 50422 0
1741019810 50030 0
1741019812 50162 0
1741019814 50324 0
1741019816 50311 0
1741019818 50155 0
1741019820 50451 0
1741019822 50121 0
1741019824 50157 0
1741019826 50532 0
1741019828 50306 0
1741019830 50234 0
1741019832 50178 0
1741019834 50466 0
1741019836 50047 0
1741019838 50411 0
1741019840 50312 0
1741019842 50215 0
1741019844 50047 0
1741019846 50297 0
1741019848 50118 0
1741019850 50268 0
1741019852 50230 0
1741019854 50210 0
1741019856 49862 0
1741019858 50078 0
1741019860 50319 0
1741019862 49962 0
1741019864 50304 0
1741019866 50097 0
1741019868 50100 0
1741019870 50144 0
1741019872 50085 0
1741019874 50177 0
1741019876 50090 0
1741019878 50321 0
1741019880 50135 0
1741019882 50261 0
1741019884 49961 0
1741019886 50417 0
1741019888 49709 0
1741019890 50307 0
1741019892 50290 0
1741019894 49892 0
1741019896 50242 0
1741019898 50145 0
1741019900 50242 0
1741019902 50328 0
1741019904 50179 0
1741019906 50597 0
1741019908 50474 0
1741019910 50345 0
1741019912 50401 0
1741019914 50131 0
1741019916 50438 0
1741019918 50287 0
1741019920 50118 0
1741019922 50504 0
1741019924 50117 0
1741019926 50250 0
1741019928 50339 0
1741019930 50633 0
1741019932 50190 0
1741019934 50348 0
1741019936 50389 0
1741019938 50496 0
1741019940 50145 0
1741019942 50689 0
1741019944 50266 0
1741019946 50291 0
1741019948 50211 0
1741019950 50318 0
1741019952 50914 0
1741019954 50535 0
1741019956 50334 0
1741019958 50463 0
1741019960 50402 0
1741019962 50495 0
1741019964 50325 0
1741019966 50413 0
1741019968 50525 0
1741019970 50486 0
1741019972 50644 0
1741019974 50190 0
1741019976 50496 0
1741019978 50472 0
1741019980 50461 0
1741019982 50383 0
1741019984 50481 0
1741019986 50315 0
1741019988 50438 0
1741019990 50441 0
1741019992 50325 0
1741019994 50159 0
1741019996 50349 0
1741019998 50376 0
1741020000 50145 0
1741020002 50238 0
1741020004 50472 0
1741020006 50584 0
1741020008 50822 0
1741020010 50257 0
1741020012 50455 0
1741020014 50646 0
1741020016 50572 0
1741020018 50253 0
1741020020 50305 0
1741020022 50556 0
1741020024 50689 0
1741020026 50308 0
1741020028 50691 0
1741020030 50574 0
1741020032 50494 0
1741020034 50754 0
1741020036 50369 0
1741020038 50269 0
1741020040 50410 0
1741020042 50429 0
1741020044 50474 0
1741020046 50381 0
1741020048 50815 0
1741020050 50399 0
1741020052 50477 0
1741020055 50322 0
1741020057 50255 0
1741020059 50430 0
1741020061 50372 0
1741020063 50083 0
1741020065 50016 0
1741020067 50394 0
1741020069 50264 0
1741020071 50656 0
1741020073 50768 0
1741020075 50838 0
1741020077 50645 0
1741020079 50749 0
1741020081 50509 0
1741020083 50508 0
1741020085 50548 0
1741020087 50531 0
1741020089 50697 0
1741020091 50185 0
1741020093 50379 0
1741020095 50711 0
1741020097 50800 0
1741020099 50571 0
1741020101 50798 0
1741020103 50524 0
1741020105 50376 0
1741020107 50684 0
1741020109 50277 0
1741020111 50475 0
1741020113 50557 0
1741020115 50380 0
1741020117 50532 0
1741020119 50701 0
1741020121 50669 0
1741020123 50046 0
1741020125 50368 0
1741020127 50407 0
1741020129 50424 0
1741020131 50653 0
1741020133 50841 0
1741020135 50496 0
1741020137 50336 0
1741020139 50370 0
1741020141 50190 0
1741020143 50623 0
1741020145 50520 0
1741020147 50761 0
1741020149 50557 0
1741020151 50287 0
1741020153 50608 0
1741020155 50390 0
1741020157 50704 0
1741020159 50560 0
1741020161 50578 0
1741020163 50844 0
1741020165 50729 0
1741020167 50647 0
1741020169 50166 0
1741020171 50670 0
1741020173 50606 0
1741020175 50486 0
1741020177 50725 0
1741020179 50590 0
1741020181 50447 0
1741020183 50420 0
1741020185 50601 0
1741020187 50832 0
1741020189 50792 0
1741020191 50500 0
1741020193 50649 0
1741020195 50184 0
1741020197 50916 0
1741020199 50648 0
1741020201 50722 0
1741020203 50975 0
1741020205 50708 0
1741020207 50815 0
1741020209 50947 0
1741020211 50431 0
1741020213 50852 0
1741020215 50790 0
1741020217 50327 0
1741020219 50598 0
1741020221 50389 0
1741020223 50881 0
1741020225 50711 0
1741020227 50620 0
1741020229 50342 0
1741020231 50779 0
1741020233 50652 0
1741020235 50358 0
1741020237 50596 0
1741020239 50407 0
1741020241 50415 0
1741020243 50405 0
1741020245 50469 0
1741020247 50385 0
1741020249 50570 0
1741020251 50480 0
1741020253 50252 0
1741020255 50849 0
1741020257 50591 0
1741020259 50590 0
1741020261 50547 0
1741020263 50080 0
1741020265 50218 0
1741020267 50729 0
1741020269 50739 0
1741020271 50508 0
1741020273 50364 0
1741020275 50717 0
1741020277 50872 0
1741020279 50718 0
1741020281 50662 0
1741020283 50494 0
1741020285 50345 0
1741020287 50319 0
1741020289 50578 0
1741020291 50846 0
1741020293 50554 0
1741020295 50518 0
1741020297 50409 0
1741020299 50728 0
1741020301 50790 0
1741020303 50787 0
1741020305 50067 0
1741020307 50244 0
1741020309 50903 0
1741020311 50815 0
1741020313 50571 0
1741020315 51025 0
1741020317 50691 0
1741020319 50498 0
1741020321 50328 0
1741020323 51315 0
1741020325 50853 0
1741020327 50859 0
1741020329 50994 0
1741020331 50462 0
1741020333 50476 0
1741020335 50378 0
1741020337 50788 0
1741020339 50201 0
1741020341 50706 0
1741020343 50779 0
1741020345 50926 0
1741020347 50660 0
1741020349 50937 0
1741020351 50504 0
1741020353 51013 0
1741020355 50847 0
1741020357 50799 0
1741020359 50711 0
1741020361 50825 0
1741020363 50954 0
1741020365 50635 0
1741020368 50475 0
1741020370 50489 0
1741020372 50750 0
1741020374 50368 0
1741020376 51010 0
1741020378 50497 0
1741020380 50735 0
1741020382 50477 0
1741020384 50514 0
1741020386 50467 0
1741020388 50582 0
1741020390 50900 0
1741020392 50768 0
1741020394 50510 0
1741020396 50956 0
1741020398 50463 0
1741020400 50881 0
1741020402 50532 0
1741020404 50770 0
1741020406 50632 0
1741020408 50428 0
1741020410 50611 0
1741020412 50464 0
1741020414 50637 0
1741020416 50750 0
1741020418 50495 0
1741020420 50423 0
1741020422 50500 0
1741020424 50217 0
1741020426 50308 0
1741020428 50348 0
1741020430 50592 0
1741020432 50332 0
1741020434 50336 0
1741020436 50418 0
1741020438 50075 0
1741020440 50164 0
1741020442 50507 0
1741020444 50456 0
1741020446 50508 0
1741020448 50124 0
1741020450 50527 0
1741020452 50307 0
1741020454 50394 0
1741020456 50399 0
1741020458 50138 0
1741020460 50475 0
1741020462 50566 0
1741020464 50688 0
1741020466 50793 0
1741020468 50581 0
1741020470 50534 0
1741020472 50044 0
1741020474 50924 0
1741020476 50672 0
1741020478 50880 0
1741020480 50564 0
1741020482 50595 0
1741020484 50613 0
1741020486 50848 0
1741020488 50506 0
1741020490 50713 0
1741020492 50767 0
1741020494 50947 0
1741020496 50290 0
1741020498 50375 0
1741020500 50489 0
1741020502 50607 0
1741020504 50709 0
1741020506 50818 0
1741020508 50554 0
1741020510 50457 0
1741020512 50380 0
1741020514 50682 0
1741020516 50699 0
1741020518 51032 0
1741020520 50502 0
1741020522 50277 0
1741020524 50984 0
1741020526 50707 0
1741020528 50419 0
1741020530 50402 0
1741020532 50776 0
1741020534 50460 0
1741020536 50516 0
1741020538 50943 0
1741020540 50839 0
1741020542 51519 0
1741020544 51298 0
1741020546 51499 0
1741020548 51141 0
1741020550 51255 0
1741020552 51331 0
1741020554 50630 0
1741020556 50384 0
1741020558 50404 0
1741020560 50622 0
1741020562 50720 0
1741020564 50518 0
1741020566 50359 0
1741020568 50377 0
1741020570 50623 0
1741020572 50315 0
1741020574 50989 0
1741020576 50815 0
1741020578 50690 0
1741020580 50892 0
1741020582 51148 0
1741020584 50974 0
1741020586 51074 0
1741020588 50903 0
1741020590 51100 0
1741020592 50938 0
1741020594 50567 0
1741020596 51151 0
1741020598 50461 0
1741020600 50803 0
1741020602 51145 0
1741020604 51149 0
1741020606 51154 0
1741020608 51130 0
1741020610 51098 0
1741020612 50926 0
1741020614 51068 0
1741020616 51269 0
1741020618 51298 0
1741020620 50830 0
1741020622 51077 0
1741020624 50716 0
1741020626 50458 0
1741020628 50420 0
1741020630 50308 0
1741020632 50808 0
1741020634 50683 0
1741020636 50991 0
1741020638 51430 0
1741020640 51328 0
1741020642 50965 0
1741020644 51374 0
1741020646 50999 0
1741020648 50913 0
1741020650 50954 0
1741020652 51279 0
1741020654 50968 0
1741020656 51385 0
1741020658 51592 0
1741020660 51676 0
1741020662 51505 0
1741020664 51624 0
1741020666 51367 0
1741020668 51293 0
1741020670 51441 0
1741020672 51011 0
1741020675 50808 0
1741020677 50904 0
1741020679 50939 0
1741020681 50637 0
1741020683 50840 0
1741020685 51083 0
1741020687 50943 0
1741020689 50878 0
1741020691 51055 0
1741020693 51048 0
1741020695 50685 0
1741020697 50306 0
1741020699 50665 0
1741020701 50652 0
1741020703 50561 0
1741020705 50569 0
1741020707 50627 0
1741020709 50403 0
1741020711 50719 0
1741020713 50127 0
1741020715 50846 0
1741020717 50725 0
1741020719 50584 0
1741020721 50661 0
1741020723 50772 0
1741020725 50876 0
1741020727 51087 0
1741020729 50873 0
1741020731 50668 0
1741020733 51114 0
1741020735 50924 0
1741020737 51104 0
1741020739 51023 0
1741020741 51023 0
1741020743 50536 0
1741020745 50532 0
1741020747 50720 0
1741020749 50492 0
1741020751 50635 0
1741020753 50481 0
1741020755 50851 0
1741020757 50712 0
1741020759 51025 0
1741020761 50826 0
1741020763 50667 0
1741020765 50818 0
1741020767 50616 0
1741020769 51089 0
1741020771 51103 0
1741020773 51165 0
1741020775 50828 0
1741020777 50736 0
1741020779 50291 0
1741020781 50747 0
1741020783 51021 0
1741020785 50823 0
1741020787 50638 0
1741020789 50558 0
1741020791 50740 0
1741020793 50416 0
1741020795 50872 0
1741020797 50256 0
1741020799 50699 0
1741020801 50737 0
1741020803 50396 0
1741020805 51066 0
1741020807 52940 0
1741020809 50700 0
1741020811 51340 0
1741020813 51202 0
1741020815 51287 0
1741020817 50917 0
1741020819 50851 0
1741020821 50401 0
1741020823 50860 0
1741020825 50809 0
1741020827 50898 0
1741020829 51122 0
1741020831 51048 0
1741020833 50721 0
1741020835 50988 0
1741020837 50684 0
1741020839 50253 0
1741020841 50846 0
1741020843 50826 0
1741020845 50740 0
1741020847 51314 0
1741020849 50547 0
1741020851 51184 0
1741020853 51279 0
1741020855 51271 0
1741020857 51140 0
1741020859 50885 0
1741020861 50815 0
1741020863 50750 0
1741020865 51002 0
1741020867 51150 0
1741020869 50767 0
1741020871 50744 0
1741020873 50849 0
1741020875 50844 0
1741020877 50866 0
1741020879 50989 0
1741020881 50742 0
1741020883 50913 0
1741020885 50672 0
1741020887 50793 0
1741020889 51120 0
1741020891 50841 0
1741020893 50914 0
1741020895 50714 0
1741020897 51009 0
1741020899 50945 0
1741020901 50659 0
1741020903 50609 0
1741020905 50619 0
1741020907 50942 0
1741020909 51049 0
1741020911 50328 0
1741020913 50884 0
1741020915 50847 0
1741020917 50983 0
1741020919 50563 0
1741020921 50783 0
1741020923 50808 0
1741020925 50554 0
1741020927 50855 0
1741020929 50986 0
1741020931 50915 0
1741020933 51053 0
1741020935 51040 0
1741020937 50681 0
1741020939 50940 0
1741020941 51030 0
1741020943 51147 0
1741020945 50703 0
1741020947 51453 0
1741020949 50988 0
1741020951 50782 0
1741020953 51008 0
1741020955 50924 0
1741020957 50750 0
1741020959 50792 0
1741020961 50950 0
1741020963 50751 0
1741020965 50825 0
1741020967 51006 0
1741020969 50904 0
1741020971 50665 0
1741020973 51132 0
1741020975 50948 0
1741020977 50620 0
1741020979 50619 0
1741020981 50994 0
1741020983 50571 0
1741020985 50833 0
1741020987 50652 0
1741020990 50916 0
1741020992 51136 0
1741020994 50651 0
1741020996 50766 0
1741020998 51155 0
1741021000 50913 0
1741021002 51082 0
1741021004 51033 0
1741021006 51137 0
1741021008 51015 0
1741021010 50799 0
1741021012 50567 0
1741021014 50845 0
1741021016 51187 0
1741021018 50495 0
1741021020 50663 0
1741021022 50538 0
1741021024 50624 0
1741021026 50944 0
1741021028 51047 0
1741021030 50547 0
1741021032 50673 0
1741021034 50817 0
1741021036 51128 0
1741021038 50651 0
1741021040 51022 0
1741021042 50688 0
1741021044 50603 0
1741021046 50952 0
1741021048 50608 0
1741021050 50786 0
1741021052 50679 0
1741021054 50546 0
1741021056 50640 0
1741021058 50324 0
1741021060 50410 0
1741021062 50660 0
1741021064 50642 0
1741021066 50886 0
1741021068 50886 0
1741021070 50782 0
1741021072 50951 0
1741021074 50544 0
1741021076 50737 0
1741021078 50872 0
1741021080 51256 0
1741021082 50964 0
1741021084 50341 0
1741021086 50854 0
1741021088 50707 0
1741021090 50519 0
1741021092 50566 0
1741021094 51240 0
1741021096 50701 0
1741021098 50831 0
1741021100 50600 0
1741021102 50741 0
1741021104 50347 0
1741021106 50840 0
1741021108 50855 0
1741021110 50747 0
1741021112 50710 0
1741021114 50656 0
1741021116 50830 0
1741021118 50582 0
1741021120 50753 0
1741021122 50790 0
1741021124 50509 0
1741021126 50706 0
1741021128 50635 0
1741021130 50853 0
1741021132 50962 0
1741021134 50408 0
1741021136 50634 0
1741021138 50686 0
1741021140 50688 0
1741021142 50602 0
1741021144 50718 0
1741021146 50656 0
1741021148 50520 0
1741021150 50758 0
1741021152 50659 0
1741021154 54699 0
1741021156 55160 0
1741021158 50934 0
1741021160 53898 0
1741021162 52439 0
1741021164 50619 0
1741021166 50538 0
1741021168 50591 0
1741021170 50524 0
1741021172 50722 0
1741021174 50162 0
1741021176 50223 0
1741021178 50461 0
1741021180 50424 0
1741021182 50661 0
1741021184 50725 0
1741021186 50214 0
1741021188 50775 0
1741021190 50692 0
1741021192 50760 0
1741021194 51886 0
1741021196 50872 0
1741021198 52196 0
1741021200 50422 0
1741021202 50456 0
1741021204 50775 0
1741021206 50681 0
1741021208 51290 0
1741021210 50507 0
1741021212 50811 0
1741021214 50423 0
1741021216 50305 0
1741021218 50952 0
1741021220 50538 0
1741021222 50762 0
1741021224 50692 0
1741021226 50585 0
1741021228 50701 0
1741021230 51896 0
1741021232 53632 0
1741021234 50537 0
1741021236 50865 0
1741021238 50571 0
1741021240 50618 0
1741021242 50379 0
1741021244 50850 0
1741021246 50808 0
1741021248 50643 0
1741021250 50781 0
1741021252 50410 0
1741021254 51173 0
1741021256 51059 0
1741021258 50931 0
1741021260 50726 0
1741021262 50921 0
1741021264 50747 0
1741021266 50995 0
1741021268 53452 0
1741021270 54456 0
1741021272 52180 0
1741021274 52620 0
1741021276 52970 0
1741021278 51395 0
1741021280 51055 0
1741021282 50986 0
1741021284 51106 0
1741021286 51081 0
1741021288 51002 0
1741021290 51110 0
1741021292 50655 0
1741021294 50657 0
1741021296 50850 0
1741021298 50222 0
1741021301 50490 0
1741021303 50768 0
1741021305 50666 0
1741021307 50621 0
1741021309 50267 0
1741021311 51053 0
1741021313 50921 0
1741021315 50571 0
1741021317 51167 0
1741021319 50421 0
1741021321 50874 0
1741021323 51069 0
1741021325 50512 0
1741021327 50569 0
1741021329 50322 0
1741021331 50620 0
1741021333 50577 0
1741021335 50644 0
1741021337 50764 0
1741021339 50270 0
1741021341 50751 0
1741021343 50412 0
1741021345 50641 0
1741021347 50687 0
1741021349 50991 0
1741021351 50697 0
1741021353 51041 0
1741021355 50664 0
1741021357 50921 0
1741021359 50716 0
1741021361 50954 0
1741021363 50494 0
1741021365 50641 0
1741021367 50759 0
1741021369 50950 0
1741021371 50791 0
1741021373 50518 0
1741021375 51095 0
1741021377 50781 0
1741021379 50675 0
1741021381 50565 0
1741021383 51013 0
1741021385 50570 0
1741021387 50690 0
1741021389 50328 0
1741021391 50532 0
1741021393 50878 0
1741021395 50736 0
1741021397 50839 0
1741021399 50583 0
1741021401 50599 0
1741021403 50346 0
1741021405 50210 0
1741021407 50883 0
1741021409 50584 0
1741021411 50955 0
1741021413 50868 0
1741021415 50738 0
1741021417 50927 0
1741021419 50605 0
1741021421 50415 0
1741021423 50690 0
1741021425 50633 0
1741021427 50936 0
1741021429 50879 0
1741021431 50761 0
1741021433 50623 0
1741021435 50396 0
1741021437 50590 0
1741021439 50634 0
1741021441 50428 0
1741021443 50859 0
1741021445 50484 0
1741021447 50470 0
1741021449 50562 0
1741021451 50693 0
1741021453 50749 0
1741021455 50536 0
1741021457 50759 0
1741021459 50547 0
1741021461 50564 0
1741021463 50595 0
1741021465 50694 0
1741021467 50719 0
1741021469 50639 0
1741021471 50763 0
1741021473 50970 0
1741021475 51030 0
1741021477 50819 0
1741021479 50927 0
1741021481 51150 0
1741021483 50689 0
1741021485 50610 0
1741021487 50559 0
1741021489 50773 0
1741021491 50566 0
1741021493 50670 0
1741021495 50668 0
1741021497 50529 0
1741021499 50571 0
1741021501 51055 0
1741021503 50282 0
1741021505 50564 0
1741021507 50650 0
1741021509 50144 0
1741021511 50844 0
1741021513 50914 0
1741021515 50662 0
1741021517 50753 0
1741021519 50680 0
1741021521 50736 0
1741021523 50940 0
1741021525 50901 0
1741021527 50816 0
1741021529 50495 0
1741021531 50656 0
1741021533 50782 0
1741021535 50663 0
1741021537 50726 0
1741021539 50585 0
1741021541 50719 0
1741021543 50849 0
1741021545 50812 0
1741021547 50545 0
1741021549 50615 0
1741021551 50840 0
1741021553 50649 0
1741021555 50740 0
1741021557 51134 0
1741021559 50808 0
1741021561 50816 0
1741021563 50869 0
1741021565 51208 0
1741021567 51094 0
1741021569 50763 0
1741021571 51028 0
1741021573 50894 0
1741021575 50646 0
1741021577 50853 0
1741021579 50827 0
1741021581 51104 0
1741021583 50867 0
1741021585 51049 0
1741021587 50295 0
1741021589 50572 0
1741021591 51165 0
1741021593 50901 0
1741021595 51375 0
1741021597 50629 0
1741021599 51051 0
1741021601 50851 0
1741021603 51044 0
1741021605 51102 0
1741021607 50923 0
1741021609 50414 0
1741021611 50758 0
1741021613 50652 0
1741021616 50722 0
1741021618 50622 0
1741021620 50494 0
1741021622 50995 0
1741021624 50594 0
1741021626 50808 0
1741021628 50627 0
1741021630 50301 0
1741021632 50839 0
1741021634 50708 0
1741021636 50719 0
1741021638 50593 0
1741021640 50545 0
1741021642 50514 0
1741021644 50338 0
1741021646 50423 0
1741021648 50756 0
1741021650 50447 0
1741021652 50762 0
1741021654 50523 0
1741021656 50677 0
1741021658 50806 0
1741021660 50839 0
1741021662 50671 0
1741021664 50654 0
1741021666 50864 0
1741021668 50900 0
1741021670 50581 0
1741021672 50666 0
1741021674 50842 0
1741021676 50618 0
1741021678 51172 0
1741021680 50664 0
1741021682 50537 0
1741021684 50867 0
1741021686 50902 0
1741021688 51083 0
1741021690 50650 0
1741021692 50368 0
1741021694 50648 0
1741021696 50718 0
1741021698 50776 0
1741021700 50761 0
1741021702 50728 0
1741021704 50814 0
1741021706 50901 0
1741021708 50875 0
1741021710 50778 0
1741021712 50700 0
1741021714 50209 0
1741021716 50774 0
1741021718 50597 0
1741021720 50536 0
1741021722 50763 0
1741021724 51296 0
1741021726 50548 0
1741021728 50872 0
1741021730 50628 0
1741021732 50604 0
1741021734 50546 0
1741021736 50862 0
1741021738 51062 0
1741021740 50903 0
1741021742 50692 0
1741021744 50630 0
1741021746 50567 0
1741021748 50434 0
1741021750 51012 0
1741021752 50892 0
1741021754 50607 0
1741021756 50805 0
1741021758 50616 0
1741021760 50698 0
1741021762 50471 0
1741021764 50923 0
1741021766 50955 0
1741021768 50929 0
1741021770 51109 0
1741021772 50374 0
1741021774 51084 0
1741021776 50887 0
1741021778 50672 0
1741021780 50914 0
1741021782 50786 0
1741021784 50688 0
1741021786 50638 0
1741021788 50922 0
1741021790 51059 0
1741021792 51097 0
1741021794 50327 0
1741021796 50686 0
1741021798 50818 0
1741021800 50553 0
1741021802 50574 0
1741021804 50816 0
1741021806 50875 0
1741021808 50980 0
1741021810 51070 0
1741021812 50955 0
1741021814 50937 0
1741021816 51132 0
1741021818 50656 0
1741021820 51302 0
1741021822 51059 0
1741021824 50766 0
1741021826 51069 0
1741021828 50924 0
1741021830 51137 0
1741021832 50840 0
1741021834 50856 0
1741021836 51207 0
1741021838 50563 0
1741021840 50684 0
1741021842 50699 0
1741021844 50834 0
1741021846 50911 0
1741021848 50880 0
1741021850 51034 0
1741021852 50607 0
1741021854 50500 0
1741021856 50891 0
1741021858 50678 0
1741021860 50599 0
1741021862 50467 0
1741021864 50769 0
1741021866 50775 0
1741021868 50204 0
1741021870 50731 0
1741021872 50759 0
1741021874 50699 0
1741021876 50687 0
1741021878 50742 0
1741021880 50889 0
1741021882 50482 0
1741021884 50649 0
1741021886 50749 0
1741021888 50660 0
1741021890 50763 0
1741021892 50724 0
1741021894 50633 0
1741021896 50575 0
1741021898 50986 0
1741021900 50522 0
1741021902 50423 0
1741021904 51070 0
1741021906 50539 0
1741021908 51036 0
1741021910 50910 0
1741021913 50943 0
1741021915 51142 0
1741021917 50538 0
1741021919 51238 0
1741021921 51032 0
1741021923 50984 0
1741021925 50895 0
1741021927 50957 0
1741021929 50318 0
1741021931 50738 0
1741021933 50865 0
1741021935 50735 0
1741021937 50562 0
1741021939 50617 0
1741021941 50598 0
1741021943 50482 0
1741021945 50632 0
1741021947 50790 0
1741021949 50821 0
1741021951 50826 0
1741021953 50894 0
1741021955 50617 0
1741021957 50758 0
1741021959 50906 0
1741021961 50809 0
1741021963 50797 0
1741021965 50760 0
1741021967 50807 0
1741021969 50545 0
1741021971 50782 0
1741021973 50841 0
1741021975 50973 0
1741021977 50957 0
1741021979 50759 0
1741021981 50424 0
1741021983 50659 0
1741021985 50788 0
1741021987 50371 0
1741021989 50607 0
1741021991 50371 0
1741021993 50200 0
1741021995 50683 0
1741021997 50831 0
1741021999 50916 0
1741022001 50369 0
1741022003 50769 0
1741022005 50631 0
1741022007 50754 0
1741022009 50378 0
1741022011 50770 0
1741022013 50758 0
1741022015 50681 0
1741022017 50554 0
1741022019 50908 0
1741022021 50701 0
1741022023 50750 0
1741022025 50842 0
1741022027 51014 0
1741022029 50467 0
1741022031 50796 0
1741022033 50696 0
1741022035 51151 0
1741022037 50625 0
1741022039 50484 0
1741022041 51026 0
1741022043 51013 0
1741022045 50787 0
1741022047 50743 0
1741022049 50793 0
1741022051 50599 0
1741022053 50883 0
1741022055 50553 0
1741022057 50757 0
1741022059 50881 0
1741022061 51100 0
1741022063 50480 0
1741022065 50743 0
1741022067 50831 0
1741022069 50385 0
1741022071 51309 0
1741022073 50687 0
1741022075 51040 0
1741022077 50669 0
1741022079 50736 0
1741022081 50987 0
1741022083 50959 0
1741022085 50499 0
1741022087 51195 0
1741022089 50718 0
1741022091 50867 0
1741022093 51094 0
1741022095 50495 0
1741022097 50723 0
1741022099 50353 0
1741022101 50815 0
1741022103 50699 0
1741022105 50542 0
1741022107 50841 0
1741022109 50974 0
1741022111 50745 0
1741022113 50870 0
1741022115 50959 0
1741022117 50999 0
1741022119 50726 0
1741022121 51384 0
1741022123 50838 0
1741022125 50883 0
1741022127 50730 0
1741022129 50726 0
1741022131 50939 0
1741022133 50714 0
1741022135 51027 0
1741022137 50831 0
1741022139 50785 0
1741022141 50770 0
1741022143 50737 0
1741022145 50690 0
1741022147 51247 0
1741022149 50620 0
1741022151 51215 0
1741022153 50921 0
1741022155 50887 0
1741022157 50844 0
1741022159 50835 0
1741022161 51026 0
1741022163 51421 0
1741022165 50949 0
1741022167 51176 0
1741022169 50929 0
1741022171 51247 0
1741022173 51042 0
1741022175 50651 0
1741022177 50587 0
1741022179 50692 0
1741022181 50857 0
1741022183 51071 0
1741022185 50549 0
1741022188 50879 0
1741022190 50711 0
1741022192 50853 0
1741022194 50743 0
1741022196 50531 0
1741022198 50999 0
1741022200 50766 0
1741022202 50808 0
1741022204 50996 0
1741022206 50678 0
1741022208 50861 0
1741022210 50990 0
1741022212 50986 0
1741022214 50686 0
1741022216 51025 0
1741022218 50598 0
1741022220 51007 0
1741022222 50819 0
1741022224 50600 0
1741022226 50919 0
1741022228 50958 0
1741022230 51181 0
1741022232 50468 0
1741022234 50601 0
1741022236 50811 0
1741022238 51006 0
1741022240 50640 0
1741022242 50644 0
1741022244 50949 0
1741022246 50786 0
1741022248 50566 0
1741022250 50906 0
1741022252 50789 0
1741022254 50709 0
1741022256 50891 0
1741022258 50666 0
1741022260 50650 0
1741022262 50528 0
1741022264 50459 0
1741022266 50850 0
1741022268 50420 0
1741022270 50420 0
1741022272 50832 0
1741022274 50930 0
1741022276 50454 0
1741022278 50850 0
1741022280 50791 0
1741022282 51010 0
1741022284 50364 0
1741022286 50719 0
1741022288 50387 0
1741022290 50660 0
1741022292 50706 0
1741022294 50921 0
1741022296 51000 0
1741022298 50595 0
1741022300 51128 0
1741022302 50723 0
1741022304 51062 0
1741022306 50630 0
1741022308 50828 0
1741022310 50714 0
1741022312 50692 0
1741022314 50499 0
1741022316 50947 0
1741022318 50932 0
1741022320 50708 0
1741022322 50727 0
1741022324 50609 0
1741022326 50572 0
1741022328 50552 0
1741022330 50581 0
1741022332 50807 0
1741022334 50664 0
1741022336 50533 0
1741022338 50857 0
1741022340 50721 0
1741022342 50988 0
1741022344 50636 0
1741022346 50769 0
1741022348 50952 0
1741022350 50963 0
1741022352 50452 0
1741022354 50450 0
1741022356 50608 0
1741022358 50988 0
1741022360 50895 0
1741022362 50976 0
1741022364 51150 0
1741022366 50318 0
1741022368 51120 0
1741022370 50919 0
1741022372 50817 0
1741022374 50763 0
1741022376 50314 0
1741022378 50830 0
1741022380 50648 0
1741022382 50733 0
1741022384 50423 0
1741022386 50630 0
1741022388 50664 0
1741022390 50679 0
1741022392 50903 0
1741022394 50691 0
1741022396 50795 0
1741022398 50745 0
1741022400 50434 0
1741022402 50642 0
1741022404 50968 0
1741022406 50700 0
1741022408 50934 0
1741022410 50868 0
1741022412 50860 0
1741022414 50943 0
1741022416 50898 0
1741022418 51153 0
1741022420 50849 0
1741022422 50808 0
1741022424 51366 0
1741022426 50666 0
1741022428 51016 0
1741022430 50801 0
1741022432 51070 0
1741022434 50699 0
1741022436 50457 0
1741022438 50828 0
1741022440 50925 0
1741022442 50522 0
1741022444 50704 0
1741022446 50664 0
1741022448 50677 0
1741022450 50733 0
1741022452 50967 0
1741022454 50634 0
1741022456 50896 0
1741022458 50598 0
1741022460 50905 0
1741022462 50802 0
1741022464 50655 0
1741022467 50462 0
1741022469 50720 0
1741022471 51029 0
1741022473 50698 0
1741022475 50500 0
1741022477 50948 0
1741022479 50885 0
1741022481 50763 0
1741022483 50733 0
1741022485 51031 0
1741022487 50824 0
1741022489 50820 0
1741022491 51353 0
1741022493 50571 0
1741022495 50700 0
1741022497 50341 0
1741022499 51084 0
1741022501 50916 0
1741022503 50599 0
1741022505 50968 0
1741022507 50660 0
1741022509 50891 0
1741022511 50390 0
1741022513 50819 0
1741022515 50926 0
1741022517 50856 0
1741022519 50805 0
1741022521 50547 0
1741022523 50927 0
1741022525 51046 0
1741022527 51173 0
1741022529 51045 0
1741022531 50749 0
1741022533 50921 0
1741022535 50782 0
1741022537 51040 0
1741022539 50560 0
1741022541 50350 0
1741022543 50550 0
1741022545 50974 0
1741022547 51053 0
1741022549 50702 0
1741022551 50972 0
1741022553 51007 0
1741022555 50550 0
1741022557 50703 0
1741022559 50608 0
1741022561 50936 0
1741022563 50828 0
1741022565 50725 0
1741022567 51068 0
1741022569 50633 0
1741022571 50543 0
1741022573 50831 0
1741022575 50708 0
1741022577 50631 0
1741022579 50875 0
1741022581 50778 0
1741022583 50833 0
1741022585 50799 0
1741022587 50448 0
1741022589 50716 0
1741022591 50528 0
1741022593 50646 0
1741022595 50488 0
1741022597 50732 0
1741022599 50859 0
1741022601 50717 0
1741022603 50374 0
1741022605 50720 0
1741022607 50640 0
1741022609 50859 0
1741022611 50760 0
1741022613 50851 0
1741022615 50884 0
1741022617 51117 0
1741022619 50801 0
1741022621 50930 0
1741022623 50702 0
1741022625 50952 0
1741022627 50814 0
1741022629 51070 0
1741022631 50890 0
1741022633 50795 0
1741022635 50696 0
1741022637 50785 0
1741022639 51146 0
1741022641 50526 0
1741022643 50536 0
1741022645 50630 0
1741022647 50540 0
1741022649 50952 0
1741022651 50623 0
1741022653 50808 0
1741022655 50705 0
1741022657 50672 0
1741022659 50918 0
1741022661 50706 0
1741022663 50700 0
1741022665 50701 0
1741022667 50528 0
1741022669 50887 0
1741022671 50738 0
1741022673 51041 0
1741022675 50760 0
1741022677 51146 0
1741022679 51119 0
1741022681 50993 0
1741022683 50747 0
1741022685 50874 0
1741022687 50703 0
1741022689 51055 0
1741022691 50807 0
1741022693 50723 0
1741022695 50864 0
1741022697 50489 0
1741022699 50800 0
1741022701 50831 0
1741022703 50737 0
1741022705 50942 0
1741022707 50816 0
1741022709 50804 0
1741022711 50906 0
1741022713 50603 0
1741022715 50671 0
1741022717 50769 0
1741022719 50497 0
1741022721 50924 0
1741022723 50761 0
1741022725 51033 0
1741022727 50943 0
1741022729 50611 0
1741022731 50869 0
1741022733 50889 0
1741022735 50684 0
1741022737 50595 0
1741022739 50712 0
1741022741 50694 0
1741022743 50692 0
1741022746 50998 0
1741022748 50828 0
1741022750 51251 0
1741022752 50617 0
1741022754 50807 0
1741022756 50651 0
1741022758 50823 0
1741022760 50632 0
1741022762 50766 0
1741022764 50698 0
1741022766 50788 0
1741022768 50746 0
1741022770 50625 0
1741022772 51069 0
1741022774 50644 0
1741022776 50806 0
1741022778 51013 0
1741022780 50676 0
1741022782 51081 0
1741022784 50937 0
1741022786 50980 0
1741022788 50863 0
1741022790 50628 0
1741022792 50634 0
1741022794 50515 0
1741022796 51002 0
1741022798 51076 0
1741022800 51052 0
1741022802 50675 0
1741022804 50745 0
1741022806 50926 0
1741022808 50727 0
1741022810 50801 0
1741022812 50869 0
1741022814 50360 0
1741022816 50750 0
1741022818 50821 0
1741022820 50908 0
1741022822 50713 0
1741022824 50699 0
1741022826 50891 0
1741022828 50673 0
1741022830 50558 0
1741022832 50468 0
1741022834 50885 0
1741022836 50741 0
1741022838 51077 0
1741022840 50633 0
1741022842 50386 0
1741022844 50729 0
1741022846 50762 0
1741022848 50970 0
1741022850 50502 0
1741022852 50680 0
1741022854 51048 0
1741022856 50744 0
1741022858 50782 0
1741022860 50587 0
1741022862 50444 0
1741022864 50625 0
1741022866 50837 0
1741022868 50719 0
1741022870 50703 0
1741022872 50859 0
1741022874 50721 0
1741022876 50732 0
1741022878 50340 0
1741022880 51301 0
1741022882 50708 0
1741022884 50788 0
1741022886 50983 0
1741022888 50838 0
1741022890 50707 0
1741022892 51010 0
1741022894 50825 0
1741022896 50658 0
1741022898 50368 0
1741022900 50796 0
1741022902 50464 0
1741022904 50724 0
1741022906 50474 0
1741022908 50771 0
1741022910 50771 0
1741022912 50801 0
1741022914 50629 0
1741022916 50684 0
1741022918 50613 0
1741022920 50726 0
1741022922 51046 0
1741022924 50920 0
1741022926 50926 0
1741022928 50742 0
1741022930 50642 0
1741022932 50937 0
1741022934 50579 0
1741022936 50993 0
1741022938 50673 0
1741022940 50991 0
1741022942 51107 0
1741022944 50951 0
1741022946 51027 0
1741022948 50896 0
1741022950 50769 0
1741022952 50658 0
1741022954 50837 0
1741022956 51041 0
1741022958 50514 0
1741022960 50648 0
1741022962 50759 0
1741022964 50560 0
1741022966 50962 0
1741022968 50626 0
1741022970 50874 0
1741022972 50666 0
1741022974 50530 0
1741022976 50797 0
1741022978 50908 0
1741022980 50650 0
1741022982 50749 0
1741022984 50607 0
1741022986 50555 0
1741022988 50952 0
1741022990 50727 0
1741022992 50895 0
1741022994 50753 0
1741022996 50592 0
1741022998 50675 0
1741023000 50614 0
1741023002 50955 0
1741023004 51006 0
1741023006 51090 0
1741023008 50789 0
1741023010 51125 0
1741023012 50917 0
1741023014 51178 0
1741023016 50879 0
1741023018 51116 0
1741023020 50904 0
1741023022 50984 0
1741023025 51012 0
1741023027 51124 0
1741023029 51432 0
1741023031 50657 0
1741023033 51036 0
1741023035 51031 0
1741023037 50770 0
1741023039 50897 0
1741023041 51271 0
1741023043 51230 0
1741023045 50999 0
1741023047 50773 0
1741023049 51101 0
1741023051 50959 0
1741023053 50708 0
1741023055 51118 0
1741023057 50963 0
1741023059 51144 0
1741023061 50971 0
1741023063 50715 0
1741023065 50748 0
1741023067 50792 0
1741023069 50613 0
1741023071 50614 0
1741023073 50765 0
1741023075 50723 0
1741023077 50498 0
1741023079 50769 0
1741023081 50674 0
1741023083 50628 0
1741023085 50573 0
1741023087 50694 0
1741023089 50568 0
1741023091 50740 0
1741023093 50757 0
1741023095 50744 0
1741023097 50703 0
1741023099 50942 0
1741023101 51016 0
1741023103 51074 0
1741023105 50869 0
1741023107 50670 0
1741023109 50732 0
1741023111 50841 0
1741023113 51127 0
1741023115 50834 0
1741023117 50581 0
1741023119 50452 0
1741023121 51017 0
1741023123 50628 0
1741023125 50847 0
1741023127 50660 0
1741023129 50924 0
1741023131 51064 0
1741023133 50656 0
1741023135 50832 0
1741023137 50685 0
1741023139 50824 0
1741023141 50756 0
1741023143 50367 0
1741023145 50750 0
1741023147 50791 0
1741023149 50715 0
1741023151 50615 0
1741023153 50693 0
1741023155 50795 0
1741023157 50741 0
1741023159 50702 0
1741023161 51055 0
1741023163 50757 0
1741023165 50645 0
1741023167 50803 0
1741023169 50886 0
1741023171 51170 0
1741023173 50775 0
1741023175 50831 0
1741023177 51117 0
1741023179 50890 0
1741023181 50886 0
1741023183 50914 0
1741023185 50521 0
1741023187 50759 0
1741023189 50629 0
1741023191 50814 0
1741023193 50497 0
1741023195 50565 0
1741023197 50503 0
1741023199 51010 0
1741023201 50625 0
1741023203 51173 0
1741023205 50833 0
1741023207 50511 0
1741023209 50830 0
1741023211 50816 0
1741023213 50576 0
1741023215 50455 0
1741023217 51080 0
1741023219 50815 0
1741023221 50976 0
1741023223 50921 0
1741023225 50989 0
1741023227 50713 0
1741023229 50612 0
1741023231 51067 0
1741023233 51180 0
1741023235 50670 0
1741023237 50740 0
1741023239 51090 0
1741023241 51253 0
1741023243 51058 0
1741023245 51036 0
1741023247 51175 0
1741023249 50861 0
1741023251 51160 0
1741023253 50938 0
1741023255 50870 0
1741023257 50739 0
1741023259 51036 0
1741023261 50848 0
1741023263 51096 0
1741023265 50694 0
1741023267 50986 0
1741023269 50754 0
1741023271 51147 0
1741023273 51037 0
1741023275 50892 0
1741023277 50913 0
1741023279 50510 0
1741023281 50964 0
1741023283 50817 0
1741023285 50853 0
1741023287 50835 0
1741023289 51226 0
1741023291 50976 0
1741023293 50886 0
1741023295 50922 0
1741023297 51016 0
1741023299 50805 0
1741023302 50660 0
1741023304 51067 0
1741023306 50975 0
1741023308 50912 0
1741023310 50835 0
1741023312 50768 0
1741023314 50952 0
1741023316 50580 0
1741023318 50589 0
1741023320 50615 0
1741023322 50771 0
1741023324 51192 0
1741023326 50695 0
1741023328 51042 0
1741023330 51008 0
1741023332 50422 0
1741023334 50777 0
1741023336 50866 0
1741023338 50551 0
1741023340 50859 0
1741023342 51017 0
1741023344 51293 0
1741023346 50674 0
1741023348 51029 0
1741023350 50855 0
1741023352 50726 0
1741023354 50515 0
1741023356 50744 0
1741023358 51012 0
1741023360 51235 0
1741023362 51054 0
1741023364 50942 0
1741023366 50413 0
1741023368 50357 0
1741023370 51005 0
1741023372 50593 0
1741023374 50646 0
1741023376 50940 0
1741023378 51016 0
1741023380 50610 0
1741023382 50808 0
1741023384 50635 0
1741023386 50967 0
1741023388 50498 0
1741023390 51246 0
1741023392 50925 0
1741023394 50991 0
1741023396 50751 0
1741023398 51065 0
1741023400 51225 0
1741023402 50939 0
1741023404 50816 0
1741023406 51092 0
1741023408 50863 0
1741023410 50802 0
1741023412 50760 0
1741023414 50962 0
1741023416 50952 0
1741023418 50773 0
1741023420 50985 0
1741023422 50540 0
1741023424 50689 0
1741023426 50854 0
1741023428 50689 0
1741023430 50742 0
1741023432 50917 0
1741023434 50454 0
1741023436 50936 0
1741023438 50350 0
1741023440 50752 0
1741023442 50973 0
1741023444 50569 0
1741023446 50853 0
1741023448 50690 0
1741023450 50895 0
1741023452 50816 0
1741023454 50778 0
1741023456 50770 0
1741023458 50563 0
1741023460 50827 0
1741023462 50644 0
1741023464 50862 0
1741023466 50562 0
1741023468 50596 0
1741023470 51251 0
1741023472 50999 0
1741023474 50596 0
1741023476 50750 0
1741023478 50893 0
1741023480 50964 0
1741023482 50731 0
1741023484 50582 0
1741023486 50297 0
1741023488 50811 0
1741023490 50584 0
1741023492 50676 0
1741023494 50802 0
1741023496 50553 0
1741023498 50640 0
1741023500 50891 0
1741023502 50946 0
1741023504 50661 0
1741023506 50800 0
1741023508 50988 0
1741023510 50685 0
1741023512 50789 0
1741023514 50573 0
1741023516 50796 0
1741023518 50669 0
1741023520 50748 0
1741023522 50734 0
1741023524 50969 0
1741023526 50573 0
1741023528 51182 0
1741023530 50734 0
1741023532 50741 0
1741023534 50127 0
1741023536 50616 0
1741023538 50635 0
1741023540 50539 0
1741023542 50459 0
1741023544 50919 0
1741023546 50970 0
1741023548 50778 0
1741023550 50690 0
1741023552 50861 0
1741023554 50735 0
1741023556 50508 0
1741023558 50756 0
1741023560 51121 0
1741023562 50736 0
1741023564 50793 0
1741023566 51096 0
1741023568 50930 0
1741023570 50756 0
1741023572 50659 0
1741023574 50926 0
1741023577 50922 0
1741023579 50807 0
1741023581 50710 0
1741023583 50667 0
1741023585 50654 0
1741023587 50692 0
1741023589 50713 0
1741023591 50742 0
1741023593 50721 0
1741023595 50859 0
1741023597 50806 0
1741023599 50698 0
1741023601 50626 0
1741023603 50695 0
1741023605 50990 0
1741023607 51048 0
1741023609 50895 0
1741023611 50880 0
1741023613 51004 0
1741023615 51007 0
1741023617 50959 0
1741023619 50791 0
1741023621 50700 0
1741023623 50648 0
1741023625 51437 0
1741023627 51171 0
1741023629 50997 0
1741023631 51025 0
1741023633 50760 0
1741023635 50984 0
1741023637 51154 0
1741023639 50593 0
1741023641 50959 0
1741023643 50947 0
1741023645 50623 0
1741023647 50929 0
1741023649 51042 0
1741023651 50981 0
1741023653 51075 0
1741023655 50753 0
1741023657 51049 0
1741023659 50813 0
1741023661 50763 0
1741023663 50840 0
1741023665 50733 0
1741023667 50818 0
1741023669 50553 0
1741023671 50787 0
1741023673 50823 0
1741023675 50653 0
1741023677 50869 0
1741023679 51147 0
1741023681 51221 0
1741023683 51114 0
1741023685 50850 0
1741023687 51223 0
1741023689 50816 0
1741023691 50675 0
1741023693 50778 0
1741023695 50940 0
1741023697 51029 0
1741023699 50455 0
1741023701 50935 0
1741023703 50834 0
1741023705 50912 0
1741023707 51427 0
1741023709 50780 0
1741023711 50980 0
1741023713 50860 0
1741023715 50787 0
1741023717 50646 0
1741023719 50958 0
1741023721 51168 0
1741023723 50903 0
1741023725 51303 0
1741023727 50891 0
1741023729 50708 0
1741023731 50898 0
1741023733 50798 0
1741023735 50896 0
1741023737 51028 0
1741023739 50550 0
1741023741 50796 0
1741023743 50785 0
1741023745 51036 0
1741023747 51246 0
1741023749 51225 0
1741023751 51106 0
1741023753 51153 0
1741023755 50983 0
1741023757 51459 0
1741023759 51079 0
1741023761 50503 0
1741023763 50638 0
1741023765 50959 0
1741023767 50834 0
1741023769 50951 0
1741023771 50806 0
1741023773 50945 0
1741023775 50582 0
1741023777 50939 0
1741023779 50730 0
1741023781 50765 0
1741023783 50725 0
1741023785 51049 0
1741023787 51090 0
1741023789 50846 0
1741023791 50972 0
1741023793 50657 0
1741023795 50695 0
1741023797 50798 0
1741023799 51021 0
1741023801 51126 0
1741023803 50835 0
1741023805 51259 0
1741023807 50935 0
1741023809 50880 0
1741023811 50744 0
1741023813 50848 0
1741023815 51129 0
1741023817 50944 0
1741023819 50815 0
1741023821 51067 0
1741023823 50659 0
1741023825 50614 0
1741023827 50555 0
1741023829 50505 0
1741023831 50852 0
1741023833 50595 0
1741023835 50714 0
1741023837 50924 0
1741023839 50607 0
1741023841 50911 0
1741023843 50753 0
1741023845 50908 0
1741023847 50878 0
1741023850 50784 0
1741023852 51036 0
1741023854 50926 0
1741023856 50912 0
1741023858 50812 0
1741023860 50564 0
1741023862 50640 0
1741023864 50614 0
1741023866 51060 0
1741023868 51029 0
1741023870 50970 0
1741023872 50745 0
1741023874 50711 0
1741023876 51016 0
1741023878 50907 0
1741023880 51013 0
1741023882 50999 0
1741023884 51147 0
1741023886 50872 0
1741023888 50968 0
1741023890 51045 0
1741023892 51141 0
1741023894 51045 0
1741023896 51064 0
1741023898 50757 0
1741023900 51168 0
1741023902 50817 0
1741023904 50942 0
1741023906 51317 0
1741023908 50503 0
1741023910 50857 0
1741023912 50884 0
1741023914 50752 0
1741023916 50617 0
1741023918 50736 0
1741023920 50913 0
1741023922 50569 0
1741023924 50614 0
1741023926 50836 0
1741023928 50421 0
1741023930 51074 0
1741023932 50133 0
1741023934 50540 0
1741023936 50468 0
1741023938 50755 0
1741023940 50482 0
1741023942 50530 0
1741023944 50532 0
1741023946 50785 0
1741023948 50861 0
1741023950 50565 0
1741023952 50792 0
1741023954 50695 0
1741023956 51187 0
1741023958 50872 0
1741023960 51017 0
1741023962 50876 0
1741023964 50727 0
1741023966 50850 0
1741023968 50806 0
1741023970 50905 0
1741023972 50825 0
1741023974 51104 0
1741023976 50897 0
1741023978 50620 0
1741023980 51046 0
1741023982 50848 0
1741023984 50866 0
1741023986 50894 0
1741023988 51073 0
1741023990 50895 0
1741023992 50784 0
1741023994 50791 0
1741023996 50769 0
1741023998 51071 0
1741024000 51087 0
1741024002 50827 0
1741024004 51072 0
1741024006 51088 0
1741024008 51382 0
1741024010 50685 0
1741024012 51095 0
1741024014 51391 0
1741024016 50924 0
1741024018 50805 0
1741024020 50932 0
1741024022 50727 0
1741024024 50950 0
1741024026 50594 0
1741024028 50614 0
1741024030 50586 0
1741024032 50423 0
1741024034 50584 0
1741024036 50763 0
1741024038 51059 0
1741024040 50754 0
1741024042 50782 0
1741024044 51264 0
1741024046 50629 0
1741024048 50678 0
1741024050 50656 0
1741024052 51038 0
1741024054 50788 0
1741024056 51052 0
1741024058 50586 0
1741024060 50953 0
1741024062 50619 0
1741024064 51327 0
1741024066 50932 0
1741024068 50390 0
1741024070 50404 0
1741024072 50561 0
1741024074 51139 0
1741024076 50649 0
1741024078 50911 0
1741024080 50619 0
1741024082 50689 0
1741024084 51046 0
1741024086 51036 0
1741024088 51198 0
1741024090 51283 0
1741024092 50922 0
1741024094 50587 0
1741024096 50926 0
1741024098 50997 0
1741024100 50938 0
1741024102 50645 0
1741024104 50748 0
1741024106 50891 0
1741024108 50755 0
1741024110 50859 0
1741024112 50742 0
1741024114 50932 0
1741024116 50702 0
1741024118 50989 0
1741024120 50968 0
1741024122 51105 0
1741024124 51230 0
1741024127 51102 0
1741024129 50860 0
1741024131 51039 0
1741024133 50973 0
1741024135 51155 0
1741024137 51378 0
1741024139 51138 0
1741024141 51123 0
1741024143 50965 0
1741024145 50377 0
1741024147 51119 0
1741024149 50972 0
1741024151 50849 0
1741024153 50739 0
1741024155 50413 0
1741024157 50724 0
1741024159 50573 0
1741024161 50744 0
1741024163 50480 0
1741024165 50941 0
1741024167 50748 0
1741024169 50724 0
1741024171 50694 0
1741024173 50695 0
1741024175 50701 0
1741024177 51218 0
1741024179 50989 0
1741024181 50602 0
1741024183 50941 0
1741024185 50876 0
1741024187 50758 0
1741024189 50724 0
1741024191 50783 0
1741024193 50862 0
1741024195 50564 0
1741024197 50973 0
1741024199 50932 0
1741024201 50888 0
1741024203 51159 0
1741024205 51002 0
1741024207 50922 0
1741024209 51281 0
1741024211 50525 0
1741024213 50887 0
1741024215 50739 0
1741024217 50983 0
1741024219 50903 0
1741024221 50653 0
1741024223 51150 0
1741024225 50528 0
1741024227 50941 0
1741024229 51097 0
1741024231 51259 0
1741024233 50843 0
1741024235 50872 0
1741024237 50705 0
1741024239 51036 0
1741024241 51030 0
1741024243 50962 0
1741024245 50815 0
1741024247 50908 0
1741024249 50723 0
1741024251 50977 0
1741024253 51057 0
1741024255 50801 0
1741024257 50813 0
1741024259 51090 0
1741024261 51075 0
1741024263 50731 0
1741024265 50907 0
1741024267 50788 0
1741024269 50669 0
1741024271 51105 0
1741024273 50653 0
1741024275 50870 0
1741024277 51031 0
1741024279 50876 0
1741024281 50866 0
1741024283 51044 0
1741024285 51212 0
1741024287 50981 0
1741024289 50743 0
1741024291 50858 0
1741024293 50919 0
1741024295 51081 0
1741024297 50778 0
1741024299 51127 0
1741024301 50853 0
1741024303 51197 0
1741024305 50873 0
1741024307 50865 0
1741024309 51371 0
1741024311 51090 0
1741024313 51122 0
1741024315 51134 0
1741024317 50782 0
1741024319 51178 0
1741024321 50602 0
1741024323 50505 0
1741024325 50439 0
1741024327 50849 0
1741024329 50844 0
1741024331 50837 0
1741024333 51094 0
1741024335 51066 0
1741024337 50821 0
1741024339 50992 0
1741024341 50931 0
1741024343 51138 0
1741024345 51103 0
1741024347 51179 0
1741024349 50922 0
1741024351 50946 0
1741024353 50700 0
1741024355 50548 0
1741024357 51099 0
1741024359 51030 0
1741024361 51140 0
1741024363 50769 0
1741024365 50950 0
1741024367 51375 0
1741024369 51109 0
1741024371 50916 0
1741024373 50824 0
1741024375 51001 0
1741024377 50696 0
1741024379 50864 0
1741024381 51042 0
1741024383 50689 0
1741024385 51246 0
1741024387 50974 0
1741024389 50817 0
1741024391 51206 0
1741024393 50699 0
1741024395 50632 0
1741024397 50716 0
1741024399 50806 0
1741024401 50630 0
1741024403 51075 0
1741024405 50985 0
1741024408 50997 0
1741024410 50914 0
1741024412 50864 0
1741024414 51043 0
1741024416 50971 0
1741024418 51347 0
1741024420 50684 0
1741024422 50515 0
1741024424 50980 0
1741024426 50862 0
1741024428 50690 0
1741024430 50515 0
1741024432 50499 0
1741024434 51141 0
1741024436 50981 0
1741024438 50789 0
1741024440 50685 0
1741024442 50695 0
1741024444 50721 0
1741024446 50728 0
1741024448 51022 0
1741024450 50849 0
1741024452 50451 0
1741024454 50995 0
1741024456 50942 0
1741024458 50836 0
1741024460 50951 0
1741024462 50799 0
1741024464 50975 0
1741024466 50856 0
1741024468 50992 0
1741024470 50579 0
1741024472 50590 0
1741024474 50730 0
1741024476 50795 0
1741024478 50596 0
1741024480 50780 0
1741024482 50888 0
1741024484 50973 0
1741024486 50757 0
1741024488 50653 0
1741024490 51013 0
1741024492 50818 0
1741024494 50927 0
1741024496 50879 0
1741024498 50842 0
1741024500 50850 0
1741024502 50659 0
1741024504 50300 0
1741024506 50884 0
1741024508 51071 0
1741024510 50618 0
1741024512 50746 0
1741024514 50670 0
1741024516 50449 0
1741024518 50593 0
1741024520 51130 0
1741024522 50896 0
1741024524 50715 0
1741024526 50899 0
1741024528 50680 0
1741024530 50605 0
1741024532 50682 0
1741024534 50599 0
1741024536 50903 0
1741024538 50791 0
1741024540 50902 0
1741024542 50919 0
1741024544 50855 0
1741024546 50509 0
1741024548 50811 0
1741024550 50706 0
1741024552 50556 0
1741024554 51024 0
1741024556 50528 0
1741024558 50975 0
1741024560 50941 0
1741024562 50991 0
1741024564 50979 0
1741024566 50871 0
1741024568 50778 0
1741024570 50974 0
1741024572 50983 0
1741024574 50754 0
1741024576 51050 0
1741024578 50731 0
1741024580 51164 0
1741024582 51127 0
1741024584 51400 0
1741024586 50855 0
1741024588 50523 0
1741024590 50608 0
1741024592 51070 0
1741024594 51261 0
1741024596 51145 0
1741024598 51092 0
1741024600 50573 0
1741024602 50781 0
1741024604 50583 0
1741024606 51184 0
1741024608 50838 0
1741024610 50906 0
1741024612 50872 0
1741024614 50987 0
1741024616 51060 0
1741024618 50740 0
1741024620 50752 0
1741024622 51082 0
1741024624 51016 0
1741024626 50851 0
1741024628 50752 0
1741024630 50610 0
1741024632 50480 0
1741024634 51336 0
1741024636 50465 0
1741024638 50898 0
1741024640 50658 0
1741024642 50784 0
1741024644 50722 0
1741024646 50706 0
1741024648 50706 0
1741024650 50995 0
1741024652 50603 0
1741024654 50807 0
1741024656 50683 0
1741024658 51024 0
1741024660 51007 0
1741024662 51066 0
1741024664 50971 0
1741024666 50726 0
1741024668 51182 0
1741024670 50861 0
1741024672 50789 0
1741024674 50652 0
1741024676 50733 0
1741024678 50876 0
1741024680 50674 0
1741024682 50746 0
1741024684 50845 0
1741024686 50695 0
1741024688 51183 0
1741024690 50548 0
1741024692 50930 0
1741024694 50491 0
1741024696 51203 0
1741024698 50930 0
1741024700 51148 0
1741024702 50687 0
1741024704 50717 0
1741024706 51057 0
1741024708 51189 0
1741024710 50605 0
1741024712 50776 0
1741024714 50769 0
1741024716 50502 0
1741024719 50648 0
1741024721 51046 0
1741024723 50854 0
1741024725 50814 0
1741024727 50758 0
1741024729 50787 0
1741024731 51100 0
1741024733 50615 0
1741024735 50865 0
1741024737 50508 0
1741024739 50851 0
1741024741 50488 0
1741024743 51169 0
1741024745 50550 0
1741024747 50960 0
1741024749 51043 0
1741024751 51085 0
1741024753 50741 0
1741024755 50633 0
1741024757 50697 0
1741024759 50509 0
1741024761 50816 0
1741024763 50854 0
1741024765 50935 0
1741024767 50612 0
1741024769 50675 0
1741024771 50938 0
1741024773 51337 0
1741024775 51048 0
1741024777 50914 0
1741024779 50523 0
1741024781 50959 0
1741024783 50830 0
1741024785 50861 0
1741024787 50846 0
1741024789 50696 0
1741024791 50723 0
1741024793 50910 0
1741024795 50682 0
1741024797 50726 0
1741024799 51004 0
1741024801 50780 0
1741024803 50858 0
1741024805 50975 0
1741024807 50741 0
1741024809 50686 0
1741024811 50915 0
1741024813 50965 0
1741024815 50910 0
1741024817 50715 0
1741024819 50587 0
1741024821 50974 0
1741024823 51080 0
1741024825 51167 0
1741024827 50855 0
1741024829 51054 0
1741024831 50869 0
1741024833 50991 0
1741024835 50933 0
1741024837 50966 0
1741024839 50852 0
1741024841 50995 0
1741024843 50676 0
1741024845 50814 0
1741024847 51013 0
1741024849 50731 0
1741024851 50949 0
1741024853 51008 0
1741024855 50688 0
1741024857 50546 0
1741024859 50897 0
1741024861 50936 0
1741024863 50806 0
1741024865 51005 0
1741024867 50895 0
1741024869 50685 0
1741024871 50533 0
1741024873 50793 0
1741024875 51111 0
1741024877 50913 0
1741024879 50826 0
1741024881 50705 0
1741024883 50678 0
1741024885 50885 0
1741024887 51145 0
1741024889 50900 0
1741024891 50894 0
1741024893 51079 0
1741024895 50956 0
1741024897 51058 0
1741024899 50745 0
1741024901 50593 0
1741024903 50821 0
1741024905 50847 0
1741024907 50763 0
1741024909 50712 0
1741024911 50692 0
1741024913 50981 0
1741024915 51002 0
1741024917 50739 0
1741024919 50775 0
1741024921 50944 0
1741024923 50986 0
1741024925 50822 0
1741024927 51341 0
1741024929 51199 0
1741024931 50945 0
1741024933 50952 0
1741024935 51020 0
1741024937 51270 0
1741024939 50721 0
1741024941 50683 0
1741024943 50524 0
1741024945 51105 0
1741024947 50765 0
1741024949 50810 0
1741024951 50945 0
1741024953 50878 0
1741024955 51148 0
1741024957 50749 0
1741024959 50891 0
1741024961 50811 0
1741024963 51032 0
1741024965 51127 0
1741024967 50801 0
1741024969 51188 0
1741024971 50839 0
1741024973 50845 0
1741024975 50919 0
1741024977 50858 0
1741024979 50744 0
1741024981 50901 0
1741024983 51032 0
1741024985 51379 0
1741024987 50759 0
1741024989 50721 0
1741024991 50838 0
1741024993 50630 0
1741024995 51041 0
1741024997 50600 0
1741024999 51178 0
1741025001 50600 0
1741025003 50565 0
1741025005 50796 0
1741025007 50592 0
1741025009 50397 0
1741025011 50530 0
1741025013 50563 0
1741025015 50834 0
1741025017 50920 0
1741025019 50701 0
1741025021 50689 0
1741025023 50541 0
1741025025 50834 0
1741025027 51224 0
1741025029 50773 0
1741025032 50901 0
1741025034 50747 0
1741025036 51074 0
1741025038 50909 0
1741025040 50842 0
1741025042 50652 0
1741025044 50693 0
1741025046 51057 0
1741025048 50421 0
1741025050 50924 0
1741025052 50458 0
1741025054 51024 0
1741025056 50607 0
1741025058 51187 0
1741025060 50738 0
1741025062 50801 0
1741025064 50900 0
1741025066 50738 0
1741025068 51117 0
1741025070 50992 0
1741025072 50543 0
1741025074 50636 0
1741025076 50652 0
1741025078 50441 0
1741025080 50678 0
1741025082 51082 0
1741025084 51106 0
1741025086 50796 0
1741025088 50633 0
1741025090 50648 0
1741025092 50422 0
1741025094 50815 0
1741025096 50704 0
1741025098 50663 0
1741025100 50821 0
1741025102 51147 0
1741025104 51034 0
1741025106 50881 0
1741025108 50572 0
1741025110 50724 0
1741025112 50610 0
1741025114 50608 0
1741025116 50663 0
1741025118 50834 0
1741025120 50642 0
1741025122 51116 0
1741025124 50659 0
1741025126 50871 0
1741025128 50837 0
1741025130 50374 0
1741025132 50656 0
1741025134 50771 0
1741025136 51046 0
1741025138 50992 0
1741025140 50587 0
1741025142 51066 0
1741025144 50591 0
1741025146 51153 0
1741025148 50900 0
1741025150 50449 0
1741025152 50891 0
1741025154 50856 0
1741025156 50703 0
1741025158 50686 0
1741025160 50613 0
1741025162 50898 0
1741025164 51006 0
1741025166 50497 0
1741025168 50783 0
1741025170 50502 0
1741025172 51145 0
1741025174 50824 0
1741025176 50716 0
1741025178 50644 0
1741025180 50661 0
1741025182 50497 0
1741025184 51047 0
1741025186 50821 0
1741025188 50741 0
1741025190 50914 0
1741025192 50568 0
1741025194 50879 0
1741025196 50783 0
1741025198 50664 0
1741025200 50636 0
1741025202 50605 0
1741025204 51111 0
1741025206 51151 0
1741025208 50832 0
1741025210 50700 0
1741025212 50966 0
1741025214 50982 0
1741025216 50749 0
1741025218 51070 0
1741025220 50893 0
1741025222 50682 0
1741025224 50783 0
1741025226 50587 0
1741025228 50541 0
1741025230 50615 0
1741025232 50508 0
1741025234 50691 0
1741025236 50813 0
1741025238 51101 0
1741025240 50823 0
1741025242 50688 0
1741025244 50958 0
1741025246 50509 0
1741025248 50631 0
1741025250 50300 0
1741025252 50915 0
1741025254 50760 0
1741025256 50865 0
1741025258 50803 0
1741025260 50795 0
1741025262 50434 0
1741025264 50490 0
1741025266 51166 0
1741025268 50565 0
1741025270 50744 0
1741025272 50720 0
1741025274 50679 0
1741025276 50858 0
1741025278 50635 0
1741025280 50707 0
1741025282 50541 0
1741025284 50710 0
1741025286 50809 0
1741025288 51086 0
1741025290 51073 0
1741025292 50840 0
1741025294 50904 0
1741025296 50925 0
1741025298 50853 0
1741025300 50869 0
1741025302 50619 0
1741025304 50927 0
1741025306 50883 0
1741025308 50758 0
1741025310 50985 0
1741025312 50982 0
1741025314 50785 0
1741025316 51150 0
1741025318 50705 0
1741025320 50848 0
1741025322 51069 0
1741025324 51109 0
1741025326 50489 0
1741025328 50752 0
1741025330 50940 0
1741025332 51090 0
1741025334 51079 0
1741025336 50967 0
1741025338 50353 0
1741025340 50956 0
1741025342 51060 0
1741025344 50810 0
1741025347 50617 0
1741025349 50631 0
1741025351 50848 0
1741025353 50913 0
1741025355 50676 0
1741025357 50410 0
1741025359 50687 0
1741025361 50641 0
1741025363 50702 0
1741025365 50548 0
1741025367 51027 0
1741025369 50629 0
1741025371 50449 0
1741025373 50770 0
1741025375 50684 0
1741025377 50676 0
1741025379 50754 0
1741025381 50573 0
1741025383 50663 0
1741025385 50473 0
1741025387 50812 0
1741025389 50656 0
1741025391 50782 0
1741025393 50976 0
1741025395 50995 0
1741025397 50856 0
1741025399 50657 0
1741025401 50577 0
1741025403 50775 0
1741025405 50623 0
1741025407 50585 0
1741025409 50595 0
1741025411 50825 0
1741025413 50784 0
1741025415 50923 0
1741025417 50601 0
1741025419 50844 0
1741025421 50859 0
1741025423 51055 0
1741025425 51078 0
1741025427 50983 0
1741025429 50841 0
1741025431 50631 0
1741025433 50858 0
1741025435 51199 0
1741025437 51132 0
1741025439 50672 0
1741025441 50718 0
1741025443 50673 0
1741025445 50596 0
1741025447 50930 0
1741025449 50520 0
1741025451 51226 0
1741025453 51044 0
1741025455 51124 0
1741025457 50935 0
1741025459 50887 0
1741025461 50816 0
1741025463 50351 0
1741025465 50707 0
1741025467 50808 0
1741025469 50960 0
1741025471 50526 0
1741025473 50433 0
1741025475 50438 0
1741025477 50902 0
1741025479 50877 0
1741025481 50541 0
1741025483 50676 0
1741025485 50482 0
1741025487 50937 0
1741025489 50548 0
1741025491 50614 0
1741025493 50623 0
1741025495 50691 0
1741025497 50986 0
1741025499 50795 0
1741025501 50583 0
1741025503 50572 0
1741025505 50578 0
1741025507 50638 0
1741025509 50924 0
1741025511 50449 0
1741025513 50708 0
1741025515 51043 0
1741025517 50675 0
1741025519 50316 0
1741025521 50458 0
1741025523 50286 0
1741025525 50362 0
1741025527 50817 0
1741025529 50415 0
1741025531 50673 0
1741025533 50793 0
1741025535 51060 0
1741025537 50942 0
1741025539 50716 0
1741025541 50847 0
1741025543 50843 0
1741025545 51076 0
1741025547 50609 0
1741025549 50488 0
1741025551 50768 0
1741025553 50818 0
1741025555 50707 0
1741025557 50823 0
1741025559 50784 0
1741025561 50856 0
1741025563 50817 0
1741025565 50475 0
1741025567 50631 0
1741025569 50537 0
1741025571 50864 0
1741025573 50694 0
1741025575 50804 0
1741025577 50536 0
1741025579 50627 0
1741025581 50258 0
1741025583 50411 0
1741025585 50630 0
1741025587 50347 0
1741025589 50569 0
1741025591 50472 0
1741025593 50579 0
1741025595 50601 0
1741025597 50972 0
1741025599 50439 0
1741025601 50158 0
1741025603 50587 0
1741025605 50663 0
1741025607 50531 0
1741025609 50646 0
1741025611 50706 0
1741025613 50619 0
1741025615 50759 0
1741025617 50788 0
1741025619 50243 0
1741025621 50600 0
1741025623 50560 0
1741025625 50608 0
1741025627 50582 0
1741025629 50664 0
1741025631 50535 0
1741025633 50462 0
1741025635 50636 0
1741025637 50926 0
1741025639 50614 0
1741025641 50680 0
1741025643 50790 0
1741025645 50634 0
1741025647 50841 0
1741025649 50726 0
1741025651 50822 0
1741025653 50641 0
1741025655 50642 0
1741025657 50647 0
1741025659 50762 0
1741025662 50690 0
1741025664 50835 0
1741025666 50787 0
1741025668 50968 0
1741025670 50661 0
1741025672 50465 0
1741025674 51010 0
1741025676 50426 0
1741025678 50804 0
1741025680 50688 0
1741025682 50526 0
1741025684 50782 0
1741025686 50749 0
1741025688 50748 0
1741025690 50779 0
1741025692 50586 0
1741025694 50696 0
1741025696 50793 0
1741025698 50675 0
1741025700 50882 0
1741025702 50853 0
1741025704 50895 0
1741025706 50722 0
1741025708 50413 0
1741025710 50690 0
1741025712 50980 0
1741025714 50931 0
1741025716 50900 0
1741025718 50651 0
1741025720 50878 0
1741025722 50676 0
1741025724 50933 0
1741025726 50636 0
1741025728 50728 0
1741025730 50809 0
1741025732 50514 0
1741025734 50951 0
1741025736 50965 0
1741025738 50561 0
1741025740 51022 0
1741025742 50527 0
1741025744 51160 0
1741025746 50608 0
1741025748 50790 0
1741025750 50824 0
1741025752 50830 0
1741025754 50547 0
1741025756 50686 0
1741025758 50344 0
1741025760 50860 0
1741025762 50502 0
1741025764 50686 0
1741025766 50509 0
1741025768 51869 0
1741025770 51586 0
1741025772 51684 0
1741025774 51753 0
1741025776 51971 0
1741025778 51550 0
1741025780 51812 0
1741025782 51752 0
1741025784 52094 0
1741025786 52154 0
1741025788 51831 0
1741025790 51867 0
1741025792 51870 0
1741025794 51757 0
1741025796 52167 0
1741025798 51653 0
1741025800 51804 0
1741025802 51872 0
1741025804 51356 0
1741025806 52007 0
1741025808 51705 0
1741025810 51620 0
1741025812 51934 0
1741025814 51793 0
1741025816 51724 0
1741025818 51737 0
1741025820 51295 0
1741025822 51273 0
1741025824 51827 0
1741025826 51688 0
1741025828 51873 0
1741025830 51883 0
1741025832 51648 0
1741025834 51956 0
1741025836 51331 0
1741025838 51772 0
1741025840 51250 0
1741025842 52002 0
1741025844 51463 0
1741025846 51726 0
1741025848 51741 0
1741025850 51502 0
1741025852 51015 0
1741025854 51586 0
1741025856 51988 0
1741025858 51674 0
1741025860 52075 0
1741025862 51761 0
1741025864 51872 0
1741025866 51779 0
1741025868 51445 0
1741025870 52187 0
1741025872 51785 0
1741025874 51553 0
1741025876 51180 0
1741025878 52213 0
1741025880 51719 0
1741025882 52068 0
1741025884 51476 0
1741025886 51615 0
1741025888 51500 0
1741025890 51954 0
1741025892 51721 0
1741025894 51753 0
1741025896 51654 0
1741025898 51833 0
1741025900 51956 0
1741025902 51930 0
1741025904 51583 0
1741025906 51398 0
1741025908 51490 0
1741025910 51689 0
1741025912 51700 0
1741025914 51635 0
1741025916 51635 0
1741025918 51857 0
1741025920 51564 0
1741025922 51985 0
1741025924 51757 0
1741025926 51858 0
1741025928 51078 0
1741025930 51586 0
1741025932 51785 0
1741025934 51603 0
1741025936 51562 0
1741025938 51608 0
1741025940 51426 0
1741025942 51485 0
1741025944 51754 0
1741025946 51515 0
1741025948 51390 0
1741025950 51532 0
1741025952 51582 0
1741025954 51579 0
1741025956 51555 0
1741025958 51538 0
1741025960 51584 0
1741025962 51239 0
1741025964 51608 0
1741025966 51594 0
1741025969 51451 0
1741025971 51428 0
1741025973 51438 0
1741025975 51257 0
1741025977 51297 0
1741025979 51775 0
1741025981 51541 0
1741025983 51769 0
1741025985 51768 0
1741025987 51838 0
1741025989 51471 0
1741025991 51427 0
1741025993 51757 0
1741025995 51565 0
1741025997 51459 0
1741025999 51546 0
1741026001 51687 0
1741026003 51217 0
1741026005 51941 0
1741026007 51559 0
1741026009 51831 0
1741026011 51530 0
1741026013 51766 0
1741026015 51964 0
1741026017 51619 0
1741026019 52039 0
1741026021 51912 0
1741026023 51753 0
1741026025 51515 0
1741026027 52097 0
1741026029 51444 0
1741026031 51751 0
1741026033 51771 0
1741026035 51873 0
1741026037 51984 0
1741026039 51690 0
1741026041 51932 0
1741026043 51562 0
1741026045 51619 0
1741026047 51700 0
1741026049 51309 0
1741026051 51661 0
1741026053 51446 0
1741026055 51521 0
1741026057 51828 0
1741026059 51703 0
1741026061 52215 0
1741026063 51694 0
1741026065 51688 0
1741026067 51338 0
1741026069 51429 0
1741026071 51877 0
1741026073 51631 0
1741026075 51716 0
1741026077 51868 0
1741026079 51742 0
1741026081 51647 0
1741026083 51599 0
1741026085 51442 0
1741026087 51586 0
1741026089 51771 0
1741026091 51704 0
1741026093 51910 0
1741026095 51482 0
1741026097 51699 0
1741026099 51712 0
1741026101 51198 0
1741026103 51799 0
1741026105 51254 0
1741026107 51366 0
1741026109 51181 0
1741026111 51216 0
1741026113 51918 0
1741026115 51732 0
1741026117 51685 0
1741026119 51880 0
1741026121 51526 0
1741026123 51701 0
1741026125 51388 0
1741026127 51379 0
1741026129 51252 0
1741026131 51346 0
1741026133 51993 0
1741026135 51612 0
1741026137 51326 0
1741026139 51616 0
1741026141 51331 0
1741026143 51469 0
1741026145 51666 0
1741026147 51010 0
1741026149 51565 0
1741026151 51148 0
1741026153 51626 0
1741026155 51478 0
1741026157 51577 0
1741026159 51321 0
1741026161 51314 0
1741026163 51969 0
1741026165 51476 0
1741026167 51381 0
1741026169 51305 0
1741026171 51400 0
1741026173 51485 0
1741026175 51468 0
1741026177 51419 0
1741026179 51132 0
1741026181 51514 0
1741026183 51524 0
1741026185 51195 0
1741026187 51602 0
1741026189 51795 0
1741026191 51621 0
1741026193 51878 0
1741026195 51641 0
1741026197 51276 0
1741026199 51511 0
1741026201 51370 0
1741026203 51428 0
1741026205 51285 0
1741026207 51082 0
1741026209 51647 0
1741026211 51619 0
1741026213 51374 0
1741026215 51285 0
1741026217 51728 0
1741026219 52066 0
1741026221 51309 0
1741026223 51613 0
1741026225 51155 0
1741026227 51508 0
1741026229 51473 0
1741026231 51825 0
1741026233 51498 0
1741026235 51298 0
1741026237 51414 0
1741026239 51676 0
1741026241 52077 0
1741026243 51784 0
1741026245 51592 0
1741026247 51311 0
1741026249 51351 0
1741026251 51302 0
1741026253 51471 0
1741026255 51181 0
1741026257 51416 0
1741026259 51202 0
1741026261 51556 0
1741026263 51419 0
1741026265 51259 0
1741026267 51082 0
1741026269 51711 0
1741026271 51461 0
1741026273 51206 0
1741026275 51295 0
1741026277 51559 0
1741026279 51791 0
1741026281 51598 0
1741026284 51500 0
1741026286 51067 0
1741026288 51431 0
1741026290 51104 0
1741026292 51544 0
1741026294 51411 0
1741026296 51100 0
1741026298 51274 0
1741026300 51436 0
1741026302 51287 0
1741026304 51220 0
1741026306 51268 0
1741026308 50991 0
1741026310 51296 0
1741026312 51131 0
1741026314 51454 0
1741026316 51058 0
1741026318 51393 0
1741026320 51364 0
1741026322 51731 0
1741026324 51477 0
1741026326 51399 0
1741026328 51340 0
1741026330 51491 0
1741026332 51343 0
1741026334 51221 0
1741026336 51602 0
1741026338 51603 0
1741026340 51172 0
1741026342 51144 0
1741026344 51038 0
1741026346 51424 0
1741026348 51217 0
1741026350 51034 0
1741026352 51282 0
1741026354 51238 0
1741026356 51649 0
1741026358 51327 0
1741026360 51268 0
1741026362 51348 0
1741026364 51346 0
1741026366 51016 0
1741026368 51446 0
1741026370 51443 0
1741026372 51019 0
1741026374 51440 0
1741026376 51326 0
1741026378 51870 0
1741026380 51060 0
1741026382 51564 0
1741026384 51224 0
1741026386 51017 0
1741026388 51644 0
1741026390 51300 0
1741026392 51121 0
1741026394 51257 0
1741026396 51498 0
1741026398 51440 0
1741026400 51101 0
1741026402 51456 0
1741026404 51368 0
1741026406 51632 0
1741026408 51393 0
1741026410 51499 0
1741026412 51304 0
1741026414 51519 0
1741026416 51321 0
1741026418 51251 0
1741026420 51078 0
1741026422 51229 0
1741026424 51285 0
1741026426 51048 0
1741026428 51443 0
1741026430 50902 0
1741026432 51105 0
1741026434 51353 0
1741026436 51523 0
1741026438 51259 0
1741026440 51272 0
1741026442 51360 0
1741026444 51462 0
1741026446 51075 0
1741026448 51433 0
1741026450 51036 0
1741026452 51091 0
1741026454 51398 0
1741026456 51224 0
1741026458 51461 0
1741026460 51725 0
1741026462 51334 0
1741026464 51446 0
1741026466 51139 0
1741026468 50988 0
1741026470 51349 0
1741026472 51316 0
1741026474 51562 0
1741026476 50760 0
1741026478 51318 0
1741026480 51156 0
1741026482 51350 0
1741026484 51165 0
1741026486 51049 0
1741026488 51168 0
1741026490 51491 0
1741026492 51058 0
1741026494 50823 0
1741026496 51158 0
1741026498 51129 0
1741026500 50893 0
1741026502 51199 0
1741026504 51363 0
1741026506 51264 0
1741026508 50876 0
1741026510 51474 0
1741026512 51205 0
1741026514 51188 0
1741026516 51027 0
1741026518 50986 0
1741026520 51250 0
1741026522 51299 0
1741026524 51289 0
1741026526 51284 0
1741026528 51350 0
1741026530 51149 0
1741026532 51358 0
1741026534 51247 0
1741026536 51225 0
1741026538 51128 0
1741026540 51224 0
1741026542 51344 0
1741026544 50935 0
1741026546 51324 0
1741026548 50936 0
1741026550 51408 0
1741026552 51134 0
1741026554 50954 0
1741026556 51371 0
1741026558 50905 0
1741026560 51022 0
1741026562 50883 0
1741026564 51328 0
1741026566 51603 0
1741026568 51203 0
1741026570 51208 0
1741026572 51415 0
1741026574 51200 0
1741026576 51326 0
1741026578 51461 0
1741026580 51142 0
1741026582 51282 0
1741026584 51258 0
1741026586 51072 0
1741026588 51402 0
1741026590 51561 0
1741026592 51202 0
1741026594 51073 0
1741026597 51463 0
1741026599 51280 0
1741026601 51233 0
1741026603 50828 0
1741026605 51114 0
1741026607 51150 0
1741026609 51538 0
1741026611 51227 0
1741026613 51238 0
1741026615 51282 0
1741026617 51107 0
1741026619 51903 0
1741026621 51269 0
1741026623 51562 0
1741026625 51379 0
1741026627 51328 0
1741026629 51163 0
1741026631 51431 0
1741026633 50891 0
1741026635 51103 0
1741026637 51488 0
1741026639 51664 0
1741026641 51418 0
1741026643 51434 0
1741026645 51399 0
1741026647 50919 0
1741026649 51307 0
1741026651 51088 0
1741026653 51190 0
1741026655 51555 0
1741026657 51081 0
1741026659 51169 0
1741026661 51259 0
1741026663 51334 0
1741026665 51272 0
1741026667 51129 0
1741026669 51271 0
1741026671 51297 0
1741026673 51001 0
1741026675 51019 0
1741026677 51311 0
1741026679 51464 0
1741026681 51142 0
1741026683 51288 0
1741026685 51499 0
1741026687 51367 0
1741026689 51628 0
1741026691 51153 0
1741026693 51180 0
1741026695 50959 0
1741026697 51025 0
1741026699 51108 0
1741026701 51442 0
1741026703 51222 0
1741026705 51365 0
1741026707 51086 0
1741026709 51030 0
1741026711 51182 0
1741026713 51607 0
1741026715 51259 0
1741026717 50945 0
1741026719 50551 0
1741026721 50912 0
1741026723 51258 0
1741026725 51453 0
1741026727 51500 0
1741026729 51367 0
1741026731 51094 0
1741026733 51205 0
1741026735 51237 0
1741026737 51499 0
1741026739 51164 0
1741026741 50992 0
1741026743 51226 0
1741026745 50951 0
1741026747 51332 0
1741026749 50695 0
1741026751 51268 0
1741026753 51357 0
1741026755 51343 0
1741026757 51584 0
1741026759 50999 0
1741026761 51562 0
1741026763 50845 0
1741026765 51341 0
1741026767 50647 0
1741026769 51175 0
1741026771 51053 0
1741026773 50995 0
1741026775 51029 0
1741026777 51062 0
1741026779 51006 0
1741026781 50820 0
1741026783 51231 0
1741026785 51198 0
1741026787 51267 0
1741026789 51255 0
1741026791 51042 0
1741026793 50778 0
1741026795 51012 0
1741026797 51089 0
1741026799 51121 0
1741026801 51083 0
1741026803 50861 0
1741026805 51317 0
1741026807 51279 0
1741026809 51216 0
1741026811 51302 0
1741026813 50872 0
1741026815 50703 0
1741026817 50910 0
1741026819 50905 0
1741026821 51037 0
1741026823 50884 0
1741026825 51345 0
1741026827 51579 0
1741026829 51249 0
1741026831 51412 0
1741026833 50958 0
1741026835 51571 0
1741026837 51327 0
1741026839 50980 0
1741026841 51288 0
1741026843 51459 0
1741026845 51283 0
1741026847 51048 0
1741026849 51078 0
1741026851 51091 0
1741026853 51068 0
1741026855 51234 0
1741026857 51372 0
1741026859 51003 0
1741026861 51147 0
1741026863 51319 0
1741026865 51131 0
1741026867 51385 0
1741026869 51235 0
1741026871 50921 0
1741026873 50975 0
1741026875 50983 0
1741026877 51147 0
1741026879 51125 0
1741026881 51028 0
1741026883 51145 0
1741026885 50869 0
1741026887 51068 0
1741026889 51094 0
1741026891 51014 0
1741026893 51188 0
1741026895 51426 0
1741026897 51370 0
1741026899 50769 0
1741026901 51285 0
1741026903 51042 0
1741026905 51024 0
1741026907 51245 0
1741026909 51086 0
1741026912 51301 0
1741026914 51253 0
1741026916 51094 0
1741026918 50986 0
1741026920 51222 0
1741026922 51213 0
1741026924 50920 0
1741026926 51134 0
1741026928 51036 0
1741026930 51255 0
1741026932 51440 0
1741026934 51259 0
1741026936 51104 0
1741026938 50962 0
1741026940 51095 0
1741026942 51091 0
1741026944 51194 0
1741026946 51393 0
1741026948 51202 0
1741026950 51411 0
1741026952 51255 0
1741026954 51068 0
1741026956 51143 0
1741026958 51080 0
1741026960 51378 0
1741026962 51259 0
1741026964 51169 0
1741026966 51146 0
1741026968 51274 0
1741026970 51311 0
1741026972 51763 0
1741026974 51467 0
1741026976 51460 0
1741026978 51171 0
1741026980 51031 0
1741026982 51457 0
1741026984 50981 0
1741026986 51176 0
1741026988 51133 0
1741026990 51230 0
1741026992 51342 0
1741026994 50975 0
1741026996 51270 0
1741026998 51060 0
1741027000 51487 0
1741027002 50988 0
1741027004 51370 0
1741027006 51236 0
1741027008 51094 0
1741027010 51430 0
1741027012 51225 0
1741027014 50903 0
1741027016 50858 0
1741027018 51383 0
1741027020 51036 0
1741027022 51266 0
1741027024 50977 0
1741027026 50955 0
1741027028 50725 0
1741027030 51160 0
1741027032 51236 0
1741027034 50880 0
1741027036 50727 0
1741027038 50709 0
1741027040 51122 0
1741027042 51389 0
1741027044 50968 0
1741027046 50857 0
1741027048 50976 0
1741027050 51297 0
1741027052 51093 0
1741027054 50837 0
1741027056 50307 0
1741027058 51044 0
1741027060 51252 0
1741027062 51276 0
1741027064 51290 0
1741027066 51127 0
1741027068 51017 0
1741027070 50952 0
1741027072 51350 0
1741027074 50879 0
1741027076 51157 0
1741027078 51282 0
1741027080 50940 0
1741027082 51498 0
1741027084 51258 0
1741027086 50977 0
1741027088 50808 0
1741027090 51059 0
1741027092 51137 0
1741027094 51258 0
1741027096 50957 0
1741027098 50813 0
1741027100 50903 0
1741027102 50947 0
1741027104 50883 0
1741027106 51119 0
1741027108 51269 0
1741027110 50845 0
1741027112 51204 0
1741027114 51429 0
1741027116 51021 0
1741027118 51139 0
1741027120 51031 0
1741027122 51104 0
1741027124 51234 0
1741027126 51073 0
1741027128 50940 0
1741027130 51012 0
1741027132 51402 0
1741027134 51248 0
1741027136 51086 0
1741027138 51304 0
1741027140 51350 0
1741027142 51307 0
1741027144 51396 0
1741027146 50867 0
1741027148 51607 0
1741027150 51415 0
1741027152 51041 0
1741027154 50937 0
1741027156 50983 0
1741027158 51098 0
1741027160 51404 0
1741027162 51079 0
1741027164 51084 0
1741027166 50972 0
1741027168 51246 0
1741027170 50797 0
1741027172 50855 0
1741027174 50882 0
1741027176 50972 0
1741027178 51083 0
1741027180 51010 0
1741027182 50805 0
1741027184 50802 0
1741027186 51334 0
1741027188 51482 0
1741027190 51037 0
1741027192 51024 0
1741027194 50993 0
1741027196 51151 0
1741027198 51066 0
1741027200 51046 0
1741027202 51076 0
1741027204 51176 0
1741027206 51251 0
1741027208 51129 0
1741027210 51233 0
1741027212 50905 0
1741027214 51069 0
1741027216 51279 0
1741027218 51465 0
1741027220 51247 0
1741027222 51250 0
1741027224 51320 0
1741027227 51656 0
1741027229 51048 0
1741027231 51188 0
1741027233 50791 0
1741027235 50897 0
1741027237 51250 0
1741027239 51498 0
1741027241 51448 0
1741027243 51330 0
1741027245 51147 0
1741027247 50910 0
1741027249 51171 0
1741027251 50654 0
1741027253 51199 0
1741027255 51341 0
1741027257 51457 0
1741027259 51496 0
1741027261 50983 0
1741027263 51354 0
1741027265 50761 0
1741027267 51042 0
1741027269 50970 0
1741027271 51156 0
1741027273 51328 0
1741027275 51311 0
1741027277 50782 0
1741027279 50956 0
1741027281 51246 0
1741027283 50890 0
1741027285 51239 0
1741027287 50972 0
1741027289 51054 0
1741027291 51390 0
1741027293 51302 0
1741027295 51095 0
1741027297 51061 0
1741027299 51328 0
1741027301 51395 0
1741027303 51343 0
1741027305 51052 0
1741027307 51277 0
1741027309 51100 0
1741027311 51156 0
1741027313 50874 0
1741027315 51142 0
1741027317 50864 0
1741027319 50888 0
1741027321 51182 0
1741027323 51026 0
1741027325 51389 0
1741027327 51100 0
1741027329 51110 0
1741027331 50771 0
1741027333 51186 0
1741027335 51141 0
1741027337 51397 0
1741027339 51030 0
1741027341 50935 0
1741027343 50939 0
1741027345 50919 0
1741027347 51176 0
1741027349 51136 0
1741027351 50680 0
1741027353 50909 0
1741027355 51060 0
1741027357 50864 0
1741027359 51186 0
1741027361 50925 0
1741027363 51001 0
1741027365 51107 0
1741027367 51418 0
1741027369 50913 0
1741027371 51027 0
1741027373 51212 0
1741027375 50997 0
1741027377 51247 0
1741027379 51563 0
1741027381 50884 0
1741027383 51383 0
1741027385 50668 0
1741027387 51342 0
1741027389 51386 0
1741027391 51269 0
1741027393 51367 0
1741027395 50821 0
1741027397 51252 0
1741027399 51136 0
1741027401 50997 0
1741027403 51194 0
1741027405 51035 0
1741027407 51284 0
1741027409 51392 0
1741027411 50882 0
1741027413 51178 0
1741027415 51163 0
1741027417 50944 0
1741027419 51121 0
1741027421 51056 0
1741027423 50809 0
1741027425 50798 0
1741027427 50959 0
1741027429 51305 0
1741027431 50787 0
1741027433 50986 0
1741027435 50684 0
1741027437 51141 0
1741027439 51026 0
1741027441 50934 0
1741027443 51324 0
1741027445 51333 0
1741027447 50727 0
1741027449 51057 0
1741027451 51123 0
1741027453 50866 0
1741027455 51066 0
1741027457 51106 0
1741027459 51119 0
1741027461 50697 0
1741027463 51214 0
1741027465 50884 0
1741027467 51133 0
1741027469 51028 0
1741027471 51173 0
1741027473 50993 0
1741027475 51117 0
1741027477 51060 0
1741027479 50605 0
1741027481 51264 0
1741027483 51151 0
1741027485 51116 0
1741027487 50661 0
1741027489 50991 0
1741027491 51400 0
1741027493 51001 0
1741027495 50907 0
1741027497 50519 0
1741027499 51217 0
1741027501 50880 0
1741027503 50936 0
1741027505 51236 0
1741027507 50935 0
1741027509 50876 0
1741027511 51248 0
1741027513 51195 0
1741027515 51233 0
1741027517 51274 0
1741027519 51194 0
1741027521 50861 0
1741027523 51226 0
1741027525 51132 0
1741027527 51170 0
1741027529 51310 0
1741027531 51204 0
1741027533 50784 0
1741027536 51161 0
1741027538 51016 0
1741027540 51142 0
1741027542 51223 0
1741027544 50964 0
1741027546 51208 0
1741027548 51116 0
1741027550 50800 0
1741027552 51376 0
1741027554 51339 0
1741027556 51260 0
1741027558 51074 0
1741027560 51324 0
1741027562 51196 0
1741027564 51130 0
1741027566 51160 0
1741027568 51196 0
1741027570 51295 0
1741027572 51308 0
1741027574 51436 0
1741027576 50972 0
1741027578 51176 0
1741027580 51164 0
1741027582 51355 0
1741027584 50894 0
1741027586 51422 0
1741027588 51227 0
1741027590 51040 0
1741027592 51357 0
1741027594 51203 0
1741027596 51109 0
1741027598 50941 0
1741027600 51399 0
1741027602 51158 0
1741027604 51038 0
1741027606 51406 0
1741027608 51151 0
1741027610 51337 0
1741027612 50896 0
1741027614 51172 0
1741027616 50910 0
1741027618 51266 0
1741027620 50712 0
1741027622 50648 0
1741027624 50973 0
1741027626 50680 0
1741027628 50944 0
1741027630 51191 0
1741027632 50833 0
1741027634 51097 0
1741027636 50721 0
1741027638 50926 0
1741027640 51001 0
1741027642 51073 0
1741027644 51111 0
1741027646 50811 0
1741027648 50885 0
1741027650 51171 0
1741027652 50897 0
1741027654 50937 0
1741027656 50845 0
1741027658 51138 0
1741027660 50785 0
1741027662 50893 0
1741027664 50813 0
1741027666 51001 0
1741027668 50766 0
1741027670 50818 0
1741027672 50819 0
1741027674 50983 0
1741027676 50866 0
1741027678 50859 0
1741027680 50685 0
1741027682 50628 0
1741027684 50979 0
1741027686 50597 0
1741027688 50945 0
1741027690 51071 0
1741027692 50686 0
1741027694 51015 0
1741027696 50733 0
1741027698 50695 0
1741027700 50748 0
1741027702 51069 0
1741027704 50878 0
1741027706 50871 0
1741027708 51001 0
1741027710 51078 0
1741027712 51236 0
1741027714 50819 0
1741027716 51107 0
1741027718 50981 0
1741027720 51152 0
1741027722 50846 0
1741027724 51133 0
1741027726 50929 0
1741027728 51095 0
1741027730 50851 0
1741027732 51449 0
1741027734 51401 0
1741027736 51231 0
1741027738 51049 0
1741027740 50952 0
1741027742 51124 0
1741027744 51436 0
1741027746 50821 0
1741027748 50809 0
1741027750 50953 0
1741027752 50686 0
1741027754 51007 0
1741027756 50849 0
1741027758 50913 0
1741027760 50804 0
1741027762 51156 0
1741027764 50933 0
1741027766 51114 0
1741027768 51182 0
1741027770 50972 0
1741027772 50947 0
1741027774 51174 0
1741027776 50771 0
1741027778 50957 0
1741027780 50825 0
1741027782 50935 0
1741027784 50968 0
1741027786 51244 0
1741027788 50904 0
1741027790 50921 0
1741027792 51184 0
1741027794 51036 0
1741027796 51301 0
1741027798 51034 0
1741027800 51050 0
1741027802 51650 0
1741027804 50722 0
1741027806 50957 0
1741027808 51182 0
1741027810 51289 0
1741027813 51444 0
1741027815 50892 0
1741027817 50966 0
1741027819 51098 0
1741027821 50857 0
1741027823 51377 0
1741027825 50943 0
1741027827 50951 0
1741027829 50831 0
1741027831 51051 0
1741027833 51340 0
1741027835 51069 0
1741027837 51113 0
1741027839 51187 0
1741027841 51131 0
1741027843 51190 0
1741027845 51188 0
1741027847 50765 0
1741027849 50781 0
1741027851 51169 0
1741027853 51009 0
1741027855 51010 0
1741027857 50897 0
1741027859 51127 0
1741027861 50913 0
1741027863 51026 0
1741027865 51285 0
1741027867 51077 0
1741027869 51064 0
1741027871 50831 0
1741027873 51241 0
1741027875 51441 0
1741027877 51438 0
1741027879 50912 0
1741027881 50640 0
1741027883 51165 0
1741027885 50536 0
1741027887 51394 0
1741027889 51084 0
1741027891 51130 0
1741027893 51122 0
1741027895 51204 0
1741027897 50897 0
1741027899 50987 0
1741027901 50879 0
1741027903 51088 0
1741027905 51082 0
1741027907 51572 0
1741027909 50975 0
1741027911 51049 0
1741027913 50707 0
1741027915 51442 0
1741027917 51010 0
1741027919 51316 0
1741027921 51087 0
1741027923 50829 0
1741027925 51019 0
1741027927 51332 0
1741027929 51132 0
1741027931 50750 0
1741027933 50956 0
1741027935 50537 0
1741027937 50870 0
1741027939 50940 0
1741027941 50871 0
1741027943 51066 0
1741027945 51067 0
1741027947 51306 0
1741027949 50782 0
1741027951 50989 0
1741027953 51048 0
1741027955 50722 0
1741027957 51148 0
1741027959 50734 0
1741027961 51168 0
1741027963 50848 0
1741027965 51350 0
1741027967 50983 0
1741027969 51130 0
1741027971 51048 0
1741027973 50755 0
1741027975 51359 0
1741027977 50767 0
1741027979 51060 0
1741027981 50871 0
1741027983 51260 0
1741027985 50891 0
1741027987 51379 0
1741027989 51294 0
1741027991 50828 0
1741027993 51055 0
1741027995 50902 0
1741027997 50825 0
1741027999 50858 0
1741028001 51167 0
1741028003 51033 0
1741028005 50486 0
1741028007 51069 0
1741028009 51376 0
1741028011 51444 0
1741028013 50911 0
1741028015 50946 0
1741028017 50928 0
1741028019 50813 0
1741028021 51082 0
1741028023 50673 0
1741028025 50706 0
1741028027 50903 0
1741028029 50970 0
1741028031 51180 0
1741028033 50967 0
1741028035 50850 0
1741028037 51125 0
1741028039 50926 0
1741028041 51021 0
1741028043 51169 0
1741028045 51070 0
1741028047 50467 0
1741028049 51480 0
1741028051 51112 0
1741028053 51209 0
1741028055 51201 0
1741028057 50972 0
1741028059 51234 0
1741028061 51129 0
1741028063 51161 0
1741028065 50626 0
1741028067 51366 0
1741028069 51002 0
1741028071 51311 0
1741028073 51135 0
1741028075 51140 0
1741028077 51283 0
1741028079 51070 0
1741028082 51020 0
1741028084 51175 0
1741028086 50914 0
1741028088 51084 0
1741028090 51331 0
1741028092 51078 0
1741028094 50812 0
1741028096 51084 0
1741028098 51218 0
1741028100 50873 0
1741028102 51061 0
1741028104 51311 0
1741028106 50965 0
1741028108 51045 0
1741028110 51163 0
1741028112 51262 0
1741028114 51503 0
1741028116 51259 0
1741028118 50830 0
1741028120 51374 0
1741028122 51147 0
1741028124 51058 0
1741028126 50878 0
1741028128 50929 0
1741028130 51248 0
1741028132 50910 0
1741028134 51118 0
1741028136 51017 0
1741028138 51084 0
1741028140 51131 0
1741028142 51083 0
1741028144 51169 0
1741028146 51188 0
1741028148 50788 0
1741028150 51118 0
1741028152 51057 0
1741028154 51182 0
1741028156 51212 0
1741028158 51108 0
1741028160 51478 0
1741028162 51286 0
1741028164 50878 0
1741028166 51218 0
1741028168 51041 0
1741028170 51535 0
1741028172 51351 0
1741028174 51311 0
1741028176 51171 0
1741028178 51285 0
1741028180 51149 0
1741028182 51359 0
1741028184 51448 0
1741028186 51243 0
1741028188 51264 0
1741028190 51467 0
1741028192 51160 0
1741028194 51259 0
1741028196 51370 0
1741028198 51201 0
1741028200 51246 0
1741028202 51292 0
1741028204 51001 0
1741028206 51255 0
1741028208 51215 0
1741028210 50838 0
1741028212 51149 0
1741028214 51001 0
1741028216 51000 0
1741028218 50829 0
1741028220 51302 0
1741028222 50787 0
1741028224 50944 0
1741028226 50752 0
1741028228 50904 0
1741028230 50934 0
1741028232 51144 0
1741028234 50933 0
1741028236 51237 0
1741028238 50807 0
1741028240 50868 0
1741028242 50747 0
1741028244 50826 0
1741028246 50835 0
1741028248 50566 0
1741028250 50895 0
1741028252 51382 0
1741028254 51074 0
1741028256 50815 0
1741028258 50551 0
1741028260 50857 0
1741028262 51077 0
1741028264 51230 0
1741028266 51040 0
1741028268 51107 0
1741028270 50984 0
1741028272 51010 0
1741028274 51096 0
1741028276 50687 0
1741028278 50809 0
1741028280 50903 0
1741028282 51054 0
1741028284 50924 0
1741028286 51180 0
1741028288 50867 0
1741028290 50862 0
1741028292 51011 0
1741028294 51160 0
1741028296 50637 0
1741028298 51110 0
1741028300 51020 0
1741028302 50840 0
1741028304 50985 0
1741028306 50849 0
1741028308 50639 0
1741028310 51103 0
1741028312 50539 0
1741028314 51111 0
1741028316 51156 0
1741028318 50927 0
1741028320 50843 0
1741028322 50985 0
1741028324 51022 0
1741028326 51066 0
1741028328 51163 0
1741028330 51075 0
1741028332 50565 0
1741028334 51122 0
1741028336 50967 0
1741028338 50829 0
1741028340 51282 0
1741028342 51181 0
1741028344 50653 0
1741028346 51046 0
1741028348 51306 0
1741028350 50764 0
1741028352 51058 0
1741028354 51051 0
1741028357 50625 0
1741028359 51038 0
1741028361 50932 0
1741028363 50870 0
1741028365 50916 0
1741028367 50793 0
1741028369 51166 0
1741028371 51131 0
1741028373 50479 0
1741028375 51109 0
1741028377 50762 0
1741028379 50634 0
1741028381 50767 0
1741028383 50667 0
1741028385 51326 0
1741028387 50930 0
1741028389 51047 0
1741028391 51140 0
1741028393 51199 0
1741028395 50812 0
1741028397 50588 0
1741028399 51120 0
1741028401 50832 0
1741028403 50853 0
1741028405 51081 0
1741028407 51224 0
1741028409 50874 0
1741028411 51104 0
1741028413 51009 0
1741028415 50844 0
1741028417 51063 0
1741028419 50785 0
1741028421 50950 0
1741028423 51225 0
1741028425 51141 0
1741028427 51016 0
1741028429 50640 0
1741028431 51490 0
1741028433 50944 0
1741028435 51027 0
1741028437 50947 0
1741028439 51111 0
1741028441 50772 0
1741028443 50913 0
1741028445 50981 0
1741028447 51112 0
1741028449 51115 0
1741028451 50789 0
1741028453 50856 0
1741028455 51063 0
1741028457 51389 0
1741028459 50693 0
1741028461 51145 0
1741028463 50848 0
1741028465 51126 0
1741028467 50971 0
1741028469 51220 0
1741028471 51275 0
1741028473 51099 0
1741028475 50978 0
1741028477 51276 0
1741028479 50689 0
1741028481 51075 0
1741028483 51454 0
1741028485 51039 0
1741028487 50711 0
1741028489 50862 0
1741028491 50684 0
1741028493 50911 0
1741028495 50766 0
1741028497 50875 0
1741028499 51155 0
1741028501 50714 0
1741028503 50984 0
1741028505 50905 0
1741028507 50989 0
1741028509 50926 0
1741028511 50683 0
1741028513 50891 0
1741028515 50973 0
1741028517 50915 0
1741028519 50615 0
1741028521 50732 0
1741028523 50860 0
1741028525 50801 0
1741028527 50807 0
1741028529 50781 0
1741028531 51074 0
1741028533 50577 0
1741028535 50497 0
1741028537 51162 0
1741028539 50572 0
1741028541 50844 0
1741028543 50667 0
1741028545 50762 0
1741028547 50640 0
1741028549 51145 0
1741028551 51108 0
1741028553 50995 0
1741028555 51362 0
1741028557 51058 0
1741028559 50884 0
1741028561 50958 0
1741028563 50899 0
1741028565 51059 0
1741028567 51288 0
1741028569 51156 0
1741028571 50857 0
1741028573 51054 0
1741028575 50828 0
1741028577 50824 0
1741028579 51084 0
1741028581 50907 0
1741028583 50976 0
1741028585 50534 0
1741028587 50643 0
1741028589 51272 0
1741028591 51144 0
1741028593 51017 0
1741028595 50778 0
1741028597 50911 0
1741028599 50623 0
1741028601 50628 0
1741028603 50889 0
1741028605 50898 0
1741028607 50846 0
1741028609 50869 0
1741028611 50854 0
1741028613 50919 0
1741028615 51051 0
1741028617 50998 0
1741028619 51115 0
1741028621 51232 0
1741028623 51177 0
1741028625 50762 0
1741028627 50911 0
1741028630 50929 0
1741028632 50996 0
1741028634 50996 0
1741028636 51158 0
1741028638 51360 0
1741028640 50883 0
1741028642 50611 0
1741028644 50718 0
1741028646 50876 0
1741028648 51166 0
1741028650 50972 0
1741028652 50820 0
1741028654 50708 0
1741028656 51065 0
1741028658 50792 0
1741028660 50801 0
1741028662 50934 0
1741028664 50723 0
1741028666 50781 0
1741028668 50752 0
1741028670 50717 0
1741028672 51008 0
1741028674 50391 0
1741028676 51011 0
1741028678 50949 0
1741028680 50698 0
1741028682 50648 0
1741028684 50947 0
1741028686 50771 0
1741028688 50646 0
1741028690 50576 0
1741028692 50721 0
1741028694 50907 0
1741028696 50757 0
1741028698 50915 0
1741028700 50693 0
1741028702 50894 0
1741028704 51089 0
1741028706 50994 0
1741028708 51001 0
1741028710 50868 0
1741028712 50769 0
1741028714 51115 0
1741028716 50964 0
1741028718 51015 0
1741028720 50820 0
1741028722 50652 0
1741028724 51057 0
1741028726 50788 0
1741028728 50784 0
1741028730 50510 0
1741028732 50705 0
1741028734 50654 0
1741028736 50557 0
1741028738 50950 0
1741028740 50966 0
1741028742 50694 0
1741028744 51030 0
1741028746 50910 0
1741028748 50911 0
1741028750 51111 0
1741028752 51097 0
1741028754 51138 0
1741028756 50697 0
1741028758 50974 0
1741028760 51128 0
1741028762 50953 0
1741028764 50810 0
1741028766 50676 0
1741028768 50902 0
1741028770 50900 0
1741028772 50783 0
1741028774 50822 0
1741028776 50965 0
1741028778 51000 0
1741028780 50955 0
1741028782 51071 0
1741028784 51424 0
1741028786 50620 0
1741028788 51006 0
1741028790 50881 0
1741028792 50945 0
1741028794 51017 0
1741028796 50929 0
1741028798 50997 0
1741028800 51059 0
1741028802 51010 0
1741028804 51017 0
1741028806 51047 0
1741028808 51141 0
1741028810 50852 0
1741028812 51344 0
1741028814 51101 0
1741028816 50982 0
1741028818 50946 0
1741028820 50701 0
1741028822 51203 0
1741028824 51297 0
1741028826 50668 0
1741028828 51138 0
1741028830 50970 0
1741028832 51090 0
1741028834 51096 0
1741028836 50860 0
1741028838 50904 0
1741028840 51163 0
1741028842 50698 0
1741028844 50816 0
1741028846 50699 0
1741028848 50791 0
1741028850 50939 0
1741028852 50497 0
1741028854 50872 0
1741028856 50752 0
1741028858 50578 0
1741028860 50422 0
1741028862 51029 0
1741028864 51037 0
1741028866 50819 0
1741028868 51104 0
1741028870 51013 0
1741028872 50789 0
1741028874 51151 0
1741028876 50926 0
1741028878 50575 0
1741028880 50645 0
1741028882 50860 0
1741028884 50699 0
1741028886 50816 0
1741028888 50673 0
1741028890 50670 0
1741028892 50993 0
1741028894 50703 0
1741028896 51293 0
1741028898 50881 0
1741028900 50974 0
1741028902 50779 0
1741028905 51025 0
1741028907 51112 0
1741028909 50601 0
1741028911 50814 0
1741028913 50844 0
1741028915 50988 0
1741028917 51123 0
1741028919 50777 0
1741028921 50614 0
1741028923 50803 0
1741028925 50793 0
1741028927 50936 0
1741028929 51102 0
1741028931 50663 0
1741028933 51030 0
1741028935 51150 0
1741028937 50908 0
1741028939 50893 0
1741028941 51098 0
1741028943 51212 0
1741028945 50639 0
1741028947 50618 0
1741028949 50282 0
1741028951 50682 0
1741028953 50827 0
1741028955 50793 0
1741028957 50830 0
1741028959 50834 0
1741028961 50809 0
1741028963 50769 0
1741028965 50665 0
1741028967 51017 0
1741028969 50709 0
1741028971 50877 0
1741028973 50703 0
1741028975 50289 0
1741028977 50747 0
1741028979 50530 0
1741028981 50599 0
1741028983 50670 0
1741028985 50195 0
1741028987 50712 0
1741028989 50552 0
1741028991 50502 0
1741028993 50623 0
1741028995 50544 0
1741028997 50549 0
1741028999 50457 0
1741029001 50430 0
1741029003 50668 0
1741029005 50367 0
1741029007 50743 0
1741029009 50846 0
1741029011 51123 0
1741029013 51128 0
1741029015 50683 0
1741029017 50989 0
1741029019 50926 0
1741029021 51005 0
1741029023 50996 0
1741029025 50882 0
1741029027 50878 0
1741029029 51461 0
1741029031 51068 0
1741029033 50741 0
1741029035 51119 0
1741029037 50881 0
1741029039 51205 0
1741029041 50916 0
1741029043 50850 0
1741029045 51093 0
1741029047 51122 0
1741029049 51076 0
1741029051 50825 0
1741029053 50763 0
1741029055 51005 0
1741029057 50798 0
1741029059 50765 0
1741029061 50975 0
1741029063 50519 0
1741029065 51115 0
1741029067 50804 0
1741029069 50804 0
1741029071 50848 0
1741029073 50758 0
1741029075 50605 0
1741029077 50756 0
1741029079 50864 0
1741029081 50812 0
1741029083 50459 0
1741029085 50973 0
1741029087 50479 0
1741029089 50671 0
1741029091 50917 0
1741029093 50358 0
1741029095 50543 0
1741029097 50612 0
1741029099 50694 0
1741029101 50679 0
1741029103 51091 0
1741029105 50806 0
1741029107 51031 0
1741029109 51410 0
1741029111 51025 0
1741029113 50857 0
1741029115 50848 0
1741029117 50947 0
1741029119 50942 0
1741029121 51027 0
1741029123 51318 0
1741029125 50837 0
1741029127 50844 0
1741029129 50912 0
1741029131 51371 0
1741029133 51112 0
1741029135 50763 0
1741029137 50789 0
1741029139 50684 0
1741029141 51103 0
1741029143 51059 0
1741029145 50928 0
1741029147 50676 0
1741029149 50763 0
1741029151 51137 0
1741029153 50684 0
1741029155 50673 0
1741029157 50664 0
1741029159 51021 0
1741029161 50678 0
1741029163 51072 0
1741029165 50666 0
1741029167 50753 0
1741029169 50620 0
1741029171 50585 0
1741029173 50751 0
1741029175 50685 0
1741029178 50636 0
1741029180 50769 0
1741029182 50855 0
1741029184 50672 0
1741029186 50367 0
1741029188 50779 0
1741029190 50837 0
1741029192 50677 0
1741029194 50457 0
1741029196 50484 0
1741029198 50369 0
1741029200 50382 0
1741029202 50491 0
1741029204 50849 0
1741029206 50614 0
1741029208 50451 0
1741029210 50448 0
1741029212 50907 0
1741029214 50904 0
1741029216 50771 0
1741029218 50827 0
1741029220 50447 0
1741029222 50286 0
1741029224 50854 0
1741029226 50829 0
1741029228 50266 0
1741029230 50307 0
1741029232 50472 0
1741029234 50552 0
1741029236 50870 0
1741029238 50387 0
1741029240 50668 0
1741029242 50500 0
1741029244 50432 0
1741029246 50549 0
1741029248 50704 0
1741029250 50684 0
1741029252 50745 0
1741029254 50842 0
1741029256 50452 0
1741029258 51048 0
1741029260 51306 0
1741029262 51249 0
1741029264 51176 0
1741029266 50855 0
1741029268 50852 0
1741029270 50595 0
1741029272 50800 0
1741029274 50774 0
1741029276 50547 0
1741029278 50782 0
1741029280 50869 0
1741029282 50700 0
1741029284 50752 0
1741029286 50784 0
1741029288 51374 0
1741029290 50961 0
1741029292 50751 0
1741029294 50874 0
1741029296 50876 0
1741029298 50735 0
1741029300 50442 0
1741029302 50795 0
1741029304 50775 0
1741029306 50712 0
1741029308 51026 0
1741029310 50653 0
1741029312 51041 0
1741029314 50215 0
1741029316 50639 0
1741029318 50814 0
1741029320 50817 0
1741029322 50803 0
1741029324 50639 0
1741029326 50494 0
1741029328 50607 0
1741029330 50474 0
1741029332 50514 0
1741029334 50701 0
1741029336 51129 0
1741029338 51437 0
1741029340 51112 0
1741029342 50734 0
1741029344 50931 0
1741029346 50737 0
1741029348 51110 0
1741029350 51111 0
1741029352 51072 0
1741029354 51037 0
1741029356 51306 0
1741029358 50610 0
1741029360 50696 0
1741029362 51083 0
1741029364 50950 0
1741029366 51427 0
1741029368 51079 0
1741029370 51313 0
1741029372 51139 0
1741029374 51133 0
1741029376 51556 0
1741029378 51173 0
1741029380 50893 0
1741029382 50955 0
1741029384 50960 0
1741029386 50942 0
1741029388 51139 0
1741029390 51346 0
1741029392 50857 0
1741029394 51188 0
1741029396 50857 0
1741029398 50676 0
1741029400 51181 0
1741029402 51131 0
1741029404 51250 0
1741029406 50877 0
1741029408 51252 0
1741029410 51110 0
1741029412 51632 0
1741029414 51305 0
1741029416 50751 0
1741029418 50785 0
1741029420 50827 0
1741029422 51138 0
1741029424 50856 0
1741029426 51087 0
1741029428 51109 0
1741029430 50641 0
1741029432 50889 0
1741029434 51137 0
1741029436 51025 0
1741029438 51325 0
1741029440 50901 0
1741029442 50660 0
1741029444 51128 0
1741029446 50840 0
1741029448 50809 0
1741029451 50582 0
1741029453 50976 0
1741029455 50603 0
1741029457 50739 0
1741029459 50986 0
1741029461 51009 0
1741029463 50757 0
1741029465 50967 0
1741029467 51305 0
1741029469 51041 0
1741029471 50562 0
1741029473 50920 0
1741029475 50927 0
1741029477 50529 0
1741029479 50945 0
1741029481 51352 0
1741029483 51100 0
1741029485 51041 0
1741029487 50988 0
1741029489 50901 0
1741029491 50790 0
1741029493 51039 0
1741029495 50761 0
1741029497 51173 0
1741029499 51266 0
1741029501 51124 0
1741029503 51066 0
1741029505 50960 0
1741029507 50891 0
1741029509 50784 0
1741029511 50840 0
1741029513 50985 0
1741029515 50683 0
1741029517 50643 0
1741029519 51043 0
1741029521 50626 0
1741029523 51040 0
1741029525 51232 0
1741029527 51068 0
1741029529 51040 0
1741029531 51084 0
1741029533 50325 0
1741029535 51171 0
1741029537 50595 0
1741029539 50910 0
1741029541 51023 0
1741029543 50903 0
1741029545 51017 0
1741029547 50985 0
1741029549 50913 0
1741029551 50789 0
1741029553 50924 0
1741029555 51235 0
1741029557 50713 0
1741029559 50777 0
1741029561 50917 0
1741029563 50866 0
1741029565 50682 0
1741029567 50804 0
1741029569 50796 0
1741029571 51112 0
1741029573 50808 0
1741029575 50710 0
1741029577 50578 0
1741029579 50766 0
1741029581 50872 0
1741029583 50674 0
1741029585 50719 0
1741029587 50837 0
1741029589 50696 0
1741029591 51094 0
1741029593 50993 0
1741029595 50858 0
1741029597 50890 0
1741029599 51089 0
1741029601 50831 0
1741029603 50705 0
1741029605 51205 0
1741029607 50765 0
1741029609 50778 0
1741029611 50994 0
1741029613 51166 0
1741029615 51302 0
1741029617 51030 0
1741029619 51033 0
1741029621 51109 0
1741029623 50902 0
1741029625 50955 0
1741029627 50940 0
1741029629 50867 0
1741029631 51104 0
1741029633 50761 0
1741029635 51064 0
1741029637 50824 0
1741029639 50870 0
1741029641 51095 0
1741029643 50701 0
1741029645 50702 0
1741029647 51026 0
1741029649 51109 0
1741029651 50902 0
1741029653 51040 0
1741029655 51174 0
1741029657 51258 0
1741029659 50903 0
1741029661 50771 0
1741029663 50546 0
1741029665 50798 0
1741029667 50863 0
1741029669 50955 0
1741029671 50995 0
1741029673 51360 0
1741029675 50951 0
1741029677 51172 0
1741029679 50971 0
1741029681 50676 0
1741029683 50696 0
1741029685 51090 0
1741029687 50752 0
1741029689 51050 0
1741029691 51096 0
1741029693 51238 0
1741029695 50856 0
1741029697 50867 0
1741029699 51009 0
1741029701 51309 0
1741029703 51096 0
1741029705 51021 0
1741029707 50736 0
1741029709 51061 0
1741029711 51147 0
1741029713 51247 0
1741029715 51227 0
1741029717 50969 0
1741029719 50939 0
1741029721 50903 0
1741029723 50810 0
1741029725 50548 0
1741029728 51046 0
1741029730 50863 0
1741029732 50799 0
1741029734 50868 0
1741029736 50825 0
1741029738 50618 0
1741029740 51160 0
1741029742 50769 0
1741029744 51112 0
1741029746 50989 0
1741029748 50626 0
1741029750 50954 0
1741029752 50988 0
1741029754 50699 0
1741029756 50764 0
1741029758 50838 0
1741029760 50879 0
1741029762 50824 0
1741029764 50486 0
1741029766 50731 0
1741029768 50704 0
1741029770 50966 0
1741029772 50818 0
1741029774 50723 0
1741029776 50897 0
1741029778 50541 0
1741029780 50537 0
1741029782 50564 0
1741029784 50668 0
1741029786 50783 0
1741029788 50876 0
1741029790 51100 0
1741029792 50897 0
1741029794 50610 0
1741029796 51106 0
1741029798 50659 0
1741029800 50866 0
1741029802 50895 0
1741029804 50988 0
1741029806 51214 0
1741029808 50610 0
1741029810 51368 0
1741029812 50768 0
1741029814 50653 0
1741029816 50310 0
1741029818 50299 0
1741029820 50351 0
1741029822 50825 0
1741029824 50837 0
1741029826 50802 0
1741029828 50834 0
1741029830 50470 0
1741029832 50549 0
1741029834 50823 0
1741029836 50655 0
1741029838 50561 0
1741029840 50894 0
1741029842 50817 0
1741029844 51187 0
1741029846 50767 0
1741029848 51079 0
1741029850 50549 0
1741029852 50475 0
1741029854 51196 0
1741029856 50900 0
1741029858 50862 0
1741029860 50628 0
1741029862 50579 0
1741029864 50903 0
1741029866 50786 0
1741029868 50707 0
1741029870 50760 0
1741029872 50925 0
1741029874 50789 0
1741029876 50606 0
1741029878 50812 0
1741029880 50802 0
1741029882 50973 0
1741029884 50809 0
1741029886 50538 0
1741029888 51260 0
1741029890 50758 0
1741029892 50620 0
1741029894 51210 0
1741029896 50553 0
1741029898 50659 0
1741029900 50681 0
1741029902 50386 0
1741029904 50536 0
1741029906 50794 0
1741029908 50701 0
1741029910 50677 0
1741029912 50513 0
1741029914 50800 0
1741029916 50659 0
1741029918 51018 0
1741029920 50749 0
1741029922 50827 0
1741029924 50736 0
1741029926 51083 0
1741029928 50746 0
1741029930 50749 0
1741029932 50568 0
1741029934 50792 0
1741029936 50766 0
1741029938 50895 0
1741029940 50771 0
1741029942 50701 0
1741029944 50663 0
1741029946 50548 0
1741029948 50673 0
1741029950 50223 0
1741029952 50647 0
1741029954 50916 0
1741029956 50786 0
1741029958 50794 0
1741029960 50523 0
1741029962 50843 0
1741029964 50637 0
1741029966 50988 0
1741029968 50934 0
1741029970 50313 0
1741029972 50905 0
1741029974 50892 0
1741029976 50630 0
1741029978 50638 0
1741029980 50827 0
1741029982 50659 0
1741029984 50610 0
1741029986 50340 0
1741029988 50658 0
1741029990 50898 0
1741029992 50814 0
1741029994 50753 0
1741029996 50543 0
1741029998 50706 0
1741030000 50156 0
1741030002 50371 0
1741030005 50636 0
1741030007 50421 0
1741030009 50671 0
1741030011 50553 0
1741030013 50326 0
1741030015 50507 0
1741030017 50129 0
1741030019 50158 0
1741030021 50290 0
1741030023 50244 0
1741030025 50495 0
1741030027 50023 0
1741030029 50088 0
1741030031 50093 0
1741030033 49888 0
1741030035 50203 0
1741030037 49938 0
1741030039 49981 0
1741030041 49698 0
1741030043 50400 0
1741030045 49831 0
1741030047 49927 0
1741030049 50082 0
1741030051 49726 0
1741030053 49530 0
1741030055 49893 0
1741030057 49952 0
1741030059 49556 0
1741030061 49583 0
1741030063 49559 0
1741030065 49876 0
1741030067 49978 0
1741030069 49654 0
1741030071 49739 0
1741030073 49513 0
1741030075 49432 0
1741030077 50154 0
1741030079 50013 0
1741030081 49992 0
1741030083 49909 0
1741030085 50002 0
1741030087 50047 0
1741030089 49919 0
1741030091 49954 0
1741030093 49981 0
1741030095 49666 0
1741030097 49714 0
1741030099 49977 0
1741030101 49830 0
1741030103 50011 0
1741030105 49887 0
1741030107 49889 0
1741030109 49957 0
1741030111 50000 0
1741030113 49821 0
1741030115 50166 0
1741030117 49813 0
1741030119 50151 0
1741030121 49644 0
1741030123 49920 0
1741030125 49948 0
1741030127 49654 0
1741030129 49818 0
1741030131 49667 0
1741030133 49925 0
1741030135 49790 0
1741030137 49811 0
1741030139 49748 0
1741030141 49645 0
1741030143 49889 0
1741030145 50083 0
1741030147 49907 0
1741030149 49857 0
1741030151 49615 0
1741030153 49967 0
1741030155 49699 0
1741030157 49581 0
1741030159 49718 0
1741030161 49807 0
1741030163 49730 0
1741030165 49568 0
1741030167 49654 0
1741030169 49932 0
1741030171 49800 0
1741030173 49774 0
1741030175 49784 0
1741030177 49612 0
1741030179 49678 0
1741030181 49802 0
1741030183 49880 0
1741030185 49795 0
1741030187 49707 0
1741030189 49653 0
1741030191 49778 0
1741030193 49881 0
1741030195 49786 0
1741030197 49819 0
1741030199 49841 0
1741030201 50064 0
1741030203 49671 0
1741030205 49856 0
1741030207 49854 0
1741030209 49917 0
1741030211 49815 0
1741030213 50085 0
1741030215 50101 0
1741030217 49815 0
1741030219 50307 0
1741030221 49988 0
1741030223 49842 0
1741030225 49784 0
1741030227 49737 0
1741030229 49975 0
1741030231 49892 0
1741030233 49942 0
1741030235 50151 0
1741030237 50056 0
1741030239 49757 0
1741030241 49853 0
1741030243 49838 0
1741030245 50191 0
1741030247 50165 0
1741030249 50146 0
1741030251 50051 0
1741030253 50071 0
1741030255 50155 0
1741030257 49781 0
1741030259 49877 0
1741030261 50031 0
1741030263 50051 0
1741030265 49859 0
1741030267 50194 0
1741030269 49927 0
1741030271 49624 0
1741030273 50006 0
1741030275 50018 0
1741030277 49876 0
1741030279 49922 0
1741030281 49533 0
1741030283 49743 0
1741030286 49834 0
1741030288 50207 0
1741030290 49822 0
1741030292 50037 0
1741030294 49593 0
1741030296 49835 0
1741030298 49627 0
1741030300 49628 0
1741030302 49900 0
1741030304 49552 0
1741030306 49889 0
1741030308 50073 0
1741030310 49776 0
1741030312 49774 0
1741030314 49794 0
1741030316 49919 0
1741030318 49835 0
1741030320 50332 0
1741030322 49978 0
1741030324 49785 0
1741030326 49828 0
1741030328 49880 0
1741030330 49757 0
1741030332 49789 0
1741030334 50013 0
1741030336 49688 0
1741030338 49516 0
1741030340 50008 0
1741030342 49921 0
1741030344 50241 0
1741030346 49596 0
1741030348 49905 0
1741030350 49939 0
1741030352 49680 0
1741030354 50102 0
1741030356 49412 0
1741030358 50140 0
1741030360 49934 0
1741030362 49917 0
1741030364 50027 0
1741030366 49722 0
1741030368 49646 0
1741030370 49783 0
1741030372 49501 0
1741030374 49906 0
1741030376 50136 0
1741030378 49619 0
1741030380 49704 0
1741030382 49681 0
1741030384 50002 0
1741030386 49947 0
1741030388 49669 0
1741030390 49752 0
1741030392 49702 0
1741030394 49660 0
1741030396 49939 0
1741030398 49612 0
1741030400 49678 0
1741030402 49433 0
1741030404 49466 0
1741030406 49711 0
1741030408 49969 0
1741030410 49950 0
1741030412 49741 0
1741030414 49039 0
1741030416 49504 0
1741030418 49517 0
1741030420 49833 0
1741030422 49789 0
1741030424 49413 0
1741030426 49679 0
1741030428 49722 0
1741030430 49672 0
1741030432 49438 0
1741030434 49719 0
1741030436 49513 0
1741030438 49877 0
1741030440 49609 0
1741030442 49743 0
1741030444 49567 0
1741030446 49882 0
1741030448 49620 0
1741030450 49669 0
1741030452 49507 0
1741030454 49876 0
1741030456 49585 0
1741030458 49801 0
1741030460 49592 0
1741030462 49738 0
1741030464 49676 0
1741030466 49462 0
1741030468 49977 0
1741030470 50009 0
1741030472 49639 0
1741030474 49488 0
1741030476 49758 0
1741030478 49853 0
1741030480 49964 0
1741030482 50012 0
1741030484 49466 0
1741030486 49738 0
1741030488 49926 0
1741030490 50002 0
1741030492 49768 0
1741030494 49787 0
1741030496 49858 0
1741030498 49389 0
1741030500 49726 0
1741030502 49691 0
1741030504 49509 0
1741030506 49639 0
1741030508 49938 0
1741030510 49892 0
1741030512 49857 0
1741030514 49456 0
1741030516 49813 0
1741030518 49865 0
1741030520 49879 0
1741030522 50122 0
1741030524 49463 0
1741030526 49538 0
1741030528 49631 0
1741030530 50045 0
1741030532 49876 0
1741030534 49854 0
1741030536 49977 0
1741030538 50122 0
1741030540 49957 0
1741030542 49635 0
1741030544 49779 0
1741030546 49793 0
1741030548 49543 0
1741030550 49297 0
1741030552 49521 0
1741030554 49717 0
1741030556 49824 0
1741030558 49705 0
1741030560 49696 0
1741030562 49837 0
1741030564 49750 0
1741030567 49802 0
1741030569 49788 0
1741030571 50019 0
1741030573 49815 0
1741030575 49567 0
1741030577 49933 0
1741030579 49996 0
1741030581 49649 0
1741030583 49397 0
1741030585 49797 0
1741030587 49760 0
1741030589 49846 0
1741030591 49783 0
1741030593 50046 0
1741030595 49757 0
1741030597 49974 0
1741030599 50189 0
1741030601 49903 0
1741030603 49523 0
1741030605 49697 0
1741030607 49832 0
1741030609 49675 0
1741030611 49842 0
1741030613 49689 0
1741030615 49787 0
1741030617 49769 0
1741030619 49754 0
1741030621 49938 0
1741030623 49606 0
1741030625 49473 0
1741030627 50005 0
1741030629 49775 0
1741030631 49741 0
1741030633 49709 0
1741030635 49835 0
1741030637 49803 0
1741030639 49781 0
1741030641 49683 0
1741030643 49485 0
1741030645 49848 0
1741030647 49582 0
1741030649 50121 0
1741030651 49979 0
1741030653 49546 0
1741030655 50087 0
1741030657 49631 0
1741030659 49344 0
1741030661 49610 0
1741030663 49462 0
1741030665 49477 0
1741030667 49466 0
1741030669 49890 0
1741030671 49577 0
1741030673 49596 0
1741030675 49610 0
1741030677 49794 0
1741030679 49751 0
1741030681 49749 0
1741030683 49691 0
1741030685 49810 0
1741030687 49468 0
1741030689 49750 0
1741030691 50067 0
1741030693 49658 0
1741030695 49601 0
1741030697 49779 0
1741030699 49347 0
1741030701 49753 0
1741030703 49743 0
1741030705 49714 0
1741030707 49346 0
1741030709 49638 0
1741030711 49706 0
1741030713 49848 0
1741030715 49757 0
1741030717 49486 0
1741030719 49601 0
1741030721 49774 0
1741030723 49438 0
1741030725 49717 0
1741030727 49940 0
1741030729 49658 0
1741030731 49683 0
1741030733 49694 0
1741030735 49867 0
1741030737 49927 0
1741030739 49842 0
1741030741 49998 0
1741030743 49977 0
1741030745 49778 0
1741030747 49610 0
1741030749 49561 0
1741030751 49342 0
1741030753 49686 0
1741030755 49745 0
1741030757 49456 0
1741030759 49589 0
1741030761 49628 0
1741030763 49472 0
1741030765 49609 0
1741030767 49378 0
1741030769 49588 0
1741030771 49394 0
1741030773 49693 0
1741030775 49756 0
1741030777 49531 0
1741030779 49395 0
1741030781 49445 0
1741030783 49682 0
1741030785 49359 0
1741030787 49838 0
1741030789 49425 0
1741030791 49503 0
1741030793 49674 0
1741030795 49356 0
1741030797 49919 0
1741030799 49583 0
1741030801 50061 0
1741030803 49462 0
1741030805 49681 0
1741030807 49676 0
1741030809 49891 0
1741030811 50112 0
1741030813 49589 0
1741030815 49992 0
1741030817 49767 0
1741030819 49854 0
1741030821 49839 0
1741030823 49719 0
1741030825 49565 0
1741030827 49835 0
1741030829 49891 0
1741030831 50034 0
1741030833 50565 0
1741030835 50888 0
1741030837 50360 0
1741030839 50591 0
1741030841 49967 0
1741030843 51031 0
1741030846 50221 0
1741030848 50548 0
1741030850 50661 0
1741030852 50192 0
1741030854 50564 0
1741030856 50375 0
1741030858 50367 0
1741030860 50408 0
1741030862 50463 0
1741030864 50336 0
1741030866 50249 0
1741030868 50594 0
1741030870 50390 0
1741030872 50287 0
1741030874 50466 0
1741030876 50059 0
1741030878 50111 0
1741030880 50434 0
1741030882 49962 0
1741030884 50279 0
1741030886 50016 0
1741030888 50553 0
1741030890 50092 0
1741030892 50049 0
1741030894 50552 0
1741030896 50714 0
1741030898 50314 0
1741030900 49758 0
1741030902 50329 0
1741030904 50033 0
1741030906 50197 0
1741030908 50150 0
1741030910 50282 0
1741030912 50399 0
1741030914 49941 0
1741030916 50189 0
1741030918 49690 0
1741030920 50159 0
1741030922 50034 0
1741030924 49848 0
1741030926 49944 0
1741030928 50271 0
1741030930 50090 0
1741030932 50253 0
1741030934 50245 0
1741030936 49863 0
1741030938 50247 0
1741030940 50228 0
1741030942 50476 0
1741030944 49847 0
1741030946 50330 0
1741030948 50130 0
1741030950 50443 0
1741030952 50229 0
1741030954 49963 0
1741030956 50088 0
1741030958 49963 0
1741030960 50281 0
1741030962 50155 0
1741030964 50213 0
1741030966 50078 0
1741030968 50307 0
1741030970 49807 0
1741030972 50035 0
1741030974 50228 0
1741030976 50277 0
1741030978 50447 0
1741030980 50125 0
1741030982 50243 0
1741030984 50041 0
1741030986 50330 0
1741030988 50528 0
1741030990 50223 0
1741030992 49861 0
1741030994 50182 0
1741030996 50210 0
1741030998 50255 0
1741031000 49847 0
1741031002 50184 0
1741031004 50139 0
1741031006 49988 0
1741031008 49984 0
1741031010 50221 0
1741031012 50147 0
1741031014 49965 0
1741031016 50272 0
1741031018 50076 0
1741031020 50329 0
1741031022 50190 0
1741031024 50272 0
1741031026 50003 0
1741031028 50166 0
1741031030 50019 0
1741031032 50125 0
1741031034 49876 0
1741031036 50024 0
1741031038 50248 0
1741031040 50094 0
1741031042 50176 0
1741031044 49854 0
1741031046 49941 0
1741031048 49662 0
1741031050 50083 0
1741031052 50210 0
1741031054 50181 0
1741031056 50060 0
1741031058 50044 0
1741031060 50048 0
1741031062 50118 0
1741031064 49833 0
1741031066 49814 0
1741031068 50441 0
1741031070 50084 0
1741031072 50230 0
1741031074 50144 0
1741031076 50285 0
1741031078 49950 0
1741031080 50167 0
1741031082 50483 0
1741031084 50106 0
1741031086 50139 0
1741031088 50395 0
1741031090 50202 0
1741031092 49917 0
1741031094 50410 0
1741031096 50249 0
1741031098 49869 0
1741031100 49648 0
1741031102 49953 0
1741031104 50601 0
1741031106 50100 0
1741031108 49934 0
1741031110 49815 0
1741031112 49761 0
1741031114 50247 0
1741031116 50117 0
1741031118 50106 0
1741031120 49794 0
1741031122 50044 0
1741031124 50231 0
1741031126 50050 0
1741031129 50194 0
1741031131 50347 0
1741031133 50079 0
1741031135 50136 0
1741031137 50382 0
1741031139 49894 0
1741031141 49979 0
1741031143 49732 0
1741031145 49791 0
1741031147 50021 0
1741031149 50172 0
1741031151 50145 0
1741031153 50311 0
1741031155 50367 0
1741031157 50059 0
1741031159 49811 0
1741031161 50185 0
1741031163 50235 0
1741031165 50230 0
1741031167 50181 0
1741031169 49990 0
1741031171 50358 0
1741031173 49996 0
1741031175 50627 0
1741031177 50276 0
1741031179 49943 0
1741031181 50277 0
1741031183 50288 0
1741031185 49945 0
1741031187 50204 0
1741031189 50166 0
1741031191 50211 0
1741031193 50279 0
1741031195 49889 0
1741031197 50094 0
1741031199 50252 0
1741031201 50307 0
1741031203 50107 0
1741031205 49889 0
1741031207 50049 0
1741031209 50501 0
1741031211 50510 0
1741031213 50472 0
1741031215 50427 0
1741031217 50115 0
1741031219 49832 0
1741031221 50339 0
1741031223 49950 0
1741031225 50226 0
1741031227 50100 0
1741031229 50239 0
1741031231 50070 0
1741031233 50043 0
1741031235 50094 0
1741031237 49930 0
1741031239 50202 0
1741031241 50298 0
1741031243 50064 0
1741031245 50062 0
1741031247 49971 0
1741031249 50006 0
1741031251 49940 0
1741031253 49931 0
1741031255 49558 0
1741031257 49966 0
1741031259 50162 0
1741031261 49968 0
1741031263 49888 0
1741031265 49969 0
1741031267 49902 0
1741031269 49998 0
1741031271 49728 0
1741031273 50049 0
1741031275 50032 0
1741031277 49743 0
1741031279 49944 0
1741031281 49860 0
1741031283 49824 0
1741031285 49963 0
1741031287 49729 0
1741031289 50223 0
1741031291 49926 0
1741031293 50278 0
1741031295 49943 0
1741031297 50594 0
1741031299 50026 0
1741031301 50122 0
1741031303 50265 0
1741031305 50325 0
1741031307 49967 0
1741031309 49838 0
1741031311 49836 0
1741031313 49949 0
1741031315 50200 0
1741031317 49857 0
1741031319 50189 0
1741031321 50446 0
1741031323 50169 0
1741031325 50188 0
1741031327 49931 0
1741031329 50332 0
1741031331 49918 0
1741031333 49894 0
1741031335 49851 0
1741031337 49949 0
1741031339 50099 0
1741031341 49888 0
1741031343 50082 0
1741031345 50227 0
1741031347 50057 0
1741031349 50439 0
1741031351 49846 0
1741031353 49905 0
1741031355 49825 0
1741031357 49981 0
1741031359 49720 0
1741031361 49673 0
1741031363 50054 0
1741031365 49746 0
1741031367 50166 0
1741031369 50300 0
1741031371 49777 0
1741031373 49617 0
1741031375 50154 0
1741031377 49873 0
1741031379 50188 0
1741031381 49715 0
1741031383 49845 0
1741031385 49532 0
1741031387 50338 0
1741031389 49986 0
1741031391 50305 0
1741031393 49836 0
1741031395 50000 0
1741031397 50232 0
1741031399 50038 0
1741031401 50501 0
1741031403 50412 0
1741031405 50041 0
1741031407 50267 0
1741031409 50449 0
1741031411 50094 0
1741031413 50383 0
1741031415 50065 0
1741031417 50390 0
1741031419 50298 0
1741031421 50393 0
1741031424 49939 0
1741031426 49904 0
1741031428 50287 0
1741031430 49901 0
1741031432 49734 0
1741031434 50190 0
1741031436 49961 0
1741031438 50002 0
1741031440 50036 0
1741031442 50012 0
1741031444 49797 0
1741031446 49957 0
1741031448 50134 0
1741031450 49878 0
1741031452 50362 0
1741031454 50184 0
1741031456 50023 0
1741031458 50034 0
1741031460 49952 0
1741031462 49983 0
1741031464 50298 0
1741031466 49570 0
1741031468 49826 0
1741031470 49985 0
1741031472 49805 0
1741031474 49858 0
1741031476 50019 0
1741031478 50251 0
1741031480 49613 0
1741031482 49797 0
1741031484 49950 0
1741031486 50061 0
1741031488 50239 0
1741031490 49657 0
1741031492 50211 0
1741031494 49558 0
1741031496 49682 0
1741031498 49866 0
1741031500 50157 0
1741031502 50220 0
1741031504 50120 0
1741031506 49918 0
1741031508 49869 0
1741031510 50086 0
1741031512 49784 0
1741031514 50002 0
1741031516 49587 0
1741031518 49927 0
1741031520 49551 0
1741031522 49950 0
1741031524 50029 0
1741031526 50012 0
1741031528 49808 0
1741031530 49815 0
1741031532 49664 0
1741031534 49916 0
1741031536 50106 0
1741031538 50137 0
1741031540 49941 0
1741031542 50117 0
1741031544 50044 0
1741031546 50190 0
1741031548 50456 0
1741031550 50076 0
1741031552 49689 0
1741031554 49523 0
1741031556 49432 0
1741031558 49798 0
1741031560 49567 0
1741031562 50055 0
1741031564 50157 0
1741031566 50216 0
1741031568 50316 0
1741031570 50207 0
1741031572 50203 0
1741031574 50200 0
1741031576 49922 0
1741031578 49676 0
1741031580 50353 0
1741031582 49891 0
1741031584 49907 0
1741031586 50557 0
1741031588 50172 0
1741031590 50121 0
1741031592 50174 0
1741031594 50056 0
1741031596 50165 0
1741031598 50624 0
1741031600 50126 0
1741031602 50362 0
1741031604 49799 0
1741031606 50234 0
1741031608 50177 0
1741031610 50284 0
1741031612 50170 0
1741031614 50125 0
1741031616 50251 0
1741031618 50229 0
1741031620 49982 0
1741031622 50151 0
1741031624 50497 0
1741031626 50248 0
1741031628 50538 0
1741031630 50285 0
1741031632 50060 0
1741031634 50371 0
1741031636 50081 0
1741031638 49882 0
1741031640 49757 0
1741031642 50036 0
1741031644 49652 0
1741031646 49985 0
1741031648 50643 0
1741031650 50299 0
1741031652 50221 0
1741031654 50413 0
1741031656 50271 0
1741031658 50429 0
1741031660 50383 0
1741031662 50345 0
1741031664 50109 0
1741031666 50259 0
1741031668 50156 0
1741031670 50284 0
1741031672 50364 0
1741031674 50459 0
1741031676 50494 0
1741031678 50347 0
1741031680 50564 0
1741031682 49918 0
1741031684 50562 0
1741031686 50304 0
1741031688 50483 0
1741031690 50282 0
1741031692 50481 0
1741031694 49952 0
1741031696 50038 0
1741031698 50334 0
1741031700 49943 0
1741031702 50255 0
1741031704 50262 0
1741031706 50182 0
1741031708 50484 0
1741031710 50247 0
1741031712 50357 0
1741031714 50262 0
1741031716 50183 0
1741031718 50702 0
1741031720 50331 0
1741031722 50344 0
1741031724 50278 0
1741031726 50168 0
1741031728 50490 0
1741031731 50736 0
1741031733 50441 0
1741031735 50310 0
1741031737 50128 0
1741031739 50326 0
1741031741 50236 0
1741031743 50058 0
1741031745 50368 0
1741031747 50312 0
1741031749 50179 0
1741031751 50285 0
1741031753 50455 0
1741031755 50507 0
1741031757 50355 0
1741031759 50373 0
1741031761 50143 0
1741031763 50265 0
1741031765 50121 0
1741031767 50314 0
1741031769 50214 0
1741031771 50452 0
1741031773 50160 0
1741031775 50109 0
1741031777 50395 0
1741031779 50133 0
1741031781 50154 0
1741031783 50160 0
1741031785 50553 0
1741031787 50125 0
1741031789 50723 0
1741031791 50144 0
1741031793 50557 0
1741031795 50231 0
1741031797 50296 0
1741031799 50408 0
1741031801 50388 0
1741031803 50157 0
1741031805 50109 0
1741031807 50163 0
1741031809 50349 0
1741031811 50164 0
1741031813 50566 0
1741031815 50343 0
1741031817 50337 0
1741031819 50237 0
1741031821 49889 0
1741031823 50504 0
1741031825 50271 0
1741031827 50094 0
1741031829 50289 0
1741031831 49950 0
1741031833 50003 0
1741031835 50195 0
1741031837 50330 0
1741031839 50319 0
1741031841 49967 0
1741031843 50077 0
1741031845 50374 0
1741031847 50340 0
1741031849 50302 0
1741031851 50387 0
1741031853 50380 0
1741031855 50371 0
1741031857 50234 0
1741031859 50207 0
1741031861 50226 0
1741031863 50318 0
1741031865 50238 0
1741031867 50346 0
1741031869 50238 0
1741031871 50320 0
1741031873 50142 0
1741031875 49939 0
1741031877 50207 0
1741031879 50540 0
1741031881 50178 0
1741031883 50279 0
1741031885 50383 0
1741031887 49983 0
1741031889 50080 0
1741031891 50427 0
1741031893 50116 0
1741031895 50423 0
1741031897 50252 0
1741031899 50206 0
1741031901 50345 0
1741031903 50261 0
1741031905 49874 0
1741031907 50226 0
1741031909 50288 0
1741031911 50222 0
1741031913 50088 0
1741031915 50013 0
1741031917 50311 0
1741031919 49927 0
1741031921 50219 0
1741031923 50096 0
1741031925 50296 0
1741031927 50143 0
1741031929 50345 0
1741031931 50186 0
1741031933 50345 0
1741031935 50077 0
1741031937 50243 0
1741031939 49863 0
1741031941 50326 0
1741031943 50111 0
1741031945 50181 0
1741031947 50406 0
1741031949 50062 0
1741031951 50098 0
1741031953 50346 0
1741031955 50125 0
1741031957 50117 0
1741031959 49956 0
1741031961 49994 0
1741031963 50176 0
1741031965 50524 0
1741031967 49995 0
1741031969 49907 0
1741031971 50370 0
1741031973 50172 0
1741031975 49972 0
1741031977 50678 0
1741031979 50396 0
1741031981 49912 0
1741031983 50542 0
1741031985 50274 0
1741031987 50254 0
1741031989 50117 0
1741031991 50375 0
1741031993 50385 0
1741031995 50178 0
1741031998 50080 0
1741032000 49777 0
1741032002 50534 0
1741032004 50432 0
1741032006 50088 0
1741032008 50279 0
1741032010 50243 0
1741032012 50230 0
1741032014 50541 0
1741032016 50419 0
1741032018 50216 0
1741032020 50168 0
1741032022 50169 0
1741032024 50617 0
1741032026 50521 0
1741032028 50168 0
1741032030 50407 0
1741032032 50246 0
1741032034 50370 0
1741032036 50549 0
1741032038 50388 0
1741032040 50567 0
1741032042 50519 0
1741032044 50309 0
1741032046 50613 0
1741032048 50388 0
1741032050 50335 0
1741032052 50256 0
1741032054 50430 0
1741032056 50555 0
1741032058 50386 0
1741032060 50329 0
1741032062 50598 0
1741032064 50194 0
1741032066 50372 0
1741032068 50654 0
1741032070 50223 0
1741032072 50186 0
1741032074 50173 0
1741032076 50091 0
1741032078 50097 0
1741032080 50316 0
1741032082 50389 0
1741032084 50651 0
1741032086 50463 0
1741032088 50208 0
1741032090 50377 0
1741032092 50367 0
1741032094 50373 0
1741032096 50214 0
1741032098 50412 0
1741032100 50419 0
1741032102 50180 0
1741032104 50145 0
1741032106 50348 0
1741032108 50357 0
1741032110 50670 0
1741032112 50427 0
1741032114 50313 0
1741032116 50459 0
1741032118 50087 0
1741032120 50359 0
1741032122 50416 0
1741032124 50595 0
1741032126 50207 0
1741032128 50461 0
1741032130 50379 0
1741032132 50550 0
1741032134 50445 0
1741032136 50360 0
1741032138 50102 0
1741032140 50463 0
1741032142 50180 0
1741032144 49906 0
1741032146 50260 0
1741032148 50163 0
1741032150 50266 0
1741032152 50299 0
1741032154 49850 0
1741032156 50236 0
1741032158 50195 0
1741032160 50022 0
1741032162 50447 0
1741032164 50248 0
1741032166 50255 0
1741032168 50348 0
1741032170 50317 0
1741032172 50751 0
1741032174 50393 0
1741032176 50218 0
1741032178 50238 0
1741032180 49921 0
1741032182 49892 0
1741032184 50283 0
1741032186 49998 0
1741032188 50040 0
1741032190 49885 0
1741032192 50324 0
1741032194 50237 0
1741032196 49655 0
1741032198 50209 0
1741032200 50664 0
1741032202 50149 0
1741032204 50223 0
1741032206 50267 0
1741032208 50011 0
1741032210 50281 0
1741032212 50104 0
1741032214 50183 0
1741032216 50161 0
1741032218 50301 0
1741032220 50093 0
1741032222 50330 0
1741032224 50212 0
1741032226 49970 0
1741032228 50019 0
1741032230 50148 0
1741032232 50278 0
1741032234 50458 0
1741032236 50001 0
1741032238 50028 0
1741032240 50258 0
1741032242 49925 0
1741032244 50329 0
1741032246 50003 0
1741032248 50028 0
1741032250 50185 0
1741032252 49771 0
1741032254 50347 0
1741032256 50522 0
1741032258 50238 0
1741032260 50341 0
1741032262 50323 0
1741032264 50245 0
1741032266 50202 0
1741032269 50517 0
1741032271 50389 0
1741032273 50290 0
1741032275 50579 0
1741032277 50173 0
1741032279 50155 0
1741032281 50417 0
1741032283 50046 0
1741032285 50348 0
1741032287 50616 0
1741032289 50111 0
1741032291 50080 0
1741032293 50038 0
1741032295 50324 0
1741032297 50267 0
1741032299 50416 0
1741032301 50383 0
1741032303 49668 0
1741032305 49872 0
1741032307 50023 0
1741032309 50150 0
1741032311 50256 0
1741032313 50488 0
1741032315 50396 0
1741032317 49914 0
1741032319 50341 0
1741032321 50296 0
1741032323 50118 0
1741032325 50349 0
1741032327 50483 0
1741032329 50385 0
1741032331 50274 0
1741032333 50007 0
1741032335 50195 0
1741032337 50188 0
1741032339 50195 0
1741032341 50553 0
1741032343 50168 0
1741032345 49875 0
1741032347 50297 0
1741032349 50040 0
1741032351 50270 0
1741032353 50646 0
1741032355 50305 0
1741032357 50277 0
1741032359 50004 0
1741032361 50558 0
1741032363 50352 0
1741032365 50170 0
1741032367 50362 0
1741032369 50480 0
1741032371 50147 0
1741032373 50231 0
1741032375 50508 0
1741032377 50335 0
1741032379 49898 0
1741032381 50517 0
1741032383 50694 0
1741032385 50246 0
1741032387 50040 0
1741032389 50056 0
1741032391 50404 0
1741032393 50337 0
1741032395 50078 0
1741032397 50249 0
1741032399 50430 0
1741032401 49880 0
1741032403 50145 0
1741032405 49990 0
1741032407 50466 0
1741032409 50563 0
1741032411 50156 0
1741032413 50484 0
1741032415 49890 0
1741032417 50362 0
1741032419 50621 0
1741032421 50084 0
1741032423 50528 0
1741032425 50249 0
1741032427 50460 0
1741032429 49920 0
1741032431 50138 0
1741032433 50375 0
1741032435 50499 0
1741032437 50308 0
1741032439 50043 0
1741032441 49945 0
1741032443 50314 0
1741032445 50313 0
1741032447 50615 0
1741032449 50322 0
1741032451 50097 0
1741032453 50466 0
1741032455 50199 0
1741032457 50327 0
1741032459 50232 0
1741032461 50393 0
1741032463 50213 0
1741032465 50127 0
1741032467 49899 0
1741032469 50218 0
1741032471 50390 0
1741032473 50249 0
1741032475 50073 0
1741032477 50435 0
1741032479 50287 0
1741032481 50098 0
1741032483 50179 0
1741032485 50193 0
1741032487 50431 0
1741032489 50183 0
1741032491 50197 0
1741032493 50131 0
1741032495 50334 0
1741032497 49983 0
1741032499 50154 0
1741032501 50126 0
1741032503 50225 0
1741032505 50358 0
1741032507 50615 0
1741032509 50265 0
1741032511 50371 0
1741032513 50248 0
1741032515 50774 0
1741032517 50622 0
1741032519 50135 0
1741032521 50403 0
1741032523 50278 0
1741032525 50380 0
1741032527 50439 0
1741032529 50073 0
1741032531 50552 0
1741032533 49866 0
1741032535 50253 0
1741032537 50619 0
1741032539 50210 0
1741032541 50494 0
1741032544 50084 0
1741032546 50181 0
1741032548 50085 0
1741032550 50385 0
1741032552 50552 0
1741032554 50534 0
1741032556 50791 0
1741032558 50635 0
1741032560 50370 0
1741032562 50388 0
1741032564 50348 0
1741032566 50406 0
1741032568 50518 0
1741032570 50410 0
1741032572 50481 0
1741032574 50605 0
1741032576 50417 0
1741032578 50411 0
1741032580 50311 0
1741032582 50100 0
1741032584 50141 0
1741032586 50098 0
1741032588 50203 0
1741032590 50624 0
1741032592 50679 0
1741032594 50334 0
1741032596 50219 0
1741032598 50614 0
1741032600 50330 0
1741032602 50701 0
1741032604 50285 0
1741032606 50257 0
1741032608 50222 0
1741032610 50489 0
1741032612 50571 0
1741032614 50525 0
1741032616 50402 0
1741032618 50327 0
1741032620 50428 0
1741032622 50508 0
1741032624 50469 0
1741032626 50615 0
1741032628 50554 0
1741032630 50425 0
1741032632 50412 0
1741032634 50515 0
1741032636 50550 0
1741032638 50837 0
1741032640 50234 0
1741032642 50507 0
1741032644 50294 0
1741032646 50617 0
1741032648 50759 0
1741032650 50507 0
1741032652 50447 0
1741032654 50698 0
1741032656 50190 0
1741032658 50502 0
1741032660 50564 0
1741032662 50392 0
1741032664 50525 0
1741032666 50473 0
1741032668 50693 0
1741032670 50346 0
1741032672 50615 0
1741032674 50407 0
1741032676 50611 0
1741032678 50925 0
1741032680 50612 0
1741032682 50639 0
1741032684 50091 0
1741032686 50348 0
1741032688 50473 0
1741032690 50610 0
1741032692 50257 0
1741032694 50674 0
1741032696 50522 0
1741032698 50203 0
1741032700 50188 0
1741032702 50266 0
1741032704 50252 0
1741032706 50422 0
1741032708 50444 0
1741032710 50473 0
1741032712 49976 0
1741032714 50437 0
1741032716 50232 0
1741032718 50394 0
1741032720 50818 0
1741032722 50403 0
1741032724 50399 0
1741032726 50152 0
1741032728 50436 0
1741032730 50588 0
1741032732 50283 0
1741032734 50344 0
1741032736 50330 0
1741032738 50135 0
1741032740 50465 0
1741032742 50597 0
1741032744 50374 0
1741032746 50684 0
1741032748 50489 0
1741032750 50166 0
1741032752 50090 0
1741032754 50517 0
1741032756 50903 0
1741032758 50310 0
1741032760 50979 0
1741032762 50655 0
1741032764 50486 0
1741032766 50504 0
1741032768 50630 0
1741032770 50437 0
1741032772 50497 0
1741032774 50628 0
1741032776 50326 0
1741032778 50024 0
1741032780 50104 0
1741032782 50267 0
1741032784 50447 0
1741032786 50467 0
1741032788 50613 0
1741032790 50392 0
1741032792 50231 0
1741032794 50206 0
1741032796 50567 0
1741032798 50438 0
1741032800 50387 0
1741032802 50597 0
1741032804 50427 0
1741032806 50589 0
1741032808 50298 0
1741032810 50023 0
1741032812 50151 0
1741032814 50315 0
1741032816 50295 0
1741032818 50181 0
1741032820 50240 0
1741032822 50199 0
1741032824 50123 0
1741032826 50488 0
1741032828 50301 0
1741032830 50032 0
1741032832 50353 0
1741032834 49956 0
1741032837 50817 0
1741032839 50382 0
1741032841 50608 0
1741032843 50314 0
1741032845 50550 0
1741032847 50124 0
1741032849 50215 0
1741032851 50474 0
1741032853 50545 0
1741032855 50443 0
1741032857 50442 0
1741032859 50725 0
1741032861 50425 0
1741032863 50757 0
1741032865 50399 0
1741032867 50408 0
1741032869 50461 0
1741032871 50399 0
1741032873 50389 0
1741032875 50660 0
1741032877 50521 0
1741032879 50709 0
1741032881 50490 0
1741032883 50687 0
1741032885 50333 0
1741032887 50333 0
1741032889 50490 0
1741032891 50392 0
1741032893 50590 0
1741032895 50321 0
1741032897 50328 0
1741032899 50601 0
1741032901 50577 0
1741032903 50382 0
1741032905 50350 0
1741032907 50106 0
1741032909 50559 0
1741032911 50380 0
1741032913 50584 0
1741032915 50324 0
1741032917 50359 0
1741032919 50739 0
1741032921 50644 0
1741032923 50625 0
1741032925 50563 0
1741032927 50333 0
1741032929 50644 0
1741032931 50231 0
1741032933 50398 0
1741032935 50421 0
1741032937 50412 0
1741032939 50473 0
1741032941 50281 0
1741032943 49940 0
1741032945 50025 0
1741032947 50001 0
1741032949 50119 0
1741032951 49944 0
1741032953 49742 0
1741032955 50273 0
1741032957 49916 0
1741032959 49999 0
1741032961 50345 0
1741032963 49960 0
1741032965 49953 0
1741032967 49551 0
1741032969 49931 0
1741032971 49712 0
1741032973 49770 0
1741032975 50062 0
1741032977 49761 0
1741032979 49886 0
1741032981 49686 0
1741032983 49953 0
1741032985 50158 0
1741032987 49785 0
1741032989 50070 0
1741032991 49801 0
1741032993 49676 0
1741032995 49900 0
1741032997 49750 0
1741032999 50090 0
1741033001 49714 0
1741033003 50058 0
1741033005 50217 0
1741033007 49860 0
1741033009 49896 0
1741033011 49692 0
1741033013 50255 0
1741033015 49471 0
1741033017 50166 0
1741033019 49667 0
1741033021 49941 0
1741033023 50069 0
1741033025 49644 0
1741033027 50117 0
1741033029 49716 0
1741033031 50483 0
1741033033 50527 0
1741033035 50554 0
1741033037 50330 0
1741033039 49934 0
1741033041 49847 0
1741033043 49922 0
1741033045 50218 0
1741033047 50178 0
1741033049 49676 0
1741033051 49998 0
1741033053 49690 0
1741033055 49541 0
1741033057 49653 0
1741033059 50285 0
1741033061 49558 0
1741033063 49449 0
1741033065 49628 0
1741033067 49720 0
1741033069 49818 0
1741033071 49744 0
1741033073 49594 0
1741033075 49507 0
1741033077 50168 0
1741033079 49918 0
1741033081 49824 0
1741033083 49789 0
1741033085 49637 0
1741033087 49679 0
1741033089 49843 0
1741033091 50013 0
1741033093 49646 0
1741033095 49808 0
1741033097 49709 0
1741033099 49581 0
1741033101 49734 0
1741033103 49697 0
1741033105 49499 0
1741033107 49895 0
1741033109 49740 0
1741033111 50020 0
1741033113 49976 0
1741033115 49549 0
1741033117 49791 0
1741033119 49808 0
1741033121 49614 0
1741033123 49990 0
1741033125 49518 0
1741033127 49737 0
1741033129 49723 0
1741033131 49688 0
1741033133 49829 0
1741033135 49524 0
1741033137 50202 0
1741033139 49867 0
1741033141 49747 0
1741033143 49724 0
1741033145 49675 0
1741033147 50185 0
1741033149 50307 0
1741033152 50763 0
1741033154 50536 0
1741033156 50350 0
1741033158 50341 0
1741033160 50379 0
1741033162 50487 0
1741033164 50177 0
1741033166 50379 0
1741033168 49976 0
1741033170 50500 0
1741033172 50277 0
1741033174 49920 0
1741033176 50180 0
1741033178 50006 0
1741033180 50139 0
1741033182 50180 0
1741033184 50240 0
1741033186 50046 0
1741033188 50606 0
1741033190 50061 0
1741033192 50123 0
1741033194 50159 0
1741033196 50118 0
1741033198 50030 0
1741033200 49839 0
1741033202 50472 0
1741033204 50155 0
1741033206 50431 0
1741033208 50002 0
1741033210 50444 0
1741033212 50328 0
1741033214 50084 0
1741033216 50198 0
1741033218 50156 0
1741033220 50389 0
1741033222 50160 0
1741033224 49869 0
1741033226 50422 0
1741033228 50205 0
1741033230 50106 0
1741033232 50479 0
1741033234 50373 0
1741033236 50246 0
1741033238 50348 0
1741033240 50076 0
1741033242 50504 0
1741033244 50122 0
1741033246 50587 0
1741033248 50508 0
1741033250 50090 0
1741033252 50589 0
1741033254 50007 0
1741033256 50470 0
1741033258 50419 0
1741033260 50571 0
1741033262 50543 0
1741033264 50068 0
1741033266 50389 0
1741033268 49838 0
1741033270 50207 0
1741033272 50215 0
1741033274 50230 0
1741033276 50144 0
1741033278 49950 0
1741033280 50200 0
1741033282 49689 0
1741033284 49917 0
1741033286 49958 0
1741033288 49953 0
1741033290 50261 0
1741033292 50091 0
1741033294 50199 0
1741033296 49746 0
1741033298 49867 0
1741033300 49793 0
1741033302 49677 0
1741033304 50011 0
1741033306 50291 0
1741033308 50020 0
1741033310 50030 0
1741033312 50353 0
1741033314 50134 0
1741033316 49574 0
1741033318 49968 0
1741033320 49848 0
1741033322 50248 0
1741033324 49888 0
1741033326 50017 0
1741033328 49947 0
1741033330 50019 0
1741033332 50293 0
1741033334 50096 0
1741033336 50128 0
1741033338 50251 0
1741033340 50271 0
1741033342 49991 0
1741033344 50306 0
1741033346 49974 0
1741033348 50088 0
1741033350 50070 0
1741033352 50242 0
1741033354 50130 0
1741033356 49636 0
1741033358 50355 0
1741033360 50138 0
1741033362 50282 0
1741033364 50191 0
1741033366 50135 0
1741033368 50447 0
1741033370 50383 0
1741033372 50054 0
1741033374 49966 0
1741033376 50137 0
1741033378 50337 0
1741033380 50432 0
1741033382 50297 0
1741033384 50023 0
1741033386 50268 0
1741033388 49953 0
1741033390 49798 0
1741033392 50062 0
1741033394 50406 0
1741033396 50295 0
1741033398 50266 0
1741033400 50257 0
1741033402 50566 0
1741033404 50182 0
1741033406 50487 0
1741033408 50734 0
1741033410 50449 0
1741033412 50107 0
1741033414 50525 0
1741033416 50204 0
1741033418 50601 0
1741033420 50429 0
1741033422 50446 0
1741033424 50302 0
1741033426 50131 0
1741033428 50590 0
1741033430 50433 0
1741033432 50123 0
1741033434 50255 0
1741033436 50523 0
1741033438 50361 0
1741033440 50293 0
1741033442 49996 0
1741033444 50398 0
1741033446 50700 0
1741033448 50870 0
1741033450 50693 0
1741033452 50473 0
1741033454 50808 0
1741033456 50489 0
1741033458 50739 0
1741033460 50816 0
1741033462 50792 0
1741033465 50477 0
1741033467 50404 0
1741033469 50076 0
1741033471 50749 0
1741033473 50348 0
1741033475 50258 0
1741033477 50379 0
1741033479 50346 0
1741033481 50696 0
1741033483 50634 0
1741033485 50480 0
1741033487 50332 0
1741033489 50508 0
1741033491 50856 0
1741033493 51042 0
1741033495 50361 0
1741033497 50397 0
1741033499 50545 0
1741033501 50859 0
1741033503 50420 0
1741033505 50447 0
1741033507 50613 0
1741033509 50663 0
1741033511 50776 0
1741033513 50475 0
1741033515 50557 0
1741033517 50754 0
1741033519 50625 0
1741033521 50637 0
1741033523 50481 0
1741033525 50394 0
1741033527 50716 0
1741033529 50246 0
1741033531 50741 0
1741033533 50687 0
1741033535 50971 0
1741033537 50930 0
1741033539 50418 0
1741033541 50839 0
1741033543 50737 0
1741033545 50789 0
1741033547 50226 0
1741033549 50456 0
1741033551 50289 0
1741033553 50265 0
1741033555 50214 0
1741033557 50344 0
1741033559 50312 0
1741033561 50254 0
1741033563 50661 0
1741033565 50754 0
1741033567 50700 0
1741033569 50239 0
1741033571 50499 0
1741033573 50624 0
1741033575 50191 0
1741033577 50466 0
1741033579 50455 0
1741033581 50440 0
1741033583 50326 0
1741033585 50530 0
1741033587 50245 0
1741033589 50613 0
1741033591 50471 0
1741033593 50458 0
1741033595 50275 0
1741033597 50636 0
1741033599 50314 0
1741033601 50472 0
1741033603 50480 0
1741033605 50218 0
1741033607 50216 0
1741033609 50594 0
1741033611 50358 0
1741033613 50682 0
1741033615 50304 0
1741033617 50079 0
1741033619 50501 0
1741033621 50222 0
1741033623 50524 0
1741033625 50438 0
1741033627 50226 0
1741033629 50300 0
1741033631 50080 0
1741033633 50527 0
1741033635 50138 0
1741033637 50134 0
1741033639 50365 0
1741033641 49908 0
1741033643 50433 0
1741033645 49974 0
1741033647 50469 0
1741033649 49912 0
1741033651 50206 0
1741033653 50624 0
1741033655 50173 0
1741033657 50264 0
1741033659 50117 0
1741033661 50376 0
1741033663 50274 0
1741033665 50383 0
1741033667 50075 0
1741033669 50286 0
1741033671 50422 0
1741033673 49825 0
1741033675 50466 0
1741033677 50362 0
1741033679 50447 0
1741033681 50404 0
1741033683 50409 0
1741033685 50262 0
1741033687 50305 0
1741033689 50486 0
1741033691 50325 0
1741033693 50068 0
1741033695 50533 0
1741033697 50105 0
1741033699 50314 0
1741033701 50013 0
1741033703 50025 0
1741033705 50322 0
1741033707 50364 0
1741033709 50271 0
1741033711 50021 0
1741033713 50125 0
1741033715 50299 0
1741033717 50066 0
1741033719 49927 0
1741033721 50045 0
1741033723 50032 0
1741033725 50000 0
1741033727 50217 0
1741033729 50200 0
1741033731 49981 0
1741033733 50329 0
1741033735 50200 0
1741033737 49748 0
1741033739 49877 0
1741033741 50182 0
1741033743 50180 0
1741033745 50454 0
1741033747 50324 0
1741033749 50047 0
1741033751 50184 0
1741033753 50506 0
1741033755 50323 0
1741033757 50306 0
1741033759 50529 0
1741033761 50327 0
1741033763 50049 0
1741033765 50252 0
1741033767 50456 0
1741033769 50396 0
1741033771 50335 0
1741033773 50177 0
1741033775 50601 0
1741033777 50284 0
1741033780 50097 0
1741033782 50153 0
1741033784 50295 0
1741033786 50566 0
1741033788 50652 0
1741033790 50369 0
1741033792 50314 0
1741033794 50455 0
1741033796 50391 0
1741033798 50916 0
1741033800 50709 0
1741033802 50867 0
1741033804 50029 0
1741033806 50141 0
1741033808 50571 0
1741033810 50069 0
1741033812 50340 0
1741033814 50410 0
1741033816 50337 0
1741033818 50668 0
1741033820 50760 0
1741033822 50898 0
1741033824 50575 0
1741033826 50613 0
1741033828 50420 0
1741033830 50419 0
1741033832 50526 0
1741033834 50292 0
1741033836 50676 0
1741033838 50757 0
1741033840 50623 0
1741033842 50761 0
1741033844 50408 0
1741033846 50621 0
1741033848 50766 0
1741033850 50469 0
1741033852 50487 0
1741033854 50413 0
1741033856 50700 0
1741033858 50281 0
1741033860 50814 0
1741033862 50451 0
1741033864 50869 0
1741033866 50536 0
1741033868 50407 0
1741033870 50148 0
1741033872 50498 0
1741033874 50575 0
1741033876 50596 0
1741033878 50713 0
1741033880 50627 0
1741033882 50676 0
1741033884 50604 0
1741033886 50490 0
1741033888 50343 0
1741033890 50747 0
1741033892 50679 0
1741033894 50396 0
1741033896 50364 0
1741033898 50434 0
1741033900 50411 0
1741033902 50796 0
1741033904 51022 0
1741033906 50565 0
1741033908 50784 0
1741033910 50119 0
1741033912 50081 0
1741033914 50394 0
1741033916 50679 0
1741033918 50605 0
1741033920 50548 0
1741033922 50437 0
1741033924 50614 0
1741033926 49925 0
1741033928 49855 0
1741033930 50661 0
1741033932 50651 0
1741033934 50270 0
1741033936 50497 0
1741033938 50370 0
1741033940 50534 0
1741033942 50163 0
1741033944 50464 0
1741033946 50542 0
1741033948 50159 0
1741033950 50091 0
1741033952 50365 0
1741033954 50733 0
1741033956 50323 0
1741033958 50446 0
1741033960 50803 0
1741033962 50331 0
1741033964 50138 0
1741033966 50183 0
1741033968 50439 0
1741033970 50263 0
1741033972 50456 0
1741033974 50679 0
1741033976 50240 0
1741033978 50466 0
1741033980 50362 0
1741033982 49927 0
1741033984 50366 0
1741033986 50246 0
1741033988 50300 0
1741033990 50295 0
1741033992 50069 0
1741033994 50116 0
1741033996 50658 0
1741033998 50505 0
1741034000 50711 0
1741034002 49917 0
1741034004 50013 0
1741034006 50618 0
1741034008 50430 0
1741034010 50217 0
1741034012 50250 0
1741034014 50282 0
1741034016 50222 0
1741034018 50556 0
1741034020 50468 0
1741034022 50320 0
1741034024 50366 0
1741034026 50499 0
1741034028 50385 0
1741034030 50797 0
1741034032 50331 0
1741034034 50581 0
1741034036 50364 0
1741034038 50303 0
1741034040 50142 0
1741034042 50340 0
1741034044 50647 0
1741034046 50760 0
1741034048 50431 0
1741034050 50556 0
1741034052 50493 0
1741034054 50418 0
1741034056 50547 0
1741034058 50339 0
1741034060 50397 0
1741034062 50743 0
1741034064 50167 0
1741034066 50423 0
1741034068 50568 0
1741034070 50465 0
1741034072 50954 0
1741034074 50552 0
1741034076 50746 0
1741034078 50667 0
1741034080 50592 0
1741034082 50219 0
1741034084 50608 0
1741034086 50607 0
1741034088 50749 0
1741034090 50367 0
1741034092 50919 0
1741034095 50443 0
1741034097 50699 0
1741034099 50321 0
1741034101 50848 0
1741034103 51025 0
1741034105 50622 0
1741034107 50626 0
1741034109 50493 0
1741034111 50519 0
1741034113 50724 0
1741034115 50493 0
1741034117 50066 0
1741034119 50537 0
1741034121 50614 0
1741034123 50393 0
1741034125 50553 0
1741034127 51038 0
1741034129 50570 0
1741034131 50609 0
1741034133 50721 0
1741034135 50662 0
1741034137 50202 0
1741034139 50399 0
1741034141 50209 0
1741034143 50200 0
1741034145 50719 0
1741034147 50524 0
1741034149 50644 0
1741034151 50370 0
1741034153 50580 0
1741034155 50707 0
1741034157 50538 0
1741034159 50531 0
1741034161 50976 0
1741034163 50416 0
1741034165 50574 0
1741034167 50325 0
1741034169 50621 0
1741034171 50525 0
1741034173 50298 0
1741034175 50958 0
1741034177 51139 0
1741034179 50455 0
1741034181 50520 0
1741034183 50479 0
1741034185 50827 0
1741034187 50631 0
1741034189 50560 0
1741034191 50708 0
1741034193 50845 0
1741034195 50413 0
1741034197 50727 0
1741034199 50707 0
1741034201 50948 0
1741034203 50652 0
1741034205 50712 0
1741034207 50794 0
1741034209 50683 0
1741034211 50892 0
1741034213 51166 0
1741034215 50887 0
1741034217 50606 0
1741034219 50638 0
1741034221 50292 0
1741034223 50921 0
1741034225 50716 0
1741034227 50558 0
1741034229 50418 0
1741034231 50692 0
1741034233 50046 0
1741034235 50115 0
1741034237 50440 0
1741034239 50532 0
1741034241 50442 0
1741034243 50635 0
1741034245 50590 0
1741034247 50665 0
1741034249 50211 0
1741034251 50752 0
1741034253 50377 0
1741034255 50233 0
1741034257 50600 0
1741034259 50332 0
1741034261 50337 0
1741034263 50579 0
1741034265 50510 0
1741034267 50506 0
1741034269 50175 0
1741034271 50386 0
1741034273 50297 0
1741034275 50453 0
1741034277 51041 0
1741034279 50309 0
1741034281 50606 0
1741034283 50707 0
1741034285 50691 0
1741034287 50667 0
1741034289 51144 0
1741034291 50717 0
1741034293 50786 0
1741034295 50385 0
1741034297 50539 0
1741034299 50582 0
1741034301 51050 0
1741034303 50473 0
1741034305 50299 0
1741034307 50517 0
1741034309 50890 0
1741034311 50691 0
1741034313 50280 0
1741034315 50842 0
1741034317 50641 0
1741034319 50698 0
1741034321 50869 0
1741034323 50905 0
1741034325 50886 0
1741034327 50812 0
1741034329 50789 0
1741034331 50603 0
1741034333 50460 0
1741034335 50541 0
1741034337 51006 0
1741034339 50634 0
1741034341 50813 0
1741034343 50382 0
1741034345 50378 0
1741034347 50632 0
1741034349 50492 0
1741034351 50484 0
1741034353 50596 0
1741034355 50526 0
1741034357 50569 0
1741034359 50332 0
1741034361 50147 0
1741034363 50796 0
1741034365 50566 0
1741034367 50823 0
1741034369 51022 0
1741034371 50859 0
1741034373 50744 0
1741034375 50575 0
1741034377 50486 0
1741034379 50764 0
1741034381 50443 0
1741034383 50533 0
1741034385 50576 0
1741034387 50332 0
1741034389 50456 0
1741034391 50485 0
1741034393 50581 0
1741034395 50410 0
1741034397 50691 0
1741034399 50835 0
1741034401 50462 0
1741034403 50776 0
1741034405 50743 0
1741034408 50679 0
1741034410 50851 0
1741034412 50530 0
1741034414 50887 0
1741034416 50678 0
1741034418 50612 0
1741034420 50839 0
1741034422 50624 0
1741034424 50826 0
1741034426 50744 0
1741034428 50685 0
1741034430 50509 0
1741034432 50823 0
1741034434 50678 0
1741034436 50990 0
1741034438 50757 0
1741034440 50934 0
1741034442 50411 0
1741034444 51111 0
1741034446 50835 0
1741034448 51170 0
1741034450 51259 0
1741034452 51049 0
1741034454 50866 0
1741034456 51169 0
1741034458 50693 0
1741034460 51202 0
1741034462 51047 0
1741034464 51161 0
1741034466 50931 0
1741034468 50645 0
1741034470 50895 0
1741034472 50896 0
1741034474 51085 0
1741034476 50683 0
1741034478 51090 0
1741034480 51079 0
1741034482 50813 0
1741034484 50979 0
1741034486 51089 0
1741034488 50865 0
1741034490 50825 0
1741034492 50838 0
1741034494 50801 0
1741034496 50893 0
1741034498 50827 0
1741034500 51170 0
1741034502 51144 0
1741034504 51020 0
1741034506 50827 0
1741034508 50693 0
1741034510 51373 0
1741034512 50679 0
1741034514 50929 0
1741034516 51060 0
1741034518 50879 0
1741034520 50735 0
1741034522 50675 0
1741034524 50495 0
1741034526 51187 0
1741034528 51304 0
1741034530 50696 0
1741034532 50771 0
1741034534 50655 0
1741034536 50919 0
1741034538 50850 0
1741034540 50975 0
1741034542 51051 0
1741034544 50636 0
1741034546 50675 0
1741034548 50432 0
1741034550 50408 0
1741034552 50583 0
1741034554 51148 0
1741034556 51013 0
1741034558 50895 0
1741034560 50844 0
1741034562 50731 0
1741034564 50565 0
1741034566 50958 0
1741034568 50526 0
1741034570 50975 0
1741034572 50703 0
1741034574 50759 0
1741034576 50973 0
1741034578 50447 0
1741034580 50576 0
1741034582 50747 0
1741034584 50748 0
1741034586 50889 0
1741034588 50863 0
1741034590 50264 0
1741034592 50333 0
1741034594 50859 0
1741034596 50950 0
1741034598 50568 0
1741034600 50592 0
1741034602 50183 0
1741034604 50625 0
1741034606 50013 0
1741034608 50393 0
1741034610 50521 0
1741034612 50460 0
1741034614 50597 0
1741034616 50559 0
1741034618 50569 0
1741034620 50287 0
1741034622 50594 0
1741034624 50263 0
1741034626 50240 0
1741034628 50426 0
1741034630 50166 0
1741034632 50701 0
1741034634 50248 0
1741034636 50620 0
1741034638 50586 0
1741034640 51021 0
1741034642 50695 0
1741034644 50518 0
1741034646 50753 0
1741034648 51013 0
1741034650 50884 0
1741034652 50834 0
1741034654 50655 0
1741034656 50982 0
1741034658 50255 0
1741034660 50769 0
1741034662 50757 0
1741034664 50747 0
1741034666 50900 0
1741034668 50642 0
1741034670 50806 0
1741034672 50928 0
1741034674 51070 0
1741034676 50857 0
1741034678 50808 0
1741034680 50597 0
1741034682 50319 0
1741034684 50637 0
1741034686 50879 0
1741034688 50421 0
1741034690 50753 0
1741034692 50952 0
1741034694 50382 0
1741034696 50722 0
1741034698 51009 0
1741034700 50457 0
1741034702 50655 0
1741034704 50992 0
1741034706 50300 0
1741034708 50813 0
1741034710 50720 0
1741034712 50610 0
1741034714 50478 0
1741034716 50832 0
1741034718 50776 0
1741034720 50921 0
1741034722 50659 0
1741034725 50599 0
1741034727 50746 0
1741034729 50767 0
1741034731 50486 0
1741034733 50903 0
1741034735 50834 0
1741034737 50554 0
1741034739 50816 0
1741034741 50514 0
1741034743 50810 0
1741034745 50660 0
1741034747 50645 0
1741034749 50688 0
1741034751 50645 0
1741034753 50799 0
1741034755 50685 0
1741034757 50962 0
1741034759 50511 0
1741034761 50865 0
1741034763 50668 0
1741034765 50692 0
1741034767 50913 0
1741034769 51081 0
1741034771 50913 0
1741034773 50822 0
1741034775 51152 0
1741034777 50599 0
1741034779 50778 0
1741034781 50855 0
1741034783 50511 0
1741034785 50529 0
1741034787 51151 0
1741034789 50400 0
1741034791 50691 0
1741034793 50427 0
1741034795 50767 0
1741034797 50864 0
1741034799 50853 0
1741034801 51038 0
1741034803 51157 0
1741034805 50667 0
1741034807 50583 0
1741034809 51240 0
1741034811 50741 0
1741034813 51039 0
1741034815 51229 0
1741034817 50737 0
1741034819 51002 0
1741034821 50735 0
1741034823 50471 0
1741034825 50585 0
1741034827 50731 0
1741034829 50537 0
1741034831 50412 0
1741034833 50925 0
1741034835 50863 0
1741034837 51112 0
1741034839 50730 0
1741034841 50798 0
1741034843 51064 0
1741034845 50679 0
1741034847 50703 0
1741034849 50654 0
1741034851 50255 0
1741034853 50684 0
1741034855 50333 0
1741034857 50570 0
1741034859 50082 0
1741034861 50627 0
1741034863 50765 0
1741034865 50310 0
1741034867 50341 0
1741034869 50725 0
1741034871 50723 0
1741034873 50656 0
1741034875 50885 0
1741034877 50733 0
1741034879 50737 0
1741034881 50624 0
1741034883 50656 0
1741034885 50743 0
1741034887 50719 0
1741034889 50618 0
1741034891 50899 0
1741034893 50708 0
1741034895 50718 0
1741034897 51004 0
1741034899 51009 0
1741034901 50838 0
1741034903 51014 0
1741034905 50554 0
1741034907 50538 0
1741034909 50845 0
1741034911 50880 0
1741034913 50784 0
1741034915 50678 0
1741034917 50650 0
1741034919 50535 0
1741034921 50426 0
1741034923 50876 0
1741034925 50852 0
1741034927 50725 0
1741034929 50782 0
1741034931 51015 0
1741034933 50552 0
1741034935 50963 0
1741034937 50654 0
1741034939 50878 0
1741034941 50904 0
1741034943 50553 0
1741034945 50587 0
1741034947 50826 0
1741034949 50403 0
1741034951 50814 0
1741034953 51017 0
1741034955 50725 0
1741034957 50643 0
1741034959 50718 0
1741034961 50668 0
1741034963 50405 0
1741034965 50910 0
1741034967 50462 0
1741034969 51007 0
1741034971 50686 0
1741034973 50240 0
1741034975 50228 0
1741034977 50343 0
1741034979 50600 0
1741034981 50578 0
1741034983 50633 0
1741034985 50901 0
1741034987 50660 0
1741034989 50689 0
1741034991 50987 0
1741034993 50627 0
1741034995 50756 0
1741034997 50279 0
1741034999 50511 0
1741035001 50799 0
1741035003 50652 0
1741035005 50747 0
1741035007 50842 0
1741035009 50604 0
1741035011 50662 0
1741035013 50755 0
1741035015 50850 0
1741035017 50936 0
1741035019 50555 0
1741035021 51108 0
1741035023 50573 0
1741035025 50911 0
1741035027 50469 0
1741035030 50533 0
1741035032 50479 0
1741035034 51288 0
1741035036 51040 0
1741035038 50707 0
1741035040 50363 0
1741035042 50896 0
1741035044 50948 0
1741035046 50749 0
1741035048 50865 0
1741035050 51010 0
1741035052 51308 0
1741035054 51009 0
1741035056 50642 0
1741035058 50808 0
1741035060 50827 0
1741035062 50558 0
1741035064 50791 0
1741035066 50961 0
1741035068 50896 0
1741035070 50662 0
1741035072 50789 0
1741035074 50619 0
1741035076 50713 0
1741035078 50582 0
1741035080 50770 0
1741035082 50232 0
1741035084 50590 0
1741035086 50423 0
1741035088 50710 0
1741035090 50595 0
1741035092 50672 0
1741035094 50690 0
1741035096 50427 0
1741035098 50913 0
1741035100 50754 0
1741035102 50434 0
1741035104 50384 0
1741035106 50798 0
1741035108 50417 0
1741035110 50529 0
1741035112 50447 0
1741035114 50893 0
1741035116 50452 0
1741035118 50572 0
1741035120 50503 0
1741035122 50265 0
1741035124 50782 0
1741035126 50791 0
1741035128 50820 0
1741035130 50420 0
1741035132 50754 0
1741035134 50788 0
1741035136 50538 0
1741035138 50887 0
1741035140 50288 0
1741035142 50612 0
1741035144 50447 0
1741035146 50686 0
1741035148 50833 0
1741035150 50482 0
1741035152 50871 0
1741035154 50817 0
1741035156 50901 0
1741035158 50625 0
1741035160 50520 0
1741035162 51009 0
1741035164 50914 0
1741035166 50583 0
1741035168 50802 0
1741035170 50531 0
1741035172 50453 0
1741035174 50475 0
1741035176 50654 0
1741035178 51052 0
1741035180 50615 0
1741035182 50687 0
1741035184 50638 0
1741035186 50557 0
1741035188 50625 0
1741035190 50661 0
1741035192 50740 0
1741035194 50631 0
1741035196 50733 0
1741035198 50799 0
1741035200 50452 0
1741035202 50863 0
1741035204 50891 0
1741035206 50418 0
1741035208 50618 0
1741035210 50779 0
1741035212 50762 0
1741035214 50689 0
1741035216 50862 0
1741035218 50786 0
1741035220 50807 0
1741035222 50746 0
1741035224 50627 0
1741035226 50655 0
1741035228 50665 0
1741035230 51188 0
1741035232 50415 0
1741035234 50494 0
1741035236 50585 0
1741035238 50963 0
1741035240 50606 0
1741035242 50992 0
1741035244 50628 0
1741035246 50767 0
1741035248 50696 0
1741035250 50711 0
1741035252 50762 0
1741035254 50934 0
1741035256 51022 0
1741035258 51213 0
1741035260 50914 0
1741035262 50754 0
1741035264 51193 0
1741035266 50568 0
1741035268 50690 0
1741035270 50813 0
1741035272 50884 0
1741035274 50898 0
1741035276 51166 0
1741035278 50531 0
1741035280 50859 0
1741035282 50572 0
1741035284 50872 0
1741035286 50853 0
1741035288 50799 0
1741035290 50960 0
1741035292 50861 0
1741035294 50850 0
1741035296 51049 0
1741035298 50446 0
1741035300 50929 0
1741035302 50859 0
1741035304 50855 0
1741035306 50782 0
1741035308 50767 0
1741035310 50866 0
1741035312 50873 0
1741035314 50515 0
1741035316 51128 0
1741035318 50543 0
1741035320 50351 0
1741035322 50646 0
1741035324 50806 0
1741035326 50943 0
1741035328 50755 0
1741035330 50953 0
1741035332 50500 0
1741035334 50387 0
1741035336 50698 0
1741035338 50456 0
1741035340 50725 0
1741035343 50848 0
1741035345 50852 0
1741035347 50860 0
1741035349 50790 0
1741035351 50869 0
1741035353 50581 0
1741035355 50866 0
1741035357 50493 0
1741035359 50858 0
1741035361 50816 0
1741035363 50716 0
1741035365 50937 0
1741035367 50749 0
1741035369 51240 0
1741035371 50411 0
1741035373 50967 0
1741035375 50706 0
1741035377 50329 0
1741035379 50772 0
1741035381 50708 0
1741035383 50830 0
1741035385 50881 0
1741035387 50592 0
1741035389 50874 0
1741035391 50848 0
1741035393 50754 0
1741035395 50550 0
1741035397 50442 0
1741035399 51111 0
1741035401 51032 0
1741035403 51034 0
1741035405 50267 0
1741035407 50952 0
1741035409 50844 0
1741035411 50573 0
1741035413 50673 0
1741035415 50600 0
1741035417 50413 0
1741035419 50490 0
1741035421 50667 0
1741035423 50656 0
1741035425 51118 0
1741035427 50135 0
1741035429 50759 0
1741035431 50719 0
1741035433 50559 0
1741035435 50970 0
1741035437 50773 0
1741035439 50415 0
1741035441 50648 0
1741035443 50684 0
1741035445 50837 0
1741035447 50845 0
1741035449 50820 0
1741035451 50888 0
1741035453 50185 0
1741035455 50761 0
1741035457 50805 0
1741035459 50536 0
1741035461 50794 0
1741035463 49984 0
1741035465 51046 0
1741035467 50774 0
1741035469 50797 0
1741035471 50739 0
1741035473 50856 0
1741035475 50657 0
1741035477 50607 0
1741035479 50677 0
1741035481 50610 0
1741035483 50823 0
1741035485 51066 0
1741035487 50544 0
1741035489 50685 0
1741035491 50764 0
1741035493 50851 0
1741035495 51138 0
1741035497 50787 0
1741035499 50767 0
1741035501 50722 0
1741035503 50771 0
1741035505 51104 0
1741035507 50923 0
1741035509 50624 0
1741035511 50768 0
1741035513 50819 0
1741035515 50673 0
1741035517 51015 0
1741035519 50459 0
1741035521 50442 0
1741035523 50615 0
1741035525 51077 0
1741035527 51101 0
1741035529 50865 0
1741035531 50698 0
1741035533 50806 0
1741035535 50700 0
1741035537 50810 0
1741035539 50749 0
1741035541 50598 0
1741035543 50779 0
1741035545 50385 0
1741035547 50532 0
1741035549 50545 0
1741035551 50788 0
1741035553 50986 0
1741035555 50644 0
1741035557 50494 0
1741035559 50948 0
1741035561 50495 0
1741035563 50998 0
1741035565 50615 0
1741035567 50529 0
1741035569 50930 0
1741035571 50275 0
1741035573 50689 0
1741035575 50760 0
1741035577 50595 0
1741035579 50570 0
1741035581 50567 0
1741035583 50919 0
1741035585 50641 0
1741035587 50764 0
1741035589 50584 0
1741035591 50690 0
1741035593 50786 0
1741035595 50643 0
1741035597 50699 0
1741035599 50574 0
1741035601 50333 0
1741035603 50644 0
1741035605 50754 0
1741035607 50931 0
1741035609 50787 0
1741035611 50583 0
1741035613 51043 0
1741035615 50834 0
1741035617 50704 0
1741035619 50645 0
1741035621 51014 0
1741035623 50966 0
1741035625 50725 0
1741035627 51152 0
1741035629 50905 0
1741035631 51005 0
1741035633 51075 0
1741035635 50805 0
1741035637 51138 0
1741035639 50791 0
1741035641 50605 0
1741035644 51047 0
1741035646 50993 0
1741035648 50996 0
1741035650 51259 0
1741035652 50906 0
1741035654 50916 0
1741035656 51151 0
1741035658 51331 0
1741035660 50830 0
1741035662 50710 0
1741035664 51003 0
1741035666 50739 0
1741035668 51070 0
1741035670 50735 0
1741035672 50831 0
1741035674 51204 0
1741035676 50911 0
1741035678 50692 0
1741035680 50884 0
1741035682 51252 0
1741035684 50315 0
1741035686 50827 0
1741035688 50678 0
1741035690 50945 0
1741035692 50595 0
1741035694 50370 0
1741035696 50546 0
1741035698 50334 0
1741035700 50657 0
1741035702 50969 0
1741035704 50720 0
1741035706 50680 0
1741035708 51018 0
1741035710 50491 0
1741035712 50583 0
1741035714 50659 0
1741035716 50634 0
1741035718 50904 0
1741035720 50682 0
1741035722 50391 0
1741035724 50253 0
1741035726 50307 0
1741035728 50531 0
1741035730 50772 0
1741035732 50700 0
1741035734 50609 0
1741035736 50556 0
1741035738 50752 0
1741035740 50693 0
1741035742 50692 0
1741035744 50338 0
1741035746 50848 0
1741035748 50589 0
1741035750 50745 0
1741035752 50734 0
1741035754 50638 0
1741035756 50428 0
1741035758 50917 0
1741035760 51108 0
1741035762 51048 0
1741035764 50671 0
1741035766 50586 0
1741035768 50680 0
1741035770 50469 0
1741035772 50934 0
1741035774 50906 0
1741035776 50686 0
1741035778 50719 0
1741035780 50871 0
1741035782 51023 0
1741035784 50570 0
1741035786 50746 0
1741035788 50599 0
1741035790 50540 0
1741035792 50698 0
1741035794 50425 0
1741035796 50373 0
1741035798 50720 0
1741035800 50896 0
1741035802 50634 0
1741035804 50472 0
1741035806 50333 0
1741035808 50494 0
1741035810 50859 0
1741035812 50786 0
1741035814 50744 0
1741035816 51122 0
1741035818 50990 0
1741035820 50440 0
1741035822 50543 0
1741035824 50649 0
1741035826 50787 0
1741035828 50947 0
1741035830 50636 0
1741035832 50861 0
1741035834 50975 0
1741035836 50421 0
1741035838 50614 0
1741035840 50885 0
1741035842 50392 0
1741035844 50812 0
1741035846 50692 0
1741035848 50723 0
1741035850 50546 0
1741035852 50371 0
1741035854 50929 0
1741035856 50759 0
1741035858 50634 0
1741035860 50645 0
1741035862 50619 0
1741035864 50792 0
1741035866 50874 0
1741035868 50553 0
1741035870 50961 0
1741035872 50431 0
1741035874 50442 0
1741035876 50788 0
1741035878 50922 0
1741035880 50799 0
1741035882 50672 0
1741035884 50922 0
1741035886 50898 0
1741035888 50304 0
1741035890 50943 0
1741035892 50887 0
1741035894 50791 0
1741035896 50991 0
1741035898 50512 0
1741035900 50754 0
1741035902 50635 0
1741035904 50956 0
1741035906 50650 0
1741035908 50725 0
1741035910 50753 0
1741035912 50814 0
1741035914 50642 0
1741035916 51039 0
1741035919 50702 0
1741035921 51131 0
1741035923 50626 0
1741035925 50805 0
1741035927 50919 0
1741035929 50810 0
1741035931 50779 0
1741035933 50752 0
1741035935 50912 0
1741035937 50597 0
1741035939 50538 0
1741035941 50740 0
1741035943 51013 0
1741035945 50781 0
1741035947 50624 0
1741035949 50493 0
1741035951 50452 0
1741035953 50792 0
1741035955 50632 0
1741035957 50779 0
1741035959 50942 0
1741035961 50856 0
1741035963 50604 0
1741035965 50856 0
1741035967 50790 0
1741035969 50394 0
1741035971 50801 0
1741035973 50757 0
1741035975 50972 0
1741035977 50820 0
1741035979 50674 0
1741035981 50396 0
1741035983 50629 0
1741035985 50503 0
1741035987 50516 0
1741035989 51072 0
1741035991 50541 0
1741035993 50907 0
1741035995 50889 0
1741035997 50797 0
1741035999 50457 0
1741036001 50577 0
1741036003 50942 0
1741036005 50772 0
1741036007 50867 0
1741036009 50798 0
1741036011 50825 0
1741036013 50664 0
1741036015 50679 0
1741036017 50773 0
1741036019 50918 0
1741036021 50315 0
1741036023 50888 0
1741036025 50580 0
1741036027 50548 0
1741036029 50416 0
1741036031 50840 0
1741036033 50487 0
1741036035 50588 0
1741036037 50425 0
1741036039 50297 0
1741036041 50421 0
1741036043 50984 0
1741036045 50615 0
1741036047 50604 0
1741036049 50537 0
1741036051 51104 0
1741036053 50517 0
1741036055 50943 0
1741036057 50676 0
1741036059 50681 0
1741036061 50752 0
1741036063 50496 0
1741036065 50494 0
1741036067 50391 0
1741036069 50986 0
1741036071 50428 0
1741036073 50685 0
1741036075 50739 0
1741036077 50828 0
1741036079 50330 0
1741036081 50719 0
1741036083 50856 0
1741036085 50558 0
1741036087 50573 0
1741036089 50583 0
1741036091 50769 0
1741036093 50911 0
1741036095 51236 0
1741036097 50668 0
1741036099 50428 0
1741036101 50839 0
1741036103 50671 0
1741036105 50700 0
1741036107 50382 0
1741036109 50662 0
1741036111 50679 0
1741036113 50420 0
1741036115 50459 0
1741036117 50450 0
1741036119 50811 0
1741036121 50564 0
1741036123 50730 0
1741036125 50452 0
1741036127 50816 0
1741036129 50211 0
1741036131 50908 0
1741036133 50751 0
1741036135 50874 0
1741036137 50815 0
1741036139 50554 0
1741036141 50442 0
1741036143 50572 0
1741036145 50823 0
1741036147 50623 0
1741036149 50551 0
1741036151 50999 0
1741036153 50581 0
1741036155 50559 0
1741036157 50820 0
1741036159 50730 0
1741036161 50716 0
1741036163 50853 0
1741036165 50736 0
1741036167 50920 0
1741036169 50617 0
1741036171 50856 0
1741036173 50342 0
1741036175 50796 0
1741036177 50604 0
1741036179 50429 0
1741036181 50822 0
1741036183 50427 0
1741036185 50628 0
1741036187 50557 0
1741036189 50677 0
1741036191 50904 0
1741036193 50791 0
1741036196 50781 0
1741036198 50652 0
1741036200 50786 0
1741036202 50935 0
1741036204 51074 0
1741036206 51034 0
1741036208 50863 0
1741036210 50994 0
1741036212 50784 0
1741036214 50567 0
1741036216 50601 0
1741036218 50508 0
1741036220 50590 0
1741036222 51086 0
1741036224 50935 0
1741036226 50610 0
1741036228 50758 0
1741036230 50742 0
1741036232 50750 0
1741036234 50547 0
1741036236 50834 0
1741036238 50861 0
1741036240 50644 0
1741036242 50787 0
1741036244 50863 0
1741036246 51163 0
1741036248 50570 0
1741036250 50463 0
1741036252 50996 0
1741036254 50861 0
1741036256 50786 0
1741036258 50836 0
1741036260 50493 0
1741036262 50508 0
1741036264 50263 0
1741036266 50697 0
1741036268 51077 0
1741036270 50751 0
1741036272 50546 0
1741036274 50442 0
1741036276 50634 0
1741036278 50786 0
1741036280 50540 0
1741036282 50966 0
1741036284 50760 0
1741036286 50577 0
1741036288 50650 0
1741036290 51030 0
1741036292 50813 0
1741036294 50415 0
1741036296 50749 0
1741036298 50859 0
1741036300 50949 0
1741036302 50646 0
1741036304 50653 0
1741036306 50892 0
1741036308 50635 0
1741036310 51072 0
1741036312 50778 0
1741036314 50876 0
1741036316 50835 0
1741036318 50949 0
1741036320 50663 0
1741036322 50483 0
1741036324 50678 0
1741036326 50874 0
1741036328 51018 0
1741036330 50824 0
1741036332 50477 0
1741036334 50654 0
1741036336 50835 0
1741036338 50824 0
1741036340 50136 0
1741036342 50757 0
1741036344 50399 0
1741036346 50664 0
1741036348 50715 0
1741036350 50449 0
1741036352 50594 0
1741036354 50858 0
1741036356 50565 0
1741036358 50217 0
1741036360 50953 0
1741036362 50783 0
1741036364 50627 0
1741036366 50778 0
1741036368 50415 0
1741036370 51041 0
1741036372 50751 0
1741036374 50967 0
1741036376 50643 0
1741036378 50635 0
1741036380 50781 0
1741036382 50991 0
1741036384 50585 0
1741036386 50706 0
1741036388 50616 0
1741036390 50433 0
1741036392 50845 0
1741036394 50629 0
1741036396 50671 0
1741036398 50451 0
1741036400 50379 0
1741036402 50487 0
1741036404 50612 0
1741036406 50783 0
1741036408 50538 0
1741036410 50604 0
1741036412 50614 0
1741036414 50254 0
1741036416 51007 0
1741036418 50600 0
1741036420 50545 0
1741036422 50641 0
1741036424 50703 0
1741036426 50428 0
1741036428 50658 0
1741036430 50692 0
1741036432 50642 0
1741036434 50216 0
1741036436 50716 0
1741036438 50569 0
1741036440 50574 0
1741036442 50296 0
1741036444 50603 0
1741036446 50767 0
1741036448 50779 0
1741036450 50860 0
1741036452 50680 0
1741036454 50487 0
1741036456 50446 0
1741036458 50732 0
1741036460 50721 0
1741036462 50777 0
1741036464 50613 0
1741036466 50797 0
1741036468 50466 0
1741036471 50676 0
1741036473 51067 0
1741036475 50668 0
1741036477 50677 0
1741036479 50703 0
1741036481 50810 0
1741036483 50879 0
1741036485 50535 0
1741036487 50651 0
1741036489 50511 0
1741036491 50830 0
1741036493 50588 0
1741036495 50847 0
1741036497 50852 0
1741036499 50505 0
1741036501 50698 0
1741036503 50932 0
1741036505 50568 0
1741036507 50691 0
1741036509 50571 0
1741036511 51030 0
1741036513 50840 0
1741036515 50571 0
1741036517 50905 0
1741036519 50833 0
1741036521 50417 0
1741036523 50359 0
1741036525 50702 0
1741036527 50551 0
1741036529 50947 0
1741036531 50490 0
1741036533 50830 0
1741036535 50355 0
1741036537 50664 0
1741036539 50640 0
1741036541 50319 0
1741036543 50811 0
1741036545 50780 0
1741036547 50401 0
1741036549 50591 0
1741036551 50432 0
1741036553 50723 0
1741036555 50536 0
1741036557 50288 0
1741036559 50703 0
1741036561 50425 0
1741036563 50729 0
1741036565 50370 0
1741036567 50624 0
1741036569 50513 0
1741036571 50931 0
1741036573 50773 0
1741036575 51158 0
1741036577 50504 0
1741036579 50555 0
1741036581 50411 0
1741036583 50739 0
1741036585 50824 0
1741036587 50758 0
1741036589 50615 0
1741036591 50645 0
1741036593 50725 0
1741036595 50302 0
1741036597 50523 0
1741036599 50418 0
1741036601 50649 0
1741036603 50369 0
1741036605 50618 0
1741036607 50624 0
1741036609 50596 0
1741036611 50950 0
1741036613 50513 0
1741036615 49943 0
1741036617 50625 0
1741036619 50511 0
1741036621 50439 0
1741036623 50885 0
1741036625 50802 0
1741036627 50670 0
1741036629 50289 0
1741036631 50662 0
1741036633 50478 0
1741036635 50100 0
1741036637 51010 0
1741036639 50507 0
1741036641 50260 0
1741036643 50392 0
1741036645 50568 0
1741036647 50468 0
1741036649 50032 0
1741036651 50636 0
1741036653 50605 0
1741036655 49965 0
1741036657 50429 0
1741036659 50527 0
1741036661 50136 0
1741036663 50229 0
1741036665 50420 0
1741036667 50612 0
1741036669 50484 0
1741036671 50300 0
1741036673 50245 0
1741036675 50279 0
1741036677 50625 0
1741036679 50320 0
1741036681 50554 0
1741036683 50588 0
1741036685 50505 0
1741036687 50270 0
1741036689 50243 0
1741036691 50559 0
1741036693 50329 0
1741036695 50799 0
1741036697 50426 0
1741036699 50310 0
1741036701 50617 0
1741036703 50236 0
1741036705 50485 0
1741036707 50221 0
1741036709 50394 0
1741036711 49875 0
1741036713 50178 0
1741036715 49995 0
1741036717 50301 0
1741036719 50335 0
1741036721 50505 0
1741036723 50537 0
1741036725 50647 0
1741036727 50793 0
1741036729 50590 0
1741036731 50303 0
1741036733 50379 0
1741036735 50371 0
1741036737 50543 0
1741036739 50498 0
1741036741 50642 0
1741036743 50553 0
1741036745 50499 0
1741036747 50269 0
1741036749 50452 0
1741036751 50530 0
1741036753 50574 0
1741036755 50530 0
1741036757 50262 0
1741036759 50366 0
1741036761 50451 0
1741036763 50329 0
1741036766 50517 0
1741036768 50321 0
1741036770 50633 0
1741036772 50088 0
1741036774 50500 0
1741036776 50747 0
1741036778 50479 0
1741036780 51047 0
1741036782 50684 0
1741036784 50460 0
1741036786 50730 0
1741036788 50626 0
1741036790 50743 0
1741036792 50710 0
1741036794 50298 0
1741036796 50610 0
1741036798 50523 0
1741036800 50807 0
1741036802 50401 0
1741036804 50217 0
1741036806 50634 0
1741036808 50212 0
1741036810 50964 0
1741036812 50568 0
1741036814 50364 0
1741036816 50861 0
1741036818 50481 0
1741036820 50278 0
1741036822 50578 0
1741036824 50716 0
1741036826 50886 0
1741036828 50465 0
1741036830 50743 0
1741036832 50616 0
1741036834 50288 0
1741036836 50632 0
1741036838 50508 0
1741036840 50169 0
1741036842 50894 0
1741036844 50686 0
1741036846 50815 0
1741036848 50691 0
1741036850 50991 0
1741036852 50315 0
1741036854 50785 0
1741036856 50852 0
1741036858 50509 0
1741036860 50329 0
1741036862 50380 0
1741036864 50493 0
1741036866 50705 0
1741036868 50364 0
1741036870 50788 0
1741036872 50573 0
1741036874 50357 0
1741036876 50614 0
1741036878 50732 0
1741036880 50679 0
1741036882 50272 0
1741036884 50408 0
1741036886 50338 0
1741036888 50163 0
1741036890 50088 0
1741036892 50555 0
1741036894 50127 0
1741036896 50555 0
1741036898 50217 0
1741036900 50459 0
1741036902 50154 0
1741036904 50475 0
1741036906 50772 0
1741036908 50742 0
1741036910 50353 0
1741036912 50381 0
1741036914 50490 0
1741036916 50699 0
1741036918 50294 0
1741036920 50579 0
1741036922 50852 0
1741036924 50748 0
1741036926 50345 0
1741036928 50435 0
1741036930 50806 0
1741036932 50717 0
1741036934 50439 0
1741036936 50250 0
1741036938 50480 0
1741036940 50277 0
1741036942 50058 0
1741036944 50435 0
1741036946 50182 0
1741036948 50489 0
1741036950 50617 0
1741036952 50695 0
1741036954 49923 0
1741036956 50063 0
1741036958 50300 0
1741036960 50140 0
1741036962 50297 0
1741036964 50302 0
1741036966 50336 0
1741036968 50197 0
1741036970 50434 0
1741036972 50562 0
1741036974 50069 0
1741036976 50332 0
1741036978 50294 0
1741036980 50519 0
1741036982 49942 0
1741036984 50421 0
1741036986 50200 0
1741036988 50643 0
1741036990 50201 0
1741036992 50482 0
1741036994 50450 0
1741036996 50138 0
1741036998 50179 0
1741037000 50143 0
1741037002 50331 0
1741037004 50169 0
1741037006 50460 0
1741037008 50119 0
1741037010 50111 0
1741037012 50114 0
1741037014 50281 0
1741037016 50529 0
1741037018 50501 0
1741037020 50120 0
1741037022 50403 0
1741037024 50504 0
1741037026 50158 0
1741037028 50139 0
1741037030 50021 0
1741037032 49949 0
1741037034 50170 0
1741037036 49810 0
1741037038 50587 0
1741037040 50496 0
1741037042 50562 0
1741037044 50071 0
1741037046 50266 0
1741037048 50277 0
1741037050 50002 0
1741037052 50391 0
1741037054 50054 0
1741037056 50499 0
1741037058 50419 0
1741037060 50650 0
1741037062 50149 0
1741037064 50565 0
1741037066 50424 0
1741037068 50395 0
1741037070 50445 0
1741037072 49873 0
1741037074 49888 0
1741037076 50286 0
1741037078 50509 0
1741037081 50126 0
1741037083 50420 0
1741037085 50392 0
1741037087 50501 0
1741037089 50189 0
1741037091 50162 0
1741037093 50639 0
1741037095 50163 0
1741037097 50085 0
1741037099 49875 0
1741037101 50443 0
1741037103 50230 0
1741037105 50046 0
1741037107 50288 0
1741037109 50054 0
1741037111 50285 0
1741037113 50202 0
1741037115 50407 0
1741037117 50329 0
1741037119 50132 0
1741037121 50036 0
1741037123 50277 0
1741037125 50428 0
1741037127 50534 0
1741037129 50090 0
1741037131 50450 0
1741037133 50377 0
1741037135 50139 0
1741037137 49927 0
1741037139 49926 0
1741037141 50425 0
1741037143 50375 0
1741037145 50076 0
1741037147 50478 0
1741037149 50142 0
1741037151 50240 0
1741037153 50021 0
1741037155 49966 0
1741037157 50490 0
1741037159 50539 0
1741037161 50395 0
1741037163 50624 0
1741037165 50485 0
1741037167 50289 0
1741037169 50373 0
1741037171 50199 0
1741037173 50043 0
1741037175 50290 0
1741037177 50868 0
1741037179 50217 0
1741037181 50148 0
1741037183 50505 0
1741037185 50533 0
1741037187 50250 0
1741037189 49905 0
1741037191 50012 0
1741037193 50351 0
1741037195 50122 0
1741037197 50212 0
1741037199 50325 0
1741037201 50257 0
1741037203 50586 0
1741037205 50798 0
1741037207 50653 0
1741037209 50543 0
1741037211 50516 0
1741037213 49986 0
1741037215 50383 0
1741037217 50644 0
1741037219 50347 0
1741037221 50283 0
1741037223 50037 0
1741037225 50463 0
1741037227 50231 0
1741037229 50167 0
1741037231 50600 0
1741037233 49941 0
1741037235 50390 0
1741037237 50380 0
1741037239 50647 0
1741037241 50078 0
1741037243 50255 0
1741037245 50166 0
1741037247 50509 0
1741037249 50131 0
1741037251 50097 0
1741037253 50088 0
1741037255 50128 0
1741037257 50243 0
1741037259 50659 0
1741037261 50211 0
1741037263 50157 0
1741037265 50172 0
1741037267 49882 0
1741037269 49979 0
1741037271 50546 0
1741037273 50330 0
1741037275 50448 0
1741037277 50452 0
1741037279 50640 0
1741037281 50484 0
1741037283 50162 0
1741037285 50230 0
1741037287 50407 0
1741037289 50171 0
1741037291 50337 0
1741037293 50064 0
1741037295 50217 0
1741037297 50261 0
1741037299 50183 0
1741037301 50253 0
1741037303 50361 0
1741037305 50044 0
1741037307 50361 0
1741037309 50355 0
1741037311 50322 0
1741037313 50287 0
1741037315 50459 0
1741037317 50161 0
1741037319 50473 0
1741037321 50066 0
1741037323 50552 0
1741037325 50692 0
1741037327 50463 0
1741037329 50112 0
1741037331 50150 0
1741037333 50261 0
1741037335 50108 0
1741037337 50227 0
1741037339 50150 0
1741037341 50139 0
1741037343 50017 0
1741037345 50223 0
1741037347 50241 0
1741037349 50152 0
1741037351 50146 0
1741037353 50116 0
1741037355 49774 0
1741037357 50156 0
1741037359 50101 0
1741037361 50246 0
1741037363 50200 0
1741037365 50164 0
1741037367 50438 0
1741037369 49927 0
1741037371 50679 0
1741037373 49787 0
1741037375 50296 0
1741037377 50159 0
1741037379 49911 0
1741037381 50128 0
1741037383 50280 0
1741037385 50381 0
1741037387 50280 0
1741037389 50484 0
1741037392 49888 0
1741037394 50143 0
1741037396 50597 0
1741037398 50302 0
1741037400 50475 0
1741037402 50617 0
1741037404 50348 0
1741037406 50328 0
1741037408 50649 0
1741037410 50315 0
1741037412 50351 0
1741037414 50223 0
1741037416 50212 0
1741037418 50400 0
1741037420 49941 0
1741037422 50263 0
1741037424 50592 0
1741037426 50265 0
1741037428 50475 0
1741037430 50208 0
1741037432 50370 0
1741037434 50194 0
1741037436 50222 0
1741037438 50208 0
1741037440 50367 0
1741037442 50585 0
1741037444 50183 0
1741037446 50306 0
1741037448 50639 0
1741037450 50638 0
1741037452 50394 0
1741037454 50439 0
1741037456 50110 0
1741037458 50349 0
1741037460 50459 0
1741037462 50576 0
1741037464 50231 0
1741037466 50237 0
1741037468 50308 0
1741037470 50137 0
1741037472 49898 0
1741037474 50045 0
1741037476 49768 0
1741037478 50160 0
1741037480 50225 0
1741037482 50368 0
1741037484 50174 0
1741037486 50577 0
1741037488 50622 0
1741037490 50213 0
1741037492 50135 0
1741037494 50091 0
1741037496 50422 0
1741037498 50460 0
1741037500 50031 0
1741037502 50317 0
1741037504 50075 0
1741037506 50363 0
1741037508 49841 0
1741037510 49970 0
1741037512 49666 0
1741037514 49928 0
1741037516 49958 0
1741037518 49776 0
1741037520 49946 0
1741037522 49806 0
1741037524 49643 0
1741037526 49801 0
1741037528 50061 0
1741037530 50010 0
1741037532 50033 0
1741037534 49995 0
1741037536 49916 0
1741037538 49452 0
1741037540 49897 0
1741037542 49906 0
1741037544 49972 0
1741037546 50039 0
1741037548 49764 0
1741037550 49560 0
1741037552 49976 0
1741037554 49960 0
1741037556 49708 0
1741037558 49711 0
1741037560 49898 0
1741037562 49863 0
1741037564 49873 0
1741037566 49722 0
1741037568 49529 0
1741037570 50064 0
1741037572 50195 0
1741037574 50083 0
1741037576 49556 0
1741037578 49915 0
1741037580 49882 0
1741037582 49485 0
1741037584 49580 0
1741037586 49519 0
1741037588 49861 0
1741037590 49883 0
1741037592 49634 0
1741037594 49952 0
1741037596 49778 0
1741037598 49824 0
1741037600 49966 0
1741037602 49600 0
1741037604 49476 0
1741037606 49593 0
1741037608 49600 0
1741037610 49889 0
1741037612 49721 0
1741037614 49575 0
1741037616 49598 0
1741037618 49779 0
1741037620 50129 0
1741037622 49943 0
1741037624 49404 0
1741037626 50122 0
1741037628 50451 0
1741037630 50627 0
1741037632 49994 0
1741037634 49587 0
1741037636 50086 0
1741037638 50258 0
1741037640 49654 0
1741037642 49627 0
1741037644 49759 0
1741037646 50074 0
1741037648 50029 0
1741037650 49930 0
1741037652 49967 0
1741037654 49996 0
1741037656 49598 0
1741037658 49681 0
1741037660 50082 0
1741037662 50178 0
1741037664 50398 0
1741037666 50182 0
1741037668 50016 0
1741037670 50181 0
1741037672 50267 0
1741037674 50051 0
1741037676 50320 0
1741037678 50209 0
1741037680 49932 0
1741037682 50054 0
1741037684 50304 0
1741037686 50039 0
1741037688 50149 0
1741037690 50112 0
1741037692 50140 0
1741037694 49986 0
1741037696 50272 0
1741037698 49902 0
1741037700 50257 0
1741037702 50186 0
1741037704 50115 0
1741037707 50130 0
1741037709 50094 0
1741037711 50280 0
1741037713 49953 0
1741037715 50141 0
1741037717 50061 0
1741037719 50027 0
1741037721 49830 0
1741037723 50604 0
1741037725 50282 0
1741037727 49811 0
1741037729 50430 0
1741037731 50208 0
1741037733 50356 0
1741037735 50093 0
1741037737 50089 0
1741037739 49860 0
1741037741 50259 0
1741037743 50163 0
1741037745 49897 0
1741037747 50373 0
1741037749 50137 0
1741037751 50061 0
1741037753 50091 0
1741037755 50279 0
1741037757 49692 0
1741037759 50032 0
1741037761 50373 0
1741037763 50113 0
1741037765 49948 0
1741037767 49773 0
1741037769 50287 0
1741037771 50254 0
1741037773 50694 0
1741037775 50582 0
1741037777 50142 0
1741037779 49831 0
1741037781 50198 0
1741037783 49902 0
1741037785 50387 0
1741037787 50435 0
1741037789 50321 0
1741037791 50156 0
1741037793 49993 0
1741037795 50220 0
1741037797 50290 0
1741037799 50565 0
1741037801 50231 0
1741037803 50167 0
1741037805 50131 0
1741037807 50142 0
1741037809 50099 0
1741037811 50442 0
1741037813 50202 0
1741037815 50248 0
1741037817 50087 0
1741037819 50294 0
1741037821 50455 0
1741037823 50094 0
1741037825 50336 0
1741037827 50121 0
1741037829 49979 0
1741037831 50079 0
1741037833 50561 0
1741037835 50470 0
1741037837 50143 0
1741037839 50205 0
1741037841 50253 0
1741037843 50231 0
1741037845 50118 0
1741037847 50085 0
1741037849 50038 0
1741037851 50275 0
1741037853 49947 0
1741037855 50086 0
1741037857 50324 0
1741037859 50246 0
1741037861 50559 0
1741037863 49859 0
1741037865 50053 0
1741037867 49947 0
1741037869 50113 0
1741037871 50046 0
1741037873 49997 0
1741037875 49954 0
1741037877 50465 0
1741037879 50034 0
1741037881 50303 0
1741037883 50126 0
1741037885 50235 0
1741037887 50408 0
1741037889 50308 0
1741037891 50393 0
1741037893 50573 0
1741037895 50447 0
1741037897 50354 0
1741037899 50136 0
1741037901 50289 0
1741037903 50334 0
1741037905 50140 0
1741037907 50261 0
1741037909 50501 0
1741037911 49774 0
1741037913 50016 0
1741037915 49960 0
1741037917 50331 0
1741037919 50257 0
1741037921 50586 0
1741037923 50631 0
1741037925 50089 0
1741037927 50088 0
1741037929 50058 0
1741037931 50269 0
1741037933 50142 0
1741037935 50549 0
1741037937 50853 0
1741037939 50181 0
1741037941 50268 0
1741037943 49964 0
1741037945 49986 0
1741037947 50132 0
1741037949 50181 0
1741037951 49990 0
1741037953 50035 0
1741037955 50444 0
1741037957 50385 0
1741037959 50234 0
1741037961 50180 0
1741037963 50289 0
1741037965 50388 0
1741037967 50517 0
1741037969 50168 0
1741037971 50304 0
1741037973 49909 0
1741037975 50384 0
1741037977 50282 0
1741037979 50130 0
1741037981 49933 0
1741037983 50030 0
1741037985 49763 0
1741037987 50331 0
1741037989 50220 0
1741037991 49875 0
1741037993 50184 0
1741037995 50287 0
1741037997 50146 0
1741037999 50560 0
1741038001 50218 0
1741038003 50156 0
1741038005 50644 0
1741038007 50293 0
1741038009 50273 0
1741038011 50191 0
1741038013 50723 0
1741038015 50619 0
1741038017 50273 0
1741038020 50333 0
1741038022 50434 0
1741038024 50181 0
1741038026 50407 0
1741038028 50094 0
1741038030 50360 0
1741038032 50460 0
1741038034 49986 0
1741038036 50546 0
1741038038 50309 0
1741038040 50365 0
1741038042 50365 0
1741038044 50039 0
1741038046 50124 0
1741038048 49903 0
1741038050 50259 0
1741038052 50656 0
1741038054 50185 0
1741038056 50524 0
1741038058 50424 0
1741038060 50196 0
1741038062 50237 0
1741038064 50089 0
1741038066 50214 0
1741038068 50224 0
1741038070 50325 0
1741038072 49970 0
1741038074 50575 0
1741038076 49825 0
1741038078 50343 0
1741038080 50298 0
1741038082 49945 0
1741038084 50359 0
1741038086 50085 0
1741038088 50161 0
1741038090 50502 0
1741038092 50467 0
1741038094 50237 0
1741038096 50350 0
1741038098 50127 0
1741038100 50487 0
1741038102 49836 0
1741038104 50387 0
1741038106 50268 0
1741038108 50116 0
1741038110 49946 0
1741038112 49846 0
1741038114 50303 0
1741038116 50235 0
1741038118 49942 0
1741038120 50385 0
1741038122 50683 0
1741038124 50121 0
1741038126 50244 0
1741038128 50458 0
1741038130 49998 0
1741038132 50283 0
1741038134 50284 0
1741038136 50223 0
1741038138 50081 0
1741038140 50224 0
1741038142 49807 0
1741038144 49919 0
1741038146 49922 0
1741038148 50488 0
1741038150 50176 0
1741038152 49934 0
1741038154 49891 0
1741038156 49952 0
1741038158 50083 0
1741038160 49969 0
1741038162 50092 0
1741038164 50211 0
1741038166 49700 0
1741038168 50140 0
1741038170 50111 0
1741038172 49839 0
1741038174 50188 0
1741038176 50235 0
1741038178 50330 0
1741038180 49830 0
1741038182 49955 0
1741038184 50340 0
1741038186 49848 0
1741038188 50125 0
1741038190 49976 0
1741038192 50053 0
1741038194 49992 0
1741038196 49859 0
1741038198 49601 0
1741038200 49988 0
1741038202 50138 0
1741038204 49988 0
1741038206 49985 0
1741038208 50428 0
1741038210 50055 0
1741038212 50049 0
1741038214 49835 0
1741038216 50034 0
1741038218 50348 0
1741038220 49916 0
1741038222 50085 0
1741038224 49684 0
1741038226 49949 0
1741038228 49921 0
1741038230 49863 0
1741038232 49747 0
1741038234 50116 0
1741038236 50110 0
1741038238 50268 0
1741038240 50225 0
1741038242 50023 0
1741038244 49980 0
1741038246 50038 0
1741038248 49848 0
1741038250 50323 0
1741038252 50202 0
1741038254 50145 0
1741038256 50198 0
1741038258 50084 0
1741038260 50010 0
1741038262 50047 0
1741038264 50123 0
1741038266 50144 0
1741038268 49903 0
1741038270 50239 0
1741038272 49787 0
1741038274 50260 0
1741038276 50105 0
1741038278 50262 0
1741038280 49783 0
1741038282 50271 0
1741038284 50236 0
1741038286 50292 0
1741038288 49970 0
1741038290 50146 0
1741038292 49850 0
1741038294 49905 0
1741038296 50383 0
1741038298 50171 0
1741038300 49820 0
1741038302 50013 0
1741038304 49811 0
1741038306 50270 0
1741038308 49944 0
1741038310 50149 0
1741038312 49945 0
1741038314 50147 0
1741038316 50179 0
1741038318 49745 0
1741038320 49817 0
1741038322 50025 0
1741038324 50425 0
1741038326 49915 0
1741038328 50086 0
1741038330 49957 0
1741038332 49841 0
1741038335 49781 0
1741038337 50061 0
1741038339 50031 0
1741038341 49977 0
1741038343 49919 0
1741038345 49870 0
1741038347 50281 0
1741038349 49932 0
1741038351 50151 0
1741038353 49601 0
1741038355 50000 0
1741038357 49794 0
1741038359 49903 0
1741038361 49797 0
1741038363 50018 0
1741038365 50243 0
1741038367 50060 0
1741038369 50001 0
1741038371 50109 0
1741038373 49960 0
1741038375 49680 0
1741038377 49886 0
1741038379 50163 0
1741038381 50026 0
1741038383 50022 0
1741038385 49941 0
1741038387 50193 0
1741038389 50001 0
1741038391 50097 0
1741038393 49967 0
1741038395 49842 0
1741038397 49997 0
1741038399 50153 0
1741038401 49907 0
1741038403 49779 0
1741038405 49980 0
1741038407 50033 0
1741038409 50320 0
1741038411 50209 0
1741038413 50025 0
1741038415 50217 0
1741038417 49953 0
1741038419 50075 0
1741038421 49955 0
1741038423 50041 0
1741038425 50119 0
1741038427 50018 0
1741038429 49848 0
1741038431 49979 0
1741038433 49904 0
1741038435 49670 0
1741038437 50015 0
1741038439 49889 0
1741038441 49932 0
1741038443 49953 0
1741038445 49622 0
1741038447 49931 0
1741038449 50037 0
1741038451 49500 0
1741038453 50031 0
1741038455 50098 0
1741038457 49788 0
1741038459 49912 0
1741038461 50075 0
1741038463 49853 0
1741038465 49795 0
1741038467 49857 0
1741038469 49980 0
1741038471 50075 0
1741038473 49902 0
1741038475 50024 0
1741038477 49974 0
1741038479 50110 0
1741038481 50007 0
1741038483 49668 0
1741038485 49727 0
1741038487 49883 0
1741038489 49993 0
1741038491 50203 0
1741038493 49938 0
1741038495 50189 0
1741038497 49655 0
1741038499 50135 0
1741038501 50391 0
1741038503 49835 0
1741038505 50236 0
1741038507 50076 0
1741038509 49744 0
1741038511 50212 0
1741038513 50370 0
1741038515 50233 0
1741038517 49956 0
1741038519 50413 0
1741038521 50182 0
1741038523 50350 0
1741038525 50158 0
1741038527 49785 0
1741038529 49780 0
1741038531 50273 0
1741038533 49905 0
1741038535 50025 0
1741038537 50023 0
1741038539 50356 0
1741038541 49932 0
1741038543 50517 0
1741038545 50268 0
1741038547 50143 0
1741038549 50275 0
1741038551 49838 0
1741038553 50218 0
1741038555 50166 0
1741038557 50516 0
1741038559 50120 0
1741038561 50133 0
1741038563 50182 0
1741038565 49864 0
1741038567 50114 0
1741038569 49908 0
1741038571 49902 0
1741038573 49894 0
1741038575 50076 0
1741038577 49884 0
1741038579 50205 0
1741038581 49858 0
1741038583 49758 0
1741038585 49919 0
1741038587 50138 0
1741038589 49942 0
1741038591 49666 0
1741038593 49835 0
1741038595 49941 0
1741038597 50259 0
1741038599 50167 0
1741038601 50134 0
1741038603 49940 0
1741038605 50149 0
1741038607 49678 0
1741038609 49957 0
1741038611 50122 0
1741038613 50281 0
1741038615 49981 0
1741038617 50397 0
1741038619 50429 0
1741038621 50296 0
1741038623 50384 0
1741038625 49988 0
1741038627 49858 0
1741038629 49892 0
1741038631 50099 0
1741038633 50434 0
1741038635 50391 0
1741038637 50009 0
1741038640 50190 0
1741038642 50021 0
1741038644 50447 0
1741038646 49759 0
1741038648 50311 0
1741038650 50104 0
1741038652 50144 0
1741038654 50257 0
1741038656 49745 0
1741038658 50335 0
1741038660 50287 0
1741038662 50337 0
1741038664 50267 0
1741038666 49872 0
1741038668 49865 0
1741038670 50519 0
1741038672 50084 0
1741038674 50360 0
1741038676 49894 0
1741038678 49861 0
1741038680 49972 0
1741038682 49755 0
1741038684 49996 0
1741038686 49585 0
1741038688 49900 0
1741038690 50105 0
1741038692 49724 0
1741038694 50234 0
1741038696 49819 0
1741038698 50368 0
1741038700 50083 0
1741038702 50026 0
1741038704 50441 0
1741038706 50041 0
1741038708 50223 0
1741038710 50125 0
1741038712 50028 0
1741038714 49964 0
1741038716 49808 0
1741038718 50308 0
1741038720 49984 0
1741038722 49371 0
1741038724 50241 0
1741038726 49833 0
1741038728 50250 0
1741038730 50355 0
1741038732 50348 0
1741038734 50091 0
1741038736 49902 0
1741038738 50248 0
1741038740 49943 0
1741038742 50225 0
1741038744 50332 0
1741038746 50007 0
1741038748 50017 0
1741038750 49698 0
1741038752 49788 0
1741038754 50008 0
1741038756 50154 0
1741038758 50393 0
1741038760 49808 0
1741038762 50015 0
1741038764 49881 0
1741038766 49935 0
1741038768 49965 0
1741038770 50253 0
1741038772 50113 0
1741038774 50115 0
1741038776 50020 0
1741038778 49876 0
1741038780 49990 0
1741038782 50089 0
1741038784 50087 0
1741038786 49998 0
1741038788 50137 0
1741038790 50177 0
1741038792 49888 0
1741038794 49478 0
1741038796 49920 0
1741038798 49798 0
1741038800 49974 0
1741038802 50010 0
1741038804 49799 0
1741038806 49806 0
1741038808 50157 0
1741038810 49894 0
1741038812 49960 0
1741038814 49847 0
1741038816 49597 0
1741038818 49810 0
1741038820 49753 0
1741038822 49847 0
1741038824 49997 0
1741038826 49748 0
1741038828 49549 0
1741038830 50022 0
1741038832 49682 0
1741038834 50028 0
1741038836 49779 0
1741038838 50089 0
1741038840 49953 0
1741038842 49915 0
1741038844 50127 0
1741038846 50103 0
1741038848 49933 0
1741038850 49910 0
1741038852 49949 0
1741038854 50015 0
1741038856 50127 0
1741038858 49961 0
1741038860 50151 0
1741038862 49943 0
1741038864 50019 0
1741038866 49828 0
1741038868 50088 0
1741038870 49885 0
1741038872 49940 0
1741038874 49796 0
1741038876 50165 0
1741038878 50318 0
1741038880 50117 0
1741038882 50083 0
1741038884 49975 0
1741038886 50544 0
1741038888 49903 0
1741038890 49980 0
1741038892 50246 0
1741038894 50021 0
1741038896 50079 0
1741038898 50087 0
1741038900 49857 0
1741038902 49835 0
1741038904 50189 0
1741038906 50080 0
1741038908 49984 0
1741038910 50069 0
1741038912 50208 0
1741038914 50160 0
1741038916 50603 0
1741038918 50058 0
1741038920 50105 0
1741038922 50095 0
1741038924 50146 0
1741038926 50009 0
1741038928 50376 0
1741038930 49627 0
1741038932 49723 0
1741038934 49706 0
1741038936 49914 0
1741038938 49775 0
1741038940 50000 0
1741038942 50038 0
1741038944 49801 0
1741038946 50216 0
1741038948 50071 0
1741038950 50027 0
1741038952 49634 0
1741038955 49636 0
1741038957 49762 0
1741038959 50523 0
1741038961 50144 0
1741038963 50020 0
1741038965 50049 0
1741038967 50077 0
1741038969 50333 0
1741038971 49643 0
1741038973 50072 0
1741038975 50225 0
1741038977 49962 0
1741038979 50031 0
1741038981 50184 0
1741038983 50009 0
1741038985 50197 0
1741038987 50346 0
1741038989 50495 0
1741038991 49981 0
1741038993 49884 0
1741038995 50043 0
1741038997 49835 0
1741038999 50232 0
1741039001 49952 0
1741039003 50102 0
1741039005 49992 0
1741039007 50094 0
1741039009 50061 0
1741039011 50164 0
1741039013 50067 0
1741039015 50116 0
1741039017 49955 0
1741039019 50214 0
1741039021 50018 0
1741039023 49851 0
1741039025 49867 0
1741039027 49901 0
1741039029 49735 0
1741039031 49804 0
1741039033 50055 0
1741039035 50320 0
1741039037 49920 0
1741039039 50039 0
1741039041 50117 0
1741039043 50291 0
1741039045 50470 0
1741039047 49858 0
1741039049 50209 0
1741039051 50195 0
1741039053 49885 0
1741039055 49801 0
1741039057 50022 0
1741039059 50019 0
1741039061 49668 0
1741039063 50037 0
1741039065 49660 0
1741039067 50070 0
1741039069 49966 0
1741039071 50111 0
1741039073 49935 0
1741039075 49799 0
1741039077 49679 0
1741039079 49835 0
1741039081 49954 0
1741039083 50011 0
1741039085 49773 0
1741039087 49955 0
1741039089 49972 0
1741039091 49874 0
1741039093 50099 0
1741039095 50059 0
1741039097 50104 0
1741039099 49999 0
1741039101 49873 0
1741039103 49937 0
1741039105 50504 0
1741039107 49876 0
1741039109 50283 0
1741039111 50353 0
1741039113 49971 0
1741039115 49995 0
1741039117 49951 0
1741039119 50005 0
1741039121 50192 0
1741039123 49855 0
1741039125 50058 0
1741039127 50148 0
1741039129 49943 0
1741039131 49951 0
1741039133 50120 0
1741039135 50291 0
1741039137 50049 0
1741039139 49627 0
1741039141 49721 0
1741039143 50036 0
1741039145 50095 0
1741039147 50071 0
1741039149 49882 0
1741039151 50055 0
1741039153 49931 0
1741039155 49992 0
1741039157 50158 0
1741039159 49961 0
1741039161 50100 0
1741039163 49818 0
1741039165 49748 0
1741039167 49746 0
1741039169 50245 0
1741039171 50025 0
1741039173 49956 0
1741039175 50473 0
1741039177 49991 0
1741039179 50361 0
1741039181 49929 0
1741039183 50223 0
1741039185 49744 0
1741039187 49993 0
1741039189 49793 0
1741039191 50022 0
1741039193 50056 0
1741039195 49967 0
1741039197 49880 0
1741039199 49919 0
1741039201 50084 0
1741039203 50417 0
1741039205 50166 0
1741039207 50483 0
1741039209 50132 0
1741039211 50104 0
1741039213 50141 0
1741039215 50319 0
1741039217 50142 0
1741039219 50085 0
1741039221 50041 0
1741039223 50208 0
1741039225 50045 0
1741039227 50159 0
1741039229 49948 0
1741039231 50001 0
1741039233 50384 0
1741039235 49931 0
1741039237 50117 0
1741039239 50218 0
1741039241 50169 0
1741039243 50568 0
1741039245 49732 0
1741039247 49991 0
1741039249 49687 0
1741039251 50097 0
1741039253 49744 0
1741039255 50175 0
1741039257 49634 0
1741039259 49957 0
1741039261 49841 0
1741039263 49991 0
1741039266 49973 0
1741039268 50224 0
1741039270 50155 0
1741039272 50258 0
1741039274 49638 0
1741039276 50067 0
1741039278 50259 0
1741039280 50148 0
1741039282 50273 0
1741039284 49828 0
1741039286 50324 0
1741039288 49885 0
1741039290 49747 0
1741039292 49947 0
1741039294 50322 0
1741039296 50217 0
1741039298 49964 0
1741039300 49872 0
1741039302 50326 0
1741039304 50029 0
1741039306 50134 0
1741039308 50087 0
1741039310 49637 0
1741039312 49708 0
1741039314 50016 0
1741039316 49818 0
1741039318 49649 0
1741039320 49995 0
1741039322 49951 0
1741039324 49816 0
1741039326 50178 0
1741039328 50016 0
1741039330 50218 0
1741039332 50127 0
1741039334 50208 0
1741039336 49727 0
1741039338 50395 0
1741039340 50183 0
1741039342 50234 0
1741039344 50139 0
1741039346 49995 0
1741039348 50390 0
1741039350 50531 0
1741039352 50257 0
1741039354 50171 0
1741039356 50421 0
1741039358 50126 0
1741039360 50336 0
1741039362 49977 0
1741039364 50206 0
1741039366 50228 0
1741039368 50206 0
1741039370 50448 0
1741039372 49863 0
1741039374 50284 0
1741039376 49822 0
1741039378 49791 0
1741039380 49787 0
1741039382 50351 0
1741039384 49941 0
1741039386 49930 0
1741039388 49854 0
1741039390 50125 0
1741039392 50226 0
1741039394 50137 0
1741039396 50368 0
1741039398 50309 0
1741039400 50347 0
1741039402 50302 0
1741039404 50422 0
1741039406 50014 0
1741039408 50157 0
1741039410 49825 0
1741039412 50494 0
1741039414 50415 0
1741039416 49977 0
1741039418 50363 0
1741039420 49938 0
1741039422 50152 0
1741039424 50026 0
1741039426 50120 0
1741039428 50204 0
1741039430 50012 0
1741039432 49644 0
1741039434 50038 0
1741039436 50017 0
1741039438 50104 0
1741039440 49839 0
1741039442 50155 0
1741039444 50046 0
1741039446 50061 0
1741039448 50016 0
1741039450 49975 0
1741039452 50276 0
1741039454 50116 0
1741039456 50285 0
1741039458 50126 0
1741039460 50194 0
1741039462 49862 0
1741039464 50482 0
1741039466 50246 0
1741039468 50250 0
1741039470 50169 0
1741039472 49837 0
1741039474 50217 0
1741039476 50252 0
1741039478 50205 0
1741039480 50407 0
1741039482 50115 0
1741039484 50639 0
1741039486 50456 0
1741039488 50265 0
1741039490 49971 0
1741039492 50016 0
1741039494 50393 0
1741039496 49913 0
1741039498 49769 0
1741039500 49994 0
1741039502 50066 0
1741039504 49778 0
1741039506 50285 0
1741039508 49946 0
1741039510 50167 0
1741039512 49901 0
1741039514 50010 0
1741039516 49906 0
1741039518 49958 0
1741039520 50335 0
1741039522 50154 0
1741039524 50315 0
1741039526 50174 0
1741039528 50133 0
1741039530 50072 0
1741039532 49957 0
1741039534 49765 0
1741039536 50103 0
1741039538 50139 0
1741039540 50508 0
1741039542 50273 0
1741039544 50006 0
1741039546 49972 0
1741039548 50084 0
1741039550 50313 0
1741039552 49960 0
1741039554 50227 0
1741039556 49767 0
1741039558 50242 0
1741039560 50251 0
1741039562 50345 0
1741039564 49896 0
1741039566 50325 0
1741039568 50406 0
1741039570 49859 0
1741039572 49979 0
1741039574 49838 0
1741039576 50367 0
1741039579 50385 0
1741039581 50087 0
1741039583 50245 0
1741039585 49890 0
1741039587 49996 0
1741039589 49927 0
1741039591 50450 0
1741039593 50139 0
1741039595 49926 0
1741039597 50415 0
1741039599 50149 0
1741039601 50527 0
1741039603 50218 0
1741039605 50194 0
1741039607 49899 0
1741039609 50264 0
1741039611 50522 0
1741039613 50026 0
1741039615 50350 0
1741039617 50175 0
1741039619 50532 0
1741039621 49761 0
1741039623 50076 0
1741039625 49828 0
1741039627 49871 0
1741039629 50098 0
1741039631 50283 0
1741039633 50242 0
1741039635 50163 0
1741039637 49948 0
1741039639 50036 0
1741039641 50035 0
1741039643 50069 0
1741039645 50183 0
1741039647 50345 0
1741039649 50245 0
1741039651 50113 0
1741039653 49963 0
1741039655 50014 0
1741039657 50099 0
1741039659 50196 0
1741039661 50279 0
1741039663 50540 0
1741039665 50107 0
1741039667 50029 0
1741039669 50110 0
1741039671 50122 0
1741039673 50264 0
1741039675 49879 0
1741039677 49989 0
1741039679 49808 0
1741039681 50305 0
1741039683 50287 0
1741039685 49889 0
1741039687 50203 0
1741039689 50249 0
1741039691 50122 0
1741039693 50225 0
1741039695 50041 0
1741039697 50166 0
1741039699 50206 0
1741039701 50012 0
1741039703 50584 0
1741039705 50164 0
1741039707 50017 0
1741039709 50022 0
1741039711 50396 0
1741039713 49783 0
1741039715 50387 0
1741039717 50750 0
1741039719 50444 0
1741039721 50551 0
1741039723 50611 0
1741039725 50178 0
1741039727 50208 0
1741039729 50225 0
1741039731 50423 0
1741039733 50226 0
1741039735 50220 0
1741039737 50333 0
1741039739 50251 0
1741039741 49867 0
1741039743 50159 0
1741039745 49411 0
1741039747 50214 0
1741039749 50337 0
1741039751 50151 0
1741039753 50373 0
1741039755 50192 0
1741039757 50359 0
1741039759 50330 0
1741039761 50343 0
1741039763 49955 0
1741039765 50454 0
1741039767 50486 0
1741039769 50192 0
1741039771 50364 0
1741039773 50162 0
1741039775 50263 0
1741039777 50500 0
1741039779 50057 0
1741039781 50126 0
1741039783 50417 0
1741039785 50186 0
1741039787 50240 0
1741039789 49893 0
1741039791 50085 0
1741039793 50205 0
1741039795 49925 0
1741039797 50488 0
1741039799 50305 0
1741039801 50558 0
1741039803 50120 0
1741039805 50483 0
1741039807 50563 0
1741039809 50320 0
1741039811 50580 0
1741039813 50602 0
1741039815 50422 0
1741039817 50744 0
1741039819 50533 0
1741039821 50353 0
1741039823 50541 0
1741039825 50565 0
1741039827 50149 0
1741039829 50329 0
1741039831 50496 0
1741039833 50206 0
1741039835 50653 0
1741039837 50768 0
1741039839 50337 0
1741039841 50811 0
1741039843 50544 0
1741039845 50491 0
1741039847 50409 0
1741039849 50015 0
1741039851 50355 0
1741039853 50284 0
1741039855 50488 0
1741039857 50426 0
1741039859 50021 0
1741039861 50925 0
1741039863 50718 0
1741039865 50409 0
1741039867 50586 0
1741039869 50102 0
1741039871 50236 0
1741039873 50666 0
1741039875 50444 0
1741039877 50332 0
1741039879 50250 0
1741039881 50354 0
1741039883 50140 0
1741039885 50163 0
1741039887 50512 0
1741039889 50348 0
1741039892 50218 0
1741039894 50435 0
1741039896 50517 0
1741039898 50268 0
1741039900 50288 0
1741039902 50092 0
1741039904 50387 0
1741039906 50392 0
1741039908 50613 0
1741039910 50291 0
1741039912 50113 0
1741039914 50240 0
1741039916 50527 0
1741039918 50609 0
1741039920 50388 0
1741039922 50027 0
1741039924 50334 0
1741039926 50007 0
1741039928 50653 0
1741039930 49996 0
1741039932 50239 0
1741039934 50404 0
1741039936 50298 0
1741039938 50218 0
1741039940 50434 0
1741039942 50473 0
1741039944 50302 0
1741039946 50689 0
1741039948 50146 0
1741039950 50285 0
1741039952 50324 0
1741039954 50541 0
1741039956 50475 0
1741039958 50478 0
1741039960 50544 0
1741039962 50707 0
1741039964 50461 0
1741039966 50381 0
1741039968 50029 0
1741039970 50252 0
1741039972 50228 0
1741039974 50329 0
1741039976 50244 0
1741039978 50143 0
1741039980 50232 0
1741039982 50053 0
1741039984 50279 0
1741039986 50525 0
1741039988 50267 0
1741039990 50307 0
1741039992 50516 0
1741039994 50521 0
1741039996 50300 0
1741039998 50073 0
1741040000 50626 0
1741040002 50078 0
1741040004 50079 0
1741040006 49951 0
1741040008 49888 0
1741040010 50205 0
1741040012 50185 0
1741040014 50242 0
1741040016 50277 0
1741040018 50252 0
1741040020 50201 0
1741040022 49801 0
1741040024 50411 0
1741040026 50495 0
1741040028 50093 0
1741040030 50038 0
1741040032 50115 0
1741040034 50122 0
1741040036 50232 0
1741040038 50055 0
1741040040 50091 0
1741040042 50226 0
1741040044 50266 0
1741040046 50042 0
1741040048 50365 0
1741040050 50174 0
1741040052 50598 0
1741040054 50495 0
1741040056 50587 0
1741040058 50240 0
1741040060 50133 0
1741040062 50446 0
1741040064 50416 0
1741040066 50112 0
1741040068 50245 0
1741040070 50091 0
1741040072 50262 0
1741040074 49982 0
1741040076 50492 0
1741040078 50232 0
1741040080 50327 0
1741040082 50051 0
1741040084 50513 0
1741040086 50199 0
1741040088 50304 0
1741040090 50348 0
1741040092 50281 0
1741040094 50185 0
1741040096 49843 0
1741040098 50221 0
1741040100 49921 0
1741040102 50234 0
1741040104 50323 0
1741040106 50412 0
1741040108 50285 0
1741040110 50300 0
1741040112 50085 0
1741040114 49995 0
1741040116 50409 0
1741040118 50240 0
1741040120 50660 0
1741040122 50164 0
1741040124 50238 0
1741040126 50204 0
1741040128 50234 0
1741040130 50319 0
1741040132 50562 0
1741040134 50175 0
1741040136 50241 0
1741040138 50061 0
1741040140 50144 0
1741040142 50364 0
1741040144 50232 0
1741040146 50393 0
1741040148 49879 0
1741040150 50321 0
1741040152 50173 0
1741040154 50222 0
1741040156 50395 0
1741040158 50457 0
1741040160 50116 0
1741040162 50456 0
1741040164 50249 0
1741040166 50233 0
1741040168 50730 0
1741040170 50471 0
1741040172 51063 0
1741040174 50323 0
1741040176 50219 0
1741040178 50127 0
1741040180 50223 0
1741040182 50471 0
1741040184 50477 0
1741040186 50716 0
1741040188 50683 0
1741040190 50375 0
1741040192 50448 0
1741040194 50161 0
1741040196 49997 0
1741040198 50703 0
1741040200 50262 0
1741040202 50404 0
1741040205 50299 0
1741040207 50183 0
1741040209 50438 0
1741040211 50521 0
1741040213 49873 0
1741040215 49549 0
1741040217 49353 0
1741040219 49623 0
1741040221 49231 0
1741040223 49520 0
1741040225 50557 0
1741040227 50140 0
1741040229 50699 0
1741040231 50313 0
1741040233 49999 0
1741040235 50447 0
1741040237 50460 0
1741040239 50230 0
1741040241 50301 0
1741040243 50768 0
1741040245 50456 0
1741040247 50527 0
1741040249 50327 0
1741040251 50318 0
1741040253 50221 0
1741040255 50361 0
1741040257 50570 0
1741040259 50021 0
1741040261 49955 0
1741040263 50024 0
1741040265 50468 0
1741040267 49633 0
1741040269 49157 0
1741040271 49558 0
1741040273 49597 0
1741040275 49785 0
1741040277 49332 0
1741040279 49331 0
1741040281 49631 0
1741040283 49781 0
1741040285 49760 0
1741040287 49692 0
1741040289 49356 0
1741040291 49484 0
1741040293 49767 0
1741040295 49410 0
1741040297 49851 0
1741040299 49112 0
1741040301 49242 0
1741040303 49540 0
1741040305 49353 0
1741040307 49226 0
1741040309 49716 0
1741040311 49733 0
1741040313 49938 0
1741040315 49288 0
1741040317 49724 0
1741040319 49604 0
1741040321 49630 0
1741040323 49676 0
1741040325 49760 0
1741040327 49520 0
1741040329 49369 0
1741040331 49698 0
1741040333 49618 0
1741040335 49510 0
1741040337 49567 0
1741040339 49597 0
1741040341 49783 0
1741040343 49454 0
1741040345 49221 0
1741040347 49769 0
1741040349 49417 0
1741040351 49540 0
1741040353 49566 0
1741040355 49562 0
1741040357 49645 0
1741040359 49520 0
1741040361 49356 0
1741040363 49440 0
1741040365 49142 0
1741040367 49323 0
1741040369 49858 0
1741040371 50048 0
1741040373 49682 0
1741040375 49515 0
1741040377 50003 0
1741040379 49897 0
1741040381 49436 0
1741040383 49732 0
1741040385 50005 0
1741040387 49835 0
1741040389 49814 0
1741040391 49780 0
1741040393 49930 0
1741040395 49778 0
1741040397 49817 0
1741040399 50274 0
1741040401 49985 0
1741040403 50370 0
1741040405 50219 0
1741040407 50736 0
1741040409 50352 0
1741040411 50190 0
1741040413 50531 0
1741040415 50361 0
1741040417 50512 0
1741040419 50373 0
1741040421 50267 0
1741040423 50234 0
1741040425 50419 0
1741040427 50085 0
1741040429 50106 0
1741040431 50128 0
1741040433 50309 0
1741040435 50422 0
1741040437 50381 0
1741040439 50482 0
1741040441 50575 0
1741040443 50439 0
1741040445 50927 0
1741040447 50514 0
1741040449 50452 0
1741040451 50244 0
1741040453 50380 0
1741040455 50287 0
1741040457 49937 0
1741040459 50461 0
1741040461 50299 0
1741040463 50000 0
1741040465 50174 0
1741040467 50264 0
1741040469 50171 0
1741040471 50228 0
1741040473 50388 0
1741040475 50442 0
1741040477 50123 0
1741040479 50599 0
1741040481 50609 0
1741040483 50534 0
1741040485 50084 0
1741040487 50319 0
1741040489 50528 0
1741040491 50417 0
1741040493 50099 0
1741040495 50417 0
1741040497 50354 0
1741040499 50239 0
1741040501 50336 0
1741040503 50420 0
1741040505 50290 0
1741040507 50060 0
1741040509 49903 0
1741040511 50081 0
1741040513 50254 0
1741040515 50214 0
1741040518 49962 0
1741040520 49972 0
1741040522 50630 0
1741040524 49808 0
1741040526 50109 0
1741040528 49859 0
1741040530 50198 0
1741040532 50069 0
1741040534 50140 0
1741040536 50181 0
1741040538 50278 0
1741040540 50119 0
1741040542 50211 0
1741040544 50296 0
1741040546 50148 0
1741040548 50181 0
1741040550 50155 0
1741040552 50626 0
1741040554 50050 0
1741040556 49900 0
1741040558 50477 0
1741040560 50286 0
1741040562 50155 0
1741040564 49815 0
1741040566 50190 0
1741040568 50168 0
1741040570 50304 0
1741040572 50114 0
1741040574 49796 0
1741040576 50203 0
1741040578 50127 0
1741040580 50042 0
1741040582 50014 0
1741040584 50115 0
1741040586 49911 0
1741040588 49976 0
1741040590 50123 0
1741040592 50521 0
1741040594 50096 0
1741040596 49872 0
1741040598 49784 0
1741040600 50135 0
1741040602 50115 0
1741040604 50187 0
1741040606 50300 0
1741040608 50215 0
1741040610 50172 0
1741040612 50055 0
1741040614 50353 0
1741040616 49877 0
1741040618 50176 0
1741040620 50308 0
1741040622 49972 0
1741040624 50009 0
1741040626 50302 0
1741040628 50618 0
1741040630 50333 0
1741040632 50178 0
1741040634 50402 0
1741040636 50031 0
1741040638 50053 0
1741040640 49988 0
1741040642 50448 0
1741040644 50542 0
1741040646 50280 0
1741040648 50332 0
1741040650 50522 0
1741040652 50135 0
1741040654 50240 0
1741040656 50378 0
1741040658 50127 0
1741040660 50072 0
1741040662 50181 0
1741040664 50112 0
1741040666 50259 0
1741040668 50331 0
1741040670 50455 0
1741040672 49853 0
1741040674 50262 0
1741040676 50043 0
1741040678 50152 0
1741040680 50286 0
1741040682 49980 0
1741040684 50468 0
1741040686 50320 0
1741040688 50185 0
1741040690 50267 0
1741040692 50035 0
1741040694 50020 0
1741040696 50278 0
1741040698 50013 0
1741040700 50272 0
1741040702 50152 0
1741040704 50165 0
1741040706 49967 0
1741040708 50058 0
1741040710 50146 0
1741040712 49996 0
1741040714 50252 0
1741040716 50043 0
1741040718 50067 0
1741040720 50307 0
1741040722 49907 0
1741040724 50433 0
1741040726 50156 0
1741040728 50025 0
1741040730 49971 0
1741040732 50259 0
1741040734 50376 0
1741040736 50353 0
1741040738 50722 0
1741040740 50166 0
1741040742 50265 0
1741040744 50250 0
1741040746 50251 0
1741040748 49958 0
1741040750 50747 0
1741040752 50127 0
1741040754 50202 0
1741040756 50096 0
1741040758 49874 0
1741040760 50034 0
1741040762 50348 0
1741040764 50315 0
1741040766 50263 0
1741040768 50102 0
1741040770 50304 0
1741040772 50257 0
1741040774 50166 0
1741040776 50004 0
1741040778 50080 0
1741040780 50293 0
1741040782 50343 0
1741040784 50551 0
1741040786 49948 0
1741040788 50562 0
1741040790 50342 0
1741040792 50468 0
1741040794 50307 0
1741040796 50039 0
1741040798 50451 0
1741040800 49813 0
1741040802 50007 0
1741040804 50182 0
1741040806 50487 0
1741040808 50000 0
1741040810 50118 0
1741040812 50108 0
1741040814 50242 0
1741040816 50248 0
1741040818 50011 0
1741040820 49711 0
1741040822 49994 0
1741040824 49882 0
1741040826 50317 0
1741040828 49890 0
1741040830 49985 0
1741040833 49962 0
1741040835 50297 0
1741040837 50541 0
1741040839 50495 0
1741040841 50047 0
1741040843 49833 0
1741040845 50036 0
1741040847 50251 0
1741040849 50070 0
1741040851 50225 0
1741040853 49949 0
1741040855 50160 0
1741040857 50111 0
1741040859 49994 0
1741040861 50011 0
1741040863 50271 0
1741040865 49981 0
1741040867 50076 0
1741040869 50121 0
1741040871 49561 0
1741040873 50155 0
1741040875 50055 0
1741040877 50003 0
1741040879 50460 0
1741040881 50457 0
1741040883 50325 0
1741040885 50031 0
1741040887 50080 0
1741040889 50323 0
1741040891 50384 0
1741040893 50120 0
1741040895 50211 0
1741040897 50629 0
1741040899 50087 0
1741040901 50666 0
1741040903 50269 0
1741040905 50311 0
1741040907 50448 0
1741040909 49928 0
1741040911 49988 0
1741040913 50347 0
1741040915 49978 0
1741040917 50388 0
1741040919 50204 0
1741040921 50089 0
1741040923 50137 0
1741040925 50203 0
1741040927 50242 0
1741040929 50323 0
1741040931 50445 0
1741040933 50343 0
1741040935 50203 0
1741040937 50246 0
1741040939 50043 0
1741040941 50635 0
1741040943 50268 0
1741040945 50770 0
1741040947 50212 0
1741040949 50177 0
1741040951 50166 0
1741040953 50420 0
1741040955 50263 0
1741040957 50269 0
1741040959 49973 0
1741040961 50492 0
1741040963 50227 0
1741040965 50357 0
1741040967 50588 0
1741040969 50239 0
1741040971 50089 0
1741040973 50152 0
1741040975 50165 0
1741040977 49879 0
1741040979 49875 0
1741040981 50400 0
1741040983 50141 0
1741040985 50093 0
1741040987 50377 0
1741040989 49859 0
1741040991 50088 0
1741040993 50239 0
1741040995 50791 0
1741040997 50327 0
1741040999 49666 0
1741041001 50238 0
1741041003 49996 0
1741041005 49646 0
1741041007 50245 0
1741041009 50194 0
1741041011 50246 0
1741041013 50322 0
1741041015 50322 0
1741041017 50450 0
1741041019 50431 0
1741041021 50361 0
1741041023 50373 0
1741041025 49832 0
1741041027 50208 0
1741041029 49971 0
1741041031 50352 0
1741041033 50013 0
1741041035 50260 0
1741041037 50145 0
1741041039 50289 0
1741041041 50090 0
1741041043 50073 0
1741041045 49991 0
1741041047 50261 0
1741041049 49947 0
1741041051 50315 0
1741041053 50706 0
1741041055 50296 0
1741041057 50220 0
1741041059 50437 0
1741041061 50136 0
1741041063 49759 0
1741041065 50083 0
1741041067 50093 0
1741041069 50151 0
1741041071 50170 0
1741041073 50182 0
1741041075 49801 0
1741041077 50011 0
1741041079 49925 0
1741041081 50082 0
1741041083 49933 0
1741041085 50134 0
1741041087 49961 0
1741041089 50190 0
1741041091 50702 0
1741041093 50143 0
1741041095 50277 0
1741041097 50338 0
1741041099 50305 0
1741041101 50233 0
1741041103 49997 0
1741041105 50334 0
1741041107 50255 0
1741041109 50038 0
1741041111 50274 0
1741041113 50668 0
1741041115 50235 0
1741041117 50225 0
1741041119 50206 0
1741041121 50228 0
1741041123 49942 0
1741041125 49973 0
1741041127 49889 0
1741041129 49876 0
1741041131 50342 0
1741041133 50265 0
1741041135 50379 0
1741041137 50223 0
1741041139 50282 0
1741041142 49865 0
1741041144 50152 0
1741041146 49823 0
1741041148 50326 0
1741041150 50076 0
1741041152 49938 0
1741041154 50278 0
1741041156 50126 0
1741041158 50200 0
1741041160 50568 0
1741041162 50223 0
1741041164 50261 0
1741041166 50088 0
1741041168 49949 0
1741041170 50430 0
1741041172 50626 0
1741041174 50149 0
1741041176 50574 0
1741041178 49911 0
1741041180 50020 0
1741041182 50435 0
1741041184 50307 0
1741041186 50144 0
1741041188 50362 0
1741041190 49993 0
1741041192 49930 0
1741041194 50495 0
1741041196 50072 0
1741041198 50189 0
1741041200 50004 0
1741041202 50322 0
1741041204 50244 0
1741041206 50413 0
1741041208 50152 0
1741041210 50641 0
1741041212 50553 0
1741041214 50203 0
1741041216 49974 0
1741041218 50216 0
1741041220 50246 0
1741041222 50230 0
1741041224 50530 0
1741041226 50475 0
1741041228 50646 0
1741041230 50433 0
1741041232 50308 0
1741041234 50300 0
1741041236 50487 0
1741041238 49987 0
1741041240 50115 0
1741041242 50420 0
1741041244 50304 0
1741041246 50240 0
1741041248 50325 0
1741041250 50369 0
1741041252 50376 0
1741041254 50647 0
1741041256 50453 0
1741041258 50601 0
1741041260 50394 0
1741041262 50294 0
1741041264 50372 0
1741041266 50416 0
1741041268 50805 0
1741041270 50572 0
1741041272 50590 0
1741041274 50622 0
1741041276 50118 0
1741041278 50323 0
1741041280 50334 0
1741041282 50542 0
1741041284 50143 0
1741041286 50492 0
1741041288 50292 0
1741041290 50266 0
1741041292 50143 0
1741041294 50161 0
1741041296 50156 0
1741041298 50525 0
1741041300 50012 0
1741041302 50210 0
1741041304 50015 0
1741041306 50260 0
1741041308 50168 0
1741041310 50148 0
1741041312 50467 0
1741041314 50298 0
1741041316 50341 0
1741041318 50349 0
1741041320 50466 0
1741041322 50323 0
1741041324 50171 0
1741041326 50471 0
1741041328 50403 0
1741041330 50514 0
1741041332 50230 0
1741041334 50454 0
1741041336 50561 0
1741041338 50237 0
1741041340 50557 0
1741041342 50874 0
1741041344 50641 0
1741041346 50192 0
1741041348 50139 0
1741041350 50032 0
1741041352 50277 0
1741041354 50275 0
1741041356 50119 0
1741041358 50563 0
1741041360 50208 0
1741041362 50523 0
1741041364 50583 0
1741041366 50364 0
1741041368 50665 0
1741041370 50151 0
1741041372 50718 0
1741041374 50449 0
1741041376 50133 0
1741041378 50571 0
1741041380 50311 0
1741041382 50393 0
1741041384 50122 0
1741041386 50486 0
1741041388 50593 0
1741041390 50361 0
1741041392 50445 0
1741041394 50542 0
1741041396 50029 0
1741041398 50455 0
1741041400 50038 0
1741041402 50671 0
1741041404 50428 0
1741041406 50308 0
1741041408 50445 0
1741041410 50255 0
1741041412 50530 0
1741041414 50260 0
1741041416 50375 0
1741041418 50516 0
1741041420 50654 0
1741041422 50213 0
1741041424 50197 0
1741041426 50382 0
1741041428 50348 0
1741041430 50175 0
1741041432 50384 0
1741041434 50208 0
1741041436 50199 0
1741041438 50096 0
1741041440 50166 0
1741041442 50166 0
1741041444 50299 0
1741041446 50328 0
1741041448 50459 0
1741041450 50282 0
1741041452 50222 0
1741041455 50182 0
1741041457 50309 0
1741041459 50085 0
1741041461 50371 0
1741041463 50030 0
1741041465 50260 0
1741041467 50165 0
1741041469 50486 0
1741041471 50328 0
1741041473 50093 0
1741041475 50086 0
1741041477 50540 0
1741041479 50264 0
1741041481 50719 0
1741041483 50440 0
1741041485 50349 0
1741041487 50394 0
1741041489 50464 0
1741041491 50373 0
1741041493 50615 0
1741041495 50680 0
1741041497 50088 0
1741041499 50611 0
1741041501 50690 0
1741041503 50361 0
1741041505 50518 0
1741041507 50308 0
1741041509 50655 0
1741041511 50727 0
1741041513 50286 0
1741041515 50681 0
1741041517 50776 0
1741041519 50380 0
1741041521 50352 0
1741041523 50463 0
1741041525 50545 0
1741041527 50511 0
1741041529 50345 0
1741041531 50310 0
1741041533 50159 0
1741041535 50427 0
1741041537 50428 0
1741041539 50025 0
1741041541 50209 0
1741041543 50462 0
1741041545 50205 0
1741041547 50736 0
1741041549 49980 0
1741041551 50524 0
1741041553 50180 0
1741041555 50407 0
1741041557 50099 0
1741041559 50014 0
1741041561 50292 0
1741041563 50069 0
1741041565 50375 0
1741041567 50150 0
1741041569 50236 0
1741041571 50347 0
1741041573 50100 0
1741041575 50120 0
1741041577 50012 0
1741041579 50339 0
1741041581 50108 0
1741041583 50139 0
1741041585 50457 0
1741041587 49750 0
1741041589 50024 0
1741041591 50175 0
1741041593 49990 0
1741041595 50333 0
1741041597 50352 0
1741041599 50212 0
1741041601 50235 0
1741041603 50147 0
1741041605 50363 0
1741041607 50544 0
1741041609 50292 0
1741041611 50604 0
1741041613 50254 0
1741041615 50008 0
1741041617 50558 0
1741041619 50492 0
1741041621 50342 0
1741041623 49761 0
1741041625 50159 0
1741041627 50323 0
1741041629 50644 0
1741041631 50414 0
1741041633 50165 0
1741041635 50472 0
1741041637 50413 0
1741041639 50133 0
1741041641 50391 0
1741041643 50374 0
1741041645 50463 0
1741041647 50245 0
1741041649 50263 0
1741041651 50239 0
1741041653 50341 0
1741041655 49847 0
1741041657 50121 0
1741041659 50082 0
1741041661 50154 0
1741041663 50373 0
1741041665 50271 0
1741041667 50026 0
1741041669 50258 0
1741041671 50165 0
1741041673 50043 0
1741041675 50296 0
1741041677 50154 0
1741041679 50361 0
1741041681 50191 0
1741041683 50274 0
1741041685 50469 0
1741041687 50313 0
1741041689 50587 0
1741041691 50822 0
1741041693 50536 0
1741041695 50163 0
1741041697 50152 0
1741041699 50328 0
1741041701 50460 0
1741041703 50274 0
1741041705 50041 0
1741041707 50068 0
1741041709 50257 0
1741041711 50364 0
1741041713 50353 0
1741041715 49842 0
1741041717 50515 0
1741041719 50285 0
1741041721 50278 0
1741041723 50441 0
1741041725 50471 0
1741041727 50186 0
1741041729 50125 0
1741041731 50143 0
1741041733 50331 0
1741041735 50101 0
1741041737 50408 0
1741041739 50222 0
1741041741 50171 0
1741041743 50174 0
1741041745 50427 0
1741041747 50308 0
1741041749 50453 0
1741041751 50332 0
1741041753 50514 0
1741041755 50385 0
1741041757 50528 0
1741041759 50134 0
1741041761 50402 0
1741041763 50155 0
1741041765 50282 0
1741041768 50163 0
1741041770 50142 0
1741041772 50168 0
1741041774 50282 0
1741041776 49796 0
1741041778 50264 0
1741041780 49713 0
1741041782 50480 0
1741041784 50119 0
1741041786 50273 0
1741041788 50254 0
1741041790 50136 0
1741041792 50376 0
1741041794 50274 0
1741041796 50262 0
1741041798 50028 0
1741041800 50121 0
1741041802 50134 0
1741041804 50268 0
1741041806 49970 0
1741041808 49926 0
1741041810 50019 0
1741041812 50163 0
1741041814 50131 0
1741041816 50005 0
1741041818 50171 0
1741041820 49992 0
1741041822 50169 0
1741041824 50046 0
1741041826 50021 0
1741041828 50284 0
1741041830 50037 0
1741041832 50514 0
1741041834 50104 0
1741041836 50015 0
1741041838 50016 0
1741041840 50195 0
1741041842 50355 0
1741041844 50286 0
1741041846 50126 0
1741041848 50354 0
1741041850 50276 0
1741041852 50640 0
1741041854 50000 0
1741041856 49976 0
1741041858 50393 0
1741041860 50448 0
1741041862 50240 0
1741041864 50409 0
1741041866 50290 0
1741041868 49962 0
1741041870 50276 0
1741041872 49985 0
1741041874 50563 0
1741041876 50114 0
1741041878 50380 0
1741041880 50349 0
1741041882 50097 0
1741041884 50392 0
1741041886 50482 0
1741041888 50133 0
1741041890 50320 0
1741041892 50206 0
1741041894 50239 0
1741041896 49891 0
1741041898 50410 0
1741041900 49846 0
1741041902 50401 0
1741041904 50348 0
1741041906 50171 0
1741041908 50246 0
1741041910 50770 0
1741041912 50265 0
1741041914 50796 0
1741041916 50215 0
1741041918 50478 0
1741041920 50113 0
1741041922 50094 0
1741041924 50269 0
1741041926 50078 0
1741041928 50399 0
1741041930 50147 0
1741041932 50247 0
1741041934 50242 0
1741041936 50191 0
1741041938 50293 0
1741041940 50170 0
1741041942 50110 0
1741041944 50486 0
1741041946 50271 0
1741041948 50432 0
1741041950 50365 0
1741041952 50228 0
1741041954 50072 0
1741041956 50323 0
1741041958 50178 0
1741041960 50008 0
1741041962 50064 0
1741041964 50132 0
1741041966 50345 0
1741041968 50208 0
1741041970 50205 0
1741041972 50520 0
1741041974 50193 0
1741041976 50193 0
1741041978 50225 0
1741041980 50178 0
1741041982 49909 0
1741041984 50344 0
1741041986 50363 0
1741041988 50674 0
1741041990 50359 0
1741041992 49924 0
1741041994 50327 0
1741041996 50509 0
1741041998 50071 0
1741042000 50049 0
1741042002 50022 0
1741042004 50346 0
1741042006 50312 0
1741042008 50176 0
1741042010 50589 0
1741042012 50499 0
1741042014 50094 0
1741042016 50356 0
1741042018 50116 0
1741042020 50750 0
1741042022 50220 0
1741042024 50383 0
1741042026 50329 0
1741042028 50151 0
1741042030 50017 0
1741042032 50223 0
1741042034 50099 0
1741042036 50437 0
1741042038 49971 0
1741042040 50094 0
1741042042 50123 0
1741042044 50240 0
1741042046 50586 0
1741042048 49870 0
1741042050 50251 0
1741042052 50181 0
1741042054 50318 0
1741042056 49983 0
1741042058 50079 0
1741042061 50126 0
1741042063 50067 0
1741042065 50405 0
1741042067 50012 0
1741042069 50238 0
1741042071 50023 0
1741042073 50418 0
1741042075 50142 0
1741042077 50304 0
1741042079 50402 0
1741042081 50204 0
1741042083 50392 0
1741042085 49673 0
1741042087 50003 0
1741042089 50251 0
1741042091 50479 0
1741042093 50539 0
1741042095 50164 0
1741042097 50578 0
1741042099 50321 0
1741042101 50514 0
1741042103 50196 0
1741042105 50051 0
1741042107 50059 0
1741042109 50172 0
1741042111 50518 0
1741042113 50209 0
1741042115 50634 0
1741042117 50326 0
1741042119 50286 0
1741042121 50673 0
1741042123 50370 0
1741042125 50374 0
1741042127 50158 0
1741042129 50762 0
1741042131 50055 0
1741042133 50224 0
1741042135 50156 0
1741042137 50091 0
1741042139 50530 0
1741042141 50505 0
1741042143 50116 0
1741042145 50602 0
1741042147 50078 0
1741042149 50134 0
1741042151 50184 0
1741042153 50516 0
1741042155 50475 0
1741042157 50119 0
1741042159 50319 0
1741042161 50259 0
1741042163 50044 0
1741042165 50243 0
1741042167 50105 0
1741042169 50430 0
1741042171 50257 0
1741042173 49973 0
1741042175 50242 0
1741042177 50225 0
1741042179 49803 0
1741042181 50344 0
1741042183 50206 0
1741042185 50120 0
1741042187 50132 0
1741042189 50102 0
1741042191 50100 0
1741042193 49831 0
1741042195 50104 0
1741042197 49958 0
1741042199 50034 0
1741042201 50300 0
1741042203 50079 0
1741042205 50154 0
1741042207 50343 0
1741042209 50190 0
1741042211 50531 0
1741042213 50535 0
1741042215 50264 0
1741042217 50265 0
1741042219 50242 0
1741042221 50648 0
1741042223 50429 0
1741042225 50570 0
1741042227 50273 0
1741042229 49942 0
1741042231 50608 0
1741042233 50000 0
1741042235 50375 0
1741042237 50597 0
1741042239 50005 0
1741042241 50436 0
1741042243 50642 0
1741042245 49997 0
1741042247 50078 0
1741042249 50343 0
1741042251 50639 0
1741042253 50171 0
1741042255 50438 0
1741042257 50386 0
1741042259 50041 0
1741042261 50607 0
1741042263 50377 0
1741042265 50257 0
1741042267 49896 0
1741042269 50519 0
1741042271 50517 0
1741042273 50232 0
1741042275 50188 0
1741042277 50390 0
1741042279 50081 0
1741042281 50100 0
1741042283 50278 0
1741042285 50263 0
1741042287 50606 0
1741042289 50206 0
1741042291 50510 0
1741042293 50133 0
1741042295 50800 0
1741042297 50180 0
1741042299 50364 0
1741042301 50350 0
1741042303 50414 0
1741042305 50209 0
1741042307 50575 0
1741042309 50175 0
1741042311 50364 0
1741042313 50253 0
1741042315 50487 0
1741042317 50274 0
1741042319 49901 0
1741042321 50148 0
1741042323 50270 0
1741042325 49885 0
1741042327 50192 0
1741042329 50349 0
1741042331 50471 0
1741042333 50465 0
1741042336 50141 0
1741042338 50068 0
1741042340 50191 0
1741042342 50314 0
1741042344 50441 0
1741042346 50517 0
1741042348 50319 0
1741042350 50180 0
1741042352 50043 0
1741042354 50165 0
1741042356 50139 0
1741042358 50221 0
1741042360 50260 0
1741042362 50361 0
1741042364 50369 0
1741042366 50333 0
1741042368 50452 0
1741042370 49884 0
1741042372 50213 0
1741042374 50410 0
1741042376 50710 0
1741042378 50114 0
1741042380 50320 0
1741042382 49914 0
1741042384 50020 0
1741042386 49969 0
1741042388 49913 0
1741042390 50051 0
1741042392 50337 0
1741042394 50169 0
1741042396 50413 0
1741042398 50146 0
1741042400 50121 0
1741042402 50398 0
1741042404 49974 0
1741042406 50357 0
1741042408 49932 0
1741042410 50259 0
1741042412 50483 0
1741042414 50677 0
1741042416 50089 0
1741042418 50210 0
1741042420 50204 0
1741042422 50362 0
1741042424 49995 0
1741042426 50287 0
1741042428 50107 0
1741042430 50243 0
1741042432 49899 0
1741042434 50263 0
1741042436 50004 0
1741042438 50212 0
1741042440 50683 0
1741042442 50182 0
1741042444 50300 0
1741042446 50465 0
1741042448 50770 0
1741042450 50258 0
1741042452 50544 0
1741042454 50209 0
1741042456 50498 0
1741042458 50455 0
1741042460 50530 0
1741042462 50286 0
1741042464 50073 0
1741042466 50467 0
1741042468 50185 0
1741042470 50443 0
1741042472 50017 0
1741042474 50012 0
1741042476 50377 0
1741042478 50185 0
1741042480 50424 0
1741042482 50629 0
1741042484 50549 0
1741042486 50548 0
1741042488 50550 0
1741042490 50199 0
1741042492 50464 0
1741042494 50477 0
1741042496 50622 0
1741042498 50362 0
1741042500 50283 0
1741042502 50433 0
1741042504 50036 0
1741042506 50656 0
1741042508 50349 0
1741042510 50497 0
1741042512 50613 0
1741042514 50690 0
1741042516 50316 0
1741042518 50362 0
1741042520 50091 0
1741042522 50292 0
1741042524 50564 0
1741042526 49970 0
1741042528 50111 0
1741042530 50092 0
1741042532 50373 0
1741042534 50675 0
1741042536 50341 0
1741042538 50406 0
1741042540 50105 0
1741042542 50412 0
1741042544 50300 0
1741042546 50445 0
1741042548 50642 0
1741042550 50263 0
1741042552 50274 0
1741042554 50044 0
1741042556 50155 0
1741042558 49990 0
1741042560 50134 0
1741042562 50591 0
1741042564 50250 0
1741042566 50465 0
1741042568 50515 0
1741042570 50423 0
1741042572 50617 0
1741042574 50122 0
1741042576 50533 0
1741042578 50569 0
1741042580 50266 0
1741042582 50405 0
1741042584 50583 0
1741042586 50447 0
1741042588 50370 0
1741042590 50673 0
1741042592 50313 0
1741042594 49999 0
1741042596 50122 0
1741042598 50580 0
1741042600 50395 0
1741042602 50574 0
1741042604 50368 0
1741042606 50399 0
1741042608 50653 0
1741042610 50408 0
1741042612 50415 0
1741042614 50707 0
1741042617 50516 0
1741042619 50285 0
1741042621 50254 0
1741042623 50285 0
1741042625 50589 0
1741042627 50490 0
1741042629 50293 0
1741042631 50391 0
1741042633 50225 0
1741042635 50727 0
1741042637 50072 0
1741042639 50263 0
1741042641 50429 0
1741042643 50397 0
1741042645 50664 0
1741042647 50508 0
1741042649 50327 0
1741042651 50204 0
1741042653 50331 0
1741042655 50355 0
1741042657 50475 0
1741042659 50210 0
1741042661 50287 0
1741042663 49934 0
1741042665 50291 0
1741042667 50465 0
1741042669 50241 0
1741042671 50491 0
1741042673 50314 0
1741042675 50610 0
1741042677 50337 0
1741042679 50158 0
1741042681 50252 0
1741042683 50343 0
1741042685 50213 0
1741042687 50324 0
1741042689 50065 0
1741042691 50394 0
1741042693 50135 0
1741042695 50507 0
1741042697 50412 0
1741042699 50643 0
1741042701 50280 0
1741042703 50235 0
1741042705 50393 0
1741042707 50376 0
1741042709 50472 0
1741042711 50587 0
1741042713 49984 0
1741042715 50078 0
1741042717 50573 0
1741042719 50602 0
1741042721 50447 0
1741042723 50150 0
1741042725 50507 0
1741042727 50061 0
1741042729 50464 0
1741042731 50203 0
1741042733 50115 0
1741042735 50127 0
1741042737 49921 0
1741042739 50336 0
1741042741 49924 0
1741042743 50288 0
1741042745 50081 0
1741042747 50048 0
1741042749 50353 0
1741042751 49695 0
1741042753 50258 0
1741042755 49968 0
1741042757 49860 0
1741042759 50144 0
1741042761 50373 0
1741042763 50079 0
1741042765 50674 0
1741042767 49965 0
1741042769 49814 0
1741042771 50112 0
1741042773 50327 0
1741042775 49919 0
1741042777 50098 0
1741042779 50536 0
1741042781 50067 0
1741042783 50617 0
1741042785 50094 0
1741042787 50021 0
1741042789 50082 0
1741042791 49725 0
1741042793 50412 0
1741042795 50136 0
1741042797 50363 0
1741042799 50179 0
1741042801 50104 0
1741042803 50468 0
1741042805 50397 0
1741042807 50260 0
1741042809 50337 0
1741042811 50313 0
1741042813 50386 0
1741042815 50450 0
1741042817 50657 0
1741042819 50371 0
1741042821 50359 0
1741042823 50649 0
1741042825 50151 0
1741042827 49943 0
1741042829 50058 0
1741042831 49981 0
1741042833 50546 0
1741042835 50213 0
1741042837 50514 0
1741042839 50488 0
1741042841 50738 0
1741042843 50481 0
1741042845 50351 0
1741042847 50268 0
1741042849 51130 0
1741042851 50410 0
1741042853 50373 0
1741042855 50448 0
1741042857 50470 0
1741042859 50833 0
1741042861 50826 0
1741042863 50478 0
1741042865 50433 0
1741042867 50480 0
1741042869 50256 0
1741042871 50573 0
1741042873 50506 0
1741042875 50289 0
1741042877 50435 0
1741042879 50372 0
1741042881 50197 0
1741042883 50559 0
1741042885 50545 0
1741042887 50462 0
1741042889 50172 0
1741042891 50502 0
1741042894 50239 0
1741042896 50576 0
1741042898 50169 0
1741042900 50193 0
1741042902 50300 0
1741042904 50438 0
1741042906 50232 0
1741042908 50312 0
1741042910 50031 0
1741042912 49788 0
1741042914 50385 0
1741042916 50222 0
1741042918 50339 0
1741042920 49818 0
1741042922 50139 0
1741042924 50430 0
1741042926 50126 0
1741042928 50729 0
1741042930 50172 0
1741042932 50272 0
1741042934 50082 0
1741042936 50091 0
1741042938 50243 0
1741042940 50359 0
1741042942 50663 0
1741042944 50358 0
1741042946 50338 0
1741042948 50253 0
1741042950 50368 0
1741042952 50297 0
1741042954 50712 0
1741042956 50404 0
1741042958 50288 0
1741042960 49893 0
1741042962 50611 0
1741042964 50341 0
1741042966 50257 0
1741042968 50418 0
1741042970 50564 0
1741042972 50648 0
1741042974 50134 0
1741042976 49800 0
1741042978 50473 0
1741042980 50398 0
1741042982 50037 0
1741042984 50043 0
1741042986 50250 0
1741042988 50100 0
1741042990 50258 0
1741042992 50173 0
1741042994 49803 0
1741042996 50369 0
1741042998 50175 0
1741043000 50354 0
1741043002 50255 0
1741043004 50119 0
1741043006 50483 0
1741043008 50323 0
1741043010 50462 0
1741043012 50437 0
1741043014 50341 0
1741043016 50103 0
1741043018 50141 0
1741043020 50248 0
1741043022 50108 0
1741043024 50015 0
1741043026 50222 0
1741043028 50494 0
1741043030 49943 0
1741043032 50394 0
1741043034 50331 0
1741043036 50200 0
1741043038 49957 0
1741043040 50084 0
1741043042 50261 0
1741043044 50037 0
1741043046 50363 0
1741043048 50210 0
1741043050 50178 0
1741043052 50333 0
1741043054 50205 0
1741043056 50146 0
1741043058 50105 0
1741043060 50613 0
1741043062 50450 0
1741043064 50574 0
1741043066 50096 0
1741043068 49895 0
1741043070 50332 0
1741043072 50198 0
1741043074 50088 0
1741043076 50309 0
1741043078 50207 0
1741043080 50166 0
1741043082 50168 0
1741043084 50143 0
1741043086 49946 0
1741043088 50486 0
1741043090 50170 0
1741043092 50140 0
1741043094 50056 0
1741043096 50456 0
1741043098 50533 0
1741043100 50094 0
1741043102 50392 0
1741043104 50409 0
1741043106 50444 0
1741043108 50113 0
1741043110 50427 0
1741043112 50064 0
1741043114 50423 0
1741043116 50118 0
1741043118 50243 0
1741043120 50599 0
1741043122 49991 0
1741043124 50342 0
1741043126 49866 0
1741043128 50543 0
1741043130 50204 0
1741043132 50113 0
1741043134 50342 0
1741043136 50290 0
1741043138 50319 0
1741043140 50290 0
1741043142 50143 0
1741043144 50269 0
1741043146 50064 0
1741043148 50336 0
1741043150 49712 0
1741043152 50105 0
1741043154 50303 0
1741043156 50199 0
1741043158 50101 0
1741043160 50759 0
1741043162 50572 0
1741043164 50213 0
1741043166 50300 0
1741043168 50279 0
1741043171 50430 0
1741043173 50315 0
1741043175 50391 0
1741043177 50329 0
1741043179 50204 0
1741043181 50312 0
1741043183 50533 0
1741043185 50477 0
1741043187 50474 0
1741043189 50124 0
1741043191 50003 0
1741043193 50166 0
1741043195 50435 0
1741043197 50543 0
1741043199 49925 0
1741043201 50402 0
1741043203 50460 0
1741043205 49872 0
1741043207 50389 0
1741043209 50121 0
1741043211 50042 0
1741043213 50131 0
1741043215 50328 0
1741043217 50382 0
1741043219 50106 0
1741043221 50226 0
1741043223 50465 0
1741043225 50081 0
1741043227 50070 0
1741043229 50191 0
1741043231 50132 0
1741043233 50139 0
1741043235 49851 0
1741043237 50214 0
1741043239 50689 0
1741043241 50110 0
1741043243 50363 0
1741043245 50233 0
1741043247 50062 0
1741043249 50227 0
1741043251 50419 0
1741043253 50175 0
1741043255 50260 0
1741043257 50044 0
1741043259 49928 0
1741043261 50091 0
1741043263 49914 0
1741043265 50265 0
1741043267 50221 0
1741043269 50169 0
1741043271 50055 0
1741043273 49873 0
1741043275 50222 0
1741043277 50129 0
1741043279 49950 0
1741043281 50322 0
1741043283 50454 0
1741043285 50244 0
1741043287 50131 0
1741043289 50513 0
1741043291 50341 0
1741043293 50226 0
1741043295 50463 0
1741043297 50515 0
1741043299 50028 0
1741043301 50208 0
1741043303 50123 0
1741043305 50097 0
1741043307 50446 0
1741043309 49989 0
1741043311 50299 0
1741043313 49939 0
1741043315 50232 0
1741043317 50155 0
1741043319 49936 0
1741043321 50075 0
1741043323 50127 0
1741043325 50130 0
1741043327 50221 0
1741043329 50305 0
1741043331 50328 0
1741043333 50060 0
1741043335 50090 0
1741043337 50376 0
1741043339 50151 0
1741043341 50249 0
1741043343 50330 0
1741043345 50179 0
1741043347 50152 0
1741043349 50047 0
1741043351 50379 0
1741043353 50188 0
1741043355 50000 0
1741043357 50006 0
1741043359 50315 0
1741043361 50292 0
1741043363 50089 0
1741043365 50483 0
1741043367 50192 0
1741043369 50108 0
1741043371 50350 0
1741043373 50091 0
1741043375 50097 0
1741043377 50261 0
1741043379 50148 0
1741043381 49894 0
1741043383 50083 0
1741043385 50299 0
1741043387 50239 0
1741043389 50017 0
1741043391 50114 0
1741043393 50163 0
1741043395 50211 0
1741043397 50383 0
1741043399 50180 0
1741043401 50048 0
1741043403 50499 0
1741043405 50166 0
1741043407 50431 0
1741043409 50331 0
1741043411 50020 0
1741043413 50027 0
1741043415 50194 0
1741043417 50223 0
1741043419 50365 0
1741043421 50298 0
1741043423 50491 0
1741043425 50799 0
1741043427 50680 0
1741043429 50053 0
1741043431 50266 0
1741043433 50078 0
1741043435 50318 0
1741043438 50543 0
1741043440 50328 0
1741043442 50042 0
1741043444 50024 0
1741043446 50391 0
1741043448 50124 0
1741043450 50053 0
1741043452 50389 0
1741043454 50473 0
1741043456 50560 0
1741043458 50881 0
1741043460 50282 0
1741043462 50258 0
1741043464 50456 0
1741043466 50225 0
1741043468 50540 0
1741043470 50158 0
1741043472 50196 0
1741043474 50014 0
1741043476 50245 0
1741043478 50230 0
1741043480 50447 0
1741043482 50434 0
1741043484 50350 0
1741043486 50291 0
1741043488 49918 0
1741043490 50401 0
1741043492 50688 0
1741043494 50320 0
1741043496 50177 0
1741043498 50120 0
1741043500 49874 0
1741043502 50315 0
1741043504 50634 0
1741043506 49954 0
1741043508 50596 0
1741043510 50151 0
1741043512 50281 0
1741043514 50173 0
1741043516 49967 0
1741043518 50408 0
1741043520 50033 0
1741043522 50358 0
1741043524 50239 0
1741043526 50433 0
1741043528 49992 0
1741043530 50485 0
1741043532 50200 0
1741043534 50275 0
1741043536 50353 0
1741043538 50366 0
1741043540 50117 0
1741043542 50153 0
1741043544 50086 0
1741043546 50361 0
1741043548 50132 0
1741043550 50080 0
1741043552 50230 0
1741043554 50220 0
1741043556 50212 0
1741043558 50356 0
1741043560 50276 0
1741043562 50411 0
1741043564 50553 0
1741043566 50428 0
1741043568 50307 0
1741043570 49945 0
1741043572 50179 0
1741043574 50007 0
1741043576 50390 0
1741043578 50104 0
1741043580 50157 0
1741043582 50230 0
1741043584 49849 0
1741043586 50601 0
1741043588 50267 0
1741043590 50003 0
1741043592 50160 0
1741043594 50134 0
1741043596 50381 0
1741043598 50177 0
1741043600 49944 0
1741043602 50035 0
1741043604 50240 0
1741043606 50091 0
1741043608 50226 0
1741043610 49767 0
1741043612 49870 0
1741043614 49910 0
1741043616 50119 0
1741043618 50262 0
1741043620 50328 0
1741043622 50048 0
1741043624 50025 0
1741043626 50283 0
1741043628 50234 0
1741043630 49968 0
1741043632 50136 0
1741043634 50150 0
1741043636 49915 0
1741043638 50112 0
1741043640 50339 0
1741043642 50290 0
1741043644 50151 0
1741043646 50181 0
1741043648 50414 0
1741043650 50341 0
1741043652 49981 0
1741043654 50198 0
1741043656 50045 0
1741043658 50242 0
1741043660 50320 0
1741043662 50372 0
1741043664 50360 0
1741043666 50319 0
1741043668 50235 0
1741043670 50016 0
1741043672 50459 0
1741043674 50469 0
1741043676 50268 0
1741043678 50132 0
1741043680 50261 0
1741043682 50246 0
1741043684 49957 0
1741043686 50060 0
1741043688 49837 0
1741043690 50185 0
1741043692 50387 0
1741043694 50450 0
1741043696 49978 0
1741043698 50237 0
1741043700 50370 0
1741043702 50216 0
1741043704 50565 0
1741043706 50427 0
1741043708 50077 0
1741043711 50548 0
1741043713 50419 0
1741043715 50017 0
1741043717 50372 0
1741043719 50526 0
1741043721 50207 0
1741043723 50229 0
1741043725 50284 0
1741043727 49984 0
1741043729 50134 0
1741043731 50005 0
1741043733 49981 0
1741043735 50050 0
1741043737 50342 0
1741043739 50352 0
1741043741 50104 0
1741043743 50063 0
1741043745 50126 0
1741043747 49839 0
1741043749 50148 0
1741043751 50336 0
1741043753 50198 0
1741043755 50359 0
1741043757 50154 0
1741043759 50018 0
1741043761 50162 0
1741043763 49978 0
1741043765 50425 0
1741043767 50237 0
1741043769 50529 0
1741043771 50195 0
1741043773 50008 0
1741043775 49902 0
1741043777 49852 0
1741043779 50091 0
1741043781 50424 0
1741043783 50513 0
1741043785 50489 0
1741043787 50541 0
1741043789 50412 0
1741043791 50569 0
1741043793 50094 0
1741043795 50249 0
1741043797 50402 0
1741043799 49944 0
1741043801 50245 0
1741043803 50514 0
1741043805 50564 0
1741043807 50619 0
1741043809 50067 0
1741043811 50245 0
1741043813 50262 0
1741043815 50018 0
1741043817 50551 0
1741043819 50304 0
1741043821 50221 0
1741043823 49934 0
1741043825 49959 0
1741043827 50001 0
1741043829 49998 0
1741043831 50650 0
1741043833 50351 0
1741043835 50252 0
1741043837 50177 0
1741043839 50239 0
1741043841 50218 0
1741043843 49910 0
1741043845 50449 0
1741043847 50337 0
1741043849 50328 0
1741043851 50341 0
1741043853 49908 0
1741043855 50124 0
1741043857 50261 0
1741043859 49963 0
1741043861 50034 0
1741043863 50425 0
1741043865 49856 0
1741043867 50123 0
1741043869 49974 0
1741043871 50169 0
1741043873 50215 0
1741043875 50093 0
1741043877 49501 0
1741043879 49967 0
1741043881 49660 0
1741043883 50364 0
1741043885 50246 0
1741043887 50062 0
1741043889 50267 0
1741043891 49920 0
1741043893 50044 0
1741043895 49939 0
1741043897 49626 0
1741043899 49548 0
1741043901 49771 0
1741043903 49695 0
1741043905 49559 0
1741043907 49559 0
1741043909 49390 0
1741043911 49430 0
1741043913 49748 0
1741043915 49776 0
1741043917 49740 0
1741043919 49498 0
1741043921 49704 0
1741043923 49250 0
1741043925 49779 0
1741043927 49869 0
1741043929 49487 0
1741043931 49372 0
1741043933 49438 0
1741043935 49482 0
1741043937 49965 0
1741043939 49765 0
1741043941 49328 0
1741043943 49519 0
1741043945 49973 0
1741043947 49833 0
1741043949 50264 0
1741043951 50397 0
1741043953 49712 0
1741043955 49853 0
1741043957 49859 0
1741043959 49378 0
1741043961 49732 0
1741043963 49852 0
1741043965 49683 0
1741043967 49695 0
1741043969 49259 0
1741043971 49268 0
1741043973 48872 0
1741043975 49133 0
1741043977 49181 0
1741043979 49404 0
1741043981 49035 0
1741043983 49037 0
1741043985 49194 0
1741043987 49304 0
1741043990 49303 0
1741043992 48859 0
1741043994 49141 0
1741043996 49249 0
1741043998 49201 0
1741044000 49108 0
1741044002 49336 0
1741044004 48958 0
1741044006 49398 0
1741044008 49213 0
1741044010 49322 0
1741044012 49103 0
1741044014 49310 0
1741044016 49460 0
1741044018 48952 0
1741044020 49314 0
1741044022 49368 0
1741044024 48995 0
1741044026 49366 0
1741044028 49378 0
1741044030 49378 0
1741044032 49493 0
1741044034 49133 0
1741044036 49126 0
1741044038 49362 0
1741044040 49543 0
1741044042 49221 0
1741044044 49113 0
1741044046 48971 0
1741044048 49385 0
1741044050 49344 0
1741044052 49611 0
1741044054 48924 0
1741044056 48703 0
1741044058 49387 0
1741044060 49259 0
1741044062 48962 0
1741044064 49236 0
1741044066 48811 0
1741044068 49060 0
1741044070 49114 0
1741044072 49307 0
1741044074 49057 0
1741044076 49298 0
1741044078 49117 0
1741044080 49047 0
1741044082 49400 0
1741044084 49204 0
1741044086 49017 0
1741044088 49022 0
1741044090 49311 0
1741044092 49216 0
1741044094 49056 0
1741044096 49358 0
1741044098 49256 0
1741044100 49162 0
1741044102 49133 0
1741044104 49169 0
1741044106 49373 0
1741044108 49338 0
1741044110 49028 0
1741044112 49143 0
1741044114 49447 0
1741044116 49556 0
1741044118 49166 0
1741044120 49083 0
1741044122 49064 0
1741044124 48934 0
1741044126 48938 0
1741044128 48934 0
1741044130 49368 0
1741044132 49067 0
1741044134 49428 0
1741044136 49092 0
1741044138 49106 0
1741044140 49257 0
1741044142 48625 0
1741044144 49237 0
1741044146 49309 0
1741044148 49475 0
1741044150 49021 0
1741044152 49055 0
1741044154 49076 0
1741044156 48910 0
1741044158 49327 0
1741044160 49396 0
1741044162 49253 0
1741044164 49251 0
1741044166 49371 0
1741044168 49376 0
1741044170 49480 0
1741044172 49022 0
1741044174 49240 0
1741044176 49260 0
1741044178 49530 0
1741044180 49196 0
1741044182 48884 0
1741044184 49362 0
1741044186 49067 0
1741044188 48920 0
1741044190 49217 0
1741044192 48780 0
1741044194 49068 0
1741044196 49089 0
1741044198 49073 0
1741044200 49272 0
1741044202 48947 0
1741044204 48864 0
1741044206 49041 0
1741044208 48983 0
1741044210 49066 0
1741044212 49022 0
1741044214 49167 0
1741044216 48927 0
1741044218 48981 0
1741044220 49161 0
1741044222 49025 0
1741044224 48706 0
1741044226 48874 0
1741044228 49232 0
1741044230 49093 0
1741044232 48876 0
1741044234 49039 0
1741044236 48870 0
1741044238 49073 0
1741044240 49316 0
1741044242 49117 0
1741044244 48836 0
1741044246 48701 0
1741044248 49203 0
1741044250 49053 0
1741044252 49027 0
1741044254 48824 0
1741044256 49404 0
1741044258 49107 0
1741044260 49036 0
1741044262 48695 0
1741044264 49046 0
1741044266 49402 0
1741044269 49255 0
1741044271 48523 0
1741044273 48996 0
1741044275 48957 0
1741044277 49150 0
1741044279 49114 0
1741044281 49080 0
1741044283 49187 0
1741044285 49124 0
1741044287 49025 0
1741044289 49254 0
1741044291 49137 0
1741044293 49336 0
1741044295 49021 0
1741044297 49500 0
1741044299 49134 0
1741044301 49168 0
1741044303 49078 0
1741044305 48825 0
1741044307 49090 0
1741044309 49532 0
1741044311 49357 0
1741044313 49903 0
1741044315 49519 0
1741044317 49520 0
1741044319 49084 0
1741044321 49025 0
1741044323 49167 0
1741044325 49092 0
1741044327 49417 0
1741044329 49314 0
1741044331 49423 0
1741044333 49690 0
1741044335 49569 0
1741044337 49237 0
1741044339 49132 0
1741044341 49169 0
1741044343 50166 0
1741044345 50045 0
1741044347 49652 0
1741044349 50170 0
1741044351 49579 0
1741044353 49114 0
1741044355 49464 0
1741044357 49311 0
1741044359 49472 0
1741044361 49780 0
1741044363 49929 0
1741044365 50051 0
1741044367 50004 0
1741044369 49927 0
1741044371 49917 0
1741044373 50198 0
1741044375 50040 0
1741044377 49940 0
1741044379 50151 0
1741044381 50020 0
1741044383 49515 0
1741044385 49975 0
1741044387 49971 0
1741044389 49916 0
1741044391 49960 0
1741044393 50446 0
1741044395 50418 0
1741044397 50348 0
1741044399 50208 0
1741044401 50036 0
1741044403 50092 0
1741044405 50330 0
1741044407 50068 0
1741044409 50250 0
1741044411 49983 0
1741044413 50260 0
1741044415 49487 0
1741044417 49744 0
1741044419 49775 0
1741044421 49301 0
1741044423 49826 0
1741044425 50327 0
1741044427 50188 0
1741044429 49780 0
1741044431 50018 0
1741044433 49889 0
1741044435 49688 0
1741044437 49928 0
1741044439 49624 0
1741044441 50015 0
1741044443 50284 0
1741044445 50040 0
1741044447 49931 0
1741044449 50053 0
1741044451 49428 0
1741044453 50060 0
1741044455 49889 0
1741044457 50096 0
1741044459 49809 0
1741044461 49896 0
1741044463 49771 0
1741044465 50162 0
1741044467 49829 0
1741044469 49786 0
1741044471 49894 0
1741044473 49752 0
1741044475 49882 0
1741044477 49995 0
1741044479 49814 0
1741044481 49965 0
1741044483 49890 0
1741044485 50144 0
1741044487 49685 0
1741044489 49780 0
1741044491 49473 0
1741044493 49255 0
1741044495 49430 0
1741044497 49269 0
1741044499 49059 0
1741044501 48946 0
1741044503 48973 0
1741044505 48934 0
1741044507 49312 0
1741044509 49431 0
1741044511 49514 0
1741044513 49164 0
1741044515 48899 0
1741044517 49188 0
1741044519 48995 0
1741044521 49272 0
1741044523 48890 0
1741044525 49069 0
1741044527 49004 0
1741044529 49096 0
1741044531 49114 0
1741044533 49510 0
1741044535 49381 0
1741044537 49368 0
1741044539 49425 0
1741044541 49431 0
1741044543 49820 0
1741044545 49795 0
1741044548 49968 0
1741044550 50306 0
1741044552 49788 0
1741044554 49875 0
1741044556 49925 0
1741044558 49991 0
1741044560 49940 0
1741044562 49946 0
1741044564 50014 0
1741044566 49975 0
1741044568 49970 0
1741044570 50026 0
1741044572 50173 0
1741044574 50117 0
1741044576 49692 0
1741044578 50316 0
1741044580 49785 0
1741044582 49888 0
1741044584 50171 0
1741044586 50233 0
1741044588 50107 0
1741044590 50183 0
1741044592 50052 0
1741044594 50009 0
1741044596 49900 0
1741044598 49989 0
1741044600 49849 0
1741044602 49543 0
1741044604 49945 0
1741044606 50097 0
1741044608 49976 0
1741044610 50081 0
1741044612 50019 0
1741044614 50004 0
1741044616 50352 0
1741044618 50151 0
1741044620 50496 0
1741044622 49756 0
1741044624 50260 0
1741044626 50331 0
1741044628 50102 0
1741044630 50262 0
1741044632 50171 0
1741044634 50273 0
1741044636 49904 0
1741044638 49977 0
1741044640 50454 0
1741044642 50220 0
1741044644 50500 0
1741044646 50432 0
1741044648 50179 0
1741044650 50288 0
1741044652 50013 0
1741044654 49871 0
1741044656 50496 0
1741044658 50182 0
1741044660 50682 0
1741044662 49822 0
1741044664 50129 0
1741044666 50086 0
1741044668 50154 0
1741044670 50063 0
1741044672 49804 0
1741044674 49959 0
1741044676 49847 0
1741044678 50137 0
1741044680 49886 0
1741044682 49940 0
1741044684 50152 0
1741044686 50226 0
1741044688 49948 0
1741044690 50082 0
1741044692 49440 0
1741044694 50000 0
1741044696 50470 0
1741044698 50301 0
1741044700 49870 0
1741044702 49924 0
1741044704 49855 0
1741044706 49910 0
1741044708 49714 0
1741044710 49616 0
1741044712 50243 0
1741044714 50024 0
1741044716 50135 0
1741044718 49702 0
1741044720 49967 0
1741044722 49571 0
1741044724 50284 0
1741044726 49809 0
1741044728 49953 0
1741044730 50021 0
1741044732 49642 0
1741044734 49900 0
1741044736 50068 0
1741044738 49588 0
1741044740 49979 0
1741044742 50385 0
1741044744 50264 0
1741044746 49957 0
1741044748 49785 0
1741044750 50049 0
1741044752 49755 0
1741044754 50003 0
1741044756 50181 0
1741044758 49928 0
1741044760 49788 0
1741044762 50218 0
1741044764 49972 0
1741044766 50136 0
1741044768 50245 0
1741044770 50098 0
1741044772 50119 0
1741044774 50154 0
1741044776 49717 0
1741044778 49904 0
1741044780 50115 0
1741044782 50060 0
1741044784 49805 0
1741044786 49616 0
1741044788 49856 0
1741044790 49900 0
1741044792 50168 0
1741044794 49771 0
1741044796 49738 0
1741044798 50049 0
1741044800 49963 0
1741044802 49962 0
1741044804 50359 0
1741044806 49740 0
1741044808 49949 0
1741044810 49582 0
1741044812 49911 0
1741044814 50009 0
1741044816 49875 0
1741044818 49861 0
1741044820 49682 0
1741044822 49416 0
1741044825 49865 0
1741044827 50292 0
1741044829 49728 0
1741044831 50045 0
1741044833 49853 0
1741044835 50027 0
1741044837 49821 0
1741044839 49902 0
1741044841 49942 0
1741044843 49822 0
1741044845 49759 0
1741044847 50114 0
1741044849 49821 0
1741044851 50377 0
1741044853 49720 0
1741044855 50320 0
1741044857 49688 0
1741044859 50217 0
1741044861 49755 0
1741044863 49895 0
1741044865 49972 0
1741044867 50036 0
1741044869 49963 0
1741044871 50030 0
1741044873 49922 0
1741044875 50143 0
1741044877 49959 0
1741044879 49784 0
1741044881 50198 0
1741044883 49926 0
1741044885 50272 0
1741044887 49803 0
1741044889 49824 0
1741044891 49655 0
1741044893 50221 0
1741044895 50279 0
1741044897 49731 0
1741044899 49942 0
1741044901 50371 0
1741044903 50086 0
1741044905 50169 0
1741044907 49881 0
1741044909 50345 0
1741044911 50364 0
1741044913 50231 0
1741044915 50190 0
1741044917 50185 0
1741044919 49863 0
1741044921 50383 0
1741044923 50151 0
1741044925 50027 0
1741044927 49929 0
1741044929 49869 0
1741044931 50031 0
1741044933 49944 0
1741044935 50017 0
1741044937 50101 0
1741044939 50311 0
1741044941 50204 0
1741044943 50083 0
1741044945 49918 0
1741044947 50241 0
1741044949 50148 0
1741044951 50195 0
1741044953 49842 0
1741044955 49990 0
1741044957 50110 0
1741044959 50220 0
1741044961 50643 0
1741044963 50078 0
1741044965 49880 0
1741044967 50149 0
1741044969 50223 0
1741044971 50142 0
1741044973 50143 0
1741044975 50268 0
1741044977 50560 0
1741044979 50173 0
1741044981 50328 0
1741044983 50116 0
1741044985 50004 0
1741044987 50354 0
1741044989 49988 0
1741044991 50029 0
1741044993 50064 0
1741044995 49940 0
1741044997 50378 0
1741044999 50312 0
1741045001 50197 0
1741045003 50261 0
1741045005 50052 0
1741045007 50112 0
1741045009 50158 0
1741045011 50043 0
1741045013 50341 0
1741045015 50354 0
1741045017 50308 0
1741045019 49940 0
1741045021 50041 0
1741045023 50061 0
1741045025 49980 0
1741045027 49914 0
1741045029 49918 0
1741045031 50037 0
1741045033 49964 0
1741045035 50024 0
1741045037 50074 0
1741045039 49792 0
1741045041 50216 0
1741045043 49994 0
1741045045 50194 0
1741045047 50104 0
1741045049 50071 0
1741045051 49961 0
1741045053 50126 0
1741045055 49910 0
1741045057 49830 0
1741045059 49982 0
1741045061 49626 0
1741045063 50012 0
1741045065 49940 0
1741045067 49960 0
1741045069 50233 0
1741045071 49966 0
1741045073 49750 0
1741045075 49846 0
1741045077 49754 0
1741045079 49980 0
1741045081 49942 0
1741045083 49678 0
1741045085 49834 0
1741045087 49835 0
1741045089 49895 0
1741045091 50270 0
1741045093 49963 0
1741045095 49580 0
1741045097 49722 0
1741045099 50028 0
1741045101 49006 0
1741045104 48752 0
1741045106 49070 0
1741045108 49177 0
1741045110 49247 0
1741045112 49987 0
1741045114 49454 0
1741045116 49120 0
1741045118 50275 0
1741045120 50307 0
1741045122 50217 0
1741045124 50038 0
1741045126 49996 0
1741045128 50084 0
1741045130 49927 0
1741045132 50123 0
1741045134 50135 0
1741045136 49948 0
1741045138 50011 0
1741045140 50319 0
1741045142 50204 0
1741045144 49757 0
1741045146 50319 0
1741045148 50443 0
1741045150 50114 0
1741045152 49632 0
1741045154 49925 0
1741045156 48990 0
1741045158 50126 0
1741045160 50190 0
1741045162 49240 0
1741045164 48994 0
1741045166 48954 0
1741045168 50567 0
1741045170 50024 0
1741045172 50464 0
1741045174 50100 0
1741045176 49729 0
1741045178 50004 0
1741045180 50088 0
1741045182 50198 0
1741045184 49962 0
1741045186 48887 0
1741045188 49700 0
1741045190 49911 0
1741045192 50190 0
1741045194 49836 0
1741045196 49630 0
1741045198 49881 0
1741045200 49994 0
1741045202 49300 0
1741045204 49674 0
1741045206 50282 0
1741045208 49517 0
1741045210 50545 0
1741045212 50419 0
1741045214 50284 0
1741045216 49920 0
1741045218 49959 0
1741045220 50221 0
1741045222 49753 0
1741045224 50389 0
1741045226 49913 0
1741045228 50120 0
1741045230 49840 0
1741045232 49656 0
1741045234 49959 0
1741045236 50302 0
1741045238 50075 0
1741045240 50428 0
1741045242 50361 0
1741045244 50292 0
1741045246 49880 0
1741045248 50468 0
1741045250 49890 0
1741045252 49936 0
1741045254 49670 0
1741045256 50029 0
1741045258 50031 0
1741045260 50060 0
1741045262 50141 0
1741045264 49799 0
1741045266 50075 0
1741045268 49829 0
1741045270 49989 0
1741045272 49756 0
1741045274 49797 0
1741045276 49801 0
1741045278 49967 0
1741045280 49854 0
1741045282 50053 0
1741045284 50180 0
1741045286 50117 0
1741045288 49872 0
1741045290 49983 0
1741045292 50013 0
1741045294 49899 0
1741045296 50047 0
1741045298 50078 0
1741045300 49828 0
1741045302 49565 0
1741045304 49696 0
1741045306 50245 0
1741045308 50050 0
1741045310 49752 0
1741045312 49626 0
1741045314 49778 0
1741045316 49899 0
1741045318 49993 0
1741045320 50153 0
1741045322 49864 0
1741045324 50045 0
1741045326 49888 0
1741045328 49714 0
1741045330 49972 0
1741045332 49943 0
1741045334 50042 0
1741045336 50068 0
1741045338 50139 0
1741045340 50222 0
1741045342 49832 0
1741045344 49558 0
1741045346 49999 0
1741045348 49934 0
1741045350 49671 0
1741045352 49771 0
1741045354 49703 0
1741045356 50159 0
1741045358 50000 0
1741045360 50271 0
1741045362 49999 0
1741045364 49474 0
1741045366 50013 0
1741045368 49691 0
1741045370 49498 0
1741045372 49822 0
1741045374 49891 0
1741045376 49812 0
1741045378 49753 0
1741045381 50063 0
1741045383 49843 0
1741045385 49903 0
1741045387 49942 0
1741045389 49943 0
1741045391 49540 0
1741045393 50014 0
1741045395 50196 0
1741045397 49609 0
1741045399 49180 0
1741045401 50245 0
1741045403 49757 0
1741045405 50051 0
1741045407 50080 0
1741045409 49839 0
1741045411 49604 0
1741045413 50007 0
1741045415 49882 0
1741045417 49889 0
1741045419 49321 0
1741045421 48948 0
1741045423 49028 0
1741045425 48729 0
1741045427 49469 0
1741045429 48817 0
1741045431 48759 0
1741045433 48716 0
1741045435 49204 0
1741045437 48932 0
1741045439 48813 0
1741045441 49096 0
1741045443 48980 0
1741045445 48971 0
1741045447 48912 0
1741045449 48728 0
1741045451 48857 0
1741045453 49232 0
1741045455 49164 0
1741045457 49233 0
1741045459 49140 0
1741045461 49043 0
1741045463 49858 0
1741045465 48875 0
1741045467 48545 0
1741045469 49251 0
1741045471 49364 0
1741045473 48965 0
1741045475 48952 0
1741045477 49956 0
1741045479 49766 0
1741045481 49903 0
1741045483 49974 0
1741045485 50025 0
1741045487 49486 0
1741045489 49959 0
1741045491 50062 0
1741045493 49678 0
1741045495 50033 0
1741045497 49773 0
1741045499 50053 0
1741045501 50186 0
1741045503 50129 0
1741045505 50393 0
1741045507 50177 0
1741045509 50148 0
1741045511 50090 0
1741045513 49630 0
1741045515 49983 0
1741045517 49779 0
1741045519 50354 0
1741045521 50025 0
1741045523 49865 0
1741045525 50092 0
1741045527 49827 0
1741045529 50142 0
1741045531 49589 0
1741045533 50055 0
1741045535 50138 0
1741045537 50060 0
1741045539 50022 0
1741045541 50193 0
1741045543 49986 0
1741045545 50134 0
1741045547 50001 0
1741045549 49908 0
1741045551 49839 0
1741045553 49838 0
1741045555 49877 0
1741045557 49901 0
1741045559 50119 0
1741045561 49965 0
1741045563 49920 0
1741045565 50158 0
1741045567 50141 0
1741045569 50357 0
1741045571 50248 0
1741045573 50261 0
1741045575 50460 0
1741045577 50078 0
1741045579 50353 0
1741045581 49945 0
1741045583 50059 0
1741045585 50580 0
1741045587 50204 0
1741045589 50138 0
1741045591 50150 0
1741045593 49914 0
1741045595 50012 0
1741045597 50108 0
1741045599 49730 0
1741045601 49871 0
1741045603 50170 0
1741045605 49913 0
1741045607 50278 0
1741045609 50237 0
1741045611 50105 0
1741045613 50531 0
1741045615 49822 0
1741045617 49948 0
1741045619 49876 0
1741045621 49940 0
1741045623 49794 0
1741045625 49247 0
1741045627 49182 0
1741045629 48937 0
1741045631 49324 0
1741045633 49013 0
1741045635 48977 0
1741045637 49177 0
1741045639 49065 0
1741045641 49787 0
1741045643 49698 0
1741045645 50040 0
1741045647 50102 0
1741045649 50010 0
1741045651 50382 0
1741045653 49941 0
1741045655 49695 0
1741045657 49788 0
1741045659 49687 0
1741045661 49848 0
1741045663 49923 0
1741045665 49971 0
1741045667 50172 0
1741045669 50129 0
1741045672 49983 0
1741045674 49992 0
1741045676 49829 0
1741045678 49775 0
1741045680 50171 0
1741045682 49770 0
1741045684 50235 0
1741045686 49875 0
1741045688 50243 0
1741045690 49559 0
1741045692 49869 0
1741045694 50013 0
1741045696 49938 0
1741045698 49832 0
1741045700 49622 0
1741045702 49839 0
1741045704 49953 0
1741045706 49904 0
1741045708 50127 0
1741045710 50080 0
1741045712 50108 0
1741045714 50134 0
1741045716 49904 0
1741045718 50256 0
1741045720 49909 0
1741045722 50007 0
1741045724 50203 0
1741045726 49791 0
1741045728 50537 0
1741045730 50394 0
1741045732 49787 0
1741045734 50390 0
1741045736 50253 0
1741045738 50273 0
1741045740 49948 0
1741045742 49978 0
1741045744 50019 0
1741045746 49576 0
1741045748 49898 0
1741045750 49859 0
1741045752 50199 0
1741045754 50328 0
1741045756 49961 0
1741045758 49930 0
1741045760 49783 0
1741045762 50165 0
1741045764 50122 0
1741045766 50405 0
1741045768 49994 0
1741045770 49961 0
1741045772 49818 0
1741045774 49864 0
1741045776 49868 0
1741045778 49546 0
1741045780 50040 0
1741045782 50087 0
1741045784 50172 0
1741045786 49987 0
1741045788 50108 0
1741045790 49989 0
1741045792 50118 0
1741045794 49879 0
1741045796 50083 0
1741045798 49678 0
1741045800 50109 0
1741045802 50126 0
1741045804 49953 0
1741045806 49867 0
1741045808 50096 0
1741045810 50182 0
1741045812 50477 0
1741045814 50158 0
1741045816 50003 0
1741045818 50331 0
1741045820 50153 0
1741045822 50088 0
1741045824 49773 0
1741045826 50138 0
1741045828 50410 0
1741045830 50326 0
1741045832 49921 0
1741045834 50401 0
1741045836 50559 0
1741045838 49890 0
1741045840 50349 0
1741045842 50344 0
1741045844 49996 0
1741045846 50150 0
1741045848 50064 0
1741045850 50052 0
1741045852 50042 0
1741045854 49994 0
1741045856 49669 0
1741045858 50170 0
1741045860 50129 0
1741045862 49942 0
1741045864 50280 0
1741045866 50211 0
1741045868 49619 0
1741045870 50007 0
1741045872 50268 0
1741045874 50056 0
1741045876 50528 0
1741045878 49876 0
1741045880 49816 0
1741045882 50208 0
1741045884 50203 0
1741045886 50112 0
1741045888 50215 0
1741045890 49838 0
1741045892 50162 0
1741045894 49720 0
1741045896 50183 0
1741045898 49639 0
1741045900 50188 0
1741045902 49773 0
1741045904 50037 0
1741045906 50006 0
1741045908 50032 0
1741045910 50036 0
1741045912 50220 0
1741045914 50077 0
1741045916 49966 0
1741045918 50095 0
1741045920 49873 0
1741045922 50047 0
1741045924 49806 0
1741045926 50064 0
1741045928 49714 0
1741045930 49843 0
1741045932 49920 0
1741045934 50171 0
1741045936 50223 0
1741045938 49842 0
1741045940 49724 0
1741045942 50173 0
1741045944 50428 0
1741045946 49978 0
1741045948 49878 0
1741045950 49729 0
1741045952 49784 0
1741045954 49029 0
1741045956 49150 0
1741045958 49120 0
1741045960 49204 0
1741045962 49233 0
1741045965 49439 0
1741045967 48643 0
1741045969 49063 0
1741045971 49164 0
1741045973 49164 0
1741045975 49054 0
1741045977 49087 0
1741045979 48983 0
1741045981 49118 0
1741045983 48999 0
1741045985 48914 0
1741045987 49226 0
1741045989 49116 0
1741045991 48791 0
1741045993 49097 0
1741045995 48966 0
1741045997 49206 0
1741045999 50283 0
1741046001 50092 0
1741046003 50144 0
1741046005 49664 0
1741046007 49814 0
1741046009 49994 0
1741046011 50205 0
1741046013 49869 0
1741046015 49819 0
1741046017 50029 0
1741046019 49754 0
1741046021 50326 0
1741046023 50276 0
1741046025 50222 0
1741046027 50044 0
1741046029 49967 0
1741046031 49912 0
1741046033 49993 0
1741046035 50043 0
1741046037 50459 0
1741046039 50208 0
1741046041 50334 0
1741046043 49969 0
1741046045 50077 0
1741046047 49832 0
1741046049 50269 0
1741046051 50402 0
1741046053 50360 0
1741046055 49909 0
1741046057 49853 0
1741046059 50202 0
1741046061 50480 0
1741046063 50092 0
1741046065 50305 0
1741046067 49767 0
1741046069 50363 0
1741046071 50345 0
1741046073 50177 0
1741046075 50067 0
1741046077 50313 0
1741046079 50274 0
1741046081 50182 0
1741046083 50061 0
1741046085 50242 0
1741046087 49942 0
1741046089 49988 0
1741046091 50323 0
1741046093 50314 0
1741046095 50155 0
1741046097 49955 0
1741046099 50521 0
1741046101 50180 0
1741046103 49865 0
1741046105 50014 0
1741046107 50304 0
1741046109 50472 0
1741046111 50457 0
1741046113 49880 0
1741046115 50463 0
1741046117 50214 0
1741046119 50373 0
1741046121 49997 0
1741046123 50100 0
1741046125 49942 0
1741046127 50154 0
1741046129 50447 0
1741046131 49840 0
1741046133 50159 0
1741046135 50408 0
1741046137 50717 0
1741046139 50180 0
1741046141 50347 0
1741046143 50294 0
1741046145 50199 0
1741046147 50059 0
1741046149 50218 0
1741046151 50160 0
1741046153 50236 0
1741046155 50617 0
1741046157 49946 0
1741046159 50104 0
1741046161 49772 0
1741046163 50189 0
1741046165 50348 0
1741046167 49897 0
1741046169 50009 0
1741046171 49966 0
1741046173 50195 0
1741046175 50375 0
1741046177 50229 0
1741046179 50180 0
1741046181 50073 0
1741046183 50395 0
1741046185 50155 0
1741046187 50294 0
1741046189 50127 0
1741046191 50012 0
1741046193 49846 0
1741046195 50476 0
1741046197 50145 0
1741046199 50601 0
1741046201 50384 0
1741046203 50146 0
1741046205 49928 0
1741046207 49966 0
1741046209 49907 0
1741046211 50305 0
1741046213 50254 0
1741046215 50315 0
1741046217 50340 0
1741046219 50110 0
1741046221 50241 0
1741046223 49859 0
1741046225 50049 0
1741046227 50183 0
1741046229 49566 0
1741046231 49283 0
1741046233 49196 0
1741046235 49151 0
1741046237 48960 0
1741046239 49285 0
1741046241 49144 0
1741046244 49121 0
1741046246 48978 0
1741046248 49072 0
1741046250 49308 0
1741046252 49300 0
1741046254 49255 0
1741046256 49982 0
1741046258 49955 0
1741046260 50106 0
1741046262 50236 0
1741046264 49787 0
1741046266 50100 0
1741046268 50013 0
1741046270 49874 0
1741046272 50053 0
1741046274 49845 0
1741046276 49917 0
1741046278 49899 0
1741046280 50033 0
1741046282 49923 0
1741046284 49946 0
1741046286 50063 0
1741046288 49883 0
1741046290 49676 0
1741046292 49864 0
1741046294 50104 0
1741046296 50104 0
1741046298 50099 0
1741046300 49844 0
1741046302 49908 0
1741046304 49943 0
1741046306 50135 0
1741046308 49505 0
1741046310 49993 0
1741046312 50244 0
1741046314 49983 0
1741046316 50143 0
1741046318 50339 0
1741046320 50402 0
1741046322 50187 0
1741046324 49890 0
1741046326 50310 0
1741046328 50233 0
1741046330 50061 0
1741046332 50561 0
1741046334 50301 0
1741046336 49698 0
1741046338 50054 0
1741046340 48968 0
1741046342 48954 0
1741046344 49622 0
1741046346 49143 0
1741046348 49036 0
1741046350 49083 0
1741046352 49013 0
1741046354 48904 0
1741046356 49340 0
1741046358 49261 0
1741046360 49051 0
1741046362 49174 0
1741046364 48978 0
1741046366 49188 0
1741046368 49189 0
1741046370 49092 0
1741046372 49057 0
1741046374 49131 0
1741046376 49076 0
1741046378 49134 0
1741046380 48919 0
1741046382 49281 0
1741046384 48989 0
1741046386 48880 0
1741046388 49321 0
1741046390 49211 0
1741046392 48988 0
1741046394 49080 0
1741046396 48930 0
1741046398 49310 0
1741046400 48724 0
1741046402 49098 0
